Z,A,n,state,full_binding_eV,ideal_binding_eV
1,1,6,P10,-70.2398,-70.2398
1,1,6,P11,-70.2398,-70.2398
1,1,7,Q12,-51.6048,-51.6048
1,1,7,Q13,-51.6048,-51.6048
1,1,8,R14,-39.5099,-39.5099
1,1,8,R15,-39.5099,-39.5099
1,2,6,P10,-73.9789,-73.9789
1,2,6,P11,-73.9789,-73.9789
1,2,7,Q12,-54.3518,-54.3518
1,2,7,Q13,-54.3518,-54.3518
1,2,8,R14,-41.6131,-41.6131
1,2,8,R15,-41.6131,-41.6131
1,3,6,P10,-75.3128,-75.3128
1,3,6,P11,-75.3128,-75.3128
1,3,7,Q12,-55.3318,-55.3318
1,3,7,Q13,-55.3318,-55.3318
1,3,8,R14,-42.3634,-42.3634
1,3,8,R15,-42.3634,-42.3634
2,3,6,P10,-301.252,-301.252
2,3,6,P11,-301.251,-301.251
2,3,7,Q12,-221.328,-221.328
2,3,7,Q13,-221.327,-221.327
2,3,8,R14,-169.454,-169.454
2,3,8,R15,-169.454,-169.454
2,4,6,P10,-303.967,-303.967
2,4,6,P11,-303.967,-303.967
2,4,7,Q12,-223.323,-223.323
2,4,7,Q13,-223.323,-223.323
2,4,8,R14,-170.981,-170.981
2,4,8,R15,-170.981,-170.981
2,6,6,P10,-306.8,-306.8
2,6,6,P11,-306.799,-306.799
2,6,7,Q12,-225.404,-225.404
2,6,7,Q13,-225.403,-225.403
2,6,8,R14,-172.575,-172.575
2,6,8,R15,-172.574,-172.574
2,8,6,P10,,-308.23
2,8,6,P11,,-308.229
2,8,7,Q12,,-226.454
2,8,7,Q13,,-226.454
2,8,8,R14,,
2,8,8,R15,,
3,6,6,P10,-690.294,-690.294
3,6,6,P11,-690.292,-690.292
3,6,7,Q12,-507.153,-507.153
3,6,7,Q13,-507.153,-507.153
3,6,8,R14,-388.289,-388.289
3,6,8,R15,-388.289,-388.289
3,7,6,P10,-692.121,-692.121
3,7,6,P11,-692.119,-692.119
3,7,7,Q12,-508.496,-508.496
3,7,7,Q13,-508.495,-508.495
3,7,8,R14,-389.317,-389.317
3,7,8,R15,-389.316,-389.316
3,8,6,P10,-693.505,-693.505
3,8,6,P11,-693.503,-693.503
3,8,7,Q12,-509.513,-509.513
3,8,7,Q13,-509.512,-509.512
3,8,8,R14,-390.096,-390.096
3,8,8,R15,-390.095,-390.095
3,9,6,P10,-694.583,-694.583
3,9,6,P11,-694.581,-694.581
3,9,7,Q12,-510.305,-510.305
3,9,7,Q13,-510.304,-510.304
3,9,8,R14,-390.702,-390.702
3,9,8,R15,-390.701,-390.701
3,11,6,P10,-696.16,-696.16
3,11,6,P11,-696.159,-696.159
3,11,7,Q12,-511.464,-511.464
3,11,7,Q13,-511.463,-511.463
3,11,8,R14,-391.589,-391.589
3,11,8,R15,-391.589,-391.589
4,7,6,P10,-1230.45,-1230.45
4,7,6,P11,-1230.44,-1230.44
4,7,7,Q12,-903.998,-903.998
4,7,7,Q13,-903.995,-903.995
4,7,8,R14,-692.122,-692.122
4,7,8,R15,-692.121,-692.121
4,9,6,P10,-1234.79,-1234.79
4,9,6,P11,-1234.79,-1234.79
4,9,7,Q12,-907.193,-907.193
4,9,7,Q13,-907.19,-907.19
4,9,8,R14,-694.568,-694.568
4,9,8,R15,-694.567,-694.567
4,10,6,P10,-1236.33,-1236.33
4,10,6,P11,-1236.33,-1236.33
4,10,7,Q12,-908.322,-908.322
4,10,7,Q13,-908.319,-908.319
4,10,8,R14,-695.433,-695.433
4,10,8,R15,-695.431,-695.431
4,11,6,P10,-1237.6,-1237.6
4,11,6,P11,-1237.59,-1237.59
4,11,7,Q12,-909.253,-909.253
4,11,7,Q13,-909.251,-909.251
4,11,8,R14,-696.146,-696.146
4,11,8,R15,-696.144,-696.144
5,10,6,P10,-1931.78,-1931.78
5,10,6,P11,-1931.76,-1931.76
5,10,7,Q12,-1419.26,-1419.26
5,10,7,Q13,-1419.25,-1419.25
5,10,8,R14,-1086.62,-1086.62
5,10,8,R15,-1086.61,-1086.61
5,11,6,P10,-1933.74,-1933.74
5,11,6,P11,-1933.72,-1933.72
5,11,7,Q12,-1420.7,-1420.7
5,11,7,Q13,-1420.69,-1420.69
5,11,8,R14,-1087.72,-1087.72
5,11,8,R15,-1087.72,-1087.72
6,12,6,P10,-2786.95,-2786.95
6,12,6,P11,-2786.92,-2786.92
6,12,7,Q12,-2047.54,-2047.54
6,12,7,Q13,-2047.53,-2047.53
6,12,8,R14,-1567.64,-1567.64
6,12,8,R15,-1567.63,-1567.63
6,13,6,P10,-2788.97,-2788.96
6,13,6,P11,-2788.94,-2788.94
6,13,7,Q12,-2049.02,-2049.02
6,13,7,Q13,-2049.01,-2049.01
6,13,8,R14,-1568.77,-1568.77
6,13,8,R15,-1568.77,-1568.77
6,14,6,P10,-2790.69,-2790.69
6,14,6,P11,-2790.66,-2790.66
6,14,7,Q12,-2050.29,-2050.29
6,14,7,Q13,-2050.27,-2050.27
6,14,8,R14,-1569.74,-1569.74
6,14,8,R15,-1569.74,-1569.74
7,14,6,P10,-3798.48,-3798.47
7,14,6,P11,-3798.42,-3798.41
7,14,7,Q12,-2790.68,-2790.68
7,14,7,Q13,-2790.66,-2790.66
7,14,8,R14,-2136.6,-2136.6
7,14,8,R15,-2136.59,-2136.59
7,15,6,P10,-3800.51,-3800.5
7,15,6,P11,-3800.45,-3800.44
7,15,7,Q12,-2792.17,-2792.17
7,15,7,Q13,-2792.15,-2792.15
7,15,8,R14,-2137.75,-2137.75
7,15,8,R15,-2137.73,-2137.73
8,16,6,P10,-4966.3,-4966.28
8,16,6,P11,-4966.21,-4966.19
8,16,7,Q12,-3648.65,-3648.65
8,16,7,Q13,-3648.61,-3648.61
8,16,8,R14,-2793.47,-2793.47
8,16,8,R15,-2793.45,-2793.45
8,17,6,P10,-4968.37,-4968.35
8,17,6,P11,-4968.27,-4968.26
8,17,7,Q12,-3650.17,-3650.17
8,17,7,Q13,-3650.13,-3650.13
8,17,8,R14,-2794.64,-2794.64
8,17,8,R15,-2794.62,-2794.62
8,18,6,P10,-4970.2,-4970.18
8,18,6,P11,-4970.1,-4970.09
8,18,7,Q12,-3651.51,-3651.51
8,18,7,Q13,-3651.47,-3651.47
8,18,8,R14,-2795.67,-2795.67
8,18,8,R15,-2795.65,-2795.65
9,19,6,P10,-6292.57,-6292.53
9,19,6,P11,-6292.42,-6292.38
9,19,7,Q12,-4623.01,-4623
9,19,7,Q13,-4622.94,-4622.94
9,19,8,R14,-3539.45,-3539.45
9,19,8,R15,-3539.42,-3539.42
10,17,6,P10,-7763.36,-7763.29
10,17,6,P11,-7763.13,-7763.06
10,17,7,Q12,-5703.53,-5703.52
10,17,7,Q13,-5703.43,-5703.42
10,17,8,R14,-4366.7,-4366.7
10,17,8,R15,-4366.65,-4366.65
10,18,6,P10,-7766.18,-7766.11
10,18,6,P11,-7765.95,-7765.88
10,18,7,Q12,-5705.6,-5705.59
10,18,7,Q13,-5705.5,-5705.49
10,18,8,R14,-4368.29,-4368.29
10,18,8,R15,-4368.24,-4368.24
10,19,6,P10,-7768.73,-7768.66
10,19,6,P11,-7768.5,-7768.43
10,19,7,Q12,-5707.48,-5707.47
10,19,7,Q13,-5707.37,-5707.36
10,19,8,R14,-4369.73,-4369.72
10,19,8,R15,-4369.67,-4369.67
10,20,6,P10,-7771.02,-7770.95
10,20,6,P11,-7770.79,-7770.72
10,20,7,Q12,-5709.16,-5709.15
10,20,7,Q13,-5709.05,-5709.04
10,20,8,R14,-4371.01,-4371.01
10,20,8,R15,-4370.96,-4370.96
10,21,6,P10,-7773.11,-7773.04
10,21,6,P11,-7772.88,-7772.81
10,21,7,Q12,-5710.69,-5710.68
10,21,7,Q13,-5710.59,-5710.58
10,21,8,R14,-4372.19,-4372.19
10,21,8,R15,-4372.14,-4372.13
10,22,6,P10,-7775,-7774.93
10,22,6,P11,-7774.77,-7774.7
10,22,7,Q12,-5712.09,-5712.07
10,22,7,Q13,-5711.98,-5711.97
10,22,8,R14,-4373.25,-4373.25
10,22,8,R15,-4373.2,-4373.2
10,23,6,P10,-7776.75,-7776.67
10,23,6,P11,-7776.52,-7776.44
10,23,7,Q12,-5713.36,-5713.35
10,23,7,Q13,-5713.26,-5713.25
10,23,8,R14,-4374.23,-4374.23
10,23,8,R15,-4374.18,-4374.18
10,24,6,P10,-7778.34,-7778.26
10,24,6,P11,-7778.11,-7778.03
10,24,7,Q12,-5714.53,-5714.52
10,24,7,Q13,-5714.43,-5714.42
10,24,8,R14,-4375.13,-4375.13
10,24,8,R15,-4375.07,-4375.07
10,25,6,P10,-7779.81,-7779.74
10,25,6,P11,-7779.58,-7779.5
10,25,7,Q12,-5715.61,-5715.6
10,25,7,Q13,-5715.51,-5715.5
10,25,8,R14,-4375.95,-4375.95
10,25,8,R15,-4375.9,-4375.9
10,26,6,P10,-7781.16,-7781.09
10,26,6,P11,-7780.93,-7780.86
10,26,7,Q12,-5716.61,-5716.6
10,26,7,Q13,-5716.5,-5716.49
10,26,8,R14,-4376.72,-4376.72
10,26,8,R15,-4376.66,-4376.66
10,28,6,P10,-7783.59,-7783.52
10,28,6,P11,-7783.36,-7783.29
10,28,7,Q12,-5718.39,-5718.38
10,28,7,Q13,-5718.29,-5718.28
10,28,8,R14,-4378.08,-4378.08
10,28,8,R15,-4378.03,-4378.03
11,20,6,P10,-9403.14,-9403.02
11,20,6,P11,-9402.8,-9402.68
11,20,7,Q12,-6908.18,-6908.16
11,20,7,Q13,-6908.03,-6908.01
11,20,8,R14,-5288.98,-5288.98
11,20,8,R15,-5288.91,-5288.9
11,21,6,P10,-9405.64,-9405.52
11,21,6,P11,-9405.31,-9405.18
11,21,7,Q12,-6910.02,-6910
11,21,7,Q13,-6909.87,-6909.85
11,21,8,R14,-5290.39,-5290.39
11,21,8,R15,-5290.31,-5290.31
11,22,6,P10,-9407.93,-9407.81
11,22,6,P11,-9407.6,-9407.47
11,22,7,Q12,-6911.7,-6911.68
11,22,7,Q13,-6911.55,-6911.53
11,22,8,R14,-5291.68,-5291.68
11,22,8,R15,-5291.6,-5291.6
11,23,6,P10,-9410.02,-9409.9
11,23,6,P11,-9409.69,-9409.56
11,23,7,Q12,-6913.24,-6913.22
11,23,7,Q13,-6913.09,-6913.07
11,23,8,R14,-5292.85,-5292.85
11,23,8,R15,-5292.78,-5292.77
11,24,6,P10,-9411.95,-9411.83
11,24,6,P11,-9411.62,-9411.49
11,24,7,Q12,-6914.65,-6914.63
11,24,7,Q13,-6914.5,-6914.48
11,24,8,R14,-5293.94,-5293.94
11,24,8,R15,-5293.86,-5293.86
11,25,6,P10,-9413.72,-9413.6
11,25,6,P11,-9413.39,-9413.26
11,25,7,Q12,-6915.95,-6915.93
11,25,7,Q13,-6915.8,-6915.78
11,25,8,R14,-5294.93,-5294.93
11,25,8,R15,-5294.86,-5294.86
11,26,6,P10,-9415.36,-9415.24
11,26,6,P11,-9415.03,-9414.9
11,26,7,Q12,-6917.16,-6917.14
11,26,7,Q13,-6917.01,-6916.99
11,26,8,R14,-5295.86,-5295.85
11,26,8,R15,-5295.78,-5295.78
11,27,6,P10,-9416.88,-9416.76
11,27,6,P11,-9416.55,-9416.42
11,27,7,Q12,-6918.28,-6918.26
11,27,7,Q13,-6918.12,-6918.1
11,27,8,R14,-5296.71,-5296.71
11,27,8,R15,-5296.64,-5296.63
11,28,6,P10,-9418.3,-9418.17
11,28,6,P11,-9417.96,-9417.83
11,28,7,Q12,-6919.31,-6919.29
11,28,7,Q13,-6919.16,-6919.14
11,28,8,R14,-5297.51,-5297.5
11,28,8,R15,-5297.43,-5297.43
11,29,6,P10,-9419.61,-9419.49
11,29,6,P11,-9419.28,-9419.15
11,29,7,Q12,-6920.28,-6920.26
11,29,7,Q13,-6920.13,-6920.11
11,29,8,R14,-5298.25,-5298.24
11,29,8,R15,-5298.17,-5298.17
11,30,6,P10,-9420.84,-9420.72
11,30,6,P11,-9420.51,-9420.38
11,30,7,Q12,-6921.19,-6921.16
11,30,7,Q13,-6921.03,-6921.01
11,30,8,R14,-5298.94,-5298.94
11,30,8,R15,-5298.86,-5298.86
11,31,6,P10,-9421.99,-9421.87
11,31,6,P11,-9421.65,-9421.53
11,31,7,Q12,-6922.03,-6922.01
11,31,7,Q13,-6921.88,-6921.86
11,31,8,R14,-5299.59,-5299.58
11,31,8,R15,-5299.51,-5299.51
12,24,6,P10,-11201.2,-11201
12,24,6,P11,-11200.7,-11200.5
12,24,7,Q12,-8229.1,-8229.06
12,24,7,Q13,-8228.88,-8228.85
12,24,8,R14,-6300.27,-6300.26
12,24,8,R15,-6300.16,-6300.15
12,25,6,P10,-11203.3,-11203.1
12,25,6,P11,-11202.9,-11202.6
12,25,7,Q12,-8230.65,-8230.61
12,25,7,Q13,-8230.44,-8230.4
12,25,8,R14,-6301.45,-6301.45
12,25,8,R15,-6301.35,-6301.34
12,26,6,P10,-11205.3,-11205.1
12,26,6,P11,-11204.8,-11204.6
12,26,7,Q12,-8232.08,-8232.04
12,26,7,Q13,-8231.86,-8231.83
12,26,8,R14,-6302.55,-6302.54
12,26,8,R15,-6302.44,-6302.43
13,27,6,P10,-13153.1,-13152.7
13,27,6,P11,-13152.4,-13152.1
13,27,7,Q12,-9662.94,-9662.88
13,27,7,Q13,-9662.65,-9662.58
13,27,8,R14,-7397.99,-7397.98
13,27,8,R15,-7397.85,-7397.84
14,28,6,P10,-15257.1,-15256.6
14,28,6,P11,-15256.2,-15255.7
14,28,7,Q12,-11208.6,-11208.5
14,28,7,Q13,-11208.2,-11208.1
14,28,8,R14,-8581.28,-8581.26
14,28,8,R15,-8581.08,-8581.06
14,29,6,P10,-15259.2,-15258.7
14,29,6,P11,-15258.3,-15257.8
14,29,7,Q12,-11210.1,-11210
14,29,7,Q13,-11209.7,-11209.6
14,29,8,R14,-8582.48,-8582.46
14,29,8,R15,-8582.28,-8582.26
14,30,6,P10,-15261.2,-15260.7
14,30,6,P11,-15260.3,-15259.8
14,30,7,Q12,-11211.6,-11211.5
14,30,7,Q13,-11211.2,-11211.1
14,30,8,R14,-8583.59,-8583.57
14,30,8,R15,-8583.39,-8583.37
15,31,6,P10,-17521.8,-17521.1
15,31,6,P11,-17520.7,-17520
15,31,7,Q12,-12872.2,-12872.1
15,31,7,Q13,-12871.7,-12871.5
15,31,8,R14,-9854.92,-9854.88
15,31,8,R15,-9854.65,-9854.62
16,32,6,P10,-19938.8,-19937.8
16,32,6,P11,-19937.3,-19936.3
16,32,7,Q12,-14647.6,-14647.4
16,32,7,Q13,-14647,-14646.7
16,32,8,R14,-11214.1,-11214.1
16,32,8,R15,-11213.8,-11213.7
16,34,6,P10,-19943,-19942
16,34,6,P11,-19941.5,-19940.5
16,34,7,Q12,-14650.7,-14650.5
16,34,7,Q13,-14650,-14649.8
16,34,8,R14,-11216.4,-11216.4
16,34,8,R15,-11216.1,-11216
16,36,6,P10,-19946.7,-19945.7
16,36,6,P11,-19945.1,-19944.2
16,36,7,Q12,-14653.4,-14653.2
16,36,7,Q13,-14652.7,-14652.5
16,36,8,R14,-11218.5,-11218.5
16,36,8,R15,-11218.2,-11218.1
17,35,6,P10,-22516.6,-22515.3
17,35,6,P11,-22514.7,-22513.3
17,35,7,Q12,-16541.1,-16540.8
17,35,7,Q13,-16540.3,-16539.9
17,35,8,R14,-12663.7,-12663.6
17,35,8,R15,-12663.2,-12663.2
17,37,6,P10,-22520.5,-22519.2
17,37,6,P11,-22518.6,-22517.3
17,37,7,Q12,-16544,-16543.7
17,37,7,Q13,-16543.2,-16542.8
17,37,8,R14,-12665.9,-12665.8
17,37,8,R15,-12665.4,-12665.4
18,32,6,P10,-25236.8,-25235
18,32,6,P11,-25234.4,-25232.6
18,32,7,Q12,-18539.2,-18538.7
18,32,7,Q13,-18538.1,-18537.7
18,32,8,R14,-14193.3,-14193.2
18,32,8,R15,-14192.7,-14192.6
18,33,6,P10,-25239.5,-25237.7
18,33,6,P11,-25237.1,-25235.3
18,33,7,Q12,-18541.2,-18540.7
18,33,7,Q13,-18540.1,-18539.6
18,33,8,R14,-14194.8,-14194.7
18,33,8,R15,-14194.2,-14194.1
18,34,6,P10,-25242,-25240.2
18,34,6,P11,-25239.6,-25237.8
18,34,7,Q12,-18543,-18542.6
18,34,7,Q13,-18541.9,-18541.5
18,34,8,R14,-14196.2,-14196.1
18,34,8,R15,-14195.6,-14195.5
18,35,6,P10,-25244.4,-25242.6
18,35,6,P11,-25242,-25240.2
18,35,7,Q12,-18544.8,-18544.3
18,35,7,Q13,-18543.7,-18543.2
18,35,8,R14,-14197.5,-14197.4
18,35,8,R15,-14197,-14196.9
18,36,6,P10,-25246.7,-25244.9
18,36,6,P11,-25244.2,-25242.5
18,36,7,Q12,-18546.4,-18546
18,36,7,Q13,-18545.3,-18544.9
18,36,8,R14,-14198.8,-14198.7
18,36,8,R15,-14198.2,-14198.1
18,37,6,P10,-25248.8,-25247
18,37,6,P11,-25246.4,-25244.6
18,37,7,Q12,-18548,-18547.6
18,37,7,Q13,-18546.9,-18546.5
18,37,8,R14,-14200,-14199.9
18,37,8,R15,-14199.5,-14199.3
18,38,6,P10,-25250.8,-25249.1
18,38,6,P11,-25248.4,-25246.6
18,38,7,Q12,-18549.5,-18549
18,38,7,Q13,-18548.4,-18548
18,38,8,R14,-14201.1,-14201
18,38,8,R15,-14200.6,-14200.5
18,39,6,P10,-25252.8,-25251
18,39,6,P11,-25250.4,-25248.6
18,39,7,Q12,-18550.9,-18550.5
18,39,7,Q13,-18549.8,-18549.4
18,39,8,R14,-14202.2,-14202.1
18,39,8,R15,-14201.7,-14201.6
18,40,6,P10,-25254.6,-25252.8
18,40,6,P11,-25252.2,-25250.4
18,40,7,Q12,-18552.3,-18551.8
18,40,7,Q13,-18551.2,-18550.7
18,40,8,R14,-14203.3,-14203.1
18,40,8,R15,-14202.7,-14202.6
18,41,6,P10,-25256.4,-25254.6
18,41,6,P11,-25253.9,-25252.1
18,41,7,Q12,-18553.5,-18553.1
18,41,7,Q13,-18552.5,-18552
18,41,8,R14,-14204.2,-14204.1
18,41,8,R15,-14203.7,-14203.6
18,42,6,P10,-25258,-25256.2
18,42,6,P11,-25255.6,-25253.8
18,42,7,Q12,-18554.8,-18554.3
18,42,7,Q13,-18553.7,-18553.2
18,42,8,R14,-14205.2,-14205.1
18,42,8,R15,-14204.6,-14204.5
18,43,6,P10,-25259.6,-25257.8
18,43,6,P11,-25257.2,-25255.4
18,43,7,Q12,-18555.9,-18555.5
18,43,7,Q13,-18554.8,-18554.4
18,43,8,R14,-14206.1,-14206
18,43,8,R15,-14205.5,-14205.4
18,44,6,P10,-25261.1,-25259.3
18,44,6,P11,-25258.7,-25256.9
18,44,7,Q12,-18557,-18556.6
18,44,7,Q13,-18555.9,-18555.5
18,44,8,R14,-14206.9,-14206.8
18,44,8,R15,-14206.4,-14206.3
18,46,6,P10,-25264,-25262.2
18,46,6,P11,-25261.5,-25259.7
18,46,7,Q12,-18559.1,-18558.7
18,46,7,Q13,-18558,-18557.6
18,46,8,R14,-14208.5,-14208.4
18,46,8,R15,-14208,-14207.9
19,38,6,P10,-28135.5,-28133.1
19,38,6,P11,-28132.5,-28130.1
19,38,7,Q12,-20668.3,-20667.7
19,38,7,Q13,-20666.9,-20666.3
19,38,8,R14,-15823.1,-15823
19,38,8,R15,-15822.4,-15822.3
19,39,6,P10,-28137.6,-28135.3
19,39,6,P11,-28134.6,-28132.3
19,39,7,Q12,-20669.8,-20669.2
19,39,7,Q13,-20668.5,-20667.9
19,39,8,R14,-15824.3,-15824.2
19,39,8,R15,-15823.6,-15823.5
19,40,6,P10,-28139.7,-28137.3
19,40,6,P11,-28136.6,-28134.3
19,40,7,Q12,-20671.3,-20670.7
19,40,7,Q13,-20670,-20669.4
19,40,8,R14,-15825.5,-15825.3
19,40,8,R15,-15824.8,-15824.6
19,41,6,P10,-28141.6,-28139.3
19,41,6,P11,-28138.6,-28136.3
19,41,7,Q12,-20672.8,-20672.2
19,41,7,Q13,-20671.4,-20670.8
19,41,8,R14,-15826.5,-15826.4
19,41,8,R15,-15825.9,-15825.7
19,42,6,P10,-28143.4,-28141.1
19,42,6,P11,-28140.4,-28138.1
19,42,7,Q12,-20674.1,-20673.5
19,42,7,Q13,-20672.8,-20672.2
19,42,8,R14,-15827.6,-15827.4
19,42,8,R15,-15826.9,-15826.8
19,43,6,P10,-28145.2,-28142.9
19,43,6,P11,-28142.2,-28139.9
19,43,7,Q12,-20675.4,-20674.8
19,43,7,Q13,-20674.1,-20673.5
19,43,8,R14,-15828.6,-15828.4
19,43,8,R15,-15827.9,-15827.8
19,44,6,P10,-28146.9,-28144.6
19,44,6,P11,-28143.9,-28141.6
19,44,7,Q12,-20676.7,-20676.1
19,44,7,Q13,-20675.3,-20674.7
19,44,8,R14,-15829.5,-15829.4
19,44,8,R15,-15828.9,-15828.7
19,45,6,P10,-28148.5,-28146.2
19,45,6,P11,-28145.5,-28143.2
19,45,7,Q12,-20677.8,-20677.2
19,45,7,Q13,-20676.5,-20675.9
19,45,8,R14,-15830.4,-15830.3
19,45,8,R15,-15829.8,-15829.6
19,46,6,P10,-28150.1,-28147.7
19,46,6,P11,-28147,-28144.7
19,46,7,Q12,-20679,-20678.4
19,46,7,Q13,-20677.6,-20677
19,46,8,R14,-15831.3,-15831.2
19,46,8,R15,-15830.6,-15830.5
19,47,6,P10,-28151.5,-28149.2
19,47,6,P11,-28148.5,-28146.2
19,47,7,Q12,-20680.1,-20679.5
19,47,7,Q13,-20678.7,-20678.1
19,47,8,R14,-15832.1,-15832
19,47,8,R15,-15831.5,-15831.3
20,39,6,P10,-31178.6,-31175.6
20,39,6,P11,-31174.9,-31172
20,39,7,Q12,-22903.4,-22902.6
20,39,7,Q13,-22901.7,-22900.9
20,39,8,R14,-17534.1,-17533.9
20,39,8,R15,-17533.3,-17533.1
20,40,6,P10,-31180.9,-31177.9
20,40,6,P11,-31177.2,-31174.2
20,40,7,Q12,-22905.1,-22904.3
20,40,7,Q13,-22903.4,-22902.6
20,40,8,R14,-17535.4,-17535.2
20,40,8,R15,-17534.6,-17534.4
20,41,6,P10,-31183,-31180
20,41,6,P11,-31179.3,-31176.4
20,41,7,Q12,-22906.6,-22905.8
20,41,7,Q13,-22905,-22904.2
20,41,8,R14,-17536.6,-17536.4
20,41,8,R15,-17535.8,-17535.6
20,42,6,P10,-31185.1,-31182.1
20,42,6,P11,-31181.4,-31178.4
20,42,7,Q12,-22908.1,-22907.3
20,42,7,Q13,-22906.5,-22905.7
20,42,8,R14,-17537.8,-17537.5
20,42,8,R15,-17536.9,-17536.7
20,43,6,P10,-31187,-31184.1
20,43,6,P11,-31183.3,-31180.4
20,43,7,Q12,-22909.6,-22908.8
20,43,7,Q13,-22907.9,-22907.1
20,43,8,R14,-17538.9,-17538.7
20,43,8,R15,-17538,-17537.8
20,44,6,P10,-31188.9,-31185.9
20,44,6,P11,-31185.2,-31182.2
20,44,7,Q12,-22910.9,-22910.1
20,44,7,Q13,-22909.3,-22908.5
20,44,8,R14,-17539.9,-17539.7
20,44,8,R15,-17539.1,-17538.9
20,45,6,P10,-31190.7,-31187.7
20,45,6,P11,-31187,-31184
20,45,7,Q12,-22912.3,-22911.5
20,45,7,Q13,-22910.6,-22909.8
20,45,8,R14,-17540.9,-17540.7
20,45,8,R15,-17540.1,-17539.9
20,46,6,P10,-31192.4,-31189.4
20,46,6,P11,-31188.7,-31185.7
20,46,7,Q12,-22913.5,-22912.7
20,46,7,Q13,-22911.9,-22911.1
20,46,8,R14,-17541.9,-17541.7
20,46,8,R15,-17541,-17540.8
20,47,6,P10,-31194,-31191
20,47,6,P11,-31190.3,-31187.3
20,47,7,Q12,-22914.7,-22913.9
20,47,7,Q13,-22913.1,-22912.3
20,47,8,R14,-17542.8,-17542.6
20,47,8,R15,-17542,-17541.7
20,48,6,P10,-31195.6,-31192.6
20,48,6,P11,-31191.9,-31188.9
20,48,7,Q12,-22915.9,-22915.1
20,48,7,Q13,-22914.2,-22913.4
20,48,8,R14,-17543.7,-17543.5
20,48,8,R15,-17542.8,-17542.6
20,50,6,P10,-31198.6,-31195.6
20,50,6,P11,-31194.9,-31191.9
20,50,7,Q12,-22918,-22917.2
20,50,7,Q13,-22916.4,-22915.6
20,50,8,R14,-17545.3,-17545.1
20,50,8,R15,-17544.5,-17544.3
21,42,6,P10,-34383,-34379.2
21,42,6,P11,-34378.5,-34374.7
21,42,7,Q12,-25256.9,-25255.8
21,42,7,Q13,-25254.8,-25253.8
21,42,8,R14,-19335.7,-19335.4
21,42,8,R15,-19334.7,-19334.4
21,43,6,P10,-34385.1,-34381.4
21,43,6,P11,-34380.6,-34376.9
21,43,7,Q12,-25258.4,-25257.4
21,43,7,Q13,-25256.4,-25255.4
21,43,8,R14,-19336.9,-19336.6
21,43,8,R15,-19335.9,-19335.6
21,44,6,P10,-34387.2,-34383.4
21,44,6,P11,-34382.7,-34378.9
21,44,7,Q12,-25259.9,-25258.9
21,44,7,Q13,-25257.9,-25256.9
21,44,8,R14,-19338.1,-19337.8
21,44,8,R15,-19337,-19336.8
21,45,6,P10,-34389.1,-34385.4
21,45,6,P11,-34384.6,-34380.9
21,45,7,Q12,-25261.4,-25260.4
21,45,7,Q13,-25259.4,-25258.3
21,45,8,R14,-19339.2,-19338.9
21,45,8,R15,-19338.2,-19337.9
21,46,6,P10,-34391,-34387.3
21,46,6,P11,-34386.5,-34382.8
21,46,7,Q12,-25262.8,-25261.7
21,46,7,Q13,-25260.8,-25259.7
21,46,8,R14,-19340.2,-19339.9
21,46,8,R15,-19339.2,-19338.9
22,44,6,P10,-37741.7,-37737.1
22,44,6,P11,-37736.3,-37731.7
22,44,7,Q12,-27723.7,-27722.3
22,44,7,Q13,-27721.2,-27719.9
22,44,8,R14,-21224,-21223.6
22,44,8,R15,-21222.8,-21222.4
22,45,6,P10,-37743.9,-37739.2
22,45,6,P11,-37738.5,-37733.8
22,45,7,Q12,-27725.2,-27723.9
22,45,7,Q13,-27722.8,-27721.5
22,45,8,R14,-21225.2,-21224.8
22,45,8,R15,-21224,-21223.6
22,46,6,P10,-37746,-37741.3
22,46,6,P11,-37740.5,-37735.9
22,46,7,Q12,-27726.8,-27725.4
22,46,7,Q13,-27724.3,-27723
22,46,8,R14,-21226.4,-21226
22,46,8,R15,-21225.1,-21224.8
22,47,6,P10,-37747.9,-37743.3
22,47,6,P11,-37742.5,-37737.9
22,47,7,Q12,-27728.2,-27726.9
22,47,7,Q13,-27725.8,-27724.5
22,47,8,R14,-21227.5,-21227.1
22,47,8,R15,-21226.3,-21225.9
22,48,6,P10,-37749.8,-37745.2
22,48,6,P11,-37744.4,-37739.7
22,48,7,Q12,-27729.6,-27728.3
22,48,7,Q13,-27727.2,-27725.8
22,48,8,R14,-21228.5,-21228.2
22,48,8,R15,-21227.3,-21226.9
22,49,6,P10,-37751.6,-37747
22,49,6,P11,-37746.2,-37741.6
22,49,7,Q12,-27730.9,-27729.6
22,49,7,Q13,-27728.5,-27727.2
22,49,8,R14,-21229.6,-21229.2
22,49,8,R15,-21228.3,-21228
22,50,6,P10,-37753.4,-37748.7
22,50,6,P11,-37748,-37743.3
22,50,7,Q12,-27732.2,-27730.9
22,50,7,Q13,-27729.8,-27728.5
22,50,8,R14,-21230.5,-21230.2
22,50,8,R15,-21229.3,-21228.9
23,51,6,P10,-41267.2,-41261.5
23,51,6,P11,-41260.7,-41255
23,51,7,Q12,-30312.8,-30311.1
23,51,7,Q13,-30309.9,-30308.2
23,51,8,R14,-23205.9,-23205.4
23,51,8,R15,-23204.4,-23204
24,50,6,P10,-44933.8,-44926.8
24,50,6,P11,-44926.1,-44919.2
24,50,7,Q12,-33005.5,-33003.4
24,50,7,Q13,-33002.1,-33000
24,50,8,R14,-25267,-25266.4
24,50,8,R15,-25265.3,-25264.7
24,52,6,P10,-44937.7,-44930.8
24,52,6,P11,-44930,-44923.1
24,52,7,Q12,-33008.4,-33006.3
24,52,7,Q13,-33004.9,-33002.9
24,52,8,R14,-25269.2,-25268.6
24,52,8,R15,-25267.5,-25266.9
24,53,6,P10,-44939.6,-44932.6
24,53,6,P11,-44931.9,-44924.9
24,53,7,Q12,-33009.7,-33007.7
24,53,7,Q13,-33006.3,-33004.2
24,53,8,R14,-25270.3,-25269.7
24,53,8,R15,-25268.5,-25267.9
24,54,6,P10,-44941.3,-44934.4
24,54,6,P11,-44933.7,-44926.7
24,54,7,Q12,-33011,-33009
24,54,7,Q13,-33007.6,-33005.5
24,54,8,R14,-25271.3,-25270.7
24,54,8,R15,-25269.5,-25268.9
25,50,6,P10,-48758.7,-48750.4
25,50,6,P11,-48749.7,-48741.3
25,50,7,Q12,-35814.4,-35811.8
25,50,7,Q13,-35810.3,-35807.8
25,50,8,R14,-27417,-27416.3
25,50,8,R15,-27415,-27414.2
25,51,6,P10,-48760.8,-48752.5
25,51,6,P11,-48751.8,-48743.5
25,51,7,Q12,-35815.9,-35813.4
25,51,7,Q13,-35811.9,-35809.4
25,51,8,R14,-27418.2,-27417.5
25,51,8,R15,-27416.2,-27415.4
25,52,6,P10,-48762.9,-48754.6
25,52,6,P11,-48753.9,-48745.6
25,52,7,Q12,-35817.5,-35814.9
25,52,7,Q13,-35813.4,-35810.9
25,52,8,R14,-27419.4,-27418.6
25,52,8,R15,-27417.4,-27416.6
25,53,6,P10,-48764.9,-48756.6
25,53,6,P11,-48755.9,-48747.6
25,53,7,Q12,-35818.9,-35816.4
25,53,7,Q13,-35814.9,-35812.3
25,53,8,R14,-27420.5,-27419.8
25,53,8,R15,-27418.5,-27417.7
25,54,6,P10,-48766.9,-48758.5
25,54,6,P11,-48757.8,-48749.5
25,54,7,Q12,-35820.4,-35817.8
25,54,7,Q13,-35816.3,-35813.8
25,54,8,R14,-27421.6,-27420.9
25,54,8,R15,-27419.6,-27418.8
25,55,6,P10,-48768.7,-48760.4
25,55,6,P11,-48759.7,-48751.4
25,55,7,Q12,-35821.7,-35819.2
25,55,7,Q13,-35817.7,-35815.1
25,55,8,R14,-27422.7,-27421.9
25,55,8,R15,-27420.6,-27419.9
25,56,6,P10,-48770.5,-48762.2
25,56,6,P11,-48761.5,-48753.2
25,56,7,Q12,-35823,-35820.5
25,56,7,Q13,-35819,-35816.4
25,56,8,R14,-27423.7,-27422.9
25,56,8,R15,-27421.6,-27420.9
26,54,6,P10,-52748.9,-52739
26,54,6,P11,-52738.3,-52728.5
26,54,7,Q12,-38744.5,-38741.4
26,54,7,Q13,-38739.8,-38736.7
26,54,8,R14,-29659.9,-29658.9
26,54,8,R15,-29657.5,-29656.5
26,56,6,P10,-52752.9,-52743
26,56,6,P11,-52742.3,-52732.4
26,56,7,Q12,-38747.4,-38744.3
26,56,7,Q13,-38742.7,-38739.6
26,56,8,R14,-29662.1,-29661.1
26,56,8,R15,-29659.7,-29658.7
26,57,6,P10,-52754.7,-52744.8
26,57,6,P11,-52744.2,-52734.3
26,57,7,Q12,-38748.8,-38745.7
26,57,7,Q13,-38744.1,-38741
26,57,8,R14,-29663.1,-29662.2
26,57,8,R15,-29660.7,-29659.8
26,58,6,P10,-52756.6,-52746.6
26,58,6,P11,-52746,-52736.1
26,58,7,Q12,-38750.1,-38747.1
26,58,7,Q13,-38745.4,-38742.3
26,58,8,R14,-29664.1,-29663.2
26,58,8,R15,-29661.8,-29660.8
27,59,6,P10,-56897.7,-56886
27,59,6,P11,-56885.4,-56873.7
27,59,7,Q12,-41791,-41787.3
27,59,7,Q13,-41785.5,-41781.8
27,59,8,R14,-31991.6,-31990.5
27,59,8,R15,-31988.9,-31987.7
28,58,6,P10,-61191.7,-61178
28,58,6,P11,-61177.5,-61163.8
28,58,7,Q12,-44944,-44939.6
28,58,7,Q13,-44937.6,-44933.2
28,58,8,R14,-34404.9,-34403.5
28,58,8,R15,-34401.7,-34400.3
28,60,6,P10,-61195.7,-61182
28,60,6,P11,-61181.4,-61167.8
28,60,7,Q12,-44946.9,-44942.5
28,60,7,Q13,-44940.6,-44936.2
28,60,8,R14,-34407.2,-34405.7
28,60,8,R15,-34404,-34402.5
28,61,6,P10,-61197.6,-61183.9
28,61,6,P11,-61183.3,-61169.7
28,61,7,Q12,-44948.3,-44943.9
28,61,7,Q13,-44942,-44937.5
28,61,8,R14,-34408.2,-34406.8
28,61,8,R15,-34405,-34403.6
28,62,6,P10,-61199.4,-61185.7
28,62,6,P11,-61185.2,-61171.5
28,62,7,Q12,-44949.7,-44945.3
28,62,7,Q13,-44943.3,-44938.9
28,62,8,R14,-34409.3,-34407.8
28,62,8,R15,-34406,-34404.6
28,64,6,P10,-61202.9,-61189.2
28,64,6,P11,-61188.7,-61175
28,64,7,Q12,-44952.3,-44947.8
28,64,7,Q13,-44945.9,-44941.5
28,64,8,R14,-34411.2,-34409.8
28,64,8,R15,-34408,-34406.6
29,63,6,P10,-65654.5,-65638.6
29,63,6,P11,-65638.1,-65622.2
29,63,7,Q12,-48220.8,-48215.6
29,63,7,Q13,-48213.5,-48208.3
29,63,8,R14,-36912.9,-36911.2
29,63,8,R15,-36909.2,-36907.5
29,65,6,P10,-65658.1,-65642.2
29,65,6,P11,-65641.7,-65625.9
29,65,7,Q12,-48223.5,-48218.3
29,65,7,Q13,-48216.2,-48211
29,65,8,R14,-36914.9,-36913.2
29,65,8,R15,-36911.3,-36909.5
30,64,6,P10,-70266.5,-70248.2
30,64,6,P11,-70247.7,-70229.5
30,64,7,Q12,-51607.1,-51601
30,64,7,Q13,-51598.7,-51592.6
30,64,8,R14,-39504.6,-39502.5
30,64,8,R15,-39500.4,-39498.3
30,66,6,P10,-70270.3,-70251.9
30,66,6,P11,-70251.5,-70233.2
30,66,7,Q12,-51609.9,-51603.8
30,66,7,Q13,-51601.5,-51595.4
30,66,8,R14,-39506.7,-39504.7
30,66,8,R15,-39502.5,-39500.4
30,67,6,P10,-70272.1,-70253.8
30,67,6,P11,-70253.3,-70235
30,67,7,Q12,-51611.2,-51605.1
30,67,7,Q13,-51602.8,-51596.7
30,67,8,R14,-39507.7,-39505.7
30,67,8,R15,-39503.5,-39501.4
30,68,6,P10,-70273.8,-70255.5
30,68,6,P11,-70255.1,-70236.8
30,68,7,Q12,-51612.5,-51606.4
30,68,7,Q13,-51604.1,-51598
30,68,8,R14,-39508.7,-39506.7
30,68,8,R15,-39504.5,-39502.4
30,70,6,P10,-70277.2,-70258.8
30,70,6,P11,-70258.4,-70240.1
30,70,7,Q12,-51615,-51608.8
30,70,7,Q13,-51606.5,-51600.4
30,70,8,R14,-39510.6,-39508.5
30,70,8,R15,-39506.4,-39504.3
31,69,6,P10,-75043.1,-75022.1
31,69,6,P11,-75021.8,-75000.8
31,69,7,Q12,-55114.1,-55107
31,69,7,Q13,-55104.5,-55097.4
31,69,8,R14,-42188.6,-42186.2
31,69,8,R15,-42183.8,-42181.4
31,71,6,P10,-75046.6,-75025.6
31,71,6,P11,-75025.2,-75004.3
31,71,7,Q12,-55116.7,-55109.6
31,71,7,Q13,-55107.1,-55100
31,71,8,R14,-42190.6,-42188.1
31,71,8,R15,-42185.8,-42183.3
32,70,6,P10,-79969.5,-79945.6
32,70,6,P11,-79945.2,-79921.3
32,70,7,Q12,-58730.9,-58722.7
32,70,7,Q13,-58720,-58711.8
32,70,8,R14,-44956.6,-44953.8
32,70,8,R15,-44951.1,-44948.3
32,72,6,P10,-79973.1,-79949.2
32,72,6,P11,-79948.8,-79924.9
32,72,7,Q12,-58733.6,-58725.3
32,72,7,Q13,-58722.7,-58714.4
32,72,8,R14,-44958.6,-44955.8
32,72,8,R15,-44953.2,-44950.3
32,73,6,P10,-79974.9,-79950.9
32,73,6,P11,-79950.6,-79926.6
32,73,7,Q12,-58734.9,-58726.6
32,73,7,Q13,-58723.9,-58715.7
32,73,8,R14,-44959.6,-44956.8
32,73,8,R15,-44954.1,-44951.3
32,74,6,P10,-79976.5,-79952.6
32,74,6,P11,-79952.2,-79928.3
32,74,7,Q12,-58736.1,-58727.8
32,74,7,Q13,-58725.2,-58716.9
32,74,8,R14,-44960.6,-44957.7
32,74,8,R15,-44955.1,-44952.2
32,76,6,P10,-79979.8,-79955.8
32,76,6,P11,-79955.5,-79931.5
32,76,7,Q12,-58738.5,-58730.2
32,76,7,Q13,-58727.5,-58719.3
32,76,8,R14,-44962.4,-44959.5
32,76,8,R15,-44956.9,-44954
33,75,6,P10,-85060.3,-85033.1
33,75,6,P11,-85032.8,-85005.7
33,75,7,Q12,-62468.3,-62458.8
33,75,7,Q13,-62455.9,-62446.5
33,75,8,R14,-47816.8,-47813.5
33,75,8,R15,-47810.6,-47807.3
34,74,6,P10,-90297.6,-90266.9
34,74,6,P11,-90266.6,-90236
34,74,7,Q12,-66313,-66302.2
34,74,7,Q13,-66299.1,-66288.3
34,74,8,R14,-50759.1,-50755.2
34,74,8,R15,-50752.1,-50748.2
34,76,6,P10,-90301.2,-90270.5
34,76,6,P11,-90270.3,-90239.6
34,76,7,Q12,-66315.7,-66304.9
34,76,7,Q13,-66301.8,-66291
34,76,8,R14,-50761.1,-50757.3
34,76,8,R15,-50754.2,-50750.3
34,77,6,P10,-90303,-90272.3
34,77,6,P11,-90272,-90241.4
34,77,7,Q12,-66317,-66306.2
34,77,7,Q13,-66303.1,-66292.3
34,77,8,R14,-50762.1,-50758.3
34,77,8,R15,-50755.1,-50751.3
34,78,6,P10,-90304.7,-90274
34,78,6,P11,-90273.7,-90243.1
34,78,7,Q12,-66318.3,-66307.4
34,78,7,Q13,-66304.4,-66293.5
34,78,8,R14,-50763.1,-50759.2
34,78,8,R15,-50756.1,-50752.2
34,80,6,P10,-90308,-90277.3
34,80,6,P11,-90277,-90246.4
34,80,7,Q12,-66320.7,-66309.8
34,80,7,Q13,-66306.8,-66295.9
34,80,8,R14,-50764.9,-50761.1
34,80,8,R15,-50757.9,-50754.1
34,82,6,P10,-90311.1,-90280.4
34,82,6,P11,-90280.1,-90249.5
34,82,7,Q12,-66323,-66312.1
34,82,7,Q13,-66309.1,-66298.2
34,82,8,R14,-50766.7,-50762.8
34,82,8,R15,-50759.7,-50755.8
35,79,6,P10,-95703,-95668.5
35,79,6,P11,-95668.2,-95633.8
35,79,7,Q12,-70281.1,-70268.7
35,79,7,Q13,-70265.4,-70253.1
35,79,8,R14,-53795.6,-53791.2
35,79,8,R15,-53787.8,-53783.3
35,81,6,P10,-95706.4,-95671.9
35,81,6,P11,-95671.6,-95637.2
35,81,7,Q12,-70283.5,-70271.2
35,81,7,Q13,-70267.9,-70255.6
35,81,8,R14,-53797.5,-53793.1
35,81,8,R15,-53789.7,-53785.2
36,72,6,P10,-101243,-101204
36,72,6,P11,-101204,-101165
36,72,7,Q12,-74347.5,-74333.5
36,72,7,Q13,-74330,-74316
36,72,8,R14,-56907.4,-56902.3
36,72,8,R15,-56898.6,-56893.5
36,74,6,P10,-101247,-101208
36,74,6,P11,-101208,-101169
36,74,7,Q12,-74350.6,-74336.6
36,74,7,Q13,-74333.1,-74319.1
36,74,8,R14,-56909.8,-56904.7
36,74,8,R15,-56901,-56895.9
36,75,6,P10,-101249,-101210
36,75,6,P11,-101210,-101172
36,75,7,Q12,-74352.1,-74338.1
36,75,7,Q13,-74334.6,-74320.7
36,75,8,R14,-56911,-56905.8
36,75,8,R15,-56902.2,-56897.1
36,76,6,P10,-101251,-101212
36,76,6,P11,-101212,-101174
36,76,7,Q12,-74353.6,-74339.6
36,76,7,Q13,-74336.1,-74322.1
36,76,8,R14,-56912.1,-56907
36,76,8,R15,-56903.3,-56898.2
36,77,6,P10,-101253,-101214
36,77,6,P11,-101214,-101176
36,77,7,Q12,-74355,-74341
36,77,7,Q13,-74337.6,-74323.6
36,77,8,R14,-56913.2,-56908.1
36,77,8,R15,-56904.4,-56899.3
36,78,6,P10,-101255,-101216
36,78,6,P11,-101216,-101177
36,78,7,Q12,-74356.4,-74342.4
36,78,7,Q13,-74339,-74325
36,78,8,R14,-56914.3,-56909.1
36,78,8,R15,-56905.5,-56900.4
36,79,6,P10,-101257,-101218
36,79,6,P11,-101218,-101179
36,79,7,Q12,-74357.8,-74343.8
36,79,7,Q13,-74340.3,-74326.3
36,79,8,R14,-56915.3,-56910.2
36,79,8,R15,-56906.5,-56901.4
36,80,6,P10,-101259,-101220
36,80,6,P11,-101220,-101181
36,80,7,Q12,-74359.1,-74345.1
36,80,7,Q13,-74341.6,-74327.7
36,80,8,R14,-56916.3,-56911.2
36,80,8,R15,-56907.5,-56902.4
36,81,6,P10,-101260,-101222
36,81,6,P11,-101221,-101183
36,81,7,Q12,-74360.4,-74346.4
36,81,7,Q13,-74343,-74329
36,81,8,R14,-56917.3,-56912.2
36,81,8,R15,-56908.5,-56903.4
36,82,6,P10,-101262,-101223
36,82,6,P11,-101223,-101185
36,82,7,Q12,-74361.7,-74347.7
36,82,7,Q13,-74344.2,-74330.2
36,82,8,R14,-56918.3,-56913.2
36,82,8,R15,-56909.5,-56904.4
36,83,6,P10,-101264,-101225
36,83,6,P11,-101225,-101186
36,83,7,Q12,-74363,-74348.9
36,83,7,Q13,-74345.5,-74331.5
36,83,8,R14,-56919.2,-56914.1
36,83,8,R15,-56910.5,-56905.3
36,84,6,P10,-101265,-101227
36,84,6,P11,-101226,-101188
36,84,7,Q12,-74364.2,-74350.2
36,84,7,Q13,-74346.7,-74332.7
36,84,8,R14,-56920.2,-56915
36,84,8,R15,-56911.4,-56906.3
36,85,6,P10,-101267,-101228
36,85,6,P11,-101228,-101190
36,85,7,Q12,-74365.3,-74351.3
36,85,7,Q13,-74347.9,-74333.9
36,85,8,R14,-56921.1,-56915.9
36,85,8,R15,-56912.3,-56907.2
36,86,6,P10,-101269,-101230
36,86,6,P11,-101230,-101191
36,86,7,Q12,-74366.5,-74352.5
36,86,7,Q13,-74349,-74335
36,86,8,R14,-56922,-56916.8
36,86,8,R15,-56913.2,-56908
36,87,6,P10,-101270,-101232
36,87,6,P11,-101231,-101193
36,87,7,Q12,-74367.6,-74353.6
36,87,7,Q13,-74350.1,-74336.2
36,87,8,R14,-56922.8,-56917.7
36,87,8,R15,-56914,-56908.9
36,88,6,P10,-101272,-101233
36,88,6,P11,-101233,-101194
36,88,7,Q12,-74368.7,-74354.7
36,88,7,Q13,-74351.2,-74337.3
36,88,8,R14,-56923.7,-56918.5
36,88,8,R15,-56914.9,-56909.8
36,89,6,P10,-101273,-101234
36,89,6,P11,-101234,-101196
36,89,7,Q12,-74369.8,-74355.8
36,89,7,Q13,-74352.3,-74338.3
36,89,8,R14,-56924.5,-56919.4
36,89,8,R15,-56915.7,-56910.6
36,90,6,P10,-101275,-101236
36,90,6,P11,-101236,-101197
36,90,7,Q12,-74370.9,-74356.9
36,90,7,Q13,-74353.4,-74339.4
36,90,8,R14,-56925.3,-56920.2
36,90,8,R15,-56916.5,-56911.4
36,91,6,P10,-101276,-101237
36,91,6,P11,-101237,-101198
36,91,7,Q12,-74371.9,-74357.9
36,91,7,Q13,-74354.4,-74340.4
36,91,8,R14,-56926.1,-56921
36,91,8,R15,-56917.3,-56912.2
36,92,6,P10,-101277,-101239
36,92,6,P11,-101238,-101200
36,92,7,Q12,-74372.9,-74358.9
36,92,7,Q13,-74355.4,-74341.4
36,92,8,R14,-56926.9,-56921.7
36,92,8,R15,-56918.1,-56913
36,93,6,P10,-101279,-101240
36,93,6,P11,-101240,-101201
36,93,7,Q12,-74373.9,-74359.9
36,93,7,Q13,-74356.4,-74342.4
36,93,8,R14,-56927.6,-56922.5
36,93,8,R15,-56918.8,-56913.7
36,94,6,P10,-101280,-101241
36,94,6,P11,-101241,-101203
36,94,7,Q12,-74374.9,-74360.9
36,94,7,Q13,-74357.4,-74343.4
36,94,8,R14,-56928.4,-56923.2
36,94,8,R15,-56919.6,-56914.5
36,95,6,P10,-101281,-101243
36,95,6,P11,-101242,-101204
36,95,7,Q12,-74375.8,-74361.8
36,95,7,Q13,-74358.3,-74344.3
36,95,8,R14,-56929.1,-56924
36,95,8,R15,-56920.3,-56915.2
36,96,6,P10,-101283,-101244
36,96,6,P11,-101244,-101205
36,96,7,Q12,-74376.8,-74362.7
36,96,7,Q13,-74359.3,-74345.3
36,96,8,R14,-56929.8,-56924.7
36,96,8,R15,-56921,-56915.9
37,76,6,P10,-106962,-106919
37,76,6,P11,-106918,-106875
37,76,7,Q12,-78545.3,-78529.6
37,76,7,Q13,-78525.8,-78510.1
37,76,8,R14,-60119.7,-60113.8
37,76,8,R15,-60109.9,-60104
37,77,6,P10,-106964,-106921
37,77,6,P11,-106920,-106877
37,77,7,Q12,-78546.9,-78531.1
37,77,7,Q13,-78527.3,-78511.6
37,77,8,R14,-60120.8,-60115
37,77,8,R15,-60111,-60105.2
37,78,6,P10,-106966,-106923
37,78,6,P11,-106922,-106879
37,78,7,Q12,-78548.3,-78532.5
37,78,7,Q13,-78528.8,-78513.1
37,78,8,R14,-60122,-60116.1
37,78,8,R15,-60112.2,-60106.3
37,79,6,P10,-106968,-106925
37,79,6,P11,-106924,-106881
37,79,7,Q12,-78549.8,-78534
37,79,7,Q13,-78530.3,-78514.5
37,79,8,R14,-60123.1,-60117.2
37,79,8,R15,-60113.3,-60107.4
37,80,6,P10,-106970,-106927
37,80,6,P11,-106926,-106883
37,80,7,Q12,-78551.2,-78535.4
37,80,7,Q13,-78531.7,-78515.9
37,80,8,R14,-60124.1,-60118.3
37,80,8,R15,-60114.3,-60108.5
37,81,6,P10,-106971,-106928
37,81,6,P11,-106928,-106885
37,81,7,Q12,-78552.6,-78536.8
37,81,7,Q13,-78533,-78517.3
37,81,8,R14,-60125.2,-60119.3
37,81,8,R15,-60115.4,-60109.5
37,82,6,P10,-106973,-106930
37,82,6,P11,-106930,-106887
37,82,7,Q12,-78553.9,-78538.1
37,82,7,Q13,-78534.4,-78518.6
37,82,8,R14,-60126.2,-60120.4
37,82,8,R15,-60116.4,-60110.6
37,83,6,P10,-106975,-106932
37,83,6,P11,-106932,-106889
37,83,7,Q12,-78555.2,-78539.4
37,83,7,Q13,-78535.7,-78519.9
37,83,8,R14,-60127.2,-60121.4
37,83,8,R15,-60117.4,-60111.6
37,84,6,P10,-106977,-106934
37,84,6,P11,-106933,-106890
37,84,7,Q12,-78556.5,-78540.7
37,84,7,Q13,-78537,-78521.2
37,84,8,R14,-60128.2,-60122.3
37,84,8,R15,-60118.4,-60112.5
37,85,6,P10,-106979,-106936
37,85,6,P11,-106935,-106892
37,85,7,Q12,-78557.7,-78541.9
37,85,7,Q13,-78538.2,-78522.4
37,85,8,R14,-60129.1,-60123.3
37,85,8,R15,-60119.3,-60113.5
37,86,6,P10,-106980,-106937
37,86,6,P11,-106937,-106894
37,86,7,Q12,-78559,-78543.2
37,86,7,Q13,-78539.4,-78523.7
37,86,8,R14,-60130.1,-60124.2
37,86,8,R15,-60120.3,-60114.4
37,87,6,P10,-106982,-106939
37,87,6,P11,-106938,-106895
37,87,7,Q12,-78560.1,-78544.3
37,87,7,Q13,-78540.6,-78524.9
37,87,8,R14,-60131,-60125.1
37,87,8,R15,-60121.2,-60115.3
37,88,6,P10,-106983,-106940
37,88,6,P11,-106940,-106897
37,88,7,Q12,-78561.3,-78545.5
37,88,7,Q13,-78541.8,-78526
37,88,8,R14,-60131.9,-60126
37,88,8,R15,-60122.1,-60116.2
37,89,6,P10,-106985,-106942
37,89,6,P11,-106941,-106899
37,89,7,Q12,-78562.5,-78546.6
37,89,7,Q13,-78542.9,-78527.2
37,89,8,R14,-60132.8,-60126.9
37,89,8,R15,-60123,-60117.1
37,90,6,P10,-106986,-106943
37,90,6,P11,-106943,-106900
37,90,7,Q12,-78563.6,-78547.8
37,90,7,Q13,-78544,-78528.3
37,90,8,R14,-60133.6,-60127.8
37,90,8,R15,-60123.8,-60118
37,91,6,P10,-106988,-106945
37,91,6,P11,-106944,-106902
37,91,7,Q12,-78564.7,-78548.9
37,91,7,Q13,-78545.1,-78529.4
37,91,8,R14,-60134.5,-60128.6
37,91,8,R15,-60124.7,-60118.8
37,92,6,P10,-106989,-106946
37,92,6,P11,-106946,-106903
37,92,7,Q12,-78565.7,-78549.9
37,92,7,Q13,-78546.2,-78530.4
37,92,8,R14,-60135.3,-60129.4
37,92,8,R15,-60125.5,-60119.6
37,93,6,P10,-106991,-106948
37,93,6,P11,-106947,-106904
37,93,7,Q12,-78566.8,-78551
37,93,7,Q13,-78547.3,-78531.5
37,93,8,R14,-60136.1,-60130.2
37,93,8,R15,-60126.3,-60120.4
37,94,6,P10,-106992,-106949
37,94,6,P11,-106949,-106906
37,94,7,Q12,-78567.8,-78552
37,94,7,Q13,-78548.3,-78532.5
37,94,8,R14,-60136.9,-60131
37,94,8,R15,-60127.1,-60121.2
37,95,6,P10,-106994,-106951
37,95,6,P11,-106950,-106907
37,95,7,Q12,-78568.8,-78553
37,95,7,Q13,-78549.3,-78533.5
37,95,8,R14,-60137.6,-60131.8
37,95,8,R15,-60127.8,-60122
37,96,6,P10,-106995,-106952
37,96,6,P11,-106951,-106909
37,96,7,Q12,-78569.8,-78554
37,96,7,Q13,-78550.3,-78534.5
37,96,8,R14,-60138.4,-60132.5
37,96,8,R15,-60128.6,-60122.7
37,97,6,P10,-106996,-106953
37,97,6,P11,-106953,-106910
37,97,7,Q12,-78570.8,-78554.9
37,97,7,Q13,-78551.2,-78535.4
37,97,8,R14,-60139.1,-60133.2
37,97,8,R15,-60129.3,-60123.4
37,98,6,P10,-106998,-106954
37,98,6,P11,-106954,-106911
37,98,7,Q12,-78571.7,-78555.9
37,98,7,Q13,-78552.2,-78536.4
37,98,8,R14,-60139.8,-60134
37,98,8,R15,-60130,-60124.2
38,77,6,P10,-112832,-112784
38,77,6,P11,-112783,-112736
38,77,7,Q12,-82853.9,-82836.2
38,77,7,Q13,-82832.2,-82814.5
38,77,8,R14,-63416.6,-63409.9
38,77,8,R15,-63405.7,-63399
38,78,6,P10,-112834,-112786
38,78,6,P11,-112785,-112738
38,78,7,Q12,-82855.5,-82837.7
38,78,7,Q13,-82833.8,-82816.1
38,78,8,R14,-63417.7,-63411.1
38,78,8,R15,-63406.8,-63400.2
38,79,6,P10,-112836,-112788
38,79,6,P11,-112788,-112740
38,79,7,Q12,-82857,-82839.3
38,79,7,Q13,-82835.3,-82817.6
38,79,8,R14,-63418.9,-63412.3
38,79,8,R15,-63408,-63401.4
38,80,6,P10,-112838,-112790
38,80,6,P11,-112790,-112742
38,80,7,Q12,-82858.5,-82840.7
38,80,7,Q13,-82836.8,-82819.1
38,80,8,R14,-63420,-63413.4
38,80,8,R15,-63409.1,-63402.5
38,81,6,P10,-112840,-112792
38,81,6,P11,-112792,-112744
38,81,7,Q12,-82859.9,-82842.2
38,81,7,Q13,-82838.2,-82820.5
38,81,8,R14,-63421.2,-63414.5
38,81,8,R15,-63410.3,-63403.6
38,82,6,P10,-112842,-112794
38,82,6,P11,-112793,-112746
38,82,7,Q12,-82861.3,-82843.6
38,82,7,Q13,-82839.6,-82821.9
38,82,8,R14,-63422.2,-63415.6
38,82,8,R15,-63411.3,-63404.7
38,83,6,P10,-112844,-112796
38,83,6,P11,-112795,-112748
38,83,7,Q12,-82862.7,-82845
38,83,7,Q13,-82841,-82823.3
38,83,8,R14,-63423.3,-63416.6
38,83,8,R15,-63412.4,-63405.7
38,84,6,P10,-112846,-112798
38,84,6,P11,-112797,-112750
38,84,7,Q12,-82864.1,-82846.3
38,84,7,Q13,-82842.3,-82824.6
38,84,8,R14,-63424.3,-63417.7
38,84,8,R15,-63413.4,-63406.8
38,85,6,P10,-112847,-112800
38,85,6,P11,-112799,-112751
38,85,7,Q12,-82865.4,-82847.6
38,85,7,Q13,-82843.7,-82825.9
38,85,8,R14,-63425.3,-63418.7
38,85,8,R15,-63414.4,-63407.8
38,86,6,P10,-112849,-112801
38,86,6,P11,-112801,-112753
38,86,7,Q12,-82866.7,-82848.9
38,86,7,Q13,-82844.9,-82827.2
38,86,8,R14,-63426.3,-63419.7
38,86,8,R15,-63415.4,-63408.8
38,87,6,P10,-112851,-112803
38,87,6,P11,-112802,-112755
38,87,7,Q12,-82867.9,-82850.2
38,87,7,Q13,-82846.2,-82828.5
38,87,8,R14,-63427.3,-63420.6
38,87,8,R15,-63416.4,-63409.7
38,88,6,P10,-112852,-112805
38,88,6,P11,-112804,-112756
38,88,7,Q12,-82869.1,-82851.4
38,88,7,Q13,-82847.4,-82829.7
38,88,8,R14,-63428.2,-63421.6
38,88,8,R15,-63417.3,-63410.7
38,89,6,P10,-112854,-112806
38,89,6,P11,-112806,-112758
38,89,7,Q12,-82870.3,-82852.6
38,89,7,Q13,-82848.6,-82830.9
38,89,8,R14,-63429.1,-63422.5
38,89,8,R15,-63418.2,-63411.6
38,90,6,P10,-112856,-112808
38,90,6,P11,-112807,-112760
38,90,7,Q12,-82871.5,-82853.8
38,90,7,Q13,-82849.8,-82832.1
38,90,8,R14,-63430,-63423.4
38,90,8,R15,-63419.1,-63412.5
38,91,6,P10,-112857,-112809
38,91,6,P11,-112809,-112761
38,91,7,Q12,-82872.7,-82854.9
38,91,7,Q13,-82851,-82833.2
38,91,8,R14,-63430.9,-63424.3
38,91,8,R15,-63420,-63413.4
38,92,6,P10,-112859,-112811
38,92,6,P11,-112810,-112763
38,92,7,Q12,-82873.8,-82856.1
38,92,7,Q13,-82852.1,-82834.4
38,92,8,R14,-63431.8,-63425.1
38,92,8,R15,-63420.9,-63414.2
38,93,6,P10,-112860,-112813
38,93,6,P11,-112812,-112764
38,93,7,Q12,-82874.9,-82857.2
38,93,7,Q13,-82853.2,-82835.5
38,93,8,R14,-63432.6,-63426
38,93,8,R15,-63421.7,-63415.1
38,94,6,P10,-112862,-112814
38,94,6,P11,-112813,-112766
38,94,7,Q12,-82876,-82858.2
38,94,7,Q13,-82854.3,-82836.5
38,94,8,R14,-63433.4,-63426.8
38,94,8,R15,-63422.5,-63415.9
38,95,6,P10,-112863,-112815
38,95,6,P11,-112815,-112767
38,95,7,Q12,-82877.1,-82859.3
38,95,7,Q13,-82855.3,-82837.6
38,95,8,R14,-63434.3,-63427.6
38,95,8,R15,-63423.4,-63416.7
38,96,6,P10,-112865,-112817
38,96,6,P11,-112816,-112769
38,96,7,Q12,-82878.1,-82860.3
38,96,7,Q13,-82856.4,-82838.6
38,96,8,R14,-63435,-63428.4
38,96,8,R15,-63424.1,-63417.5
38,97,6,P10,-112866,-112818
38,97,6,P11,-112818,-112770
38,97,7,Q12,-82879.1,-82861.3
38,97,7,Q13,-82857.4,-82839.6
38,97,8,R14,-63435.8,-63429.2
38,97,8,R15,-63424.9,-63418.3
38,98,6,P10,-112867,-112820
38,98,6,P11,-112819,-112771
38,98,7,Q12,-82880.1,-82862.3
38,98,7,Q13,-82858.4,-82840.6
38,98,8,R14,-63436.6,-63429.9
38,98,8,R15,-63425.7,-63419
38,99,6,P10,-112869,-112821
38,99,6,P11,-112820,-112773
38,99,7,Q12,-82881.1,-82863.3
38,99,7,Q13,-82859.4,-82841.6
38,99,8,R14,-63437.3,-63430.7
38,99,8,R15,-63426.4,-63419.8
38,100,6,P10,-112870,-112822
38,100,6,P11,-112822,-112774
38,100,7,Q12,-82882,-82864.3
38,100,7,Q13,-82860.3,-82842.6
38,100,8,R14,-63438.1,-63431.4
38,100,8,R15,-63427.2,-63420.5
39,86,6,P10,-118875,-118822
39,86,6,P11,-118822,-118769
39,86,7,Q12,-87289.7,-87269.8
39,86,7,Q13,-87265.6,-87245.8
39,86,8,R14,-66810.7,-66803.1
39,86,8,R15,-66798.6,-66791.1
39,87,6,P10,-118877,-118824
39,87,6,P11,-118823,-118771
39,87,7,Q12,-87291,-87271.1
39,87,7,Q13,-87266.9,-87247.1
39,87,8,R14,-66811.7,-66804.1
39,87,8,R15,-66799.6,-66792.1
39,88,6,P10,-118879,-118826
39,88,6,P11,-118825,-118772
39,88,7,Q12,-87292.3,-87272.4
39,88,7,Q13,-87268.2,-87248.4
39,88,8,R14,-66812.7,-66805.1
39,88,8,R15,-66800.6,-66793.1
39,89,6,P10,-118881,-118828
39,89,6,P11,-118827,-118774
39,89,7,Q12,-87293.5,-87273.7
39,89,7,Q13,-87269.4,-87249.6
39,89,8,R14,-66813.6,-66806.1
39,89,8,R15,-66801.5,-66794
39,90,6,P10,-118882,-118829
39,90,6,P11,-118829,-118776
39,90,7,Q12,-87294.8,-87274.9
39,90,7,Q13,-87270.7,-87250.9
39,90,8,R14,-66814.6,-66807
39,90,8,R15,-66802.5,-66795
39,92,6,P10,-118886,-118833
39,92,6,P11,-118832,-118779
39,92,7,Q12,-87297.2,-87277.3
39,92,7,Q13,-87273.1,-87253.3
39,92,8,R14,-66816.4,-66808.9
39,92,8,R15,-66804.3,-66796.8
39,93,6,P10,-118887,-118834
39,93,6,P11,-118833,-118781
39,93,7,Q12,-87298.3,-87278.5
39,93,7,Q13,-87274.2,-87254.4
39,93,8,R14,-66817.3,-66809.8
39,93,8,R15,-66805.2,-66797.7
39,94,6,P10,-118889,-118836
39,94,6,P11,-118835,-118782
39,94,7,Q12,-87299.5,-87279.6
39,94,7,Q13,-87275.4,-87255.5
39,94,8,R14,-66818.2,-66810.6
39,94,8,R15,-66806.1,-66798.6
39,95,6,P10,-118890,-118837
39,95,6,P11,-118836,-118784
39,95,7,Q12,-87300.6,-87280.7
39,95,7,Q13,-87276.5,-87256.7
39,95,8,R14,-66819,-66811.5
39,95,8,R15,-66806.9,-66799.4
39,96,6,P10,-118892,-118839
39,96,6,P11,-118838,-118785
39,96,7,Q12,-87301.7,-87281.8
39,96,7,Q13,-87277.6,-87257.7
39,96,8,R14,-66819.9,-66812.3
39,96,8,R15,-66807.8,-66800.2
39,97,6,P10,-118893,-118840
39,97,6,P11,-118839,-118787
39,97,7,Q12,-87302.8,-87282.9
39,97,7,Q13,-87278.6,-87258.8
39,97,8,R14,-66820.7,-66813.1
39,97,8,R15,-66808.6,-66801.1
39,98,6,P10,-118895,-118842
39,98,6,P11,-118841,-118788
39,98,7,Q12,-87303.8,-87283.9
39,98,7,Q13,-87279.7,-87259.9
39,98,8,R14,-66821.5,-66813.9
39,98,8,R15,-66809.4,-66801.9
39,99,6,P10,-118896,-118843
39,99,6,P11,-118842,-118790
39,99,7,Q12,-87304.8,-87285
39,99,7,Q13,-87280.7,-87260.9
39,99,8,R14,-66822.3,-66814.7
39,99,8,R15,-66810.2,-66802.6
39,100,6,P10,-118897,-118844
39,100,6,P11,-118844,-118791
39,100,7,Q12,-87305.8,-87286
39,100,7,Q13,-87281.7,-87261.9
39,100,8,R14,-66823,-66815.5
39,100,8,R15,-66810.9,-66803.4
39,101,6,P10,-118899,-118846
39,101,6,P11,-118845,-118792
39,101,7,Q12,-87306.8,-87286.9
39,101,7,Q13,-87282.7,-87262.9
39,101,8,R14,-66823.8,-66816.2
39,101,8,R15,-66811.7,-66804.2
39,102,6,P10,-118900,-118847
39,102,6,P11,-118846,-118794
39,102,7,Q12,-87307.8,-87287.9
39,102,7,Q13,-87283.7,-87263.8
39,102,8,R14,-66824.5,-66817
39,102,8,R15,-66812.4,-66804.9
40,87,6,P10,-125061,-125003
40,87,6,P11,-125001,-124943
40,87,7,Q12,-91829.4,-91807.3
40,87,7,Q13,-91802.7,-91780.6
40,87,8,R14,-70284.2,-70275.7
40,87,8,R15,-70270.8,-70262.4
40,88,6,P10,-125063,-125004
40,88,6,P11,-125003,-124945
40,88,7,Q12,-91830.7,-91808.6
40,88,7,Q13,-91804,-91782
40,88,8,R14,-70285.3,-70276.8
40,88,8,R15,-70271.9,-70263.4
40,89,6,P10,-125064,-125006
40,89,6,P11,-125005,-124947
40,89,7,Q12,-91832.1,-91809.9
40,89,7,Q13,-91805.4,-91783.3
40,89,8,R14,-70286.3,-70277.8
40,89,8,R15,-70272.9,-70264.4
40,90,6,P10,-125066,-125008
40,90,6,P11,-125007,-124949
40,90,7,Q12,-91833.4,-91811.2
40,90,7,Q13,-91806.7,-91784.6
40,90,8,R14,-70287.3,-70278.8
40,90,8,R15,-70273.9,-70265.4
40,91,6,P10,-125068,-125010
40,91,6,P11,-125009,-124950
40,91,7,Q12,-91834.6,-91812.5
40,91,7,Q13,-91807.9,-91785.9
40,91,8,R14,-70288.3,-70279.8
40,91,8,R15,-70274.9,-70266.4
40,92,6,P10,-125070,-125011
40,92,6,P11,-125010,-124952
40,92,7,Q12,-91835.9,-91813.7
40,92,7,Q13,-91809.2,-91787.1
40,92,8,R14,-70289.2,-70280.7
40,92,8,R15,-70275.8,-70267.3
40,94,6,P10,-125073,-125015
40,94,6,P11,-125014,-124955
40,94,7,Q12,-91838.3,-91816.2
40,94,7,Q13,-91811.6,-91789.5
40,94,8,R14,-70291.1,-70282.6
40,94,8,R15,-70277.7,-70269.2
40,96,6,P10,-125076,-125018
40,96,6,P11,-125017,-124959
40,96,7,Q12,-91840.6,-91818.5
40,96,7,Q13,-91813.9,-91791.8
40,96,8,R14,-70292.8,-70284.3
40,96,8,R15,-70279.4,-70271
40,97,6,P10,-125078,-125019
40,97,6,P11,-125018,-124960
40,97,7,Q12,-91841.7,-91819.6
40,97,7,Q13,-91815.1,-91793
40,97,8,R14,-70293.7,-70285.2
40,97,8,R15,-70280.3,-70271.8
40,98,6,P10,-125079,-125021
40,98,6,P11,-125020,-124962
40,98,7,Q12,-91842.8,-91820.7
40,98,7,Q13,-91816.2,-91794.1
40,98,8,R14,-70294.5,-70286
40,98,8,R15,-70281.1,-70272.7
40,99,6,P10,-125081,-125022
40,99,6,P11,-125021,-124963
40,99,7,Q12,-91843.9,-91821.8
40,99,7,Q13,-91817.2,-91795.1
40,99,8,R14,-70295.4,-70286.9
40,99,8,R15,-70282,-70273.5
40,100,6,P10,-125082,-125024
40,100,6,P11,-125023,-124964
40,100,7,Q12,-91845,-91822.8
40,100,7,Q13,-91818.3,-91796.2
40,100,8,R14,-70296.2,-70287.7
40,100,8,R15,-70282.8,-70274.3
40,101,6,P10,-125084,-125025
40,101,6,P11,-125024,-124966
40,101,7,Q12,-91846,-91823.9
40,101,7,Q13,-91819.3,-91797.2
40,101,8,R14,-70297,-70288.5
40,101,8,R15,-70283.6,-70275.1
40,102,6,P10,-125085,-125027
40,102,6,P11,-125025,-124967
40,102,7,Q12,-91847,-91824.9
40,102,7,Q13,-91820.4,-91798.2
40,102,8,R14,-70297.7,-70289.2
40,102,8,R15,-70284.3,-70275.9
41,90,6,P10,-131408,-131344
41,90,6,P11,-131342,-131278
41,90,7,Q12,-96487.3,-96462.7
41,90,7,Q13,-96457.8,-96433.3
41,90,8,R14,-73848.1,-73838.6
41,90,8,R15,-73833.4,-73823.9
41,91,6,P10,-131409,-131345
41,91,6,P11,-131344,-131280
41,91,7,Q12,-96488.6,-96464.1
41,91,7,Q13,-96459.2,-96434.7
41,91,8,R14,-73849.2,-73839.6
41,91,8,R15,-73834.4,-73824.9
41,92,6,P10,-131411,-131347
41,92,6,P11,-131346,-131282
41,92,7,Q12,-96489.9,-96465.4
41,92,7,Q13,-96460.5,-96436
41,92,8,R14,-73850.2,-73840.6
41,92,8,R15,-73835.4,-73825.9
41,93,6,P10,-131413,-131349
41,93,6,P11,-131347,-131283
41,93,7,Q12,-96491.2,-96466.6
41,93,7,Q13,-96461.8,-96437.2
41,93,8,R14,-73851.1,-73841.6
41,93,8,R15,-73836.4,-73826.9
41,99,6,P10,-131423,-131359
41,99,6,P11,-131357,-131293
41,99,7,Q12,-96498.4,-96473.8
41,99,7,Q13,-96468.9,-96444.4
41,99,8,R14,-73856.6,-73847.1
41,99,8,R15,-73841.8,-73832.3
41,101,6,P10,-131426,-131362
41,101,6,P11,-131360,-131296
41,101,7,Q12,-96500.6,-96476
41,101,7,Q13,-96471.1,-96446.6
41,101,8,R14,-73858.3,-73848.8
41,101,8,R15,-73843.5,-73834
41,103,6,P10,-131429,-131364
41,103,6,P11,-131363,-131299
41,103,7,Q12,-96502.7,-96478.1
41,103,7,Q13,-96473.2,-96448.7
41,103,8,R14,-73859.9,-73850.4
41,103,8,R15,-73845.1,-73835.6
42,90,6,P10,-137907,-137836
42,90,6,P11,-137834,-137764
42,90,7,Q12,-101257,-101229
42,90,7,Q13,-101224,-101197
42,90,8,R14,-77497.2,-77486.5
42,90,8,R15,-77480.9,-77470.3
42,91,6,P10,-137908,-137838
42,91,6,P11,-137836,-137766
42,91,7,Q12,-101258,-101231
42,91,7,Q13,-101226,-101198
42,91,8,R14,-77498.3,-77487.6
42,91,8,R15,-77482,-77471.3
42,92,6,P10,-137910,-137840
42,92,6,P11,-137838,-137768
42,92,7,Q12,-101259,-101232
42,92,7,Q13,-101227,-101200
42,92,8,R14,-77499.3,-77488.7
42,92,8,R15,-77483,-77472.4
42,94,6,P10,-137914,-137844
42,94,6,P11,-137842,-137772
42,94,7,Q12,-101262,-101235
42,94,7,Q13,-101230,-101202
42,94,8,R14,-77501.3,-77490.7
42,94,8,R15,-77485.1,-77474.4
42,95,6,P10,-137916,-137845
42,95,6,P11,-137843,-137773
42,95,7,Q12,-101263,-101236
42,95,7,Q13,-101231,-101204
42,95,8,R14,-77502.3,-77491.7
42,95,8,R15,-77486,-77475.4
42,96,6,P10,-137917,-137847
42,96,6,P11,-137845,-137775
42,96,7,Q12,-101265,-101237
42,96,7,Q13,-101232,-101205
42,96,8,R14,-77503.3,-77492.6
42,96,8,R15,-77487,-77476.4
42,97,6,P10,-137919,-137849
42,97,6,P11,-137847,-137777
42,97,7,Q12,-101266,-101239
42,97,7,Q13,-101233,-101206
42,97,8,R14,-77504.2,-77493.6
42,97,8,R15,-77488,-77477.3
42,98,6,P10,-137921,-137851
42,98,6,P11,-137849,-137778
42,98,7,Q12,-101267,-101240
42,98,7,Q13,-101235,-101207
42,98,8,R14,-77505.2,-77494.5
42,98,8,R15,-77488.9,-77478.2
42,100,6,P10,-137924,-137854
42,100,6,P11,-137852,-137782
42,100,7,Q12,-101269,-101242
42,100,7,Q13,-101237,-101210
42,100,8,R14,-77507,-77496.3
42,100,8,R15,-77490.7,-77480
42,102,6,P10,-137927,-137857
42,102,6,P11,-137855,-137785
42,102,7,Q12,-101272,-101244
42,102,7,Q13,-101239,-101212
42,102,8,R14,-77508.7,-77498
42,102,8,R15,-77492.4,-77481.8
42,103,6,P10,-137929,-137858
42,103,6,P11,-137856,-137786
42,103,7,Q12,-101273,-101246
42,103,7,Q13,-101240,-101213
42,103,8,R14,-77509.5,-77498.9
42,103,8,R15,-77493.3,-77482.6
42,104,6,P10,-137930,-137860
42,104,6,P11,-137858,-137788
42,104,7,Q12,-101274,-101247
42,104,7,Q13,-101241,-101214
42,104,8,R14,-77510.4,-77499.7
42,104,8,R15,-77494.1,-77483.4
42,105,6,P10,-137932,-137861
42,105,6,P11,-137859,-137789
42,105,7,Q12,-101275,-101248
42,105,7,Q13,-101242,-101215
42,105,8,R14,-77511.2,-77500.5
42,105,8,R15,-77494.9,-77484.2
42,106,6,P10,-137933,-137863
42,106,6,P11,-137861,-137791
42,106,7,Q12,-101276,-101249
42,106,7,Q13,-101244,-101216
42,106,8,R14,-77512,-77501.3
42,106,8,R15,-77495.7,-77485
42,108,6,P10,-137936,-137865
42,108,6,P11,-137863,-137793
42,108,7,Q12,-101278,-101251
42,108,7,Q13,-101246,-101218
42,108,8,R14,-77513.5,-77502.8
42,108,8,R15,-77497.2,-77486.6
44,96,6,P10,-151389,-151305
44,96,6,P11,-151302,-151219
44,96,7,Q12,-111150,-111117
44,96,7,Q13,-111111,-111078
44,96,8,R14,-85066.6,-85053.4
44,96,8,R15,-85047,-85033.8
44,98,6,P10,-151393,-151309
44,98,6,P11,-151306,-151222
44,98,7,Q12,-111153,-111120
44,98,7,Q13,-111114,-111081
44,98,8,R14,-85068.6,-85055.4
44,98,8,R15,-85049,-85035.9
44,99,6,P10,-151395,-151311
44,99,6,P11,-151308,-151224
44,99,7,Q12,-111154,-111121
44,99,7,Q13,-111115,-111082
44,99,8,R14,-85069.6,-85056.4
44,99,8,R15,-85050,-85036.9
44,100,6,P10,-151396,-151313
44,100,6,P11,-151309,-151226
44,100,7,Q12,-111156,-111123
44,100,7,Q13,-111116,-111084
44,100,8,R14,-85070.6,-85057.4
44,100,8,R15,-85051,-85037.8
44,101,6,P10,-151398,-151314
44,101,6,P11,-151311,-151227
44,101,7,Q12,-111157,-111124
44,101,7,Q13,-111118,-111085
44,101,8,R14,-85071.6,-85058.4
44,101,8,R15,-85051.9,-85038.8
44,102,6,P10,-151400,-151316
44,102,6,P11,-151313,-151229
44,102,7,Q12,-111158,-111125
44,102,7,Q13,-111119,-111086
44,102,8,R14,-85072.5,-85059.3
44,102,8,R15,-85052.9,-85039.7
44,104,6,P10,-151403,-151319
44,104,6,P11,-151316,-151232
44,104,7,Q12,-111160,-111127
44,104,7,Q13,-111121,-111088
44,104,8,R14,-85074.3,-85061.1
44,104,8,R15,-85054.7,-85041.5
45,103,6,P10,-158374,-158283
45,103,6,P11,-158279,-158188
45,103,7,Q12,-116276,-116240
45,103,7,Q13,-116233,-116197
45,103,8,R14,-88987.7,-88973.1
45,103,8,R15,-88966.3,-88951.7
46,102,6,P10,-165503,-165404
46,102,6,P11,-165399,-165301
46,102,7,Q12,-121506,-121467
46,102,7,Q13,-121460,-121420
46,102,8,R14,-92989.3,-92973.2
46,102,8,R15,-92965.9,-92949.8
46,104,6,P10,-165507,-165408
46,104,6,P11,-165403,-165304
46,104,7,Q12,-121509,-121469
46,104,7,Q13,-121462,-121423
46,104,8,R14,-92991.3,-92975.2
46,104,8,R15,-92967.9,-92951.8
46,105,6,P10,-165509,-165410
46,105,6,P11,-165404,-165306
46,105,7,Q12,-121510,-121471
46,105,7,Q13,-121464,-121424
46,105,8,R14,-92992.3,-92976.2
46,105,8,R15,-92968.8,-92952.7
46,106,6,P10,-165510,-165411
46,106,6,P11,-165406,-165308
46,106,7,Q12,-121512,-121472
46,106,7,Q13,-121465,-121425
46,106,8,R14,-92993.2,-92977.1
46,106,8,R15,-92969.8,-92953.7
46,108,6,P10,-165514,-165415
46,108,6,P11,-165409,-165311
46,108,7,Q12,-121514,-121474
46,108,7,Q13,-121467,-121428
46,108,8,R14,-92995.1,-92978.9
46,108,8,R15,-92971.6,-92955.5
46,110,6,P10,-165517,-165418
46,110,6,P11,-165413,-165314
46,110,7,Q12,-121516,-121477
46,110,7,Q13,-121470,-121430
46,110,8,R14,-92996.9,-92980.7
46,110,8,R15,-92973.4,-92957.3
47,101,6,P10,-172790,-172683
47,101,6,P11,-172676,-172570
47,101,7,Q12,-126853,-126809
47,101,7,Q13,-126802,-126759
47,101,8,R14,-97079.1,-97061.3
47,101,8,R15,-97053.5,-97035.8
47,103,6,P10,-172794,-172687
47,103,6,P11,-172680,-172574
47,103,7,Q12,-126855,-126812
47,103,7,Q13,-126804,-126761
47,103,8,R14,-97081.2,-97063.5
47,103,8,R15,-97055.6,-97037.9
47,104,6,P10,-172796,-172689
47,104,6,P11,-172682,-172576
47,104,7,Q12,-126857,-126813
47,104,7,Q13,-126806,-126763
47,104,8,R14,-97082.2,-97064.5
47,104,8,R15,-97056.7,-97039
47,105,6,P10,-172797,-172690
47,105,6,P11,-172684,-172577
47,105,7,Q12,-126858,-126815
47,105,7,Q13,-126807,-126764
47,105,8,R14,-97083.2,-97065.5
47,105,8,R15,-97057.7,-97040
47,107,6,P10,-172801,-172694
47,107,6,P11,-172687,-172581
47,107,7,Q12,-126861,-126817
47,107,7,Q13,-126810,-126767
47,107,8,R14,-97085.2,-97067.5
47,107,8,R15,-97059.6,-97041.9
47,109,6,P10,-172804,-172697
47,109,6,P11,-172691,-172584
47,109,7,Q12,-126863,-126820
47,109,7,Q13,-126812,-126769
47,109,8,R14,-97087.1,-97069.3
47,109,8,R15,-97061.5,-97043.8
48,102,6,P10,-180238,-180123
48,102,6,P11,-180115,-180000
48,102,7,Q12,-132317,-132270
48,102,7,Q13,-132262,-132215
48,102,8,R14,-101259,-101240
48,102,8,R15,-101231,-101212
48,103,6,P10,-180240,-180125
48,103,6,P11,-180117,-180002
48,103,7,Q12,-132319,-132271
48,103,7,Q13,-132263,-132216
48,103,8,R14,-101260,-101241
48,103,8,R15,-101233,-101213
48,104,6,P10,-180242,-180127
48,104,6,P11,-180119,-180004
48,104,7,Q12,-132320,-132273
48,104,7,Q13,-132265,-132218
48,104,8,R14,-101261,-101242
48,104,8,R15,-101234,-101214
48,105,6,P10,-180244,-180129
48,105,6,P11,-180121,-180005
48,105,7,Q12,-132321,-132274
48,105,7,Q13,-132266,-132219
48,105,8,R14,-101263,-101243
48,105,8,R15,-101235,-101215
48,106,6,P10,-180246,-180130
48,106,6,P11,-180122,-180007
48,106,7,Q12,-132323,-132276
48,106,7,Q13,-132267,-132220
48,106,8,R14,-101264,-101244
48,106,8,R15,-101236,-101216
48,107,6,P10,-180248,-180132
48,107,6,P11,-180124,-180009
48,107,7,Q12,-132324,-132277
48,107,7,Q13,-132269,-132222
48,107,8,R14,-101265,-101245
48,107,8,R15,-101237,-101217
48,108,6,P10,-180250,-180134
48,108,6,P11,-180126,-180011
48,108,7,Q12,-132325,-132278
48,108,7,Q13,-132270,-132223
48,108,8,R14,-101266,-101246
48,108,8,R15,-101238,-101218
48,109,6,P10,-180251,-180136
48,109,6,P11,-180128,-180013
48,109,7,Q12,-132327,-132279
48,109,7,Q13,-132271,-132224
48,109,8,R14,-101267,-101247
48,109,8,R15,-101239,-101219
48,110,6,P10,-180253,-180137
48,110,6,P11,-180129,-180014
48,110,7,Q12,-132328,-132281
48,110,7,Q13,-132272,-132225
48,110,8,R14,-101267,-101248
48,110,8,R15,-101240,-101220
48,111,6,P10,-180255,-180139
48,111,6,P11,-180131,-180016
48,111,7,Q12,-132329,-132282
48,111,7,Q13,-132274,-132227
48,111,8,R14,-101268,-101249
48,111,8,R15,-101241,-101221
48,112,6,P10,-180256,-180141
48,112,6,P11,-180133,-180018
48,112,7,Q12,-132330,-132283
48,112,7,Q13,-132275,-132228
48,112,8,R14,-101269,-101250
48,112,8,R15,-101242,-101222
48,113,6,P10,-180258,-180142
48,113,6,P11,-180134,-180019
48,113,7,Q12,-132332,-132284
48,113,7,Q13,-132276,-132229
48,113,8,R14,-101270,-101251
48,113,8,R15,-101242,-101223
48,114,6,P10,-180260,-180144
48,114,6,P11,-180136,-180021
48,114,7,Q12,-132333,-132286
48,114,7,Q13,-132277,-132230
48,114,8,R14,-101271,-101252
48,114,8,R15,-101243,-101224
48,115,6,P10,-180261,-180145
48,115,6,P11,-180138,-180022
48,115,7,Q12,-132334,-132287
48,115,7,Q13,-132278,-132231
48,115,8,R14,-101272,-101253
48,115,8,R15,-101244,-101225
48,116,6,P10,-180263,-180147
48,116,6,P11,-180139,-180024
48,116,7,Q12,-132335,-132288
48,116,7,Q13,-132280,-132233
48,116,8,R14,-101273,-101253
48,116,8,R15,-101245,-101226
48,117,6,P10,-180264,-180148
48,117,6,P11,-180141,-180025
48,117,7,Q12,-132336,-132289
48,117,7,Q13,-132281,-132234
48,117,8,R14,-101274,-101254
48,117,8,R15,-101246,-101226
48,118,6,P10,-180266,-180150
48,118,6,P11,-180142,-180027
48,118,7,Q12,-132337,-132290
48,118,7,Q13,-132282,-132235
48,118,8,R14,-101275,-101255
48,118,8,R15,-101247,-101227
48,120,6,P10,-180269,-180153
48,120,6,P11,-180145,-180030
48,120,7,Q12,-132339,-132292
48,120,7,Q13,-132284,-132237
48,120,8,R14,-101276,-101257
48,120,8,R15,-101248,-101229
49,104,6,P10,-187847,-187722
49,104,6,P11,-187713,-187589
49,104,7,Q12,-137899,-137848
49,104,7,Q13,-137839,-137788
49,104,8,R14,-105529,-105508
49,104,8,R15,-105499,-105478
49,105,6,P10,-187849,-187724
49,105,6,P11,-187715,-187591
49,105,7,Q12,-137900,-137849
49,105,7,Q13,-137840,-137789
49,105,8,R14,-105530,-105509
49,105,8,R15,-105500,-105479
49,106,6,P10,-187851,-187726
49,106,6,P11,-187717,-187593
49,106,7,Q12,-137902,-137851
49,106,7,Q13,-137842,-137791
49,106,8,R14,-105531,-105510
49,106,8,R15,-105501,-105480
49,107,6,P10,-187853,-187728
49,107,6,P11,-187718,-187594
49,107,7,Q12,-137903,-137852
49,107,7,Q13,-137843,-137792
49,107,8,R14,-105532,-105511
49,107,8,R15,-105502,-105481
49,108,6,P10,-187854,-187730
49,108,6,P11,-187720,-187596
49,108,7,Q12,-137905,-137853
49,108,7,Q13,-137844,-137793
49,108,8,R14,-105533,-105512
49,108,8,R15,-105503,-105482
49,109,6,P10,-187856,-187732
49,109,6,P11,-187722,-187598
49,109,7,Q12,-137906,-137855
49,109,7,Q13,-137846,-137795
49,109,8,R14,-105534,-105513
49,109,8,R15,-105504,-105483
49,110,6,P10,-187858,-187733
49,110,6,P11,-187724,-187600
49,110,7,Q12,-137907,-137856
49,110,7,Q13,-137847,-137796
49,110,8,R14,-105535,-105514
49,110,8,R15,-105505,-105484
49,111,6,P10,-187860,-187735
49,111,6,P11,-187726,-187602
49,111,7,Q12,-137908,-137857
49,111,7,Q13,-137848,-137797
49,111,8,R14,-105536,-105515
49,111,8,R15,-105506,-105485
49,112,6,P10,-187862,-187737
49,112,6,P11,-187727,-187603
49,112,7,Q12,-137910,-137858
49,112,7,Q13,-137850,-137798
49,112,8,R14,-105537,-105516
49,112,8,R15,-105507,-105486
49,113,6,P10,-187863,-187739
49,113,6,P11,-187729,-187605
49,113,7,Q12,-137911,-137860
49,113,7,Q13,-137851,-137800
49,113,8,R14,-105538,-105517
49,113,8,R15,-105508,-105487
49,114,6,P10,-187865,-187740
49,114,6,P11,-187731,-187607
49,114,7,Q12,-137912,-137861
49,114,7,Q13,-137852,-137801
49,114,8,R14,-105539,-105518
49,114,8,R15,-105509,-105488
49,115,6,P10,-187867,-187742
49,115,6,P11,-187732,-187608
49,115,7,Q12,-137913,-137862
49,115,7,Q13,-137853,-137802
49,115,8,R14,-105540,-105519
49,115,8,R15,-105510,-105489
49,116,6,P10,-187868,-187743
49,116,6,P11,-187734,-187610
49,116,7,Q12,-137915,-137863
49,116,7,Q13,-137854,-137803
49,116,8,R14,-105541,-105520
49,116,8,R15,-105511,-105489
49,117,6,P10,-187870,-187745
49,117,6,P11,-187736,-187611
49,117,7,Q12,-137916,-137864
49,117,7,Q13,-137856,-137804
49,117,8,R14,-105542,-105520
49,117,8,R15,-105512,-105490
49,118,6,P10,-187871,-187747
49,118,6,P11,-187737,-187613
49,118,7,Q12,-137917,-137866
49,118,7,Q13,-137857,-137806
49,118,8,R14,-105543,-105521
49,118,8,R15,-105512,-105491
49,119,6,P10,-187873,-187748
49,119,6,P11,-187739,-187614
49,119,7,Q12,-137918,-137867
49,119,7,Q13,-137858,-137807
49,119,8,R14,-105544,-105522
49,119,8,R15,-105513,-105492
49,120,6,P10,-187874,-187750
49,120,6,P11,-187740,-187616
49,120,7,Q12,-137919,-137868
49,120,7,Q13,-137859,-137808
49,120,8,R14,-105544,-105523
49,120,8,R15,-105514,-105493
49,121,6,P10,-187876,-187751
49,121,6,P11,-187742,-187617
49,121,7,Q12,-137920,-137869
49,121,7,Q13,-137860,-137809
49,121,8,R14,-105545,-105524
49,121,8,R15,-105515,-105494
49,122,6,P10,-187877,-187752
49,122,6,P11,-187743,-187619
49,122,7,Q12,-137921,-137870
49,122,7,Q13,-137861,-137810
49,122,8,R14,-105546,-105525
49,122,8,R15,-105516,-105495
49,123,6,P10,-187879,-187754
49,123,6,P11,-187744,-187620
49,123,7,Q12,-137922,-137871
49,123,7,Q13,-137862,-137811
49,123,8,R14,-105547,-105525
49,123,8,R15,-105517,-105495
49,124,6,P10,-187880,-187755
49,124,6,P11,-187746,-187622
49,124,7,Q12,-137923,-137872
49,124,7,Q13,-137863,-137812
49,124,8,R14,-105548,-105526
49,124,8,R15,-105517,-105496
49,125,6,P10,-187881,-187757
49,125,6,P11,-187747,-187623
49,125,7,Q12,-137924,-137873
49,125,7,Q13,-137864,-137813
49,125,8,R14,-105548,-105527
49,125,8,R15,-105518,-105497
49,126,6,P10,-187883,-187758
49,126,6,P11,-187749,-187624
49,126,7,Q12,-137925,-137874
49,126,7,Q13,-137865,-137814
49,126,8,R14,-105549,-105528
49,126,8,R15,-105519,-105498
49,127,6,P10,-187884,-187759
49,127,6,P11,-187750,-187626
49,127,7,Q12,-137926,-137875
49,127,7,Q13,-137866,-137815
49,127,8,R14,-105550,-105529
49,127,8,R15,-105520,-105498
50,108,6,P10,-195618,-195483
50,108,6,P11,-195472,-195339
50,108,7,Q12,-143599,-143544
50,108,7,Q13,-143534,-143479
50,108,8,R14,-109889,-109866
50,108,8,R15,-109857,-109833
50,109,6,P10,-195619,-195485
50,109,6,P11,-195474,-195340
50,109,7,Q12,-143601,-143545
50,109,7,Q13,-143535,-143480
50,109,8,R14,-109890,-109867
50,109,8,R15,-109858,-109834
50,110,6,P10,-195621,-195487
50,110,6,P11,-195476,-195342
50,110,7,Q12,-143602,-143547
50,110,7,Q13,-143537,-143481
50,110,8,R14,-109891,-109868
50,110,8,R15,-109859,-109835
50,111,6,P10,-195623,-195489
50,111,6,P11,-195478,-195344
50,111,7,Q12,-143603,-143548
50,111,7,Q13,-143538,-143483
50,111,8,R14,-109892,-109869
50,111,8,R15,-109860,-109837
50,112,6,P10,-195625,-195491
50,112,6,P11,-195479,-195346
50,112,7,Q12,-143605,-143549
50,112,7,Q13,-143539,-143484
50,112,8,R14,-109893,-109870
50,112,8,R15,-109861,-109838
50,113,6,P10,-195627,-195493
50,113,6,P11,-195481,-195348
50,113,7,Q12,-143606,-143551
50,113,7,Q13,-143541,-143485
50,113,8,R14,-109894,-109871
50,113,8,R15,-109862,-109838
50,114,6,P10,-195628,-195494
50,114,6,P11,-195483,-195349
50,114,7,Q12,-143607,-143552
50,114,7,Q13,-143542,-143487
50,114,8,R14,-109895,-109872
50,114,8,R15,-109863,-109839
50,115,6,P10,-195630,-195496
50,115,6,P11,-195485,-195351
50,115,7,Q12,-143609,-143553
50,115,7,Q13,-143543,-143488
50,115,8,R14,-109896,-109873
50,115,8,R15,-109864,-109840
50,116,6,P10,-195632,-195498
50,116,6,P11,-195486,-195353
50,116,7,Q12,-143610,-143554
50,116,7,Q13,-143545,-143489
50,116,8,R14,-109897,-109874
50,116,8,R15,-109865,-109841
50,117,6,P10,-195633,-195499
50,117,6,P11,-195488,-195354
50,117,7,Q12,-143611,-143555
50,117,7,Q13,-143546,-143490
50,117,8,R14,-109898,-109875
50,117,8,R15,-109866,-109842
50,118,6,P10,-195635,-195501
50,118,6,P11,-195489,-195356
50,118,7,Q12,-143612,-143557
50,118,7,Q13,-143547,-143491
50,118,8,R14,-109899,-109876
50,118,8,R15,-109866,-109843
50,119,6,P10,-195637,-195502
50,119,6,P11,-195491,-195357
50,119,7,Q12,-143613,-143558
50,119,7,Q13,-143548,-143493
50,119,8,R14,-109900,-109877
50,119,8,R15,-109867,-109844
50,120,6,P10,-195638,-195504
50,120,6,P11,-195493,-195359
50,120,7,Q12,-143614,-143559
50,120,7,Q13,-143549,-143494
50,120,8,R14,-109901,-109878
50,120,8,R15,-109868,-109845
50,121,6,P10,-195640,-195505
50,121,6,P11,-195494,-195361
50,121,7,Q12,-143616,-143560
50,121,7,Q13,-143550,-143495
50,121,8,R14,-109902,-109878
50,121,8,R15,-109869,-109846
50,122,6,P10,-195641,-195507
50,122,6,P11,-195496,-195362
50,122,7,Q12,-143617,-143561
50,122,7,Q13,-143551,-143496
50,122,8,R14,-109903,-109879
50,122,8,R15,-109870,-109847
50,123,6,P10,-195643,-195508
50,123,6,P11,-195497,-195364
50,123,7,Q12,-143618,-143562
50,123,7,Q13,-143553,-143497
50,123,8,R14,-109903,-109880
50,123,8,R15,-109871,-109847
50,124,6,P10,-195644,-195510
50,124,6,P11,-195499,-195365
50,124,7,Q12,-143619,-143563
50,124,7,Q13,-143554,-143498
50,124,8,R14,-109904,-109881
50,124,8,R15,-109872,-109848
50,125,6,P10,-195646,-195511
50,125,6,P11,-195500,-195366
50,125,7,Q12,-143620,-143564
50,125,7,Q13,-143555,-143499
50,125,8,R14,-109905,-109882
50,125,8,R15,-109872,-109849
50,126,6,P10,-195647,-195513
50,126,6,P11,-195501,-195368
50,126,7,Q12,-143621,-143565
50,126,7,Q13,-143556,-143500
50,126,8,R14,-109906,-109883
50,126,8,R15,-109873,-109850
50,127,6,P10,-195648,-195514
50,127,6,P11,-195503,-195369
50,127,7,Q12,-143622,-143566
50,127,7,Q13,-143557,-143501
50,127,8,R14,-109907,-109883
50,127,8,R15,-109874,-109851
50,128,6,P10,-195650,-195516
50,128,6,P11,-195504,-195371
50,128,7,Q12,-143623,-143567
50,128,7,Q13,-143558,-143502
50,128,8,R14,-109907,-109884
50,128,8,R15,-109875,-109851
50,129,6,P10,-195651,-195517
50,129,6,P11,-195506,-195372
50,129,7,Q12,-143624,-143568
50,129,7,Q13,-143559,-143503
50,129,8,R14,-109908,-109885
50,129,8,R15,-109875,-109852
50,130,6,P10,-195652,-195518
50,130,6,P11,-195507,-195373
50,130,7,Q12,-143625,-143569
50,130,7,Q13,-143560,-143504
50,130,8,R14,-109909,-109886
50,130,8,R15,-109876,-109853
50,131,6,P10,-195654,-195520
50,131,6,P11,-195508,-195375
50,131,7,Q12,-143626,-143570
50,131,7,Q13,-143561,-143505
50,131,8,R14,-109910,-109886
50,131,8,R15,-109877,-109854
50,132,6,P10,-195655,-195521
50,132,6,P11,-195510,-195376
50,132,7,Q12,-143627,-143571
50,132,7,Q13,-143562,-143506
50,132,8,R14,-109910,-109887
50,132,8,R15,-109878,-109854
51,121,6,P10,-203562,-203418
51,121,6,P11,-203404,-203261
51,121,7,Q12,-149427,-149367
51,121,7,Q13,-149356,-149296
51,121,8,R14,-114347,-114321
51,121,8,R15,-114311,-114286
51,123,6,P10,-203565,-203421
51,123,6,P11,-203407,-203264
51,123,7,Q12,-149429,-149369
51,123,7,Q13,-149358,-149298
51,123,8,R14,-114349,-114323
51,123,8,R15,-114313,-114288
52,116,6,P10,-211634,-211479
52,116,6,P11,-211463,-211309
52,116,7,Q12,-155348,-155283
52,116,7,Q13,-155271,-155206
52,116,8,R14,-118875,-118848
52,116,8,R15,-118837,-118809
52,118,6,P10,-211637,-211483
52,118,6,P11,-211467,-211313
52,118,7,Q12,-155350,-155285
52,118,7,Q13,-155274,-155209
52,118,8,R14,-118877,-118850
52,118,8,R15,-118839,-118811
52,120,6,P10,-211640,-211486
52,120,6,P11,-211470,-211316
52,120,7,Q12,-155353,-155288
52,120,7,Q13,-155276,-155212
52,120,8,R14,-118879,-118852
52,120,8,R15,-118841,-118813
52,122,6,P10,-211644,-211489
52,122,6,P11,-211473,-211320
52,122,7,Q12,-155355,-155290
52,122,7,Q13,-155279,-155214
52,122,8,R14,-118881,-118853
52,122,8,R15,-118843,-118815
52,123,6,P10,-211645,-211491
52,123,6,P11,-211475,-211321
52,123,7,Q12,-155356,-155291
52,123,7,Q13,-155280,-155215
52,123,8,R14,-118882,-118854
52,123,8,R15,-118844,-118816
52,124,6,P10,-211647,-211492
52,124,6,P11,-211477,-211323
52,124,7,Q12,-155357,-155292
52,124,7,Q13,-155281,-155216
52,124,8,R14,-118883,-118855
52,124,8,R15,-118845,-118817
52,125,6,P10,-211648,-211494
52,125,6,P11,-211478,-211324
52,125,7,Q12,-155358,-155294
52,125,7,Q13,-155282,-155217
52,125,8,R14,-118884,-118856
52,125,8,R15,-118845,-118818
52,126,6,P10,-211650,-211495
52,126,6,P11,-211480,-211326
52,126,7,Q12,-155360,-155295
52,126,7,Q13,-155283,-155219
52,126,8,R14,-118885,-118857
52,126,8,R15,-118846,-118819
52,128,6,P10,-211653,-211498
52,128,6,P11,-211483,-211329
52,128,7,Q12,-155362,-155297
52,128,7,Q13,-155285,-155221
52,128,8,R14,-118886,-118859
52,128,8,R15,-118848,-118820
52,130,6,P10,-211656,-211501
52,130,6,P11,-211486,-211332
52,130,7,Q12,-155364,-155299
52,130,7,Q13,-155288,-155223
52,130,8,R14,-118888,-118860
52,130,8,R15,-118850,-118822
52,132,6,P10,-211659,-211504
52,132,6,P11,-211488,-211334
52,132,7,Q12,-155366,-155301
52,132,7,Q13,-155290,-155225
52,132,8,R14,-118889,-118862
52,132,8,R15,-118851,-118824
52,134,6,P10,-211661,-211507
52,134,6,P11,-211491,-211337
52,134,7,Q12,-155368,-155303
52,134,7,Q13,-155292,-155227
52,134,8,R14,-118891,-118863
52,134,8,R15,-118853,-118825
52,136,6,P10,-211664,-211509
52,136,6,P11,-211494,-211340
52,136,7,Q12,-155370,-155305
52,136,7,Q13,-155294,-155229
52,136,8,R14,-118892,-118865
52,136,8,R15,-118854,-118827
53,127,6,P10,-219891,-219725
53,127,6,P11,-219707,-219542
53,127,7,Q12,-161404,-161334
53,127,7,Q13,-161321,-161252
53,127,8,R14,-123507,-123477
53,127,8,R15,-123466,-123436
54,116,6,P10,-228269,-228092
54,116,6,P11,-228070,-227895
54,116,7,Q12,-167549,-167473
54,116,7,Q13,-167460,-167385
54,116,8,R14,-128207,-128175
54,116,8,R15,-128162,-128130
54,118,6,P10,-228272,-228096
54,118,6,P11,-228074,-227898
54,118,7,Q12,-167551,-167476
54,118,7,Q13,-167462,-167387
54,118,8,R14,-128209,-128177
54,118,8,R15,-128165,-128132
54,120,6,P10,-228276,-228099
54,120,6,P11,-228078,-227902
54,120,7,Q12,-167554,-167479
54,120,7,Q13,-167465,-167390
54,120,8,R14,-128211,-128179
54,120,8,R15,-128167,-128134
54,122,6,P10,-228280,-228103
54,122,6,P11,-228081,-227905
54,122,7,Q12,-167557,-167481
54,122,7,Q13,-167468,-167393
54,122,8,R14,-128213,-128181
54,122,8,R15,-128169,-128136
54,124,6,P10,-228283,-228106
54,124,6,P11,-228085,-227909
54,124,7,Q12,-167559,-167484
54,124,7,Q13,-167470,-167395
54,124,8,R14,-128215,-128183
54,124,8,R15,-128171,-128138
54,126,6,P10,-228286,-228110
54,126,6,P11,-228088,-227912
54,126,7,Q12,-167562,-167486
54,126,7,Q13,-167473,-167398
54,126,8,R14,-128217,-128184
54,126,8,R15,-128172,-128140
54,127,6,P10,-228288,-228111
54,127,6,P11,-228090,-227914
54,127,7,Q12,-167563,-167487
54,127,7,Q13,-167474,-167399
54,127,8,R14,-128218,-128185
54,127,8,R15,-128173,-128141
54,128,6,P10,-228290,-228113
54,128,6,P11,-228091,-227915
54,128,7,Q12,-167564,-167489
54,128,7,Q13,-167475,-167400
54,128,8,R14,-128219,-128186
54,128,8,R15,-128174,-128142
54,129,6,P10,-228291,-228114
54,129,6,P11,-228093,-227917
54,129,7,Q12,-167565,-167490
54,129,7,Q13,-167476,-167401
54,129,8,R14,-128220,-128187
54,129,8,R15,-128175,-128143
54,130,6,P10,-228293,-228116
54,130,6,P11,-228095,-227919
54,130,7,Q12,-167566,-167491
54,130,7,Q13,-167477,-167402
54,130,8,R14,-128221,-128188
54,130,8,R15,-128176,-128144
54,131,6,P10,-228294,-228117
54,131,6,P11,-228096,-227920
54,131,7,Q12,-167567,-167492
54,131,7,Q13,-167478,-167403
54,131,8,R14,-128221,-128189
54,131,8,R15,-128177,-128144
54,132,6,P10,-228296,-228119
54,132,6,P11,-228098,-227922
54,132,7,Q12,-167568,-167493
54,132,7,Q13,-167480,-167405
54,132,8,R14,-128222,-128190
54,132,8,R15,-128178,-128145
54,133,6,P10,-228297,-228120
54,133,6,P11,-228099,-227923
54,133,7,Q12,-167569,-167494
54,133,7,Q13,-167481,-167406
54,133,8,R14,-128223,-128191
54,133,8,R15,-128178,-128146
54,134,6,P10,-228299,-228122
54,134,6,P11,-228100,-227924
54,134,7,Q12,-167571,-167495
54,134,7,Q13,-167482,-167407
54,134,8,R14,-128224,-128191
54,134,8,R15,-128179,-128147
54,136,6,P10,-228301,-228125
54,136,6,P11,-228103,-227927
54,136,7,Q12,-167573,-167497
54,136,7,Q13,-167484,-167409
54,136,8,R14,-128225,-128193
54,136,8,R15,-128181,-128148
54,137,6,P10,-228303,-228126
54,137,6,P11,-228105,-227929
54,137,7,Q12,-167574,-167498
54,137,7,Q13,-167485,-167410
54,137,8,R14,-128226,-128194
54,137,8,R15,-128182,-128149
54,138,6,P10,-228304,-228127
54,138,6,P11,-228106,-227930
54,138,7,Q12,-167575,-167499
54,138,7,Q13,-167486,-167411
54,138,8,R14,-128227,-128195
54,138,8,R15,-128182,-128150
54,139,6,P10,-228306,-228129
54,139,6,P11,-228107,-227931
54,139,7,Q12,-167576,-167500
54,139,7,Q13,-167487,-167412
54,139,8,R14,-128228,-128195
54,139,8,R15,-128183,-128151
54,140,6,P10,-228307,-228130
54,140,6,P11,-228109,-227933
54,140,7,Q12,-167577,-167501
54,140,7,Q13,-167488,-167413
54,140,8,R14,-128229,-128196
54,140,8,R15,-128184,-128152
54,141,6,P10,-228308,-228131
54,141,6,P11,-228110,-227934
54,141,7,Q12,-167578,-167502
54,141,7,Q13,-167489,-167414
54,141,8,R14,-128229,-128197
54,141,8,R15,-128185,-128152
54,142,6,P10,-228310,-228133
54,142,6,P11,-228111,-227935
54,142,7,Q12,-167579,-167503
54,142,7,Q13,-167490,-167415
54,142,8,R14,-128230,-128198
54,142,8,R15,-128185,-128153
54,143,6,P10,-228311,-228134
54,143,6,P11,-228113,-227937
54,143,7,Q12,-167580,-167504
54,143,7,Q13,-167491,-167416
54,143,8,R14,-128231,-128198
54,143,8,R15,-128186,-128154
54,144,6,P10,-228312,-228135
54,144,6,P11,-228114,-227938
54,144,7,Q12,-167580,-167505
54,144,7,Q13,-167492,-167417
54,144,8,R14,-128231,-128199
54,144,8,R15,-128187,-128154
54,146,6,P10,-228315,-228138
54,146,6,P11,-228116,-227940
54,146,7,Q12,-167582,-167507
54,146,7,Q13,-167493,-167418
54,146,8,R14,-128233,-128200
54,146,8,R15,-128188,-128156
55,118,6,P10,-236828,-236639
55,118,6,P11,-236614,-236427
55,118,7,Q12,-173826,-173745
55,118,7,Q13,-173730,-173650
55,118,8,R14,-133008,-132973
55,118,8,R15,-132960,-132925
55,119,6,P10,-236830,-236641
55,119,6,P11,-236616,-236429
55,119,7,Q12,-173827,-173746
55,119,7,Q13,-173731,-173651
55,119,8,R14,-133009,-132974
55,119,8,R15,-132961,-132926
55,120,6,P10,-236832,-236643
55,120,6,P11,-236618,-236430
55,120,7,Q12,-173828,-173748
55,120,7,Q13,-173733,-173652
55,120,8,R14,-133010,-132975
55,120,8,R15,-132962,-132927
55,121,6,P10,-236833,-236645
55,121,6,P11,-236620,-236432
55,121,7,Q12,-173830,-173749
55,121,7,Q13,-173734,-173654
55,121,8,R14,-133011,-132976
55,121,8,R15,-132963,-132928
55,122,6,P10,-236835,-236647
55,122,6,P11,-236622,-236434
55,122,7,Q12,-173831,-173750
55,122,7,Q13,-173736,-173655
55,122,8,R14,-133012,-132977
55,122,8,R15,-132964,-132929
55,123,6,P10,-236837,-236648
55,123,6,P11,-236624,-236436
55,123,7,Q12,-173832,-173752
55,123,7,Q13,-173737,-173656
55,123,8,R14,-133013,-132978
55,123,8,R15,-132965,-132930
55,124,6,P10,-236839,-236650
55,124,6,P11,-236625,-236438
55,124,7,Q12,-173834,-173753
55,124,7,Q13,-173738,-173658
55,124,8,R14,-133014,-132979
55,124,8,R15,-132966,-132931
55,125,6,P10,-236840,-236652
55,125,6,P11,-236627,-236439
55,125,7,Q12,-173835,-173754
55,125,7,Q13,-173739,-173659
55,125,8,R14,-133015,-132980
55,125,8,R15,-132967,-132932
55,126,6,P10,-236842,-236653
55,126,6,P11,-236629,-236441
55,126,7,Q12,-173836,-173756
55,126,7,Q13,-173741,-173660
55,126,8,R14,-133016,-132981
55,126,8,R15,-132968,-132933
55,127,6,P10,-236844,-236655
55,127,6,P11,-236631,-236443
55,127,7,Q12,-173838,-173757
55,127,7,Q13,-173742,-173661
55,127,8,R14,-133017,-132982
55,127,8,R15,-132969,-132934
55,128,6,P10,-236846,-236657
55,128,6,P11,-236632,-236444
55,128,7,Q12,-173839,-173758
55,128,7,Q13,-173743,-173663
55,128,8,R14,-133018,-132983
55,128,8,R15,-132970,-132935
55,129,6,P10,-236847,-236658
55,129,6,P11,-236634,-236446
55,129,7,Q12,-173840,-173759
55,129,7,Q13,-173744,-173664
55,129,8,R14,-133019,-132984
55,129,8,R15,-132971,-132936
55,130,6,P10,-236849,-236660
55,130,6,P11,-236635,-236448
55,130,7,Q12,-173841,-173760
55,130,7,Q13,-173745,-173665
55,130,8,R14,-133020,-132984
55,130,8,R15,-132972,-132937
55,131,6,P10,-236850,-236662
55,131,6,P11,-236637,-236449
55,131,7,Q12,-173842,-173762
55,131,7,Q13,-173747,-173666
55,131,8,R14,-133020,-132985
55,131,8,R15,-132972,-132937
55,132,6,P10,-236852,-236663
55,132,6,P11,-236639,-236451
55,132,7,Q12,-173843,-173763
55,132,7,Q13,-173748,-173667
55,132,8,R14,-133021,-132986
55,132,8,R15,-132973,-132938
55,133,6,P10,-236853,-236665
55,133,6,P11,-236640,-236452
55,133,7,Q12,-173845,-173764
55,133,7,Q13,-173749,-173668
55,133,8,R14,-133022,-132987
55,133,8,R15,-132974,-132939
55,134,6,P10,-236855,-236666
55,134,6,P11,-236642,-236454
55,134,7,Q12,-173846,-173765
55,134,7,Q13,-173750,-173669
55,134,8,R14,-133023,-132988
55,134,8,R15,-132975,-132940
55,135,6,P10,-236856,-236668
55,135,6,P11,-236643,-236455
55,135,7,Q12,-173847,-173766
55,135,7,Q13,-173751,-173671
55,135,8,R14,-133024,-132989
55,135,8,R15,-132976,-132941
55,136,6,P10,-236858,-236669
55,136,6,P11,-236645,-236457
55,136,7,Q12,-173848,-173767
55,136,7,Q13,-173752,-173672
55,136,8,R14,-133025,-132990
55,136,8,R15,-132977,-132942
55,137,6,P10,-236859,-236671
55,137,6,P11,-236646,-236458
55,137,7,Q12,-173849,-173768
55,137,7,Q13,-173753,-173673
55,137,8,R14,-133026,-132990
55,137,8,R15,-132978,-132943
55,138,6,P10,-236861,-236672
55,138,6,P11,-236647,-236460
55,138,7,Q12,-173850,-173769
55,138,7,Q13,-173754,-173674
55,138,8,R14,-133026,-132991
55,138,8,R15,-132978,-132943
55,139,6,P10,-236862,-236673
55,139,6,P11,-236649,-236461
55,139,7,Q12,-173851,-173770
55,139,7,Q13,-173755,-173675
55,139,8,R14,-133027,-132992
55,139,8,R15,-132979,-132944
55,140,6,P10,-236864,-236675
55,140,6,P11,-236650,-236462
55,140,7,Q12,-173852,-173771
55,140,7,Q13,-173756,-173676
55,140,8,R14,-133028,-132993
55,140,8,R15,-132980,-132945
55,141,6,P10,-236865,-236676
55,141,6,P11,-236652,-236464
55,141,7,Q12,-173853,-173772
55,141,7,Q13,-173757,-173677
55,141,8,R14,-133029,-132994
55,141,8,R15,-132981,-132946
55,142,6,P10,-236866,-236678
55,142,6,P11,-236653,-236465
55,142,7,Q12,-173854,-173773
55,142,7,Q13,-173758,-173678
55,142,8,R14,-133029,-132994
55,142,8,R15,-132981,-132946
55,143,6,P10,-236868,-236679
55,143,6,P11,-236654,-236466
55,143,7,Q12,-173855,-173774
55,143,7,Q13,-173759,-173679
55,143,8,R14,-133030,-132995
55,143,8,R15,-132982,-132947
55,144,6,P10,-236869,-236680
55,144,6,P11,-236656,-236468
55,144,7,Q12,-173856,-173775
55,144,7,Q13,-173760,-173680
55,144,8,R14,-133031,-132996
55,144,8,R15,-132983,-132948
55,145,6,P10,-236870,-236681
55,145,6,P11,-236657,-236469
55,145,7,Q12,-173857,-173776
55,145,7,Q13,-173761,-173681
55,145,8,R14,-133032,-132996
55,145,8,R15,-132984,-132949
55,146,6,P10,-236872,-236683
55,146,6,P11,-236658,-236470
55,146,7,Q12,-173858,-173777
55,146,7,Q13,-173762,-173682
55,146,8,R14,-133032,-132997
55,146,8,R15,-132984,-132949
56,120,6,P10,-245546,-245345
56,120,6,P11,-245316,-245116
56,120,7,Q12,-180219,-180132
56,120,7,Q13,-180116,-180030
56,120,8,R14,-137897,-137859
56,120,8,R15,-137846,-137808
56,121,6,P10,-245547,-245346
56,121,6,P11,-245318,-245118
56,121,7,Q12,-180220,-180134
56,121,7,Q13,-180118,-180031
56,121,8,R14,-137898,-137860
56,121,8,R15,-137847,-137809
56,122,6,P10,-245549,-245348
56,122,6,P11,-245320,-245120
56,122,7,Q12,-180222,-180135
56,122,7,Q13,-180119,-180033
56,122,8,R14,-137899,-137861
56,122,8,R15,-137848,-137810
56,123,6,P10,-245551,-245350
56,123,6,P11,-245322,-245122
56,123,7,Q12,-180223,-180137
56,123,7,Q13,-180120,-180034
56,123,8,R14,-137900,-137862
56,123,8,R15,-137849,-137811
56,124,6,P10,-245553,-245352
56,124,6,P11,-245324,-245124
56,124,7,Q12,-180224,-180138
56,124,7,Q13,-180122,-180035
56,124,8,R14,-137901,-137863
56,124,8,R15,-137850,-137812
56,125,6,P10,-245555,-245354
56,125,6,P11,-245326,-245125
56,125,7,Q12,-180226,-180139
56,125,7,Q13,-180123,-180037
56,125,8,R14,-137902,-137864
56,125,8,R15,-137851,-137813
56,126,6,P10,-245557,-245356
56,126,6,P11,-245327,-245127
56,126,7,Q12,-180227,-180140
56,126,7,Q13,-180124,-180038
56,126,8,R14,-137903,-137865
56,126,8,R15,-137852,-137814
56,127,6,P10,-245558,-245357
56,127,6,P11,-245329,-245129
56,127,7,Q12,-180228,-180142
56,127,7,Q13,-180125,-180039
56,127,8,R14,-137904,-137866
56,127,8,R15,-137853,-137815
56,128,6,P10,-245560,-245359
56,128,6,P11,-245331,-245131
56,128,7,Q12,-180230,-180143
56,128,7,Q13,-180127,-180040
56,128,8,R14,-137905,-137867
56,128,8,R15,-137854,-137816
56,129,6,P10,-245562,-245361
56,129,6,P11,-245332,-245132
56,129,7,Q12,-180231,-180144
56,129,7,Q13,-180128,-180042
56,129,8,R14,-137906,-137868
56,129,8,R15,-137855,-137817
56,130,6,P10,-245563,-245362
56,130,6,P11,-245334,-245134
56,130,7,Q12,-180232,-180145
56,130,7,Q13,-180129,-180043
56,130,8,R14,-137907,-137869
56,130,8,R15,-137856,-137818
56,131,6,P10,-245565,-245364
56,131,6,P11,-245336,-245136
56,131,7,Q12,-180233,-180147
56,131,7,Q13,-180130,-180044
56,131,8,R14,-137908,-137870
56,131,8,R15,-137856,-137819
56,132,6,P10,-245567,-245366
56,132,6,P11,-245337,-245137
56,132,7,Q12,-180234,-180148
56,132,7,Q13,-180132,-180045
56,132,8,R14,-137909,-137871
56,132,8,R15,-137857,-137820
56,133,6,P10,-245568,-245367
56,133,6,P11,-245339,-245139
56,133,7,Q12,-180236,-180149
56,133,7,Q13,-180133,-180046
56,133,8,R14,-137910,-137872
56,133,8,R15,-137858,-137820
56,134,6,P10,-245570,-245369
56,134,6,P11,-245340,-245140
56,134,7,Q12,-180237,-180150
56,134,7,Q13,-180134,-180048
56,134,8,R14,-137911,-137873
56,134,8,R15,-137859,-137821
56,135,6,P10,-245571,-245370
56,135,6,P11,-245342,-245142
56,135,7,Q12,-180238,-180151
56,135,7,Q13,-180135,-180049
56,135,8,R14,-137912,-137874
56,135,8,R15,-137860,-137822
56,136,6,P10,-245573,-245372
56,136,6,P11,-245344,-245143
56,136,7,Q12,-180239,-180152
56,136,7,Q13,-180136,-180050
56,136,8,R14,-137912,-137875
56,136,8,R15,-137861,-137823
56,137,6,P10,-245574,-245373
56,137,6,P11,-245345,-245145
56,137,7,Q12,-180240,-180153
56,137,7,Q13,-180137,-180051
56,137,8,R14,-137913,-137875
56,137,8,R15,-137862,-137824
56,138,6,P10,-245576,-245375
56,138,6,P11,-245347,-245146
56,138,7,Q12,-180241,-180155
56,138,7,Q13,-180138,-180052
56,138,8,R14,-137914,-137876
56,138,8,R15,-137863,-137825
56,139,6,P10,-245577,-245376
56,139,6,P11,-245348,-245148
56,139,7,Q12,-180242,-180156
56,139,7,Q13,-180139,-180053
56,139,8,R14,-137915,-137877
56,139,8,R15,-137863,-137826
56,140,6,P10,-245579,-245378
56,140,6,P11,-245349,-245149
56,140,7,Q12,-180243,-180157
56,140,7,Q13,-180140,-180054
56,140,8,R14,-137916,-137878
56,140,8,R15,-137864,-137826
56,141,6,P10,-245580,-245379
56,141,6,P11,-245351,-245151
56,141,7,Q12,-180244,-180158
56,141,7,Q13,-180142,-180055
56,141,8,R14,-137917,-137879
56,141,8,R15,-137865,-137827
56,142,6,P10,-245582,-245380
56,142,6,P11,-245352,-245152
56,142,7,Q12,-180245,-180159
56,142,7,Q13,-180143,-180056
56,142,8,R14,-137917,-137879
56,142,8,R15,-137866,-137828
56,143,6,P10,-245583,-245382
56,143,6,P11,-245354,-245154
56,143,7,Q12,-180246,-180160
56,143,7,Q13,-180144,-180057
56,143,8,R14,-137918,-137880
56,143,8,R15,-137867,-137829
56,144,6,P10,-245584,-245383
56,144,6,P11,-245355,-245155
56,144,7,Q12,-180247,-180161
56,144,7,Q13,-180145,-180058
56,144,8,R14,-137919,-137881
56,144,8,R15,-137867,-137829
56,145,6,P10,-245586,-245385
56,145,6,P11,-245356,-245156
56,145,7,Q12,-180248,-180162
56,145,7,Q13,-180146,-180059
56,145,8,R14,-137920,-137882
56,145,8,R15,-137868,-137830
56,146,6,P10,-245587,-245386
56,146,6,P11,-245358,-245158
56,146,7,Q12,-180249,-180163
56,146,7,Q13,-180147,-180060
56,146,8,R14,-137920,-137882
56,146,8,R15,-137869,-137831
56,148,6,P10,-245590,-245388
56,148,6,P11,-245360,-245160
56,148,7,Q12,-180251,-180165
56,148,7,Q13,-180148,-180062
56,148,8,R14,-137922,-137884
56,148,8,R15,-137870,-137832
57,135,6,P10,-254445,-254231
57,135,6,P11,-254199,-253986
57,135,7,Q12,-186745,-186652
57,135,7,Q13,-186635,-186542
57,135,8,R14,-142888,-142847
57,135,8,R15,-142832,-142792
57,137,6,P10,-254448,-254234
57,137,6,P11,-254202,-253989
57,137,7,Q12,-186747,-186655
57,137,7,Q13,-186637,-186544
57,137,8,R14,-142890,-142849
57,137,8,R15,-142834,-142794
57,138,6,P10,-254450,-254236
57,138,6,P11,-254203,-253990
57,138,7,Q12,-186748,-186656
57,138,7,Q13,-186638,-186546
57,138,8,R14,-142890,-142850
57,138,8,R15,-142835,-142794
57,139,6,P10,-254451,-254237
57,139,6,P11,-254205,-253992
57,139,7,Q12,-186749,-186657
57,139,7,Q13,-186639,-186547
57,139,8,R14,-142891,-142850
57,139,8,R15,-142836,-142795
58,136,6,P10,-263479,-263251
58,136,6,P11,-263215,-262989
58,136,7,Q12,-193369,-193270
58,136,7,Q13,-193251,-193152
58,136,8,R14,-147954,-147910
58,136,8,R15,-147894,-147850
58,138,6,P10,-263482,-263255
58,138,6,P11,-263218,-262992
58,138,7,Q12,-193372,-193273
58,138,7,Q13,-193253,-193155
58,138,8,R14,-147955,-147911
58,138,8,R15,-147896,-147852
58,140,6,P10,-263485,-263258
58,140,6,P11,-263221,-262995
58,140,7,Q12,-193374,-193275
58,140,7,Q13,-193256,-193157
58,140,8,R14,-147957,-147913
58,140,8,R15,-147898,-147854
58,142,6,P10,-263488,-263261
58,142,6,P11,-263224,-262998
58,142,7,Q12,-193376,-193277
58,142,7,Q13,-193258,-193159
58,142,8,R14,-147959,-147915
58,142,8,R15,-147899,-147856
58,144,6,P10,-263491,-263264
58,144,6,P11,-263227,-263001
58,144,7,Q12,-193378,-193279
58,144,7,Q13,-193260,-193161
58,144,8,R14,-147960,-147916
58,144,8,R15,-147901,-147857
58,146,6,P10,-263494,-263267
58,146,6,P11,-263230,-263004
58,146,7,Q12,-193380,-193281
58,146,7,Q13,-193262,-193163
58,146,8,R14,-147962,-147918
58,146,8,R15,-147903,-147859
58,148,6,P10,-263497,-263269
58,148,6,P11,-263233,-263006
58,148,7,Q12,-193382,-193283
58,148,7,Q13,-193264,-193165
58,148,8,R14,-147964,-147920
58,148,8,R15,-147904,-147860
59,141,6,P10,-272678,-272437
59,141,6,P11,-272395,-272155
59,141,7,Q12,-200114,-200009
59,141,7,Q13,-199988,-199882
59,141,8,R14,-153111,-153064
59,141,8,R15,-153048,-153001
60,132,6,P10,-282013,-281757
60,132,6,P11,-281710,-281456
60,132,7,Q12,-206959,-206846
60,132,7,Q13,-206823,-206711
60,132,8,R14,-158345,-158294
60,132,8,R15,-158277,-158227
60,134,6,P10,-282017,-281761
60,134,6,P11,-281714,-281460
60,134,7,Q12,-206961,-206849
60,134,7,Q13,-206826,-206713
60,134,8,R14,-158347,-158296
60,134,8,R15,-158279,-158229
60,135,6,P10,-282018,-281763
60,135,6,P11,-281716,-281461
60,135,7,Q12,-206963,-206850
60,135,7,Q13,-206827,-206715
60,135,8,R14,-158348,-158297
60,135,8,R15,-158280,-158230
60,136,6,P10,-282020,-281764
60,136,6,P11,-281718,-281463
60,136,7,Q12,-206964,-206851
60,136,7,Q13,-206828,-206716
60,136,8,R14,-158349,-158298
60,136,8,R15,-158281,-158231
60,137,6,P10,-282022,-281766
60,137,6,P11,-281719,-281465
60,137,7,Q12,-206965,-206852
60,137,7,Q13,-206829,-206717
60,137,8,R14,-158350,-158299
60,137,8,R15,-158282,-158232
60,138,6,P10,-282023,-281768
60,138,6,P11,-281721,-281467
60,138,7,Q12,-206966,-206854
60,138,7,Q13,-206831,-206719
60,138,8,R14,-158351,-158300
60,138,8,R15,-158283,-158232
60,139,6,P10,-282025,-281769
60,139,6,P11,-281723,-281468
60,139,7,Q12,-206968,-206855
60,139,7,Q13,-206832,-206720
60,139,8,R14,-158352,-158301
60,139,8,R15,-158284,-158233
60,140,6,P10,-282027,-281771
60,140,6,P11,-281724,-281470
60,140,7,Q12,-206969,-206856
60,140,7,Q13,-206833,-206721
60,140,8,R14,-158353,-158302
60,140,8,R15,-158285,-158234
60,141,6,P10,-282028,-281773
60,141,6,P11,-281726,-281472
60,141,7,Q12,-206970,-206857
60,141,7,Q13,-206834,-206722
60,141,8,R14,-158354,-158303
60,141,8,R15,-158286,-158235
60,142,6,P10,-282030,-281774
60,142,6,P11,-281727,-281473
60,142,7,Q12,-206971,-206858
60,142,7,Q13,-206836,-206723
60,142,8,R14,-158355,-158304
60,142,8,R15,-158287,-158236
60,143,6,P10,-282032,-281776
60,143,6,P11,-281729,-281475
60,143,7,Q12,-206972,-206860
60,143,7,Q13,-206837,-206724
60,143,8,R14,-158355,-158305
60,143,8,R15,-158287,-158237
60,144,6,P10,-282033,-281777
60,144,6,P11,-281731,-281476
60,144,7,Q12,-206973,-206861
60,144,7,Q13,-206838,-206726
60,144,8,R14,-158356,-158306
60,144,8,R15,-158288,-158238
60,145,6,P10,-282035,-281779
60,145,6,P11,-281732,-281478
60,145,7,Q12,-206975,-206862
60,145,7,Q13,-206839,-206727
60,145,8,R14,-158357,-158307
60,145,8,R15,-158289,-158239
60,146,6,P10,-282036,-281780
60,146,6,P11,-281734,-281479
60,146,7,Q12,-206976,-206863
60,146,7,Q13,-206840,-206728
60,146,8,R14,-158358,-158307
60,146,8,R15,-158290,-158240
60,148,6,P10,-282039,-281783
60,148,6,P11,-281737,-281482
60,148,7,Q12,-206978,-206865
60,148,7,Q13,-206842,-206730
60,148,8,R14,-158360,-158309
60,148,8,R15,-158292,-158241
60,150,6,P10,-282042,-281786
60,150,6,P11,-281740,-281485
60,150,7,Q12,-206980,-206867
60,150,7,Q13,-206844,-206732
60,150,8,R14,-158361,-158311
60,150,8,R15,-158293,-158243
62,138,6,P10,-301201,-300914
62,138,6,P11,-300856,-300571
62,138,7,Q12,-221026,-220898
62,138,7,Q13,-220871,-220744
62,138,8,R14,-169101,-169043
62,138,8,R15,-169023,-168966
62,139,6,P10,-301203,-300916
62,139,6,P11,-300857,-300573
62,139,7,Q12,-221027,-220900
62,139,7,Q13,-220872,-220745
62,139,8,R14,-169102,-169044
62,139,8,R15,-169024,-168967
62,140,6,P10,-301204,-300918
62,140,6,P11,-300859,-300575
62,140,7,Q12,-221028,-220901
62,140,7,Q13,-220874,-220747
62,140,8,R14,-169103,-169045
62,140,8,R15,-169025,-168968
62,141,6,P10,-301206,-300920
62,141,6,P11,-300861,-300576
62,141,7,Q12,-221030,-220902
62,141,7,Q13,-220875,-220748
62,141,8,R14,-169104,-169046
62,141,8,R15,-169026,-168969
62,142,6,P10,-301208,-300921
62,142,6,P11,-300863,-300578
62,142,7,Q12,-221031,-220903
62,142,7,Q13,-220876,-220749
62,142,8,R14,-169105,-169047
62,142,8,R15,-169027,-168970
62,143,6,P10,-301209,-300923
62,143,6,P11,-300864,-300580
62,143,7,Q12,-221032,-220905
62,143,7,Q13,-220877,-220750
62,143,8,R14,-169106,-169048
62,143,8,R15,-169028,-168971
62,144,6,P10,-301211,-300925
62,144,6,P11,-300866,-300581
62,144,7,Q12,-221033,-220906
62,144,7,Q13,-220879,-220752
62,144,8,R14,-169107,-169049
62,144,8,R15,-169029,-168972
62,145,6,P10,-301213,-300926
62,145,6,P11,-300868,-300583
62,145,7,Q12,-221034,-220907
62,145,7,Q13,-220880,-220753
62,145,8,R14,-169108,-169050
62,145,8,R15,-169030,-168972
62,146,6,P10,-301214,-300928
62,146,6,P11,-300869,-300585
62,146,7,Q12,-221036,-220908
62,146,7,Q13,-220881,-220754
62,146,8,R14,-169109,-169051
62,146,8,R15,-169031,-168973
62,147,6,P10,-301216,-300930
62,147,6,P11,-300871,-300586
62,147,7,Q12,-221037,-220909
62,147,7,Q13,-220882,-220755
62,147,8,R14,-169109,-169052
62,147,8,R15,-169032,-168974
62,148,6,P10,-301218,-300931
62,148,6,P11,-300872,-300588
62,148,7,Q12,-221038,-220911
62,148,7,Q13,-220883,-220756
62,148,8,R14,-169110,-169052
62,148,8,R15,-169033,-168975
62,149,6,P10,-301219,-300933
62,149,6,P11,-300874,-300589
62,149,7,Q12,-221039,-220912
62,149,7,Q13,-220884,-220758
62,149,8,R14,-169111,-169053
62,149,8,R15,-169034,-168976
62,150,6,P10,-301221,-300934
62,150,6,P11,-300876,-300591
62,150,7,Q12,-221040,-220913
62,150,7,Q13,-220886,-220759
62,150,8,R14,-169112,-169054
62,150,8,R15,-169034,-168977
62,151,6,P10,-301222,-300936
62,151,6,P11,-300877,-300592
62,151,7,Q12,-221041,-220914
62,151,7,Q13,-220887,-220760
62,151,8,R14,-169113,-169055
62,151,8,R15,-169035,-168978
62,152,6,P10,-301224,-300937
62,152,6,P11,-300879,-300594
62,152,7,Q12,-221043,-220915
62,152,7,Q13,-220888,-220761
62,152,8,R14,-169114,-169056
62,152,8,R15,-169036,-168979
62,153,6,P10,-301225,-300939
62,153,6,P11,-300880,-300595
62,153,7,Q12,-221044,-220916
62,153,7,Q13,-220889,-220762
62,153,8,R14,-169115,-169057
62,153,8,R15,-169037,-168979
62,154,6,P10,-301227,-300940
62,154,6,P11,-300882,-300597
62,154,7,Q12,-221045,-220917
62,154,7,Q13,-220890,-220763
62,154,8,R14,-169115,-169058
62,154,8,R15,-169038,-168980
63,137,6,P10,-311026,-310724
63,137,6,P11,-310658,-310358
63,137,7,Q12,-228228,-228093
63,137,7,Q13,-228063,-227929
63,137,8,R14,-174608,-174546
63,137,8,R15,-174525,-174464
63,138,6,P10,-311028,-310726
63,138,6,P11,-310660,-310359
63,138,7,Q12,-228230,-228094
63,138,7,Q13,-228065,-227930
63,138,8,R14,-174609,-174547
63,138,8,R15,-174526,-174465
63,139,6,P10,-311030,-310727
63,139,6,P11,-310662,-310361
63,139,7,Q12,-228231,-228096
63,139,7,Q13,-228066,-227931
63,139,8,R14,-174610,-174548
63,139,8,R15,-174527,-174466
63,140,6,P10,-311032,-310729
63,140,6,P11,-310664,-310363
63,140,7,Q12,-228232,-228097
63,140,7,Q13,-228067,-227933
63,140,8,R14,-174611,-174549
63,140,8,R15,-174528,-174467
63,141,6,P10,-311034,-310731
63,141,6,P11,-310666,-310365
63,141,7,Q12,-228234,-228098
63,141,7,Q13,-228069,-227934
63,141,8,R14,-174612,-174550
63,141,8,R15,-174529,-174468
63,142,6,P10,-311035,-310733
63,142,6,P11,-310667,-310367
63,142,7,Q12,-228235,-228100
63,142,7,Q13,-228070,-227935
63,142,8,R14,-174613,-174551
63,142,8,R15,-174530,-174469
63,143,6,P10,-311037,-310735
63,143,6,P11,-310669,-310368
63,143,7,Q12,-228236,-228101
63,143,7,Q13,-228071,-227937
63,143,8,R14,-174614,-174552
63,143,8,R15,-174531,-174470
63,144,6,P10,-311039,-310736
63,144,6,P11,-310671,-310370
63,144,7,Q12,-228238,-228102
63,144,7,Q13,-228073,-227938
63,144,8,R14,-174615,-174553
63,144,8,R15,-174532,-174471
63,145,6,P10,-311041,-310738
63,145,6,P11,-310672,-310372
63,145,7,Q12,-228239,-228104
63,145,7,Q13,-228074,-227939
63,145,8,R14,-174616,-174554
63,145,8,R15,-174533,-174472
63,146,6,P10,-311042,-310740
63,146,6,P11,-310674,-310373
63,146,7,Q12,-228240,-228105
63,146,7,Q13,-228075,-227940
63,146,8,R14,-174617,-174555
63,146,8,R15,-174534,-174473
63,147,6,P10,-311044,-310741
63,147,6,P11,-310676,-310375
63,147,7,Q12,-228241,-228106
63,147,7,Q13,-228076,-227942
63,147,8,R14,-174618,-174556
63,147,8,R15,-174535,-174474
63,148,6,P10,-311045,-310743
63,148,6,P11,-310677,-310377
63,148,7,Q12,-228242,-228107
63,148,7,Q13,-228077,-227943
63,148,8,R14,-174619,-174557
63,148,8,R15,-174536,-174474
63,149,6,P10,-311047,-310744
63,149,6,P11,-310679,-310378
63,149,7,Q12,-228244,-228108
63,149,7,Q13,-228079,-227944
63,149,8,R14,-174620,-174558
63,149,8,R15,-174537,-174475
63,150,6,P10,-311049,-310746
63,150,6,P11,-310681,-310380
63,150,7,Q12,-228245,-228109
63,150,7,Q13,-228080,-227945
63,150,8,R14,-174620,-174559
63,150,8,R15,-174538,-174476
63,151,6,P10,-311050,-310748
63,151,6,P11,-310682,-310381
63,151,7,Q12,-228246,-228111
63,151,7,Q13,-228081,-227946
63,151,8,R14,-174621,-174560
63,151,8,R15,-174539,-174477
63,152,6,P10,-311052,-310749
63,152,6,P11,-310684,-310383
63,152,7,Q12,-228247,-228112
63,152,7,Q13,-228082,-227947
63,152,8,R14,-174622,-174560
63,152,8,R15,-174539,-174478
63,153,6,P10,-311053,-310751
63,153,6,P11,-310685,-310384
63,153,7,Q12,-228248,-228113
63,153,7,Q13,-228083,-227948
63,153,8,R14,-174623,-174561
63,153,8,R15,-174540,-174479
63,154,6,P10,-311055,-310752
63,154,6,P11,-310687,-310386
63,154,7,Q12,-228249,-228114
63,154,7,Q13,-228084,-227950
63,154,8,R14,-174624,-174562
63,154,8,R15,-174541,-174480
63,155,6,P10,-311056,-310754
63,155,6,P11,-310688,-310387
63,155,7,Q12,-228250,-228115
63,155,7,Q13,-228085,-227951
63,155,8,R14,-174625,-174563
63,155,8,R15,-174542,-174480
63,156,6,P10,-311058,-310755
63,156,6,P11,-310690,-310389
63,156,7,Q12,-228251,-228116
63,156,7,Q13,-228086,-227952
63,156,8,R14,-174626,-174564
63,156,8,R15,-174543,-174481
63,157,6,P10,-311059,-310757
63,157,6,P11,-310691,-310390
63,157,7,Q12,-228253,-228117
63,157,7,Q13,-228088,-227953
63,157,8,R14,-174626,-174565
63,157,8,R15,-174544,-174482
63,158,6,P10,-311061,-310758
63,158,6,P11,-310693,-310392
63,158,7,Q12,-228254,-228118
63,158,7,Q13,-228089,-227954
63,158,8,R14,-174627,-174565
63,158,8,R15,-174544,-174483
63,159,6,P10,-311062,-310759
63,159,6,P11,-310694,-310393
63,159,7,Q12,-228255,-228119
63,159,7,Q13,-228090,-227955
63,159,8,R14,-174628,-174566
63,159,8,R15,-174545,-174484
64,145,6,P10,-321027,-320708
64,145,6,P11,-320635,-320318
64,145,7,Q12,-235559,-235416
64,145,7,Q13,-235384,-235241
64,145,8,R14,-180213,-180147
64,145,8,R15,-180125,-180059
64,146,6,P10,-321029,-320710
64,146,6,P11,-320637,-320320
64,146,7,Q12,-235561,-235417
64,146,7,Q13,-235385,-235242
64,146,8,R14,-180214,-180148
64,146,8,R15,-180126,-180060
64,148,6,P10,-321033,-320713
64,148,6,P11,-320641,-320323
64,148,7,Q12,-235563,-235420
64,148,7,Q13,-235387,-235245
64,148,8,R14,-180216,-180150
64,148,8,R15,-180128,-180062
64,150,6,P10,-321036,-320717
64,150,6,P11,-320644,-320327
64,150,7,Q12,-235566,-235422
64,150,7,Q13,-235390,-235247
64,150,8,R14,-180217,-180152
64,150,8,R15,-180129,-180064
64,152,6,P10,-321039,-320720
64,152,6,P11,-320647,-320330
64,152,7,Q12,-235568,-235424
64,152,7,Q13,-235392,-235249
64,152,8,R14,-180219,-180154
64,152,8,R15,-180131,-180066
64,154,6,P10,-321042,-320723
64,154,6,P11,-320650,-320333
64,154,7,Q12,-235570,-235427
64,154,7,Q13,-235394,-235252
64,154,8,R14,-180221,-180155
64,154,8,R15,-180133,-180067
64,155,6,P10,-321044,-320724
64,155,6,P11,-320652,-320334
64,155,7,Q12,-235571,-235428
64,155,7,Q13,-235396,-235253
64,155,8,R14,-180222,-180156
64,155,8,R15,-180134,-180068
64,156,6,P10,-321045,-320726
64,156,6,P11,-320653,-320336
64,156,7,Q12,-235572,-235429
64,156,7,Q13,-235397,-235254
64,156,8,R14,-180223,-180157
64,156,8,R15,-180135,-180069
64,157,6,P10,-321047,-320727
64,157,6,P11,-320655,-320337
64,157,7,Q12,-235574,-235430
64,157,7,Q13,-235398,-235255
64,157,8,R14,-180224,-180158
64,157,8,R15,-180136,-180070
64,158,6,P10,-321048,-320729
64,158,6,P11,-320656,-320339
64,158,7,Q12,-235575,-235431
64,158,7,Q13,-235399,-235256
64,158,8,R14,-180224,-180159
64,158,8,R15,-180136,-180071
64,160,6,P10,-321051,-320732
64,160,6,P11,-320659,-320342
64,160,7,Q12,-235577,-235433
64,160,7,Q13,-235401,-235258
64,160,8,R14,-180226,-180160
64,160,8,R15,-180138,-180072
65,147,6,P10,-331177,-330841
65,147,6,P11,-330760,-330426
65,147,7,Q12,-242999,-242847
65,147,7,Q13,-242812,-242661
65,147,8,R14,-185900,-185830
65,147,8,R15,-185807,-185737
65,148,6,P10,-331179,-330843
65,148,6,P11,-330762,-330427
65,148,7,Q12,-243000,-242848
65,148,7,Q13,-242813,-242662
65,148,8,R14,-185901,-185831
65,148,8,R15,-185808,-185738
65,149,6,P10,-331181,-330844
65,149,6,P11,-330763,-330429
65,149,7,Q12,-243001,-242850
65,149,7,Q13,-242814,-242663
65,149,8,R14,-185902,-185832
65,149,8,R15,-185809,-185739
65,150,6,P10,-331182,-330846
65,150,6,P11,-330765,-330431
65,150,7,Q12,-243003,-242851
65,150,7,Q13,-242816,-242664
65,150,8,R14,-185903,-185833
65,150,8,R15,-185810,-185740
65,151,6,P10,-331184,-330848
65,151,6,P11,-330767,-330432
65,151,7,Q12,-243004,-242852
65,151,7,Q13,-242817,-242666
65,151,8,R14,-185904,-185834
65,151,8,R15,-185810,-185741
65,152,6,P10,-331186,-330849
65,152,6,P11,-330768,-330434
65,152,7,Q12,-243005,-242853
65,152,7,Q13,-242818,-242667
65,152,8,R14,-185905,-185835
65,152,8,R15,-185811,-185742
65,153,6,P10,-331187,-330851
65,153,6,P11,-330770,-330436
65,153,7,Q12,-243006,-242854
65,153,7,Q13,-242819,-242668
65,153,8,R14,-185906,-185836
65,153,8,R15,-185812,-185743
65,154,6,P10,-331189,-330852
65,154,6,P11,-330772,-330437
65,154,7,Q12,-243007,-242856
65,154,7,Q13,-242820,-242669
65,154,8,R14,-185907,-185837
65,154,8,R15,-185813,-185743
65,155,6,P10,-331191,-330854
65,155,6,P11,-330773,-330439
65,155,7,Q12,-243009,-242857
65,155,7,Q13,-242822,-242670
65,155,8,R14,-185908,-185838
65,155,8,R15,-185814,-185744
65,157,6,P10,-331194,-330857
65,157,6,P11,-330776,-330442
65,157,7,Q12,-243011,-242859
65,157,7,Q13,-242824,-242673
65,157,8,R14,-185910,-185840
65,157,8,R15,-185816,-185746
65,159,6,P10,-331197,-330860
65,159,6,P11,-330779,-330445
65,159,7,Q12,-243013,-242861
65,159,7,Q13,-242826,-242675
65,159,8,R14,-185911,-185841
65,159,8,R15,-185818,-185748
66,146,6,P10,-341481,-341127
66,146,6,P11,-341038,-340686
66,146,7,Q12,-250551,-250390
66,146,7,Q13,-250352,-250192
66,146,8,R14,-191674,-191600
66,146,8,R15,-191574,-191500
66,148,6,P10,-341485,-341131
66,148,6,P11,-341041,-340689
66,148,7,Q12,-250554,-250393
66,148,7,Q13,-250355,-250195
66,148,8,R14,-191676,-191602
66,148,8,R15,-191576,-191502
66,149,6,P10,-341487,-341132
66,149,6,P11,-341043,-340691
66,149,7,Q12,-250555,-250394
66,149,7,Q13,-250356,-250196
66,149,8,R14,-191677,-191603
66,149,8,R15,-191577,-191503
66,150,6,P10,-341488,-341134
66,150,6,P11,-341045,-340693
66,150,7,Q12,-250556,-250396
66,150,7,Q13,-250357,-250197
66,150,8,R14,-191678,-191604
66,150,8,R15,-191578,-191504
66,151,6,P10,-341490,-341136
66,151,6,P11,-341047,-340694
66,151,7,Q12,-250557,-250397
66,151,7,Q13,-250359,-250199
66,151,8,R14,-191679,-191604
66,151,8,R15,-191579,-191505
66,152,6,P10,-341492,-341137
66,152,6,P11,-341048,-340696
66,152,7,Q12,-250559,-250398
66,152,7,Q13,-250360,-250200
66,152,8,R14,-191680,-191605
66,152,8,R15,-191580,-191506
66,153,6,P10,-341494,-341139
66,153,6,P11,-341050,-340698
66,153,7,Q12,-250560,-250399
66,153,7,Q13,-250361,-250201
66,153,8,R14,-191681,-191606
66,153,8,R15,-191581,-191507
66,154,6,P10,-341495,-341141
66,154,6,P11,-341052,-340699
66,154,7,Q12,-250561,-250400
66,154,7,Q13,-250362,-250202
66,154,8,R14,-191682,-191607
66,154,8,R15,-191582,-191508
66,155,6,P10,-341497,-341142
66,155,6,P11,-341053,-340701
66,155,7,Q12,-250562,-250402
66,155,7,Q13,-250364,-250204
66,155,8,R14,-191683,-191608
66,155,8,R15,-191583,-191509
66,156,6,P10,-341499,-341144
66,156,6,P11,-341055,-340703
66,156,7,Q12,-250564,-250403
66,156,7,Q13,-250365,-250205
66,156,8,R14,-191683,-191609
66,156,8,R15,-191584,-191510
66,157,6,P10,-341500,-341146
66,157,6,P11,-341056,-340704
66,157,7,Q12,-250565,-250404
66,157,7,Q13,-250366,-250206
66,157,8,R14,-191684,-191610
66,157,8,R15,-191585,-191511
66,158,6,P10,-341502,-341147
66,158,6,P11,-341058,-340706
66,158,7,Q12,-250566,-250405
66,158,7,Q13,-250367,-250207
66,158,8,R14,-191685,-191611
66,158,8,R15,-191586,-191511
66,159,6,P10,-341503,-341149
66,159,6,P11,-341060,-340707
66,159,7,Q12,-250567,-250406
66,159,7,Q13,-250368,-250208
66,159,8,R14,-191686,-191612
66,159,8,R15,-191586,-191512
66,160,6,P10,-341505,-341150
66,160,6,P11,-341061,-340709
66,160,7,Q12,-250568,-250407
66,160,7,Q13,-250369,-250209
66,160,8,R14,-191687,-191613
66,160,8,R15,-191587,-191513
66,161,6,P10,-341506,-341152
66,161,6,P11,-341063,-340710
66,161,7,Q12,-250569,-250408
66,161,7,Q13,-250370,-250210
66,161,8,R14,-191688,-191613
66,161,8,R15,-191588,-191514
66,162,6,P10,-341508,-341153
66,162,6,P11,-341064,-340712
66,162,7,Q12,-250570,-250410
66,162,7,Q13,-250371,-250211
66,162,8,R14,-191689,-191614
66,162,8,R15,-191589,-191515
66,163,6,P10,-341509,-341155
66,163,6,P11,-341066,-340713
66,163,7,Q12,-250571,-250411
66,163,7,Q13,-250373,-250213
66,163,8,R14,-191689,-191615
66,163,8,R15,-191590,-191516
66,164,6,P10,-341511,-341156
66,164,6,P11,-341067,-340715
66,164,7,Q12,-250572,-250412
66,164,7,Q13,-250374,-250214
66,164,8,R14,-191690,-191616
66,164,8,R15,-191591,-191516
67,151,6,P10,-351956,-351583
67,151,6,P11,-351484,-351114
67,151,7,Q12,-258227,-258058
67,151,7,Q13,-258016,-257847
67,151,8,R14,-197542,-197463
67,151,8,R15,-197436,-197358
67,152,6,P10,-351958,-351585
67,152,6,P11,-351486,-351116
67,152,7,Q12,-258229,-258059
67,152,7,Q13,-258017,-257849
67,152,8,R14,-197543,-197464
67,152,8,R15,-197437,-197359
67,153,6,P10,-351959,-351586
67,153,6,P11,-351488,-351117
67,153,7,Q12,-258230,-258060
67,153,7,Q13,-258019,-257850
67,153,8,R14,-197544,-197465
67,153,8,R15,-197438,-197360
67,154,6,P10,-351961,-351588
67,154,6,P11,-351490,-351119
67,154,7,Q12,-258231,-258061
67,154,7,Q13,-258020,-257851
67,154,8,R14,-197545,-197466
67,154,8,R15,-197439,-197361
67,155,6,P10,-351963,-351590
67,155,6,P11,-351491,-351121
67,155,7,Q12,-258232,-258063
67,155,7,Q13,-258021,-257852
67,155,8,R14,-197546,-197467
67,155,8,R15,-197440,-197362
67,156,6,P10,-351964,-351591
67,156,6,P11,-351493,-351122
67,156,7,Q12,-258234,-258064
67,156,7,Q13,-258022,-257853
67,156,8,R14,-197547,-197468
67,156,8,R15,-197441,-197362
67,157,6,P10,-351966,-351593
67,157,6,P11,-351495,-351124
67,157,7,Q12,-258235,-258065
67,157,7,Q13,-258024,-257855
67,157,8,R14,-197548,-197469
67,157,8,R15,-197442,-197363
67,158,6,P10,-351968,-351595
67,158,6,P11,-351496,-351126
67,158,7,Q12,-258236,-258066
67,158,7,Q13,-258025,-257856
67,158,8,R14,-197549,-197470
67,158,8,R15,-197443,-197364
67,159,6,P10,-351969,-351596
67,159,6,P11,-351498,-351127
67,159,7,Q12,-258237,-258067
67,159,7,Q13,-258026,-257857
67,159,8,R14,-197550,-197471
67,159,8,R15,-197444,-197365
67,160,6,P10,-351971,-351598
67,160,6,P11,-351499,-351129
67,160,7,Q12,-258238,-258069
67,160,7,Q13,-258027,-257858
67,160,8,R14,-197551,-197472
67,160,8,R15,-197445,-197366
67,161,6,P10,-351972,-351599
67,161,6,P11,-351501,-351130
67,161,7,Q12,-258240,-258070
67,161,7,Q13,-258028,-257859
67,161,8,R14,-197551,-197472
67,161,8,R15,-197446,-197367
67,162,6,P10,-351974,-351601
67,162,6,P11,-351502,-351132
67,162,7,Q12,-258241,-258071
67,162,7,Q13,-258029,-257860
67,162,8,R14,-197552,-197473
67,162,8,R15,-197446,-197368
67,163,6,P10,-351975,-351602
67,163,6,P11,-351504,-351133
67,163,7,Q12,-258242,-258072
67,163,7,Q13,-258031,-257861
67,163,8,R14,-197553,-197474
67,163,8,R15,-197447,-197369
67,165,6,P10,-351978,-351605
67,165,6,P11,-351507,-351136
67,165,7,Q12,-258244,-258074
67,165,7,Q13,-258033,-257864
67,165,8,R14,-197555,-197476
67,165,8,R15,-197449,-197370
68,150,6,P10,-362579,-362187
68,150,6,P11,-362079,-361690
68,150,7,Q12,-266013,-265833
68,150,7,Q13,-265788,-265610
68,150,8,R14,-203493,-203410
68,150,8,R15,-203381,-203298
68,152,6,P10,-362583,-362191
68,152,6,P11,-362082,-361693
68,152,7,Q12,-266015,-265836
68,152,7,Q13,-265791,-265613
68,152,8,R14,-203495,-203412
68,152,8,R15,-203383,-203300
68,154,6,P10,-362586,-362194
68,154,6,P11,-362086,-361697
68,154,7,Q12,-266018,-265839
68,154,7,Q13,-265794,-265615
68,154,8,R14,-203497,-203414
68,154,8,R15,-203385,-203302
68,156,6,P10,-362590,-362198
68,156,6,P11,-362089,-361700
68,156,7,Q12,-266020,-265841
68,156,7,Q13,-265796,-265618
68,156,8,R14,-203499,-203416
68,156,8,R15,-203387,-203304
68,158,6,P10,-362593,-362201
68,158,6,P11,-362093,-361703
68,158,7,Q12,-266023,-265844
68,158,7,Q13,-265799,-265620
68,158,8,R14,-203501,-203417
68,158,8,R15,-203389,-203305
68,160,6,P10,-362596,-362204
68,160,6,P11,-362096,-361707
68,160,7,Q12,-266025,-265846
68,160,7,Q13,-265801,-265623
68,160,8,R14,-203503,-203419
68,160,8,R15,-203391,-203307
68,162,6,P10,-362600,-362207
68,162,6,P11,-362099,-361710
68,162,7,Q12,-266028,-265848
68,162,7,Q13,-265803,-265625
68,162,8,R14,-203505,-203421
68,162,8,R15,-203393,-203309
68,164,6,P10,-362603,-362211
68,164,6,P11,-362102,-361713
68,164,7,Q12,-266030,-265851
68,164,7,Q13,-265806,-265627
68,164,8,R14,-203507,-203423
68,164,8,R15,-203394,-203311
68,166,6,P10,-362606,-362214
68,166,6,P11,-362105,-361716
68,166,7,Q12,-266032,-265853
68,166,7,Q13,-265808,-265629
68,166,8,R14,-203508,-203425
68,166,8,R15,-203396,-203312
68,167,6,P10,-362607,-362215
68,167,6,P11,-362107,-361717
68,167,7,Q12,-266033,-265854
68,167,7,Q13,-265809,-265631
68,167,8,R14,-203509,-203425
68,167,8,R15,-203397,-203313
68,168,6,P10,-362609,-362216
68,168,6,P11,-362108,-361719
68,168,7,Q12,-266034,-265855
68,168,7,Q13,-265810,-265632
68,168,8,R14,-203510,-203426
68,168,8,R15,-203398,-203314
68,170,6,P10,-362612,-362219
68,170,6,P11,-362111,-361722
68,170,7,Q12,-266036,-265857
68,170,7,Q13,-265812,-265634
68,170,8,R14,-203512,-203428
68,170,8,R15,-203399,-203316
69,153,6,P10,-373369,-372958
69,153,6,P11,-372839,-372430
69,153,7,Q12,-273920,-273731
69,153,7,Q13,-273682,-273494
69,153,8,R14,-209538,-209449
69,153,8,R15,-209418,-209330
69,154,6,P10,-373371,-372960
69,154,6,P11,-372841,-372432
69,154,7,Q12,-273921,-273732
69,154,7,Q13,-273683,-273495
69,154,8,R14,-209539,-209450
69,154,8,R15,-209419,-209331
69,156,6,P10,-373375,-372963
69,156,6,P11,-372844,-372436
69,156,7,Q12,-273924,-273735
69,156,7,Q13,-273686,-273498
69,156,8,R14,-209541,-209452
69,156,8,R15,-209421,-209333
69,157,6,P10,-373377,-372965
69,157,6,P11,-372846,-372437
69,157,7,Q12,-273925,-273736
69,157,7,Q13,-273687,-273499
69,157,8,R14,-209541,-209453
69,157,8,R15,-209422,-209334
69,158,6,P10,-373378,-372967
69,158,6,P11,-372848,-372439
69,158,7,Q12,-273926,-273737
69,158,7,Q13,-273688,-273500
69,158,8,R14,-209542,-209454
69,158,8,R15,-209423,-209335
69,159,6,P10,-373380,-372968
69,159,6,P11,-372849,-372441
69,159,7,Q12,-273927,-273738
69,159,7,Q13,-273690,-273501
69,159,8,R14,-209543,-209455
69,159,8,R15,-209424,-209336
69,160,6,P10,-373382,-372970
69,160,6,P11,-372851,-372442
69,160,7,Q12,-273929,-273739
69,160,7,Q13,-273691,-273503
69,160,8,R14,-209544,-209456
69,160,8,R15,-209425,-209337
69,161,6,P10,-373383,-372972
69,161,6,P11,-372853,-372444
69,161,7,Q12,-273930,-273741
69,161,7,Q13,-273692,-273504
69,161,8,R14,-209545,-209457
69,161,8,R15,-209426,-209338
69,162,6,P10,-373385,-372973
69,162,6,P11,-372854,-372446
69,162,7,Q12,-273931,-273742
69,162,7,Q13,-273693,-273505
69,162,8,R14,-209546,-209457
69,162,8,R15,-209427,-209339
69,163,6,P10,-373387,-372975
69,163,6,P11,-372856,-372447
69,163,7,Q12,-273932,-273743
69,163,7,Q13,-273694,-273506
69,163,8,R14,-209547,-209458
69,163,8,R15,-209428,-209340
69,164,6,P10,-373388,-372976
69,164,6,P11,-372858,-372449
69,164,7,Q12,-273933,-273744
69,164,7,Q13,-273696,-273507
69,164,8,R14,-209548,-209459
69,164,8,R15,-209429,-209340
69,165,6,P10,-373390,-372978
69,165,6,P11,-372859,-372450
69,165,7,Q12,-273934,-273745
69,165,7,Q13,-273697,-273509
69,165,8,R14,-209549,-209460
69,165,8,R15,-209430,-209341
69,166,6,P10,-373391,-372979
69,166,6,P11,-372861,-372452
69,166,7,Q12,-273936,-273747
69,166,7,Q13,-273698,-273510
69,166,8,R14,-209550,-209461
69,166,8,R15,-209431,-209342
69,167,6,P10,-373393,-372981
69,167,6,P11,-372862,-372453
69,167,7,Q12,-273937,-273748
69,167,7,Q13,-273699,-273511
69,167,8,R14,-209551,-209462
69,167,8,R15,-209431,-209343
69,168,6,P10,-373394,-372982
69,168,6,P11,-372864,-372455
69,168,7,Q12,-273938,-273749
69,168,7,Q13,-273700,-273512
69,168,8,R14,-209551,-209463
69,168,8,R15,-209432,-209344
69,169,6,P10,-373396,-372984
69,169,6,P11,-372865,-372456
69,169,7,Q12,-273939,-273750
69,169,7,Q13,-273701,-273513
69,169,8,R14,-209552,-209464
69,169,8,R15,-209433,-209345
69,170,6,P10,-373397,-372985
69,170,6,P11,-372867,-372458
69,170,7,Q12,-273940,-273751
69,170,7,Q13,-273702,-273514
69,170,8,R14,-209553,-209464
69,170,8,R15,-209434,-209346
69,171,6,P10,-373399,-372987
69,171,6,P11,-372868,-372459
69,171,7,Q12,-273941,-273752
69,171,7,Q13,-273703,-273515
69,171,8,R14,-209554,-209465
69,171,8,R15,-209435,-209346
69,172,6,P10,-373400,-372988
69,172,6,P11,-372870,-372461
69,172,7,Q12,-273942,-273753
69,172,7,Q13,-273704,-273516
69,172,8,R14,-209555,-209466
69,172,8,R15,-209436,-209347
70,152,6,P10,-384312,-383880
70,152,6,P11,-383750,-383321
70,152,7,Q12,-281938,-281739
70,152,7,Q13,-281686,-281488
70,152,8,R14,-215666,-215573
70,152,8,R15,-215540,-215447
70,154,6,P10,-384316,-383884
70,154,6,P11,-383754,-383325
70,154,7,Q12,-281941,-281742
70,154,7,Q13,-281689,-281491
70,154,8,R14,-215669,-215575
70,154,8,R15,-215542,-215449
70,155,6,P10,-384318,-383886
70,155,6,P11,-383756,-383327
70,155,7,Q12,-281942,-281743
70,155,7,Q13,-281690,-281492
70,155,8,R14,-215670,-215576
70,155,8,R15,-215543,-215450
70,156,6,P10,-384320,-383888
70,156,6,P11,-383758,-383329
70,156,7,Q12,-281943,-281744
70,156,7,Q13,-281691,-281493
70,156,8,R14,-215671,-215577
70,156,8,R15,-215544,-215451
70,157,6,P10,-384322,-383890
70,157,6,P11,-383759,-383331
70,157,7,Q12,-281945,-281745
70,157,7,Q13,-281693,-281495
70,157,8,R14,-215672,-215578
70,157,8,R15,-215545,-215452
70,158,6,P10,-384323,-383891
70,158,6,P11,-383761,-383332
70,158,7,Q12,-281946,-281747
70,158,7,Q13,-281694,-281496
70,158,8,R14,-215673,-215579
70,158,8,R15,-215546,-215453
70,159,6,P10,-384325,-383893
70,159,6,P11,-383763,-383334
70,159,7,Q12,-281947,-281748
70,159,7,Q13,-281695,-281497
70,159,8,R14,-215674,-215580
70,159,8,R15,-215547,-215454
70,160,6,P10,-384327,-383895
70,160,6,P11,-383765,-383336
70,160,7,Q12,-281948,-281749
70,160,7,Q13,-281697,-281498
70,160,8,R14,-215675,-215581
70,160,8,R15,-215548,-215455
70,161,6,P10,-384329,-383896
70,161,6,P11,-383766,-383337
70,161,7,Q12,-281950,-281751
70,161,7,Q13,-281698,-281500
70,161,8,R14,-215675,-215582
70,161,8,R15,-215549,-215456
70,162,6,P10,-384330,-383898
70,162,6,P11,-383768,-383339
70,162,7,Q12,-281951,-281752
70,162,7,Q13,-281699,-281501
70,162,8,R14,-215676,-215583
70,162,8,R15,-215550,-215457
70,163,6,P10,-384332,-383900
70,163,6,P11,-383770,-383341
70,163,7,Q12,-281952,-281753
70,163,7,Q13,-281700,-281502
70,163,8,R14,-215677,-215583
70,163,8,R15,-215551,-215458
70,164,6,P10,-384334,-383901
70,164,6,P11,-383771,-383342
70,164,7,Q12,-281953,-281754
70,164,7,Q13,-281702,-281503
70,164,8,R14,-215678,-215584
70,164,8,R15,-215552,-215458
70,165,6,P10,-384335,-383903
70,165,6,P11,-383773,-383344
70,165,7,Q12,-281955,-281755
70,165,7,Q13,-281703,-281504
70,165,8,R14,-215679,-215585
70,165,8,R15,-215553,-215459
70,166,6,P10,-384337,-383905
70,166,6,P11,-383775,-383346
70,166,7,Q12,-281956,-281757
70,166,7,Q13,-281704,-281506
70,166,8,R14,-215680,-215586
70,166,8,R15,-215554,-215460
70,167,6,P10,-384338,-383906
70,167,6,P11,-383776,-383347
70,167,7,Q12,-281957,-281758
70,167,7,Q13,-281705,-281507
70,167,8,R14,-215681,-215587
70,167,8,R15,-215555,-215461
70,168,6,P10,-384340,-383908
70,168,6,P11,-383778,-383349
70,168,7,Q12,-281958,-281759
70,168,7,Q13,-281706,-281508
70,168,8,R14,-215682,-215588
70,168,8,R15,-215556,-215462
70,169,6,P10,-384341,-383909
70,169,6,P11,-383779,-383350
70,169,7,Q12,-281959,-281760
70,169,7,Q13,-281707,-281509
70,169,8,R14,-215683,-215589
70,169,8,R15,-215556,-215463
70,170,6,P10,-384343,-383911
70,170,6,P11,-383781,-383352
70,170,7,Q12,-281960,-281761
70,170,7,Q13,-281708,-281510
70,170,8,R14,-215684,-215590
70,170,8,R15,-215557,-215464
70,171,6,P10,-384345,-383912
70,171,6,P11,-383782,-383353
70,171,7,Q12,-281961,-281762
70,171,7,Q13,-281710,-281511
70,171,8,R14,-215684,-215590
70,171,8,R15,-215558,-215465
70,172,6,P10,-384346,-383914
70,172,6,P11,-383784,-383355
70,172,7,Q12,-281962,-281763
70,172,7,Q13,-281711,-281512
70,172,8,R14,-215685,-215591
70,172,8,R15,-215559,-215465
70,173,6,P10,-384347,-383915
70,173,6,P11,-383785,-383356
70,173,7,Q12,-281964,-281764
70,173,7,Q13,-281712,-281513
70,173,8,R14,-215686,-215592
70,173,8,R15,-215560,-215466
70,174,6,P10,-384349,-383917
70,174,6,P11,-383787,-383358
70,174,7,Q12,-281965,-281765
70,174,7,Q13,-281713,-281515
70,174,8,R14,-215687,-215593
70,174,8,R15,-215561,-215467
70,175,6,P10,-384350,-383918
70,175,6,P11,-383788,-383359
70,175,7,Q12,-281966,-281766
70,175,7,Q13,-281714,-281516
70,175,8,R14,-215688,-215594
70,175,8,R15,-215561,-215468
70,176,6,P10,-384352,-383920
70,176,6,P11,-383790,-383360
70,176,7,Q12,-281967,-281767
70,176,7,Q13,-281715,-281517
70,176,8,R14,-215688,-215595
70,176,8,R15,-215562,-215469
71,161,6,P10,-395434,-394981
71,161,6,P11,-394839,-394389
71,161,7,Q12,-290086,-289877
71,161,7,Q13,-289820,-289611
71,161,8,R14,-221895,-221795
71,161,8,R15,-221761,-221662
71,162,6,P10,-395435,-394982
71,162,6,P11,-394840,-394391
71,162,7,Q12,-290088,-289878
71,162,7,Q13,-289821,-289612
71,162,8,R14,-221896,-221796
71,162,8,R15,-221762,-221663
71,163,6,P10,-395437,-394984
71,163,6,P11,-394842,-394392
71,163,7,Q12,-290089,-289879
71,163,7,Q13,-289822,-289614
71,163,8,R14,-221897,-221797
71,163,8,R15,-221763,-221664
71,164,6,P10,-395439,-394986
71,164,6,P11,-394844,-394394
71,164,7,Q12,-290090,-289880
71,164,7,Q13,-289823,-289615
71,164,8,R14,-221897,-221798
71,164,8,R15,-221764,-221665
71,165,6,P10,-395440,-394987
71,165,6,P11,-394845,-394396
71,165,7,Q12,-290091,-289882
71,165,7,Q13,-289825,-289616
71,165,8,R14,-221898,-221799
71,165,8,R15,-221765,-221666
71,166,6,P10,-395442,-394989
71,166,6,P11,-394847,-394397
71,166,7,Q12,-290092,-289883
71,166,7,Q13,-289826,-289617
71,166,8,R14,-221899,-221800
71,166,8,R15,-221766,-221667
71,167,6,P10,-395444,-394991
71,167,6,P11,-394849,-394399
71,167,7,Q12,-290094,-289884
71,167,7,Q13,-289827,-289618
71,167,8,R14,-221900,-221801
71,167,8,R15,-221767,-221668
71,168,6,P10,-395445,-394992
71,168,6,P11,-394850,-394400
71,168,7,Q12,-290095,-289885
71,168,7,Q13,-289828,-289620
71,168,8,R14,-221901,-221802
71,168,8,R15,-221768,-221669
71,169,6,P10,-395447,-394994
71,169,6,P11,-394852,-394402
71,169,7,Q12,-290096,-289886
71,169,7,Q13,-289829,-289621
71,169,8,R14,-221902,-221803
71,169,8,R15,-221768,-221669
71,170,6,P10,-395449,-394995
71,170,6,P11,-394853,-394404
71,170,7,Q12,-290097,-289887
71,170,7,Q13,-289831,-289622
71,170,8,R14,-221903,-221804
71,170,8,R15,-221769,-221670
71,171,6,P10,-395450,-394997
71,171,6,P11,-394855,-394405
71,171,7,Q12,-290098,-289889
71,171,7,Q13,-289832,-289623
71,171,8,R14,-221904,-221804
71,171,8,R15,-221770,-221671
71,172,6,P10,-395452,-394998
71,172,6,P11,-394856,-394407
71,172,7,Q12,-290099,-289890
71,172,7,Q13,-289833,-289624
71,172,8,R14,-221905,-221805
71,172,8,R15,-221771,-221672
71,173,6,P10,-395453,-395000
71,173,6,P11,-394858,-394408
71,173,7,Q12,-290101,-289891
71,173,7,Q13,-289834,-289625
71,173,8,R14,-221905,-221806
71,173,8,R15,-221772,-221673
71,174,6,P10,-395455,-395001
71,174,6,P11,-394860,-394410
71,174,7,Q12,-290102,-289892
71,174,7,Q13,-289835,-289626
71,174,8,R14,-221906,-221807
71,174,8,R15,-221773,-221674
71,175,6,P10,-395456,-395003
71,175,6,P11,-394861,-394411
71,175,7,Q12,-290103,-289893
71,175,7,Q13,-289836,-289627
71,175,8,R14,-221907,-221808
71,175,8,R15,-221774,-221675
71,176,6,P10,-395458,-395004
71,176,6,P11,-394862,-394413
71,176,7,Q12,-290104,-289894
71,176,7,Q13,-289837,-289629
71,176,8,R14,-221908,-221809
71,176,8,R15,-221774,-221675
71,177,6,P10,-395459,-395006
71,177,6,P11,-394864,-394414
71,177,7,Q12,-290105,-289895
71,177,7,Q13,-289838,-289630
71,177,8,R14,-221909,-221809
71,177,8,R15,-221775,-221676
71,178,6,P10,-395460,-395007
71,178,6,P11,-394865,-394415
71,178,7,Q12,-290106,-289896
71,178,7,Q13,-289839,-289631
71,178,8,R14,-221910,-221810
71,178,8,R15,-221776,-221677
71,179,6,P10,-395462,-395009
71,179,6,P11,-394867,-394417
71,179,7,Q12,-290107,-289897
71,179,7,Q13,-289840,-289632
71,179,8,R14,-221910,-221811
71,179,8,R15,-221777,-221678
72,170,6,P10,-406714,-406239
72,170,6,P11,-406084,-405613
72,170,7,Q12,-298351,-298130
72,170,7,Q13,-298069,-297849
72,170,8,R14,-228211,-228106
72,170,8,R15,-228070,-227965
72,171,6,P10,-406716,-406241
72,171,6,P11,-406086,-405615
72,171,7,Q12,-298352,-298131
72,171,7,Q13,-298070,-297851
72,171,8,R14,-228212,-228107
72,171,8,R15,-228071,-227966
72,172,6,P10,-406717,-406242
72,172,6,P11,-406088,-405617
72,172,7,Q12,-298353,-298133
72,172,7,Q13,-298071,-297852
72,172,8,R14,-228213,-228108
72,172,8,R15,-228072,-227967
72,173,6,P10,-406719,-406244
72,173,6,P11,-406089,-405618
72,173,7,Q12,-298354,-298134
72,173,7,Q13,-298072,-297853
72,173,8,R14,-228214,-228109
72,173,8,R15,-228072,-227968
72,174,6,P10,-406720,-406246
72,174,6,P11,-406091,-405620
72,174,7,Q12,-298355,-298135
72,174,7,Q13,-298073,-297854
72,174,8,R14,-228215,-228110
72,174,8,R15,-228073,-227969
72,175,6,P10,-406722,-406247
72,175,6,P11,-406092,-405621
72,175,7,Q12,-298356,-298136
72,175,7,Q13,-298074,-297855
72,175,8,R14,-228215,-228111
72,175,8,R15,-228074,-227970
72,176,6,P10,-406723,-406249
72,176,6,P11,-406094,-405623
72,176,7,Q12,-298358,-298137
72,176,7,Q13,-298076,-297856
72,176,8,R14,-228216,-228111
72,176,8,R15,-228075,-227971
72,177,6,P10,-406725,-406250
72,177,6,P11,-406095,-405624
72,177,7,Q12,-298359,-298138
72,177,7,Q13,-298077,-297857
72,177,8,R14,-228217,-228112
72,177,8,R15,-228076,-227971
72,178,6,P10,-406726,-406252
72,178,6,P11,-406097,-405626
72,178,7,Q12,-298360,-298139
72,178,7,Q13,-298078,-297858
72,178,8,R14,-228218,-228113
72,178,8,R15,-228077,-227972
72,179,6,P10,-406728,-406253
72,179,6,P11,-406098,-405627
72,179,7,Q12,-298361,-298140
72,179,7,Q13,-298079,-297859
72,179,8,R14,-228219,-228114
72,179,8,R15,-228078,-227973
72,180,6,P10,-406729,-406254
72,180,6,P11,-406100,-405628
72,180,7,Q12,-298362,-298141
72,180,7,Q13,-298080,-297860
72,180,8,R14,-228220,-228115
72,180,8,R15,-228078,-227974
72,182,6,P10,-406732,-406257
72,182,6,P11,-406102,-405631
72,182,7,Q12,-298364,-298143
72,182,7,Q13,-298082,-297862
72,182,8,R14,-228221,-228116
72,182,8,R15,-228080,-227975
73,181,6,P10,-418157,-417660
73,181,6,P11,-417491,-416998
73,181,7,Q12,-306734,-306502
73,181,7,Q13,-306435,-306205
73,181,8,R14,-234618,-234507
73,181,8,R15,-234469,-234358
74,180,6,P10,-429742,-429222
74,180,6,P11,-429039,-428523
74,180,7,Q12,-315220,-314977
74,180,7,Q13,-314905,-314663
74,180,8,R14,-241104,-240987
74,180,8,R15,-240946,-240830
74,182,6,P10,-429744,-429225
74,182,6,P11,-429042,-428526
74,182,7,Q12,-315222,-314979
74,182,7,Q13,-314907,-314665
74,182,8,R14,-241105,-240989
74,182,8,R15,-240947,-240831
74,183,6,P10,-429746,-429226
74,183,6,P11,-429043,-428527
74,183,7,Q12,-315223,-314980
74,183,7,Q13,-314908,-314666
74,183,8,R14,-241106,-240989
74,183,8,R15,-240948,-240832
74,184,6,P10,-429747,-429228
74,184,6,P11,-429044,-428529
74,184,7,Q12,-315224,-314981
74,184,7,Q13,-314909,-314667
74,184,8,R14,-241107,-240990
74,184,8,R15,-240949,-240833
74,186,6,P10,-429750,-429230
74,186,6,P11,-429047,-428532
74,186,7,Q12,-315226,-314983
74,186,7,Q13,-314911,-314670
74,186,8,R14,-241108,-240992
74,186,8,R15,-240951,-240835
75,185,6,P10,-441496,-440952
75,185,6,P11,-440754,-440215
75,185,7,Q12,-323830,-323575
75,185,7,Q13,-323497,-323244
75,185,8,R14,-247683,-247560
75,185,8,R15,-247517,-247394
75,187,6,P10,-441499,-440955
75,187,6,P11,-440757,-440218
75,187,7,Q12,-323832,-323577
75,187,7,Q13,-323500,-323246
75,187,8,R14,-247685,-247562
75,187,8,R15,-247518,-247396
76,184,6,P10,-453401,-452834
76,184,6,P11,-452619,-452056
76,184,7,Q12,-332550,-332282
76,184,7,Q13,-332199,-331934
76,184,8,R14,-254347,-254218
76,184,8,R15,-254171,-254043
76,186,6,P10,-453404,-452837
76,186,6,P11,-452622,-452059
76,186,7,Q12,-332552,-332285
76,186,7,Q13,-332202,-331936
76,186,8,R14,-254349,-254219
76,186,8,R15,-254173,-254044
76,187,6,P10,-453406,-452838
76,187,6,P11,-452623,-452060
76,187,7,Q12,-332553,-332286
76,187,7,Q13,-332203,-331937
76,187,8,R14,-254349,-254220
76,187,8,R15,-254174,-254045
76,188,6,P10,-453407,-452840
76,188,6,P11,-452625,-452062
76,188,7,Q12,-332554,-332287
76,188,7,Q13,-332204,-331938
76,188,8,R14,-254350,-254221
76,188,8,R15,-254175,-254046
76,189,6,P10,-453409,-452841
76,189,6,P11,-452626,-452063
76,189,7,Q12,-332555,-332288
76,189,7,Q13,-332205,-331939
76,189,8,R14,-254351,-254222
76,189,8,R15,-254176,-254047
76,190,6,P10,-453410,-452843
76,190,6,P11,-452628,-452065
76,190,7,Q12,-332556,-332289
76,190,7,Q13,-332206,-331940
76,190,8,R14,-254352,-254223
76,190,8,R15,-254176,-254048
76,192,6,P10,-453413,-452845
76,192,6,P11,-452630,-452068
76,192,7,Q12,-332558,-332291
76,192,7,Q13,-332208,-331942
76,192,8,R14,-254354,-254224
76,192,8,R15,-254178,-254049
77,182,6,P10,-465466,-464873
77,182,6,P11,-464641,-464054
77,182,7,Q12,-341386,-341106
77,182,7,Q13,-341016,-340738
77,182,8,R14,-261099,-260963
77,182,8,R15,-260914,-260779
77,183,6,P10,-465467,-464875
77,183,6,P11,-464643,-464055
77,183,7,Q12,-341387,-341107
77,183,7,Q13,-341018,-340739
77,183,8,R14,-261100,-260964
77,183,8,R15,-260915,-260780
77,184,6,P10,-465469,-464877
77,184,6,P11,-464644,-464057
77,184,7,Q12,-341388,-341108
77,184,7,Q13,-341019,-340740
77,184,8,R14,-261101,-260965
77,184,8,R15,-260916,-260780
77,185,6,P10,-465471,-464878
77,185,6,P11,-464646,-464058
77,185,7,Q12,-341389,-341109
77,185,7,Q13,-341020,-340741
77,185,8,R14,-261102,-260966
77,185,8,R15,-260916,-260781
77,186,6,P10,-465472,-464880
77,186,6,P11,-464647,-464060
77,186,7,Q12,-341390,-341110
77,186,7,Q13,-341021,-340743
77,186,8,R14,-261102,-260967
77,186,8,R15,-260917,-260782
77,187,6,P10,-465474,-464881
77,187,6,P11,-464649,-464061
77,187,7,Q12,-341391,-341111
77,187,7,Q13,-341022,-340744
77,187,8,R14,-261103,-260967
77,187,8,R15,-260918,-260783
77,188,6,P10,-465475,-464883
77,188,6,P11,-464650,-464063
77,188,7,Q12,-341393,-341113
77,188,7,Q13,-341023,-340745
77,188,8,R14,-261104,-260968
77,188,8,R15,-260919,-260784
77,189,6,P10,-465477,-464884
77,189,6,P11,-464652,-464064
77,189,7,Q12,-341394,-341114
77,189,7,Q13,-341024,-340746
77,189,8,R14,-261105,-260969
77,189,8,R15,-260920,-260785
77,191,6,P10,-465480,-464887
77,191,6,P11,-464655,-464067
77,191,7,Q12,-341396,-341116
77,191,7,Q13,-341026,-340748
77,191,8,R14,-261107,-260971
77,191,8,R15,-260922,-260786
77,193,6,P10,-465482,-464890
77,193,6,P11,-464658,-464070
77,193,7,Q12,-341398,-341118
77,193,7,Q13,-341029,-340750
77,193,8,R14,-261108,-260972
77,193,8,R15,-260923,-260788
78,178,6,P10,-477687,-477070
78,178,6,P11,-476819,-476206
78,178,7,Q12,-350336,-350043
78,178,7,Q13,-349947,-349656
78,178,8,R14,-267938,-267795
78,178,8,R15,-267743,-267601
78,179,6,P10,-477689,-477071
78,179,6,P11,-476820,-476208
78,179,7,Q12,-350337,-350044
78,179,7,Q13,-349948,-349657
78,179,8,R14,-267939,-267796
78,179,8,R15,-267744,-267602
78,180,6,P10,-477691,-477073
78,180,6,P11,-476822,-476209
78,180,7,Q12,-350339,-350045
78,180,7,Q13,-349950,-349658
78,180,8,R14,-267940,-267797
78,180,8,R15,-267745,-267603
78,181,6,P10,-477693,-477075
78,181,6,P11,-476824,-476211
78,181,7,Q12,-350340,-350047
78,181,7,Q13,-349951,-349659
78,181,8,R14,-267941,-267798
78,181,8,R15,-267746,-267604
78,182,6,P10,-477694,-477076
78,182,6,P11,-476825,-476213
78,182,7,Q12,-350341,-350048
78,182,7,Q13,-349952,-349661
78,182,8,R14,-267942,-267799
78,182,8,R15,-267747,-267605
78,183,6,P10,-477696,-477078
78,183,6,P11,-476827,-476214
78,183,7,Q12,-350342,-350049
78,183,7,Q13,-349953,-349662
78,183,8,R14,-267943,-267800
78,183,8,R15,-267748,-267606
78,184,6,P10,-477697,-477079
78,184,6,P11,-476829,-476216
78,184,7,Q12,-350343,-350050
78,184,7,Q13,-349954,-349663
78,184,8,R14,-267943,-267801
78,184,8,R15,-267749,-267607
78,185,6,P10,-477699,-477081
78,185,6,P11,-476830,-476218
78,185,7,Q12,-350345,-350051
78,185,7,Q13,-349956,-349664
78,185,8,R14,-267944,-267802
78,185,8,R15,-267749,-267607
78,186,6,P10,-477701,-477083
78,186,6,P11,-476832,-476219
78,186,7,Q12,-350346,-350053
78,186,7,Q13,-349957,-349665
78,186,8,R14,-267945,-267803
78,186,8,R15,-267750,-267608
78,187,6,P10,-477702,-477084
78,187,6,P11,-476833,-476221
78,187,7,Q12,-350347,-350054
78,187,7,Q13,-349958,-349666
78,187,8,R14,-267946,-267803
78,187,8,R15,-267751,-267609
78,188,6,P10,-477704,-477086
78,188,6,P11,-476835,-476222
78,188,7,Q12,-350348,-350055
78,188,7,Q13,-349959,-349668
78,188,8,R14,-267947,-267804
78,188,8,R15,-267752,-267610
78,189,6,P10,-477705,-477087
78,189,6,P11,-476836,-476224
78,189,7,Q12,-350349,-350056
78,189,7,Q13,-349960,-349669
78,189,8,R14,-267948,-267805
78,189,8,R15,-267753,-267611
78,190,6,P10,-477707,-477089
78,190,6,P11,-476838,-476225
78,190,7,Q12,-350350,-350057
78,190,7,Q13,-349961,-349670
78,190,8,R14,-267949,-267806
78,190,8,R15,-267754,-267612
78,191,6,P10,-477708,-477090
78,191,6,P11,-476839,-476227
78,191,7,Q12,-350351,-350058
78,191,7,Q13,-349962,-349671
78,191,8,R14,-267950,-267807
78,191,8,R15,-267755,-267613
78,192,6,P10,-477710,-477092
78,192,6,P11,-476841,-476228
78,192,7,Q12,-350352,-350059
78,192,7,Q13,-349963,-349672
78,192,8,R14,-267950,-267808
78,192,8,R15,-267755,-267613
78,193,6,P10,-477711,-477093
78,193,6,P11,-476842,-476230
78,193,7,Q12,-350353,-350060
78,193,7,Q13,-349964,-349673
78,193,8,R14,-267951,-267809
78,193,8,R15,-267756,-267614
78,194,6,P10,-477713,-477095
78,194,6,P11,-476844,-476231
78,194,7,Q12,-350354,-350061
78,194,7,Q13,-349965,-349674
78,194,8,R14,-267952,-267809
78,194,8,R15,-267757,-267615
78,195,6,P10,-477714,-477096
78,195,6,P11,-476845,-476233
78,195,7,Q12,-350356,-350062
78,195,7,Q13,-349967,-349675
78,195,8,R14,-267953,-267810
78,195,8,R15,-267758,-267616
78,196,6,P10,-477715,-477097
78,196,6,P11,-476847,-476234
78,196,7,Q12,-350357,-350063
78,196,7,Q13,-349968,-349676
78,196,8,R14,-267954,-267811
78,196,8,R15,-267759,-267617
78,198,6,P10,-477718,-477100
78,198,6,P11,-476849,-476237
78,198,7,Q12,-350359,-350066
78,198,7,Q13,-349970,-349678
78,198,8,R14,-267955,-267812
78,198,8,R15,-267760,-267618
79,183,6,P10,-490085,-489441
79,183,6,P11,-489170,-488532
79,183,7,Q12,-359414,-359108
79,183,7,Q13,-359005,-358700
79,183,8,R14,-274874,-274725
79,183,8,R15,-274669,-274520
79,184,6,P10,-490087,-489442
79,184,6,P11,-489172,-488534
79,184,7,Q12,-359416,-359109
79,184,7,Q13,-359006,-358702
79,184,8,R14,-274875,-274726
79,184,8,R15,-274670,-274521
79,185,6,P10,-490088,-489444
79,185,6,P11,-489174,-488535
79,185,7,Q12,-359417,-359110
79,185,7,Q13,-359007,-358703
79,185,8,R14,-274876,-274727
79,185,8,R15,-274671,-274522
79,186,6,P10,-490090,-489446
79,186,6,P11,-489175,-488537
79,186,7,Q12,-359418,-359112
79,186,7,Q13,-359009,-358704
79,186,8,R14,-274877,-274728
79,186,8,R15,-274672,-274523
79,187,6,P10,-490091,-489447
79,187,6,P11,-489177,-488538
79,187,7,Q12,-359419,-359113
79,187,7,Q13,-359010,-358705
79,187,8,R14,-274878,-274728
79,187,8,R15,-274673,-274524
79,188,6,P10,-490093,-489449
79,188,6,P11,-489178,-488540
79,188,7,Q12,-359420,-359114
79,188,7,Q13,-359011,-358706
79,188,8,R14,-274879,-274729
79,188,8,R15,-274674,-274525
79,189,6,P10,-490094,-489450
79,189,6,P11,-489180,-488541
79,189,7,Q12,-359421,-359115
79,189,7,Q13,-359012,-358707
79,189,8,R14,-274880,-274730
79,189,8,R15,-274675,-274526
79,190,6,P10,-490096,-489452
79,190,6,P11,-489181,-488543
79,190,7,Q12,-359423,-359116
79,190,7,Q13,-359013,-358709
79,190,8,R14,-274881,-274731
79,190,8,R15,-274676,-274527
79,191,6,P10,-490098,-489453
79,191,6,P11,-489183,-488545
79,191,7,Q12,-359424,-359117
79,191,7,Q13,-359014,-358710
79,191,8,R14,-274882,-274732
79,191,8,R15,-274677,-274527
79,192,6,P10,-490099,-489455
79,192,6,P11,-489185,-488546
79,192,7,Q12,-359425,-359118
79,192,7,Q13,-359015,-358711
79,192,8,R14,-274882,-274733
79,192,8,R15,-274677,-274528
79,193,6,P10,-490101,-489456
79,193,6,P11,-489186,-488548
79,193,7,Q12,-359426,-359119
79,193,7,Q13,-359017,-358712
79,193,8,R14,-274883,-274734
79,193,8,R15,-274678,-274529
79,194,6,P10,-490102,-489458
79,194,6,P11,-489188,-488549
79,194,7,Q12,-359427,-359121
79,194,7,Q13,-359018,-358713
79,194,8,R14,-274884,-274734
79,194,8,R15,-274679,-274530
79,195,6,P10,-490104,-489459
79,195,6,P11,-489189,-488551
79,195,7,Q12,-359428,-359122
79,195,7,Q13,-359019,-358714
79,195,8,R14,-274885,-274735
79,195,8,R15,-274680,-274531
79,196,6,P10,-490105,-489461
79,196,6,P11,-489190,-488552
79,196,7,Q12,-359429,-359123
79,196,7,Q13,-359020,-358715
79,196,8,R14,-274886,-274736
79,196,8,R15,-274681,-274532
79,197,6,P10,-490106,-489462
79,197,6,P11,-489192,-488553
79,197,7,Q12,-359430,-359124
79,197,7,Q13,-359021,-358716
79,197,8,R14,-274887,-274737
79,197,8,R15,-274681,-274532
79,198,6,P10,-490108,-489464
79,198,6,P11,-489193,-488555
79,198,7,Q12,-359431,-359125
79,198,7,Q13,-359022,-358717
79,198,8,R14,-274887,-274738
79,198,8,R15,-274682,-274533
79,199,6,P10,-490109,-489465
79,199,6,P11,-489195,-488556
79,199,7,Q12,-359432,-359126
79,199,7,Q13,-359023,-358718
79,199,8,R14,-274888,-274738
79,199,8,R15,-274683,-274534
80,181,6,P10,-502631,-501960
80,181,6,P11,-501669,-501004
80,181,7,Q12,-368601,-368281
80,181,7,Q13,-368171,-367852
80,181,8,R14,-281894,-281737
80,181,8,R15,-281678,-281522
80,182,6,P10,-502633,-501962
80,182,6,P11,-501671,-501006
80,182,7,Q12,-368603,-368282
80,182,7,Q13,-368172,-367854
80,182,8,R14,-281895,-281738
80,182,8,R15,-281679,-281523
80,183,6,P10,-502635,-501964
80,183,6,P11,-501673,-501008
80,183,7,Q12,-368604,-368284
80,183,7,Q13,-368173,-367855
80,183,8,R14,-281896,-281739
80,183,8,R15,-281680,-281524
80,184,6,P10,-502636,-501965
80,184,6,P11,-501674,-501009
80,184,7,Q12,-368605,-368285
80,184,7,Q13,-368174,-367856
80,184,8,R14,-281896,-281740
80,184,8,R15,-281681,-281525
80,185,6,P10,-502638,-501967
80,185,6,P11,-501676,-501011
80,185,7,Q12,-368606,-368286
80,185,7,Q13,-368176,-367857
80,185,8,R14,-281897,-281740
80,185,8,R15,-281682,-281525
80,186,6,P10,-502640,-501969
80,186,6,P11,-501678,-501013
80,186,7,Q12,-368607,-368287
80,186,7,Q13,-368177,-367858
80,186,8,R14,-281898,-281741
80,186,8,R15,-281683,-281526
80,187,6,P10,-502641,-501970
80,187,6,P11,-501679,-501014
80,187,7,Q12,-368609,-368288
80,187,7,Q13,-368178,-367860
80,187,8,R14,-281899,-281742
80,187,8,R15,-281684,-281527
80,188,6,P10,-502643,-501972
80,188,6,P11,-501681,-501016
80,188,7,Q12,-368610,-368290
80,188,7,Q13,-368179,-367861
80,188,8,R14,-281900,-281743
80,188,8,R15,-281684,-281528
80,189,6,P10,-502645,-501974
80,189,6,P11,-501683,-501018
80,189,7,Q12,-368611,-368291
80,189,7,Q13,-368180,-367862
80,189,8,R14,-281901,-281744
80,189,8,R15,-281685,-281529
80,190,6,P10,-502646,-501975
80,190,6,P11,-501684,-501019
80,190,7,Q12,-368612,-368292
80,190,7,Q13,-368182,-367863
80,190,8,R14,-281902,-281745
80,190,8,R15,-281686,-281530
80,191,6,P10,-502648,-501977
80,191,6,P11,-501686,-501021
80,191,7,Q12,-368613,-368293
80,191,7,Q13,-368183,-367864
80,191,8,R14,-281903,-281746
80,191,8,R15,-281687,-281531
80,192,6,P10,-502649,-501978
80,192,6,P11,-501687,-501022
80,192,7,Q12,-368615,-368294
80,192,7,Q13,-368184,-367866
80,192,8,R14,-281904,-281747
80,192,8,R15,-281688,-281532
80,193,6,P10,-502651,-501980
80,193,6,P11,-501689,-501024
80,193,7,Q12,-368616,-368295
80,193,7,Q13,-368185,-367867
80,193,8,R14,-281905,-281748
80,193,8,R15,-281689,-281533
80,194,6,P10,-502652,-501981
80,194,6,P11,-501690,-501025
80,194,7,Q12,-368617,-368296
80,194,7,Q13,-368186,-367868
80,194,8,R14,-281905,-281748
80,194,8,R15,-281690,-281533
80,195,6,P10,-502654,-501983
80,195,6,P11,-501692,-501027
80,195,7,Q12,-368618,-368298
80,195,7,Q13,-368187,-367869
80,195,8,R14,-281906,-281749
80,195,8,R15,-281691,-281534
80,196,6,P10,-502655,-501984
80,196,6,P11,-501693,-501028
80,196,7,Q12,-368619,-368299
80,196,7,Q13,-368188,-367870
80,196,8,R14,-281907,-281750
80,196,8,R15,-281691,-281535
80,197,6,P10,-502657,-501986
80,197,6,P11,-501695,-501030
80,197,7,Q12,-368620,-368300
80,197,7,Q13,-368189,-367871
80,197,8,R14,-281908,-281751
80,197,8,R15,-281692,-281536
80,198,6,P10,-502658,-501987
80,198,6,P11,-501696,-501031
80,198,7,Q12,-368621,-368301
80,198,7,Q13,-368190,-367872
80,198,8,R14,-281909,-281752
80,198,8,R15,-281693,-281537
80,199,6,P10,-502660,-501989
80,199,6,P11,-501698,-501033
80,199,7,Q12,-368622,-368302
80,199,7,Q13,-368192,-367873
80,199,8,R14,-281910,-281753
80,199,8,R15,-281694,-281538
80,200,6,P10,-502661,-501990
80,200,6,P11,-501699,-501034
80,200,7,Q12,-368623,-368303
80,200,7,Q13,-368193,-367874
80,200,8,R14,-281910,-281753
80,200,8,R15,-281695,-281538
80,201,6,P10,-502663,-501992
80,201,6,P11,-501701,-501036
80,201,7,Q12,-368624,-368304
80,201,7,Q13,-368194,-367875
80,201,8,R14,-281911,-281754
80,201,8,R15,-281695,-281539
80,202,6,P10,-502664,-501993
80,202,6,P11,-501702,-501037
80,202,7,Q12,-368625,-368305
80,202,7,Q13,-368195,-367876
80,202,8,R14,-281912,-281755
80,202,8,R15,-281696,-281540
80,203,6,P10,-502666,-501994
80,203,6,P11,-501703,-501038
80,203,7,Q12,-368626,-368306
80,203,7,Q13,-368196,-367877
80,203,8,R14,-281913,-281756
80,203,8,R15,-281697,-281541
80,204,6,P10,-502667,-501996
80,204,6,P11,-501705,-501040
80,204,7,Q12,-368627,-368307
80,204,7,Q13,-368197,-367878
80,204,8,R14,-281914,-281757
80,204,8,R15,-281698,-281542
80,205,6,P10,-502668,-501997
80,205,6,P11,-501706,-501041
80,205,7,Q12,-368628,-368308
80,205,7,Q13,-368198,-367879
80,205,8,R14,-281914,-281757
80,205,8,R15,-281699,-281542
80,206,6,P10,-502670,-501998
80,206,6,P11,-501708,-501042
80,206,7,Q12,-368629,-368309
80,206,7,Q13,-368199,-367880
80,206,8,R14,-281915,-281758
80,206,8,R15,-281699,-281543
81,188,6,P10,-515354,-514655
81,188,6,P11,-514343,-513650
81,188,7,Q12,-377917,-377582
81,188,7,Q13,-377464,-377131
81,188,8,R14,-289011,-288846
81,188,8,R15,-288784,-288620
81,190,6,P10,-515357,-514659
81,190,6,P11,-514346,-513654
81,190,7,Q12,-377919,-377584
81,190,7,Q13,-377466,-377134
81,190,8,R14,-289012,-288848
81,190,8,R15,-288786,-288622
81,191,6,P10,-515359,-514660
81,191,6,P11,-514348,-513655
81,191,7,Q12,-377920,-377586
81,191,7,Q13,-377467,-377135
81,191,8,R14,-289013,-288849
81,191,8,R15,-288787,-288623
81,192,6,P10,-515361,-514662
81,192,6,P11,-514349,-513657
81,192,7,Q12,-377921,-377587
81,192,7,Q13,-377469,-377136
81,192,8,R14,-289014,-288850
81,192,8,R15,-288787,-288624
81,193,6,P10,-515362,-514663
81,193,6,P11,-514351,-513658
81,193,7,Q12,-377922,-377588
81,193,7,Q13,-377470,-377137
81,193,8,R14,-289015,-288851
81,193,8,R15,-288788,-288625
81,194,6,P10,-515364,-514665
81,194,6,P11,-514352,-513660
81,194,7,Q12,-377924,-377589
81,194,7,Q13,-377471,-377139
81,194,8,R14,-289016,-288851
81,194,8,R15,-288789,-288625
81,195,6,P10,-515365,-514667
81,195,6,P11,-514354,-513662
81,195,7,Q12,-377925,-377590
81,195,7,Q13,-377472,-377140
81,195,8,R14,-289017,-288852
81,195,8,R15,-288790,-288626
81,196,6,P10,-515367,-514668
81,196,6,P11,-514355,-513663
81,196,7,Q12,-377926,-377591
81,196,7,Q13,-377473,-377141
81,196,8,R14,-289018,-288853
81,196,8,R15,-288791,-288627
81,197,6,P10,-515368,-514670
81,197,6,P11,-514357,-513665
81,197,7,Q12,-377927,-377592
81,197,7,Q13,-377474,-377142
81,197,8,R14,-289019,-288854
81,197,8,R15,-288792,-288628
81,198,6,P10,-515370,-514671
81,198,6,P11,-514358,-513666
81,198,7,Q12,-377928,-377594
81,198,7,Q13,-377475,-377143
81,198,8,R14,-289019,-288855
81,198,8,R15,-288793,-288629
81,199,6,P10,-515371,-514673
81,199,6,P11,-514360,-513668
81,199,7,Q12,-377929,-377595
81,199,7,Q13,-377476,-377144
81,199,8,R14,-289020,-288856
81,199,8,R15,-288793,-288630
81,200,6,P10,-515373,-514674
81,200,6,P11,-514361,-513669
81,200,7,Q12,-377930,-377596
81,200,7,Q13,-377478,-377145
81,200,8,R14,-289021,-288857
81,200,8,R15,-288794,-288631
81,201,6,P10,-515374,-514675
81,201,6,P11,-514363,-513671
81,201,7,Q12,-377931,-377597
81,201,7,Q13,-377479,-377146
81,201,8,R14,-289022,-288857
81,201,8,R15,-288795,-288631
81,202,6,P10,-515376,-514677
81,202,6,P11,-514364,-513672
81,202,7,Q12,-377932,-377598
81,202,7,Q13,-377480,-377147
81,202,8,R14,-289023,-288858
81,202,8,R15,-288796,-288632
81,203,6,P10,-515377,-514678
81,203,6,P11,-514366,-513673
81,203,7,Q12,-377933,-377599
81,203,7,Q13,-377481,-377148
81,203,8,R14,-289023,-288859
81,203,8,R15,-288797,-288633
81,204,6,P10,-515379,-514680
81,204,6,P11,-514367,-513675
81,204,7,Q12,-377935,-377600
81,204,7,Q13,-377482,-377149
81,204,8,R14,-289024,-288860
81,204,8,R15,-288798,-288634
81,205,6,P10,-515380,-514681
81,205,6,P11,-514369,-513676
81,205,7,Q12,-377936,-377601
81,205,7,Q13,-377483,-377150
81,205,8,R14,-289025,-288861
81,205,8,R15,-288798,-288635
81,207,6,P10,-515383,-514684
81,207,6,P11,-514371,-513679
81,207,7,Q12,-377938,-377603
81,207,7,Q13,-377485,-377152
81,207,8,R14,-289027,-288862
81,207,8,R15,-288800,-288636
81,208,6,P10,-515384,-514685
81,208,6,P11,-514373,-513680
81,208,7,Q12,-377939,-377604
81,208,7,Q13,-377486,-377153
81,208,8,R14,-289027,-288863
81,208,8,R15,-288801,-288637
82,182,6,P10,-528216,-527489
82,182,6,P11,-527153,-526433
82,182,7,Q12,-387333,-386984
82,182,7,Q13,-386857,-386510
82,182,8,R14,-296204,-296032
82,182,8,R15,-295966,-295795
82,183,6,P10,-528217,-527491
82,183,6,P11,-527155,-526435
82,183,7,Q12,-387334,-386985
82,183,7,Q13,-386858,-386512
82,183,8,R14,-296205,-296033
82,183,8,R15,-295967,-295796
82,184,6,P10,-528219,-527492
82,184,6,P11,-527157,-526437
82,184,7,Q12,-387335,-386986
82,184,7,Q13,-386860,-386513
82,184,8,R14,-296206,-296034
82,184,8,R15,-295968,-295797
82,185,6,P10,-528221,-527494
82,185,6,P11,-527158,-526438
82,185,7,Q12,-387337,-386988
82,185,7,Q13,-386861,-386514
82,185,8,R14,-296207,-296035
82,185,8,R15,-295969,-295798
82,186,6,P10,-528223,-527496
82,186,6,P11,-527160,-526440
82,186,7,Q12,-387338,-386989
82,186,7,Q13,-386862,-386516
82,186,8,R14,-296208,-296036
82,186,8,R15,-295970,-295799
82,187,6,P10,-528224,-527498
82,187,6,P11,-527162,-526442
82,187,7,Q12,-387339,-386990
82,187,7,Q13,-386864,-386517
82,187,8,R14,-296209,-296037
82,187,8,R15,-295971,-295800
82,188,6,P10,-528226,-527499
82,188,6,P11,-527164,-526443
82,188,7,Q12,-387340,-386991
82,188,7,Q13,-386865,-386518
82,188,8,R14,-296210,-296038
82,188,8,R15,-295972,-295801
82,189,6,P10,-528228,-527501
82,189,6,P11,-527165,-526445
82,189,7,Q12,-387342,-386993
82,189,7,Q13,-386866,-386519
82,189,8,R14,-296211,-296039
82,189,8,R15,-295973,-295802
82,190,6,P10,-528230,-527503
82,190,6,P11,-527167,-526447
82,190,7,Q12,-387343,-386994
82,190,7,Q13,-386867,-386521
82,190,8,R14,-296212,-296040
82,190,8,R15,-295974,-295802
82,191,6,P10,-528231,-527504
82,191,6,P11,-527169,-526448
82,191,7,Q12,-387344,-386995
82,191,7,Q13,-386869,-386522
82,191,8,R14,-296213,-296041
82,191,8,R15,-295975,-295803
82,192,6,P10,-528233,-527506
82,192,6,P11,-527170,-526450
82,192,7,Q12,-387345,-386996
82,192,7,Q13,-386870,-386523
82,192,8,R14,-296214,-296042
82,192,8,R15,-295976,-295804
82,193,6,P10,-528234,-527507
82,193,6,P11,-527172,-526452
82,193,7,Q12,-387347,-386997
82,193,7,Q13,-386871,-386524
82,193,8,R14,-296215,-296043
82,193,8,R15,-295977,-295805
82,194,6,P10,-528236,-527509
82,194,6,P11,-527173,-526453
82,194,7,Q12,-387348,-386999
82,194,7,Q13,-386872,-386525
82,194,8,R14,-296216,-296043
82,194,8,R15,-295978,-295806
82,195,6,P10,-528238,-527511
82,195,6,P11,-527175,-526455
82,195,7,Q12,-387349,-387000
82,195,7,Q13,-386873,-386526
82,195,8,R14,-296217,-296044
82,195,8,R15,-295978,-295807
82,196,6,P10,-528239,-527512
82,196,6,P11,-527177,-526456
82,196,7,Q12,-387350,-387001
82,196,7,Q13,-386874,-386528
82,196,8,R14,-296218,-296045
82,196,8,R15,-295979,-295808
82,197,6,P10,-528241,-527514
82,197,6,P11,-527178,-526458
82,197,7,Q12,-387351,-387002
82,197,7,Q13,-386876,-386529
82,197,8,R14,-296218,-296046
82,197,8,R15,-295980,-295809
82,198,6,P10,-528242,-527515
82,198,6,P11,-527180,-526459
82,198,7,Q12,-387352,-387003
82,198,7,Q13,-386877,-386530
82,198,8,R14,-296219,-296047
82,198,8,R15,-295981,-295810
82,199,6,P10,-528244,-527517
82,199,6,P11,-527181,-526461
82,199,7,Q12,-387353,-387004
82,199,7,Q13,-386878,-386531
82,199,8,R14,-296220,-296048
82,199,8,R15,-295982,-295810
82,200,6,P10,-528245,-527518
82,200,6,P11,-527183,-526463
82,200,7,Q12,-387355,-387005
82,200,7,Q13,-386879,-386532
82,200,8,R14,-296221,-296049
82,200,8,R15,-295983,-295811
82,201,6,P10,-528247,-527520
82,201,6,P11,-527184,-526464
82,201,7,Q12,-387356,-387007
82,201,7,Q13,-386880,-386533
82,201,8,R14,-296222,-296050
82,201,8,R15,-295984,-295812
82,202,6,P10,-528248,-527521
82,202,6,P11,-527186,-526465
82,202,7,Q12,-387357,-387008
82,202,7,Q13,-386881,-386534
82,202,8,R14,-296223,-296050
82,202,8,R15,-295984,-295813
82,203,6,P10,-528250,-527523
82,203,6,P11,-527187,-526467
82,203,7,Q12,-387358,-387009
82,203,7,Q13,-386882,-386535
82,203,8,R14,-296223,-296051
82,203,8,R15,-295985,-295814
82,204,6,P10,-528251,-527524
82,204,6,P11,-527189,-526468
82,204,7,Q12,-387359,-387010
82,204,7,Q13,-386883,-386536
82,204,8,R14,-296224,-296052
82,204,8,R15,-295986,-295815
82,205,6,P10,-528253,-527526
82,205,6,P11,-527190,-526470
82,205,7,Q12,-387360,-387011
82,205,7,Q13,-386884,-386537
82,205,8,R14,-296225,-296053
82,205,8,R15,-295987,-295815
82,206,6,P10,-528254,-527527
82,206,6,P11,-527191,-526471
82,206,7,Q12,-387361,-387012
82,206,7,Q13,-386885,-386538
82,206,8,R14,-296226,-296054
82,206,8,R15,-295988,-295816
82,207,6,P10,-528256,-527528
82,207,6,P11,-527193,-526473
82,207,7,Q12,-387362,-387013
82,207,7,Q13,-386886,-386539
82,207,8,R14,-296227,-296054
82,207,8,R15,-295988,-295817
82,208,6,P10,-528257,-527530
82,208,6,P11,-527194,-526474
82,208,7,Q12,-387363,-387014
82,208,7,Q13,-386887,-386540
82,208,8,R14,-296227,-296055
82,208,8,R15,-295989,-295818
82,209,6,P10,-528258,-527531
82,209,6,P11,-527196,-526475
82,209,7,Q12,-387364,-387015
82,209,7,Q13,-386888,-386541
82,209,8,R14,-296228,-296056
82,209,8,R15,-295990,-295819
82,210,6,P10,-528260,-527533
82,210,6,P11,-527197,-526477
82,210,7,Q12,-387365,-387016
82,210,7,Q13,-386889,-386542
82,210,8,R14,-296229,-296057
82,210,8,R15,-295991,-295819
82,211,6,P10,-528261,-527534
82,211,6,P11,-527198,-526478
82,211,7,Q12,-387366,-387017
82,211,7,Q13,-386890,-386543
82,211,8,R14,-296230,-296057
82,211,8,R15,-295992,-295820
82,212,6,P10,-528262,-527535
82,212,6,P11,-527200,-526479
82,212,7,Q12,-387367,-387018
82,212,7,Q13,-386891,-386544
82,212,8,R14,-296231,-296058
82,212,8,R15,-295992,-295821
82,214,6,P10,-528265,-527538
82,214,6,P11,-527202,-526482
82,214,7,Q12,-387369,-387020
82,214,7,Q13,-386893,-386546
82,214,8,R14,-296232,-296060
82,214,8,R15,-295994,-295822
83,202,6,P10,-541282,-540526
83,202,6,P11,-540166,-539418
83,202,7,Q12,-396898,-396534
83,202,7,Q13,-396399,-396037
83,202,8,R14,-303512,-303332
83,202,8,R15,-303262,-303082
83,203,6,P10,-541284,-540528
83,203,6,P11,-540168,-539419
83,203,7,Q12,-396899,-396535
83,203,7,Q13,-396400,-396038
83,203,8,R14,-303513,-303332
83,203,8,R15,-303263,-303083
83,204,6,P10,-541285,-540529
83,204,6,P11,-540169,-539421
83,204,7,Q12,-396901,-396536
83,204,7,Q13,-396401,-396039
83,204,8,R14,-303513,-303333
83,204,8,R15,-303263,-303084
83,205,6,P10,-541287,-540531
83,205,6,P11,-540171,-539422
83,205,7,Q12,-396902,-396537
83,205,7,Q13,-396402,-396040
83,205,8,R14,-303514,-303334
83,205,8,R15,-303264,-303085
83,206,6,P10,-541288,-540532
83,206,6,P11,-540172,-539423
83,206,7,Q12,-396903,-396539
83,206,7,Q13,-396403,-396042
83,206,8,R14,-303515,-303335
83,206,8,R15,-303265,-303086
83,207,6,P10,-541290,-540533
83,207,6,P11,-540174,-539425
83,207,7,Q12,-396904,-396540
83,207,7,Q13,-396404,-396043
83,207,8,R14,-303516,-303336
83,207,8,R15,-303266,-303086
83,208,6,P10,-541291,-540535
83,208,6,P11,-540175,-539426
83,208,7,Q12,-396905,-396541
83,208,7,Q13,-396405,-396044
83,208,8,R14,-303517,-303336
83,208,8,R15,-303267,-303087
83,209,6,P10,-541292,-540536
83,209,6,P11,-540177,-539428
83,209,7,Q12,-396906,-396542
83,209,7,Q13,-396406,-396045
83,209,8,R14,-303518,-303337
83,209,8,R15,-303267,-303088
83,210,6,P10,-541294,-540538
83,210,6,P11,-540178,-539429
83,210,7,Q12,-396907,-396543
83,210,7,Q13,-396408,-396046
83,210,8,R14,-303518,-303338
83,210,8,R15,-303268,-303089
83,212,6,P10,-541297,-540540
83,212,6,P11,-540181,-539432
83,212,7,Q12,-396909,-396545
83,212,7,Q13,-396410,-396048
83,212,8,R14,-303520,-303340
83,212,8,R15,-303270,-303090
83,213,6,P10,-541298,-540542
83,213,6,P11,-540182,-539433
83,213,7,Q12,-396910,-396546
83,213,7,Q13,-396411,-396049
83,213,8,R14,-303521,-303340
83,213,8,R15,-303271,-303091
84,192,6,P10,-554461,-553675
84,192,6,P11,-553290,-552512
84,192,7,Q12,-406545,-406166
84,192,7,Q13,-406021,-405644
84,192,8,R14,-310881,-310693
84,192,8,R15,-310619,-310431
84,194,6,P10,-554465,-553679
84,194,6,P11,-553294,-552515
84,194,7,Q12,-406548,-406168
84,194,7,Q13,-406024,-405647
84,194,8,R14,-310883,-310695
84,194,8,R15,-310621,-310433
84,196,6,P10,-554468,-553682
84,196,6,P11,-553297,-552519
84,196,7,Q12,-406550,-406171
84,196,7,Q13,-406026,-405649
84,196,8,R14,-310885,-310697
84,196,8,R15,-310623,-310435
84,198,6,P10,-554471,-553685
84,198,6,P11,-553300,-552522
84,198,7,Q12,-406553,-406173
84,198,7,Q13,-406029,-405652
84,198,8,R14,-310887,-310698
84,198,8,R15,-310624,-310437
84,200,6,P10,-554474,-553688
84,200,6,P11,-553303,-552525
84,200,7,Q12,-406555,-406175
84,200,7,Q13,-406031,-405654
84,200,8,R14,-310889,-310700
84,200,8,R15,-310626,-310439
84,202,6,P10,-554477,-553691
84,202,6,P11,-553306,-552528
84,202,7,Q12,-406557,-406178
84,202,7,Q13,-406033,-405656
84,202,8,R14,-310890,-310702
84,202,8,R15,-310628,-310440
84,204,6,P10,-554480,-553695
84,204,6,P11,-553310,-552531
84,204,7,Q12,-406560,-406180
84,204,7,Q13,-406036,-405659
84,204,8,R14,-310892,-310704
84,204,8,R15,-310630,-310442
84,205,6,P10,-554482,-553696
84,205,6,P11,-553311,-552533
84,205,7,Q12,-406561,-406181
84,205,7,Q13,-406037,-405660
84,205,8,R14,-310893,-310704
84,205,8,R15,-310631,-310443
84,206,6,P10,-554484,-553698
84,206,6,P11,-553313,-552534
84,206,7,Q12,-406562,-406182
84,206,7,Q13,-406038,-405661
84,206,8,R14,-310894,-310705
84,206,8,R15,-310631,-310444
84,207,6,P10,-554485,-553699
84,207,6,P11,-553314,-552536
84,207,7,Q12,-406563,-406183
84,207,7,Q13,-406039,-405662
84,207,8,R14,-310895,-310706
84,207,8,R15,-310632,-310445
84,208,6,P10,-554486,-553700
84,208,6,P11,-553316,-552537
84,208,7,Q12,-406564,-406184
84,208,7,Q13,-406040,-405663
84,208,8,R14,-310895,-310707
84,208,8,R15,-310633,-310445
84,209,6,P10,-554488,-553702
84,209,6,P11,-553317,-552539
84,209,7,Q12,-406565,-406185
84,209,7,Q13,-406041,-405664
84,209,8,R14,-310896,-310708
84,209,8,R15,-310634,-310446
84,210,6,P10,-554489,-553703
84,210,6,P11,-553318,-552540
84,210,7,Q12,-406566,-406186
84,210,7,Q13,-406042,-405665
84,210,8,R14,-310897,-310708
84,210,8,R15,-310635,-310447
84,216,6,P10,-554498,-553712
84,216,6,P11,-553327,-552548
84,216,7,Q12,-406572,-406193
84,216,7,Q13,-406048,-405671
84,216,8,R14,-310902,-310713
84,216,8,R15,-310639,-310452
84,218,6,P10,-554501,-553714
84,218,6,P11,-553330,-552551
84,218,7,Q12,-406574,-406195
84,218,7,Q13,-406050,-405673
84,218,8,R14,-310903,-310715
84,218,8,R15,-310641,-310453
86,202,6,P10,-581352,-580505
86,202,6,P11,-580065,-579226
86,202,7,Q12,-426228,-425816
86,202,7,Q13,-425652,-425243
86,202,8,R14,-325915,-325710
86,202,8,R15,-325627,-325422
86,204,6,P10,-581355,-580508
86,204,6,P11,-580068,-579229
86,204,7,Q12,-426230,-425818
86,204,7,Q13,-425654,-425245
86,204,8,R14,-325917,-325712
86,204,8,R15,-325629,-325424
86,205,6,P10,-581357,-580509
86,205,6,P11,-580070,-579231
86,205,7,Q12,-426231,-425819
86,205,7,Q13,-425655,-425246
86,205,8,R14,-325918,-325712
86,205,8,R15,-325630,-325425
86,206,6,P10,-581359,-580511
86,206,6,P11,-580071,-579232
86,206,7,Q12,-426232,-425821
86,206,7,Q13,-425656,-425247
86,206,8,R14,-325919,-325713
86,206,8,R15,-325631,-325426
86,207,6,P10,-581360,-580512
86,207,6,P11,-580073,-579234
86,207,7,Q12,-426233,-425822
86,207,7,Q13,-425657,-425249
86,207,8,R14,-325920,-325714
86,207,8,R15,-325631,-325427
86,208,6,P10,-581362,-580514
86,208,6,P11,-580074,-579235
86,208,7,Q12,-426234,-425823
86,208,7,Q13,-425658,-425250
86,208,8,R14,-325921,-325715
86,208,8,R15,-325632,-325428
86,209,6,P10,-581363,-580515
86,209,6,P11,-580076,-579237
86,209,7,Q12,-426236,-425824
86,209,7,Q13,-425660,-425251
86,209,8,R14,-325922,-325716
86,209,8,R15,-325633,-325428
86,210,6,P10,-581365,-580517
86,210,6,P11,-580077,-579238
86,210,7,Q12,-426237,-425825
86,210,7,Q13,-425661,-425252
86,210,8,R14,-325922,-325717
86,210,8,R15,-325634,-325429
86,211,6,P10,-581366,-580518
86,211,6,P11,-580079,-579240
86,211,7,Q12,-426238,-425826
86,211,7,Q13,-425662,-425253
86,211,8,R14,-325923,-325718
86,211,8,R15,-325635,-325430
86,212,6,P10,-581368,-580520
86,212,6,P11,-580080,-579241
86,212,7,Q12,-426239,-425827
86,212,7,Q13,-425663,-425254
86,212,8,R14,-325924,-325718
86,212,8,R15,-325636,-325431
86,218,6,P10,-581376,-580528
86,218,6,P11,-580089,-579250
86,218,7,Q12,-426245,-425833
86,218,7,Q13,-425669,-425260
86,218,8,R14,-325929,-325723
86,218,8,R15,-325641,-325436
86,219,6,P10,-581378,-580530
86,219,6,P11,-580090,-579251
86,219,7,Q12,-426246,-425834
86,219,7,Q13,-425670,-425261
86,219,8,R14,-325930,-325724
86,219,8,R15,-325641,-325437
86,220,6,P10,-581379,-580531
86,220,6,P11,-580092,-579252
86,220,7,Q12,-426247,-425835
86,220,7,Q13,-425671,-425262
86,220,8,R14,-325930,-325725
86,220,8,R15,-325642,-325437
86,221,6,P10,-581380,-580533
86,221,6,P11,-580093,-579254
86,221,7,Q12,-426248,-425836
86,221,7,Q13,-425672,-425263
86,221,8,R14,-325931,-325725
86,221,8,R15,-325643,-325438
86,222,6,P10,-581382,-580534
86,222,6,P11,-580094,-579255
86,222,7,Q12,-426249,-425837
86,222,7,Q13,-425673,-425264
86,222,8,R14,-325932,-325726
86,222,8,R15,-325644,-325439
87,207,6,P10,-595040,-594160
87,207,6,P11,-593691,-592821
87,207,7,Q12,-436245,-435816
87,207,7,Q13,-435641,-435216
87,207,8,R14,-333567,-333352
87,207,8,R15,-333264,-333051
87,208,6,P10,-595042,-594162
87,208,6,P11,-593693,-592822
87,208,7,Q12,-436246,-435818
87,208,7,Q13,-435643,-435217
87,208,8,R14,-333567,-333353
87,208,8,R15,-333265,-333052
87,209,6,P10,-595043,-594163
87,209,6,P11,-593694,-592824
87,209,7,Q12,-436247,-435819
87,209,7,Q13,-435644,-435218
87,209,8,R14,-333568,-333354
87,209,8,R15,-333266,-333053
87,210,6,P10,-595045,-594165
87,210,6,P11,-593696,-592825
87,210,7,Q12,-436248,-435820
87,210,7,Q13,-435645,-435219
87,210,8,R14,-333569,-333354
87,210,8,R15,-333267,-333053
87,211,6,P10,-595046,-594167
87,211,6,P11,-593697,-592827
87,211,7,Q12,-436249,-435821
87,211,7,Q13,-435646,-435221
87,211,8,R14,-333570,-333355
87,211,8,R15,-333268,-333054
87,212,6,P10,-595048,-594168
87,212,6,P11,-593699,-592828
87,212,7,Q12,-436250,-435822
87,212,7,Q13,-435647,-435222
87,212,8,R14,-333571,-333356
87,212,8,R15,-333269,-333055
87,213,6,P10,-595049,-594170
87,213,6,P11,-593700,-592830
87,213,7,Q12,-436252,-435823
87,213,7,Q13,-435648,-435223
87,213,8,R14,-333572,-333357
87,213,8,R15,-333270,-333056
87,220,6,P10,-595059,-594180
87,220,6,P11,-593711,-592840
87,220,7,Q12,-436259,-435831
87,220,7,Q13,-435656,-435230
87,220,8,R14,-333577,-333363
87,220,8,R15,-333275,-333062
87,221,6,P10,-595061,-594181
87,221,6,P11,-593712,-592841
87,221,7,Q12,-436260,-435832
87,221,7,Q13,-435657,-435231
87,221,8,R14,-333578,-333363
87,221,8,R15,-333276,-333062
87,222,6,P10,-595062,-594182
87,222,6,P11,-593713,-592843
87,222,7,Q12,-436261,-435833
87,222,7,Q13,-435658,-435232
87,222,8,R14,-333579,-333364
87,222,8,R15,-333277,-333063
87,223,6,P10,-595064,-594184
87,223,6,P11,-593715,-592844
87,223,7,Q12,-436262,-435834
87,223,7,Q13,-435659,-435233
87,223,8,R14,-333580,-333365
87,223,8,R15,-333278,-333064
87,224,6,P10,-595065,-594185
87,224,6,P11,-593716,-592845
87,224,7,Q12,-436263,-435835
87,224,7,Q13,-435660,-435234
87,224,8,R14,-333581,-333366
87,224,8,R15,-333278,-333065
87,225,6,P10,-595066,-594186
87,225,6,P11,-593718,-592847
87,225,7,Q12,-436264,-435836
87,225,7,Q13,-435661,-435235
87,225,8,R14,-333581,-333367
87,225,8,R15,-333279,-333065
87,226,6,P10,-595068,-594188
87,226,6,P11,-593719,-592848
87,226,7,Q12,-436265,-435837
87,226,7,Q13,-435662,-435236
87,226,8,R14,-333582,-333367
87,226,8,R15,-333280,-333066
87,227,6,P10,-595069,-594189
87,227,6,P11,-593720,-592849
87,227,7,Q12,-436266,-435838
87,227,7,Q13,-435663,-435237
87,227,8,R14,-333583,-333368
87,227,8,R15,-333281,-333067
87,228,6,P10,-595070,-594190
87,228,6,P11,-593722,-592851
87,228,7,Q12,-436267,-435839
87,228,7,Q13,-435664,-435238
87,228,8,R14,-333584,-333369
87,228,8,R15,-333281,-333068
88,208,6,P10,-608883,-607971
88,208,6,P11,-607471,-606568
88,208,7,Q12,-446375,-445930
88,208,7,Q13,-445743,-445301
88,208,8,R14,-341304,-341080
88,208,8,R15,-340987,-340765
88,209,6,P10,-608885,-607973
88,209,6,P11,-607473,-606570
88,209,7,Q12,-446376,-445931
88,209,7,Q13,-445744,-445302
88,209,8,R14,-341304,-341081
88,209,8,R15,-340988,-340765
88,210,6,P10,-608887,-607974
88,210,6,P11,-607474,-606571
88,210,7,Q12,-446377,-445932
88,210,7,Q13,-445746,-445303
88,210,8,R14,-341305,-341081
88,210,8,R15,-340989,-340766
88,211,6,P10,-608888,-607976
88,211,6,P11,-607476,-606573
88,211,7,Q12,-446379,-445933
88,211,7,Q13,-445747,-445304
88,211,8,R14,-341306,-341082
88,211,8,R15,-340990,-340767
88,212,6,P10,-608890,-607977
88,212,6,P11,-607477,-606575
88,212,7,Q12,-446380,-445934
88,212,7,Q13,-445748,-445306
88,212,8,R14,-341307,-341083
88,212,8,R15,-340991,-340768
88,213,6,P10,-608891,-607979
88,213,6,P11,-607479,-606576
88,213,7,Q12,-446381,-445935
88,213,7,Q13,-445749,-445307
88,213,8,R14,-341308,-341084
88,213,8,R15,-340992,-340769
88,214,6,P10,-608893,-607980
88,214,6,P11,-607480,-606578
88,214,7,Q12,-446382,-445936
88,214,7,Q13,-445750,-445308
88,214,8,R14,-341309,-341085
88,214,8,R15,-340993,-340770
88,220,6,P10,-608902,-607989
88,220,6,P11,-607489,-606586
88,220,7,Q12,-446388,-445943
88,220,7,Q13,-445757,-445314
88,220,8,R14,-341314,-341090
88,220,8,R15,-340998,-340775
88,221,6,P10,-608903,-607991
88,221,6,P11,-607491,-606588
88,221,7,Q12,-446390,-445944
88,221,7,Q13,-445758,-445315
88,221,8,R14,-341315,-341091
88,221,8,R15,-340998,-340776
88,222,6,P10,-608905,-607992
88,222,6,P11,-607492,-606589
88,222,7,Q12,-446391,-445945
88,222,7,Q13,-445759,-445316
88,222,8,R14,-341315,-341091
88,222,8,R15,-340999,-340776
88,223,6,P10,-608906,-607993
88,223,6,P11,-607494,-606591
88,223,7,Q12,-446392,-445946
88,223,7,Q13,-445760,-445317
88,223,8,R14,-341316,-341092
88,223,8,R15,-341000,-340777
88,224,6,P10,-608907,-607995
88,224,6,P11,-607495,-606592
88,224,7,Q12,-446393,-445947
88,224,7,Q13,-445761,-445318
88,224,8,R14,-341317,-341093
88,224,8,R15,-341001,-340778
88,225,6,P10,-608909,-607996
88,225,6,P11,-607496,-606593
88,225,7,Q12,-446394,-445948
88,225,7,Q13,-445762,-445319
88,225,8,R14,-341318,-341094
88,225,8,R15,-341001,-340779
88,226,6,P10,-608910,-607997
88,226,6,P11,-607498,-606595
88,226,7,Q12,-446395,-445949
88,226,7,Q13,-445763,-445320
88,226,8,R14,-341319,-341095
88,226,8,R15,-341002,-340779
88,227,6,P10,-608911,-607999
88,227,6,P11,-607499,-606596
88,227,7,Q12,-446396,-445950
88,227,7,Q13,-445764,-445321
88,227,8,R14,-341319,-341095
88,227,8,R15,-341003,-340780
88,228,6,P10,-608913,-608000
88,228,6,P11,-607500,-606597
88,228,7,Q12,-446397,-445951
88,228,7,Q13,-445765,-445322
88,228,8,R14,-341320,-341096
88,228,8,R15,-341004,-340781
88,229,6,P10,-608914,-608001
88,229,6,P11,-607502,-606599
88,229,7,Q12,-446398,-445952
88,229,7,Q13,-445766,-445323
88,229,8,R14,-341321,-341097
88,229,8,R15,-341004,-340782
88,230,6,P10,-608916,-608003
88,230,6,P11,-607503,-606600
88,230,7,Q12,-446399,-445953
88,230,7,Q13,-445767,-445324
88,230,8,R14,-341322,-341098
88,230,8,R15,-341005,-340782
88,232,6,P10,-608918,-608005
88,232,6,P11,-607506,-606603
88,232,7,Q12,-446401,-445955
88,232,7,Q13,-445769,-445326
88,232,8,R14,-341323,-341099
88,232,8,R15,-341007,-340784
90,227,6,P10,-637082,-636102
90,227,6,P11,-635536,-634566
90,227,7,Q12,-467008,-466527
90,227,7,Q13,-466316,-465839
90,227,8,R14,-357061,-356818
90,227,8,R15,-356715,-356473
90,228,6,P10,-637084,-636103
90,228,6,P11,-635537,-634568
90,228,7,Q12,-467009,-466528
90,228,7,Q13,-466317,-465840
90,228,8,R14,-357062,-356818
90,228,8,R15,-356715,-356473
90,229,6,P10,-637085,-636105
90,229,6,P11,-635539,-634569
90,229,7,Q12,-467010,-466529
90,229,7,Q13,-466318,-465841
90,229,8,R14,-357062,-356819
90,229,8,R15,-356716,-356474
90,230,6,P10,-637086,-636106
90,230,6,P11,-635540,-634570
90,230,7,Q12,-467011,-466530
90,230,7,Q13,-466319,-465842
90,230,8,R14,-357063,-356820
90,230,8,R15,-356717,-356475
90,232,6,P10,-637089,-636109
90,232,6,P11,-635543,-634573
90,232,7,Q12,-467013,-466532
90,232,7,Q13,-466321,-465844
90,232,8,R14,-357065,-356821
90,232,8,R15,-356718,-356477
92,233,6,P10,-665910,-664859
92,233,6,P11,-664220,-663181
92,233,7,Q12,-488097,-487579
92,233,7,Q13,-487342,-486827
92,233,8,R14,-373165,-372902
92,233,8,R15,-372787,-372525
92,234,6,P10,-665912,-664860
92,234,6,P11,-664222,-663183
92,234,7,Q12,-488098,-487580
92,234,7,Q13,-487343,-486828
92,234,8,R14,-373166,-372903
92,234,8,R15,-372788,-372526
92,235,6,P10,-665913,-664862
92,235,6,P11,-664223,-663184
92,235,7,Q12,-488099,-487581
92,235,7,Q13,-487344,-486829
92,235,8,R14,-373167,-372903
92,235,8,R15,-372789,-372527
92,236,6,P10,-665914,-664863
92,236,6,P11,-664225,-663185
92,236,7,Q12,-488100,-487582
92,236,7,Q13,-487345,-486830
92,236,8,R14,-373168,-372904
92,236,8,R15,-372789,-372527
92,238,6,P10,-665917,-664866
92,238,6,P11,-664227,-663188
92,238,7,Q12,-488102,-487584
92,238,7,Q13,-487347,-486832
92,238,8,R14,-373169,-372906
92,238,8,R15,-372791,-372529
