run,Z,A,kind,rc,err_bytes
H1_base,1,1,base,0,0
H1_rsig,1,1,rsig,0,0
H1_ideal6,1,1,ideal6,0,0
H1_ideal7,1,1,ideal7,0,0
H1_ideal8,1,1,ideal8,0,0
H2_base,1,2,base,0,0
H2_rsig,1,2,rsig,0,0
H2_ideal6,1,2,ideal6,0,0
H2_ideal7,1,2,ideal7,0,0
H2_ideal8,1,2,ideal8,0,0
H3_base,1,3,base,0,0
H3_rsig,1,3,rsig,0,0
H3_ideal6,1,3,ideal6,0,0
H3_ideal7,1,3,ideal7,0,0
H3_ideal8,1,3,ideal8,0,0
He3_base,2,3,base,0,0
He3_rsig,2,3,rsig,0,0
He3_ideal6,2,3,ideal6,0,0
He3_ideal7,2,3,ideal7,0,0
He3_ideal8,2,3,ideal8,0,0
He4_base,2,4,base,0,0
He4_rsig,2,4,rsig,0,0
He4_ideal6,2,4,ideal6,0,0
He4_ideal7,2,4,ideal7,0,0
He4_ideal8,2,4,ideal8,0,0
He6_base,2,6,base,0,0
He6_rsig,2,6,rsig,0,0
He6_ideal6,2,6,ideal6,0,0
He6_ideal7,2,6,ideal7,0,0
He6_ideal8,2,6,ideal8,0,0
He8_base,2,8,base,0,1495
He8_rsig,2,8,rsig,0,0
He8_ideal6,2,8,ideal6,0,1035
He8_ideal7,2,8,ideal7,0,1265
He8_ideal8,2,8,ideal8,0,1495
Li6_base,3,6,base,0,0
Li6_rsig,3,6,rsig,0,0
Li6_ideal6,3,6,ideal6,0,0
Li6_ideal7,3,6,ideal7,0,0
Li6_ideal8,3,6,ideal8,0,0
Li7_base,3,7,base,0,0
Li7_rsig,3,7,rsig,0,0
Li7_ideal6,3,7,ideal6,0,0
Li7_ideal7,3,7,ideal7,0,0
Li7_ideal8,3,7,ideal8,0,0
Li8_base,3,8,base,0,0
Li8_rsig,3,8,rsig,0,0
Li8_ideal6,3,8,ideal6,0,0
Li8_ideal7,3,8,ideal7,0,0
Li8_ideal8,3,8,ideal8,0,0
Li9_base,3,9,base,0,0
Li9_rsig,3,9,rsig,0,0
Li9_ideal6,3,9,ideal6,0,0
Li9_ideal7,3,9,ideal7,0,0
Li9_ideal8,3,9,ideal8,0,0
Li11_base,3,11,base,0,0
Li11_rsig,3,11,rsig,0,0
Li11_ideal6,3,11,ideal6,0,0
Li11_ideal7,3,11,ideal7,0,0
Li11_ideal8,3,11,ideal8,0,0
Be7_base,4,7,base,0,0
Be7_rsig,4,7,rsig,0,0
Be7_ideal6,4,7,ideal6,0,0
Be7_ideal7,4,7,ideal7,0,0
Be7_ideal8,4,7,ideal8,0,0
Be9_base,4,9,base,0,0
Be9_rsig,4,9,rsig,0,0
Be9_ideal6,4,9,ideal6,0,0
Be9_ideal7,4,9,ideal7,0,0
Be9_ideal8,4,9,ideal8,0,0
Be10_base,4,10,base,0,0
Be10_rsig,4,10,rsig,0,0
Be10_ideal6,4,10,ideal6,0,0
Be10_ideal7,4,10,ideal7,0,0
Be10_ideal8,4,10,ideal8,0,0
Be11_base,4,11,base,0,0
Be11_rsig,4,11,rsig,0,0
Be11_ideal6,4,11,ideal6,0,0
Be11_ideal7,4,11,ideal7,0,0
Be11_ideal8,4,11,ideal8,0,0
B10_base,5,10,base,0,0
B10_rsig,5,10,rsig,0,0
B10_ideal6,5,10,ideal6,0,0
B10_ideal7,5,10,ideal7,0,0
B10_ideal8,5,10,ideal8,0,0
B11_base,5,11,base,0,0
B11_rsig,5,11,rsig,0,0
B11_ideal6,5,11,ideal6,0,0
B11_ideal7,5,11,ideal7,0,0
B11_ideal8,5,11,ideal8,0,0
C12_base,6,12,base,0,0
C12_rsig,6,12,rsig,0,0
C12_ideal6,6,12,ideal6,0,0
C12_ideal7,6,12,ideal7,0,0
C12_ideal8,6,12,ideal8,0,0
C13_base,6,13,base,0,0
C13_rsig,6,13,rsig,0,0
C13_ideal6,6,13,ideal6,0,0
C13_ideal7,6,13,ideal7,0,0
C13_ideal8,6,13,ideal8,0,0
C14_base,6,14,base,0,0
C14_rsig,6,14,rsig,0,0
C14_ideal6,6,14,ideal6,0,0
C14_ideal7,6,14,ideal7,0,0
C14_ideal8,6,14,ideal8,0,0
N14_base,7,14,base,0,0
N14_rsig,7,14,rsig,0,0
N14_ideal6,7,14,ideal6,0,0
N14_ideal7,7,14,ideal7,0,0
N14_ideal8,7,14,ideal8,0,0
N15_base,7,15,base,0,0
N15_rsig,7,15,rsig,0,0
N15_ideal6,7,15,ideal6,0,0
N15_ideal7,7,15,ideal7,0,0
N15_ideal8,7,15,ideal8,0,0
O16_base,8,16,base,0,0
O16_rsig,8,16,rsig,0,0
O16_ideal6,8,16,ideal6,0,0
O16_ideal7,8,16,ideal7,0,0
O16_ideal8,8,16,ideal8,0,0
O17_base,8,17,base,0,0
O17_rsig,8,17,rsig,0,0
O17_ideal6,8,17,ideal6,0,0
O17_ideal7,8,17,ideal7,0,0
O17_ideal8,8,17,ideal8,0,0
O18_base,8,18,base,0,0
O18_rsig,8,18,rsig,0,0
O18_ideal6,8,18,ideal6,0,0
O18_ideal7,8,18,ideal7,0,0
O18_ideal8,8,18,ideal8,0,0
F19_base,9,19,base,0,0
F19_rsig,9,19,rsig,0,0
F19_ideal6,9,19,ideal6,0,0
F19_ideal7,9,19,ideal7,0,0
F19_ideal8,9,19,ideal8,0,0
Ne17_base,10,17,base,0,0
Ne17_rsig,10,17,rsig,0,0
Ne17_ideal6,10,17,ideal6,0,0
Ne17_ideal7,10,17,ideal7,0,0
Ne17_ideal8,10,17,ideal8,0,0
Ne18_base,10,18,base,0,0
Ne18_rsig,10,18,rsig,0,0
Ne18_ideal6,10,18,ideal6,0,0
Ne18_ideal7,10,18,ideal7,0,0
Ne18_ideal8,10,18,ideal8,0,0
Ne19_base,10,19,base,0,0
Ne19_rsig,10,19,rsig,0,0
Ne19_ideal6,10,19,ideal6,0,0
Ne19_ideal7,10,19,ideal7,0,0
Ne19_ideal8,10,19,ideal8,0,0
Ne20_base,10,20,base,0,0
Ne20_rsig,10,20,rsig,0,0
Ne20_ideal6,10,20,ideal6,0,0
Ne20_ideal7,10,20,ideal7,0,0
Ne20_ideal8,10,20,ideal8,0,0
Ne21_base,10,21,base,0,0
Ne21_rsig,10,21,rsig,0,0
Ne21_ideal6,10,21,ideal6,0,0
Ne21_ideal7,10,21,ideal7,0,0
Ne21_ideal8,10,21,ideal8,0,0
Ne22_base,10,22,base,0,0
Ne22_rsig,10,22,rsig,0,0
Ne22_ideal6,10,22,ideal6,0,0
Ne22_ideal7,10,22,ideal7,0,0
Ne22_ideal8,10,22,ideal8,0,0
Ne23_base,10,23,base,0,0
Ne23_rsig,10,23,rsig,0,0
Ne23_ideal6,10,23,ideal6,0,0
Ne23_ideal7,10,23,ideal7,0,0
Ne23_ideal8,10,23,ideal8,0,0
Ne24_base,10,24,base,0,0
Ne24_rsig,10,24,rsig,0,0
Ne24_ideal6,10,24,ideal6,0,0
Ne24_ideal7,10,24,ideal7,0,0
Ne24_ideal8,10,24,ideal8,0,0
Ne25_base,10,25,base,0,0
Ne25_rsig,10,25,rsig,0,0
Ne25_ideal6,10,25,ideal6,0,0
Ne25_ideal7,10,25,ideal7,0,0
Ne25_ideal8,10,25,ideal8,0,0
Ne26_base,10,26,base,0,0
Ne26_rsig,10,26,rsig,0,0
Ne26_ideal6,10,26,ideal6,0,0
Ne26_ideal7,10,26,ideal7,0,0
Ne26_ideal8,10,26,ideal8,0,0
Ne28_base,10,28,base,0,0
Ne28_rsig,10,28,rsig,0,0
Ne28_ideal6,10,28,ideal6,0,0
Ne28_ideal7,10,28,ideal7,0,0
Ne28_ideal8,10,28,ideal8,0,0
Na20_base,11,20,base,0,0
Na20_rsig,11,20,rsig,0,0
Na20_ideal6,11,20,ideal6,0,0
Na20_ideal7,11,20,ideal7,0,0
Na20_ideal8,11,20,ideal8,0,0
Na21_base,11,21,base,0,0
Na21_rsig,11,21,rsig,0,0
Na21_ideal6,11,21,ideal6,0,0
Na21_ideal7,11,21,ideal7,0,0
Na21_ideal8,11,21,ideal8,0,0
Na22_base,11,22,base,0,0
Na22_rsig,11,22,rsig,0,0
Na22_ideal6,11,22,ideal6,0,0
Na22_ideal7,11,22,ideal7,0,0
Na22_ideal8,11,22,ideal8,0,0
Na23_base,11,23,base,0,0
Na23_rsig,11,23,rsig,0,0
Na23_ideal6,11,23,ideal6,0,0
Na23_ideal7,11,23,ideal7,0,0
Na23_ideal8,11,23,ideal8,0,0
Na24_base,11,24,base,0,0
Na24_rsig,11,24,rsig,0,0
Na24_ideal6,11,24,ideal6,0,0
Na24_ideal7,11,24,ideal7,0,0
Na24_ideal8,11,24,ideal8,0,0
Na25_base,11,25,base,0,0
Na25_rsig,11,25,rsig,0,0
Na25_ideal6,11,25,ideal6,0,0
Na25_ideal7,11,25,ideal7,0,0
Na25_ideal8,11,25,ideal8,0,0
Na26_base,11,26,base,0,0
Na26_rsig,11,26,rsig,0,0
Na26_ideal6,11,26,ideal6,0,0
Na26_ideal7,11,26,ideal7,0,0
Na26_ideal8,11,26,ideal8,0,0
Na27_base,11,27,base,0,0
Na27_rsig,11,27,rsig,0,0
Na27_ideal6,11,27,ideal6,0,0
Na27_ideal7,11,27,ideal7,0,0
Na27_ideal8,11,27,ideal8,0,0
Na28_base,11,28,base,0,0
Na28_rsig,11,28,rsig,0,0
Na28_ideal6,11,28,ideal6,0,0
Na28_ideal7,11,28,ideal7,0,0
Na28_ideal8,11,28,ideal8,0,0
Na29_base,11,29,base,0,0
Na29_rsig,11,29,rsig,0,0
Na29_ideal6,11,29,ideal6,0,0
Na29_ideal7,11,29,ideal7,0,0
Na29_ideal8,11,29,ideal8,0,0
Na30_base,11,30,base,0,0
Na30_rsig,11,30,rsig,0,0
Na30_ideal6,11,30,ideal6,0,0
Na30_ideal7,11,30,ideal7,0,0
Na30_ideal8,11,30,ideal8,0,0
Na31_base,11,31,base,0,0
Na31_rsig,11,31,rsig,0,0
Na31_ideal6,11,31,ideal6,0,0
Na31_ideal7,11,31,ideal7,0,0
Na31_ideal8,11,31,ideal8,0,0
Mg24_base,12,24,base,0,0
Mg24_rsig,12,24,rsig,0,0
Mg24_ideal6,12,24,ideal6,0,0
Mg24_ideal7,12,24,ideal7,0,0
Mg24_ideal8,12,24,ideal8,0,0
Mg25_base,12,25,base,0,0
Mg25_rsig,12,25,rsig,0,0
Mg25_ideal6,12,25,ideal6,0,0
Mg25_ideal7,12,25,ideal7,0,0
Mg25_ideal8,12,25,ideal8,0,0
Mg26_base,12,26,base,0,0
Mg26_rsig,12,26,rsig,0,0
Mg26_ideal6,12,26,ideal6,0,0
Mg26_ideal7,12,26,ideal7,0,0
Mg26_ideal8,12,26,ideal8,0,0
Al27_base,13,27,base,0,0
Al27_rsig,13,27,rsig,0,0
Al27_ideal6,13,27,ideal6,0,0
Al27_ideal7,13,27,ideal7,0,0
Al27_ideal8,13,27,ideal8,0,0
Si28_base,14,28,base,0,0
Si28_rsig,14,28,rsig,0,0
Si28_ideal6,14,28,ideal6,0,0
Si28_ideal7,14,28,ideal7,0,0
Si28_ideal8,14,28,ideal8,0,0
Si29_base,14,29,base,0,0
Si29_rsig,14,29,rsig,0,0
Si29_ideal6,14,29,ideal6,0,0
Si29_ideal7,14,29,ideal7,0,0
Si29_ideal8,14,29,ideal8,0,0
Si30_base,14,30,base,0,0
Si30_rsig,14,30,rsig,0,0
Si30_ideal6,14,30,ideal6,0,0
Si30_ideal7,14,30,ideal7,0,0
Si30_ideal8,14,30,ideal8,0,0
P31_base,15,31,base,0,0
P31_rsig,15,31,rsig,0,0
P31_ideal6,15,31,ideal6,0,0
P31_ideal7,15,31,ideal7,0,0
P31_ideal8,15,31,ideal8,0,0
S32_base,16,32,base,0,0
S32_rsig,16,32,rsig,0,0
S32_ideal6,16,32,ideal6,0,0
S32_ideal7,16,32,ideal7,0,0
S32_ideal8,16,32,ideal8,0,0
S34_base,16,34,base,0,0
S34_rsig,16,34,rsig,0,0
S34_ideal6,16,34,ideal6,0,0
S34_ideal7,16,34,ideal7,0,0
S34_ideal8,16,34,ideal8,0,0
S36_base,16,36,base,0,0
S36_rsig,16,36,rsig,0,0
S36_ideal6,16,36,ideal6,0,0
S36_ideal7,16,36,ideal7,0,0
S36_ideal8,16,36,ideal8,0,0
Cl35_base,17,35,base,0,0
Cl35_rsig,17,35,rsig,0,0
Cl35_ideal6,17,35,ideal6,0,0
Cl35_ideal7,17,35,ideal7,0,0
Cl35_ideal8,17,35,ideal8,0,0
Cl37_base,17,37,base,0,0
Cl37_rsig,17,37,rsig,0,0
Cl37_ideal6,17,37,ideal6,0,0
Cl37_ideal7,17,37,ideal7,0,0
Cl37_ideal8,17,37,ideal8,0,0
Ar32_base,18,32,base,0,0
Ar32_rsig,18,32,rsig,0,0
Ar32_ideal6,18,32,ideal6,0,0
Ar32_ideal7,18,32,ideal7,0,0
Ar32_ideal8,18,32,ideal8,0,0
Ar33_base,18,33,base,0,0
Ar33_rsig,18,33,rsig,0,0
Ar33_ideal6,18,33,ideal6,0,0
Ar33_ideal7,18,33,ideal7,0,0
Ar33_ideal8,18,33,ideal8,0,0
Ar34_base,18,34,base,0,0
Ar34_rsig,18,34,rsig,0,0
Ar34_ideal6,18,34,ideal6,0,0
Ar34_ideal7,18,34,ideal7,0,0
Ar34_ideal8,18,34,ideal8,0,0
Ar35_base,18,35,base,0,0
Ar35_rsig,18,35,rsig,0,0
Ar35_ideal6,18,35,ideal6,0,0
Ar35_ideal7,18,35,ideal7,0,0
Ar35_ideal8,18,35,ideal8,0,0
Ar36_base,18,36,base,0,0
Ar36_rsig,18,36,rsig,0,0
Ar36_ideal6,18,36,ideal6,0,0
Ar36_ideal7,18,36,ideal7,0,0
Ar36_ideal8,18,36,ideal8,0,0
Ar37_base,18,37,base,0,0
Ar37_rsig,18,37,rsig,0,0
Ar37_ideal6,18,37,ideal6,0,0
Ar37_ideal7,18,37,ideal7,0,0
Ar37_ideal8,18,37,ideal8,0,0
Ar38_base,18,38,base,0,0
Ar38_rsig,18,38,rsig,0,0
Ar38_ideal6,18,38,ideal6,0,0
Ar38_ideal7,18,38,ideal7,0,0
Ar38_ideal8,18,38,ideal8,0,0
Ar39_base,18,39,base,0,0
Ar39_rsig,18,39,rsig,0,0
Ar39_ideal6,18,39,ideal6,0,0
Ar39_ideal7,18,39,ideal7,0,0
Ar39_ideal8,18,39,ideal8,0,0
Ar40_base,18,40,base,0,0
Ar40_rsig,18,40,rsig,0,0
Ar40_ideal6,18,40,ideal6,0,0
Ar40_ideal7,18,40,ideal7,0,0
Ar40_ideal8,18,40,ideal8,0,0
Ar41_base,18,41,base,0,0
Ar41_rsig,18,41,rsig,0,0
Ar41_ideal6,18,41,ideal6,0,0
Ar41_ideal7,18,41,ideal7,0,0
Ar41_ideal8,18,41,ideal8,0,0
Ar42_base,18,42,base,0,0
Ar42_rsig,18,42,rsig,0,0
Ar42_ideal6,18,42,ideal6,0,0
Ar42_ideal7,18,42,ideal7,0,0
Ar42_ideal8,18,42,ideal8,0,0
Ar43_base,18,43,base,0,0
Ar43_rsig,18,43,rsig,0,0
Ar43_ideal6,18,43,ideal6,0,0
Ar43_ideal7,18,43,ideal7,0,0
Ar43_ideal8,18,43,ideal8,0,0
Ar44_base,18,44,base,0,0
Ar44_rsig,18,44,rsig,0,0
Ar44_ideal6,18,44,ideal6,0,0
Ar44_ideal7,18,44,ideal7,0,0
Ar44_ideal8,18,44,ideal8,0,0
Ar46_base,18,46,base,0,0
Ar46_rsig,18,46,rsig,0,0
Ar46_ideal6,18,46,ideal6,0,0
Ar46_ideal7,18,46,ideal7,0,0
Ar46_ideal8,18,46,ideal8,0,0
K38_base,19,38,base,0,0
K38_rsig,19,38,rsig,0,0
K38_ideal6,19,38,ideal6,0,0
K38_ideal7,19,38,ideal7,0,0
K38_ideal8,19,38,ideal8,0,0
K39_base,19,39,base,0,0
K39_rsig,19,39,rsig,0,0
K39_ideal6,19,39,ideal6,0,0
K39_ideal7,19,39,ideal7,0,0
K39_ideal8,19,39,ideal8,0,0
K40_base,19,40,base,0,0
K40_rsig,19,40,rsig,0,0
K40_ideal6,19,40,ideal6,0,0
K40_ideal7,19,40,ideal7,0,0
K40_ideal8,19,40,ideal8,0,0
K41_base,19,41,base,0,0
K41_rsig,19,41,rsig,0,0
K41_ideal6,19,41,ideal6,0,0
K41_ideal7,19,41,ideal7,0,0
K41_ideal8,19,41,ideal8,0,0
K42_base,19,42,base,0,0
K42_rsig,19,42,rsig,0,0
K42_ideal6,19,42,ideal6,0,0
K42_ideal7,19,42,ideal7,0,0
K42_ideal8,19,42,ideal8,0,0
K43_base,19,43,base,0,0
K43_rsig,19,43,rsig,0,0
K43_ideal6,19,43,ideal6,0,0
K43_ideal7,19,43,ideal7,0,0
K43_ideal8,19,43,ideal8,0,0
K44_base,19,44,base,0,0
K44_rsig,19,44,rsig,0,0
K44_ideal6,19,44,ideal6,0,0
K44_ideal7,19,44,ideal7,0,0
K44_ideal8,19,44,ideal8,0,0
K45_base,19,45,base,0,0
K45_rsig,19,45,rsig,0,0
K45_ideal6,19,45,ideal6,0,0
K45_ideal7,19,45,ideal7,0,0
K45_ideal8,19,45,ideal8,0,0
K46_base,19,46,base,0,0
K46_rsig,19,46,rsig,0,0
K46_ideal6,19,46,ideal6,0,0
K46_ideal7,19,46,ideal7,0,0
K46_ideal8,19,46,ideal8,0,0
K47_base,19,47,base,0,0
K47_rsig,19,47,rsig,0,0
K47_ideal6,19,47,ideal6,0,0
K47_ideal7,19,47,ideal7,0,0
K47_ideal8,19,47,ideal8,0,0
Ca39_base,20,39,base,0,0
Ca39_rsig,20,39,rsig,0,0
Ca39_ideal6,20,39,ideal6,0,0
Ca39_ideal7,20,39,ideal7,0,0
Ca39_ideal8,20,39,ideal8,0,0
Ca40_base,20,40,base,0,0
Ca40_rsig,20,40,rsig,0,0
Ca40_ideal6,20,40,ideal6,0,0
Ca40_ideal7,20,40,ideal7,0,0
Ca40_ideal8,20,40,ideal8,0,0
Ca41_base,20,41,base,0,0
Ca41_rsig,20,41,rsig,0,0
Ca41_ideal6,20,41,ideal6,0,0
Ca41_ideal7,20,41,ideal7,0,0
Ca41_ideal8,20,41,ideal8,0,0
Ca42_base,20,42,base,0,0
Ca42_rsig,20,42,rsig,0,0
Ca42_ideal6,20,42,ideal6,0,0
Ca42_ideal7,20,42,ideal7,0,0
Ca42_ideal8,20,42,ideal8,0,0
Ca43_base,20,43,base,0,0
Ca43_rsig,20,43,rsig,0,0
Ca43_ideal6,20,43,ideal6,0,0
Ca43_ideal7,20,43,ideal7,0,0
Ca43_ideal8,20,43,ideal8,0,0
Ca44_base,20,44,base,0,0
Ca44_rsig,20,44,rsig,0,0
Ca44_ideal6,20,44,ideal6,0,0
Ca44_ideal7,20,44,ideal7,0,0
Ca44_ideal8,20,44,ideal8,0,0
Ca45_base,20,45,base,0,0
Ca45_rsig,20,45,rsig,0,0
Ca45_ideal6,20,45,ideal6,0,0
Ca45_ideal7,20,45,ideal7,0,0
Ca45_ideal8,20,45,ideal8,0,0
Ca46_base,20,46,base,0,0
Ca46_rsig,20,46,rsig,0,0
Ca46_ideal6,20,46,ideal6,0,0
Ca46_ideal7,20,46,ideal7,0,0
Ca46_ideal8,20,46,ideal8,0,0
Ca47_base,20,47,base,0,0
Ca47_rsig,20,47,rsig,0,0
Ca47_ideal6,20,47,ideal6,0,0
Ca47_ideal7,20,47,ideal7,0,0
Ca47_ideal8,20,47,ideal8,0,0
Ca48_base,20,48,base,0,0
Ca48_rsig,20,48,rsig,0,0
Ca48_ideal6,20,48,ideal6,0,0
Ca48_ideal7,20,48,ideal7,0,0
Ca48_ideal8,20,48,ideal8,0,0
Ca50_base,20,50,base,0,0
Ca50_rsig,20,50,rsig,0,0
Ca50_ideal6,20,50,ideal6,0,0
Ca50_ideal7,20,50,ideal7,0,0
Ca50_ideal8,20,50,ideal8,0,0
Sc42_base,21,42,base,0,0
Sc42_rsig,21,42,rsig,0,0
Sc42_ideal6,21,42,ideal6,0,0
Sc42_ideal7,21,42,ideal7,0,0
Sc42_ideal8,21,42,ideal8,0,0
Sc43_base,21,43,base,0,0
Sc43_rsig,21,43,rsig,0,0
Sc43_ideal6,21,43,ideal6,0,0
Sc43_ideal7,21,43,ideal7,0,0
Sc43_ideal8,21,43,ideal8,0,0
Sc44_base,21,44,base,0,0
Sc44_rsig,21,44,rsig,0,0
Sc44_ideal6,21,44,ideal6,0,0
Sc44_ideal7,21,44,ideal7,0,0
Sc44_ideal8,21,44,ideal8,0,0
Sc45_base,21,45,base,0,0
Sc45_rsig,21,45,rsig,0,0
Sc45_r101,21,45,r101,0,0
Sc45_ideal6,21,45,ideal6,0,0
Sc45_ideal7,21,45,ideal7,0,0
Sc45_ideal8,21,45,ideal8,0,0
Sc46_base,21,46,base,0,0
Sc46_rsig,21,46,rsig,0,0
Sc46_ideal6,21,46,ideal6,0,0
Sc46_ideal7,21,46,ideal7,0,0
Sc46_ideal8,21,46,ideal8,0,0
Ti44_base,22,44,base,0,0
Ti44_rsig,22,44,rsig,0,0
Ti44_ideal6,22,44,ideal6,0,0
Ti44_ideal7,22,44,ideal7,0,0
Ti44_ideal8,22,44,ideal8,0,0
Ti45_base,22,45,base,0,0
Ti45_rsig,22,45,rsig,0,0
Ti45_ideal6,22,45,ideal6,0,0
Ti45_ideal7,22,45,ideal7,0,0
Ti45_ideal8,22,45,ideal8,0,0
Ti46_base,22,46,base,0,0
Ti46_rsig,22,46,rsig,0,0
Ti46_ideal6,22,46,ideal6,0,0
Ti46_ideal7,22,46,ideal7,0,0
Ti46_ideal8,22,46,ideal8,0,0
Ti47_base,22,47,base,0,0
Ti47_rsig,22,47,rsig,0,0
Ti47_ideal6,22,47,ideal6,0,0
Ti47_ideal7,22,47,ideal7,0,0
Ti47_ideal8,22,47,ideal8,0,0
Ti48_base,22,48,base,0,0
Ti48_rsig,22,48,rsig,0,0
Ti48_ideal6,22,48,ideal6,0,0
Ti48_ideal7,22,48,ideal7,0,0
Ti48_ideal8,22,48,ideal8,0,0
Ti49_base,22,49,base,0,0
Ti49_rsig,22,49,rsig,0,0
Ti49_ideal6,22,49,ideal6,0,0
Ti49_ideal7,22,49,ideal7,0,0
Ti49_ideal8,22,49,ideal8,0,0
Ti50_base,22,50,base,0,0
Ti50_rsig,22,50,rsig,0,0
Ti50_ideal6,22,50,ideal6,0,0
Ti50_ideal7,22,50,ideal7,0,0
Ti50_ideal8,22,50,ideal8,0,0
V51_base,23,51,base,0,0
V51_rsig,23,51,rsig,0,0
V51_ideal6,23,51,ideal6,0,0
V51_ideal7,23,51,ideal7,0,0
V51_ideal8,23,51,ideal8,0,0
Cr50_base,24,50,base,0,0
Cr50_rsig,24,50,rsig,0,0
Cr50_ideal6,24,50,ideal6,0,0
Cr50_ideal7,24,50,ideal7,0,0
Cr50_ideal8,24,50,ideal8,0,0
Cr52_base,24,52,base,0,0
Cr52_rsig,24,52,rsig,0,0
Cr52_r101,24,52,r101,0,0
Cr52_ideal6,24,52,ideal6,0,0
Cr52_ideal7,24,52,ideal7,0,0
Cr52_ideal8,24,52,ideal8,0,0
Cr53_base,24,53,base,0,0
Cr53_rsig,24,53,rsig,0,0
Cr53_ideal6,24,53,ideal6,0,0
Cr53_ideal7,24,53,ideal7,0,0
Cr53_ideal8,24,53,ideal8,0,0
Cr54_base,24,54,base,0,0
Cr54_rsig,24,54,rsig,0,0
Cr54_ideal6,24,54,ideal6,0,0
Cr54_ideal7,24,54,ideal7,0,0
Cr54_ideal8,24,54,ideal8,0,0
Mn50_base,25,50,base,0,0
Mn50_rsig,25,50,rsig,0,0
Mn50_ideal6,25,50,ideal6,0,0
Mn50_ideal7,25,50,ideal7,0,0
Mn50_ideal8,25,50,ideal8,0,0
Mn51_base,25,51,base,0,0
Mn51_rsig,25,51,rsig,0,0
Mn51_ideal6,25,51,ideal6,0,0
Mn51_ideal7,25,51,ideal7,0,0
Mn51_ideal8,25,51,ideal8,0,0
Mn52_base,25,52,base,0,0
Mn52_rsig,25,52,rsig,0,0
Mn52_ideal6,25,52,ideal6,0,0
Mn52_ideal7,25,52,ideal7,0,0
Mn52_ideal8,25,52,ideal8,0,0
Mn53_base,25,53,base,0,0
Mn53_rsig,25,53,rsig,0,0
Mn53_ideal6,25,53,ideal6,0,0
Mn53_ideal7,25,53,ideal7,0,0
Mn53_ideal8,25,53,ideal8,0,0
Mn54_base,25,54,base,0,0
Mn54_rsig,25,54,rsig,0,0
Mn54_ideal6,25,54,ideal6,0,0
Mn54_ideal7,25,54,ideal7,0,0
Mn54_ideal8,25,54,ideal8,0,0
Mn55_base,25,55,base,0,0
Mn55_rsig,25,55,rsig,0,0
Mn55_ideal6,25,55,ideal6,0,0
Mn55_ideal7,25,55,ideal7,0,0
Mn55_ideal8,25,55,ideal8,0,0
Mn56_base,25,56,base,0,0
Mn56_rsig,25,56,rsig,0,0
Mn56_ideal6,25,56,ideal6,0,0
Mn56_ideal7,25,56,ideal7,0,0
Mn56_ideal8,25,56,ideal8,0,0
Fe54_base,26,54,base,0,0
Fe54_rsig,26,54,rsig,0,0
Fe54_ideal6,26,54,ideal6,0,0
Fe54_ideal7,26,54,ideal7,0,0
Fe54_ideal8,26,54,ideal8,0,0
Fe56_base,26,56,base,0,0
Fe56_rsig,26,56,rsig,0,0
Fe56_r101,26,56,r101,0,0
Fe56_ideal6,26,56,ideal6,0,0
Fe56_ideal7,26,56,ideal7,0,0
Fe56_ideal8,26,56,ideal8,0,0
Fe57_base,26,57,base,0,0
Fe57_rsig,26,57,rsig,0,0
Fe57_ideal6,26,57,ideal6,0,0
Fe57_ideal7,26,57,ideal7,0,0
Fe57_ideal8,26,57,ideal8,0,0
Fe58_base,26,58,base,0,0
Fe58_rsig,26,58,rsig,0,0
Fe58_ideal6,26,58,ideal6,0,0
Fe58_ideal7,26,58,ideal7,0,0
Fe58_ideal8,26,58,ideal8,0,0
Co59_base,27,59,base,0,0
Co59_rsig,27,59,rsig,0,0
Co59_ideal6,27,59,ideal6,0,0
Co59_ideal7,27,59,ideal7,0,0
Co59_ideal8,27,59,ideal8,0,0
Ni58_base,28,58,base,0,0
Ni58_rsig,28,58,rsig,0,0
Ni58_ideal6,28,58,ideal6,0,0
Ni58_ideal7,28,58,ideal7,0,0
Ni58_ideal8,28,58,ideal8,0,0
Ni60_base,28,60,base,0,0
Ni60_rsig,28,60,rsig,0,0
Ni60_ideal6,28,60,ideal6,0,0
Ni60_ideal7,28,60,ideal7,0,0
Ni60_ideal8,28,60,ideal8,0,0
Ni61_base,28,61,base,0,0
Ni61_rsig,28,61,rsig,0,0
Ni61_ideal6,28,61,ideal6,0,0
Ni61_ideal7,28,61,ideal7,0,0
Ni61_ideal8,28,61,ideal8,0,0
Ni62_base,28,62,base,0,0
Ni62_rsig,28,62,rsig,0,0
Ni62_ideal6,28,62,ideal6,0,0
Ni62_ideal7,28,62,ideal7,0,0
Ni62_ideal8,28,62,ideal8,0,0
Ni64_base,28,64,base,0,0
Ni64_rsig,28,64,rsig,0,0
Ni64_ideal6,28,64,ideal6,0,0
Ni64_ideal7,28,64,ideal7,0,0
Ni64_ideal8,28,64,ideal8,0,0
Cu63_base,29,63,base,0,0
Cu63_rsig,29,63,rsig,0,0
Cu63_r101,29,63,r101,0,0
Cu63_ideal6,29,63,ideal6,0,0
Cu63_ideal7,29,63,ideal7,0,0
Cu63_ideal8,29,63,ideal8,0,0
Cu65_base,29,65,base,0,0
Cu65_rsig,29,65,rsig,0,0
Cu65_ideal6,29,65,ideal6,0,0
Cu65_ideal7,29,65,ideal7,0,0
Cu65_ideal8,29,65,ideal8,0,0
Zn64_base,30,64,base,0,0
Zn64_rsig,30,64,rsig,0,0
Zn64_ideal6,30,64,ideal6,0,0
Zn64_ideal7,30,64,ideal7,0,0
Zn64_ideal8,30,64,ideal8,0,0
Zn66_base,30,66,base,0,0
Zn66_rsig,30,66,rsig,0,0
Zn66_ideal6,30,66,ideal6,0,0
Zn66_ideal7,30,66,ideal7,0,0
Zn66_ideal8,30,66,ideal8,0,0
Zn67_base,30,67,base,0,0
Zn67_rsig,30,67,rsig,0,0
Zn67_ideal6,30,67,ideal6,0,0
Zn67_ideal7,30,67,ideal7,0,0
Zn67_ideal8,30,67,ideal8,0,0
Zn68_base,30,68,base,0,0
Zn68_rsig,30,68,rsig,0,0
Zn68_ideal6,30,68,ideal6,0,0
Zn68_ideal7,30,68,ideal7,0,0
Zn68_ideal8,30,68,ideal8,0,0
Zn70_base,30,70,base,0,0
Zn70_rsig,30,70,rsig,0,0
Zn70_ideal6,30,70,ideal6,0,0
Zn70_ideal7,30,70,ideal7,0,0
Zn70_ideal8,30,70,ideal8,0,0
Ga69_base,31,69,base,0,0
Ga69_rsig,31,69,rsig,0,0
Ga69_ideal6,31,69,ideal6,0,0
Ga69_ideal7,31,69,ideal7,0,0
Ga69_ideal8,31,69,ideal8,0,0
Ga71_base,31,71,base,0,0
Ga71_rsig,31,71,rsig,0,0
Ga71_ideal6,31,71,ideal6,0,0
Ga71_ideal7,31,71,ideal7,0,0
Ga71_ideal8,31,71,ideal8,0,0
Ge70_base,32,70,base,0,0
Ge70_rsig,32,70,rsig,0,0
Ge70_ideal6,32,70,ideal6,0,0
Ge70_ideal7,32,70,ideal7,0,0
Ge70_ideal8,32,70,ideal8,0,0
Ge72_base,32,72,base,0,0
Ge72_rsig,32,72,rsig,0,0
Ge72_ideal6,32,72,ideal6,0,0
Ge72_ideal7,32,72,ideal7,0,0
Ge72_ideal8,32,72,ideal8,0,0
Ge73_base,32,73,base,0,0
Ge73_rsig,32,73,rsig,0,0
Ge73_ideal6,32,73,ideal6,0,0
Ge73_ideal7,32,73,ideal7,0,0
Ge73_ideal8,32,73,ideal8,0,0
Ge74_base,32,74,base,0,0
Ge74_rsig,32,74,rsig,0,0
Ge74_r101,32,74,r101,0,0
Ge74_ideal6,32,74,ideal6,0,0
Ge74_ideal7,32,74,ideal7,0,0
Ge74_ideal8,32,74,ideal8,0,0
Ge76_base,32,76,base,0,0
Ge76_rsig,32,76,rsig,0,0
Ge76_ideal6,32,76,ideal6,0,0
Ge76_ideal7,32,76,ideal7,0,0
Ge76_ideal8,32,76,ideal8,0,0
As75_base,33,75,base,0,0
As75_rsig,33,75,rsig,0,0
As75_ideal6,33,75,ideal6,0,0
As75_ideal7,33,75,ideal7,0,0
As75_ideal8,33,75,ideal8,0,0
Se74_base,34,74,base,0,0
Se74_rsig,34,74,rsig,0,0
Se74_ideal6,34,74,ideal6,0,0
Se74_ideal7,34,74,ideal7,0,0
Se74_ideal8,34,74,ideal8,0,0
Se76_base,34,76,base,0,0
Se76_rsig,34,76,rsig,0,0
Se76_ideal6,34,76,ideal6,0,0
Se76_ideal7,34,76,ideal7,0,0
Se76_ideal8,34,76,ideal8,0,0
Se77_base,34,77,base,0,0
Se77_rsig,34,77,rsig,0,0
Se77_ideal6,34,77,ideal6,0,0
Se77_ideal7,34,77,ideal7,0,0
Se77_ideal8,34,77,ideal8,0,0
Se78_base,34,78,base,0,0
Se78_rsig,34,78,rsig,0,0
Se78_ideal6,34,78,ideal6,0,0
Se78_ideal7,34,78,ideal7,0,0
Se78_ideal8,34,78,ideal8,0,0
Se80_base,34,80,base,0,0
Se80_rsig,34,80,rsig,0,0
Se80_ideal6,34,80,ideal6,0,0
Se80_ideal7,34,80,ideal7,0,0
Se80_ideal8,34,80,ideal8,0,0
Se82_base,34,82,base,0,0
Se82_rsig,34,82,rsig,0,0
Se82_ideal6,34,82,ideal6,0,0
Se82_ideal7,34,82,ideal7,0,0
Se82_ideal8,34,82,ideal8,0,0
Br79_base,35,79,base,0,0
Br79_rsig,35,79,rsig,0,0
Br79_ideal6,35,79,ideal6,0,0
Br79_ideal7,35,79,ideal7,0,0
Br79_ideal8,35,79,ideal8,0,0
Br81_base,35,81,base,0,0
Br81_rsig,35,81,rsig,0,0
Br81_ideal6,35,81,ideal6,0,0
Br81_ideal7,35,81,ideal7,0,0
Br81_ideal8,35,81,ideal8,0,0
Kr72_base,36,72,base,0,0
Kr72_rsig,36,72,rsig,0,0
Kr72_ideal6,36,72,ideal6,0,0
Kr72_ideal7,36,72,ideal7,0,0
Kr72_ideal8,36,72,ideal8,0,0
Kr74_base,36,74,base,0,0
Kr74_rsig,36,74,rsig,0,0
Kr74_ideal6,36,74,ideal6,0,0
Kr74_ideal7,36,74,ideal7,0,0
Kr74_ideal8,36,74,ideal8,0,0
Kr75_base,36,75,base,0,0
Kr75_rsig,36,75,rsig,0,0
Kr75_ideal6,36,75,ideal6,0,0
Kr75_ideal7,36,75,ideal7,0,0
Kr75_ideal8,36,75,ideal8,0,0
Kr76_base,36,76,base,0,0
Kr76_rsig,36,76,rsig,0,0
Kr76_ideal6,36,76,ideal6,0,0
Kr76_ideal7,36,76,ideal7,0,0
Kr76_ideal8,36,76,ideal8,0,0
Kr77_base,36,77,base,0,0
Kr77_rsig,36,77,rsig,0,0
Kr77_ideal6,36,77,ideal6,0,0
Kr77_ideal7,36,77,ideal7,0,0
Kr77_ideal8,36,77,ideal8,0,0
Kr78_base,36,78,base,0,0
Kr78_rsig,36,78,rsig,0,0
Kr78_ideal6,36,78,ideal6,0,0
Kr78_ideal7,36,78,ideal7,0,0
Kr78_ideal8,36,78,ideal8,0,0
Kr79_base,36,79,base,0,0
Kr79_rsig,36,79,rsig,0,0
Kr79_ideal6,36,79,ideal6,0,0
Kr79_ideal7,36,79,ideal7,0,0
Kr79_ideal8,36,79,ideal8,0,0
Kr80_base,36,80,base,0,0
Kr80_rsig,36,80,rsig,0,0
Kr80_ideal6,36,80,ideal6,0,0
Kr80_ideal7,36,80,ideal7,0,0
Kr80_ideal8,36,80,ideal8,0,0
Kr81_base,36,81,base,0,0
Kr81_rsig,36,81,rsig,0,0
Kr81_ideal6,36,81,ideal6,0,0
Kr81_ideal7,36,81,ideal7,0,0
Kr81_ideal8,36,81,ideal8,0,0
Kr82_base,36,82,base,0,0
Kr82_rsig,36,82,rsig,0,0
Kr82_ideal6,36,82,ideal6,0,0
Kr82_ideal7,36,82,ideal7,0,0
Kr82_ideal8,36,82,ideal8,0,0
Kr83_base,36,83,base,0,0
Kr83_rsig,36,83,rsig,0,0
Kr83_ideal6,36,83,ideal6,0,0
Kr83_ideal7,36,83,ideal7,0,0
Kr83_ideal8,36,83,ideal8,0,0
Kr84_base,36,84,base,0,0
Kr84_rsig,36,84,rsig,0,0
Kr84_ideal6,36,84,ideal6,0,0
Kr84_ideal7,36,84,ideal7,0,0
Kr84_ideal8,36,84,ideal8,0,0
Kr85_base,36,85,base,0,0
Kr85_rsig,36,85,rsig,0,0
Kr85_ideal6,36,85,ideal6,0,0
Kr85_ideal7,36,85,ideal7,0,0
Kr85_ideal8,36,85,ideal8,0,0
Kr86_base,36,86,base,0,0
Kr86_rsig,36,86,rsig,0,0
Kr86_ideal6,36,86,ideal6,0,0
Kr86_ideal7,36,86,ideal7,0,0
Kr86_ideal8,36,86,ideal8,0,0
Kr87_base,36,87,base,0,0
Kr87_rsig,36,87,rsig,0,0
Kr87_ideal6,36,87,ideal6,0,0
Kr87_ideal7,36,87,ideal7,0,0
Kr87_ideal8,36,87,ideal8,0,0
Kr88_base,36,88,base,0,0
Kr88_rsig,36,88,rsig,0,0
Kr88_ideal6,36,88,ideal6,0,0
Kr88_ideal7,36,88,ideal7,0,0
Kr88_ideal8,36,88,ideal8,0,0
Kr89_base,36,89,base,0,0
Kr89_rsig,36,89,rsig,0,0
Kr89_ideal6,36,89,ideal6,0,0
Kr89_ideal7,36,89,ideal7,0,0
Kr89_ideal8,36,89,ideal8,0,0
Kr90_base,36,90,base,0,0
Kr90_rsig,36,90,rsig,0,0
Kr90_ideal6,36,90,ideal6,0,0
Kr90_ideal7,36,90,ideal7,0,0
Kr90_ideal8,36,90,ideal8,0,0
Kr91_base,36,91,base,0,0
Kr91_rsig,36,91,rsig,0,0
Kr91_ideal6,36,91,ideal6,0,0
Kr91_ideal7,36,91,ideal7,0,0
Kr91_ideal8,36,91,ideal8,0,0
Kr92_base,36,92,base,0,0
Kr92_rsig,36,92,rsig,0,0
Kr92_ideal6,36,92,ideal6,0,0
Kr92_ideal7,36,92,ideal7,0,0
Kr92_ideal8,36,92,ideal8,0,0
Kr93_base,36,93,base,0,0
Kr93_rsig,36,93,rsig,0,0
Kr93_ideal6,36,93,ideal6,0,0
Kr93_ideal7,36,93,ideal7,0,0
Kr93_ideal8,36,93,ideal8,0,0
Kr94_base,36,94,base,0,0
Kr94_rsig,36,94,rsig,0,0
Kr94_ideal6,36,94,ideal6,0,0
Kr94_ideal7,36,94,ideal7,0,0
Kr94_ideal8,36,94,ideal8,0,0
Kr95_base,36,95,base,0,0
Kr95_rsig,36,95,rsig,0,0
Kr95_ideal6,36,95,ideal6,0,0
Kr95_ideal7,36,95,ideal7,0,0
Kr95_ideal8,36,95,ideal8,0,0
Kr96_base,36,96,base,0,0
Kr96_rsig,36,96,rsig,0,0
Kr96_ideal6,36,96,ideal6,0,0
Kr96_ideal7,36,96,ideal7,0,0
Kr96_ideal8,36,96,ideal8,0,0
Rb76_base,37,76,base,0,0
Rb76_rsig,37,76,rsig,0,0
Rb76_ideal6,37,76,ideal6,0,0
Rb76_ideal7,37,76,ideal7,0,0
Rb76_ideal8,37,76,ideal8,0,0
Rb77_base,37,77,base,0,0
Rb77_rsig,37,77,rsig,0,0
Rb77_ideal6,37,77,ideal6,0,0
Rb77_ideal7,37,77,ideal7,0,0
Rb77_ideal8,37,77,ideal8,0,0
Rb78_base,37,78,base,0,0
Rb78_rsig,37,78,rsig,0,0
Rb78_ideal6,37,78,ideal6,0,0
Rb78_ideal7,37,78,ideal7,0,0
Rb78_ideal8,37,78,ideal8,0,0
Rb79_base,37,79,base,0,0
Rb79_rsig,37,79,rsig,0,0
Rb79_ideal6,37,79,ideal6,0,0
Rb79_ideal7,37,79,ideal7,0,0
Rb79_ideal8,37,79,ideal8,0,0
Rb80_base,37,80,base,0,0
Rb80_rsig,37,80,rsig,0,0
Rb80_ideal6,37,80,ideal6,0,0
Rb80_ideal7,37,80,ideal7,0,0
Rb80_ideal8,37,80,ideal8,0,0
Rb81_base,37,81,base,0,0
Rb81_rsig,37,81,rsig,0,0
Rb81_ideal6,37,81,ideal6,0,0
Rb81_ideal7,37,81,ideal7,0,0
Rb81_ideal8,37,81,ideal8,0,0
Rb82_base,37,82,base,0,0
Rb82_rsig,37,82,rsig,0,0
Rb82_ideal6,37,82,ideal6,0,0
Rb82_ideal7,37,82,ideal7,0,0
Rb82_ideal8,37,82,ideal8,0,0
Rb83_base,37,83,base,0,0
Rb83_rsig,37,83,rsig,0,0
Rb83_ideal6,37,83,ideal6,0,0
Rb83_ideal7,37,83,ideal7,0,0
Rb83_ideal8,37,83,ideal8,0,0
Rb84_base,37,84,base,0,0
Rb84_rsig,37,84,rsig,0,0
Rb84_ideal6,37,84,ideal6,0,0
Rb84_ideal7,37,84,ideal7,0,0
Rb84_ideal8,37,84,ideal8,0,0
Rb85_base,37,85,base,0,0
Rb85_rsig,37,85,rsig,0,0
Rb85_ideal6,37,85,ideal6,0,0
Rb85_ideal7,37,85,ideal7,0,0
Rb85_ideal8,37,85,ideal8,0,0
Rb86_base,37,86,base,0,0
Rb86_rsig,37,86,rsig,0,0
Rb86_ideal6,37,86,ideal6,0,0
Rb86_ideal7,37,86,ideal7,0,0
Rb86_ideal8,37,86,ideal8,0,0
Rb87_base,37,87,base,0,0
Rb87_rsig,37,87,rsig,0,0
Rb87_ideal6,37,87,ideal6,0,0
Rb87_ideal7,37,87,ideal7,0,0
Rb87_ideal8,37,87,ideal8,0,0
Rb88_base,37,88,base,0,0
Rb88_rsig,37,88,rsig,0,0
Rb88_ideal6,37,88,ideal6,0,0
Rb88_ideal7,37,88,ideal7,0,0
Rb88_ideal8,37,88,ideal8,0,0
Rb89_base,37,89,base,0,0
Rb89_rsig,37,89,rsig,0,0
Rb89_ideal6,37,89,ideal6,0,0
Rb89_ideal7,37,89,ideal7,0,0
Rb89_ideal8,37,89,ideal8,0,0
Rb90_base,37,90,base,0,0
Rb90_rsig,37,90,rsig,0,0
Rb90_ideal6,37,90,ideal6,0,0
Rb90_ideal7,37,90,ideal7,0,0
Rb90_ideal8,37,90,ideal8,0,0
Rb91_base,37,91,base,0,0
Rb91_rsig,37,91,rsig,0,0
Rb91_ideal6,37,91,ideal6,0,0
Rb91_ideal7,37,91,ideal7,0,0
Rb91_ideal8,37,91,ideal8,0,0
Rb92_base,37,92,base,0,0
Rb92_rsig,37,92,rsig,0,0
Rb92_ideal6,37,92,ideal6,0,0
Rb92_ideal7,37,92,ideal7,0,0
Rb92_ideal8,37,92,ideal8,0,0
Rb93_base,37,93,base,0,0
Rb93_rsig,37,93,rsig,0,0
Rb93_ideal6,37,93,ideal6,0,0
Rb93_ideal7,37,93,ideal7,0,0
Rb93_ideal8,37,93,ideal8,0,0
Rb94_base,37,94,base,0,0
Rb94_rsig,37,94,rsig,0,0
Rb94_ideal6,37,94,ideal6,0,0
Rb94_ideal7,37,94,ideal7,0,0
Rb94_ideal8,37,94,ideal8,0,0
Rb95_base,37,95,base,0,0
Rb95_rsig,37,95,rsig,0,0
Rb95_ideal6,37,95,ideal6,0,0
Rb95_ideal7,37,95,ideal7,0,0
Rb95_ideal8,37,95,ideal8,0,0
Rb96_base,37,96,base,0,0
Rb96_rsig,37,96,rsig,0,0
Rb96_ideal6,37,96,ideal6,0,0
Rb96_ideal7,37,96,ideal7,0,0
Rb96_ideal8,37,96,ideal8,0,0
Rb97_base,37,97,base,0,0
Rb97_rsig,37,97,rsig,0,0
Rb97_ideal6,37,97,ideal6,0,0
Rb97_ideal7,37,97,ideal7,0,0
Rb97_ideal8,37,97,ideal8,0,0
Rb98_base,37,98,base,0,0
Rb98_rsig,37,98,rsig,0,0
Rb98_ideal6,37,98,ideal6,0,0
Rb98_ideal7,37,98,ideal7,0,0
Rb98_ideal8,37,98,ideal8,0,0
Sr77_base,38,77,base,0,0
Sr77_rsig,38,77,rsig,0,0
Sr77_ideal6,38,77,ideal6,0,0
Sr77_ideal7,38,77,ideal7,0,0
Sr77_ideal8,38,77,ideal8,0,0
Sr78_base,38,78,base,0,0
Sr78_rsig,38,78,rsig,0,0
Sr78_ideal6,38,78,ideal6,0,0
Sr78_ideal7,38,78,ideal7,0,0
Sr78_ideal8,38,78,ideal8,0,0
Sr79_base,38,79,base,0,0
Sr79_rsig,38,79,rsig,0,0
Sr79_ideal6,38,79,ideal6,0,0
Sr79_ideal7,38,79,ideal7,0,0
Sr79_ideal8,38,79,ideal8,0,0
Sr80_base,38,80,base,0,0
Sr80_rsig,38,80,rsig,0,0
Sr80_ideal6,38,80,ideal6,0,0
Sr80_ideal7,38,80,ideal7,0,0
Sr80_ideal8,38,80,ideal8,0,0
Sr81_base,38,81,base,0,0
Sr81_rsig,38,81,rsig,0,0
Sr81_ideal6,38,81,ideal6,0,0
Sr81_ideal7,38,81,ideal7,0,0
Sr81_ideal8,38,81,ideal8,0,0
Sr82_base,38,82,base,0,0
Sr82_rsig,38,82,rsig,0,0
Sr82_ideal6,38,82,ideal6,0,0
Sr82_ideal7,38,82,ideal7,0,0
Sr82_ideal8,38,82,ideal8,0,0
Sr83_base,38,83,base,0,0
Sr83_rsig,38,83,rsig,0,0
Sr83_ideal6,38,83,ideal6,0,0
Sr83_ideal7,38,83,ideal7,0,0
Sr83_ideal8,38,83,ideal8,0,0
Sr84_base,38,84,base,0,0
Sr84_rsig,38,84,rsig,0,0
Sr84_ideal6,38,84,ideal6,0,0
Sr84_ideal7,38,84,ideal7,0,0
Sr84_ideal8,38,84,ideal8,0,0
Sr85_base,38,85,base,0,0
Sr85_rsig,38,85,rsig,0,0
Sr85_ideal6,38,85,ideal6,0,0
Sr85_ideal7,38,85,ideal7,0,0
Sr85_ideal8,38,85,ideal8,0,0
Sr86_base,38,86,base,0,0
Sr86_rsig,38,86,rsig,0,0
Sr86_ideal6,38,86,ideal6,0,0
Sr86_ideal7,38,86,ideal7,0,0
Sr86_ideal8,38,86,ideal8,0,0
Sr87_base,38,87,base,0,0
Sr87_rsig,38,87,rsig,0,0
Sr87_ideal6,38,87,ideal6,0,0
Sr87_ideal7,38,87,ideal7,0,0
Sr87_ideal8,38,87,ideal8,0,0
Sr88_base,38,88,base,0,0
Sr88_rsig,38,88,rsig,0,0
Sr88_r101,38,88,r101,0,0
Sr88_ideal6,38,88,ideal6,0,0
Sr88_ideal7,38,88,ideal7,0,0
Sr88_ideal8,38,88,ideal8,0,0
Sr89_base,38,89,base,0,0
Sr89_rsig,38,89,rsig,0,0
Sr89_ideal6,38,89,ideal6,0,0
Sr89_ideal7,38,89,ideal7,0,0
Sr89_ideal8,38,89,ideal8,0,0
Sr90_base,38,90,base,0,0
Sr90_rsig,38,90,rsig,0,0
Sr90_ideal6,38,90,ideal6,0,0
Sr90_ideal7,38,90,ideal7,0,0
Sr90_ideal8,38,90,ideal8,0,0
Sr91_base,38,91,base,0,0
Sr91_rsig,38,91,rsig,0,0
Sr91_ideal6,38,91,ideal6,0,0
Sr91_ideal7,38,91,ideal7,0,0
Sr91_ideal8,38,91,ideal8,0,0
Sr92_base,38,92,base,0,0
Sr92_rsig,38,92,rsig,0,0
Sr92_ideal6,38,92,ideal6,0,0
Sr92_ideal7,38,92,ideal7,0,0
Sr92_ideal8,38,92,ideal8,0,0
Sr93_base,38,93,base,0,0
Sr93_rsig,38,93,rsig,0,0
Sr93_ideal6,38,93,ideal6,0,0
Sr93_ideal7,38,93,ideal7,0,0
Sr93_ideal8,38,93,ideal8,0,0
Sr94_base,38,94,base,0,0
Sr94_rsig,38,94,rsig,0,0
Sr94_ideal6,38,94,ideal6,0,0
Sr94_ideal7,38,94,ideal7,0,0
Sr94_ideal8,38,94,ideal8,0,0
Sr95_base,38,95,base,0,0
Sr95_rsig,38,95,rsig,0,0
Sr95_ideal6,38,95,ideal6,0,0
Sr95_ideal7,38,95,ideal7,0,0
Sr95_ideal8,38,95,ideal8,0,0
Sr96_base,38,96,base,0,0
Sr96_rsig,38,96,rsig,0,0
Sr96_ideal6,38,96,ideal6,0,0
Sr96_ideal7,38,96,ideal7,0,0
Sr96_ideal8,38,96,ideal8,0,0
Sr97_base,38,97,base,0,0
Sr97_rsig,38,97,rsig,0,0
Sr97_ideal6,38,97,ideal6,0,0
Sr97_ideal7,38,97,ideal7,0,0
Sr97_ideal8,38,97,ideal8,0,0
Sr98_base,38,98,base,0,0
Sr98_rsig,38,98,rsig,0,0
Sr98_ideal6,38,98,ideal6,0,0
Sr98_ideal7,38,98,ideal7,0,0
Sr98_ideal8,38,98,ideal8,0,0
Sr99_base,38,99,base,0,0
Sr99_rsig,38,99,rsig,0,0
Sr99_ideal6,38,99,ideal6,0,0
Sr99_ideal7,38,99,ideal7,0,0
Sr99_ideal8,38,99,ideal8,0,0
Sr100_base,38,100,base,0,0
Sr100_rsig,38,100,rsig,0,0
Sr100_ideal6,38,100,ideal6,0,0
Sr100_ideal7,38,100,ideal7,0,0
Sr100_ideal8,38,100,ideal8,0,0
Y86_base,39,86,base,0,0
Y86_rsig,39,86,rsig,0,0
Y86_ideal6,39,86,ideal6,0,0
Y86_ideal7,39,86,ideal7,0,0
Y86_ideal8,39,86,ideal8,0,0
Y87_base,39,87,base,0,0
Y87_rsig,39,87,rsig,0,0
Y87_ideal6,39,87,ideal6,0,0
Y87_ideal7,39,87,ideal7,0,0
Y87_ideal8,39,87,ideal8,0,0
Y88_base,39,88,base,0,0
Y88_rsig,39,88,rsig,0,0
Y88_ideal6,39,88,ideal6,0,0
Y88_ideal7,39,88,ideal7,0,0
Y88_ideal8,39,88,ideal8,0,0
Y89_base,39,89,base,0,0
Y89_rsig,39,89,rsig,0,0
Y89_ideal6,39,89,ideal6,0,0
Y89_ideal7,39,89,ideal7,0,0
Y89_ideal8,39,89,ideal8,0,0
Y90_base,39,90,base,0,0
Y90_rsig,39,90,rsig,0,0
Y90_ideal6,39,90,ideal6,0,0
Y90_ideal7,39,90,ideal7,0,0
Y90_ideal8,39,90,ideal8,0,0
Y92_base,39,92,base,0,0
Y92_rsig,39,92,rsig,0,0
Y92_ideal6,39,92,ideal6,0,0
Y92_ideal7,39,92,ideal7,0,0
Y92_ideal8,39,92,ideal8,0,0
Y93_base,39,93,base,0,0
Y93_rsig,39,93,rsig,0,0
Y93_ideal6,39,93,ideal6,0,0
Y93_ideal7,39,93,ideal7,0,0
Y93_ideal8,39,93,ideal8,0,0
Y94_base,39,94,base,0,0
Y94_rsig,39,94,rsig,0,0
Y94_ideal6,39,94,ideal6,0,0
Y94_ideal7,39,94,ideal7,0,0
Y94_ideal8,39,94,ideal8,0,0
Y95_base,39,95,base,0,0
Y95_rsig,39,95,rsig,0,0
Y95_ideal6,39,95,ideal6,0,0
Y95_ideal7,39,95,ideal7,0,0
Y95_ideal8,39,95,ideal8,0,0
Y96_base,39,96,base,0,0
Y96_rsig,39,96,rsig,0,0
Y96_ideal6,39,96,ideal6,0,0
Y96_ideal7,39,96,ideal7,0,0
Y96_ideal8,39,96,ideal8,0,0
Y97_base,39,97,base,0,0
Y97_rsig,39,97,rsig,0,0
Y97_ideal6,39,97,ideal6,0,0
Y97_ideal7,39,97,ideal7,0,0
Y97_ideal8,39,97,ideal8,0,0
Y98_base,39,98,base,0,0
Y98_rsig,39,98,rsig,0,0
Y98_ideal6,39,98,ideal6,0,0
Y98_ideal7,39,98,ideal7,0,0
Y98_ideal8,39,98,ideal8,0,0
Y99_base,39,99,base,0,0
Y99_rsig,39,99,rsig,0,0
Y99_ideal6,39,99,ideal6,0,0
Y99_ideal7,39,99,ideal7,0,0
Y99_ideal8,39,99,ideal8,0,0
Y100_base,39,100,base,0,0
Y100_rsig,39,100,rsig,0,0
Y100_ideal6,39,100,ideal6,0,0
Y100_ideal7,39,100,ideal7,0,0
Y100_ideal8,39,100,ideal8,0,0
Y101_base,39,101,base,0,0
Y101_rsig,39,101,rsig,0,0
Y101_ideal6,39,101,ideal6,0,0
Y101_ideal7,39,101,ideal7,0,0
Y101_ideal8,39,101,ideal8,0,0
Y102_base,39,102,base,0,0
Y102_rsig,39,102,rsig,0,0
Y102_ideal6,39,102,ideal6,0,0
Y102_ideal7,39,102,ideal7,0,0
Y102_ideal8,39,102,ideal8,0,0
Zr87_base,40,87,base,0,0
Zr87_rsig,40,87,rsig,0,0
Zr87_ideal6,40,87,ideal6,0,0
Zr87_ideal7,40,87,ideal7,0,0
Zr87_ideal8,40,87,ideal8,0,0
Zr88_base,40,88,base,0,0
Zr88_rsig,40,88,rsig,0,0
Zr88_ideal6,40,88,ideal6,0,0
Zr88_ideal7,40,88,ideal7,0,0
Zr88_ideal8,40,88,ideal8,0,0
Zr89_base,40,89,base,0,0
Zr89_rsig,40,89,rsig,0,0
Zr89_ideal6,40,89,ideal6,0,0
Zr89_ideal7,40,89,ideal7,0,0
Zr89_ideal8,40,89,ideal8,0,0
Zr90_base,40,90,base,0,0
Zr90_rsig,40,90,rsig,0,0
Zr90_r101,40,90,r101,0,0
Zr90_ideal6,40,90,ideal6,0,0
Zr90_ideal7,40,90,ideal7,0,0
Zr90_ideal8,40,90,ideal8,0,0
Zr91_base,40,91,base,0,0
Zr91_rsig,40,91,rsig,0,0
Zr91_ideal6,40,91,ideal6,0,0
Zr91_ideal7,40,91,ideal7,0,0
Zr91_ideal8,40,91,ideal8,0,0
Zr92_base,40,92,base,0,0
Zr92_rsig,40,92,rsig,0,0
Zr92_ideal6,40,92,ideal6,0,0
Zr92_ideal7,40,92,ideal7,0,0
Zr92_ideal8,40,92,ideal8,0,0
Zr94_base,40,94,base,0,0
Zr94_rsig,40,94,rsig,0,0
Zr94_ideal6,40,94,ideal6,0,0
Zr94_ideal7,40,94,ideal7,0,0
Zr94_ideal8,40,94,ideal8,0,0
Zr96_base,40,96,base,0,0
Zr96_rsig,40,96,rsig,0,0
Zr96_ideal6,40,96,ideal6,0,0
Zr96_ideal7,40,96,ideal7,0,0
Zr96_ideal8,40,96,ideal8,0,0
Zr97_base,40,97,base,0,0
Zr97_rsig,40,97,rsig,0,0
Zr97_ideal6,40,97,ideal6,0,0
Zr97_ideal7,40,97,ideal7,0,0
Zr97_ideal8,40,97,ideal8,0,0
Zr98_base,40,98,base,0,0
Zr98_rsig,40,98,rsig,0,0
Zr98_ideal6,40,98,ideal6,0,0
Zr98_ideal7,40,98,ideal7,0,0
Zr98_ideal8,40,98,ideal8,0,0
Zr99_base,40,99,base,0,0
Zr99_rsig,40,99,rsig,0,0
Zr99_ideal6,40,99,ideal6,0,0
Zr99_ideal7,40,99,ideal7,0,0
Zr99_ideal8,40,99,ideal8,0,0
Zr100_base,40,100,base,0,0
Zr100_rsig,40,100,rsig,0,0
Zr100_ideal6,40,100,ideal6,0,0
Zr100_ideal7,40,100,ideal7,0,0
Zr100_ideal8,40,100,ideal8,0,0
Zr101_base,40,101,base,0,0
Zr101_rsig,40,101,rsig,0,0
Zr101_ideal6,40,101,ideal6,0,0
Zr101_ideal7,40,101,ideal7,0,0
Zr101_ideal8,40,101,ideal8,0,0
Zr102_base,40,102,base,0,0
Zr102_rsig,40,102,rsig,0,0
Zr102_ideal6,40,102,ideal6,0,0
Zr102_ideal7,40,102,ideal7,0,0
Zr102_ideal8,40,102,ideal8,0,0
Nb90_base,41,90,base,0,0
Nb90_rsig,41,90,rsig,0,0
Nb90_ideal6,41,90,ideal6,0,0
Nb90_ideal7,41,90,ideal7,0,0
Nb90_ideal8,41,90,ideal8,0,0
Nb91_base,41,91,base,0,0
Nb91_rsig,41,91,rsig,0,0
Nb91_ideal6,41,91,ideal6,0,0
Nb91_ideal7,41,91,ideal7,0,0
Nb91_ideal8,41,91,ideal8,0,0
Nb92_base,41,92,base,0,0
Nb92_rsig,41,92,rsig,0,0
Nb92_ideal6,41,92,ideal6,0,0
Nb92_ideal7,41,92,ideal7,0,0
Nb92_ideal8,41,92,ideal8,0,0
Nb93_base,41,93,base,0,0
Nb93_rsig,41,93,rsig,0,0
Nb93_r101,41,93,r101,0,0
Nb93_ideal6,41,93,ideal6,0,0
Nb93_ideal7,41,93,ideal7,0,0
Nb93_ideal8,41,93,ideal8,0,0
Nb99_base,41,99,base,0,0
Nb99_rsig,41,99,rsig,0,0
Nb99_ideal6,41,99,ideal6,0,0
Nb99_ideal7,41,99,ideal7,0,0
Nb99_ideal8,41,99,ideal8,0,0
Nb101_base,41,101,base,0,0
Nb101_rsig,41,101,rsig,0,0
Nb101_ideal6,41,101,ideal6,0,0
Nb101_ideal7,41,101,ideal7,0,0
Nb101_ideal8,41,101,ideal8,0,0
Nb103_base,41,103,base,0,0
Nb103_rsig,41,103,rsig,0,0
Nb103_ideal6,41,103,ideal6,0,0
Nb103_ideal7,41,103,ideal7,0,0
Nb103_ideal8,41,103,ideal8,0,0
Mo90_base,42,90,base,0,0
Mo90_rsig,42,90,rsig,0,0
Mo90_ideal6,42,90,ideal6,0,0
Mo90_ideal7,42,90,ideal7,0,0
Mo90_ideal8,42,90,ideal8,0,0
Mo91_base,42,91,base,0,0
Mo91_rsig,42,91,rsig,0,0
Mo91_ideal6,42,91,ideal6,0,0
Mo91_ideal7,42,91,ideal7,0,0
Mo91_ideal8,42,91,ideal8,0,0
Mo92_base,42,92,base,0,0
Mo92_rsig,42,92,rsig,0,0
Mo92_ideal6,42,92,ideal6,0,0
Mo92_ideal7,42,92,ideal7,0,0
Mo92_ideal8,42,92,ideal8,0,0
Mo94_base,42,94,base,0,0
Mo94_rsig,42,94,rsig,0,0
Mo94_ideal6,42,94,ideal6,0,0
Mo94_ideal7,42,94,ideal7,0,0
Mo94_ideal8,42,94,ideal8,0,0
Mo95_base,42,95,base,0,0
Mo95_rsig,42,95,rsig,0,0
Mo95_ideal6,42,95,ideal6,0,0
Mo95_ideal7,42,95,ideal7,0,0
Mo95_ideal8,42,95,ideal8,0,0
Mo96_base,42,96,base,0,0
Mo96_rsig,42,96,rsig,0,0
Mo96_ideal6,42,96,ideal6,0,0
Mo96_ideal7,42,96,ideal7,0,0
Mo96_ideal8,42,96,ideal8,0,0
Mo97_base,42,97,base,0,0
Mo97_rsig,42,97,rsig,0,0
Mo97_ideal6,42,97,ideal6,0,0
Mo97_ideal7,42,97,ideal7,0,0
Mo97_ideal8,42,97,ideal8,0,0
Mo98_base,42,98,base,0,0
Mo98_rsig,42,98,rsig,0,0
Mo98_ideal6,42,98,ideal6,0,0
Mo98_ideal7,42,98,ideal7,0,0
Mo98_ideal8,42,98,ideal8,0,0
Mo100_base,42,100,base,0,0
Mo100_rsig,42,100,rsig,0,0
Mo100_ideal6,42,100,ideal6,0,0
Mo100_ideal7,42,100,ideal7,0,0
Mo100_ideal8,42,100,ideal8,0,0
Mo102_base,42,102,base,0,0
Mo102_rsig,42,102,rsig,0,0
Mo102_ideal6,42,102,ideal6,0,0
Mo102_ideal7,42,102,ideal7,0,0
Mo102_ideal8,42,102,ideal8,0,0
Mo103_base,42,103,base,0,0
Mo103_rsig,42,103,rsig,0,0
Mo103_ideal6,42,103,ideal6,0,0
Mo103_ideal7,42,103,ideal7,0,0
Mo103_ideal8,42,103,ideal8,0,0
Mo104_base,42,104,base,0,0
Mo104_rsig,42,104,rsig,0,0
Mo104_ideal6,42,104,ideal6,0,0
Mo104_ideal7,42,104,ideal7,0,0
Mo104_ideal8,42,104,ideal8,0,0
Mo105_base,42,105,base,0,0
Mo105_rsig,42,105,rsig,0,0
Mo105_ideal6,42,105,ideal6,0,0
Mo105_ideal7,42,105,ideal7,0,0
Mo105_ideal8,42,105,ideal8,0,0
Mo106_base,42,106,base,0,0
Mo106_rsig,42,106,rsig,0,0
Mo106_ideal6,42,106,ideal6,0,0
Mo106_ideal7,42,106,ideal7,0,0
Mo106_ideal8,42,106,ideal8,0,0
Mo108_base,42,108,base,0,0
Mo108_rsig,42,108,rsig,0,0
Mo108_ideal6,42,108,ideal6,0,0
Mo108_ideal7,42,108,ideal7,0,0
Mo108_ideal8,42,108,ideal8,0,0
Ru96_base,44,96,base,0,0
Ru96_rsig,44,96,rsig,0,0
Ru96_ideal6,44,96,ideal6,0,0
Ru96_ideal7,44,96,ideal7,0,0
Ru96_ideal8,44,96,ideal8,0,0
Ru98_base,44,98,base,0,0
Ru98_rsig,44,98,rsig,0,0
Ru98_ideal6,44,98,ideal6,0,0
Ru98_ideal7,44,98,ideal7,0,0
Ru98_ideal8,44,98,ideal8,0,0
Ru99_base,44,99,base,0,0
Ru99_rsig,44,99,rsig,0,0
Ru99_ideal6,44,99,ideal6,0,0
Ru99_ideal7,44,99,ideal7,0,0
Ru99_ideal8,44,99,ideal8,0,0
Ru100_base,44,100,base,0,0
Ru100_rsig,44,100,rsig,0,0
Ru100_ideal6,44,100,ideal6,0,0
Ru100_ideal7,44,100,ideal7,0,0
Ru100_ideal8,44,100,ideal8,0,0
Ru101_base,44,101,base,0,0
Ru101_rsig,44,101,rsig,0,0
Ru101_ideal6,44,101,ideal6,0,0
Ru101_ideal7,44,101,ideal7,0,0
Ru101_ideal8,44,101,ideal8,0,0
Ru102_base,44,102,base,0,0
Ru102_rsig,44,102,rsig,0,0
Ru102_r101,44,102,r101,0,0
Ru102_ideal6,44,102,ideal6,0,0
Ru102_ideal7,44,102,ideal7,0,0
Ru102_ideal8,44,102,ideal8,0,0
Ru104_base,44,104,base,0,0
Ru104_rsig,44,104,rsig,0,0
Ru104_ideal6,44,104,ideal6,0,0
Ru104_ideal7,44,104,ideal7,0,0
Ru104_ideal8,44,104,ideal8,0,0
Rh103_base,45,103,base,0,0
Rh103_rsig,45,103,rsig,0,0
Rh103_ideal6,45,103,ideal6,0,0
Rh103_ideal7,45,103,ideal7,0,0
Rh103_ideal8,45,103,ideal8,0,0
Pd102_base,46,102,base,0,0
Pd102_rsig,46,102,rsig,0,0
Pd102_ideal6,46,102,ideal6,0,0
Pd102_ideal7,46,102,ideal7,0,0
Pd102_ideal8,46,102,ideal8,0,0
Pd104_base,46,104,base,0,0
Pd104_rsig,46,104,rsig,0,0
Pd104_r101,46,104,r101,0,0
Pd104_ideal6,46,104,ideal6,0,0
Pd104_ideal7,46,104,ideal7,0,0
Pd104_ideal8,46,104,ideal8,0,0
Pd105_base,46,105,base,0,0
Pd105_rsig,46,105,rsig,0,0
Pd105_r101,46,105,r101,0,0
Pd105_ideal6,46,105,ideal6,0,0
Pd105_ideal7,46,105,ideal7,0,0
Pd105_ideal8,46,105,ideal8,0,0
Pd106_base,46,106,base,0,0
Pd106_rsig,46,106,rsig,0,0
Pd106_r101,46,106,r101,0,0
Pd106_ideal6,46,106,ideal6,0,0
Pd106_ideal7,46,106,ideal7,0,0
Pd106_ideal8,46,106,ideal8,0,0
Pd108_base,46,108,base,0,0
Pd108_rsig,46,108,rsig,0,0
Pd108_r101,46,108,r101,0,0
Pd108_ideal6,46,108,ideal6,0,0
Pd108_ideal7,46,108,ideal7,0,0
Pd108_ideal8,46,108,ideal8,0,0
Pd110_base,46,110,base,0,0
Pd110_rsig,46,110,rsig,0,0
Pd110_r101,46,110,r101,0,0
Pd110_ideal6,46,110,ideal6,0,0
Pd110_ideal7,46,110,ideal7,0,0
Pd110_ideal8,46,110,ideal8,0,0
Ag101_base,47,101,base,0,0
Ag101_rsig,47,101,rsig,0,0
Ag101_ideal6,47,101,ideal6,0,0
Ag101_ideal7,47,101,ideal7,0,0
Ag101_ideal8,47,101,ideal8,0,0
Ag103_base,47,103,base,0,0
Ag103_rsig,47,103,rsig,0,0
Ag103_ideal6,47,103,ideal6,0,0
Ag103_ideal7,47,103,ideal7,0,0
Ag103_ideal8,47,103,ideal8,0,0
Ag104_base,47,104,base,0,0
Ag104_rsig,47,104,rsig,0,0
Ag104_ideal6,47,104,ideal6,0,0
Ag104_ideal7,47,104,ideal7,0,0
Ag104_ideal8,47,104,ideal8,0,0
Ag105_base,47,105,base,0,0
Ag105_rsig,47,105,rsig,0,0
Ag105_ideal6,47,105,ideal6,0,0
Ag105_ideal7,47,105,ideal7,0,0
Ag105_ideal8,47,105,ideal8,0,0
Ag107_base,47,107,base,0,0
Ag107_rsig,47,107,rsig,0,0
Ag107_r101,47,107,r101,0,0
Ag107_ideal6,47,107,ideal6,0,0
Ag107_ideal7,47,107,ideal7,0,0
Ag107_ideal8,47,107,ideal8,0,0
Ag109_base,47,109,base,0,0
Ag109_rsig,47,109,rsig,0,0
Ag109_ideal6,47,109,ideal6,0,0
Ag109_ideal7,47,109,ideal7,0,0
Ag109_ideal8,47,109,ideal8,0,0
Cd102_base,48,102,base,0,0
Cd102_rsig,48,102,rsig,0,0
Cd102_ideal6,48,102,ideal6,0,0
Cd102_ideal7,48,102,ideal7,0,0
Cd102_ideal8,48,102,ideal8,0,0
Cd103_base,48,103,base,0,0
Cd103_rsig,48,103,rsig,0,0
Cd103_ideal6,48,103,ideal6,0,0
Cd103_ideal7,48,103,ideal7,0,0
Cd103_ideal8,48,103,ideal8,0,0
Cd104_base,48,104,base,0,0
Cd104_rsig,48,104,rsig,0,0
Cd104_ideal6,48,104,ideal6,0,0
Cd104_ideal7,48,104,ideal7,0,0
Cd104_ideal8,48,104,ideal8,0,0
Cd105_base,48,105,base,0,0
Cd105_rsig,48,105,rsig,0,0
Cd105_ideal6,48,105,ideal6,0,0
Cd105_ideal7,48,105,ideal7,0,0
Cd105_ideal8,48,105,ideal8,0,0
Cd106_base,48,106,base,0,0
Cd106_rsig,48,106,rsig,0,0
Cd106_ideal6,48,106,ideal6,0,0
Cd106_ideal7,48,106,ideal7,0,0
Cd106_ideal8,48,106,ideal8,0,0
Cd107_base,48,107,base,0,0
Cd107_rsig,48,107,rsig,0,0
Cd107_ideal6,48,107,ideal6,0,0
Cd107_ideal7,48,107,ideal7,0,0
Cd107_ideal8,48,107,ideal8,0,0
Cd108_base,48,108,base,0,0
Cd108_rsig,48,108,rsig,0,0
Cd108_ideal6,48,108,ideal6,0,0
Cd108_ideal7,48,108,ideal7,0,0
Cd108_ideal8,48,108,ideal8,0,0
Cd109_base,48,109,base,0,0
Cd109_rsig,48,109,rsig,0,0
Cd109_ideal6,48,109,ideal6,0,0
Cd109_ideal7,48,109,ideal7,0,0
Cd109_ideal8,48,109,ideal8,0,0
Cd110_base,48,110,base,0,0
Cd110_rsig,48,110,rsig,0,0
Cd110_ideal6,48,110,ideal6,0,0
Cd110_ideal7,48,110,ideal7,0,0
Cd110_ideal8,48,110,ideal8,0,0
Cd111_base,48,111,base,0,0
Cd111_rsig,48,111,rsig,0,0
Cd111_ideal6,48,111,ideal6,0,0
Cd111_ideal7,48,111,ideal7,0,0
Cd111_ideal8,48,111,ideal8,0,0
Cd112_base,48,112,base,0,0
Cd112_rsig,48,112,rsig,0,0
Cd112_ideal6,48,112,ideal6,0,0
Cd112_ideal7,48,112,ideal7,0,0
Cd112_ideal8,48,112,ideal8,0,0
Cd113_base,48,113,base,0,0
Cd113_rsig,48,113,rsig,0,0
Cd113_ideal6,48,113,ideal6,0,0
Cd113_ideal7,48,113,ideal7,0,0
Cd113_ideal8,48,113,ideal8,0,0
Cd114_base,48,114,base,0,0
Cd114_rsig,48,114,rsig,0,0
Cd114_ideal6,48,114,ideal6,0,0
Cd114_ideal7,48,114,ideal7,0,0
Cd114_ideal8,48,114,ideal8,0,0
Cd115_base,48,115,base,0,0
Cd115_rsig,48,115,rsig,0,0
Cd115_ideal6,48,115,ideal6,0,0
Cd115_ideal7,48,115,ideal7,0,0
Cd115_ideal8,48,115,ideal8,0,0
Cd116_base,48,116,base,0,0
Cd116_rsig,48,116,rsig,0,0
Cd116_ideal6,48,116,ideal6,0,0
Cd116_ideal7,48,116,ideal7,0,0
Cd116_ideal8,48,116,ideal8,0,0
Cd117_base,48,117,base,0,0
Cd117_rsig,48,117,rsig,0,0
Cd117_ideal6,48,117,ideal6,0,0
Cd117_ideal7,48,117,ideal7,0,0
Cd117_ideal8,48,117,ideal8,0,0
Cd118_base,48,118,base,0,0
Cd118_rsig,48,118,rsig,0,0
Cd118_ideal6,48,118,ideal6,0,0
Cd118_ideal7,48,118,ideal7,0,0
Cd118_ideal8,48,118,ideal8,0,0
Cd120_base,48,120,base,0,0
Cd120_rsig,48,120,rsig,0,0
Cd120_ideal6,48,120,ideal6,0,0
Cd120_ideal7,48,120,ideal7,0,0
Cd120_ideal8,48,120,ideal8,0,0
In104_base,49,104,base,0,0
In104_rsig,49,104,rsig,0,0
In104_ideal6,49,104,ideal6,0,0
In104_ideal7,49,104,ideal7,0,0
In104_ideal8,49,104,ideal8,0,0
In105_base,49,105,base,0,0
In105_rsig,49,105,rsig,0,0
In105_ideal6,49,105,ideal6,0,0
In105_ideal7,49,105,ideal7,0,0
In105_ideal8,49,105,ideal8,0,0
In106_base,49,106,base,0,0
In106_rsig,49,106,rsig,0,0
In106_ideal6,49,106,ideal6,0,0
In106_ideal7,49,106,ideal7,0,0
In106_ideal8,49,106,ideal8,0,0
In107_base,49,107,base,0,0
In107_rsig,49,107,rsig,0,0
In107_ideal6,49,107,ideal6,0,0
In107_ideal7,49,107,ideal7,0,0
In107_ideal8,49,107,ideal8,0,0
In108_base,49,108,base,0,0
In108_rsig,49,108,rsig,0,0
In108_ideal6,49,108,ideal6,0,0
In108_ideal7,49,108,ideal7,0,0
In108_ideal8,49,108,ideal8,0,0
In109_base,49,109,base,0,0
In109_rsig,49,109,rsig,0,0
In109_ideal6,49,109,ideal6,0,0
In109_ideal7,49,109,ideal7,0,0
In109_ideal8,49,109,ideal8,0,0
In110_base,49,110,base,0,0
In110_rsig,49,110,rsig,0,0
In110_ideal6,49,110,ideal6,0,0
In110_ideal7,49,110,ideal7,0,0
In110_ideal8,49,110,ideal8,0,0
In111_base,49,111,base,0,0
In111_rsig,49,111,rsig,0,0
In111_ideal6,49,111,ideal6,0,0
In111_ideal7,49,111,ideal7,0,0
In111_ideal8,49,111,ideal8,0,0
In112_base,49,112,base,0,0
In112_rsig,49,112,rsig,0,0
In112_ideal6,49,112,ideal6,0,0
In112_ideal7,49,112,ideal7,0,0
In112_ideal8,49,112,ideal8,0,0
In113_base,49,113,base,0,0
In113_rsig,49,113,rsig,0,0
In113_ideal6,49,113,ideal6,0,0
In113_ideal7,49,113,ideal7,0,0
In113_ideal8,49,113,ideal8,0,0
In114_base,49,114,base,0,0
In114_rsig,49,114,rsig,0,0
In114_ideal6,49,114,ideal6,0,0
In114_ideal7,49,114,ideal7,0,0
In114_ideal8,49,114,ideal8,0,0
In115_base,49,115,base,0,0
In115_rsig,49,115,rsig,0,0
In115_r101,49,115,r101,0,0
In115_ideal6,49,115,ideal6,0,0
In115_ideal7,49,115,ideal7,0,0
In115_ideal8,49,115,ideal8,0,0
In116_base,49,116,base,0,0
In116_rsig,49,116,rsig,0,0
In116_ideal6,49,116,ideal6,0,0
In116_ideal7,49,116,ideal7,0,0
In116_ideal8,49,116,ideal8,0,0
In117_base,49,117,base,0,0
In117_rsig,49,117,rsig,0,0
In117_ideal6,49,117,ideal6,0,0
In117_ideal7,49,117,ideal7,0,0
In117_ideal8,49,117,ideal8,0,0
In118_base,49,118,base,0,0
In118_rsig,49,118,rsig,0,0
In118_ideal6,49,118,ideal6,0,0
In118_ideal7,49,118,ideal7,0,0
In118_ideal8,49,118,ideal8,0,0
In119_base,49,119,base,0,0
In119_rsig,49,119,rsig,0,0
In119_ideal6,49,119,ideal6,0,0
In119_ideal7,49,119,ideal7,0,0
In119_ideal8,49,119,ideal8,0,0
In120_base,49,120,base,0,0
In120_rsig,49,120,rsig,0,0
In120_ideal6,49,120,ideal6,0,0
In120_ideal7,49,120,ideal7,0,0
In120_ideal8,49,120,ideal8,0,0
In121_base,49,121,base,0,0
In121_rsig,49,121,rsig,0,0
In121_ideal6,49,121,ideal6,0,0
In121_ideal7,49,121,ideal7,0,0
In121_ideal8,49,121,ideal8,0,0
In122_base,49,122,base,0,0
In122_rsig,49,122,rsig,0,0
In122_ideal6,49,122,ideal6,0,0
In122_ideal7,49,122,ideal7,0,0
In122_ideal8,49,122,ideal8,0,0
In123_base,49,123,base,0,0
In123_rsig,49,123,rsig,0,0
In123_ideal6,49,123,ideal6,0,0
In123_ideal7,49,123,ideal7,0,0
In123_ideal8,49,123,ideal8,0,0
In124_base,49,124,base,0,0
In124_rsig,49,124,rsig,0,0
In124_ideal6,49,124,ideal6,0,0
In124_ideal7,49,124,ideal7,0,0
In124_ideal8,49,124,ideal8,0,0
In125_base,49,125,base,0,0
In125_rsig,49,125,rsig,0,0
In125_ideal6,49,125,ideal6,0,0
In125_ideal7,49,125,ideal7,0,0
In125_ideal8,49,125,ideal8,0,0
In126_base,49,126,base,0,0
In126_rsig,49,126,rsig,0,0
In126_ideal6,49,126,ideal6,0,0
In126_ideal7,49,126,ideal7,0,0
In126_ideal8,49,126,ideal8,0,0
In127_base,49,127,base,0,0
In127_rsig,49,127,rsig,0,0
In127_ideal6,49,127,ideal6,0,0
In127_ideal7,49,127,ideal7,0,0
In127_ideal8,49,127,ideal8,0,0
Sn108_base,50,108,base,0,0
Sn108_rsig,50,108,rsig,0,0
Sn108_ideal6,50,108,ideal6,0,0
Sn108_ideal7,50,108,ideal7,0,0
Sn108_ideal8,50,108,ideal8,0,0
Sn109_base,50,109,base,0,0
Sn109_rsig,50,109,rsig,0,0
Sn109_ideal6,50,109,ideal6,0,0
Sn109_ideal7,50,109,ideal7,0,0
Sn109_ideal8,50,109,ideal8,0,0
Sn110_base,50,110,base,0,0
Sn110_rsig,50,110,rsig,0,0
Sn110_ideal6,50,110,ideal6,0,0
Sn110_ideal7,50,110,ideal7,0,0
Sn110_ideal8,50,110,ideal8,0,0
Sn111_base,50,111,base,0,0
Sn111_rsig,50,111,rsig,0,0
Sn111_ideal6,50,111,ideal6,0,0
Sn111_ideal7,50,111,ideal7,0,0
Sn111_ideal8,50,111,ideal8,0,0
Sn112_base,50,112,base,0,0
Sn112_rsig,50,112,rsig,0,0
Sn112_ideal6,50,112,ideal6,0,0
Sn112_ideal7,50,112,ideal7,0,0
Sn112_ideal8,50,112,ideal8,0,0
Sn113_base,50,113,base,0,0
Sn113_rsig,50,113,rsig,0,0
Sn113_ideal6,50,113,ideal6,0,0
Sn113_ideal7,50,113,ideal7,0,0
Sn113_ideal8,50,113,ideal8,0,0
Sn114_base,50,114,base,0,0
Sn114_rsig,50,114,rsig,0,0
Sn114_ideal6,50,114,ideal6,0,0
Sn114_ideal7,50,114,ideal7,0,0
Sn114_ideal8,50,114,ideal8,0,0
Sn115_base,50,115,base,0,0
Sn115_rsig,50,115,rsig,0,0
Sn115_ideal6,50,115,ideal6,0,0
Sn115_ideal7,50,115,ideal7,0,0
Sn115_ideal8,50,115,ideal8,0,0
Sn116_base,50,116,base,0,0
Sn116_rsig,50,116,rsig,0,0
Sn116_ideal6,50,116,ideal6,0,0
Sn116_ideal7,50,116,ideal7,0,0
Sn116_ideal8,50,116,ideal8,0,0
Sn117_base,50,117,base,0,0
Sn117_rsig,50,117,rsig,0,0
Sn117_ideal6,50,117,ideal6,0,0
Sn117_ideal7,50,117,ideal7,0,0
Sn117_ideal8,50,117,ideal8,0,0
Sn118_base,50,118,base,0,0
Sn118_rsig,50,118,rsig,0,0
Sn118_ideal6,50,118,ideal6,0,0
Sn118_ideal7,50,118,ideal7,0,0
Sn118_ideal8,50,118,ideal8,0,0
Sn119_base,50,119,base,0,0
Sn119_rsig,50,119,rsig,0,0
Sn119_ideal6,50,119,ideal6,0,0
Sn119_ideal7,50,119,ideal7,0,0
Sn119_ideal8,50,119,ideal8,0,0
Sn120_base,50,120,base,0,0
Sn120_rsig,50,120,rsig,0,0
Sn120_ideal6,50,120,ideal6,0,0
Sn120_ideal7,50,120,ideal7,0,0
Sn120_ideal8,50,120,ideal8,0,0
Sn121_base,50,121,base,0,0
Sn121_rsig,50,121,rsig,0,0
Sn121_ideal6,50,121,ideal6,0,0
Sn121_ideal7,50,121,ideal7,0,0
Sn121_ideal8,50,121,ideal8,0,0
Sn122_base,50,122,base,0,0
Sn122_rsig,50,122,rsig,0,0
Sn122_ideal6,50,122,ideal6,0,0
Sn122_ideal7,50,122,ideal7,0,0
Sn122_ideal8,50,122,ideal8,0,0
Sn123_base,50,123,base,0,0
Sn123_rsig,50,123,rsig,0,0
Sn123_ideal6,50,123,ideal6,0,0
Sn123_ideal7,50,123,ideal7,0,0
Sn123_ideal8,50,123,ideal8,0,0
Sn124_base,50,124,base,0,0
Sn124_rsig,50,124,rsig,0,0
Sn124_ideal6,50,124,ideal6,0,0
Sn124_ideal7,50,124,ideal7,0,0
Sn124_ideal8,50,124,ideal8,0,0
Sn125_base,50,125,base,0,0
Sn125_rsig,50,125,rsig,0,0
Sn125_ideal6,50,125,ideal6,0,0
Sn125_ideal7,50,125,ideal7,0,0
Sn125_ideal8,50,125,ideal8,0,0
Sn126_base,50,126,base,0,0
Sn126_rsig,50,126,rsig,0,0
Sn126_ideal6,50,126,ideal6,0,0
Sn126_ideal7,50,126,ideal7,0,0
Sn126_ideal8,50,126,ideal8,0,0
Sn127_base,50,127,base,0,0
Sn127_rsig,50,127,rsig,0,0
Sn127_ideal6,50,127,ideal6,0,0
Sn127_ideal7,50,127,ideal7,0,0
Sn127_ideal8,50,127,ideal8,0,0
Sn128_base,50,128,base,0,0
Sn128_rsig,50,128,rsig,0,0
Sn128_ideal6,50,128,ideal6,0,0
Sn128_ideal7,50,128,ideal7,0,0
Sn128_ideal8,50,128,ideal8,0,0
Sn129_base,50,129,base,0,0
Sn129_rsig,50,129,rsig,0,0
Sn129_ideal6,50,129,ideal6,0,0
Sn129_ideal7,50,129,ideal7,0,0
Sn129_ideal8,50,129,ideal8,0,0
Sn130_base,50,130,base,0,0
Sn130_rsig,50,130,rsig,0,0
Sn130_ideal6,50,130,ideal6,0,0
Sn130_ideal7,50,130,ideal7,0,0
Sn130_ideal8,50,130,ideal8,0,0
Sn131_base,50,131,base,0,0
Sn131_rsig,50,131,rsig,0,0
Sn131_ideal6,50,131,ideal6,0,0
Sn131_ideal7,50,131,ideal7,0,0
Sn131_ideal8,50,131,ideal8,0,0
Sn132_base,50,132,base,0,0
Sn132_rsig,50,132,rsig,0,0
Sn132_ideal6,50,132,ideal6,0,0
Sn132_ideal7,50,132,ideal7,0,0
Sn132_ideal8,50,132,ideal8,0,0
Sb121_base,51,121,base,0,0
Sb121_rsig,51,121,rsig,0,0
Sb121_ideal6,51,121,ideal6,0,0
Sb121_ideal7,51,121,ideal7,0,0
Sb121_ideal8,51,121,ideal8,0,0
Sb123_base,51,123,base,0,0
Sb123_rsig,51,123,rsig,0,0
Sb123_ideal6,51,123,ideal6,0,0
Sb123_ideal7,51,123,ideal7,0,0
Sb123_ideal8,51,123,ideal8,0,0
Te116_base,52,116,base,0,0
Te116_rsig,52,116,rsig,0,0
Te116_ideal6,52,116,ideal6,0,0
Te116_ideal7,52,116,ideal7,0,0
Te116_ideal8,52,116,ideal8,0,0
Te118_base,52,118,base,0,0
Te118_rsig,52,118,rsig,0,0
Te118_ideal6,52,118,ideal6,0,0
Te118_ideal7,52,118,ideal7,0,0
Te118_ideal8,52,118,ideal8,0,0
Te120_base,52,120,base,0,0
Te120_rsig,52,120,rsig,0,0
Te120_ideal6,52,120,ideal6,0,0
Te120_ideal7,52,120,ideal7,0,0
Te120_ideal8,52,120,ideal8,0,0
Te122_base,52,122,base,0,0
Te122_rsig,52,122,rsig,0,0
Te122_ideal6,52,122,ideal6,0,0
Te122_ideal7,52,122,ideal7,0,0
Te122_ideal8,52,122,ideal8,0,0
Te123_base,52,123,base,0,0
Te123_rsig,52,123,rsig,0,0
Te123_ideal6,52,123,ideal6,0,0
Te123_ideal7,52,123,ideal7,0,0
Te123_ideal8,52,123,ideal8,0,0
Te124_base,52,124,base,0,0
Te124_rsig,52,124,rsig,0,0
Te124_ideal6,52,124,ideal6,0,0
Te124_ideal7,52,124,ideal7,0,0
Te124_ideal8,52,124,ideal8,0,0
Te125_base,52,125,base,0,0
Te125_rsig,52,125,rsig,0,0
Te125_ideal6,52,125,ideal6,0,0
Te125_ideal7,52,125,ideal7,0,0
Te125_ideal8,52,125,ideal8,0,0
Te126_base,52,126,base,0,0
Te126_rsig,52,126,rsig,0,0
Te126_ideal6,52,126,ideal6,0,0
Te126_ideal7,52,126,ideal7,0,0
Te126_ideal8,52,126,ideal8,0,0
Te128_base,52,128,base,0,0
Te128_rsig,52,128,rsig,0,0
Te128_ideal6,52,128,ideal6,0,0
Te128_ideal7,52,128,ideal7,0,0
Te128_ideal8,52,128,ideal8,0,0
Te130_base,52,130,base,0,0
Te130_rsig,52,130,rsig,0,0
Te130_ideal6,52,130,ideal6,0,0
Te130_ideal7,52,130,ideal7,0,0
Te130_ideal8,52,130,ideal8,0,0
Te132_base,52,132,base,0,0
Te132_rsig,52,132,rsig,0,0
Te132_ideal6,52,132,ideal6,0,0
Te132_ideal7,52,132,ideal7,0,0
Te132_ideal8,52,132,ideal8,0,0
Te134_base,52,134,base,0,0
Te134_rsig,52,134,rsig,0,0
Te134_ideal6,52,134,ideal6,0,0
Te134_ideal7,52,134,ideal7,0,0
Te134_ideal8,52,134,ideal8,0,0
Te136_base,52,136,base,0,0
Te136_rsig,52,136,rsig,0,0
Te136_ideal6,52,136,ideal6,0,0
Te136_ideal7,52,136,ideal7,0,0
Te136_ideal8,52,136,ideal8,0,0
I127_base,53,127,base,0,0
I127_rsig,53,127,rsig,0,0
I127_r101,53,127,r101,0,0
I127_ideal6,53,127,ideal6,0,0
I127_ideal7,53,127,ideal7,0,0
I127_ideal8,53,127,ideal8,0,0
Xe116_base,54,116,base,0,0
Xe116_rsig,54,116,rsig,0,0
Xe116_ideal6,54,116,ideal6,0,0
Xe116_ideal7,54,116,ideal7,0,0
Xe116_ideal8,54,116,ideal8,0,0
Xe118_base,54,118,base,0,0
Xe118_rsig,54,118,rsig,0,0
Xe118_ideal6,54,118,ideal6,0,0
Xe118_ideal7,54,118,ideal7,0,0
Xe118_ideal8,54,118,ideal8,0,0
Xe120_base,54,120,base,0,0
Xe120_rsig,54,120,rsig,0,0
Xe120_ideal6,54,120,ideal6,0,0
Xe120_ideal7,54,120,ideal7,0,0
Xe120_ideal8,54,120,ideal8,0,0
Xe122_base,54,122,base,0,0
Xe122_rsig,54,122,rsig,0,0
Xe122_ideal6,54,122,ideal6,0,0
Xe122_ideal7,54,122,ideal7,0,0
Xe122_ideal8,54,122,ideal8,0,0
Xe124_base,54,124,base,0,0
Xe124_rsig,54,124,rsig,0,0
Xe124_ideal6,54,124,ideal6,0,0
Xe124_ideal7,54,124,ideal7,0,0
Xe124_ideal8,54,124,ideal8,0,0
Xe126_base,54,126,base,0,0
Xe126_rsig,54,126,rsig,0,0
Xe126_ideal6,54,126,ideal6,0,0
Xe126_ideal7,54,126,ideal7,0,0
Xe126_ideal8,54,126,ideal8,0,0
Xe127_base,54,127,base,0,0
Xe127_rsig,54,127,rsig,0,0
Xe127_ideal6,54,127,ideal6,0,0
Xe127_ideal7,54,127,ideal7,0,0
Xe127_ideal8,54,127,ideal8,0,0
Xe128_base,54,128,base,0,0
Xe128_rsig,54,128,rsig,0,0
Xe128_ideal6,54,128,ideal6,0,0
Xe128_ideal7,54,128,ideal7,0,0
Xe128_ideal8,54,128,ideal8,0,0
Xe129_base,54,129,base,0,0
Xe129_rsig,54,129,rsig,0,0
Xe129_ideal6,54,129,ideal6,0,0
Xe129_ideal7,54,129,ideal7,0,0
Xe129_ideal8,54,129,ideal8,0,0
Xe130_base,54,130,base,0,0
Xe130_rsig,54,130,rsig,0,0
Xe130_ideal6,54,130,ideal6,0,0
Xe130_ideal7,54,130,ideal7,0,0
Xe130_ideal8,54,130,ideal8,0,0
Xe131_base,54,131,base,0,0
Xe131_rsig,54,131,rsig,0,0
Xe131_ideal6,54,131,ideal6,0,0
Xe131_ideal7,54,131,ideal7,0,0
Xe131_ideal8,54,131,ideal8,0,0
Xe132_base,54,132,base,0,0
Xe132_rsig,54,132,rsig,0,0
Xe132_ideal6,54,132,ideal6,0,0
Xe132_ideal7,54,132,ideal7,0,0
Xe132_ideal8,54,132,ideal8,0,0
Xe133_base,54,133,base,0,0
Xe133_rsig,54,133,rsig,0,0
Xe133_ideal6,54,133,ideal6,0,0
Xe133_ideal7,54,133,ideal7,0,0
Xe133_ideal8,54,133,ideal8,0,0
Xe134_base,54,134,base,0,0
Xe134_rsig,54,134,rsig,0,0
Xe134_ideal6,54,134,ideal6,0,0
Xe134_ideal7,54,134,ideal7,0,0
Xe134_ideal8,54,134,ideal8,0,0
Xe136_base,54,136,base,0,0
Xe136_rsig,54,136,rsig,0,0
Xe136_ideal6,54,136,ideal6,0,0
Xe136_ideal7,54,136,ideal7,0,0
Xe136_ideal8,54,136,ideal8,0,0
Xe137_base,54,137,base,0,0
Xe137_rsig,54,137,rsig,0,0
Xe137_ideal6,54,137,ideal6,0,0
Xe137_ideal7,54,137,ideal7,0,0
Xe137_ideal8,54,137,ideal8,0,0
Xe138_base,54,138,base,0,0
Xe138_rsig,54,138,rsig,0,0
Xe138_ideal6,54,138,ideal6,0,0
Xe138_ideal7,54,138,ideal7,0,0
Xe138_ideal8,54,138,ideal8,0,0
Xe139_base,54,139,base,0,0
Xe139_rsig,54,139,rsig,0,0
Xe139_ideal6,54,139,ideal6,0,0
Xe139_ideal7,54,139,ideal7,0,0
Xe139_ideal8,54,139,ideal8,0,0
Xe140_base,54,140,base,0,0
Xe140_rsig,54,140,rsig,0,0
Xe140_ideal6,54,140,ideal6,0,0
Xe140_ideal7,54,140,ideal7,0,0
Xe140_ideal8,54,140,ideal8,0,0
Xe141_base,54,141,base,0,0
Xe141_rsig,54,141,rsig,0,0
Xe141_ideal6,54,141,ideal6,0,0
Xe141_ideal7,54,141,ideal7,0,0
Xe141_ideal8,54,141,ideal8,0,0
Xe142_base,54,142,base,0,0
Xe142_rsig,54,142,rsig,0,0
Xe142_ideal6,54,142,ideal6,0,0
Xe142_ideal7,54,142,ideal7,0,0
Xe142_ideal8,54,142,ideal8,0,0
Xe143_base,54,143,base,0,0
Xe143_rsig,54,143,rsig,0,0
Xe143_ideal6,54,143,ideal6,0,0
Xe143_ideal7,54,143,ideal7,0,0
Xe143_ideal8,54,143,ideal8,0,0
Xe144_base,54,144,base,0,0
Xe144_rsig,54,144,rsig,0,0
Xe144_ideal6,54,144,ideal6,0,0
Xe144_ideal7,54,144,ideal7,0,0
Xe144_ideal8,54,144,ideal8,0,0
Xe146_base,54,146,base,0,0
Xe146_rsig,54,146,rsig,0,0
Xe146_ideal6,54,146,ideal6,0,0
Xe146_ideal7,54,146,ideal7,0,0
Xe146_ideal8,54,146,ideal8,0,0
Cs118_base,55,118,base,0,0
Cs118_rsig,55,118,rsig,0,0
Cs118_ideal6,55,118,ideal6,0,0
Cs118_ideal7,55,118,ideal7,0,0
Cs118_ideal8,55,118,ideal8,0,0
Cs119_base,55,119,base,0,0
Cs119_rsig,55,119,rsig,0,0
Cs119_ideal6,55,119,ideal6,0,0
Cs119_ideal7,55,119,ideal7,0,0
Cs119_ideal8,55,119,ideal8,0,0
Cs120_base,55,120,base,0,0
Cs120_rsig,55,120,rsig,0,0
Cs120_ideal6,55,120,ideal6,0,0
Cs120_ideal7,55,120,ideal7,0,0
Cs120_ideal8,55,120,ideal8,0,0
Cs121_base,55,121,base,0,0
Cs121_rsig,55,121,rsig,0,0
Cs121_ideal6,55,121,ideal6,0,0
Cs121_ideal7,55,121,ideal7,0,0
Cs121_ideal8,55,121,ideal8,0,0
Cs122_base,55,122,base,0,0
Cs122_rsig,55,122,rsig,0,0
Cs122_ideal6,55,122,ideal6,0,0
Cs122_ideal7,55,122,ideal7,0,0
Cs122_ideal8,55,122,ideal8,0,0
Cs123_base,55,123,base,0,0
Cs123_rsig,55,123,rsig,0,0
Cs123_ideal6,55,123,ideal6,0,0
Cs123_ideal7,55,123,ideal7,0,0
Cs123_ideal8,55,123,ideal8,0,0
Cs124_base,55,124,base,0,0
Cs124_rsig,55,124,rsig,0,0
Cs124_ideal6,55,124,ideal6,0,0
Cs124_ideal7,55,124,ideal7,0,0
Cs124_ideal8,55,124,ideal8,0,0
Cs125_base,55,125,base,0,0
Cs125_rsig,55,125,rsig,0,0
Cs125_ideal6,55,125,ideal6,0,0
Cs125_ideal7,55,125,ideal7,0,0
Cs125_ideal8,55,125,ideal8,0,0
Cs126_base,55,126,base,0,0
Cs126_rsig,55,126,rsig,0,0
Cs126_ideal6,55,126,ideal6,0,0
Cs126_ideal7,55,126,ideal7,0,0
Cs126_ideal8,55,126,ideal8,0,0
Cs127_base,55,127,base,0,0
Cs127_rsig,55,127,rsig,0,0
Cs127_ideal6,55,127,ideal6,0,0
Cs127_ideal7,55,127,ideal7,0,0
Cs127_ideal8,55,127,ideal8,0,0
Cs128_base,55,128,base,0,0
Cs128_rsig,55,128,rsig,0,0
Cs128_ideal6,55,128,ideal6,0,0
Cs128_ideal7,55,128,ideal7,0,0
Cs128_ideal8,55,128,ideal8,0,0
Cs129_base,55,129,base,0,0
Cs129_rsig,55,129,rsig,0,0
Cs129_ideal6,55,129,ideal6,0,0
Cs129_ideal7,55,129,ideal7,0,0
Cs129_ideal8,55,129,ideal8,0,0
Cs130_base,55,130,base,0,0
Cs130_rsig,55,130,rsig,0,0
Cs130_ideal6,55,130,ideal6,0,0
Cs130_ideal7,55,130,ideal7,0,0
Cs130_ideal8,55,130,ideal8,0,0
Cs131_base,55,131,base,0,0
Cs131_rsig,55,131,rsig,0,0
Cs131_ideal6,55,131,ideal6,0,0
Cs131_ideal7,55,131,ideal7,0,0
Cs131_ideal8,55,131,ideal8,0,0
Cs132_base,55,132,base,0,0
Cs132_rsig,55,132,rsig,0,0
Cs132_ideal6,55,132,ideal6,0,0
Cs132_ideal7,55,132,ideal7,0,0
Cs132_ideal8,55,132,ideal8,0,0
Cs133_base,55,133,base,0,0
Cs133_rsig,55,133,rsig,0,0
Cs133_r101,55,133,r101,0,0
Cs133_ideal6,55,133,ideal6,0,0
Cs133_ideal7,55,133,ideal7,0,0
Cs133_ideal8,55,133,ideal8,0,0
Cs134_base,55,134,base,0,0
Cs134_rsig,55,134,rsig,0,0
Cs134_ideal6,55,134,ideal6,0,0
Cs134_ideal7,55,134,ideal7,0,0
Cs134_ideal8,55,134,ideal8,0,0
Cs135_base,55,135,base,0,0
Cs135_rsig,55,135,rsig,0,0
Cs135_ideal6,55,135,ideal6,0,0
Cs135_ideal7,55,135,ideal7,0,0
Cs135_ideal8,55,135,ideal8,0,0
Cs136_base,55,136,base,0,0
Cs136_rsig,55,136,rsig,0,0
Cs136_ideal6,55,136,ideal6,0,0
Cs136_ideal7,55,136,ideal7,0,0
Cs136_ideal8,55,136,ideal8,0,0
Cs137_base,55,137,base,0,0
Cs137_rsig,55,137,rsig,0,0
Cs137_ideal6,55,137,ideal6,0,0
Cs137_ideal7,55,137,ideal7,0,0
Cs137_ideal8,55,137,ideal8,0,0
Cs138_base,55,138,base,0,0
Cs138_rsig,55,138,rsig,0,0
Cs138_ideal6,55,138,ideal6,0,0
Cs138_ideal7,55,138,ideal7,0,0
Cs138_ideal8,55,138,ideal8,0,0
Cs139_base,55,139,base,0,0
Cs139_rsig,55,139,rsig,0,0
Cs139_ideal6,55,139,ideal6,0,0
Cs139_ideal7,55,139,ideal7,0,0
Cs139_ideal8,55,139,ideal8,0,0
Cs140_base,55,140,base,0,0
Cs140_rsig,55,140,rsig,0,0
Cs140_ideal6,55,140,ideal6,0,0
Cs140_ideal7,55,140,ideal7,0,0
Cs140_ideal8,55,140,ideal8,0,0
Cs141_base,55,141,base,0,0
Cs141_rsig,55,141,rsig,0,0
Cs141_ideal6,55,141,ideal6,0,0
Cs141_ideal7,55,141,ideal7,0,0
Cs141_ideal8,55,141,ideal8,0,0
Cs142_base,55,142,base,0,0
Cs142_rsig,55,142,rsig,0,0
Cs142_ideal6,55,142,ideal6,0,0
Cs142_ideal7,55,142,ideal7,0,0
Cs142_ideal8,55,142,ideal8,0,0
Cs143_base,55,143,base,0,0
Cs143_rsig,55,143,rsig,0,0
Cs143_ideal6,55,143,ideal6,0,0
Cs143_ideal7,55,143,ideal7,0,0
Cs143_ideal8,55,143,ideal8,0,0
Cs144_base,55,144,base,0,0
Cs144_rsig,55,144,rsig,0,0
Cs144_ideal6,55,144,ideal6,0,0
Cs144_ideal7,55,144,ideal7,0,0
Cs144_ideal8,55,144,ideal8,0,0
Cs145_base,55,145,base,0,0
Cs145_rsig,55,145,rsig,0,0
Cs145_ideal6,55,145,ideal6,0,0
Cs145_ideal7,55,145,ideal7,0,0
Cs145_ideal8,55,145,ideal8,0,0
Cs146_base,55,146,base,0,0
Cs146_rsig,55,146,rsig,0,0
Cs146_ideal6,55,146,ideal6,0,0
Cs146_ideal7,55,146,ideal7,0,0
Cs146_ideal8,55,146,ideal8,0,0
Ba120_base,56,120,base,0,0
Ba120_rsig,56,120,rsig,0,0
Ba120_ideal6,56,120,ideal6,0,0
Ba120_ideal7,56,120,ideal7,0,0
Ba120_ideal8,56,120,ideal8,0,0
Ba121_base,56,121,base,0,0
Ba121_rsig,56,121,rsig,0,0
Ba121_ideal6,56,121,ideal6,0,0
Ba121_ideal7,56,121,ideal7,0,0
Ba121_ideal8,56,121,ideal8,0,0
Ba122_base,56,122,base,0,0
Ba122_rsig,56,122,rsig,0,0
Ba122_ideal6,56,122,ideal6,0,0
Ba122_ideal7,56,122,ideal7,0,0
Ba122_ideal8,56,122,ideal8,0,0
Ba123_base,56,123,base,0,0
Ba123_rsig,56,123,rsig,0,0
Ba123_ideal6,56,123,ideal6,0,0
Ba123_ideal7,56,123,ideal7,0,0
Ba123_ideal8,56,123,ideal8,0,0
Ba124_base,56,124,base,0,0
Ba124_rsig,56,124,rsig,0,0
Ba124_ideal6,56,124,ideal6,0,0
Ba124_ideal7,56,124,ideal7,0,0
Ba124_ideal8,56,124,ideal8,0,0
Ba125_base,56,125,base,0,0
Ba125_rsig,56,125,rsig,0,0
Ba125_ideal6,56,125,ideal6,0,0
Ba125_ideal7,56,125,ideal7,0,0
Ba125_ideal8,56,125,ideal8,0,0
Ba126_base,56,126,base,0,0
Ba126_rsig,56,126,rsig,0,0
Ba126_ideal6,56,126,ideal6,0,0
Ba126_ideal7,56,126,ideal7,0,0
Ba126_ideal8,56,126,ideal8,0,0
Ba127_base,56,127,base,0,0
Ba127_rsig,56,127,rsig,0,0
Ba127_ideal6,56,127,ideal6,0,0
Ba127_ideal7,56,127,ideal7,0,0
Ba127_ideal8,56,127,ideal8,0,0
Ba128_base,56,128,base,0,0
Ba128_rsig,56,128,rsig,0,0
Ba128_ideal6,56,128,ideal6,0,0
Ba128_ideal7,56,128,ideal7,0,0
Ba128_ideal8,56,128,ideal8,0,0
Ba129_base,56,129,base,0,0
Ba129_rsig,56,129,rsig,0,0
Ba129_ideal6,56,129,ideal6,0,0
Ba129_ideal7,56,129,ideal7,0,0
Ba129_ideal8,56,129,ideal8,0,0
Ba130_base,56,130,base,0,0
Ba130_rsig,56,130,rsig,0,0
Ba130_ideal6,56,130,ideal6,0,0
Ba130_ideal7,56,130,ideal7,0,0
Ba130_ideal8,56,130,ideal8,0,0
Ba131_base,56,131,base,0,0
Ba131_rsig,56,131,rsig,0,0
Ba131_ideal6,56,131,ideal6,0,0
Ba131_ideal7,56,131,ideal7,0,0
Ba131_ideal8,56,131,ideal8,0,0
Ba132_base,56,132,base,0,0
Ba132_rsig,56,132,rsig,0,0
Ba132_ideal6,56,132,ideal6,0,0
Ba132_ideal7,56,132,ideal7,0,0
Ba132_ideal8,56,132,ideal8,0,0
Ba133_base,56,133,base,0,0
Ba133_rsig,56,133,rsig,0,0
Ba133_ideal6,56,133,ideal6,0,0
Ba133_ideal7,56,133,ideal7,0,0
Ba133_ideal8,56,133,ideal8,0,0
Ba134_base,56,134,base,0,0
Ba134_rsig,56,134,rsig,0,0
Ba134_ideal6,56,134,ideal6,0,0
Ba134_ideal7,56,134,ideal7,0,0
Ba134_ideal8,56,134,ideal8,0,0
Ba135_base,56,135,base,0,0
Ba135_rsig,56,135,rsig,0,0
Ba135_ideal6,56,135,ideal6,0,0
Ba135_ideal7,56,135,ideal7,0,0
Ba135_ideal8,56,135,ideal8,0,0
Ba136_base,56,136,base,0,0
Ba136_rsig,56,136,rsig,0,0
Ba136_ideal6,56,136,ideal6,0,0
Ba136_ideal7,56,136,ideal7,0,0
Ba136_ideal8,56,136,ideal8,0,0
Ba137_base,56,137,base,0,0
Ba137_rsig,56,137,rsig,0,0
Ba137_ideal6,56,137,ideal6,0,0
Ba137_ideal7,56,137,ideal7,0,0
Ba137_ideal8,56,137,ideal8,0,0
Ba138_base,56,138,base,0,0
Ba138_rsig,56,138,rsig,0,0
Ba138_ideal6,56,138,ideal6,0,0
Ba138_ideal7,56,138,ideal7,0,0
Ba138_ideal8,56,138,ideal8,0,0
Ba139_base,56,139,base,0,0
Ba139_rsig,56,139,rsig,0,0
Ba139_ideal6,56,139,ideal6,0,0
Ba139_ideal7,56,139,ideal7,0,0
Ba139_ideal8,56,139,ideal8,0,0
Ba140_base,56,140,base,0,0
Ba140_rsig,56,140,rsig,0,0
Ba140_ideal6,56,140,ideal6,0,0
Ba140_ideal7,56,140,ideal7,0,0
Ba140_ideal8,56,140,ideal8,0,0
Ba141_base,56,141,base,0,0
Ba141_rsig,56,141,rsig,0,0
Ba141_ideal6,56,141,ideal6,0,0
Ba141_ideal7,56,141,ideal7,0,0
Ba141_ideal8,56,141,ideal8,0,0
Ba142_base,56,142,base,0,0
Ba142_rsig,56,142,rsig,0,0
Ba142_ideal6,56,142,ideal6,0,0
Ba142_ideal7,56,142,ideal7,0,0
Ba142_ideal8,56,142,ideal8,0,0
Ba143_base,56,143,base,0,0
Ba143_rsig,56,143,rsig,0,0
Ba143_ideal6,56,143,ideal6,0,0
Ba143_ideal7,56,143,ideal7,0,0
Ba143_ideal8,56,143,ideal8,0,0
Ba144_base,56,144,base,0,0
Ba144_rsig,56,144,rsig,0,0
Ba144_ideal6,56,144,ideal6,0,0
Ba144_ideal7,56,144,ideal7,0,0
Ba144_ideal8,56,144,ideal8,0,0
Ba145_base,56,145,base,0,0
Ba145_rsig,56,145,rsig,0,0
Ba145_ideal6,56,145,ideal6,0,0
Ba145_ideal7,56,145,ideal7,0,0
Ba145_ideal8,56,145,ideal8,0,0
Ba146_base,56,146,base,0,0
Ba146_rsig,56,146,rsig,0,0
Ba146_ideal6,56,146,ideal6,0,0
Ba146_ideal7,56,146,ideal7,0,0
Ba146_ideal8,56,146,ideal8,0,0
Ba148_base,56,148,base,0,0
Ba148_rsig,56,148,rsig,0,0
Ba148_ideal6,56,148,ideal6,0,0
Ba148_ideal7,56,148,ideal7,0,0
Ba148_ideal8,56,148,ideal8,0,0
La135_base,57,135,base,0,0
La135_rsig,57,135,rsig,0,0
La135_ideal6,57,135,ideal6,0,0
La135_ideal7,57,135,ideal7,0,0
La135_ideal8,57,135,ideal8,0,0
La137_base,57,137,base,0,0
La137_rsig,57,137,rsig,0,0
La137_ideal6,57,137,ideal6,0,0
La137_ideal7,57,137,ideal7,0,0
La137_ideal8,57,137,ideal8,0,0
La138_base,57,138,base,0,0
La138_rsig,57,138,rsig,0,0
La138_ideal6,57,138,ideal6,0,0
La138_ideal7,57,138,ideal7,0,0
La138_ideal8,57,138,ideal8,0,0
La139_base,57,139,base,0,0
La139_rsig,57,139,rsig,0,0
La139_ideal6,57,139,ideal6,0,0
La139_ideal7,57,139,ideal7,0,0
La139_ideal8,57,139,ideal8,0,0
Ce136_base,58,136,base,0,0
Ce136_rsig,58,136,rsig,0,0
Ce136_ideal6,58,136,ideal6,0,0
Ce136_ideal7,58,136,ideal7,0,0
Ce136_ideal8,58,136,ideal8,0,0
Ce138_base,58,138,base,0,0
Ce138_rsig,58,138,rsig,0,0
Ce138_ideal6,58,138,ideal6,0,0
Ce138_ideal7,58,138,ideal7,0,0
Ce138_ideal8,58,138,ideal8,0,0
Ce140_base,58,140,base,0,0
Ce140_rsig,58,140,rsig,0,0
Ce140_ideal6,58,140,ideal6,0,0
Ce140_ideal7,58,140,ideal7,0,0
Ce140_ideal8,58,140,ideal8,0,0
Ce142_base,58,142,base,0,0
Ce142_rsig,58,142,rsig,0,0
Ce142_ideal6,58,142,ideal6,0,0
Ce142_ideal7,58,142,ideal7,0,0
Ce142_ideal8,58,142,ideal8,0,0
Ce144_base,58,144,base,0,0
Ce144_rsig,58,144,rsig,0,0
Ce144_ideal6,58,144,ideal6,0,0
Ce144_ideal7,58,144,ideal7,0,0
Ce144_ideal8,58,144,ideal8,0,0
Ce146_base,58,146,base,0,0
Ce146_rsig,58,146,rsig,0,0
Ce146_ideal6,58,146,ideal6,0,0
Ce146_ideal7,58,146,ideal7,0,0
Ce146_ideal8,58,146,ideal8,0,0
Ce148_base,58,148,base,0,0
Ce148_rsig,58,148,rsig,0,0
Ce148_ideal6,58,148,ideal6,0,0
Ce148_ideal7,58,148,ideal7,0,0
Ce148_ideal8,58,148,ideal8,0,0
Pr141_base,59,141,base,0,0
Pr141_rsig,59,141,rsig,0,0
Pr141_ideal6,59,141,ideal6,0,0
Pr141_ideal7,59,141,ideal7,0,0
Pr141_ideal8,59,141,ideal8,0,0
Nd132_base,60,132,base,0,0
Nd132_rsig,60,132,rsig,0,0
Nd132_ideal6,60,132,ideal6,0,0
Nd132_ideal7,60,132,ideal7,0,0
Nd132_ideal8,60,132,ideal8,0,0
Nd134_base,60,134,base,0,0
Nd134_rsig,60,134,rsig,0,0
Nd134_ideal6,60,134,ideal6,0,0
Nd134_ideal7,60,134,ideal7,0,0
Nd134_ideal8,60,134,ideal8,0,0
Nd135_base,60,135,base,0,0
Nd135_rsig,60,135,rsig,0,0
Nd135_ideal6,60,135,ideal6,0,0
Nd135_ideal7,60,135,ideal7,0,0
Nd135_ideal8,60,135,ideal8,0,0
Nd136_base,60,136,base,0,0
Nd136_rsig,60,136,rsig,0,0
Nd136_ideal6,60,136,ideal6,0,0
Nd136_ideal7,60,136,ideal7,0,0
Nd136_ideal8,60,136,ideal8,0,0
Nd137_base,60,137,base,0,0
Nd137_rsig,60,137,rsig,0,0
Nd137_ideal6,60,137,ideal6,0,0
Nd137_ideal7,60,137,ideal7,0,0
Nd137_ideal8,60,137,ideal8,0,0
Nd138_base,60,138,base,0,0
Nd138_rsig,60,138,rsig,0,0
Nd138_ideal6,60,138,ideal6,0,0
Nd138_ideal7,60,138,ideal7,0,0
Nd138_ideal8,60,138,ideal8,0,0
Nd139_base,60,139,base,0,0
Nd139_rsig,60,139,rsig,0,0
Nd139_ideal6,60,139,ideal6,0,0
Nd139_ideal7,60,139,ideal7,0,0
Nd139_ideal8,60,139,ideal8,0,0
Nd140_base,60,140,base,0,0
Nd140_rsig,60,140,rsig,0,0
Nd140_ideal6,60,140,ideal6,0,0
Nd140_ideal7,60,140,ideal7,0,0
Nd140_ideal8,60,140,ideal8,0,0
Nd141_base,60,141,base,0,0
Nd141_rsig,60,141,rsig,0,0
Nd141_ideal6,60,141,ideal6,0,0
Nd141_ideal7,60,141,ideal7,0,0
Nd141_ideal8,60,141,ideal8,0,0
Nd142_base,60,142,base,0,0
Nd142_rsig,60,142,rsig,0,0
Nd142_r101,60,142,r101,0,0
Nd142_ideal6,60,142,ideal6,0,0
Nd142_ideal7,60,142,ideal7,0,0
Nd142_ideal8,60,142,ideal8,0,0
Nd143_base,60,143,base,0,0
Nd143_rsig,60,143,rsig,0,0
Nd143_ideal6,60,143,ideal6,0,0
Nd143_ideal7,60,143,ideal7,0,0
Nd143_ideal8,60,143,ideal8,0,0
Nd144_base,60,144,base,0,0
Nd144_rsig,60,144,rsig,0,0
Nd144_ideal6,60,144,ideal6,0,0
Nd144_ideal7,60,144,ideal7,0,0
Nd144_ideal8,60,144,ideal8,0,0
Nd145_base,60,145,base,0,0
Nd145_rsig,60,145,rsig,0,0
Nd145_ideal6,60,145,ideal6,0,0
Nd145_ideal7,60,145,ideal7,0,0
Nd145_ideal8,60,145,ideal8,0,0
Nd146_base,60,146,base,0,0
Nd146_rsig,60,146,rsig,0,0
Nd146_ideal6,60,146,ideal6,0,0
Nd146_ideal7,60,146,ideal7,0,0
Nd146_ideal8,60,146,ideal8,0,0
Nd148_base,60,148,base,0,0
Nd148_rsig,60,148,rsig,0,0
Nd148_ideal6,60,148,ideal6,0,0
Nd148_ideal7,60,148,ideal7,0,0
Nd148_ideal8,60,148,ideal8,0,0
Nd150_base,60,150,base,0,0
Nd150_rsig,60,150,rsig,0,0
Nd150_ideal6,60,150,ideal6,0,0
Nd150_ideal7,60,150,ideal7,0,0
Nd150_ideal8,60,150,ideal8,0,0
Sm138_base,62,138,base,0,0
Sm138_rsig,62,138,rsig,0,0
Sm138_ideal6,62,138,ideal6,0,0
Sm138_ideal7,62,138,ideal7,0,0
Sm138_ideal8,62,138,ideal8,0,0
Sm139_base,62,139,base,0,0
Sm139_rsig,62,139,rsig,0,0
Sm139_ideal6,62,139,ideal6,0,0
Sm139_ideal7,62,139,ideal7,0,0
Sm139_ideal8,62,139,ideal8,0,0
Sm140_base,62,140,base,0,0
Sm140_rsig,62,140,rsig,0,0
Sm140_ideal6,62,140,ideal6,0,0
Sm140_ideal7,62,140,ideal7,0,0
Sm140_ideal8,62,140,ideal8,0,0
Sm141_base,62,141,base,0,0
Sm141_rsig,62,141,rsig,0,0
Sm141_ideal6,62,141,ideal6,0,0
Sm141_ideal7,62,141,ideal7,0,0
Sm141_ideal8,62,141,ideal8,0,0
Sm142_base,62,142,base,0,0
Sm142_rsig,62,142,rsig,0,0
Sm142_ideal6,62,142,ideal6,0,0
Sm142_ideal7,62,142,ideal7,0,0
Sm142_ideal8,62,142,ideal8,0,0
Sm143_base,62,143,base,0,0
Sm143_rsig,62,143,rsig,0,0
Sm143_ideal6,62,143,ideal6,0,0
Sm143_ideal7,62,143,ideal7,0,0
Sm143_ideal8,62,143,ideal8,0,0
Sm144_base,62,144,base,0,0
Sm144_rsig,62,144,rsig,0,0
Sm144_ideal6,62,144,ideal6,0,0
Sm144_ideal7,62,144,ideal7,0,0
Sm144_ideal8,62,144,ideal8,0,0
Sm145_base,62,145,base,0,0
Sm145_rsig,62,145,rsig,0,0
Sm145_ideal6,62,145,ideal6,0,0
Sm145_ideal7,62,145,ideal7,0,0
Sm145_ideal8,62,145,ideal8,0,0
Sm146_base,62,146,base,0,0
Sm146_rsig,62,146,rsig,0,0
Sm146_ideal6,62,146,ideal6,0,0
Sm146_ideal7,62,146,ideal7,0,0
Sm146_ideal8,62,146,ideal8,0,0
Sm147_base,62,147,base,0,0
Sm147_rsig,62,147,rsig,0,0
Sm147_ideal6,62,147,ideal6,0,0
Sm147_ideal7,62,147,ideal7,0,0
Sm147_ideal8,62,147,ideal8,0,0
Sm148_base,62,148,base,0,0
Sm148_rsig,62,148,rsig,0,0
Sm148_ideal6,62,148,ideal6,0,0
Sm148_ideal7,62,148,ideal7,0,0
Sm148_ideal8,62,148,ideal8,0,0
Sm149_base,62,149,base,0,0
Sm149_rsig,62,149,rsig,0,0
Sm149_ideal6,62,149,ideal6,0,0
Sm149_ideal7,62,149,ideal7,0,0
Sm149_ideal8,62,149,ideal8,0,0
Sm150_base,62,150,base,0,0
Sm150_rsig,62,150,rsig,0,0
Sm150_ideal6,62,150,ideal6,0,0
Sm150_ideal7,62,150,ideal7,0,0
Sm150_ideal8,62,150,ideal8,0,0
Sm151_base,62,151,base,0,0
Sm151_rsig,62,151,rsig,0,0
Sm151_ideal6,62,151,ideal6,0,0
Sm151_ideal7,62,151,ideal7,0,0
Sm151_ideal8,62,151,ideal8,0,0
Sm152_base,62,152,base,0,0
Sm152_rsig,62,152,rsig,0,0
Sm152_ideal6,62,152,ideal6,0,0
Sm152_ideal7,62,152,ideal7,0,0
Sm152_ideal8,62,152,ideal8,0,0
Sm153_base,62,153,base,0,0
Sm153_rsig,62,153,rsig,0,0
Sm153_ideal6,62,153,ideal6,0,0
Sm153_ideal7,62,153,ideal7,0,0
Sm153_ideal8,62,153,ideal8,0,0
Sm154_base,62,154,base,0,0
Sm154_rsig,62,154,rsig,0,0
Sm154_ideal6,62,154,ideal6,0,0
Sm154_ideal7,62,154,ideal7,0,0
Sm154_ideal8,62,154,ideal8,0,0
Eu137_base,63,137,base,0,0
Eu137_rsig,63,137,rsig,0,0
Eu137_ideal6,63,137,ideal6,0,0
Eu137_ideal7,63,137,ideal7,0,0
Eu137_ideal8,63,137,ideal8,0,0
Eu138_base,63,138,base,0,0
Eu138_rsig,63,138,rsig,0,0
Eu138_ideal6,63,138,ideal6,0,0
Eu138_ideal7,63,138,ideal7,0,0
Eu138_ideal8,63,138,ideal8,0,0
Eu139_base,63,139,base,0,0
Eu139_rsig,63,139,rsig,0,0
Eu139_ideal6,63,139,ideal6,0,0
Eu139_ideal7,63,139,ideal7,0,0
Eu139_ideal8,63,139,ideal8,0,0
Eu140_base,63,140,base,0,0
Eu140_rsig,63,140,rsig,0,0
Eu140_ideal6,63,140,ideal6,0,0
Eu140_ideal7,63,140,ideal7,0,0
Eu140_ideal8,63,140,ideal8,0,0
Eu141_base,63,141,base,0,0
Eu141_rsig,63,141,rsig,0,0
Eu141_ideal6,63,141,ideal6,0,0
Eu141_ideal7,63,141,ideal7,0,0
Eu141_ideal8,63,141,ideal8,0,0
Eu142_base,63,142,base,0,0
Eu142_rsig,63,142,rsig,0,0
Eu142_ideal6,63,142,ideal6,0,0
Eu142_ideal7,63,142,ideal7,0,0
Eu142_ideal8,63,142,ideal8,0,0
Eu143_base,63,143,base,0,0
Eu143_rsig,63,143,rsig,0,0
Eu143_ideal6,63,143,ideal6,0,0
Eu143_ideal7,63,143,ideal7,0,0
Eu143_ideal8,63,143,ideal8,0,0
Eu144_base,63,144,base,0,0
Eu144_rsig,63,144,rsig,0,0
Eu144_ideal6,63,144,ideal6,0,0
Eu144_ideal7,63,144,ideal7,0,0
Eu144_ideal8,63,144,ideal8,0,0
Eu145_base,63,145,base,0,0
Eu145_rsig,63,145,rsig,0,0
Eu145_ideal6,63,145,ideal6,0,0
Eu145_ideal7,63,145,ideal7,0,0
Eu145_ideal8,63,145,ideal8,0,0
Eu146_base,63,146,base,0,0
Eu146_rsig,63,146,rsig,0,0
Eu146_ideal6,63,146,ideal6,0,0
Eu146_ideal7,63,146,ideal7,0,0
Eu146_ideal8,63,146,ideal8,0,0
Eu147_base,63,147,base,0,0
Eu147_rsig,63,147,rsig,0,0
Eu147_ideal6,63,147,ideal6,0,0
Eu147_ideal7,63,147,ideal7,0,0
Eu147_ideal8,63,147,ideal8,0,0
Eu148_base,63,148,base,0,0
Eu148_rsig,63,148,rsig,0,0
Eu148_ideal6,63,148,ideal6,0,0
Eu148_ideal7,63,148,ideal7,0,0
Eu148_ideal8,63,148,ideal8,0,0
Eu149_base,63,149,base,0,0
Eu149_rsig,63,149,rsig,0,0
Eu149_ideal6,63,149,ideal6,0,0
Eu149_ideal7,63,149,ideal7,0,0
Eu149_ideal8,63,149,ideal8,0,0
Eu150_base,63,150,base,0,0
Eu150_rsig,63,150,rsig,0,0
Eu150_ideal6,63,150,ideal6,0,0
Eu150_ideal7,63,150,ideal7,0,0
Eu150_ideal8,63,150,ideal8,0,0
Eu151_base,63,151,base,0,0
Eu151_rsig,63,151,rsig,0,0
Eu151_ideal6,63,151,ideal6,0,0
Eu151_ideal7,63,151,ideal7,0,0
Eu151_ideal8,63,151,ideal8,0,0
Eu152_base,63,152,base,0,0
Eu152_rsig,63,152,rsig,0,0
Eu152_ideal6,63,152,ideal6,0,0
Eu152_ideal7,63,152,ideal7,0,0
Eu152_ideal8,63,152,ideal8,0,0
Eu153_base,63,153,base,0,0
Eu153_rsig,63,153,rsig,0,0
Eu153_ideal6,63,153,ideal6,0,0
Eu153_ideal7,63,153,ideal7,0,0
Eu153_ideal8,63,153,ideal8,0,0
Eu154_base,63,154,base,0,0
Eu154_rsig,63,154,rsig,0,0
Eu154_ideal6,63,154,ideal6,0,0
Eu154_ideal7,63,154,ideal7,0,0
Eu154_ideal8,63,154,ideal8,0,0
Eu155_base,63,155,base,0,0
Eu155_rsig,63,155,rsig,0,0
Eu155_ideal6,63,155,ideal6,0,0
Eu155_ideal7,63,155,ideal7,0,0
Eu155_ideal8,63,155,ideal8,0,0
Eu156_base,63,156,base,0,0
Eu156_rsig,63,156,rsig,0,0
Eu156_ideal6,63,156,ideal6,0,0
Eu156_ideal7,63,156,ideal7,0,0
Eu156_ideal8,63,156,ideal8,0,0
Eu157_base,63,157,base,0,0
Eu157_rsig,63,157,rsig,0,0
Eu157_ideal6,63,157,ideal6,0,0
Eu157_ideal7,63,157,ideal7,0,0
Eu157_ideal8,63,157,ideal8,0,0
Eu158_base,63,158,base,0,0
Eu158_rsig,63,158,rsig,0,0
Eu158_ideal6,63,158,ideal6,0,0
Eu158_ideal7,63,158,ideal7,0,0
Eu158_ideal8,63,158,ideal8,0,0
Eu159_base,63,159,base,0,0
Eu159_rsig,63,159,rsig,0,0
Eu159_ideal6,63,159,ideal6,0,0
Eu159_ideal7,63,159,ideal7,0,0
Eu159_ideal8,63,159,ideal8,0,0
Gd145_base,64,145,base,0,0
Gd145_rsig,64,145,rsig,0,0
Gd145_ideal6,64,145,ideal6,0,0
Gd145_ideal7,64,145,ideal7,0,0
Gd145_ideal8,64,145,ideal8,0,0
Gd146_base,64,146,base,0,0
Gd146_rsig,64,146,rsig,0,0
Gd146_ideal6,64,146,ideal6,0,0
Gd146_ideal7,64,146,ideal7,0,0
Gd146_ideal8,64,146,ideal8,0,0
Gd148_base,64,148,base,0,0
Gd148_rsig,64,148,rsig,0,0
Gd148_ideal6,64,148,ideal6,0,0
Gd148_ideal7,64,148,ideal7,0,0
Gd148_ideal8,64,148,ideal8,0,0
Gd150_base,64,150,base,0,0
Gd150_rsig,64,150,rsig,0,0
Gd150_ideal6,64,150,ideal6,0,0
Gd150_ideal7,64,150,ideal7,0,0
Gd150_ideal8,64,150,ideal8,0,0
Gd152_base,64,152,base,0,0
Gd152_rsig,64,152,rsig,0,0
Gd152_ideal6,64,152,ideal6,0,0
Gd152_ideal7,64,152,ideal7,0,0
Gd152_ideal8,64,152,ideal8,0,0
Gd154_base,64,154,base,0,0
Gd154_rsig,64,154,rsig,0,0
Gd154_ideal6,64,154,ideal6,0,0
Gd154_ideal7,64,154,ideal7,0,0
Gd154_ideal8,64,154,ideal8,0,0
Gd155_base,64,155,base,0,0
Gd155_rsig,64,155,rsig,0,0
Gd155_ideal6,64,155,ideal6,0,0
Gd155_ideal7,64,155,ideal7,0,0
Gd155_ideal8,64,155,ideal8,0,0
Gd156_base,64,156,base,0,0
Gd156_rsig,64,156,rsig,0,0
Gd156_ideal6,64,156,ideal6,0,0
Gd156_ideal7,64,156,ideal7,0,0
Gd156_ideal8,64,156,ideal8,0,0
Gd157_base,64,157,base,0,0
Gd157_rsig,64,157,rsig,0,0
Gd157_ideal6,64,157,ideal6,0,0
Gd157_ideal7,64,157,ideal7,0,0
Gd157_ideal8,64,157,ideal8,0,0
Gd158_base,64,158,base,0,0
Gd158_rsig,64,158,rsig,0,0
Gd158_ideal6,64,158,ideal6,0,0
Gd158_ideal7,64,158,ideal7,0,0
Gd158_ideal8,64,158,ideal8,0,0
Gd160_base,64,160,base,0,0
Gd160_rsig,64,160,rsig,0,0
Gd160_ideal6,64,160,ideal6,0,0
Gd160_ideal7,64,160,ideal7,0,0
Gd160_ideal8,64,160,ideal8,0,0
Tb147_base,65,147,base,0,0
Tb147_rsig,65,147,rsig,0,0
Tb147_ideal6,65,147,ideal6,0,0
Tb147_ideal7,65,147,ideal7,0,0
Tb147_ideal8,65,147,ideal8,0,0
Tb148_base,65,148,base,0,0
Tb148_rsig,65,148,rsig,0,0
Tb148_ideal6,65,148,ideal6,0,0
Tb148_ideal7,65,148,ideal7,0,0
Tb148_ideal8,65,148,ideal8,0,0
Tb149_base,65,149,base,0,0
Tb149_rsig,65,149,rsig,0,0
Tb149_ideal6,65,149,ideal6,0,0
Tb149_ideal7,65,149,ideal7,0,0
Tb149_ideal8,65,149,ideal8,0,0
Tb150_base,65,150,base,0,0
Tb150_rsig,65,150,rsig,0,0
Tb150_ideal6,65,150,ideal6,0,0
Tb150_ideal7,65,150,ideal7,0,0
Tb150_ideal8,65,150,ideal8,0,0
Tb151_base,65,151,base,0,0
Tb151_rsig,65,151,rsig,0,0
Tb151_ideal6,65,151,ideal6,0,0
Tb151_ideal7,65,151,ideal7,0,0
Tb151_ideal8,65,151,ideal8,0,0
Tb152_base,65,152,base,0,0
Tb152_rsig,65,152,rsig,0,0
Tb152_ideal6,65,152,ideal6,0,0
Tb152_ideal7,65,152,ideal7,0,0
Tb152_ideal8,65,152,ideal8,0,0
Tb153_base,65,153,base,0,0
Tb153_rsig,65,153,rsig,0,0
Tb153_ideal6,65,153,ideal6,0,0
Tb153_ideal7,65,153,ideal7,0,0
Tb153_ideal8,65,153,ideal8,0,0
Tb154_base,65,154,base,0,0
Tb154_rsig,65,154,rsig,0,0
Tb154_ideal6,65,154,ideal6,0,0
Tb154_ideal7,65,154,ideal7,0,0
Tb154_ideal8,65,154,ideal8,0,0
Tb155_base,65,155,base,0,0
Tb155_rsig,65,155,rsig,0,0
Tb155_ideal6,65,155,ideal6,0,0
Tb155_ideal7,65,155,ideal7,0,0
Tb155_ideal8,65,155,ideal8,0,0
Tb157_base,65,157,base,0,0
Tb157_rsig,65,157,rsig,0,0
Tb157_ideal6,65,157,ideal6,0,0
Tb157_ideal7,65,157,ideal7,0,0
Tb157_ideal8,65,157,ideal8,0,0
Tb159_base,65,159,base,0,0
Tb159_rsig,65,159,rsig,0,0
Tb159_ideal6,65,159,ideal6,0,0
Tb159_ideal7,65,159,ideal7,0,0
Tb159_ideal8,65,159,ideal8,0,0
Dy146_base,66,146,base,0,0
Dy146_rsig,66,146,rsig,0,0
Dy146_ideal6,66,146,ideal6,0,0
Dy146_ideal7,66,146,ideal7,0,0
Dy146_ideal8,66,146,ideal8,0,0
Dy148_base,66,148,base,0,0
Dy148_rsig,66,148,rsig,0,0
Dy148_ideal6,66,148,ideal6,0,0
Dy148_ideal7,66,148,ideal7,0,0
Dy148_ideal8,66,148,ideal8,0,0
Dy149_base,66,149,base,0,0
Dy149_rsig,66,149,rsig,0,0
Dy149_ideal6,66,149,ideal6,0,0
Dy149_ideal7,66,149,ideal7,0,0
Dy149_ideal8,66,149,ideal8,0,0
Dy150_base,66,150,base,0,0
Dy150_rsig,66,150,rsig,0,0
Dy150_ideal6,66,150,ideal6,0,0
Dy150_ideal7,66,150,ideal7,0,0
Dy150_ideal8,66,150,ideal8,0,0
Dy151_base,66,151,base,0,0
Dy151_rsig,66,151,rsig,0,0
Dy151_ideal6,66,151,ideal6,0,0
Dy151_ideal7,66,151,ideal7,0,0
Dy151_ideal8,66,151,ideal8,0,0
Dy152_base,66,152,base,0,0
Dy152_rsig,66,152,rsig,0,0
Dy152_ideal6,66,152,ideal6,0,0
Dy152_ideal7,66,152,ideal7,0,0
Dy152_ideal8,66,152,ideal8,0,0
Dy153_base,66,153,base,0,0
Dy153_rsig,66,153,rsig,0,0
Dy153_ideal6,66,153,ideal6,0,0
Dy153_ideal7,66,153,ideal7,0,0
Dy153_ideal8,66,153,ideal8,0,0
Dy154_base,66,154,base,0,0
Dy154_rsig,66,154,rsig,0,0
Dy154_ideal6,66,154,ideal6,0,0
Dy154_ideal7,66,154,ideal7,0,0
Dy154_ideal8,66,154,ideal8,0,0
Dy155_base,66,155,base,0,0
Dy155_rsig,66,155,rsig,0,0
Dy155_ideal6,66,155,ideal6,0,0
Dy155_ideal7,66,155,ideal7,0,0
Dy155_ideal8,66,155,ideal8,0,0
Dy156_base,66,156,base,0,0
Dy156_rsig,66,156,rsig,0,0
Dy156_ideal6,66,156,ideal6,0,0
Dy156_ideal7,66,156,ideal7,0,0
Dy156_ideal8,66,156,ideal8,0,0
Dy157_base,66,157,base,0,0
Dy157_rsig,66,157,rsig,0,0
Dy157_ideal6,66,157,ideal6,0,0
Dy157_ideal7,66,157,ideal7,0,0
Dy157_ideal8,66,157,ideal8,0,0
Dy158_base,66,158,base,0,0
Dy158_rsig,66,158,rsig,0,0
Dy158_ideal6,66,158,ideal6,0,0
Dy158_ideal7,66,158,ideal7,0,0
Dy158_ideal8,66,158,ideal8,0,0
Dy159_base,66,159,base,0,0
Dy159_rsig,66,159,rsig,0,0
Dy159_ideal6,66,159,ideal6,0,0
Dy159_ideal7,66,159,ideal7,0,0
Dy159_ideal8,66,159,ideal8,0,0
Dy160_base,66,160,base,0,0
Dy160_rsig,66,160,rsig,0,0
Dy160_ideal6,66,160,ideal6,0,0
Dy160_ideal7,66,160,ideal7,0,0
Dy160_ideal8,66,160,ideal8,0,0
Dy161_base,66,161,base,0,0
Dy161_rsig,66,161,rsig,0,0
Dy161_ideal6,66,161,ideal6,0,0
Dy161_ideal7,66,161,ideal7,0,0
Dy161_ideal8,66,161,ideal8,0,0
Dy162_base,66,162,base,0,0
Dy162_rsig,66,162,rsig,0,0
Dy162_ideal6,66,162,ideal6,0,0
Dy162_ideal7,66,162,ideal7,0,0
Dy162_ideal8,66,162,ideal8,0,0
Dy163_base,66,163,base,0,0
Dy163_rsig,66,163,rsig,0,0
Dy163_ideal6,66,163,ideal6,0,0
Dy163_ideal7,66,163,ideal7,0,0
Dy163_ideal8,66,163,ideal8,0,0
Dy164_base,66,164,base,0,0
Dy164_rsig,66,164,rsig,0,0
Dy164_ideal6,66,164,ideal6,0,0
Dy164_ideal7,66,164,ideal7,0,0
Dy164_ideal8,66,164,ideal8,0,0
Ho151_base,67,151,base,0,0
Ho151_rsig,67,151,rsig,0,0
Ho151_ideal6,67,151,ideal6,0,0
Ho151_ideal7,67,151,ideal7,0,0
Ho151_ideal8,67,151,ideal8,0,0
Ho152_base,67,152,base,0,0
Ho152_rsig,67,152,rsig,0,0
Ho152_ideal6,67,152,ideal6,0,0
Ho152_ideal7,67,152,ideal7,0,0
Ho152_ideal8,67,152,ideal8,0,0
Ho153_base,67,153,base,0,0
Ho153_rsig,67,153,rsig,0,0
Ho153_ideal6,67,153,ideal6,0,0
Ho153_ideal7,67,153,ideal7,0,0
Ho153_ideal8,67,153,ideal8,0,0
Ho154_base,67,154,base,0,0
Ho154_rsig,67,154,rsig,0,0
Ho154_ideal6,67,154,ideal6,0,0
Ho154_ideal7,67,154,ideal7,0,0
Ho154_ideal8,67,154,ideal8,0,0
Ho155_base,67,155,base,0,0
Ho155_rsig,67,155,rsig,0,0
Ho155_ideal6,67,155,ideal6,0,0
Ho155_ideal7,67,155,ideal7,0,0
Ho155_ideal8,67,155,ideal8,0,0
Ho156_base,67,156,base,0,0
Ho156_rsig,67,156,rsig,0,0
Ho156_ideal6,67,156,ideal6,0,0
Ho156_ideal7,67,156,ideal7,0,0
Ho156_ideal8,67,156,ideal8,0,0
Ho157_base,67,157,base,0,0
Ho157_rsig,67,157,rsig,0,0
Ho157_ideal6,67,157,ideal6,0,0
Ho157_ideal7,67,157,ideal7,0,0
Ho157_ideal8,67,157,ideal8,0,0
Ho158_base,67,158,base,0,0
Ho158_rsig,67,158,rsig,0,0
Ho158_ideal6,67,158,ideal6,0,0
Ho158_ideal7,67,158,ideal7,0,0
Ho158_ideal8,67,158,ideal8,0,0
Ho159_base,67,159,base,0,0
Ho159_rsig,67,159,rsig,0,0
Ho159_ideal6,67,159,ideal6,0,0
Ho159_ideal7,67,159,ideal7,0,0
Ho159_ideal8,67,159,ideal8,0,0
Ho160_base,67,160,base,0,0
Ho160_rsig,67,160,rsig,0,0
Ho160_ideal6,67,160,ideal6,0,0
Ho160_ideal7,67,160,ideal7,0,0
Ho160_ideal8,67,160,ideal8,0,0
Ho161_base,67,161,base,0,0
Ho161_rsig,67,161,rsig,0,0
Ho161_ideal6,67,161,ideal6,0,0
Ho161_ideal7,67,161,ideal7,0,0
Ho161_ideal8,67,161,ideal8,0,0
Ho162_base,67,162,base,0,0
Ho162_rsig,67,162,rsig,0,0
Ho162_ideal6,67,162,ideal6,0,0
Ho162_ideal7,67,162,ideal7,0,0
Ho162_ideal8,67,162,ideal8,0,0
Ho163_base,67,163,base,0,0
Ho163_rsig,67,163,rsig,0,0
Ho163_ideal6,67,163,ideal6,0,0
Ho163_ideal7,67,163,ideal7,0,0
Ho163_ideal8,67,163,ideal8,0,0
Ho165_base,67,165,base,0,0
Ho165_rsig,67,165,rsig,0,0
Ho165_ideal6,67,165,ideal6,0,0
Ho165_ideal7,67,165,ideal7,0,0
Ho165_ideal8,67,165,ideal8,0,0
Er150_base,68,150,base,0,0
Er150_rsig,68,150,rsig,0,0
Er150_ideal6,68,150,ideal6,0,0
Er150_ideal7,68,150,ideal7,0,0
Er150_ideal8,68,150,ideal8,0,0
Er152_base,68,152,base,0,0
Er152_rsig,68,152,rsig,0,0
Er152_ideal6,68,152,ideal6,0,0
Er152_ideal7,68,152,ideal7,0,0
Er152_ideal8,68,152,ideal8,0,0
Er154_base,68,154,base,0,0
Er154_rsig,68,154,rsig,0,0
Er154_ideal6,68,154,ideal6,0,0
Er154_ideal7,68,154,ideal7,0,0
Er154_ideal8,68,154,ideal8,0,0
Er156_base,68,156,base,0,0
Er156_rsig,68,156,rsig,0,0
Er156_ideal6,68,156,ideal6,0,0
Er156_ideal7,68,156,ideal7,0,0
Er156_ideal8,68,156,ideal8,0,0
Er158_base,68,158,base,0,0
Er158_rsig,68,158,rsig,0,0
Er158_ideal6,68,158,ideal6,0,0
Er158_ideal7,68,158,ideal7,0,0
Er158_ideal8,68,158,ideal8,0,0
Er160_base,68,160,base,0,0
Er160_rsig,68,160,rsig,0,0
Er160_ideal6,68,160,ideal6,0,0
Er160_ideal7,68,160,ideal7,0,0
Er160_ideal8,68,160,ideal8,0,0
Er162_base,68,162,base,0,0
Er162_rsig,68,162,rsig,0,0
Er162_ideal6,68,162,ideal6,0,0
Er162_ideal7,68,162,ideal7,0,0
Er162_ideal8,68,162,ideal8,0,0
Er164_base,68,164,base,0,0
Er164_rsig,68,164,rsig,0,0
Er164_ideal6,68,164,ideal6,0,0
Er164_ideal7,68,164,ideal7,0,0
Er164_ideal8,68,164,ideal8,0,0
Er166_base,68,166,base,0,0
Er166_rsig,68,166,rsig,0,0
Er166_ideal6,68,166,ideal6,0,0
Er166_ideal7,68,166,ideal7,0,0
Er166_ideal8,68,166,ideal8,0,0
Er167_base,68,167,base,0,0
Er167_rsig,68,167,rsig,0,0
Er167_ideal6,68,167,ideal6,0,0
Er167_ideal7,68,167,ideal7,0,0
Er167_ideal8,68,167,ideal8,0,0
Er168_base,68,168,base,0,0
Er168_rsig,68,168,rsig,0,0
Er168_ideal6,68,168,ideal6,0,0
Er168_ideal7,68,168,ideal7,0,0
Er168_ideal8,68,168,ideal8,0,0
Er170_base,68,170,base,0,0
Er170_rsig,68,170,rsig,0,0
Er170_ideal6,68,170,ideal6,0,0
Er170_ideal7,68,170,ideal7,0,0
Er170_ideal8,68,170,ideal8,0,0
Tm153_base,69,153,base,0,0
Tm153_rsig,69,153,rsig,0,0
Tm153_ideal6,69,153,ideal6,0,0
Tm153_ideal7,69,153,ideal7,0,0
Tm153_ideal8,69,153,ideal8,0,0
Tm154_base,69,154,base,0,0
Tm154_rsig,69,154,rsig,0,0
Tm154_ideal6,69,154,ideal6,0,0
Tm154_ideal7,69,154,ideal7,0,0
Tm154_ideal8,69,154,ideal8,0,0
Tm156_base,69,156,base,0,0
Tm156_rsig,69,156,rsig,0,0
Tm156_ideal6,69,156,ideal6,0,0
Tm156_ideal7,69,156,ideal7,0,0
Tm156_ideal8,69,156,ideal8,0,0
Tm157_base,69,157,base,0,0
Tm157_rsig,69,157,rsig,0,0
Tm157_ideal6,69,157,ideal6,0,0
Tm157_ideal7,69,157,ideal7,0,0
Tm157_ideal8,69,157,ideal8,0,0
Tm158_base,69,158,base,0,0
Tm158_rsig,69,158,rsig,0,0
Tm158_ideal6,69,158,ideal6,0,0
Tm158_ideal7,69,158,ideal7,0,0
Tm158_ideal8,69,158,ideal8,0,0
Tm159_base,69,159,base,0,0
Tm159_rsig,69,159,rsig,0,0
Tm159_ideal6,69,159,ideal6,0,0
Tm159_ideal7,69,159,ideal7,0,0
Tm159_ideal8,69,159,ideal8,0,0
Tm160_base,69,160,base,0,0
Tm160_rsig,69,160,rsig,0,0
Tm160_ideal6,69,160,ideal6,0,0
Tm160_ideal7,69,160,ideal7,0,0
Tm160_ideal8,69,160,ideal8,0,0
Tm161_base,69,161,base,0,0
Tm161_rsig,69,161,rsig,0,0
Tm161_ideal6,69,161,ideal6,0,0
Tm161_ideal7,69,161,ideal7,0,0
Tm161_ideal8,69,161,ideal8,0,0
Tm162_base,69,162,base,0,0
Tm162_rsig,69,162,rsig,0,0
Tm162_ideal6,69,162,ideal6,0,0
Tm162_ideal7,69,162,ideal7,0,0
Tm162_ideal8,69,162,ideal8,0,0
Tm163_base,69,163,base,0,0
Tm163_rsig,69,163,rsig,0,0
Tm163_ideal6,69,163,ideal6,0,0
Tm163_ideal7,69,163,ideal7,0,0
Tm163_ideal8,69,163,ideal8,0,0
Tm164_base,69,164,base,0,0
Tm164_rsig,69,164,rsig,0,0
Tm164_ideal6,69,164,ideal6,0,0
Tm164_ideal7,69,164,ideal7,0,0
Tm164_ideal8,69,164,ideal8,0,0
Tm165_base,69,165,base,0,0
Tm165_rsig,69,165,rsig,0,0
Tm165_ideal6,69,165,ideal6,0,0
Tm165_ideal7,69,165,ideal7,0,0
Tm165_ideal8,69,165,ideal8,0,0
Tm166_base,69,166,base,0,0
Tm166_rsig,69,166,rsig,0,0
Tm166_ideal6,69,166,ideal6,0,0
Tm166_ideal7,69,166,ideal7,0,0
Tm166_ideal8,69,166,ideal8,0,0
Tm167_base,69,167,base,0,0
Tm167_rsig,69,167,rsig,0,0
Tm167_ideal6,69,167,ideal6,0,0
Tm167_ideal7,69,167,ideal7,0,0
Tm167_ideal8,69,167,ideal8,0,0
Tm168_base,69,168,base,0,0
Tm168_rsig,69,168,rsig,0,0
Tm168_ideal6,69,168,ideal6,0,0
Tm168_ideal7,69,168,ideal7,0,0
Tm168_ideal8,69,168,ideal8,0,0
Tm169_base,69,169,base,0,0
Tm169_rsig,69,169,rsig,0,0
Tm169_ideal6,69,169,ideal6,0,0
Tm169_ideal7,69,169,ideal7,0,0
Tm169_ideal8,69,169,ideal8,0,0
Tm170_base,69,170,base,0,0
Tm170_rsig,69,170,rsig,0,0
Tm170_ideal6,69,170,ideal6,0,0
Tm170_ideal7,69,170,ideal7,0,0
Tm170_ideal8,69,170,ideal8,0,0
Tm171_base,69,171,base,0,0
Tm171_rsig,69,171,rsig,0,0
Tm171_ideal6,69,171,ideal6,0,0
Tm171_ideal7,69,171,ideal7,0,0
Tm171_ideal8,69,171,ideal8,0,0
Tm172_base,69,172,base,0,0
Tm172_rsig,69,172,rsig,0,0
Tm172_ideal6,69,172,ideal6,0,0
Tm172_ideal7,69,172,ideal7,0,0
Tm172_ideal8,69,172,ideal8,0,0
Yb152_base,70,152,base,0,0
Yb152_rsig,70,152,rsig,0,0
Yb152_ideal6,70,152,ideal6,0,0
Yb152_ideal7,70,152,ideal7,0,0
Yb152_ideal8,70,152,ideal8,0,0
Yb154_base,70,154,base,0,0
Yb154_rsig,70,154,rsig,0,0
Yb154_ideal6,70,154,ideal6,0,0
Yb154_ideal7,70,154,ideal7,0,0
Yb154_ideal8,70,154,ideal8,0,0
Yb155_base,70,155,base,0,0
Yb155_rsig,70,155,rsig,0,0
Yb155_ideal6,70,155,ideal6,0,0
Yb155_ideal7,70,155,ideal7,0,0
Yb155_ideal8,70,155,ideal8,0,0
Yb156_base,70,156,base,0,0
Yb156_rsig,70,156,rsig,0,0
Yb156_ideal6,70,156,ideal6,0,0
Yb156_ideal7,70,156,ideal7,0,0
Yb156_ideal8,70,156,ideal8,0,0
Yb157_base,70,157,base,0,0
Yb157_rsig,70,157,rsig,0,0
Yb157_ideal6,70,157,ideal6,0,0
Yb157_ideal7,70,157,ideal7,0,0
Yb157_ideal8,70,157,ideal8,0,0
Yb158_base,70,158,base,0,0
Yb158_rsig,70,158,rsig,0,0
Yb158_ideal6,70,158,ideal6,0,0
Yb158_ideal7,70,158,ideal7,0,0
Yb158_ideal8,70,158,ideal8,0,0
Yb159_base,70,159,base,0,0
Yb159_rsig,70,159,rsig,0,0
Yb159_ideal6,70,159,ideal6,0,0
Yb159_ideal7,70,159,ideal7,0,0
Yb159_ideal8,70,159,ideal8,0,0
Yb160_base,70,160,base,0,0
Yb160_rsig,70,160,rsig,0,0
Yb160_ideal6,70,160,ideal6,0,0
Yb160_ideal7,70,160,ideal7,0,0
Yb160_ideal8,70,160,ideal8,0,0
Yb161_base,70,161,base,0,0
Yb161_rsig,70,161,rsig,0,0
Yb161_ideal6,70,161,ideal6,0,0
Yb161_ideal7,70,161,ideal7,0,0
Yb161_ideal8,70,161,ideal8,0,0
Yb162_base,70,162,base,0,0
Yb162_rsig,70,162,rsig,0,0
Yb162_ideal6,70,162,ideal6,0,0
Yb162_ideal7,70,162,ideal7,0,0
Yb162_ideal8,70,162,ideal8,0,0
Yb163_base,70,163,base,0,0
Yb163_rsig,70,163,rsig,0,0
Yb163_ideal6,70,163,ideal6,0,0
Yb163_ideal7,70,163,ideal7,0,0
Yb163_ideal8,70,163,ideal8,0,0
Yb164_base,70,164,base,0,0
Yb164_rsig,70,164,rsig,0,0
Yb164_ideal6,70,164,ideal6,0,0
Yb164_ideal7,70,164,ideal7,0,0
Yb164_ideal8,70,164,ideal8,0,0
Yb165_base,70,165,base,0,0
Yb165_rsig,70,165,rsig,0,0
Yb165_ideal6,70,165,ideal6,0,0
Yb165_ideal7,70,165,ideal7,0,0
Yb165_ideal8,70,165,ideal8,0,0
Yb166_base,70,166,base,0,0
Yb166_rsig,70,166,rsig,0,0
Yb166_ideal6,70,166,ideal6,0,0
Yb166_ideal7,70,166,ideal7,0,0
Yb166_ideal8,70,166,ideal8,0,0
Yb167_base,70,167,base,0,0
Yb167_rsig,70,167,rsig,0,0
Yb167_ideal6,70,167,ideal6,0,0
Yb167_ideal7,70,167,ideal7,0,0
Yb167_ideal8,70,167,ideal8,0,0
Yb168_base,70,168,base,0,0
Yb168_rsig,70,168,rsig,0,0
Yb168_ideal6,70,168,ideal6,0,0
Yb168_ideal7,70,168,ideal7,0,0
Yb168_ideal8,70,168,ideal8,0,0
Yb169_base,70,169,base,0,0
Yb169_rsig,70,169,rsig,0,0
Yb169_ideal6,70,169,ideal6,0,0
Yb169_ideal7,70,169,ideal7,0,0
Yb169_ideal8,70,169,ideal8,0,0
Yb170_base,70,170,base,0,0
Yb170_rsig,70,170,rsig,0,0
Yb170_ideal6,70,170,ideal6,0,0
Yb170_ideal7,70,170,ideal7,0,0
Yb170_ideal8,70,170,ideal8,0,0
Yb171_base,70,171,base,0,0
Yb171_rsig,70,171,rsig,0,0
Yb171_ideal6,70,171,ideal6,0,0
Yb171_ideal7,70,171,ideal7,0,0
Yb171_ideal8,70,171,ideal8,0,0
Yb172_base,70,172,base,0,0
Yb172_rsig,70,172,rsig,0,0
Yb172_ideal6,70,172,ideal6,0,0
Yb172_ideal7,70,172,ideal7,0,0
Yb172_ideal8,70,172,ideal8,0,0
Yb173_base,70,173,base,0,0
Yb173_rsig,70,173,rsig,0,0
Yb173_ideal6,70,173,ideal6,0,0
Yb173_ideal7,70,173,ideal7,0,0
Yb173_ideal8,70,173,ideal8,0,0
Yb174_base,70,174,base,0,0
Yb174_rsig,70,174,rsig,0,0
Yb174_ideal6,70,174,ideal6,0,0
Yb174_ideal7,70,174,ideal7,0,0
Yb174_ideal8,70,174,ideal8,0,0
Yb175_base,70,175,base,0,0
Yb175_rsig,70,175,rsig,0,0
Yb175_ideal6,70,175,ideal6,0,0
Yb175_ideal7,70,175,ideal7,0,0
Yb175_ideal8,70,175,ideal8,0,0
Yb176_base,70,176,base,0,0
Yb176_rsig,70,176,rsig,0,0
Yb176_ideal6,70,176,ideal6,0,0
Yb176_ideal7,70,176,ideal7,0,0
Yb176_ideal8,70,176,ideal8,0,0
Lu161_base,71,161,base,0,0
Lu161_rsig,71,161,rsig,0,0
Lu161_ideal6,71,161,ideal6,0,0
Lu161_ideal7,71,161,ideal7,0,0
Lu161_ideal8,71,161,ideal8,0,0
Lu162_base,71,162,base,0,0
Lu162_rsig,71,162,rsig,0,0
Lu162_ideal6,71,162,ideal6,0,0
Lu162_ideal7,71,162,ideal7,0,0
Lu162_ideal8,71,162,ideal8,0,0
Lu163_base,71,163,base,0,0
Lu163_rsig,71,163,rsig,0,0
Lu163_ideal6,71,163,ideal6,0,0
Lu163_ideal7,71,163,ideal7,0,0
Lu163_ideal8,71,163,ideal8,0,0
Lu164_base,71,164,base,0,0
Lu164_rsig,71,164,rsig,0,0
Lu164_ideal6,71,164,ideal6,0,0
Lu164_ideal7,71,164,ideal7,0,0
Lu164_ideal8,71,164,ideal8,0,0
Lu165_base,71,165,base,0,0
Lu165_rsig,71,165,rsig,0,0
Lu165_ideal6,71,165,ideal6,0,0
Lu165_ideal7,71,165,ideal7,0,0
Lu165_ideal8,71,165,ideal8,0,0
Lu166_base,71,166,base,0,0
Lu166_rsig,71,166,rsig,0,0
Lu166_ideal6,71,166,ideal6,0,0
Lu166_ideal7,71,166,ideal7,0,0
Lu166_ideal8,71,166,ideal8,0,0
Lu167_base,71,167,base,0,0
Lu167_rsig,71,167,rsig,0,0
Lu167_ideal6,71,167,ideal6,0,0
Lu167_ideal7,71,167,ideal7,0,0
Lu167_ideal8,71,167,ideal8,0,0
Lu168_base,71,168,base,0,0
Lu168_rsig,71,168,rsig,0,0
Lu168_ideal6,71,168,ideal6,0,0
Lu168_ideal7,71,168,ideal7,0,0
Lu168_ideal8,71,168,ideal8,0,0
Lu169_base,71,169,base,0,0
Lu169_rsig,71,169,rsig,0,0
Lu169_ideal6,71,169,ideal6,0,0
Lu169_ideal7,71,169,ideal7,0,0
Lu169_ideal8,71,169,ideal8,0,0
Lu170_base,71,170,base,0,0
Lu170_rsig,71,170,rsig,0,0
Lu170_ideal6,71,170,ideal6,0,0
Lu170_ideal7,71,170,ideal7,0,0
Lu170_ideal8,71,170,ideal8,0,0
Lu171_base,71,171,base,0,0
Lu171_rsig,71,171,rsig,0,0
Lu171_ideal6,71,171,ideal6,0,0
Lu171_ideal7,71,171,ideal7,0,0
Lu171_ideal8,71,171,ideal8,0,0
Lu172_base,71,172,base,0,0
Lu172_rsig,71,172,rsig,0,0
Lu172_ideal6,71,172,ideal6,0,0
Lu172_ideal7,71,172,ideal7,0,0
Lu172_ideal8,71,172,ideal8,0,0
Lu173_base,71,173,base,0,0
Lu173_rsig,71,173,rsig,0,0
Lu173_ideal6,71,173,ideal6,0,0
Lu173_ideal7,71,173,ideal7,0,0
Lu173_ideal8,71,173,ideal8,0,0
Lu174_base,71,174,base,0,0
Lu174_rsig,71,174,rsig,0,0
Lu174_ideal6,71,174,ideal6,0,0
Lu174_ideal7,71,174,ideal7,0,0
Lu174_ideal8,71,174,ideal8,0,0
Lu175_base,71,175,base,0,0
Lu175_rsig,71,175,rsig,0,0
Lu175_ideal6,71,175,ideal6,0,0
Lu175_ideal7,71,175,ideal7,0,0
Lu175_ideal8,71,175,ideal8,0,0
Lu176_base,71,176,base,0,0
Lu176_rsig,71,176,rsig,0,0
Lu176_ideal6,71,176,ideal6,0,0
Lu176_ideal7,71,176,ideal7,0,0
Lu176_ideal8,71,176,ideal8,0,0
Lu177_base,71,177,base,0,0
Lu177_rsig,71,177,rsig,0,0
Lu177_ideal6,71,177,ideal6,0,0
Lu177_ideal7,71,177,ideal7,0,0
Lu177_ideal8,71,177,ideal8,0,0
Lu178_base,71,178,base,0,0
Lu178_rsig,71,178,rsig,0,0
Lu178_ideal6,71,178,ideal6,0,0
Lu178_ideal7,71,178,ideal7,0,0
Lu178_ideal8,71,178,ideal8,0,0
Lu179_base,71,179,base,0,0
Lu179_rsig,71,179,rsig,0,0
Lu179_ideal6,71,179,ideal6,0,0
Lu179_ideal7,71,179,ideal7,0,0
Lu179_ideal8,71,179,ideal8,0,0
Hf170_base,72,170,base,0,0
Hf170_rsig,72,170,rsig,0,0
Hf170_ideal6,72,170,ideal6,0,0
Hf170_ideal7,72,170,ideal7,0,0
Hf170_ideal8,72,170,ideal8,0,0
Hf171_base,72,171,base,0,0
Hf171_rsig,72,171,rsig,0,0
Hf171_ideal6,72,171,ideal6,0,0
Hf171_ideal7,72,171,ideal7,0,0
Hf171_ideal8,72,171,ideal8,0,0
Hf172_base,72,172,base,0,0
Hf172_rsig,72,172,rsig,0,0
Hf172_ideal6,72,172,ideal6,0,0
Hf172_ideal7,72,172,ideal7,0,0
Hf172_ideal8,72,172,ideal8,0,0
Hf173_base,72,173,base,0,0
Hf173_rsig,72,173,rsig,0,0
Hf173_ideal6,72,173,ideal6,0,0
Hf173_ideal7,72,173,ideal7,0,0
Hf173_ideal8,72,173,ideal8,0,0
Hf174_base,72,174,base,0,0
Hf174_rsig,72,174,rsig,0,0
Hf174_ideal6,72,174,ideal6,0,0
Hf174_ideal7,72,174,ideal7,0,0
Hf174_ideal8,72,174,ideal8,0,0
Hf175_base,72,175,base,0,0
Hf175_rsig,72,175,rsig,0,0
Hf175_ideal6,72,175,ideal6,0,0
Hf175_ideal7,72,175,ideal7,0,0
Hf175_ideal8,72,175,ideal8,0,0
Hf176_base,72,176,base,0,0
Hf176_rsig,72,176,rsig,0,0
Hf176_ideal6,72,176,ideal6,0,0
Hf176_ideal7,72,176,ideal7,0,0
Hf176_ideal8,72,176,ideal8,0,0
Hf177_base,72,177,base,0,0
Hf177_rsig,72,177,rsig,0,0
Hf177_ideal6,72,177,ideal6,0,0
Hf177_ideal7,72,177,ideal7,0,0
Hf177_ideal8,72,177,ideal8,0,0
Hf178_base,72,178,base,0,0
Hf178_rsig,72,178,rsig,0,0
Hf178_ideal6,72,178,ideal6,0,0
Hf178_ideal7,72,178,ideal7,0,0
Hf178_ideal8,72,178,ideal8,0,0
Hf179_base,72,179,base,0,0
Hf179_rsig,72,179,rsig,0,0
Hf179_ideal6,72,179,ideal6,0,0
Hf179_ideal7,72,179,ideal7,0,0
Hf179_ideal8,72,179,ideal8,0,0
Hf180_base,72,180,base,0,0
Hf180_rsig,72,180,rsig,0,0
Hf180_ideal6,72,180,ideal6,0,0
Hf180_ideal7,72,180,ideal7,0,0
Hf180_ideal8,72,180,ideal8,0,0
Hf182_base,72,182,base,0,0
Hf182_rsig,72,182,rsig,0,0
Hf182_ideal6,72,182,ideal6,0,0
Hf182_ideal7,72,182,ideal7,0,0
Hf182_ideal8,72,182,ideal8,0,0
Ta181_base,73,181,base,0,0
Ta181_rsig,73,181,rsig,0,0
Ta181_ideal6,73,181,ideal6,0,0
Ta181_ideal7,73,181,ideal7,0,0
Ta181_ideal8,73,181,ideal8,0,0
W180_base,74,180,base,0,0
W180_rsig,74,180,rsig,0,0
W180_ideal6,74,180,ideal6,0,0
W180_ideal7,74,180,ideal7,0,0
W180_ideal8,74,180,ideal8,0,0
W182_base,74,182,base,0,0
W182_rsig,74,182,rsig,0,0
W182_ideal6,74,182,ideal6,0,0
W182_ideal7,74,182,ideal7,0,0
W182_ideal8,74,182,ideal8,0,0
W183_base,74,183,base,0,0
W183_rsig,74,183,rsig,0,0
W183_ideal6,74,183,ideal6,0,0
W183_ideal7,74,183,ideal7,0,0
W183_ideal8,74,183,ideal8,0,0
W184_base,74,184,base,0,0
W184_rsig,74,184,rsig,0,0
W184_ideal6,74,184,ideal6,0,0
W184_ideal7,74,184,ideal7,0,0
W184_ideal8,74,184,ideal8,0,0
W186_base,74,186,base,0,0
W186_rsig,74,186,rsig,0,0
W186_ideal6,74,186,ideal6,0,0
W186_ideal7,74,186,ideal7,0,0
W186_ideal8,74,186,ideal8,0,0
Re185_base,75,185,base,0,0
Re185_rsig,75,185,rsig,0,0
Re185_ideal6,75,185,ideal6,0,0
Re185_ideal7,75,185,ideal7,0,0
Re185_ideal8,75,185,ideal8,0,0
Re187_base,75,187,base,0,0
Re187_rsig,75,187,rsig,0,0
Re187_ideal6,75,187,ideal6,0,0
Re187_ideal7,75,187,ideal7,0,0
Re187_ideal8,75,187,ideal8,0,0
Os184_base,76,184,base,0,0
Os184_rsig,76,184,rsig,0,0
Os184_ideal6,76,184,ideal6,0,0
Os184_ideal7,76,184,ideal7,0,0
Os184_ideal8,76,184,ideal8,0,0
Os186_base,76,186,base,0,0
Os186_rsig,76,186,rsig,0,0
Os186_ideal6,76,186,ideal6,0,0
Os186_ideal7,76,186,ideal7,0,0
Os186_ideal8,76,186,ideal8,0,0
Os187_base,76,187,base,0,0
Os187_rsig,76,187,rsig,0,0
Os187_ideal6,76,187,ideal6,0,0
Os187_ideal7,76,187,ideal7,0,0
Os187_ideal8,76,187,ideal8,0,0
Os188_base,76,188,base,0,0
Os188_rsig,76,188,rsig,0,0
Os188_ideal6,76,188,ideal6,0,0
Os188_ideal7,76,188,ideal7,0,0
Os188_ideal8,76,188,ideal8,0,0
Os189_base,76,189,base,0,0
Os189_rsig,76,189,rsig,0,0
Os189_ideal6,76,189,ideal6,0,0
Os189_ideal7,76,189,ideal7,0,0
Os189_ideal8,76,189,ideal8,0,0
Os190_base,76,190,base,0,0
Os190_rsig,76,190,rsig,0,0
Os190_ideal6,76,190,ideal6,0,0
Os190_ideal7,76,190,ideal7,0,0
Os190_ideal8,76,190,ideal8,0,0
Os192_base,76,192,base,0,0
Os192_rsig,76,192,rsig,0,0
Os192_ideal6,76,192,ideal6,0,0
Os192_ideal7,76,192,ideal7,0,0
Os192_ideal8,76,192,ideal8,0,0
Ir182_base,77,182,base,0,0
Ir182_rsig,77,182,rsig,0,0
Ir182_ideal6,77,182,ideal6,0,0
Ir182_ideal7,77,182,ideal7,0,0
Ir182_ideal8,77,182,ideal8,0,0
Ir183_base,77,183,base,0,0
Ir183_rsig,77,183,rsig,0,0
Ir183_ideal6,77,183,ideal6,0,0
Ir183_ideal7,77,183,ideal7,0,0
Ir183_ideal8,77,183,ideal8,0,0
Ir184_base,77,184,base,0,0
Ir184_rsig,77,184,rsig,0,0
Ir184_ideal6,77,184,ideal6,0,0
Ir184_ideal7,77,184,ideal7,0,0
Ir184_ideal8,77,184,ideal8,0,0
Ir185_base,77,185,base,0,0
Ir185_rsig,77,185,rsig,0,0
Ir185_ideal6,77,185,ideal6,0,0
Ir185_ideal7,77,185,ideal7,0,0
Ir185_ideal8,77,185,ideal8,0,0
Ir186_base,77,186,base,0,0
Ir186_rsig,77,186,rsig,0,0
Ir186_ideal6,77,186,ideal6,0,0
Ir186_ideal7,77,186,ideal7,0,0
Ir186_ideal8,77,186,ideal8,0,0
Ir187_base,77,187,base,0,0
Ir187_rsig,77,187,rsig,0,0
Ir187_ideal6,77,187,ideal6,0,0
Ir187_ideal7,77,187,ideal7,0,0
Ir187_ideal8,77,187,ideal8,0,0
Ir188_base,77,188,base,0,0
Ir188_rsig,77,188,rsig,0,0
Ir188_ideal6,77,188,ideal6,0,0
Ir188_ideal7,77,188,ideal7,0,0
Ir188_ideal8,77,188,ideal8,0,0
Ir189_base,77,189,base,0,0
Ir189_rsig,77,189,rsig,0,0
Ir189_ideal6,77,189,ideal6,0,0
Ir189_ideal7,77,189,ideal7,0,0
Ir189_ideal8,77,189,ideal8,0,0
Ir191_base,77,191,base,0,0
Ir191_rsig,77,191,rsig,0,0
Ir191_ideal6,77,191,ideal6,0,0
Ir191_ideal7,77,191,ideal7,0,0
Ir191_ideal8,77,191,ideal8,0,0
Ir193_base,77,193,base,0,0
Ir193_rsig,77,193,rsig,0,0
Ir193_ideal6,77,193,ideal6,0,0
Ir193_ideal7,77,193,ideal7,0,0
Ir193_ideal8,77,193,ideal8,0,0
Pt178_base,78,178,base,0,0
Pt178_rsig,78,178,rsig,0,0
Pt178_ideal6,78,178,ideal6,0,0
Pt178_ideal7,78,178,ideal7,0,0
Pt178_ideal8,78,178,ideal8,0,0
Pt179_base,78,179,base,0,0
Pt179_rsig,78,179,rsig,0,0
Pt179_ideal6,78,179,ideal6,0,0
Pt179_ideal7,78,179,ideal7,0,0
Pt179_ideal8,78,179,ideal8,0,0
Pt180_base,78,180,base,0,0
Pt180_rsig,78,180,rsig,0,0
Pt180_ideal6,78,180,ideal6,0,0
Pt180_ideal7,78,180,ideal7,0,0
Pt180_ideal8,78,180,ideal8,0,0
Pt181_base,78,181,base,0,0
Pt181_rsig,78,181,rsig,0,0
Pt181_ideal6,78,181,ideal6,0,0
Pt181_ideal7,78,181,ideal7,0,0
Pt181_ideal8,78,181,ideal8,0,0
Pt182_base,78,182,base,0,0
Pt182_rsig,78,182,rsig,0,0
Pt182_ideal6,78,182,ideal6,0,0
Pt182_ideal7,78,182,ideal7,0,0
Pt182_ideal8,78,182,ideal8,0,0
Pt183_base,78,183,base,0,0
Pt183_rsig,78,183,rsig,0,0
Pt183_ideal6,78,183,ideal6,0,0
Pt183_ideal7,78,183,ideal7,0,0
Pt183_ideal8,78,183,ideal8,0,0
Pt184_base,78,184,base,0,0
Pt184_rsig,78,184,rsig,0,0
Pt184_ideal6,78,184,ideal6,0,0
Pt184_ideal7,78,184,ideal7,0,0
Pt184_ideal8,78,184,ideal8,0,0
Pt185_base,78,185,base,0,0
Pt185_rsig,78,185,rsig,0,0
Pt185_ideal6,78,185,ideal6,0,0
Pt185_ideal7,78,185,ideal7,0,0
Pt185_ideal8,78,185,ideal8,0,0
Pt186_base,78,186,base,0,0
Pt186_rsig,78,186,rsig,0,0
Pt186_ideal6,78,186,ideal6,0,0
Pt186_ideal7,78,186,ideal7,0,0
Pt186_ideal8,78,186,ideal8,0,0
Pt187_base,78,187,base,0,0
Pt187_rsig,78,187,rsig,0,0
Pt187_ideal6,78,187,ideal6,0,0
Pt187_ideal7,78,187,ideal7,0,0
Pt187_ideal8,78,187,ideal8,0,0
Pt188_base,78,188,base,0,0
Pt188_rsig,78,188,rsig,0,0
Pt188_ideal6,78,188,ideal6,0,0
Pt188_ideal7,78,188,ideal7,0,0
Pt188_ideal8,78,188,ideal8,0,0
Pt189_base,78,189,base,0,0
Pt189_rsig,78,189,rsig,0,0
Pt189_ideal6,78,189,ideal6,0,0
Pt189_ideal7,78,189,ideal7,0,0
Pt189_ideal8,78,189,ideal8,0,0
Pt190_base,78,190,base,0,0
Pt190_rsig,78,190,rsig,0,0
Pt190_ideal6,78,190,ideal6,0,0
Pt190_ideal7,78,190,ideal7,0,0
Pt190_ideal8,78,190,ideal8,0,0
Pt191_base,78,191,base,0,0
Pt191_rsig,78,191,rsig,0,0
Pt191_ideal6,78,191,ideal6,0,0
Pt191_ideal7,78,191,ideal7,0,0
Pt191_ideal8,78,191,ideal8,0,0
Pt192_base,78,192,base,0,0
Pt192_rsig,78,192,rsig,0,0
Pt192_ideal6,78,192,ideal6,0,0
Pt192_ideal7,78,192,ideal7,0,0
Pt192_ideal8,78,192,ideal8,0,0
Pt193_base,78,193,base,0,0
Pt193_rsig,78,193,rsig,0,0
Pt193_ideal6,78,193,ideal6,0,0
Pt193_ideal7,78,193,ideal7,0,0
Pt193_ideal8,78,193,ideal8,0,0
Pt194_base,78,194,base,0,0
Pt194_rsig,78,194,rsig,0,0
Pt194_ideal6,78,194,ideal6,0,0
Pt194_ideal7,78,194,ideal7,0,0
Pt194_ideal8,78,194,ideal8,0,0
Pt195_base,78,195,base,0,0
Pt195_rsig,78,195,rsig,0,0
Pt195_ideal6,78,195,ideal6,0,0
Pt195_ideal7,78,195,ideal7,0,0
Pt195_ideal8,78,195,ideal8,0,0
Pt196_base,78,196,base,0,0
Pt196_rsig,78,196,rsig,0,0
Pt196_ideal6,78,196,ideal6,0,0
Pt196_ideal7,78,196,ideal7,0,0
Pt196_ideal8,78,196,ideal8,0,0
Pt198_base,78,198,base,0,0
Pt198_rsig,78,198,rsig,0,0
Pt198_ideal6,78,198,ideal6,0,0
Pt198_ideal7,78,198,ideal7,0,0
Pt198_ideal8,78,198,ideal8,0,0
Au183_base,79,183,base,0,0
Au183_rsig,79,183,rsig,0,0
Au183_ideal6,79,183,ideal6,0,0
Au183_ideal7,79,183,ideal7,0,0
Au183_ideal8,79,183,ideal8,0,0
Au184_base,79,184,base,0,0
Au184_rsig,79,184,rsig,0,0
Au184_ideal6,79,184,ideal6,0,0
Au184_ideal7,79,184,ideal7,0,0
Au184_ideal8,79,184,ideal8,0,0
Au185_base,79,185,base,0,0
Au185_rsig,79,185,rsig,0,0
Au185_ideal6,79,185,ideal6,0,0
Au185_ideal7,79,185,ideal7,0,0
Au185_ideal8,79,185,ideal8,0,0
Au186_base,79,186,base,0,0
Au186_rsig,79,186,rsig,0,0
Au186_ideal6,79,186,ideal6,0,0
Au186_ideal7,79,186,ideal7,0,0
Au186_ideal8,79,186,ideal8,0,0
Au187_base,79,187,base,0,0
Au187_rsig,79,187,rsig,0,0
Au187_ideal6,79,187,ideal6,0,0
Au187_ideal7,79,187,ideal7,0,0
Au187_ideal8,79,187,ideal8,0,0
Au188_base,79,188,base,0,0
Au188_rsig,79,188,rsig,0,0
Au188_ideal6,79,188,ideal6,0,0
Au188_ideal7,79,188,ideal7,0,0
Au188_ideal8,79,188,ideal8,0,0
Au189_base,79,189,base,0,0
Au189_rsig,79,189,rsig,0,0
Au189_ideal6,79,189,ideal6,0,0
Au189_ideal7,79,189,ideal7,0,0
Au189_ideal8,79,189,ideal8,0,0
Au190_base,79,190,base,0,0
Au190_rsig,79,190,rsig,0,0
Au190_ideal6,79,190,ideal6,0,0
Au190_ideal7,79,190,ideal7,0,0
Au190_ideal8,79,190,ideal8,0,0
Au191_base,79,191,base,0,0
Au191_rsig,79,191,rsig,0,0
Au191_ideal6,79,191,ideal6,0,0
Au191_ideal7,79,191,ideal7,0,0
Au191_ideal8,79,191,ideal8,0,0
Au192_base,79,192,base,0,0
Au192_rsig,79,192,rsig,0,0
Au192_ideal6,79,192,ideal6,0,0
Au192_ideal7,79,192,ideal7,0,0
Au192_ideal8,79,192,ideal8,0,0
Au193_base,79,193,base,0,0
Au193_rsig,79,193,rsig,0,0
Au193_ideal6,79,193,ideal6,0,0
Au193_ideal7,79,193,ideal7,0,0
Au193_ideal8,79,193,ideal8,0,0
Au194_base,79,194,base,0,0
Au194_rsig,79,194,rsig,0,0
Au194_ideal6,79,194,ideal6,0,0
Au194_ideal7,79,194,ideal7,0,0
Au194_ideal8,79,194,ideal8,0,0
Au195_base,79,195,base,0,0
Au195_rsig,79,195,rsig,0,0
Au195_ideal6,79,195,ideal6,0,0
Au195_ideal7,79,195,ideal7,0,0
Au195_ideal8,79,195,ideal8,0,0
Au196_base,79,196,base,0,0
Au196_rsig,79,196,rsig,0,0
Au196_ideal6,79,196,ideal6,0,0
Au196_ideal7,79,196,ideal7,0,0
Au196_ideal8,79,196,ideal8,0,0
Au197_base,79,197,base,0,0
Au197_rsig,79,197,rsig,0,0
Au197_r101,79,197,r101,0,0
Au197_ideal6,79,197,ideal6,0,0
Au197_ideal7,79,197,ideal7,0,0
Au197_ideal8,79,197,ideal8,0,0
Au198_base,79,198,base,0,0
Au198_rsig,79,198,rsig,0,0
Au198_ideal6,79,198,ideal6,0,0
Au198_ideal7,79,198,ideal7,0,0
Au198_ideal8,79,198,ideal8,0,0
Au199_base,79,199,base,0,0
Au199_rsig,79,199,rsig,0,0
Au199_ideal6,79,199,ideal6,0,0
Au199_ideal7,79,199,ideal7,0,0
Au199_ideal8,79,199,ideal8,0,0
Hg181_base,80,181,base,0,0
Hg181_rsig,80,181,rsig,0,0
Hg181_ideal6,80,181,ideal6,0,0
Hg181_ideal7,80,181,ideal7,0,0
Hg181_ideal8,80,181,ideal8,0,0
Hg182_base,80,182,base,0,0
Hg182_rsig,80,182,rsig,0,0
Hg182_ideal6,80,182,ideal6,0,0
Hg182_ideal7,80,182,ideal7,0,0
Hg182_ideal8,80,182,ideal8,0,0
Hg183_base,80,183,base,0,0
Hg183_rsig,80,183,rsig,0,0
Hg183_ideal6,80,183,ideal6,0,0
Hg183_ideal7,80,183,ideal7,0,0
Hg183_ideal8,80,183,ideal8,0,0
Hg184_base,80,184,base,0,0
Hg184_rsig,80,184,rsig,0,0
Hg184_ideal6,80,184,ideal6,0,0
Hg184_ideal7,80,184,ideal7,0,0
Hg184_ideal8,80,184,ideal8,0,0
Hg185_base,80,185,base,0,0
Hg185_rsig,80,185,rsig,0,0
Hg185_ideal6,80,185,ideal6,0,0
Hg185_ideal7,80,185,ideal7,0,0
Hg185_ideal8,80,185,ideal8,0,0
Hg186_base,80,186,base,0,0
Hg186_rsig,80,186,rsig,0,0
Hg186_ideal6,80,186,ideal6,0,0
Hg186_ideal7,80,186,ideal7,0,0
Hg186_ideal8,80,186,ideal8,0,0
Hg187_base,80,187,base,0,0
Hg187_rsig,80,187,rsig,0,0
Hg187_ideal6,80,187,ideal6,0,0
Hg187_ideal7,80,187,ideal7,0,0
Hg187_ideal8,80,187,ideal8,0,0
Hg188_base,80,188,base,0,0
Hg188_rsig,80,188,rsig,0,0
Hg188_ideal6,80,188,ideal6,0,0
Hg188_ideal7,80,188,ideal7,0,0
Hg188_ideal8,80,188,ideal8,0,0
Hg189_base,80,189,base,0,0
Hg189_rsig,80,189,rsig,0,0
Hg189_ideal6,80,189,ideal6,0,0
Hg189_ideal7,80,189,ideal7,0,0
Hg189_ideal8,80,189,ideal8,0,0
Hg190_base,80,190,base,0,0
Hg190_rsig,80,190,rsig,0,0
Hg190_ideal6,80,190,ideal6,0,0
Hg190_ideal7,80,190,ideal7,0,0
Hg190_ideal8,80,190,ideal8,0,0
Hg191_base,80,191,base,0,0
Hg191_rsig,80,191,rsig,0,0
Hg191_ideal6,80,191,ideal6,0,0
Hg191_ideal7,80,191,ideal7,0,0
Hg191_ideal8,80,191,ideal8,0,0
Hg192_base,80,192,base,0,0
Hg192_rsig,80,192,rsig,0,0
Hg192_ideal6,80,192,ideal6,0,0
Hg192_ideal7,80,192,ideal7,0,0
Hg192_ideal8,80,192,ideal8,0,0
Hg193_base,80,193,base,0,0
Hg193_rsig,80,193,rsig,0,0
Hg193_ideal6,80,193,ideal6,0,0
Hg193_ideal7,80,193,ideal7,0,0
Hg193_ideal8,80,193,ideal8,0,0
Hg194_base,80,194,base,0,0
Hg194_rsig,80,194,rsig,0,0
Hg194_ideal6,80,194,ideal6,0,0
Hg194_ideal7,80,194,ideal7,0,0
Hg194_ideal8,80,194,ideal8,0,0
Hg195_base,80,195,base,0,0
Hg195_rsig,80,195,rsig,0,0
Hg195_ideal6,80,195,ideal6,0,0
Hg195_ideal7,80,195,ideal7,0,0
Hg195_ideal8,80,195,ideal8,0,0
Hg196_base,80,196,base,0,0
Hg196_rsig,80,196,rsig,0,0
Hg196_ideal6,80,196,ideal6,0,0
Hg196_ideal7,80,196,ideal7,0,0
Hg196_ideal8,80,196,ideal8,0,0
Hg197_base,80,197,base,0,0
Hg197_rsig,80,197,rsig,0,0
Hg197_ideal6,80,197,ideal6,0,0
Hg197_ideal7,80,197,ideal7,0,0
Hg197_ideal8,80,197,ideal8,0,0
Hg198_base,80,198,base,0,0
Hg198_rsig,80,198,rsig,0,0
Hg198_ideal6,80,198,ideal6,0,0
Hg198_ideal7,80,198,ideal7,0,0
Hg198_ideal8,80,198,ideal8,0,0
Hg199_base,80,199,base,0,0
Hg199_rsig,80,199,rsig,0,0
Hg199_ideal6,80,199,ideal6,0,0
Hg199_ideal7,80,199,ideal7,0,0
Hg199_ideal8,80,199,ideal8,0,0
Hg200_base,80,200,base,0,0
Hg200_rsig,80,200,rsig,0,0
Hg200_ideal6,80,200,ideal6,0,0
Hg200_ideal7,80,200,ideal7,0,0
Hg200_ideal8,80,200,ideal8,0,0
Hg201_base,80,201,base,0,0
Hg201_rsig,80,201,rsig,0,0
Hg201_ideal6,80,201,ideal6,0,0
Hg201_ideal7,80,201,ideal7,0,0
Hg201_ideal8,80,201,ideal8,0,0
Hg202_base,80,202,base,0,0
Hg202_rsig,80,202,rsig,0,0
Hg202_ideal6,80,202,ideal6,0,0
Hg202_ideal7,80,202,ideal7,0,0
Hg202_ideal8,80,202,ideal8,0,0
Hg203_base,80,203,base,0,0
Hg203_rsig,80,203,rsig,0,0
Hg203_ideal6,80,203,ideal6,0,0
Hg203_ideal7,80,203,ideal7,0,0
Hg203_ideal8,80,203,ideal8,0,0
Hg204_base,80,204,base,0,0
Hg204_rsig,80,204,rsig,0,0
Hg204_ideal6,80,204,ideal6,0,0
Hg204_ideal7,80,204,ideal7,0,0
Hg204_ideal8,80,204,ideal8,0,0
Hg205_base,80,205,base,0,0
Hg205_rsig,80,205,rsig,0,0
Hg205_ideal6,80,205,ideal6,0,0
Hg205_ideal7,80,205,ideal7,0,0
Hg205_ideal8,80,205,ideal8,0,0
Hg206_base,80,206,base,0,0
Hg206_rsig,80,206,rsig,0,0
Hg206_ideal6,80,206,ideal6,0,0
Hg206_ideal7,80,206,ideal7,0,0
Hg206_ideal8,80,206,ideal8,0,0
Tl188_base,81,188,base,0,0
Tl188_rsig,81,188,rsig,0,0
Tl188_ideal6,81,188,ideal6,0,0
Tl188_ideal7,81,188,ideal7,0,0
Tl188_ideal8,81,188,ideal8,0,0
Tl190_base,81,190,base,0,0
Tl190_rsig,81,190,rsig,0,0
Tl190_ideal6,81,190,ideal6,0,0
Tl190_ideal7,81,190,ideal7,0,0
Tl190_ideal8,81,190,ideal8,0,0
Tl191_base,81,191,base,0,0
Tl191_rsig,81,191,rsig,0,0
Tl191_ideal6,81,191,ideal6,0,0
Tl191_ideal7,81,191,ideal7,0,0
Tl191_ideal8,81,191,ideal8,0,0
Tl192_base,81,192,base,0,0
Tl192_rsig,81,192,rsig,0,0
Tl192_ideal6,81,192,ideal6,0,0
Tl192_ideal7,81,192,ideal7,0,0
Tl192_ideal8,81,192,ideal8,0,0
Tl193_base,81,193,base,0,0
Tl193_rsig,81,193,rsig,0,0
Tl193_ideal6,81,193,ideal6,0,0
Tl193_ideal7,81,193,ideal7,0,0
Tl193_ideal8,81,193,ideal8,0,0
Tl194_base,81,194,base,0,0
Tl194_rsig,81,194,rsig,0,0
Tl194_ideal6,81,194,ideal6,0,0
Tl194_ideal7,81,194,ideal7,0,0
Tl194_ideal8,81,194,ideal8,0,0
Tl195_base,81,195,base,0,0
Tl195_rsig,81,195,rsig,0,0
Tl195_ideal6,81,195,ideal6,0,0
Tl195_ideal7,81,195,ideal7,0,0
Tl195_ideal8,81,195,ideal8,0,0
Tl196_base,81,196,base,0,0
Tl196_rsig,81,196,rsig,0,0
Tl196_ideal6,81,196,ideal6,0,0
Tl196_ideal7,81,196,ideal7,0,0
Tl196_ideal8,81,196,ideal8,0,0
Tl197_base,81,197,base,0,0
Tl197_rsig,81,197,rsig,0,0
Tl197_ideal6,81,197,ideal6,0,0
Tl197_ideal7,81,197,ideal7,0,0
Tl197_ideal8,81,197,ideal8,0,0
Tl198_base,81,198,base,0,0
Tl198_rsig,81,198,rsig,0,0
Tl198_ideal6,81,198,ideal6,0,0
Tl198_ideal7,81,198,ideal7,0,0
Tl198_ideal8,81,198,ideal8,0,0
Tl199_base,81,199,base,0,0
Tl199_rsig,81,199,rsig,0,0
Tl199_ideal6,81,199,ideal6,0,0
Tl199_ideal7,81,199,ideal7,0,0
Tl199_ideal8,81,199,ideal8,0,0
Tl200_base,81,200,base,0,0
Tl200_rsig,81,200,rsig,0,0
Tl200_ideal6,81,200,ideal6,0,0
Tl200_ideal7,81,200,ideal7,0,0
Tl200_ideal8,81,200,ideal8,0,0
Tl201_base,81,201,base,0,0
Tl201_rsig,81,201,rsig,0,0
Tl201_ideal6,81,201,ideal6,0,0
Tl201_ideal7,81,201,ideal7,0,0
Tl201_ideal8,81,201,ideal8,0,0
Tl202_base,81,202,base,0,0
Tl202_rsig,81,202,rsig,0,0
Tl202_ideal6,81,202,ideal6,0,0
Tl202_ideal7,81,202,ideal7,0,0
Tl202_ideal8,81,202,ideal8,0,0
Tl203_base,81,203,base,0,0
Tl203_rsig,81,203,rsig,0,0
Tl203_ideal6,81,203,ideal6,0,0
Tl203_ideal7,81,203,ideal7,0,0
Tl203_ideal8,81,203,ideal8,0,0
Tl204_base,81,204,base,0,0
Tl204_rsig,81,204,rsig,0,0
Tl204_ideal6,81,204,ideal6,0,0
Tl204_ideal7,81,204,ideal7,0,0
Tl204_ideal8,81,204,ideal8,0,0
Tl205_base,81,205,base,0,0
Tl205_rsig,81,205,rsig,0,0
Tl205_r101,81,205,r101,0,0
Tl205_ideal6,81,205,ideal6,0,0
Tl205_ideal7,81,205,ideal7,0,0
Tl205_ideal8,81,205,ideal8,0,0
Tl207_base,81,207,base,0,0
Tl207_rsig,81,207,rsig,0,0
Tl207_ideal6,81,207,ideal6,0,0
Tl207_ideal7,81,207,ideal7,0,0
Tl207_ideal8,81,207,ideal8,0,0
Tl208_base,81,208,base,0,0
Tl208_rsig,81,208,rsig,0,0
Tl208_ideal6,81,208,ideal6,0,0
Tl208_ideal7,81,208,ideal7,0,0
Tl208_ideal8,81,208,ideal8,0,0
Pb182_base,82,182,base,0,0
Pb182_rsig,82,182,rsig,0,0
Pb182_ideal6,82,182,ideal6,0,0
Pb182_ideal7,82,182,ideal7,0,0
Pb182_ideal8,82,182,ideal8,0,0
Pb183_base,82,183,base,0,0
Pb183_rsig,82,183,rsig,0,0
Pb183_ideal6,82,183,ideal6,0,0
Pb183_ideal7,82,183,ideal7,0,0
Pb183_ideal8,82,183,ideal8,0,0
Pb184_base,82,184,base,0,0
Pb184_rsig,82,184,rsig,0,0
Pb184_ideal6,82,184,ideal6,0,0
Pb184_ideal7,82,184,ideal7,0,0
Pb184_ideal8,82,184,ideal8,0,0
Pb185_base,82,185,base,0,0
Pb185_rsig,82,185,rsig,0,0
Pb185_ideal6,82,185,ideal6,0,0
Pb185_ideal7,82,185,ideal7,0,0
Pb185_ideal8,82,185,ideal8,0,0
Pb186_base,82,186,base,0,0
Pb186_rsig,82,186,rsig,0,0
Pb186_ideal6,82,186,ideal6,0,0
Pb186_ideal7,82,186,ideal7,0,0
Pb186_ideal8,82,186,ideal8,0,0
Pb187_base,82,187,base,0,0
Pb187_rsig,82,187,rsig,0,0
Pb187_ideal6,82,187,ideal6,0,0
Pb187_ideal7,82,187,ideal7,0,0
Pb187_ideal8,82,187,ideal8,0,0
Pb188_base,82,188,base,0,0
Pb188_rsig,82,188,rsig,0,0
Pb188_ideal6,82,188,ideal6,0,0
Pb188_ideal7,82,188,ideal7,0,0
Pb188_ideal8,82,188,ideal8,0,0
Pb189_base,82,189,base,0,0
Pb189_rsig,82,189,rsig,0,0
Pb189_ideal6,82,189,ideal6,0,0
Pb189_ideal7,82,189,ideal7,0,0
Pb189_ideal8,82,189,ideal8,0,0
Pb190_base,82,190,base,0,0
Pb190_rsig,82,190,rsig,0,0
Pb190_ideal6,82,190,ideal6,0,0
Pb190_ideal7,82,190,ideal7,0,0
Pb190_ideal8,82,190,ideal8,0,0
Pb191_base,82,191,base,0,0
Pb191_rsig,82,191,rsig,0,0
Pb191_ideal6,82,191,ideal6,0,0
Pb191_ideal7,82,191,ideal7,0,0
Pb191_ideal8,82,191,ideal8,0,0
Pb192_base,82,192,base,0,0
Pb192_rsig,82,192,rsig,0,0
Pb192_ideal6,82,192,ideal6,0,0
Pb192_ideal7,82,192,ideal7,0,0
Pb192_ideal8,82,192,ideal8,0,0
Pb193_base,82,193,base,0,0
Pb193_rsig,82,193,rsig,0,0
Pb193_ideal6,82,193,ideal6,0,0
Pb193_ideal7,82,193,ideal7,0,0
Pb193_ideal8,82,193,ideal8,0,0
Pb194_base,82,194,base,0,0
Pb194_rsig,82,194,rsig,0,0
Pb194_ideal6,82,194,ideal6,0,0
Pb194_ideal7,82,194,ideal7,0,0
Pb194_ideal8,82,194,ideal8,0,0
Pb195_base,82,195,base,0,0
Pb195_rsig,82,195,rsig,0,0
Pb195_ideal6,82,195,ideal6,0,0
Pb195_ideal7,82,195,ideal7,0,0
Pb195_ideal8,82,195,ideal8,0,0
Pb196_base,82,196,base,0,0
Pb196_rsig,82,196,rsig,0,0
Pb196_ideal6,82,196,ideal6,0,0
Pb196_ideal7,82,196,ideal7,0,0
Pb196_ideal8,82,196,ideal8,0,0
Pb197_base,82,197,base,0,0
Pb197_rsig,82,197,rsig,0,0
Pb197_ideal6,82,197,ideal6,0,0
Pb197_ideal7,82,197,ideal7,0,0
Pb197_ideal8,82,197,ideal8,0,0
Pb198_base,82,198,base,0,0
Pb198_rsig,82,198,rsig,0,0
Pb198_ideal6,82,198,ideal6,0,0
Pb198_ideal7,82,198,ideal7,0,0
Pb198_ideal8,82,198,ideal8,0,0
Pb199_base,82,199,base,0,0
Pb199_rsig,82,199,rsig,0,0
Pb199_ideal6,82,199,ideal6,0,0
Pb199_ideal7,82,199,ideal7,0,0
Pb199_ideal8,82,199,ideal8,0,0
Pb200_base,82,200,base,0,0
Pb200_rsig,82,200,rsig,0,0
Pb200_ideal6,82,200,ideal6,0,0
Pb200_ideal7,82,200,ideal7,0,0
Pb200_ideal8,82,200,ideal8,0,0
Pb201_base,82,201,base,0,0
Pb201_rsig,82,201,rsig,0,0
Pb201_ideal6,82,201,ideal6,0,0
Pb201_ideal7,82,201,ideal7,0,0
Pb201_ideal8,82,201,ideal8,0,0
Pb202_base,82,202,base,0,0
Pb202_rsig,82,202,rsig,0,0
Pb202_ideal6,82,202,ideal6,0,0
Pb202_ideal7,82,202,ideal7,0,0
Pb202_ideal8,82,202,ideal8,0,0
Pb203_base,82,203,base,0,0
Pb203_rsig,82,203,rsig,0,0
Pb203_ideal6,82,203,ideal6,0,0
Pb203_ideal7,82,203,ideal7,0,0
Pb203_ideal8,82,203,ideal8,0,0
Pb204_base,82,204,base,0,0
Pb204_rsig,82,204,rsig,0,0
Pb204_ideal6,82,204,ideal6,0,0
Pb204_ideal7,82,204,ideal7,0,0
Pb204_ideal8,82,204,ideal8,0,0
Pb205_base,82,205,base,0,0
Pb205_rsig,82,205,rsig,0,0
Pb205_ideal6,82,205,ideal6,0,0
Pb205_ideal7,82,205,ideal7,0,0
Pb205_ideal8,82,205,ideal8,0,0
Pb206_base,82,206,base,0,0
Pb206_rsig,82,206,rsig,0,0
Pb206_ideal6,82,206,ideal6,0,0
Pb206_ideal7,82,206,ideal7,0,0
Pb206_ideal8,82,206,ideal8,0,0
Pb207_base,82,207,base,0,0
Pb207_rsig,82,207,rsig,0,0
Pb207_ideal6,82,207,ideal6,0,0
Pb207_ideal7,82,207,ideal7,0,0
Pb207_ideal8,82,207,ideal8,0,0
Pb208_base,82,208,base,0,0
Pb208_rsig,82,208,rsig,0,0
Pb208_r101,82,208,r101,0,0
Pb208_ideal6,82,208,ideal6,0,0
Pb208_ideal7,82,208,ideal7,0,0
Pb208_ideal8,82,208,ideal8,0,0
Pb209_base,82,209,base,0,0
Pb209_rsig,82,209,rsig,0,0
Pb209_ideal6,82,209,ideal6,0,0
Pb209_ideal7,82,209,ideal7,0,0
Pb209_ideal8,82,209,ideal8,0,0
Pb210_base,82,210,base,0,0
Pb210_rsig,82,210,rsig,0,0
Pb210_ideal6,82,210,ideal6,0,0
Pb210_ideal7,82,210,ideal7,0,0
Pb210_ideal8,82,210,ideal8,0,0
Pb211_base,82,211,base,0,0
Pb211_rsig,82,211,rsig,0,0
Pb211_ideal6,82,211,ideal6,0,0
Pb211_ideal7,82,211,ideal7,0,0
Pb211_ideal8,82,211,ideal8,0,0
Pb212_base,82,212,base,0,0
Pb212_rsig,82,212,rsig,0,0
Pb212_ideal6,82,212,ideal6,0,0
Pb212_ideal7,82,212,ideal7,0,0
Pb212_ideal8,82,212,ideal8,0,0
Pb214_base,82,214,base,0,0
Pb214_rsig,82,214,rsig,0,0
Pb214_ideal6,82,214,ideal6,0,0
Pb214_ideal7,82,214,ideal7,0,0
Pb214_ideal8,82,214,ideal8,0,0
Bi202_base,83,202,base,0,0
Bi202_rsig,83,202,rsig,0,0
Bi202_ideal6,83,202,ideal6,0,0
Bi202_ideal7,83,202,ideal7,0,0
Bi202_ideal8,83,202,ideal8,0,0
Bi203_base,83,203,base,0,0
Bi203_rsig,83,203,rsig,0,0
Bi203_ideal6,83,203,ideal6,0,0
Bi203_ideal7,83,203,ideal7,0,0
Bi203_ideal8,83,203,ideal8,0,0
Bi204_base,83,204,base,0,0
Bi204_rsig,83,204,rsig,0,0
Bi204_ideal6,83,204,ideal6,0,0
Bi204_ideal7,83,204,ideal7,0,0
Bi204_ideal8,83,204,ideal8,0,0
Bi205_base,83,205,base,0,0
Bi205_rsig,83,205,rsig,0,0
Bi205_ideal6,83,205,ideal6,0,0
Bi205_ideal7,83,205,ideal7,0,0
Bi205_ideal8,83,205,ideal8,0,0
Bi206_base,83,206,base,0,0
Bi206_rsig,83,206,rsig,0,0
Bi206_ideal6,83,206,ideal6,0,0
Bi206_ideal7,83,206,ideal7,0,0
Bi206_ideal8,83,206,ideal8,0,0
Bi207_base,83,207,base,0,0
Bi207_rsig,83,207,rsig,0,0
Bi207_ideal6,83,207,ideal6,0,0
Bi207_ideal7,83,207,ideal7,0,0
Bi207_ideal8,83,207,ideal8,0,0
Bi208_base,83,208,base,0,0
Bi208_rsig,83,208,rsig,0,0
Bi208_ideal6,83,208,ideal6,0,0
Bi208_ideal7,83,208,ideal7,0,0
Bi208_ideal8,83,208,ideal8,0,0
Bi209_base,83,209,base,0,0
Bi209_rsig,83,209,rsig,0,0
Bi209_ideal6,83,209,ideal6,0,0
Bi209_ideal7,83,209,ideal7,0,0
Bi209_ideal8,83,209,ideal8,0,0
Bi210_base,83,210,base,0,0
Bi210_rsig,83,210,rsig,0,0
Bi210_ideal6,83,210,ideal6,0,0
Bi210_ideal7,83,210,ideal7,0,0
Bi210_ideal8,83,210,ideal8,0,0
Bi212_base,83,212,base,0,0
Bi212_rsig,83,212,rsig,0,0
Bi212_ideal6,83,212,ideal6,0,0
Bi212_ideal7,83,212,ideal7,0,0
Bi212_ideal8,83,212,ideal8,0,0
Bi213_base,83,213,base,0,0
Bi213_rsig,83,213,rsig,0,0
Bi213_ideal6,83,213,ideal6,0,0
Bi213_ideal7,83,213,ideal7,0,0
Bi213_ideal8,83,213,ideal8,0,0
Po192_base,84,192,base,0,0
Po192_rsig,84,192,rsig,0,0
Po192_ideal6,84,192,ideal6,0,0
Po192_ideal7,84,192,ideal7,0,0
Po192_ideal8,84,192,ideal8,0,0
Po194_base,84,194,base,0,0
Po194_rsig,84,194,rsig,0,0
Po194_ideal6,84,194,ideal6,0,0
Po194_ideal7,84,194,ideal7,0,0
Po194_ideal8,84,194,ideal8,0,0
Po196_base,84,196,base,0,0
Po196_rsig,84,196,rsig,0,0
Po196_ideal6,84,196,ideal6,0,0
Po196_ideal7,84,196,ideal7,0,0
Po196_ideal8,84,196,ideal8,0,0
Po198_base,84,198,base,0,0
Po198_rsig,84,198,rsig,0,0
Po198_ideal6,84,198,ideal6,0,0
Po198_ideal7,84,198,ideal7,0,0
Po198_ideal8,84,198,ideal8,0,0
Po200_base,84,200,base,0,0
Po200_rsig,84,200,rsig,0,0
Po200_ideal6,84,200,ideal6,0,0
Po200_ideal7,84,200,ideal7,0,0
Po200_ideal8,84,200,ideal8,0,0
Po202_base,84,202,base,0,0
Po202_rsig,84,202,rsig,0,0
Po202_ideal6,84,202,ideal6,0,0
Po202_ideal7,84,202,ideal7,0,0
Po202_ideal8,84,202,ideal8,0,0
Po204_base,84,204,base,0,0
Po204_rsig,84,204,rsig,0,0
Po204_ideal6,84,204,ideal6,0,0
Po204_ideal7,84,204,ideal7,0,0
Po204_ideal8,84,204,ideal8,0,0
Po205_base,84,205,base,0,0
Po205_rsig,84,205,rsig,0,0
Po205_ideal6,84,205,ideal6,0,0
Po205_ideal7,84,205,ideal7,0,0
Po205_ideal8,84,205,ideal8,0,0
Po206_base,84,206,base,0,0
Po206_rsig,84,206,rsig,0,0
Po206_ideal6,84,206,ideal6,0,0
Po206_ideal7,84,206,ideal7,0,0
Po206_ideal8,84,206,ideal8,0,0
Po207_base,84,207,base,0,0
Po207_rsig,84,207,rsig,0,0
Po207_ideal6,84,207,ideal6,0,0
Po207_ideal7,84,207,ideal7,0,0
Po207_ideal8,84,207,ideal8,0,0
Po208_base,84,208,base,0,0
Po208_rsig,84,208,rsig,0,0
Po208_ideal6,84,208,ideal6,0,0
Po208_ideal7,84,208,ideal7,0,0
Po208_ideal8,84,208,ideal8,0,0
Po209_base,84,209,base,0,0
Po209_rsig,84,209,rsig,0,0
Po209_ideal6,84,209,ideal6,0,0
Po209_ideal7,84,209,ideal7,0,0
Po209_ideal8,84,209,ideal8,0,0
Po210_base,84,210,base,0,0
Po210_rsig,84,210,rsig,0,0
Po210_ideal6,84,210,ideal6,0,0
Po210_ideal7,84,210,ideal7,0,0
Po210_ideal8,84,210,ideal8,0,0
Po216_base,84,216,base,0,0
Po216_rsig,84,216,rsig,0,0
Po216_ideal6,84,216,ideal6,0,0
Po216_ideal7,84,216,ideal7,0,0
Po216_ideal8,84,216,ideal8,0,0
Po218_base,84,218,base,0,0
Po218_rsig,84,218,rsig,0,0
Po218_ideal6,84,218,ideal6,0,0
Po218_ideal7,84,218,ideal7,0,0
Po218_ideal8,84,218,ideal8,0,0
Rn202_base,86,202,base,0,0
Rn202_rsig,86,202,rsig,0,0
Rn202_ideal6,86,202,ideal6,0,0
Rn202_ideal7,86,202,ideal7,0,0
Rn202_ideal8,86,202,ideal8,0,0
Rn204_base,86,204,base,0,0
Rn204_rsig,86,204,rsig,0,0
Rn204_ideal6,86,204,ideal6,0,0
Rn204_ideal7,86,204,ideal7,0,0
Rn204_ideal8,86,204,ideal8,0,0
Rn205_base,86,205,base,0,0
Rn205_rsig,86,205,rsig,0,0
Rn205_ideal6,86,205,ideal6,0,0
Rn205_ideal7,86,205,ideal7,0,0
Rn205_ideal8,86,205,ideal8,0,0
Rn206_base,86,206,base,0,0
Rn206_rsig,86,206,rsig,0,0
Rn206_ideal6,86,206,ideal6,0,0
Rn206_ideal7,86,206,ideal7,0,0
Rn206_ideal8,86,206,ideal8,0,0
Rn207_base,86,207,base,0,0
Rn207_rsig,86,207,rsig,0,0
Rn207_ideal6,86,207,ideal6,0,0
Rn207_ideal7,86,207,ideal7,0,0
Rn207_ideal8,86,207,ideal8,0,0
Rn208_base,86,208,base,0,0
Rn208_rsig,86,208,rsig,0,0
Rn208_ideal6,86,208,ideal6,0,0
Rn208_ideal7,86,208,ideal7,0,0
Rn208_ideal8,86,208,ideal8,0,0
Rn209_base,86,209,base,0,0
Rn209_rsig,86,209,rsig,0,0
Rn209_ideal6,86,209,ideal6,0,0
Rn209_ideal7,86,209,ideal7,0,0
Rn209_ideal8,86,209,ideal8,0,0
Rn210_base,86,210,base,0,0
Rn210_rsig,86,210,rsig,0,0
Rn210_ideal6,86,210,ideal6,0,0
Rn210_ideal7,86,210,ideal7,0,0
Rn210_ideal8,86,210,ideal8,0,0
Rn211_base,86,211,base,0,0
Rn211_rsig,86,211,rsig,0,0
Rn211_ideal6,86,211,ideal6,0,0
Rn211_ideal7,86,211,ideal7,0,0
Rn211_ideal8,86,211,ideal8,0,0
Rn212_base,86,212,base,0,0
Rn212_rsig,86,212,rsig,0,0
Rn212_ideal6,86,212,ideal6,0,0
Rn212_ideal7,86,212,ideal7,0,0
Rn212_ideal8,86,212,ideal8,0,0
Rn218_base,86,218,base,0,0
Rn218_rsig,86,218,rsig,0,0
Rn218_ideal6,86,218,ideal6,0,0
Rn218_ideal7,86,218,ideal7,0,0
Rn218_ideal8,86,218,ideal8,0,0
Rn219_base,86,219,base,0,0
Rn219_rsig,86,219,rsig,0,0
Rn219_ideal6,86,219,ideal6,0,0
Rn219_ideal7,86,219,ideal7,0,0
Rn219_ideal8,86,219,ideal8,0,0
Rn220_base,86,220,base,0,0
Rn220_rsig,86,220,rsig,0,0
Rn220_ideal6,86,220,ideal6,0,0
Rn220_ideal7,86,220,ideal7,0,0
Rn220_ideal8,86,220,ideal8,0,0
Rn221_base,86,221,base,0,0
Rn221_rsig,86,221,rsig,0,0
Rn221_ideal6,86,221,ideal6,0,0
Rn221_ideal7,86,221,ideal7,0,0
Rn221_ideal8,86,221,ideal8,0,0
Rn222_base,86,222,base,0,0
Rn222_rsig,86,222,rsig,0,0
Rn222_ideal6,86,222,ideal6,0,0
Rn222_ideal7,86,222,ideal7,0,0
Rn222_ideal8,86,222,ideal8,0,0
Fr207_base,87,207,base,0,0
Fr207_rsig,87,207,rsig,0,0
Fr207_ideal6,87,207,ideal6,0,0
Fr207_ideal7,87,207,ideal7,0,0
Fr207_ideal8,87,207,ideal8,0,0
Fr208_base,87,208,base,0,0
Fr208_rsig,87,208,rsig,0,0
Fr208_ideal6,87,208,ideal6,0,0
Fr208_ideal7,87,208,ideal7,0,0
Fr208_ideal8,87,208,ideal8,0,0
Fr209_base,87,209,base,0,0
Fr209_rsig,87,209,rsig,0,0
Fr209_ideal6,87,209,ideal6,0,0
Fr209_ideal7,87,209,ideal7,0,0
Fr209_ideal8,87,209,ideal8,0,0
Fr210_base,87,210,base,0,0
Fr210_rsig,87,210,rsig,0,0
Fr210_ideal6,87,210,ideal6,0,0
Fr210_ideal7,87,210,ideal7,0,0
Fr210_ideal8,87,210,ideal8,0,0
Fr211_base,87,211,base,0,0
Fr211_rsig,87,211,rsig,0,0
Fr211_ideal6,87,211,ideal6,0,0
Fr211_ideal7,87,211,ideal7,0,0
Fr211_ideal8,87,211,ideal8,0,0
Fr212_base,87,212,base,0,0
Fr212_rsig,87,212,rsig,0,0
Fr212_ideal6,87,212,ideal6,0,0
Fr212_ideal7,87,212,ideal7,0,0
Fr212_ideal8,87,212,ideal8,0,0
Fr213_base,87,213,base,0,0
Fr213_rsig,87,213,rsig,0,0
Fr213_ideal6,87,213,ideal6,0,0
Fr213_ideal7,87,213,ideal7,0,0
Fr213_ideal8,87,213,ideal8,0,0
Fr220_base,87,220,base,0,0
Fr220_rsig,87,220,rsig,0,0
Fr220_ideal6,87,220,ideal6,0,0
Fr220_ideal7,87,220,ideal7,0,0
Fr220_ideal8,87,220,ideal8,0,0
Fr221_base,87,221,base,0,0
Fr221_rsig,87,221,rsig,0,0
Fr221_ideal6,87,221,ideal6,0,0
Fr221_ideal7,87,221,ideal7,0,0
Fr221_ideal8,87,221,ideal8,0,0
Fr222_base,87,222,base,0,0
Fr222_rsig,87,222,rsig,0,0
Fr222_ideal6,87,222,ideal6,0,0
Fr222_ideal7,87,222,ideal7,0,0
Fr222_ideal8,87,222,ideal8,0,0
Fr223_base,87,223,base,0,0
Fr223_rsig,87,223,rsig,0,0
Fr223_ideal6,87,223,ideal6,0,0
Fr223_ideal7,87,223,ideal7,0,0
Fr223_ideal8,87,223,ideal8,0,0
Fr224_base,87,224,base,0,0
Fr224_rsig,87,224,rsig,0,0
Fr224_ideal6,87,224,ideal6,0,0
Fr224_ideal7,87,224,ideal7,0,0
Fr224_ideal8,87,224,ideal8,0,0
Fr225_base,87,225,base,0,0
Fr225_rsig,87,225,rsig,0,0
Fr225_ideal6,87,225,ideal6,0,0
Fr225_ideal7,87,225,ideal7,0,0
Fr225_ideal8,87,225,ideal8,0,0
Fr226_base,87,226,base,0,0
Fr226_rsig,87,226,rsig,0,0
Fr226_ideal6,87,226,ideal6,0,0
Fr226_ideal7,87,226,ideal7,0,0
Fr226_ideal8,87,226,ideal8,0,0
Fr227_base,87,227,base,0,0
Fr227_rsig,87,227,rsig,0,0
Fr227_ideal6,87,227,ideal6,0,0
Fr227_ideal7,87,227,ideal7,0,0
Fr227_ideal8,87,227,ideal8,0,0
Fr228_base,87,228,base,0,0
Fr228_rsig,87,228,rsig,0,0
Fr228_ideal6,87,228,ideal6,0,0
Fr228_ideal7,87,228,ideal7,0,0
Fr228_ideal8,87,228,ideal8,0,0
Ra208_base,88,208,base,0,0
Ra208_rsig,88,208,rsig,0,0
Ra208_ideal6,88,208,ideal6,0,0
Ra208_ideal7,88,208,ideal7,0,0
Ra208_ideal8,88,208,ideal8,0,0
Ra209_base,88,209,base,0,0
Ra209_rsig,88,209,rsig,0,0
Ra209_ideal6,88,209,ideal6,0,0
Ra209_ideal7,88,209,ideal7,0,0
Ra209_ideal8,88,209,ideal8,0,0
Ra210_base,88,210,base,0,0
Ra210_rsig,88,210,rsig,0,0
Ra210_ideal6,88,210,ideal6,0,0
Ra210_ideal7,88,210,ideal7,0,0
Ra210_ideal8,88,210,ideal8,0,0
Ra211_base,88,211,base,0,0
Ra211_rsig,88,211,rsig,0,0
Ra211_ideal6,88,211,ideal6,0,0
Ra211_ideal7,88,211,ideal7,0,0
Ra211_ideal8,88,211,ideal8,0,0
Ra212_base,88,212,base,0,0
Ra212_rsig,88,212,rsig,0,0
Ra212_ideal6,88,212,ideal6,0,0
Ra212_ideal7,88,212,ideal7,0,0
Ra212_ideal8,88,212,ideal8,0,0
Ra213_base,88,213,base,0,0
Ra213_rsig,88,213,rsig,0,0
Ra213_ideal6,88,213,ideal6,0,0
Ra213_ideal7,88,213,ideal7,0,0
Ra213_ideal8,88,213,ideal8,0,0
Ra214_base,88,214,base,0,0
Ra214_rsig,88,214,rsig,0,0
Ra214_ideal6,88,214,ideal6,0,0
Ra214_ideal7,88,214,ideal7,0,0
Ra214_ideal8,88,214,ideal8,0,0
Ra220_base,88,220,base,0,0
Ra220_rsig,88,220,rsig,0,0
Ra220_ideal6,88,220,ideal6,0,0
Ra220_ideal7,88,220,ideal7,0,0
Ra220_ideal8,88,220,ideal8,0,0
Ra221_base,88,221,base,0,0
Ra221_rsig,88,221,rsig,0,0
Ra221_ideal6,88,221,ideal6,0,0
Ra221_ideal7,88,221,ideal7,0,0
Ra221_ideal8,88,221,ideal8,0,0
Ra222_base,88,222,base,0,0
Ra222_rsig,88,222,rsig,0,0
Ra222_ideal6,88,222,ideal6,0,0
Ra222_ideal7,88,222,ideal7,0,0
Ra222_ideal8,88,222,ideal8,0,0
Ra223_base,88,223,base,0,0
Ra223_rsig,88,223,rsig,0,0
Ra223_ideal6,88,223,ideal6,0,0
Ra223_ideal7,88,223,ideal7,0,0
Ra223_ideal8,88,223,ideal8,0,0
Ra224_base,88,224,base,0,0
Ra224_rsig,88,224,rsig,0,0
Ra224_ideal6,88,224,ideal6,0,0
Ra224_ideal7,88,224,ideal7,0,0
Ra224_ideal8,88,224,ideal8,0,0
Ra225_base,88,225,base,0,0
Ra225_rsig,88,225,rsig,0,0
Ra225_ideal6,88,225,ideal6,0,0
Ra225_ideal7,88,225,ideal7,0,0
Ra225_ideal8,88,225,ideal8,0,0
Ra226_base,88,226,base,0,0
Ra226_rsig,88,226,rsig,0,0
Ra226_ideal6,88,226,ideal6,0,0
Ra226_ideal7,88,226,ideal7,0,0
Ra226_ideal8,88,226,ideal8,0,0
Ra227_base,88,227,base,0,0
Ra227_rsig,88,227,rsig,0,0
Ra227_ideal6,88,227,ideal6,0,0
Ra227_ideal7,88,227,ideal7,0,0
Ra227_ideal8,88,227,ideal8,0,0
Ra228_base,88,228,base,0,0
Ra228_rsig,88,228,rsig,0,0
Ra228_ideal6,88,228,ideal6,0,0
Ra228_ideal7,88,228,ideal7,0,0
Ra228_ideal8,88,228,ideal8,0,0
Ra229_base,88,229,base,0,0
Ra229_rsig,88,229,rsig,0,0
Ra229_ideal6,88,229,ideal6,0,0
Ra229_ideal7,88,229,ideal7,0,0
Ra229_ideal8,88,229,ideal8,0,0
Ra230_base,88,230,base,0,0
Ra230_rsig,88,230,rsig,0,0
Ra230_ideal6,88,230,ideal6,0,0
Ra230_ideal7,88,230,ideal7,0,0
Ra230_ideal8,88,230,ideal8,0,0
Ra232_base,88,232,base,0,0
Ra232_rsig,88,232,rsig,0,0
Ra232_ideal6,88,232,ideal6,0,0
Ra232_ideal7,88,232,ideal7,0,0
Ra232_ideal8,88,232,ideal8,0,0
Th227_base,90,227,base,0,0
Th227_rsig,90,227,rsig,0,0
Th227_ideal6,90,227,ideal6,0,0
Th227_ideal7,90,227,ideal7,0,0
Th227_ideal8,90,227,ideal8,0,0
Th228_base,90,228,base,0,0
Th228_rsig,90,228,rsig,0,0
Th228_ideal6,90,228,ideal6,0,0
Th228_ideal7,90,228,ideal7,0,0
Th228_ideal8,90,228,ideal8,0,0
Th229_base,90,229,base,0,0
Th229_rsig,90,229,rsig,0,0
Th229_ideal6,90,229,ideal6,0,0
Th229_ideal7,90,229,ideal7,0,0
Th229_ideal8,90,229,ideal8,0,0
Th230_base,90,230,base,0,0
Th230_rsig,90,230,rsig,0,0
Th230_ideal6,90,230,ideal6,0,0
Th230_ideal7,90,230,ideal7,0,0
Th230_ideal8,90,230,ideal8,0,0
Th232_base,90,232,base,0,0
Th232_rsig,90,232,rsig,0,0
Th232_ideal6,90,232,ideal6,0,0
Th232_ideal7,90,232,ideal7,0,0
Th232_ideal8,90,232,ideal8,0,0
U233_base,92,233,base,0,0
U233_rsig,92,233,rsig,0,0
U233_ideal6,92,233,ideal6,0,0
U233_ideal7,92,233,ideal7,0,0
U233_ideal8,92,233,ideal8,0,0
U234_base,92,234,base,0,0
U234_rsig,92,234,rsig,0,0
U234_ideal6,92,234,ideal6,0,0
U234_ideal7,92,234,ideal7,0,0
U234_ideal8,92,234,ideal8,0,0
U235_base,92,235,base,0,0
U235_rsig,92,235,rsig,0,0
U235_ideal6,92,235,ideal6,0,0
U235_ideal7,92,235,ideal7,0,0
U235_ideal8,92,235,ideal8,0,0
U236_base,92,236,base,0,0
U236_rsig,92,236,rsig,0,0
U236_ideal6,92,236,ideal6,0,0
U236_ideal7,92,236,ideal7,0,0
U236_ideal8,92,236,ideal8,0,0
U238_base,92,238,base,0,0
U238_rsig,92,238,rsig,0,0
U238_ideal6,92,238,ideal6,0,0
U238_ideal7,92,238,ideal7,0,0
U238_ideal8,92,238,ideal8,0,0
