run,Z,A,setting,state,n,l,s,binding_eV,total_eV
Be9_g0u0050,4,9,g0u0050,K1,1,0,1,-44512.6,1.04301e+08
Be9_g0u0050,4,9,g0u0050,L2,2,1,0,-11121.9,1.04334e+08
Be9_g0u0050,4,9,g0u0050,L3,2,1,1,-11119.6,1.04334e+08
Be9_g0u0050,4,9,g0u0050,M4,3,2,0,-4939.86,1.0434e+08
Be9_g0u0050,4,9,g0u0050,M5,3,2,1,-4939.63,1.0434e+08
Be9_g0u0050,4,9,g0u0050,N6,4,3,0,-2778.37,1.04342e+08
Be9_g0u0050,4,9,g0u0050,N7,4,3,1,-2778.32,1.04342e+08
Be9_g0u0050,4,9,g0u0050,O8,5,4,0,-1778.12,1.04343e+08
Be9_g0u0050,4,9,g0u0050,O9,5,4,1,-1778.1,1.04343e+08
Be9_g0u0050,4,9,g0u0050,P10,6,5,0,-1234.79,1.04344e+08
Be9_g0u0050,4,9,g0u0050,P11,6,5,1,-1234.79,1.04344e+08
Be9_g0u0050,4,9,g0u0050,Q12,7,6,0,-907.193,1.04344e+08
Be9_g0u0050,4,9,g0u0050,Q13,7,6,1,-907.19,1.04344e+08
Be9_g0u0050,4,9,g0u0050,R14,8,7,0,-694.568,1.04344e+08
Be9_g0u0050,4,9,g0u0050,R15,8,7,1,-694.567,1.04344e+08
Be9_g0u0100,4,9,g0u0100,K1,1,0,1,-44512.8,1.04301e+08
Be9_g0u0100,4,9,g0u0100,L2,2,1,0,-11121.9,1.04334e+08
Be9_g0u0100,4,9,g0u0100,L3,2,1,1,-11119.6,1.04334e+08
Be9_g0u0100,4,9,g0u0100,M4,3,2,0,-4939.86,1.0434e+08
Be9_g0u0100,4,9,g0u0100,M5,3,2,1,-4939.63,1.0434e+08
Be9_g0u0100,4,9,g0u0100,N6,4,3,0,-2778.37,1.04342e+08
Be9_g0u0100,4,9,g0u0100,N7,4,3,1,-2778.32,1.04342e+08
Be9_g0u0100,4,9,g0u0100,O8,5,4,0,-1778.12,1.04343e+08
Be9_g0u0100,4,9,g0u0100,O9,5,4,1,-1778.1,1.04343e+08
Be9_g0u0100,4,9,g0u0100,P10,6,5,0,-1234.79,1.04344e+08
Be9_g0u0100,4,9,g0u0100,P11,6,5,1,-1234.79,1.04344e+08
Be9_g0u0100,4,9,g0u0100,Q12,7,6,0,-907.193,1.04344e+08
Be9_g0u0100,4,9,g0u0100,Q13,7,6,1,-907.19,1.04344e+08
Be9_g0u0100,4,9,g0u0100,R14,8,7,0,-694.568,1.04344e+08
Be9_g0u0100,4,9,g0u0100,R15,8,7,1,-694.567,1.04344e+08
Be9_g0u0150,4,9,g0u0150,K1,1,0,1,-44512.8,1.04301e+08
Be9_g0u0150,4,9,g0u0150,L2,2,1,0,-11121.9,1.04334e+08
Be9_g0u0150,4,9,g0u0150,L3,2,1,1,-11119.6,1.04334e+08
Be9_g0u0150,4,9,g0u0150,M4,3,2,0,-4939.86,1.0434e+08
Be9_g0u0150,4,9,g0u0150,M5,3,2,1,-4939.63,1.0434e+08
Be9_g0u0150,4,9,g0u0150,N6,4,3,0,-2778.37,1.04342e+08
Be9_g0u0150,4,9,g0u0150,N7,4,3,1,-2778.32,1.04342e+08
Be9_g0u0150,4,9,g0u0150,O8,5,4,0,-1778.12,1.04343e+08
Be9_g0u0150,4,9,g0u0150,O9,5,4,1,-1778.1,1.04343e+08
Be9_g0u0150,4,9,g0u0150,P10,6,5,0,-1234.79,1.04344e+08
Be9_g0u0150,4,9,g0u0150,P11,6,5,1,-1234.79,1.04344e+08
Be9_g0u0150,4,9,g0u0150,Q12,7,6,0,-907.193,1.04344e+08
Be9_g0u0150,4,9,g0u0150,Q13,7,6,1,-907.19,1.04344e+08
Be9_g0u0150,4,9,g0u0150,R14,8,7,0,-694.568,1.04344e+08
Be9_g0u0150,4,9,g0u0150,R15,8,7,1,-694.567,1.04344e+08
Be9_g0u0200,4,9,g0u0200,K1,1,0,1,-44512.9,1.04301e+08
Be9_g0u0200,4,9,g0u0200,L2,2,1,0,-11121.9,1.04334e+08
Be9_g0u0200,4,9,g0u0200,L3,2,1,1,-11119.6,1.04334e+08
Be9_g0u0200,4,9,g0u0200,M4,3,2,0,-4939.86,1.0434e+08
Be9_g0u0200,4,9,g0u0200,M5,3,2,1,-4939.63,1.0434e+08
Be9_g0u0200,4,9,g0u0200,N6,4,3,0,-2778.37,1.04342e+08
Be9_g0u0200,4,9,g0u0200,N7,4,3,1,-2778.32,1.04342e+08
Be9_g0u0200,4,9,g0u0200,O8,5,4,0,-1778.12,1.04343e+08
Be9_g0u0200,4,9,g0u0200,O9,5,4,1,-1778.1,1.04343e+08
Be9_g0u0200,4,9,g0u0200,P10,6,5,0,-1234.79,1.04344e+08
Be9_g0u0200,4,9,g0u0200,P11,6,5,1,-1234.79,1.04344e+08
Be9_g0u0200,4,9,g0u0200,Q12,7,6,0,-907.193,1.04344e+08
Be9_g0u0200,4,9,g0u0200,Q13,7,6,1,-907.19,1.04344e+08
Be9_g0u0200,4,9,g0u0200,R14,8,7,0,-694.568,1.04344e+08
Be9_g0u0200,4,9,g0u0200,R15,8,7,1,-694.567,1.04344e+08
Be9_g0u0250,4,9,g0u0250,K1,1,0,1,-44512.9,1.04301e+08
Be9_g0u0250,4,9,g0u0250,L2,2,1,0,-11121.9,1.04334e+08
Be9_g0u0250,4,9,g0u0250,L3,2,1,1,-11119.6,1.04334e+08
Be9_g0u0250,4,9,g0u0250,M4,3,2,0,-4939.86,1.0434e+08
Be9_g0u0250,4,9,g0u0250,M5,3,2,1,-4939.63,1.0434e+08
Be9_g0u0250,4,9,g0u0250,N6,4,3,0,-2778.37,1.04342e+08
Be9_g0u0250,4,9,g0u0250,N7,4,3,1,-2778.32,1.04342e+08
Be9_g0u0250,4,9,g0u0250,O8,5,4,0,-1778.12,1.04343e+08
Be9_g0u0250,4,9,g0u0250,O9,5,4,1,-1778.1,1.04343e+08
Be9_g0u0250,4,9,g0u0250,P10,6,5,0,-1234.79,1.04344e+08
Be9_g0u0250,4,9,g0u0250,P11,6,5,1,-1234.79,1.04344e+08
Be9_g0u0250,4,9,g0u0250,Q12,7,6,0,-907.193,1.04344e+08
Be9_g0u0250,4,9,g0u0250,Q13,7,6,1,-907.19,1.04344e+08
Be9_g0u0250,4,9,g0u0250,R14,8,7,0,-694.568,1.04344e+08
Be9_g0u0250,4,9,g0u0250,R15,8,7,1,-694.567,1.04344e+08
Be9_g0u0300,4,9,g0u0300,K1,1,0,1,-44512.9,1.04301e+08
Be9_g0u0300,4,9,g0u0300,L2,2,1,0,-11121.9,1.04334e+08
Be9_g0u0300,4,9,g0u0300,L3,2,1,1,-11119.6,1.04334e+08
Be9_g0u0300,4,9,g0u0300,M4,3,2,0,-4939.86,1.0434e+08
Be9_g0u0300,4,9,g0u0300,M5,3,2,1,-4939.63,1.0434e+08
Be9_g0u0300,4,9,g0u0300,N6,4,3,0,-2778.37,1.04342e+08
Be9_g0u0300,4,9,g0u0300,N7,4,3,1,-2778.32,1.04342e+08
Be9_g0u0300,4,9,g0u0300,O8,5,4,0,-1778.12,1.04343e+08
Be9_g0u0300,4,9,g0u0300,O9,5,4,1,-1778.1,1.04343e+08
Be9_g0u0300,4,9,g0u0300,P10,6,5,0,-1234.79,1.04344e+08
Be9_g0u0300,4,9,g0u0300,P11,6,5,1,-1234.79,1.04344e+08
Be9_g0u0300,4,9,g0u0300,Q12,7,6,0,-907.193,1.04344e+08
Be9_g0u0300,4,9,g0u0300,Q13,7,6,1,-907.19,1.04344e+08
Be9_g0u0300,4,9,g0u0300,R14,8,7,0,-694.568,1.04344e+08
Be9_g0u0300,4,9,g0u0300,R15,8,7,1,-694.567,1.04344e+08
Be9_g0u0350,4,9,g0u0350,K1,1,0,1,-44512.9,1.04301e+08
Be9_g0u0350,4,9,g0u0350,L2,2,1,0,-11121.9,1.04334e+08
Be9_g0u0350,4,9,g0u0350,L3,2,1,1,-11119.6,1.04334e+08
Be9_g0u0350,4,9,g0u0350,M4,3,2,0,-4939.86,1.0434e+08
Be9_g0u0350,4,9,g0u0350,M5,3,2,1,-4939.63,1.0434e+08
Be9_g0u0350,4,9,g0u0350,N6,4,3,0,-2778.37,1.04342e+08
Be9_g0u0350,4,9,g0u0350,N7,4,3,1,-2778.32,1.04342e+08
Be9_g0u0350,4,9,g0u0350,O8,5,4,0,-1778.12,1.04343e+08
Be9_g0u0350,4,9,g0u0350,O9,5,4,1,-1778.1,1.04343e+08
Be9_g0u0350,4,9,g0u0350,P10,6,5,0,-1234.79,1.04344e+08
Be9_g0u0350,4,9,g0u0350,P11,6,5,1,-1234.79,1.04344e+08
Be9_g0u0350,4,9,g0u0350,Q12,7,6,0,-907.193,1.04344e+08
Be9_g0u0350,4,9,g0u0350,Q13,7,6,1,-907.19,1.04344e+08
Be9_g0u0350,4,9,g0u0350,R14,8,7,0,-694.568,1.04344e+08
Be9_g0u0350,4,9,g0u0350,R15,8,7,1,-694.567,1.04344e+08
Be9_g0u0400,4,9,g0u0400,K1,1,0,1,-44512.9,1.04301e+08
Be9_g0u0400,4,9,g0u0400,L2,2,1,0,-11121.9,1.04334e+08
Be9_g0u0400,4,9,g0u0400,L3,2,1,1,-11119.6,1.04334e+08
Be9_g0u0400,4,9,g0u0400,M4,3,2,0,-4939.86,1.0434e+08
Be9_g0u0400,4,9,g0u0400,M5,3,2,1,-4939.63,1.0434e+08
Be9_g0u0400,4,9,g0u0400,N6,4,3,0,-2778.37,1.04342e+08
Be9_g0u0400,4,9,g0u0400,N7,4,3,1,-2778.32,1.04342e+08
Be9_g0u0400,4,9,g0u0400,O8,5,4,0,-1778.12,1.04343e+08
Be9_g0u0400,4,9,g0u0400,O9,5,4,1,-1778.1,1.04343e+08
Be9_g0u0400,4,9,g0u0400,P10,6,5,0,-1234.79,1.04344e+08
Be9_g0u0400,4,9,g0u0400,P11,6,5,1,-1234.79,1.04344e+08
Be9_g0u0400,4,9,g0u0400,Q12,7,6,0,-907.193,1.04344e+08
Be9_g0u0400,4,9,g0u0400,Q13,7,6,1,-907.19,1.04344e+08
Be9_g0u0400,4,9,g0u0400,R14,8,7,0,-694.568,1.04344e+08
Be9_g0u0400,4,9,g0u0400,R15,8,7,1,-694.567,1.04344e+08
Be9_g0u0450,4,9,g0u0450,K1,1,0,1,-44512.9,1.04301e+08
Be9_g0u0450,4,9,g0u0450,L2,2,1,0,-11121.9,1.04334e+08
Be9_g0u0450,4,9,g0u0450,L3,2,1,1,-11119.6,1.04334e+08
Be9_g0u0450,4,9,g0u0450,M4,3,2,0,-4939.86,1.0434e+08
Be9_g0u0450,4,9,g0u0450,M5,3,2,1,-4939.63,1.0434e+08
Be9_g0u0450,4,9,g0u0450,N6,4,3,0,-2778.37,1.04342e+08
Be9_g0u0450,4,9,g0u0450,N7,4,3,1,-2778.32,1.04342e+08
Be9_g0u0450,4,9,g0u0450,O8,5,4,0,-1778.12,1.04343e+08
Be9_g0u0450,4,9,g0u0450,O9,5,4,1,-1778.1,1.04343e+08
Be9_g0u0450,4,9,g0u0450,P10,6,5,0,-1234.79,1.04344e+08
Be9_g0u0450,4,9,g0u0450,P11,6,5,1,-1234.79,1.04344e+08
Be9_g0u0450,4,9,g0u0450,Q12,7,6,0,-907.193,1.04344e+08
Be9_g0u0450,4,9,g0u0450,Q13,7,6,1,-907.19,1.04344e+08
Be9_g0u0450,4,9,g0u0450,R14,8,7,0,-694.568,1.04344e+08
Be9_g0u0450,4,9,g0u0450,R15,8,7,1,-694.567,1.04344e+08
Be9_g0u0500,4,9,g0u0500,K1,1,0,1,-44512.9,1.04301e+08
Be9_g0u0500,4,9,g0u0500,L2,2,1,0,-11121.9,1.04334e+08
Be9_g0u0500,4,9,g0u0500,L3,2,1,1,-11119.6,1.04334e+08
Be9_g0u0500,4,9,g0u0500,M4,3,2,0,-4939.86,1.0434e+08
Be9_g0u0500,4,9,g0u0500,M5,3,2,1,-4939.63,1.0434e+08
Be9_g0u0500,4,9,g0u0500,N6,4,3,0,-2778.37,1.04342e+08
Be9_g0u0500,4,9,g0u0500,N7,4,3,1,-2778.32,1.04342e+08
Be9_g0u0500,4,9,g0u0500,O8,5,4,0,-1778.12,1.04343e+08
Be9_g0u0500,4,9,g0u0500,O9,5,4,1,-1778.1,1.04343e+08
Be9_g0u0500,4,9,g0u0500,P10,6,5,0,-1234.79,1.04344e+08
Be9_g0u0500,4,9,g0u0500,P11,6,5,1,-1234.79,1.04344e+08
Be9_g0u0500,4,9,g0u0500,Q12,7,6,0,-907.193,1.04344e+08
Be9_g0u0500,4,9,g0u0500,Q13,7,6,1,-907.19,1.04344e+08
Be9_g0u0500,4,9,g0u0500,R14,8,7,0,-694.568,1.04344e+08
Be9_g0u0500,4,9,g0u0500,R15,8,7,1,-694.567,1.04344e+08
Be9_g0u0550,4,9,g0u0550,K1,1,0,1,-44512.9,1.04301e+08
Be9_g0u0550,4,9,g0u0550,L2,2,1,0,-11121.9,1.04334e+08
Be9_g0u0550,4,9,g0u0550,L3,2,1,1,-11119.6,1.04334e+08
Be9_g0u0550,4,9,g0u0550,M4,3,2,0,-4939.86,1.0434e+08
Be9_g0u0550,4,9,g0u0550,M5,3,2,1,-4939.63,1.0434e+08
Be9_g0u0550,4,9,g0u0550,N6,4,3,0,-2778.37,1.04342e+08
Be9_g0u0550,4,9,g0u0550,N7,4,3,1,-2778.32,1.04342e+08
Be9_g0u0550,4,9,g0u0550,O8,5,4,0,-1778.12,1.04343e+08
Be9_g0u0550,4,9,g0u0550,O9,5,4,1,-1778.1,1.04343e+08
Be9_g0u0550,4,9,g0u0550,P10,6,5,0,-1234.79,1.04344e+08
Be9_g0u0550,4,9,g0u0550,P11,6,5,1,-1234.79,1.04344e+08
Be9_g0u0550,4,9,g0u0550,Q12,7,6,0,-907.193,1.04344e+08
Be9_g0u0550,4,9,g0u0550,Q13,7,6,1,-907.19,1.04344e+08
Be9_g0u0550,4,9,g0u0550,R14,8,7,0,-694.568,1.04344e+08
Be9_g0u0550,4,9,g0u0550,R15,8,7,1,-694.567,1.04344e+08
Be9_g0u0600,4,9,g0u0600,K1,1,0,1,-44512.9,1.04301e+08
Be9_g0u0600,4,9,g0u0600,L2,2,1,0,-11121.9,1.04334e+08
Be9_g0u0600,4,9,g0u0600,L3,2,1,1,-11119.6,1.04334e+08
Be9_g0u0600,4,9,g0u0600,M4,3,2,0,-4939.86,1.0434e+08
Be9_g0u0600,4,9,g0u0600,M5,3,2,1,-4939.63,1.0434e+08
Be9_g0u0600,4,9,g0u0600,N6,4,3,0,-2778.37,1.04342e+08
Be9_g0u0600,4,9,g0u0600,N7,4,3,1,-2778.32,1.04342e+08
Be9_g0u0600,4,9,g0u0600,O8,5,4,0,-1778.12,1.04343e+08
Be9_g0u0600,4,9,g0u0600,O9,5,4,1,-1778.1,1.04343e+08
Be9_g0u0600,4,9,g0u0600,P10,6,5,0,-1234.79,1.04344e+08
Be9_g0u0600,4,9,g0u0600,P11,6,5,1,-1234.79,1.04344e+08
Be9_g0u0600,4,9,g0u0600,Q12,7,6,0,-907.193,1.04344e+08
Be9_g0u0600,4,9,g0u0600,Q13,7,6,1,-907.19,1.04344e+08
Be9_g0u0600,4,9,g0u0600,R14,8,7,0,-694.568,1.04344e+08
Be9_g0u0600,4,9,g0u0600,R15,8,7,1,-694.567,1.04344e+08
Be9_g0u0700,4,9,g0u0700,K1,1,0,1,-44512.9,1.04301e+08
Be9_g0u0700,4,9,g0u0700,L2,2,1,0,-11121.9,1.04334e+08
Be9_g0u0700,4,9,g0u0700,L3,2,1,1,-11119.6,1.04334e+08
Be9_g0u0700,4,9,g0u0700,M4,3,2,0,-4939.86,1.0434e+08
Be9_g0u0700,4,9,g0u0700,M5,3,2,1,-4939.63,1.0434e+08
Be9_g0u0700,4,9,g0u0700,N6,4,3,0,-2778.37,1.04342e+08
Be9_g0u0700,4,9,g0u0700,N7,4,3,1,-2778.32,1.04342e+08
Be9_g0u0700,4,9,g0u0700,O8,5,4,0,-1778.12,1.04343e+08
Be9_g0u0700,4,9,g0u0700,O9,5,4,1,-1778.1,1.04343e+08
Be9_g0u0700,4,9,g0u0700,P10,6,5,0,-1234.79,1.04344e+08
Be9_g0u0700,4,9,g0u0700,P11,6,5,1,-1234.79,1.04344e+08
Be9_g0u0700,4,9,g0u0700,Q12,7,6,0,-907.193,1.04344e+08
Be9_g0u0700,4,9,g0u0700,Q13,7,6,1,-907.19,1.04344e+08
Be9_g0u0700,4,9,g0u0700,R14,8,7,0,-694.568,1.04344e+08
Be9_g0u0700,4,9,g0u0700,R15,8,7,1,-694.567,1.04344e+08
Be9_g0u0800,4,9,g0u0800,K1,1,0,1,-44512.9,1.04301e+08
Be9_g0u0800,4,9,g0u0800,L2,2,1,0,-11121.9,1.04334e+08
Be9_g0u0800,4,9,g0u0800,L3,2,1,1,-11119.6,1.04334e+08
Be9_g0u0800,4,9,g0u0800,M4,3,2,0,-4939.86,1.0434e+08
Be9_g0u0800,4,9,g0u0800,M5,3,2,1,-4939.63,1.0434e+08
Be9_g0u0800,4,9,g0u0800,N6,4,3,0,-2778.37,1.04342e+08
Be9_g0u0800,4,9,g0u0800,N7,4,3,1,-2778.32,1.04342e+08
Be9_g0u0800,4,9,g0u0800,O8,5,4,0,-1778.12,1.04343e+08
Be9_g0u0800,4,9,g0u0800,O9,5,4,1,-1778.1,1.04343e+08
Be9_g0u0800,4,9,g0u0800,P10,6,5,0,-1234.79,1.04344e+08
Be9_g0u0800,4,9,g0u0800,P11,6,5,1,-1234.79,1.04344e+08
Be9_g0u0800,4,9,g0u0800,Q12,7,6,0,-907.193,1.04344e+08
Be9_g0u0800,4,9,g0u0800,Q13,7,6,1,-907.19,1.04344e+08
Be9_g0u0800,4,9,g0u0800,R14,8,7,0,-694.568,1.04344e+08
Be9_g0u0800,4,9,g0u0800,R15,8,7,1,-694.567,1.04344e+08
Be9_g0u0900,4,9,g0u0900,K1,1,0,1,-44512.9,1.04301e+08
Be9_g0u0900,4,9,g0u0900,L2,2,1,0,-11121.9,1.04334e+08
Be9_g0u0900,4,9,g0u0900,L3,2,1,1,-11119.6,1.04334e+08
Be9_g0u0900,4,9,g0u0900,M4,3,2,0,-4939.86,1.0434e+08
Be9_g0u0900,4,9,g0u0900,M5,3,2,1,-4939.63,1.0434e+08
Be9_g0u0900,4,9,g0u0900,N6,4,3,0,-2778.37,1.04342e+08
Be9_g0u0900,4,9,g0u0900,N7,4,3,1,-2778.32,1.04342e+08
Be9_g0u0900,4,9,g0u0900,O8,5,4,0,-1778.12,1.04343e+08
Be9_g0u0900,4,9,g0u0900,O9,5,4,1,-1778.1,1.04343e+08
Be9_g0u0900,4,9,g0u0900,P10,6,5,0,-1234.79,1.04344e+08
Be9_g0u0900,4,9,g0u0900,P11,6,5,1,-1234.79,1.04344e+08
Be9_g0u0900,4,9,g0u0900,Q12,7,6,0,-907.193,1.04344e+08
Be9_g0u0900,4,9,g0u0900,Q13,7,6,1,-907.19,1.04344e+08
Be9_g0u0900,4,9,g0u0900,R14,8,7,0,-694.568,1.04344e+08
Be9_g0u0900,4,9,g0u0900,R15,8,7,1,-694.567,1.04344e+08
Be9_g0u1000,4,9,g0u1000,K1,1,0,1,-44512.9,1.04301e+08
Be9_g0u1000,4,9,g0u1000,L2,2,1,0,-11121.9,1.04334e+08
Be9_g0u1000,4,9,g0u1000,L3,2,1,1,-11119.6,1.04334e+08
Be9_g0u1000,4,9,g0u1000,M4,3,2,0,-4939.86,1.0434e+08
Be9_g0u1000,4,9,g0u1000,M5,3,2,1,-4939.63,1.0434e+08
Be9_g0u1000,4,9,g0u1000,N6,4,3,0,-2778.37,1.04342e+08
Be9_g0u1000,4,9,g0u1000,N7,4,3,1,-2778.32,1.04342e+08
Be9_g0u1000,4,9,g0u1000,O8,5,4,0,-1778.12,1.04343e+08
Be9_g0u1000,4,9,g0u1000,O9,5,4,1,-1778.1,1.04343e+08
Be9_g0u1000,4,9,g0u1000,P10,6,5,0,-1234.79,1.04344e+08
Be9_g0u1000,4,9,g0u1000,P11,6,5,1,-1234.79,1.04344e+08
Be9_g0u1000,4,9,g0u1000,Q12,7,6,0,-907.193,1.04344e+08
Be9_g0u1000,4,9,g0u1000,Q13,7,6,1,-907.19,1.04344e+08
Be9_g0u1000,4,9,g0u1000,R14,8,7,0,-694.568,1.04344e+08
Be9_g0u1000,4,9,g0u1000,R15,8,7,1,-694.567,1.04344e+08
Be9_g0u1100,4,9,g0u1100,K1,1,0,1,-44512.9,1.04301e+08
Be9_g0u1100,4,9,g0u1100,L2,2,1,0,-11121.9,1.04334e+08
Be9_g0u1100,4,9,g0u1100,L3,2,1,1,-11119.6,1.04334e+08
Be9_g0u1100,4,9,g0u1100,M4,3,2,0,-4939.86,1.0434e+08
Be9_g0u1100,4,9,g0u1100,M5,3,2,1,-4939.63,1.0434e+08
Be9_g0u1100,4,9,g0u1100,N6,4,3,0,-2778.37,1.04342e+08
Be9_g0u1100,4,9,g0u1100,N7,4,3,1,-2778.32,1.04342e+08
Be9_g0u1100,4,9,g0u1100,O8,5,4,0,-1778.12,1.04343e+08
Be9_g0u1100,4,9,g0u1100,O9,5,4,1,-1778.1,1.04343e+08
Be9_g0u1100,4,9,g0u1100,P10,6,5,0,-1234.79,1.04344e+08
Be9_g0u1100,4,9,g0u1100,P11,6,5,1,-1234.79,1.04344e+08
Be9_g0u1100,4,9,g0u1100,Q12,7,6,0,-907.193,1.04344e+08
Be9_g0u1100,4,9,g0u1100,Q13,7,6,1,-907.19,1.04344e+08
Be9_g0u1100,4,9,g0u1100,R14,8,7,0,-694.568,1.04344e+08
Be9_g0u1100,4,9,g0u1100,R15,8,7,1,-694.567,1.04344e+08
Be9_g0u1200,4,9,g0u1200,K1,1,0,1,-44512.9,1.04301e+08
Be9_g0u1200,4,9,g0u1200,L2,2,1,0,-11121.9,1.04334e+08
Be9_g0u1200,4,9,g0u1200,L3,2,1,1,-11119.6,1.04334e+08
Be9_g0u1200,4,9,g0u1200,M4,3,2,0,-4939.86,1.0434e+08
Be9_g0u1200,4,9,g0u1200,M5,3,2,1,-4939.63,1.0434e+08
Be9_g0u1200,4,9,g0u1200,N6,4,3,0,-2778.37,1.04342e+08
Be9_g0u1200,4,9,g0u1200,N7,4,3,1,-2778.32,1.04342e+08
Be9_g0u1200,4,9,g0u1200,O8,5,4,0,-1778.12,1.04343e+08
Be9_g0u1200,4,9,g0u1200,O9,5,4,1,-1778.1,1.04343e+08
Be9_g0u1200,4,9,g0u1200,P10,6,5,0,-1234.79,1.04344e+08
Be9_g0u1200,4,9,g0u1200,P11,6,5,1,-1234.79,1.04344e+08
Be9_g0u1200,4,9,g0u1200,Q12,7,6,0,-907.193,1.04344e+08
Be9_g0u1200,4,9,g0u1200,Q13,7,6,1,-907.19,1.04344e+08
Be9_g0u1200,4,9,g0u1200,R14,8,7,0,-694.568,1.04344e+08
Be9_g0u1200,4,9,g0u1200,R15,8,7,1,-694.567,1.04344e+08
Be9_g0u1300,4,9,g0u1300,K1,1,0,1,-44512.9,1.04301e+08
Be9_g0u1300,4,9,g0u1300,L2,2,1,0,-11121.9,1.04334e+08
Be9_g0u1300,4,9,g0u1300,L3,2,1,1,-11119.6,1.04334e+08
Be9_g0u1300,4,9,g0u1300,M4,3,2,0,-4939.86,1.0434e+08
Be9_g0u1300,4,9,g0u1300,M5,3,2,1,-4939.63,1.0434e+08
Be9_g0u1300,4,9,g0u1300,N6,4,3,0,-2778.37,1.04342e+08
Be9_g0u1300,4,9,g0u1300,N7,4,3,1,-2778.32,1.04342e+08
Be9_g0u1300,4,9,g0u1300,O8,5,4,0,-1778.12,1.04343e+08
Be9_g0u1300,4,9,g0u1300,O9,5,4,1,-1778.1,1.04343e+08
Be9_g0u1300,4,9,g0u1300,P10,6,5,0,-1234.79,1.04344e+08
Be9_g0u1300,4,9,g0u1300,P11,6,5,1,-1234.79,1.04344e+08
Be9_g0u1300,4,9,g0u1300,Q12,7,6,0,-907.193,1.04344e+08
Be9_g0u1300,4,9,g0u1300,Q13,7,6,1,-907.19,1.04344e+08
Be9_g0u1300,4,9,g0u1300,R14,8,7,0,-694.568,1.04344e+08
Be9_g0u1300,4,9,g0u1300,R15,8,7,1,-694.567,1.04344e+08
Be9_g0u1400,4,9,g0u1400,K1,1,0,1,-44512.9,1.04301e+08
Be9_g0u1400,4,9,g0u1400,L2,2,1,0,-11121.9,1.04334e+08
Be9_g0u1400,4,9,g0u1400,L3,2,1,1,-11119.6,1.04334e+08
Be9_g0u1400,4,9,g0u1400,M4,3,2,0,-4939.86,1.0434e+08
Be9_g0u1400,4,9,g0u1400,M5,3,2,1,-4939.63,1.0434e+08
Be9_g0u1400,4,9,g0u1400,N6,4,3,0,-2778.37,1.04342e+08
Be9_g0u1400,4,9,g0u1400,N7,4,3,1,-2778.32,1.04342e+08
Be9_g0u1400,4,9,g0u1400,O8,5,4,0,-1778.12,1.04343e+08
Be9_g0u1400,4,9,g0u1400,O9,5,4,1,-1778.1,1.04343e+08
Be9_g0u1400,4,9,g0u1400,P10,6,5,0,-1234.79,1.04344e+08
Be9_g0u1400,4,9,g0u1400,P11,6,5,1,-1234.79,1.04344e+08
Be9_g0u1400,4,9,g0u1400,Q12,7,6,0,-907.193,1.04344e+08
Be9_g0u1400,4,9,g0u1400,Q13,7,6,1,-907.19,1.04344e+08
Be9_g0u1400,4,9,g0u1400,R14,8,7,0,-694.568,1.04344e+08
Be9_g0u1400,4,9,g0u1400,R15,8,7,1,-694.567,1.04344e+08
Be9_g0u1500,4,9,g0u1500,K1,1,0,1,-44512.9,1.04301e+08
Be9_g0u1500,4,9,g0u1500,L2,2,1,0,-11121.9,1.04334e+08
Be9_g0u1500,4,9,g0u1500,L3,2,1,1,-11119.6,1.04334e+08
Be9_g0u1500,4,9,g0u1500,M4,3,2,0,-4939.86,1.0434e+08
Be9_g0u1500,4,9,g0u1500,M5,3,2,1,-4939.63,1.0434e+08
Be9_g0u1500,4,9,g0u1500,N6,4,3,0,-2778.37,1.04342e+08
Be9_g0u1500,4,9,g0u1500,N7,4,3,1,-2778.32,1.04342e+08
Be9_g0u1500,4,9,g0u1500,O8,5,4,0,-1778.12,1.04343e+08
Be9_g0u1500,4,9,g0u1500,O9,5,4,1,-1778.1,1.04343e+08
Be9_g0u1500,4,9,g0u1500,P10,6,5,0,-1234.79,1.04344e+08
Be9_g0u1500,4,9,g0u1500,P11,6,5,1,-1234.79,1.04344e+08
Be9_g0u1500,4,9,g0u1500,Q12,7,6,0,-907.193,1.04344e+08
Be9_g0u1500,4,9,g0u1500,Q13,7,6,1,-907.19,1.04344e+08
Be9_g0u1500,4,9,g0u1500,R14,8,7,0,-694.568,1.04344e+08
Be9_g0u1500,4,9,g0u1500,R15,8,7,1,-694.567,1.04344e+08
Be9_g0u1600,4,9,g0u1600,K1,1,0,1,-44512.9,1.04301e+08
Be9_g0u1600,4,9,g0u1600,L2,2,1,0,-11121.9,1.04334e+08
Be9_g0u1600,4,9,g0u1600,L3,2,1,1,-11119.6,1.04334e+08
Be9_g0u1600,4,9,g0u1600,M4,3,2,0,-4939.86,1.0434e+08
Be9_g0u1600,4,9,g0u1600,M5,3,2,1,-4939.63,1.0434e+08
Be9_g0u1600,4,9,g0u1600,N6,4,3,0,-2778.37,1.04342e+08
Be9_g0u1600,4,9,g0u1600,N7,4,3,1,-2778.32,1.04342e+08
Be9_g0u1600,4,9,g0u1600,O8,5,4,0,-1778.12,1.04343e+08
Be9_g0u1600,4,9,g0u1600,O9,5,4,1,-1778.1,1.04343e+08
Be9_g0u1600,4,9,g0u1600,P10,6,5,0,-1234.79,1.04344e+08
Be9_g0u1600,4,9,g0u1600,P11,6,5,1,-1234.79,1.04344e+08
Be9_g0u1600,4,9,g0u1600,Q12,7,6,0,-907.193,1.04344e+08
Be9_g0u1600,4,9,g0u1600,Q13,7,6,1,-907.19,1.04344e+08
Be9_g0u1600,4,9,g0u1600,R14,8,7,0,-694.568,1.04344e+08
Be9_g0u1600,4,9,g0u1600,R15,8,7,1,-694.567,1.04344e+08
Be9_g0u1700,4,9,g0u1700,K1,1,0,1,-44512.9,1.04301e+08
Be9_g0u1700,4,9,g0u1700,L2,2,1,0,-11121.9,1.04334e+08
Be9_g0u1700,4,9,g0u1700,L3,2,1,1,-11119.6,1.04334e+08
Be9_g0u1700,4,9,g0u1700,M4,3,2,0,-4939.86,1.0434e+08
Be9_g0u1700,4,9,g0u1700,M5,3,2,1,-4939.63,1.0434e+08
Be9_g0u1700,4,9,g0u1700,N6,4,3,0,-2778.37,1.04342e+08
Be9_g0u1700,4,9,g0u1700,N7,4,3,1,-2778.32,1.04342e+08
Be9_g0u1700,4,9,g0u1700,O8,5,4,0,-1778.12,1.04343e+08
Be9_g0u1700,4,9,g0u1700,O9,5,4,1,-1778.1,1.04343e+08
Be9_g0u1700,4,9,g0u1700,P10,6,5,0,-1234.79,1.04344e+08
Be9_g0u1700,4,9,g0u1700,P11,6,5,1,-1234.79,1.04344e+08
Be9_g0u1700,4,9,g0u1700,Q12,7,6,0,-907.193,1.04344e+08
Be9_g0u1700,4,9,g0u1700,Q13,7,6,1,-907.19,1.04344e+08
Be9_g0u1700,4,9,g0u1700,R14,8,7,0,-694.568,1.04344e+08
Be9_g0u1700,4,9,g0u1700,R15,8,7,1,-694.567,1.04344e+08
Be9_g0u1800,4,9,g0u1800,K1,1,0,1,-44512.9,1.04301e+08
Be9_g0u1800,4,9,g0u1800,L2,2,1,0,-11121.9,1.04334e+08
Be9_g0u1800,4,9,g0u1800,L3,2,1,1,-11119.6,1.04334e+08
Be9_g0u1800,4,9,g0u1800,M4,3,2,0,-4939.86,1.0434e+08
Be9_g0u1800,4,9,g0u1800,M5,3,2,1,-4939.63,1.0434e+08
Be9_g0u1800,4,9,g0u1800,N6,4,3,0,-2778.37,1.04342e+08
Be9_g0u1800,4,9,g0u1800,N7,4,3,1,-2778.32,1.04342e+08
Be9_g0u1800,4,9,g0u1800,O8,5,4,0,-1778.12,1.04343e+08
Be9_g0u1800,4,9,g0u1800,O9,5,4,1,-1778.1,1.04343e+08
Be9_g0u1800,4,9,g0u1800,P10,6,5,0,-1234.79,1.04344e+08
Be9_g0u1800,4,9,g0u1800,P11,6,5,1,-1234.79,1.04344e+08
Be9_g0u1800,4,9,g0u1800,Q12,7,6,0,-907.193,1.04344e+08
Be9_g0u1800,4,9,g0u1800,Q13,7,6,1,-907.19,1.04344e+08
Be9_g0u1800,4,9,g0u1800,R14,8,7,0,-694.568,1.04344e+08
Be9_g0u1800,4,9,g0u1800,R15,8,7,1,-694.567,1.04344e+08
Be9_g0u1900,4,9,g0u1900,K1,1,0,1,-44512.9,1.04301e+08
Be9_g0u1900,4,9,g0u1900,L2,2,1,0,-11121.9,1.04334e+08
Be9_g0u1900,4,9,g0u1900,L3,2,1,1,-11119.6,1.04334e+08
Be9_g0u1900,4,9,g0u1900,M4,3,2,0,-4939.86,1.0434e+08
Be9_g0u1900,4,9,g0u1900,M5,3,2,1,-4939.63,1.0434e+08
Be9_g0u1900,4,9,g0u1900,N6,4,3,0,-2778.37,1.04342e+08
Be9_g0u1900,4,9,g0u1900,N7,4,3,1,-2778.32,1.04342e+08
Be9_g0u1900,4,9,g0u1900,O8,5,4,0,-1778.12,1.04343e+08
Be9_g0u1900,4,9,g0u1900,O9,5,4,1,-1778.1,1.04343e+08
Be9_g0u1900,4,9,g0u1900,P10,6,5,0,-1234.79,1.04344e+08
Be9_g0u1900,4,9,g0u1900,P11,6,5,1,-1234.79,1.04344e+08
Be9_g0u1900,4,9,g0u1900,Q12,7,6,0,-907.193,1.04344e+08
Be9_g0u1900,4,9,g0u1900,Q13,7,6,1,-907.19,1.04344e+08
Be9_g0u1900,4,9,g0u1900,R14,8,7,0,-694.568,1.04344e+08
Be9_g0u1900,4,9,g0u1900,R15,8,7,1,-694.567,1.04344e+08
Be9_g0u2000,4,9,g0u2000,K1,1,0,1,-44512.9,1.04301e+08
Be9_g0u2000,4,9,g0u2000,L2,2,1,0,-11121.9,1.04334e+08
Be9_g0u2000,4,9,g0u2000,L3,2,1,1,-11119.6,1.04334e+08
Be9_g0u2000,4,9,g0u2000,M4,3,2,0,-4939.86,1.0434e+08
Be9_g0u2000,4,9,g0u2000,M5,3,2,1,-4939.63,1.0434e+08
Be9_g0u2000,4,9,g0u2000,N6,4,3,0,-2778.37,1.04342e+08
Be9_g0u2000,4,9,g0u2000,N7,4,3,1,-2778.32,1.04342e+08
Be9_g0u2000,4,9,g0u2000,O8,5,4,0,-1778.12,1.04343e+08
Be9_g0u2000,4,9,g0u2000,O9,5,4,1,-1778.1,1.04343e+08
Be9_g0u2000,4,9,g0u2000,P10,6,5,0,-1234.79,1.04344e+08
Be9_g0u2000,4,9,g0u2000,P11,6,5,1,-1234.79,1.04344e+08
Be9_g0u2000,4,9,g0u2000,Q12,7,6,0,-907.193,1.04344e+08
Be9_g0u2000,4,9,g0u2000,Q13,7,6,1,-907.19,1.04344e+08
Be9_g0u2000,4,9,g0u2000,R14,8,7,0,-694.568,1.04344e+08
Be9_g0u2000,4,9,g0u2000,R15,8,7,1,-694.567,1.04344e+08
Be9_g0u2100,4,9,g0u2100,K1,1,0,1,-44512.9,1.04301e+08
Be9_g0u2100,4,9,g0u2100,L2,2,1,0,-11121.9,1.04334e+08
Be9_g0u2100,4,9,g0u2100,L3,2,1,1,-11119.6,1.04334e+08
Be9_g0u2100,4,9,g0u2100,M4,3,2,0,-4939.86,1.0434e+08
Be9_g0u2100,4,9,g0u2100,M5,3,2,1,-4939.63,1.0434e+08
Be9_g0u2100,4,9,g0u2100,N6,4,3,0,-2778.37,1.04342e+08
Be9_g0u2100,4,9,g0u2100,N7,4,3,1,-2778.32,1.04342e+08
Be9_g0u2100,4,9,g0u2100,O8,5,4,0,-1778.12,1.04343e+08
Be9_g0u2100,4,9,g0u2100,O9,5,4,1,-1778.1,1.04343e+08
Be9_g0u2100,4,9,g0u2100,P10,6,5,0,-1234.79,1.04344e+08
Be9_g0u2100,4,9,g0u2100,P11,6,5,1,-1234.79,1.04344e+08
Be9_g0u2100,4,9,g0u2100,Q12,7,6,0,-907.193,1.04344e+08
Be9_g0u2100,4,9,g0u2100,Q13,7,6,1,-907.19,1.04344e+08
Be9_g0u2100,4,9,g0u2100,R14,8,7,0,-694.568,1.04344e+08
Be9_g0u2100,4,9,g0u2100,R15,8,7,1,-694.567,1.04344e+08
Be9_g0u2200,4,9,g0u2200,K1,1,0,1,-44512.9,1.04301e+08
Be9_g0u2200,4,9,g0u2200,L2,2,1,0,-11121.9,1.04334e+08
Be9_g0u2200,4,9,g0u2200,L3,2,1,1,-11119.6,1.04334e+08
Be9_g0u2200,4,9,g0u2200,M4,3,2,0,-4939.86,1.0434e+08
Be9_g0u2200,4,9,g0u2200,M5,3,2,1,-4939.63,1.0434e+08
Be9_g0u2200,4,9,g0u2200,N6,4,3,0,-2778.37,1.04342e+08
Be9_g0u2200,4,9,g0u2200,N7,4,3,1,-2778.32,1.04342e+08
Be9_g0u2200,4,9,g0u2200,O8,5,4,0,-1778.12,1.04343e+08
Be9_g0u2200,4,9,g0u2200,O9,5,4,1,-1778.1,1.04343e+08
Be9_g0u2200,4,9,g0u2200,P10,6,5,0,-1234.79,1.04344e+08
Be9_g0u2200,4,9,g0u2200,P11,6,5,1,-1234.79,1.04344e+08
Be9_g0u2200,4,9,g0u2200,Q12,7,6,0,-907.193,1.04344e+08
Be9_g0u2200,4,9,g0u2200,Q13,7,6,1,-907.19,1.04344e+08
Be9_g0u2200,4,9,g0u2200,R14,8,7,0,-694.568,1.04344e+08
Be9_g0u2200,4,9,g0u2200,R15,8,7,1,-694.567,1.04344e+08
Be9_g0u2300,4,9,g0u2300,K1,1,0,1,-44512.9,1.04301e+08
Be9_g0u2300,4,9,g0u2300,L2,2,1,0,-11121.9,1.04334e+08
Be9_g0u2300,4,9,g0u2300,L3,2,1,1,-11119.6,1.04334e+08
Be9_g0u2300,4,9,g0u2300,M4,3,2,0,-4939.86,1.0434e+08
Be9_g0u2300,4,9,g0u2300,M5,3,2,1,-4939.63,1.0434e+08
Be9_g0u2300,4,9,g0u2300,N6,4,3,0,-2778.37,1.04342e+08
Be9_g0u2300,4,9,g0u2300,N7,4,3,1,-2778.32,1.04342e+08
Be9_g0u2300,4,9,g0u2300,O8,5,4,0,-1778.12,1.04343e+08
Be9_g0u2300,4,9,g0u2300,O9,5,4,1,-1778.1,1.04343e+08
Be9_g0u2300,4,9,g0u2300,P10,6,5,0,-1234.79,1.04344e+08
Be9_g0u2300,4,9,g0u2300,P11,6,5,1,-1234.79,1.04344e+08
Be9_g0u2300,4,9,g0u2300,Q12,7,6,0,-907.193,1.04344e+08
Be9_g0u2300,4,9,g0u2300,Q13,7,6,1,-907.19,1.04344e+08
Be9_g0u2300,4,9,g0u2300,R14,8,7,0,-694.568,1.04344e+08
Be9_g0u2300,4,9,g0u2300,R15,8,7,1,-694.567,1.04344e+08
Be9_g0u2400,4,9,g0u2400,K1,1,0,1,-44512.9,1.04301e+08
Be9_g0u2400,4,9,g0u2400,L2,2,1,0,-11121.9,1.04334e+08
Be9_g0u2400,4,9,g0u2400,L3,2,1,1,-11119.6,1.04334e+08
Be9_g0u2400,4,9,g0u2400,M4,3,2,0,-4939.86,1.0434e+08
Be9_g0u2400,4,9,g0u2400,M5,3,2,1,-4939.63,1.0434e+08
Be9_g0u2400,4,9,g0u2400,N6,4,3,0,-2778.37,1.04342e+08
Be9_g0u2400,4,9,g0u2400,N7,4,3,1,-2778.32,1.04342e+08
Be9_g0u2400,4,9,g0u2400,O8,5,4,0,-1778.12,1.04343e+08
Be9_g0u2400,4,9,g0u2400,O9,5,4,1,-1778.1,1.04343e+08
Be9_g0u2400,4,9,g0u2400,P10,6,5,0,-1234.79,1.04344e+08
Be9_g0u2400,4,9,g0u2400,P11,6,5,1,-1234.79,1.04344e+08
Be9_g0u2400,4,9,g0u2400,Q12,7,6,0,-907.193,1.04344e+08
Be9_g0u2400,4,9,g0u2400,Q13,7,6,1,-907.19,1.04344e+08
Be9_g0u2400,4,9,g0u2400,R14,8,7,0,-694.568,1.04344e+08
Be9_g0u2400,4,9,g0u2400,R15,8,7,1,-694.567,1.04344e+08
Be9_g2u1000,4,9,g2u1000,K1,1,0,1,-44512.9,1.04301e+08
Be9_g2u1000,4,9,g2u1000,L2,2,1,0,-11121.9,1.04334e+08
Be9_g2u1000,4,9,g2u1000,L3,2,1,1,-11119.6,1.04334e+08
Be9_g2u1000,4,9,g2u1000,M4,3,2,0,-4939.86,1.0434e+08
Be9_g2u1000,4,9,g2u1000,M5,3,2,1,-4939.63,1.0434e+08
Be9_g2u1000,4,9,g2u1000,N6,4,3,0,-2778.37,1.04342e+08
Be9_g2u1000,4,9,g2u1000,N7,4,3,1,-2778.32,1.04342e+08
Be9_g2u1000,4,9,g2u1000,O8,5,4,0,-1778.12,1.04343e+08
Be9_g2u1000,4,9,g2u1000,O9,5,4,1,-1778.1,1.04343e+08
Be9_g2u1000,4,9,g2u1000,P10,6,5,0,-1234.79,1.04344e+08
Be9_g2u1000,4,9,g2u1000,P11,6,5,1,-1234.79,1.04344e+08
Be9_g2u1000,4,9,g2u1000,Q12,7,6,0,-907.193,1.04344e+08
Be9_g2u1000,4,9,g2u1000,Q13,7,6,1,-907.19,1.04344e+08
Be9_g2u1000,4,9,g2u1000,R14,8,7,0,-694.568,1.04344e+08
Be9_g2u1000,4,9,g2u1000,R15,8,7,1,-694.567,1.04344e+08
C12_g0u0050,6,12,g0u0050,K1,1,0,1,-100373,1.04569e+08
C12_g0u0050,6,12,g0u0050,L2,2,1,0,-25121.1,1.04644e+08
C12_g0u0050,6,12,g0u0050,L3,2,1,1,-25109,1.04644e+08
C12_g0u0050,6,12,g0u0050,M4,3,2,0,-11151.6,1.04658e+08
C12_g0u0050,6,12,g0u0050,M5,3,2,1,-11150.4,1.04658e+08
C12_g0u0050,6,12,g0u0050,N6,4,3,0,-6271.16,1.04663e+08
C12_g0u0050,6,12,g0u0050,N7,4,3,1,-6270.91,1.04663e+08
C12_g0u0050,6,12,g0u0050,O8,5,4,0,-4013.29,1.04665e+08
C12_g0u0050,6,12,g0u0050,O9,5,4,1,-4013.21,1.04665e+08
C12_g0u0050,6,12,g0u0050,P10,6,5,0,-2786.95,1.04666e+08
C12_g0u0050,6,12,g0u0050,P11,6,5,1,-2786.92,1.04666e+08
C12_g0u0050,6,12,g0u0050,Q12,7,6,0,-2047.54,1.04667e+08
C12_g0u0050,6,12,g0u0050,Q13,7,6,1,-2047.53,1.04667e+08
C12_g0u0050,6,12,g0u0050,R14,8,7,0,-1567.64,1.04667e+08
C12_g0u0050,6,12,g0u0050,R15,8,7,1,-1567.63,1.04667e+08
C12_g0u0100,6,12,g0u0100,K1,1,0,1,-100374,1.04569e+08
C12_g0u0100,6,12,g0u0100,L2,2,1,0,-25121.1,1.04644e+08
C12_g0u0100,6,12,g0u0100,L3,2,1,1,-25109,1.04644e+08
C12_g0u0100,6,12,g0u0100,M4,3,2,0,-11151.6,1.04658e+08
C12_g0u0100,6,12,g0u0100,M5,3,2,1,-11150.4,1.04658e+08
C12_g0u0100,6,12,g0u0100,N6,4,3,0,-6271.16,1.04663e+08
C12_g0u0100,6,12,g0u0100,N7,4,3,1,-6270.91,1.04663e+08
C12_g0u0100,6,12,g0u0100,O8,5,4,0,-4013.29,1.04665e+08
C12_g0u0100,6,12,g0u0100,O9,5,4,1,-4013.21,1.04665e+08
C12_g0u0100,6,12,g0u0100,P10,6,5,0,-2786.95,1.04666e+08
C12_g0u0100,6,12,g0u0100,P11,6,5,1,-2786.92,1.04666e+08
C12_g0u0100,6,12,g0u0100,Q12,7,6,0,-2047.54,1.04667e+08
C12_g0u0100,6,12,g0u0100,Q13,7,6,1,-2047.53,1.04667e+08
C12_g0u0100,6,12,g0u0100,R14,8,7,0,-1567.64,1.04667e+08
C12_g0u0100,6,12,g0u0100,R15,8,7,1,-1567.63,1.04667e+08
C12_g0u0150,6,12,g0u0150,K1,1,0,1,-100374,1.04569e+08
C12_g0u0150,6,12,g0u0150,L2,2,1,0,-25121.1,1.04644e+08
C12_g0u0150,6,12,g0u0150,L3,2,1,1,-25109,1.04644e+08
C12_g0u0150,6,12,g0u0150,M4,3,2,0,-11151.6,1.04658e+08
C12_g0u0150,6,12,g0u0150,M5,3,2,1,-11150.4,1.04658e+08
C12_g0u0150,6,12,g0u0150,N6,4,3,0,-6271.16,1.04663e+08
C12_g0u0150,6,12,g0u0150,N7,4,3,1,-6270.91,1.04663e+08
C12_g0u0150,6,12,g0u0150,O8,5,4,0,-4013.29,1.04665e+08
C12_g0u0150,6,12,g0u0150,O9,5,4,1,-4013.21,1.04665e+08
C12_g0u0150,6,12,g0u0150,P10,6,5,0,-2786.95,1.04666e+08
C12_g0u0150,6,12,g0u0150,P11,6,5,1,-2786.92,1.04666e+08
C12_g0u0150,6,12,g0u0150,Q12,7,6,0,-2047.54,1.04667e+08
C12_g0u0150,6,12,g0u0150,Q13,7,6,1,-2047.53,1.04667e+08
C12_g0u0150,6,12,g0u0150,R14,8,7,0,-1567.64,1.04667e+08
C12_g0u0150,6,12,g0u0150,R15,8,7,1,-1567.63,1.04667e+08
C12_g0u0200,6,12,g0u0200,K1,1,0,1,-100374,1.04569e+08
C12_g0u0200,6,12,g0u0200,L2,2,1,0,-25121.1,1.04644e+08
C12_g0u0200,6,12,g0u0200,L3,2,1,1,-25109,1.04644e+08
C12_g0u0200,6,12,g0u0200,M4,3,2,0,-11151.6,1.04658e+08
C12_g0u0200,6,12,g0u0200,M5,3,2,1,-11150.4,1.04658e+08
C12_g0u0200,6,12,g0u0200,N6,4,3,0,-6271.16,1.04663e+08
C12_g0u0200,6,12,g0u0200,N7,4,3,1,-6270.91,1.04663e+08
C12_g0u0200,6,12,g0u0200,O8,5,4,0,-4013.29,1.04665e+08
C12_g0u0200,6,12,g0u0200,O9,5,4,1,-4013.21,1.04665e+08
C12_g0u0200,6,12,g0u0200,P10,6,5,0,-2786.95,1.04666e+08
C12_g0u0200,6,12,g0u0200,P11,6,5,1,-2786.92,1.04666e+08
C12_g0u0200,6,12,g0u0200,Q12,7,6,0,-2047.54,1.04667e+08
C12_g0u0200,6,12,g0u0200,Q13,7,6,1,-2047.53,1.04667e+08
C12_g0u0200,6,12,g0u0200,R14,8,7,0,-1567.64,1.04667e+08
C12_g0u0200,6,12,g0u0200,R15,8,7,1,-1567.63,1.04667e+08
C12_g0u0250,6,12,g0u0250,K1,1,0,1,-100374,1.04569e+08
C12_g0u0250,6,12,g0u0250,L2,2,1,0,-25121.1,1.04644e+08
C12_g0u0250,6,12,g0u0250,L3,2,1,1,-25109,1.04644e+08
C12_g0u0250,6,12,g0u0250,M4,3,2,0,-11151.6,1.04658e+08
C12_g0u0250,6,12,g0u0250,M5,3,2,1,-11150.4,1.04658e+08
C12_g0u0250,6,12,g0u0250,N6,4,3,0,-6271.16,1.04663e+08
C12_g0u0250,6,12,g0u0250,N7,4,3,1,-6270.91,1.04663e+08
C12_g0u0250,6,12,g0u0250,O8,5,4,0,-4013.29,1.04665e+08
C12_g0u0250,6,12,g0u0250,O9,5,4,1,-4013.21,1.04665e+08
C12_g0u0250,6,12,g0u0250,P10,6,5,0,-2786.95,1.04666e+08
C12_g0u0250,6,12,g0u0250,P11,6,5,1,-2786.92,1.04666e+08
C12_g0u0250,6,12,g0u0250,Q12,7,6,0,-2047.54,1.04667e+08
C12_g0u0250,6,12,g0u0250,Q13,7,6,1,-2047.53,1.04667e+08
C12_g0u0250,6,12,g0u0250,R14,8,7,0,-1567.64,1.04667e+08
C12_g0u0250,6,12,g0u0250,R15,8,7,1,-1567.63,1.04667e+08
C12_g0u0300,6,12,g0u0300,K1,1,0,1,-100374,1.04569e+08
C12_g0u0300,6,12,g0u0300,L2,2,1,0,-25121.1,1.04644e+08
C12_g0u0300,6,12,g0u0300,L3,2,1,1,-25109,1.04644e+08
C12_g0u0300,6,12,g0u0300,M4,3,2,0,-11151.6,1.04658e+08
C12_g0u0300,6,12,g0u0300,M5,3,2,1,-11150.4,1.04658e+08
C12_g0u0300,6,12,g0u0300,N6,4,3,0,-6271.16,1.04663e+08
C12_g0u0300,6,12,g0u0300,N7,4,3,1,-6270.91,1.04663e+08
C12_g0u0300,6,12,g0u0300,O8,5,4,0,-4013.29,1.04665e+08
C12_g0u0300,6,12,g0u0300,O9,5,4,1,-4013.21,1.04665e+08
C12_g0u0300,6,12,g0u0300,P10,6,5,0,-2786.95,1.04666e+08
C12_g0u0300,6,12,g0u0300,P11,6,5,1,-2786.92,1.04666e+08
C12_g0u0300,6,12,g0u0300,Q12,7,6,0,-2047.54,1.04667e+08
C12_g0u0300,6,12,g0u0300,Q13,7,6,1,-2047.53,1.04667e+08
C12_g0u0300,6,12,g0u0300,R14,8,7,0,-1567.64,1.04667e+08
C12_g0u0300,6,12,g0u0300,R15,8,7,1,-1567.63,1.04667e+08
C12_g0u0350,6,12,g0u0350,K1,1,0,1,-100374,1.04569e+08
C12_g0u0350,6,12,g0u0350,L2,2,1,0,-25121.1,1.04644e+08
C12_g0u0350,6,12,g0u0350,L3,2,1,1,-25109,1.04644e+08
C12_g0u0350,6,12,g0u0350,M4,3,2,0,-11151.6,1.04658e+08
C12_g0u0350,6,12,g0u0350,M5,3,2,1,-11150.4,1.04658e+08
C12_g0u0350,6,12,g0u0350,N6,4,3,0,-6271.16,1.04663e+08
C12_g0u0350,6,12,g0u0350,N7,4,3,1,-6270.91,1.04663e+08
C12_g0u0350,6,12,g0u0350,O8,5,4,0,-4013.29,1.04665e+08
C12_g0u0350,6,12,g0u0350,O9,5,4,1,-4013.21,1.04665e+08
C12_g0u0350,6,12,g0u0350,P10,6,5,0,-2786.95,1.04666e+08
C12_g0u0350,6,12,g0u0350,P11,6,5,1,-2786.92,1.04666e+08
C12_g0u0350,6,12,g0u0350,Q12,7,6,0,-2047.54,1.04667e+08
C12_g0u0350,6,12,g0u0350,Q13,7,6,1,-2047.53,1.04667e+08
C12_g0u0350,6,12,g0u0350,R14,8,7,0,-1567.64,1.04667e+08
C12_g0u0350,6,12,g0u0350,R15,8,7,1,-1567.63,1.04667e+08
C12_g0u0400,6,12,g0u0400,K1,1,0,1,-100374,1.04569e+08
C12_g0u0400,6,12,g0u0400,L2,2,1,0,-25121.1,1.04644e+08
C12_g0u0400,6,12,g0u0400,L3,2,1,1,-25109,1.04644e+08
C12_g0u0400,6,12,g0u0400,M4,3,2,0,-11151.6,1.04658e+08
C12_g0u0400,6,12,g0u0400,M5,3,2,1,-11150.4,1.04658e+08
C12_g0u0400,6,12,g0u0400,N6,4,3,0,-6271.16,1.04663e+08
C12_g0u0400,6,12,g0u0400,N7,4,3,1,-6270.91,1.04663e+08
C12_g0u0400,6,12,g0u0400,O8,5,4,0,-4013.29,1.04665e+08
C12_g0u0400,6,12,g0u0400,O9,5,4,1,-4013.21,1.04665e+08
C12_g0u0400,6,12,g0u0400,P10,6,5,0,-2786.95,1.04666e+08
C12_g0u0400,6,12,g0u0400,P11,6,5,1,-2786.92,1.04666e+08
C12_g0u0400,6,12,g0u0400,Q12,7,6,0,-2047.54,1.04667e+08
C12_g0u0400,6,12,g0u0400,Q13,7,6,1,-2047.53,1.04667e+08
C12_g0u0400,6,12,g0u0400,R14,8,7,0,-1567.64,1.04667e+08
C12_g0u0400,6,12,g0u0400,R15,8,7,1,-1567.63,1.04667e+08
C12_g0u0450,6,12,g0u0450,K1,1,0,1,-100374,1.04569e+08
C12_g0u0450,6,12,g0u0450,L2,2,1,0,-25121.1,1.04644e+08
C12_g0u0450,6,12,g0u0450,L3,2,1,1,-25109,1.04644e+08
C12_g0u0450,6,12,g0u0450,M4,3,2,0,-11151.6,1.04658e+08
C12_g0u0450,6,12,g0u0450,M5,3,2,1,-11150.4,1.04658e+08
C12_g0u0450,6,12,g0u0450,N6,4,3,0,-6271.16,1.04663e+08
C12_g0u0450,6,12,g0u0450,N7,4,3,1,-6270.91,1.04663e+08
C12_g0u0450,6,12,g0u0450,O8,5,4,0,-4013.29,1.04665e+08
C12_g0u0450,6,12,g0u0450,O9,5,4,1,-4013.21,1.04665e+08
C12_g0u0450,6,12,g0u0450,P10,6,5,0,-2786.95,1.04666e+08
C12_g0u0450,6,12,g0u0450,P11,6,5,1,-2786.92,1.04666e+08
C12_g0u0450,6,12,g0u0450,Q12,7,6,0,-2047.54,1.04667e+08
C12_g0u0450,6,12,g0u0450,Q13,7,6,1,-2047.53,1.04667e+08
C12_g0u0450,6,12,g0u0450,R14,8,7,0,-1567.64,1.04667e+08
C12_g0u0450,6,12,g0u0450,R15,8,7,1,-1567.63,1.04667e+08
C12_g0u0500,6,12,g0u0500,K1,1,0,1,-100374,1.04569e+08
C12_g0u0500,6,12,g0u0500,L2,2,1,0,-25121.1,1.04644e+08
C12_g0u0500,6,12,g0u0500,L3,2,1,1,-25109,1.04644e+08
C12_g0u0500,6,12,g0u0500,M4,3,2,0,-11151.6,1.04658e+08
C12_g0u0500,6,12,g0u0500,M5,3,2,1,-11150.4,1.04658e+08
C12_g0u0500,6,12,g0u0500,N6,4,3,0,-6271.16,1.04663e+08
C12_g0u0500,6,12,g0u0500,N7,4,3,1,-6270.91,1.04663e+08
C12_g0u0500,6,12,g0u0500,O8,5,4,0,-4013.29,1.04665e+08
C12_g0u0500,6,12,g0u0500,O9,5,4,1,-4013.21,1.04665e+08
C12_g0u0500,6,12,g0u0500,P10,6,5,0,-2786.95,1.04666e+08
C12_g0u0500,6,12,g0u0500,P11,6,5,1,-2786.92,1.04666e+08
C12_g0u0500,6,12,g0u0500,Q12,7,6,0,-2047.54,1.04667e+08
C12_g0u0500,6,12,g0u0500,Q13,7,6,1,-2047.53,1.04667e+08
C12_g0u0500,6,12,g0u0500,R14,8,7,0,-1567.64,1.04667e+08
C12_g0u0500,6,12,g0u0500,R15,8,7,1,-1567.63,1.04667e+08
C12_g0u0550,6,12,g0u0550,K1,1,0,1,-100374,1.04569e+08
C12_g0u0550,6,12,g0u0550,L2,2,1,0,-25121.1,1.04644e+08
C12_g0u0550,6,12,g0u0550,L3,2,1,1,-25109,1.04644e+08
C12_g0u0550,6,12,g0u0550,M4,3,2,0,-11151.6,1.04658e+08
C12_g0u0550,6,12,g0u0550,M5,3,2,1,-11150.4,1.04658e+08
C12_g0u0550,6,12,g0u0550,N6,4,3,0,-6271.16,1.04663e+08
C12_g0u0550,6,12,g0u0550,N7,4,3,1,-6270.91,1.04663e+08
C12_g0u0550,6,12,g0u0550,O8,5,4,0,-4013.29,1.04665e+08
C12_g0u0550,6,12,g0u0550,O9,5,4,1,-4013.21,1.04665e+08
C12_g0u0550,6,12,g0u0550,P10,6,5,0,-2786.95,1.04666e+08
C12_g0u0550,6,12,g0u0550,P11,6,5,1,-2786.92,1.04666e+08
C12_g0u0550,6,12,g0u0550,Q12,7,6,0,-2047.54,1.04667e+08
C12_g0u0550,6,12,g0u0550,Q13,7,6,1,-2047.53,1.04667e+08
C12_g0u0550,6,12,g0u0550,R14,8,7,0,-1567.64,1.04667e+08
C12_g0u0550,6,12,g0u0550,R15,8,7,1,-1567.63,1.04667e+08
C12_g0u0600,6,12,g0u0600,K1,1,0,1,-100374,1.04569e+08
C12_g0u0600,6,12,g0u0600,L2,2,1,0,-25121.1,1.04644e+08
C12_g0u0600,6,12,g0u0600,L3,2,1,1,-25109,1.04644e+08
C12_g0u0600,6,12,g0u0600,M4,3,2,0,-11151.6,1.04658e+08
C12_g0u0600,6,12,g0u0600,M5,3,2,1,-11150.4,1.04658e+08
C12_g0u0600,6,12,g0u0600,N6,4,3,0,-6271.16,1.04663e+08
C12_g0u0600,6,12,g0u0600,N7,4,3,1,-6270.91,1.04663e+08
C12_g0u0600,6,12,g0u0600,O8,5,4,0,-4013.29,1.04665e+08
C12_g0u0600,6,12,g0u0600,O9,5,4,1,-4013.21,1.04665e+08
C12_g0u0600,6,12,g0u0600,P10,6,5,0,-2786.95,1.04666e+08
C12_g0u0600,6,12,g0u0600,P11,6,5,1,-2786.92,1.04666e+08
C12_g0u0600,6,12,g0u0600,Q12,7,6,0,-2047.54,1.04667e+08
C12_g0u0600,6,12,g0u0600,Q13,7,6,1,-2047.53,1.04667e+08
C12_g0u0600,6,12,g0u0600,R14,8,7,0,-1567.64,1.04667e+08
C12_g0u0600,6,12,g0u0600,R15,8,7,1,-1567.63,1.04667e+08
C12_g0u0700,6,12,g0u0700,K1,1,0,1,-100374,1.04569e+08
C12_g0u0700,6,12,g0u0700,L2,2,1,0,-25121.1,1.04644e+08
C12_g0u0700,6,12,g0u0700,L3,2,1,1,-25109,1.04644e+08
C12_g0u0700,6,12,g0u0700,M4,3,2,0,-11151.6,1.04658e+08
C12_g0u0700,6,12,g0u0700,M5,3,2,1,-11150.4,1.04658e+08
C12_g0u0700,6,12,g0u0700,N6,4,3,0,-6271.16,1.04663e+08
C12_g0u0700,6,12,g0u0700,N7,4,3,1,-6270.91,1.04663e+08
C12_g0u0700,6,12,g0u0700,O8,5,4,0,-4013.29,1.04665e+08
C12_g0u0700,6,12,g0u0700,O9,5,4,1,-4013.21,1.04665e+08
C12_g0u0700,6,12,g0u0700,P10,6,5,0,-2786.95,1.04666e+08
C12_g0u0700,6,12,g0u0700,P11,6,5,1,-2786.92,1.04666e+08
C12_g0u0700,6,12,g0u0700,Q12,7,6,0,-2047.54,1.04667e+08
C12_g0u0700,6,12,g0u0700,Q13,7,6,1,-2047.53,1.04667e+08
C12_g0u0700,6,12,g0u0700,R14,8,7,0,-1567.64,1.04667e+08
C12_g0u0700,6,12,g0u0700,R15,8,7,1,-1567.63,1.04667e+08
C12_g0u0800,6,12,g0u0800,K1,1,0,1,-100374,1.04569e+08
C12_g0u0800,6,12,g0u0800,L2,2,1,0,-25121.1,1.04644e+08
C12_g0u0800,6,12,g0u0800,L3,2,1,1,-25109,1.04644e+08
C12_g0u0800,6,12,g0u0800,M4,3,2,0,-11151.6,1.04658e+08
C12_g0u0800,6,12,g0u0800,M5,3,2,1,-11150.4,1.04658e+08
C12_g0u0800,6,12,g0u0800,N6,4,3,0,-6271.16,1.04663e+08
C12_g0u0800,6,12,g0u0800,N7,4,3,1,-6270.91,1.04663e+08
C12_g0u0800,6,12,g0u0800,O8,5,4,0,-4013.29,1.04665e+08
C12_g0u0800,6,12,g0u0800,O9,5,4,1,-4013.21,1.04665e+08
C12_g0u0800,6,12,g0u0800,P10,6,5,0,-2786.95,1.04666e+08
C12_g0u0800,6,12,g0u0800,P11,6,5,1,-2786.92,1.04666e+08
C12_g0u0800,6,12,g0u0800,Q12,7,6,0,-2047.54,1.04667e+08
C12_g0u0800,6,12,g0u0800,Q13,7,6,1,-2047.53,1.04667e+08
C12_g0u0800,6,12,g0u0800,R14,8,7,0,-1567.64,1.04667e+08
C12_g0u0800,6,12,g0u0800,R15,8,7,1,-1567.63,1.04667e+08
C12_g0u0900,6,12,g0u0900,K1,1,0,1,-100374,1.04569e+08
C12_g0u0900,6,12,g0u0900,L2,2,1,0,-25121.1,1.04644e+08
C12_g0u0900,6,12,g0u0900,L3,2,1,1,-25109,1.04644e+08
C12_g0u0900,6,12,g0u0900,M4,3,2,0,-11151.6,1.04658e+08
C12_g0u0900,6,12,g0u0900,M5,3,2,1,-11150.4,1.04658e+08
C12_g0u0900,6,12,g0u0900,N6,4,3,0,-6271.16,1.04663e+08
C12_g0u0900,6,12,g0u0900,N7,4,3,1,-6270.91,1.04663e+08
C12_g0u0900,6,12,g0u0900,O8,5,4,0,-4013.29,1.04665e+08
C12_g0u0900,6,12,g0u0900,O9,5,4,1,-4013.21,1.04665e+08
C12_g0u0900,6,12,g0u0900,P10,6,5,0,-2786.95,1.04666e+08
C12_g0u0900,6,12,g0u0900,P11,6,5,1,-2786.92,1.04666e+08
C12_g0u0900,6,12,g0u0900,Q12,7,6,0,-2047.54,1.04667e+08
C12_g0u0900,6,12,g0u0900,Q13,7,6,1,-2047.53,1.04667e+08
C12_g0u0900,6,12,g0u0900,R14,8,7,0,-1567.64,1.04667e+08
C12_g0u0900,6,12,g0u0900,R15,8,7,1,-1567.63,1.04667e+08
C12_g0u1000,6,12,g0u1000,K1,1,0,1,-100374,1.04569e+08
C12_g0u1000,6,12,g0u1000,L2,2,1,0,-25121.1,1.04644e+08
C12_g0u1000,6,12,g0u1000,L3,2,1,1,-25109,1.04644e+08
C12_g0u1000,6,12,g0u1000,M4,3,2,0,-11151.6,1.04658e+08
C12_g0u1000,6,12,g0u1000,M5,3,2,1,-11150.4,1.04658e+08
C12_g0u1000,6,12,g0u1000,N6,4,3,0,-6271.16,1.04663e+08
C12_g0u1000,6,12,g0u1000,N7,4,3,1,-6270.91,1.04663e+08
C12_g0u1000,6,12,g0u1000,O8,5,4,0,-4013.29,1.04665e+08
C12_g0u1000,6,12,g0u1000,O9,5,4,1,-4013.21,1.04665e+08
C12_g0u1000,6,12,g0u1000,P10,6,5,0,-2786.95,1.04666e+08
C12_g0u1000,6,12,g0u1000,P11,6,5,1,-2786.92,1.04666e+08
C12_g0u1000,6,12,g0u1000,Q12,7,6,0,-2047.54,1.04667e+08
C12_g0u1000,6,12,g0u1000,Q13,7,6,1,-2047.53,1.04667e+08
C12_g0u1000,6,12,g0u1000,R14,8,7,0,-1567.64,1.04667e+08
C12_g0u1000,6,12,g0u1000,R15,8,7,1,-1567.63,1.04667e+08
C12_g0u1100,6,12,g0u1100,K1,1,0,1,-100374,1.04569e+08
C12_g0u1100,6,12,g0u1100,L2,2,1,0,-25121.1,1.04644e+08
C12_g0u1100,6,12,g0u1100,L3,2,1,1,-25109,1.04644e+08
C12_g0u1100,6,12,g0u1100,M4,3,2,0,-11151.6,1.04658e+08
C12_g0u1100,6,12,g0u1100,M5,3,2,1,-11150.4,1.04658e+08
C12_g0u1100,6,12,g0u1100,N6,4,3,0,-6271.16,1.04663e+08
C12_g0u1100,6,12,g0u1100,N7,4,3,1,-6270.91,1.04663e+08
C12_g0u1100,6,12,g0u1100,O8,5,4,0,-4013.29,1.04665e+08
C12_g0u1100,6,12,g0u1100,O9,5,4,1,-4013.21,1.04665e+08
C12_g0u1100,6,12,g0u1100,P10,6,5,0,-2786.95,1.04666e+08
C12_g0u1100,6,12,g0u1100,P11,6,5,1,-2786.92,1.04666e+08
C12_g0u1100,6,12,g0u1100,Q12,7,6,0,-2047.54,1.04667e+08
C12_g0u1100,6,12,g0u1100,Q13,7,6,1,-2047.53,1.04667e+08
C12_g0u1100,6,12,g0u1100,R14,8,7,0,-1567.64,1.04667e+08
C12_g0u1100,6,12,g0u1100,R15,8,7,1,-1567.63,1.04667e+08
C12_g0u1200,6,12,g0u1200,K1,1,0,1,-100374,1.04569e+08
C12_g0u1200,6,12,g0u1200,L2,2,1,0,-25121.1,1.04644e+08
C12_g0u1200,6,12,g0u1200,L3,2,1,1,-25109,1.04644e+08
C12_g0u1200,6,12,g0u1200,M4,3,2,0,-11151.6,1.04658e+08
C12_g0u1200,6,12,g0u1200,M5,3,2,1,-11150.4,1.04658e+08
C12_g0u1200,6,12,g0u1200,N6,4,3,0,-6271.16,1.04663e+08
C12_g0u1200,6,12,g0u1200,N7,4,3,1,-6270.91,1.04663e+08
C12_g0u1200,6,12,g0u1200,O8,5,4,0,-4013.29,1.04665e+08
C12_g0u1200,6,12,g0u1200,O9,5,4,1,-4013.21,1.04665e+08
C12_g0u1200,6,12,g0u1200,P10,6,5,0,-2786.95,1.04666e+08
C12_g0u1200,6,12,g0u1200,P11,6,5,1,-2786.92,1.04666e+08
C12_g0u1200,6,12,g0u1200,Q12,7,6,0,-2047.54,1.04667e+08
C12_g0u1200,6,12,g0u1200,Q13,7,6,1,-2047.53,1.04667e+08
C12_g0u1200,6,12,g0u1200,R14,8,7,0,-1567.64,1.04667e+08
C12_g0u1200,6,12,g0u1200,R15,8,7,1,-1567.63,1.04667e+08
C12_g0u1300,6,12,g0u1300,K1,1,0,1,-100374,1.04569e+08
C12_g0u1300,6,12,g0u1300,L2,2,1,0,-25121.1,1.04644e+08
C12_g0u1300,6,12,g0u1300,L3,2,1,1,-25109,1.04644e+08
C12_g0u1300,6,12,g0u1300,M4,3,2,0,-11151.6,1.04658e+08
C12_g0u1300,6,12,g0u1300,M5,3,2,1,-11150.4,1.04658e+08
C12_g0u1300,6,12,g0u1300,N6,4,3,0,-6271.16,1.04663e+08
C12_g0u1300,6,12,g0u1300,N7,4,3,1,-6270.91,1.04663e+08
C12_g0u1300,6,12,g0u1300,O8,5,4,0,-4013.29,1.04665e+08
C12_g0u1300,6,12,g0u1300,O9,5,4,1,-4013.21,1.04665e+08
C12_g0u1300,6,12,g0u1300,P10,6,5,0,-2786.95,1.04666e+08
C12_g0u1300,6,12,g0u1300,P11,6,5,1,-2786.92,1.04666e+08
C12_g0u1300,6,12,g0u1300,Q12,7,6,0,-2047.54,1.04667e+08
C12_g0u1300,6,12,g0u1300,Q13,7,6,1,-2047.53,1.04667e+08
C12_g0u1300,6,12,g0u1300,R14,8,7,0,-1567.64,1.04667e+08
C12_g0u1300,6,12,g0u1300,R15,8,7,1,-1567.63,1.04667e+08
C12_g0u1400,6,12,g0u1400,K1,1,0,1,-100374,1.04569e+08
C12_g0u1400,6,12,g0u1400,L2,2,1,0,-25121.1,1.04644e+08
C12_g0u1400,6,12,g0u1400,L3,2,1,1,-25109,1.04644e+08
C12_g0u1400,6,12,g0u1400,M4,3,2,0,-11151.6,1.04658e+08
C12_g0u1400,6,12,g0u1400,M5,3,2,1,-11150.4,1.04658e+08
C12_g0u1400,6,12,g0u1400,N6,4,3,0,-6271.16,1.04663e+08
C12_g0u1400,6,12,g0u1400,N7,4,3,1,-6270.91,1.04663e+08
C12_g0u1400,6,12,g0u1400,O8,5,4,0,-4013.29,1.04665e+08
C12_g0u1400,6,12,g0u1400,O9,5,4,1,-4013.21,1.04665e+08
C12_g0u1400,6,12,g0u1400,P10,6,5,0,-2786.95,1.04666e+08
C12_g0u1400,6,12,g0u1400,P11,6,5,1,-2786.92,1.04666e+08
C12_g0u1400,6,12,g0u1400,Q12,7,6,0,-2047.54,1.04667e+08
C12_g0u1400,6,12,g0u1400,Q13,7,6,1,-2047.53,1.04667e+08
C12_g0u1400,6,12,g0u1400,R14,8,7,0,-1567.64,1.04667e+08
C12_g0u1400,6,12,g0u1400,R15,8,7,1,-1567.63,1.04667e+08
C12_g0u1500,6,12,g0u1500,K1,1,0,1,-100374,1.04569e+08
C12_g0u1500,6,12,g0u1500,L2,2,1,0,-25121.1,1.04644e+08
C12_g0u1500,6,12,g0u1500,L3,2,1,1,-25109,1.04644e+08
C12_g0u1500,6,12,g0u1500,M4,3,2,0,-11151.6,1.04658e+08
C12_g0u1500,6,12,g0u1500,M5,3,2,1,-11150.4,1.04658e+08
C12_g0u1500,6,12,g0u1500,N6,4,3,0,-6271.16,1.04663e+08
C12_g0u1500,6,12,g0u1500,N7,4,3,1,-6270.91,1.04663e+08
C12_g0u1500,6,12,g0u1500,O8,5,4,0,-4013.29,1.04665e+08
C12_g0u1500,6,12,g0u1500,O9,5,4,1,-4013.21,1.04665e+08
C12_g0u1500,6,12,g0u1500,P10,6,5,0,-2786.95,1.04666e+08
C12_g0u1500,6,12,g0u1500,P11,6,5,1,-2786.92,1.04666e+08
C12_g0u1500,6,12,g0u1500,Q12,7,6,0,-2047.54,1.04667e+08
C12_g0u1500,6,12,g0u1500,Q13,7,6,1,-2047.53,1.04667e+08
C12_g0u1500,6,12,g0u1500,R14,8,7,0,-1567.64,1.04667e+08
C12_g0u1500,6,12,g0u1500,R15,8,7,1,-1567.63,1.04667e+08
C12_g0u1600,6,12,g0u1600,K1,1,0,1,-100374,1.04569e+08
C12_g0u1600,6,12,g0u1600,L2,2,1,0,-25121.1,1.04644e+08
C12_g0u1600,6,12,g0u1600,L3,2,1,1,-25109,1.04644e+08
C12_g0u1600,6,12,g0u1600,M4,3,2,0,-11151.6,1.04658e+08
C12_g0u1600,6,12,g0u1600,M5,3,2,1,-11150.4,1.04658e+08
C12_g0u1600,6,12,g0u1600,N6,4,3,0,-6271.16,1.04663e+08
C12_g0u1600,6,12,g0u1600,N7,4,3,1,-6270.91,1.04663e+08
C12_g0u1600,6,12,g0u1600,O8,5,4,0,-4013.29,1.04665e+08
C12_g0u1600,6,12,g0u1600,O9,5,4,1,-4013.21,1.04665e+08
C12_g0u1600,6,12,g0u1600,P10,6,5,0,-2786.95,1.04666e+08
C12_g0u1600,6,12,g0u1600,P11,6,5,1,-2786.92,1.04666e+08
C12_g0u1600,6,12,g0u1600,Q12,7,6,0,-2047.54,1.04667e+08
C12_g0u1600,6,12,g0u1600,Q13,7,6,1,-2047.53,1.04667e+08
C12_g0u1600,6,12,g0u1600,R14,8,7,0,-1567.64,1.04667e+08
C12_g0u1600,6,12,g0u1600,R15,8,7,1,-1567.63,1.04667e+08
C12_g0u1700,6,12,g0u1700,K1,1,0,1,-100374,1.04569e+08
C12_g0u1700,6,12,g0u1700,L2,2,1,0,-25121.1,1.04644e+08
C12_g0u1700,6,12,g0u1700,L3,2,1,1,-25109,1.04644e+08
C12_g0u1700,6,12,g0u1700,M4,3,2,0,-11151.6,1.04658e+08
C12_g0u1700,6,12,g0u1700,M5,3,2,1,-11150.4,1.04658e+08
C12_g0u1700,6,12,g0u1700,N6,4,3,0,-6271.16,1.04663e+08
C12_g0u1700,6,12,g0u1700,N7,4,3,1,-6270.91,1.04663e+08
C12_g0u1700,6,12,g0u1700,O8,5,4,0,-4013.29,1.04665e+08
C12_g0u1700,6,12,g0u1700,O9,5,4,1,-4013.21,1.04665e+08
C12_g0u1700,6,12,g0u1700,P10,6,5,0,-2786.95,1.04666e+08
C12_g0u1700,6,12,g0u1700,P11,6,5,1,-2786.92,1.04666e+08
C12_g0u1700,6,12,g0u1700,Q12,7,6,0,-2047.54,1.04667e+08
C12_g0u1700,6,12,g0u1700,Q13,7,6,1,-2047.53,1.04667e+08
C12_g0u1700,6,12,g0u1700,R14,8,7,0,-1567.64,1.04667e+08
C12_g0u1700,6,12,g0u1700,R15,8,7,1,-1567.63,1.04667e+08
C12_g0u1800,6,12,g0u1800,K1,1,0,1,-100374,1.04569e+08
C12_g0u1800,6,12,g0u1800,L2,2,1,0,-25121.1,1.04644e+08
C12_g0u1800,6,12,g0u1800,L3,2,1,1,-25109,1.04644e+08
C12_g0u1800,6,12,g0u1800,M4,3,2,0,-11151.6,1.04658e+08
C12_g0u1800,6,12,g0u1800,M5,3,2,1,-11150.4,1.04658e+08
C12_g0u1800,6,12,g0u1800,N6,4,3,0,-6271.16,1.04663e+08
C12_g0u1800,6,12,g0u1800,N7,4,3,1,-6270.91,1.04663e+08
C12_g0u1800,6,12,g0u1800,O8,5,4,0,-4013.29,1.04665e+08
C12_g0u1800,6,12,g0u1800,O9,5,4,1,-4013.21,1.04665e+08
C12_g0u1800,6,12,g0u1800,P10,6,5,0,-2786.95,1.04666e+08
C12_g0u1800,6,12,g0u1800,P11,6,5,1,-2786.92,1.04666e+08
C12_g0u1800,6,12,g0u1800,Q12,7,6,0,-2047.54,1.04667e+08
C12_g0u1800,6,12,g0u1800,Q13,7,6,1,-2047.53,1.04667e+08
C12_g0u1800,6,12,g0u1800,R14,8,7,0,-1567.64,1.04667e+08
C12_g0u1800,6,12,g0u1800,R15,8,7,1,-1567.63,1.04667e+08
C12_g0u1900,6,12,g0u1900,K1,1,0,1,-100374,1.04569e+08
C12_g0u1900,6,12,g0u1900,L2,2,1,0,-25121.1,1.04644e+08
C12_g0u1900,6,12,g0u1900,L3,2,1,1,-25109,1.04644e+08
C12_g0u1900,6,12,g0u1900,M4,3,2,0,-11151.6,1.04658e+08
C12_g0u1900,6,12,g0u1900,M5,3,2,1,-11150.4,1.04658e+08
C12_g0u1900,6,12,g0u1900,N6,4,3,0,-6271.16,1.04663e+08
C12_g0u1900,6,12,g0u1900,N7,4,3,1,-6270.91,1.04663e+08
C12_g0u1900,6,12,g0u1900,O8,5,4,0,-4013.29,1.04665e+08
C12_g0u1900,6,12,g0u1900,O9,5,4,1,-4013.21,1.04665e+08
C12_g0u1900,6,12,g0u1900,P10,6,5,0,-2786.95,1.04666e+08
C12_g0u1900,6,12,g0u1900,P11,6,5,1,-2786.92,1.04666e+08
C12_g0u1900,6,12,g0u1900,Q12,7,6,0,-2047.54,1.04667e+08
C12_g0u1900,6,12,g0u1900,Q13,7,6,1,-2047.53,1.04667e+08
C12_g0u1900,6,12,g0u1900,R14,8,7,0,-1567.64,1.04667e+08
C12_g0u1900,6,12,g0u1900,R15,8,7,1,-1567.63,1.04667e+08
C12_g0u2000,6,12,g0u2000,K1,1,0,1,-100374,1.04569e+08
C12_g0u2000,6,12,g0u2000,L2,2,1,0,-25121.1,1.04644e+08
C12_g0u2000,6,12,g0u2000,L3,2,1,1,-25109,1.04644e+08
C12_g0u2000,6,12,g0u2000,M4,3,2,0,-11151.6,1.04658e+08
C12_g0u2000,6,12,g0u2000,M5,3,2,1,-11150.4,1.04658e+08
C12_g0u2000,6,12,g0u2000,N6,4,3,0,-6271.16,1.04663e+08
C12_g0u2000,6,12,g0u2000,N7,4,3,1,-6270.91,1.04663e+08
C12_g0u2000,6,12,g0u2000,O8,5,4,0,-4013.29,1.04665e+08
C12_g0u2000,6,12,g0u2000,O9,5,4,1,-4013.21,1.04665e+08
C12_g0u2000,6,12,g0u2000,P10,6,5,0,-2786.95,1.04666e+08
C12_g0u2000,6,12,g0u2000,P11,6,5,1,-2786.92,1.04666e+08
C12_g0u2000,6,12,g0u2000,Q12,7,6,0,-2047.54,1.04667e+08
C12_g0u2000,6,12,g0u2000,Q13,7,6,1,-2047.53,1.04667e+08
C12_g0u2000,6,12,g0u2000,R14,8,7,0,-1567.64,1.04667e+08
C12_g0u2000,6,12,g0u2000,R15,8,7,1,-1567.63,1.04667e+08
C12_g0u2100,6,12,g0u2100,K1,1,0,1,-100374,1.04569e+08
C12_g0u2100,6,12,g0u2100,L2,2,1,0,-25121.1,1.04644e+08
C12_g0u2100,6,12,g0u2100,L3,2,1,1,-25109,1.04644e+08
C12_g0u2100,6,12,g0u2100,M4,3,2,0,-11151.6,1.04658e+08
C12_g0u2100,6,12,g0u2100,M5,3,2,1,-11150.4,1.04658e+08
C12_g0u2100,6,12,g0u2100,N6,4,3,0,-6271.16,1.04663e+08
C12_g0u2100,6,12,g0u2100,N7,4,3,1,-6270.91,1.04663e+08
C12_g0u2100,6,12,g0u2100,O8,5,4,0,-4013.29,1.04665e+08
C12_g0u2100,6,12,g0u2100,O9,5,4,1,-4013.21,1.04665e+08
C12_g0u2100,6,12,g0u2100,P10,6,5,0,-2786.95,1.04666e+08
C12_g0u2100,6,12,g0u2100,P11,6,5,1,-2786.92,1.04666e+08
C12_g0u2100,6,12,g0u2100,Q12,7,6,0,-2047.54,1.04667e+08
C12_g0u2100,6,12,g0u2100,Q13,7,6,1,-2047.53,1.04667e+08
C12_g0u2100,6,12,g0u2100,R14,8,7,0,-1567.64,1.04667e+08
C12_g0u2100,6,12,g0u2100,R15,8,7,1,-1567.63,1.04667e+08
C12_g0u2200,6,12,g0u2200,K1,1,0,1,-100374,1.04569e+08
C12_g0u2200,6,12,g0u2200,L2,2,1,0,-25121.1,1.04644e+08
C12_g0u2200,6,12,g0u2200,L3,2,1,1,-25109,1.04644e+08
C12_g0u2200,6,12,g0u2200,M4,3,2,0,-11151.6,1.04658e+08
C12_g0u2200,6,12,g0u2200,M5,3,2,1,-11150.4,1.04658e+08
C12_g0u2200,6,12,g0u2200,N6,4,3,0,-6271.16,1.04663e+08
C12_g0u2200,6,12,g0u2200,N7,4,3,1,-6270.91,1.04663e+08
C12_g0u2200,6,12,g0u2200,O8,5,4,0,-4013.29,1.04665e+08
C12_g0u2200,6,12,g0u2200,O9,5,4,1,-4013.21,1.04665e+08
C12_g0u2200,6,12,g0u2200,P10,6,5,0,-2786.95,1.04666e+08
C12_g0u2200,6,12,g0u2200,P11,6,5,1,-2786.92,1.04666e+08
C12_g0u2200,6,12,g0u2200,Q12,7,6,0,-2047.54,1.04667e+08
C12_g0u2200,6,12,g0u2200,Q13,7,6,1,-2047.53,1.04667e+08
C12_g0u2200,6,12,g0u2200,R14,8,7,0,-1567.64,1.04667e+08
C12_g0u2200,6,12,g0u2200,R15,8,7,1,-1567.63,1.04667e+08
C12_g0u2300,6,12,g0u2300,K1,1,0,1,-100374,1.04569e+08
C12_g0u2300,6,12,g0u2300,L2,2,1,0,-25121.1,1.04644e+08
C12_g0u2300,6,12,g0u2300,L3,2,1,1,-25109,1.04644e+08
C12_g0u2300,6,12,g0u2300,M4,3,2,0,-11151.6,1.04658e+08
C12_g0u2300,6,12,g0u2300,M5,3,2,1,-11150.4,1.04658e+08
C12_g0u2300,6,12,g0u2300,N6,4,3,0,-6271.16,1.04663e+08
C12_g0u2300,6,12,g0u2300,N7,4,3,1,-6270.91,1.04663e+08
C12_g0u2300,6,12,g0u2300,O8,5,4,0,-4013.29,1.04665e+08
C12_g0u2300,6,12,g0u2300,O9,5,4,1,-4013.21,1.04665e+08
C12_g0u2300,6,12,g0u2300,P10,6,5,0,-2786.95,1.04666e+08
C12_g0u2300,6,12,g0u2300,P11,6,5,1,-2786.92,1.04666e+08
C12_g0u2300,6,12,g0u2300,Q12,7,6,0,-2047.54,1.04667e+08
C12_g0u2300,6,12,g0u2300,Q13,7,6,1,-2047.53,1.04667e+08
C12_g0u2300,6,12,g0u2300,R14,8,7,0,-1567.64,1.04667e+08
C12_g0u2300,6,12,g0u2300,R15,8,7,1,-1567.63,1.04667e+08
C12_g0u2400,6,12,g0u2400,K1,1,0,1,-100374,1.04569e+08
C12_g0u2400,6,12,g0u2400,L2,2,1,0,-25121.1,1.04644e+08
C12_g0u2400,6,12,g0u2400,L3,2,1,1,-25109,1.04644e+08
C12_g0u2400,6,12,g0u2400,M4,3,2,0,-11151.6,1.04658e+08
C12_g0u2400,6,12,g0u2400,M5,3,2,1,-11150.4,1.04658e+08
C12_g0u2400,6,12,g0u2400,N6,4,3,0,-6271.16,1.04663e+08
C12_g0u2400,6,12,g0u2400,N7,4,3,1,-6270.91,1.04663e+08
C12_g0u2400,6,12,g0u2400,O8,5,4,0,-4013.29,1.04665e+08
C12_g0u2400,6,12,g0u2400,O9,5,4,1,-4013.21,1.04665e+08
C12_g0u2400,6,12,g0u2400,P10,6,5,0,-2786.95,1.04666e+08
C12_g0u2400,6,12,g0u2400,P11,6,5,1,-2786.92,1.04666e+08
C12_g0u2400,6,12,g0u2400,Q12,7,6,0,-2047.54,1.04667e+08
C12_g0u2400,6,12,g0u2400,Q13,7,6,1,-2047.53,1.04667e+08
C12_g0u2400,6,12,g0u2400,R14,8,7,0,-1567.64,1.04667e+08
C12_g0u2400,6,12,g0u2400,R15,8,7,1,-1567.63,1.04667e+08
C12_g2u1000,6,12,g2u1000,K1,1,0,1,-100374,1.04569e+08
C12_g2u1000,6,12,g2u1000,L2,2,1,0,-25121.1,1.04644e+08
C12_g2u1000,6,12,g2u1000,L3,2,1,1,-25109,1.04644e+08
C12_g2u1000,6,12,g2u1000,M4,3,2,0,-11151.6,1.04658e+08
C12_g2u1000,6,12,g2u1000,M5,3,2,1,-11150.4,1.04658e+08
C12_g2u1000,6,12,g2u1000,N6,4,3,0,-6271.16,1.04663e+08
C12_g2u1000,6,12,g2u1000,N7,4,3,1,-6270.91,1.04663e+08
C12_g2u1000,6,12,g2u1000,O8,5,4,0,-4013.29,1.04665e+08
C12_g2u1000,6,12,g2u1000,O9,5,4,1,-4013.21,1.04665e+08
C12_g2u1000,6,12,g2u1000,P10,6,5,0,-2786.95,1.04666e+08
C12_g2u1000,6,12,g2u1000,P11,6,5,1,-2786.92,1.04666e+08
C12_g2u1000,6,12,g2u1000,Q12,7,6,0,-2047.54,1.04667e+08
C12_g2u1000,6,12,g2u1000,Q13,7,6,1,-2047.53,1.04667e+08
C12_g2u1000,6,12,g2u1000,R14,8,7,0,-1567.64,1.04667e+08
C12_g2u1000,6,12,g2u1000,R15,8,7,1,-1567.63,1.04667e+08
O16_g0u0050,8,16,g0u0050,K1,1,0,1,-178308,1.04736e+08
O16_g0u0050,8,16,g0u0050,L2,2,1,0,-44803.5,1.0487e+08
O16_g0u0050,8,16,g0u0050,L3,2,1,1,-44765.1,1.0487e+08
O16_g0u0050,8,16,g0u0050,M4,3,2,0,-19877.2,1.04894e+08
O16_g0u0050,8,16,g0u0050,M5,3,2,1,-19873.4,1.04894e+08
O16_g0u0050,8,16,g0u0050,N6,4,3,0,-11176,1.04903e+08
O16_g0u0050,8,16,g0u0050,N7,4,3,1,-11175.2,1.04903e+08
O16_g0u0050,8,16,g0u0050,O8,5,4,0,-7151.76,1.04907e+08
O16_g0u0050,8,16,g0u0050,O9,5,4,1,-7151.52,1.04907e+08
O16_g0u0050,8,16,g0u0050,P10,6,5,0,-4966.3,1.04909e+08
O16_g0u0050,8,16,g0u0050,P11,6,5,1,-4966.21,1.04909e+08
O16_g0u0050,8,16,g0u0050,Q12,7,6,0,-3648.65,1.04911e+08
O16_g0u0050,8,16,g0u0050,Q13,7,6,1,-3648.61,1.04911e+08
O16_g0u0050,8,16,g0u0050,R14,8,7,0,-2793.47,1.04912e+08
O16_g0u0050,8,16,g0u0050,R15,8,7,1,-2793.45,1.04912e+08
O16_g0u0100,8,16,g0u0100,K1,1,0,1,-178310,1.04736e+08
O16_g0u0100,8,16,g0u0100,L2,2,1,0,-44803.5,1.0487e+08
O16_g0u0100,8,16,g0u0100,L3,2,1,1,-44765.2,1.0487e+08
O16_g0u0100,8,16,g0u0100,M4,3,2,0,-19877.2,1.04894e+08
O16_g0u0100,8,16,g0u0100,M5,3,2,1,-19873.5,1.04894e+08
O16_g0u0100,8,16,g0u0100,N6,4,3,0,-11176,1.04903e+08
O16_g0u0100,8,16,g0u0100,N7,4,3,1,-11175.2,1.04903e+08
O16_g0u0100,8,16,g0u0100,O8,5,4,0,-7151.76,1.04907e+08
O16_g0u0100,8,16,g0u0100,O9,5,4,1,-7151.52,1.04907e+08
O16_g0u0100,8,16,g0u0100,P10,6,5,0,-4966.3,1.04909e+08
O16_g0u0100,8,16,g0u0100,P11,6,5,1,-4966.21,1.04909e+08
O16_g0u0100,8,16,g0u0100,Q12,7,6,0,-3648.65,1.04911e+08
O16_g0u0100,8,16,g0u0100,Q13,7,6,1,-3648.61,1.04911e+08
O16_g0u0100,8,16,g0u0100,R14,8,7,0,-2793.47,1.04912e+08
O16_g0u0100,8,16,g0u0100,R15,8,7,1,-2793.45,1.04912e+08
O16_g0u0150,8,16,g0u0150,K1,1,0,1,-178311,1.04736e+08
O16_g0u0150,8,16,g0u0150,L2,2,1,0,-44803.5,1.0487e+08
O16_g0u0150,8,16,g0u0150,L3,2,1,1,-44765.2,1.0487e+08
O16_g0u0150,8,16,g0u0150,M4,3,2,0,-19877.2,1.04894e+08
O16_g0u0150,8,16,g0u0150,M5,3,2,1,-19873.5,1.04894e+08
O16_g0u0150,8,16,g0u0150,N6,4,3,0,-11176,1.04903e+08
O16_g0u0150,8,16,g0u0150,N7,4,3,1,-11175.2,1.04903e+08
O16_g0u0150,8,16,g0u0150,O8,5,4,0,-7151.76,1.04907e+08
O16_g0u0150,8,16,g0u0150,O9,5,4,1,-7151.52,1.04907e+08
O16_g0u0150,8,16,g0u0150,P10,6,5,0,-4966.3,1.04909e+08
O16_g0u0150,8,16,g0u0150,P11,6,5,1,-4966.21,1.04909e+08
O16_g0u0150,8,16,g0u0150,Q12,7,6,0,-3648.65,1.04911e+08
O16_g0u0150,8,16,g0u0150,Q13,7,6,1,-3648.61,1.04911e+08
O16_g0u0150,8,16,g0u0150,R14,8,7,0,-2793.47,1.04912e+08
O16_g0u0150,8,16,g0u0150,R15,8,7,1,-2793.45,1.04912e+08
O16_g0u0200,8,16,g0u0200,K1,1,0,1,-178311,1.04736e+08
O16_g0u0200,8,16,g0u0200,L2,2,1,0,-44803.5,1.0487e+08
O16_g0u0200,8,16,g0u0200,L3,2,1,1,-44765.2,1.0487e+08
O16_g0u0200,8,16,g0u0200,M4,3,2,0,-19877.2,1.04894e+08
O16_g0u0200,8,16,g0u0200,M5,3,2,1,-19873.5,1.04894e+08
O16_g0u0200,8,16,g0u0200,N6,4,3,0,-11176,1.04903e+08
O16_g0u0200,8,16,g0u0200,N7,4,3,1,-11175.2,1.04903e+08
O16_g0u0200,8,16,g0u0200,O8,5,4,0,-7151.76,1.04907e+08
O16_g0u0200,8,16,g0u0200,O9,5,4,1,-7151.52,1.04907e+08
O16_g0u0200,8,16,g0u0200,P10,6,5,0,-4966.3,1.04909e+08
O16_g0u0200,8,16,g0u0200,P11,6,5,1,-4966.21,1.04909e+08
O16_g0u0200,8,16,g0u0200,Q12,7,6,0,-3648.65,1.04911e+08
O16_g0u0200,8,16,g0u0200,Q13,7,6,1,-3648.61,1.04911e+08
O16_g0u0200,8,16,g0u0200,R14,8,7,0,-2793.47,1.04912e+08
O16_g0u0200,8,16,g0u0200,R15,8,7,1,-2793.45,1.04912e+08
O16_g0u0250,8,16,g0u0250,K1,1,0,1,-178311,1.04736e+08
O16_g0u0250,8,16,g0u0250,L2,2,1,0,-44803.5,1.0487e+08
O16_g0u0250,8,16,g0u0250,L3,2,1,1,-44765.2,1.0487e+08
O16_g0u0250,8,16,g0u0250,M4,3,2,0,-19877.2,1.04894e+08
O16_g0u0250,8,16,g0u0250,M5,3,2,1,-19873.5,1.04894e+08
O16_g0u0250,8,16,g0u0250,N6,4,3,0,-11176,1.04903e+08
O16_g0u0250,8,16,g0u0250,N7,4,3,1,-11175.2,1.04903e+08
O16_g0u0250,8,16,g0u0250,O8,5,4,0,-7151.76,1.04907e+08
O16_g0u0250,8,16,g0u0250,O9,5,4,1,-7151.52,1.04907e+08
O16_g0u0250,8,16,g0u0250,P10,6,5,0,-4966.3,1.04909e+08
O16_g0u0250,8,16,g0u0250,P11,6,5,1,-4966.21,1.04909e+08
O16_g0u0250,8,16,g0u0250,Q12,7,6,0,-3648.65,1.04911e+08
O16_g0u0250,8,16,g0u0250,Q13,7,6,1,-3648.61,1.04911e+08
O16_g0u0250,8,16,g0u0250,R14,8,7,0,-2793.47,1.04912e+08
O16_g0u0250,8,16,g0u0250,R15,8,7,1,-2793.45,1.04912e+08
O16_g0u0300,8,16,g0u0300,K1,1,0,1,-178311,1.04736e+08
O16_g0u0300,8,16,g0u0300,L2,2,1,0,-44803.5,1.0487e+08
O16_g0u0300,8,16,g0u0300,L3,2,1,1,-44765.2,1.0487e+08
O16_g0u0300,8,16,g0u0300,M4,3,2,0,-19877.2,1.04894e+08
O16_g0u0300,8,16,g0u0300,M5,3,2,1,-19873.5,1.04894e+08
O16_g0u0300,8,16,g0u0300,N6,4,3,0,-11176,1.04903e+08
O16_g0u0300,8,16,g0u0300,N7,4,3,1,-11175.2,1.04903e+08
O16_g0u0300,8,16,g0u0300,O8,5,4,0,-7151.76,1.04907e+08
O16_g0u0300,8,16,g0u0300,O9,5,4,1,-7151.52,1.04907e+08
O16_g0u0300,8,16,g0u0300,P10,6,5,0,-4966.3,1.04909e+08
O16_g0u0300,8,16,g0u0300,P11,6,5,1,-4966.21,1.04909e+08
O16_g0u0300,8,16,g0u0300,Q12,7,6,0,-3648.65,1.04911e+08
O16_g0u0300,8,16,g0u0300,Q13,7,6,1,-3648.61,1.04911e+08
O16_g0u0300,8,16,g0u0300,R14,8,7,0,-2793.47,1.04912e+08
O16_g0u0300,8,16,g0u0300,R15,8,7,1,-2793.45,1.04912e+08
O16_g0u0350,8,16,g0u0350,K1,1,0,1,-178311,1.04736e+08
O16_g0u0350,8,16,g0u0350,L2,2,1,0,-44803.5,1.0487e+08
O16_g0u0350,8,16,g0u0350,L3,2,1,1,-44765.2,1.0487e+08
O16_g0u0350,8,16,g0u0350,M4,3,2,0,-19877.2,1.04894e+08
O16_g0u0350,8,16,g0u0350,M5,3,2,1,-19873.5,1.04894e+08
O16_g0u0350,8,16,g0u0350,N6,4,3,0,-11176,1.04903e+08
O16_g0u0350,8,16,g0u0350,N7,4,3,1,-11175.2,1.04903e+08
O16_g0u0350,8,16,g0u0350,O8,5,4,0,-7151.76,1.04907e+08
O16_g0u0350,8,16,g0u0350,O9,5,4,1,-7151.52,1.04907e+08
O16_g0u0350,8,16,g0u0350,P10,6,5,0,-4966.3,1.04909e+08
O16_g0u0350,8,16,g0u0350,P11,6,5,1,-4966.21,1.04909e+08
O16_g0u0350,8,16,g0u0350,Q12,7,6,0,-3648.65,1.04911e+08
O16_g0u0350,8,16,g0u0350,Q13,7,6,1,-3648.61,1.04911e+08
O16_g0u0350,8,16,g0u0350,R14,8,7,0,-2793.47,1.04912e+08
O16_g0u0350,8,16,g0u0350,R15,8,7,1,-2793.45,1.04912e+08
O16_g0u0400,8,16,g0u0400,K1,1,0,1,-178311,1.04736e+08
O16_g0u0400,8,16,g0u0400,L2,2,1,0,-44803.5,1.0487e+08
O16_g0u0400,8,16,g0u0400,L3,2,1,1,-44765.2,1.0487e+08
O16_g0u0400,8,16,g0u0400,M4,3,2,0,-19877.2,1.04894e+08
O16_g0u0400,8,16,g0u0400,M5,3,2,1,-19873.5,1.04894e+08
O16_g0u0400,8,16,g0u0400,N6,4,3,0,-11176,1.04903e+08
O16_g0u0400,8,16,g0u0400,N7,4,3,1,-11175.2,1.04903e+08
O16_g0u0400,8,16,g0u0400,O8,5,4,0,-7151.76,1.04907e+08
O16_g0u0400,8,16,g0u0400,O9,5,4,1,-7151.52,1.04907e+08
O16_g0u0400,8,16,g0u0400,P10,6,5,0,-4966.3,1.04909e+08
O16_g0u0400,8,16,g0u0400,P11,6,5,1,-4966.21,1.04909e+08
O16_g0u0400,8,16,g0u0400,Q12,7,6,0,-3648.65,1.04911e+08
O16_g0u0400,8,16,g0u0400,Q13,7,6,1,-3648.61,1.04911e+08
O16_g0u0400,8,16,g0u0400,R14,8,7,0,-2793.47,1.04912e+08
O16_g0u0400,8,16,g0u0400,R15,8,7,1,-2793.45,1.04912e+08
O16_g0u0450,8,16,g0u0450,K1,1,0,1,-178311,1.04736e+08
O16_g0u0450,8,16,g0u0450,L2,2,1,0,-44803.6,1.0487e+08
O16_g0u0450,8,16,g0u0450,L3,2,1,1,-44765.2,1.0487e+08
O16_g0u0450,8,16,g0u0450,M4,3,2,0,-19877.2,1.04894e+08
O16_g0u0450,8,16,g0u0450,M5,3,2,1,-19873.5,1.04894e+08
O16_g0u0450,8,16,g0u0450,N6,4,3,0,-11176,1.04903e+08
O16_g0u0450,8,16,g0u0450,N7,4,3,1,-11175.2,1.04903e+08
O16_g0u0450,8,16,g0u0450,O8,5,4,0,-7151.76,1.04907e+08
O16_g0u0450,8,16,g0u0450,O9,5,4,1,-7151.52,1.04907e+08
O16_g0u0450,8,16,g0u0450,P10,6,5,0,-4966.3,1.04909e+08
O16_g0u0450,8,16,g0u0450,P11,6,5,1,-4966.21,1.04909e+08
O16_g0u0450,8,16,g0u0450,Q12,7,6,0,-3648.65,1.04911e+08
O16_g0u0450,8,16,g0u0450,Q13,7,6,1,-3648.61,1.04911e+08
O16_g0u0450,8,16,g0u0450,R14,8,7,0,-2793.47,1.04912e+08
O16_g0u0450,8,16,g0u0450,R15,8,7,1,-2793.45,1.04912e+08
O16_g0u0500,8,16,g0u0500,K1,1,0,1,-178311,1.04736e+08
O16_g0u0500,8,16,g0u0500,L2,2,1,0,-44803.6,1.0487e+08
O16_g0u0500,8,16,g0u0500,L3,2,1,1,-44765.2,1.0487e+08
O16_g0u0500,8,16,g0u0500,M4,3,2,0,-19877.2,1.04894e+08
O16_g0u0500,8,16,g0u0500,M5,3,2,1,-19873.5,1.04894e+08
O16_g0u0500,8,16,g0u0500,N6,4,3,0,-11176,1.04903e+08
O16_g0u0500,8,16,g0u0500,N7,4,3,1,-11175.2,1.04903e+08
O16_g0u0500,8,16,g0u0500,O8,5,4,0,-7151.76,1.04907e+08
O16_g0u0500,8,16,g0u0500,O9,5,4,1,-7151.52,1.04907e+08
O16_g0u0500,8,16,g0u0500,P10,6,5,0,-4966.3,1.04909e+08
O16_g0u0500,8,16,g0u0500,P11,6,5,1,-4966.21,1.04909e+08
O16_g0u0500,8,16,g0u0500,Q12,7,6,0,-3648.65,1.04911e+08
O16_g0u0500,8,16,g0u0500,Q13,7,6,1,-3648.61,1.04911e+08
O16_g0u0500,8,16,g0u0500,R14,8,7,0,-2793.47,1.04912e+08
O16_g0u0500,8,16,g0u0500,R15,8,7,1,-2793.45,1.04912e+08
O16_g0u0550,8,16,g0u0550,K1,1,0,1,-178311,1.04736e+08
O16_g0u0550,8,16,g0u0550,L2,2,1,0,-44803.6,1.0487e+08
O16_g0u0550,8,16,g0u0550,L3,2,1,1,-44765.2,1.0487e+08
O16_g0u0550,8,16,g0u0550,M4,3,2,0,-19877.2,1.04894e+08
O16_g0u0550,8,16,g0u0550,M5,3,2,1,-19873.5,1.04894e+08
O16_g0u0550,8,16,g0u0550,N6,4,3,0,-11176,1.04903e+08
O16_g0u0550,8,16,g0u0550,N7,4,3,1,-11175.2,1.04903e+08
O16_g0u0550,8,16,g0u0550,O8,5,4,0,-7151.76,1.04907e+08
O16_g0u0550,8,16,g0u0550,O9,5,4,1,-7151.52,1.04907e+08
O16_g0u0550,8,16,g0u0550,P10,6,5,0,-4966.3,1.04909e+08
O16_g0u0550,8,16,g0u0550,P11,6,5,1,-4966.21,1.04909e+08
O16_g0u0550,8,16,g0u0550,Q12,7,6,0,-3648.65,1.04911e+08
O16_g0u0550,8,16,g0u0550,Q13,7,6,1,-3648.61,1.04911e+08
O16_g0u0550,8,16,g0u0550,R14,8,7,0,-2793.47,1.04912e+08
O16_g0u0550,8,16,g0u0550,R15,8,7,1,-2793.45,1.04912e+08
O16_g0u0600,8,16,g0u0600,K1,1,0,1,-178311,1.04736e+08
O16_g0u0600,8,16,g0u0600,L2,2,1,0,-44803.6,1.0487e+08
O16_g0u0600,8,16,g0u0600,L3,2,1,1,-44765.2,1.0487e+08
O16_g0u0600,8,16,g0u0600,M4,3,2,0,-19877.2,1.04894e+08
O16_g0u0600,8,16,g0u0600,M5,3,2,1,-19873.5,1.04894e+08
O16_g0u0600,8,16,g0u0600,N6,4,3,0,-11176,1.04903e+08
O16_g0u0600,8,16,g0u0600,N7,4,3,1,-11175.2,1.04903e+08
O16_g0u0600,8,16,g0u0600,O8,5,4,0,-7151.76,1.04907e+08
O16_g0u0600,8,16,g0u0600,O9,5,4,1,-7151.52,1.04907e+08
O16_g0u0600,8,16,g0u0600,P10,6,5,0,-4966.3,1.04909e+08
O16_g0u0600,8,16,g0u0600,P11,6,5,1,-4966.21,1.04909e+08
O16_g0u0600,8,16,g0u0600,Q12,7,6,0,-3648.65,1.04911e+08
O16_g0u0600,8,16,g0u0600,Q13,7,6,1,-3648.61,1.04911e+08
O16_g0u0600,8,16,g0u0600,R14,8,7,0,-2793.47,1.04912e+08
O16_g0u0600,8,16,g0u0600,R15,8,7,1,-2793.45,1.04912e+08
O16_g0u0700,8,16,g0u0700,K1,1,0,1,-178311,1.04736e+08
O16_g0u0700,8,16,g0u0700,L2,2,1,0,-44803.6,1.0487e+08
O16_g0u0700,8,16,g0u0700,L3,2,1,1,-44765.2,1.0487e+08
O16_g0u0700,8,16,g0u0700,M4,3,2,0,-19877.2,1.04894e+08
O16_g0u0700,8,16,g0u0700,M5,3,2,1,-19873.5,1.04894e+08
O16_g0u0700,8,16,g0u0700,N6,4,3,0,-11176,1.04903e+08
O16_g0u0700,8,16,g0u0700,N7,4,3,1,-11175.2,1.04903e+08
O16_g0u0700,8,16,g0u0700,O8,5,4,0,-7151.76,1.04907e+08
O16_g0u0700,8,16,g0u0700,O9,5,4,1,-7151.52,1.04907e+08
O16_g0u0700,8,16,g0u0700,P10,6,5,0,-4966.3,1.04909e+08
O16_g0u0700,8,16,g0u0700,P11,6,5,1,-4966.21,1.04909e+08
O16_g0u0700,8,16,g0u0700,Q12,7,6,0,-3648.65,1.04911e+08
O16_g0u0700,8,16,g0u0700,Q13,7,6,1,-3648.61,1.04911e+08
O16_g0u0700,8,16,g0u0700,R14,8,7,0,-2793.47,1.04912e+08
O16_g0u0700,8,16,g0u0700,R15,8,7,1,-2793.45,1.04912e+08
O16_g0u0800,8,16,g0u0800,K1,1,0,1,-178311,1.04736e+08
O16_g0u0800,8,16,g0u0800,L2,2,1,0,-44803.6,1.0487e+08
O16_g0u0800,8,16,g0u0800,L3,2,1,1,-44765.2,1.0487e+08
O16_g0u0800,8,16,g0u0800,M4,3,2,0,-19877.2,1.04894e+08
O16_g0u0800,8,16,g0u0800,M5,3,2,1,-19873.5,1.04894e+08
O16_g0u0800,8,16,g0u0800,N6,4,3,0,-11176,1.04903e+08
O16_g0u0800,8,16,g0u0800,N7,4,3,1,-11175.2,1.04903e+08
O16_g0u0800,8,16,g0u0800,O8,5,4,0,-7151.76,1.04907e+08
O16_g0u0800,8,16,g0u0800,O9,5,4,1,-7151.52,1.04907e+08
O16_g0u0800,8,16,g0u0800,P10,6,5,0,-4966.3,1.04909e+08
O16_g0u0800,8,16,g0u0800,P11,6,5,1,-4966.21,1.04909e+08
O16_g0u0800,8,16,g0u0800,Q12,7,6,0,-3648.65,1.04911e+08
O16_g0u0800,8,16,g0u0800,Q13,7,6,1,-3648.61,1.04911e+08
O16_g0u0800,8,16,g0u0800,R14,8,7,0,-2793.47,1.04912e+08
O16_g0u0800,8,16,g0u0800,R15,8,7,1,-2793.45,1.04912e+08
O16_g0u0900,8,16,g0u0900,K1,1,0,1,-178311,1.04736e+08
O16_g0u0900,8,16,g0u0900,L2,2,1,0,-44803.6,1.0487e+08
O16_g0u0900,8,16,g0u0900,L3,2,1,1,-44765.2,1.0487e+08
O16_g0u0900,8,16,g0u0900,M4,3,2,0,-19877.2,1.04894e+08
O16_g0u0900,8,16,g0u0900,M5,3,2,1,-19873.5,1.04894e+08
O16_g0u0900,8,16,g0u0900,N6,4,3,0,-11176,1.04903e+08
O16_g0u0900,8,16,g0u0900,N7,4,3,1,-11175.2,1.04903e+08
O16_g0u0900,8,16,g0u0900,O8,5,4,0,-7151.76,1.04907e+08
O16_g0u0900,8,16,g0u0900,O9,5,4,1,-7151.52,1.04907e+08
O16_g0u0900,8,16,g0u0900,P10,6,5,0,-4966.3,1.04909e+08
O16_g0u0900,8,16,g0u0900,P11,6,5,1,-4966.21,1.04909e+08
O16_g0u0900,8,16,g0u0900,Q12,7,6,0,-3648.65,1.04911e+08
O16_g0u0900,8,16,g0u0900,Q13,7,6,1,-3648.61,1.04911e+08
O16_g0u0900,8,16,g0u0900,R14,8,7,0,-2793.47,1.04912e+08
O16_g0u0900,8,16,g0u0900,R15,8,7,1,-2793.45,1.04912e+08
O16_g0u1000,8,16,g0u1000,K1,1,0,1,-178311,1.04736e+08
O16_g0u1000,8,16,g0u1000,L2,2,1,0,-44803.6,1.0487e+08
O16_g0u1000,8,16,g0u1000,L3,2,1,1,-44765.2,1.0487e+08
O16_g0u1000,8,16,g0u1000,M4,3,2,0,-19877.2,1.04894e+08
O16_g0u1000,8,16,g0u1000,M5,3,2,1,-19873.5,1.04894e+08
O16_g0u1000,8,16,g0u1000,N6,4,3,0,-11176,1.04903e+08
O16_g0u1000,8,16,g0u1000,N7,4,3,1,-11175.2,1.04903e+08
O16_g0u1000,8,16,g0u1000,O8,5,4,0,-7151.76,1.04907e+08
O16_g0u1000,8,16,g0u1000,O9,5,4,1,-7151.52,1.04907e+08
O16_g0u1000,8,16,g0u1000,P10,6,5,0,-4966.3,1.04909e+08
O16_g0u1000,8,16,g0u1000,P11,6,5,1,-4966.21,1.04909e+08
O16_g0u1000,8,16,g0u1000,Q12,7,6,0,-3648.65,1.04911e+08
O16_g0u1000,8,16,g0u1000,Q13,7,6,1,-3648.61,1.04911e+08
O16_g0u1000,8,16,g0u1000,R14,8,7,0,-2793.47,1.04912e+08
O16_g0u1000,8,16,g0u1000,R15,8,7,1,-2793.45,1.04912e+08
O16_g0u1100,8,16,g0u1100,K1,1,0,1,-178311,1.04736e+08
O16_g0u1100,8,16,g0u1100,L2,2,1,0,-44803.6,1.0487e+08
O16_g0u1100,8,16,g0u1100,L3,2,1,1,-44765.2,1.0487e+08
O16_g0u1100,8,16,g0u1100,M4,3,2,0,-19877.2,1.04894e+08
O16_g0u1100,8,16,g0u1100,M5,3,2,1,-19873.5,1.04894e+08
O16_g0u1100,8,16,g0u1100,N6,4,3,0,-11176,1.04903e+08
O16_g0u1100,8,16,g0u1100,N7,4,3,1,-11175.2,1.04903e+08
O16_g0u1100,8,16,g0u1100,O8,5,4,0,-7151.76,1.04907e+08
O16_g0u1100,8,16,g0u1100,O9,5,4,1,-7151.52,1.04907e+08
O16_g0u1100,8,16,g0u1100,P10,6,5,0,-4966.3,1.04909e+08
O16_g0u1100,8,16,g0u1100,P11,6,5,1,-4966.21,1.04909e+08
O16_g0u1100,8,16,g0u1100,Q12,7,6,0,-3648.65,1.04911e+08
O16_g0u1100,8,16,g0u1100,Q13,7,6,1,-3648.61,1.04911e+08
O16_g0u1100,8,16,g0u1100,R14,8,7,0,-2793.47,1.04912e+08
O16_g0u1100,8,16,g0u1100,R15,8,7,1,-2793.45,1.04912e+08
O16_g0u1200,8,16,g0u1200,K1,1,0,1,-178311,1.04736e+08
O16_g0u1200,8,16,g0u1200,L2,2,1,0,-44803.6,1.0487e+08
O16_g0u1200,8,16,g0u1200,L3,2,1,1,-44765.2,1.0487e+08
O16_g0u1200,8,16,g0u1200,M4,3,2,0,-19877.2,1.04894e+08
O16_g0u1200,8,16,g0u1200,M5,3,2,1,-19873.5,1.04894e+08
O16_g0u1200,8,16,g0u1200,N6,4,3,0,-11176,1.04903e+08
O16_g0u1200,8,16,g0u1200,N7,4,3,1,-11175.2,1.04903e+08
O16_g0u1200,8,16,g0u1200,O8,5,4,0,-7151.76,1.04907e+08
O16_g0u1200,8,16,g0u1200,O9,5,4,1,-7151.52,1.04907e+08
O16_g0u1200,8,16,g0u1200,P10,6,5,0,-4966.3,1.04909e+08
O16_g0u1200,8,16,g0u1200,P11,6,5,1,-4966.21,1.04909e+08
O16_g0u1200,8,16,g0u1200,Q12,7,6,0,-3648.65,1.04911e+08
O16_g0u1200,8,16,g0u1200,Q13,7,6,1,-3648.61,1.04911e+08
O16_g0u1200,8,16,g0u1200,R14,8,7,0,-2793.47,1.04912e+08
O16_g0u1200,8,16,g0u1200,R15,8,7,1,-2793.45,1.04912e+08
O16_g0u1300,8,16,g0u1300,K1,1,0,1,-178311,1.04736e+08
O16_g0u1300,8,16,g0u1300,L2,2,1,0,-44803.6,1.0487e+08
O16_g0u1300,8,16,g0u1300,L3,2,1,1,-44765.2,1.0487e+08
O16_g0u1300,8,16,g0u1300,M4,3,2,0,-19877.2,1.04894e+08
O16_g0u1300,8,16,g0u1300,M5,3,2,1,-19873.5,1.04894e+08
O16_g0u1300,8,16,g0u1300,N6,4,3,0,-11176,1.04903e+08
O16_g0u1300,8,16,g0u1300,N7,4,3,1,-11175.2,1.04903e+08
O16_g0u1300,8,16,g0u1300,O8,5,4,0,-7151.76,1.04907e+08
O16_g0u1300,8,16,g0u1300,O9,5,4,1,-7151.52,1.04907e+08
O16_g0u1300,8,16,g0u1300,P10,6,5,0,-4966.3,1.04909e+08
O16_g0u1300,8,16,g0u1300,P11,6,5,1,-4966.21,1.04909e+08
O16_g0u1300,8,16,g0u1300,Q12,7,6,0,-3648.65,1.04911e+08
O16_g0u1300,8,16,g0u1300,Q13,7,6,1,-3648.61,1.04911e+08
O16_g0u1300,8,16,g0u1300,R14,8,7,0,-2793.47,1.04912e+08
O16_g0u1300,8,16,g0u1300,R15,8,7,1,-2793.45,1.04912e+08
O16_g0u1400,8,16,g0u1400,K1,1,0,1,-178311,1.04736e+08
O16_g0u1400,8,16,g0u1400,L2,2,1,0,-44803.6,1.0487e+08
O16_g0u1400,8,16,g0u1400,L3,2,1,1,-44765.2,1.0487e+08
O16_g0u1400,8,16,g0u1400,M4,3,2,0,-19877.2,1.04894e+08
O16_g0u1400,8,16,g0u1400,M5,3,2,1,-19873.5,1.04894e+08
O16_g0u1400,8,16,g0u1400,N6,4,3,0,-11176,1.04903e+08
O16_g0u1400,8,16,g0u1400,N7,4,3,1,-11175.2,1.04903e+08
O16_g0u1400,8,16,g0u1400,O8,5,4,0,-7151.76,1.04907e+08
O16_g0u1400,8,16,g0u1400,O9,5,4,1,-7151.52,1.04907e+08
O16_g0u1400,8,16,g0u1400,P10,6,5,0,-4966.3,1.04909e+08
O16_g0u1400,8,16,g0u1400,P11,6,5,1,-4966.21,1.04909e+08
O16_g0u1400,8,16,g0u1400,Q12,7,6,0,-3648.65,1.04911e+08
O16_g0u1400,8,16,g0u1400,Q13,7,6,1,-3648.61,1.04911e+08
O16_g0u1400,8,16,g0u1400,R14,8,7,0,-2793.47,1.04912e+08
O16_g0u1400,8,16,g0u1400,R15,8,7,1,-2793.45,1.04912e+08
O16_g0u1500,8,16,g0u1500,K1,1,0,1,-178311,1.04736e+08
O16_g0u1500,8,16,g0u1500,L2,2,1,0,-44803.6,1.0487e+08
O16_g0u1500,8,16,g0u1500,L3,2,1,1,-44765.2,1.0487e+08
O16_g0u1500,8,16,g0u1500,M4,3,2,0,-19877.2,1.04894e+08
O16_g0u1500,8,16,g0u1500,M5,3,2,1,-19873.5,1.04894e+08
O16_g0u1500,8,16,g0u1500,N6,4,3,0,-11176,1.04903e+08
O16_g0u1500,8,16,g0u1500,N7,4,3,1,-11175.2,1.04903e+08
O16_g0u1500,8,16,g0u1500,O8,5,4,0,-7151.76,1.04907e+08
O16_g0u1500,8,16,g0u1500,O9,5,4,1,-7151.52,1.04907e+08
O16_g0u1500,8,16,g0u1500,P10,6,5,0,-4966.3,1.04909e+08
O16_g0u1500,8,16,g0u1500,P11,6,5,1,-4966.21,1.04909e+08
O16_g0u1500,8,16,g0u1500,Q12,7,6,0,-3648.65,1.04911e+08
O16_g0u1500,8,16,g0u1500,Q13,7,6,1,-3648.61,1.04911e+08
O16_g0u1500,8,16,g0u1500,R14,8,7,0,-2793.47,1.04912e+08
O16_g0u1500,8,16,g0u1500,R15,8,7,1,-2793.45,1.04912e+08
O16_g0u1600,8,16,g0u1600,K1,1,0,1,-178311,1.04736e+08
O16_g0u1600,8,16,g0u1600,L2,2,1,0,-44803.6,1.0487e+08
O16_g0u1600,8,16,g0u1600,L3,2,1,1,-44765.2,1.0487e+08
O16_g0u1600,8,16,g0u1600,M4,3,2,0,-19877.2,1.04894e+08
O16_g0u1600,8,16,g0u1600,M5,3,2,1,-19873.5,1.04894e+08
O16_g0u1600,8,16,g0u1600,N6,4,3,0,-11176,1.04903e+08
O16_g0u1600,8,16,g0u1600,N7,4,3,1,-11175.2,1.04903e+08
O16_g0u1600,8,16,g0u1600,O8,5,4,0,-7151.76,1.04907e+08
O16_g0u1600,8,16,g0u1600,O9,5,4,1,-7151.52,1.04907e+08
O16_g0u1600,8,16,g0u1600,P10,6,5,0,-4966.3,1.04909e+08
O16_g0u1600,8,16,g0u1600,P11,6,5,1,-4966.21,1.04909e+08
O16_g0u1600,8,16,g0u1600,Q12,7,6,0,-3648.65,1.04911e+08
O16_g0u1600,8,16,g0u1600,Q13,7,6,1,-3648.61,1.04911e+08
O16_g0u1600,8,16,g0u1600,R14,8,7,0,-2793.47,1.04912e+08
O16_g0u1600,8,16,g0u1600,R15,8,7,1,-2793.45,1.04912e+08
O16_g0u1700,8,16,g0u1700,K1,1,0,1,-178311,1.04736e+08
O16_g0u1700,8,16,g0u1700,L2,2,1,0,-44803.6,1.0487e+08
O16_g0u1700,8,16,g0u1700,L3,2,1,1,-44765.2,1.0487e+08
O16_g0u1700,8,16,g0u1700,M4,3,2,0,-19877.2,1.04894e+08
O16_g0u1700,8,16,g0u1700,M5,3,2,1,-19873.5,1.04894e+08
O16_g0u1700,8,16,g0u1700,N6,4,3,0,-11176,1.04903e+08
O16_g0u1700,8,16,g0u1700,N7,4,3,1,-11175.2,1.04903e+08
O16_g0u1700,8,16,g0u1700,O8,5,4,0,-7151.76,1.04907e+08
O16_g0u1700,8,16,g0u1700,O9,5,4,1,-7151.52,1.04907e+08
O16_g0u1700,8,16,g0u1700,P10,6,5,0,-4966.3,1.04909e+08
O16_g0u1700,8,16,g0u1700,P11,6,5,1,-4966.21,1.04909e+08
O16_g0u1700,8,16,g0u1700,Q12,7,6,0,-3648.65,1.04911e+08
O16_g0u1700,8,16,g0u1700,Q13,7,6,1,-3648.61,1.04911e+08
O16_g0u1700,8,16,g0u1700,R14,8,7,0,-2793.47,1.04912e+08
O16_g0u1700,8,16,g0u1700,R15,8,7,1,-2793.45,1.04912e+08
O16_g0u1800,8,16,g0u1800,K1,1,0,1,-178311,1.04736e+08
O16_g0u1800,8,16,g0u1800,L2,2,1,0,-44803.6,1.0487e+08
O16_g0u1800,8,16,g0u1800,L3,2,1,1,-44765.2,1.0487e+08
O16_g0u1800,8,16,g0u1800,M4,3,2,0,-19877.2,1.04894e+08
O16_g0u1800,8,16,g0u1800,M5,3,2,1,-19873.5,1.04894e+08
O16_g0u1800,8,16,g0u1800,N6,4,3,0,-11176,1.04903e+08
O16_g0u1800,8,16,g0u1800,N7,4,3,1,-11175.2,1.04903e+08
O16_g0u1800,8,16,g0u1800,O8,5,4,0,-7151.76,1.04907e+08
O16_g0u1800,8,16,g0u1800,O9,5,4,1,-7151.52,1.04907e+08
O16_g0u1800,8,16,g0u1800,P10,6,5,0,-4966.3,1.04909e+08
O16_g0u1800,8,16,g0u1800,P11,6,5,1,-4966.21,1.04909e+08
O16_g0u1800,8,16,g0u1800,Q12,7,6,0,-3648.65,1.04911e+08
O16_g0u1800,8,16,g0u1800,Q13,7,6,1,-3648.61,1.04911e+08
O16_g0u1800,8,16,g0u1800,R14,8,7,0,-2793.47,1.04912e+08
O16_g0u1800,8,16,g0u1800,R15,8,7,1,-2793.45,1.04912e+08
O16_g0u1900,8,16,g0u1900,K1,1,0,1,-178311,1.04736e+08
O16_g0u1900,8,16,g0u1900,L2,2,1,0,-44803.6,1.0487e+08
O16_g0u1900,8,16,g0u1900,L3,2,1,1,-44765.2,1.0487e+08
O16_g0u1900,8,16,g0u1900,M4,3,2,0,-19877.2,1.04894e+08
O16_g0u1900,8,16,g0u1900,M5,3,2,1,-19873.5,1.04894e+08
O16_g0u1900,8,16,g0u1900,N6,4,3,0,-11176,1.04903e+08
O16_g0u1900,8,16,g0u1900,N7,4,3,1,-11175.2,1.04903e+08
O16_g0u1900,8,16,g0u1900,O8,5,4,0,-7151.76,1.04907e+08
O16_g0u1900,8,16,g0u1900,O9,5,4,1,-7151.52,1.04907e+08
O16_g0u1900,8,16,g0u1900,P10,6,5,0,-4966.3,1.04909e+08
O16_g0u1900,8,16,g0u1900,P11,6,5,1,-4966.21,1.04909e+08
O16_g0u1900,8,16,g0u1900,Q12,7,6,0,-3648.65,1.04911e+08
O16_g0u1900,8,16,g0u1900,Q13,7,6,1,-3648.61,1.04911e+08
O16_g0u1900,8,16,g0u1900,R14,8,7,0,-2793.47,1.04912e+08
O16_g0u1900,8,16,g0u1900,R15,8,7,1,-2793.45,1.04912e+08
O16_g0u2000,8,16,g0u2000,K1,1,0,1,-178311,1.04736e+08
O16_g0u2000,8,16,g0u2000,L2,2,1,0,-44803.6,1.0487e+08
O16_g0u2000,8,16,g0u2000,L3,2,1,1,-44765.2,1.0487e+08
O16_g0u2000,8,16,g0u2000,M4,3,2,0,-19877.2,1.04894e+08
O16_g0u2000,8,16,g0u2000,M5,3,2,1,-19873.5,1.04894e+08
O16_g0u2000,8,16,g0u2000,N6,4,3,0,-11176,1.04903e+08
O16_g0u2000,8,16,g0u2000,N7,4,3,1,-11175.2,1.04903e+08
O16_g0u2000,8,16,g0u2000,O8,5,4,0,-7151.76,1.04907e+08
O16_g0u2000,8,16,g0u2000,O9,5,4,1,-7151.52,1.04907e+08
O16_g0u2000,8,16,g0u2000,P10,6,5,0,-4966.3,1.04909e+08
O16_g0u2000,8,16,g0u2000,P11,6,5,1,-4966.21,1.04909e+08
O16_g0u2000,8,16,g0u2000,Q12,7,6,0,-3648.65,1.04911e+08
O16_g0u2000,8,16,g0u2000,Q13,7,6,1,-3648.61,1.04911e+08
O16_g0u2000,8,16,g0u2000,R14,8,7,0,-2793.47,1.04912e+08
O16_g0u2000,8,16,g0u2000,R15,8,7,1,-2793.45,1.04912e+08
O16_g0u2100,8,16,g0u2100,K1,1,0,1,-178311,1.04736e+08
O16_g0u2100,8,16,g0u2100,L2,2,1,0,-44803.6,1.0487e+08
O16_g0u2100,8,16,g0u2100,L3,2,1,1,-44765.2,1.0487e+08
O16_g0u2100,8,16,g0u2100,M4,3,2,0,-19877.2,1.04894e+08
O16_g0u2100,8,16,g0u2100,M5,3,2,1,-19873.5,1.04894e+08
O16_g0u2100,8,16,g0u2100,N6,4,3,0,-11176,1.04903e+08
O16_g0u2100,8,16,g0u2100,N7,4,3,1,-11175.2,1.04903e+08
O16_g0u2100,8,16,g0u2100,O8,5,4,0,-7151.76,1.04907e+08
O16_g0u2100,8,16,g0u2100,O9,5,4,1,-7151.52,1.04907e+08
O16_g0u2100,8,16,g0u2100,P10,6,5,0,-4966.3,1.04909e+08
O16_g0u2100,8,16,g0u2100,P11,6,5,1,-4966.21,1.04909e+08
O16_g0u2100,8,16,g0u2100,Q12,7,6,0,-3648.65,1.04911e+08
O16_g0u2100,8,16,g0u2100,Q13,7,6,1,-3648.61,1.04911e+08
O16_g0u2100,8,16,g0u2100,R14,8,7,0,-2793.47,1.04912e+08
O16_g0u2100,8,16,g0u2100,R15,8,7,1,-2793.45,1.04912e+08
O16_g0u2200,8,16,g0u2200,K1,1,0,1,-178311,1.04736e+08
O16_g0u2200,8,16,g0u2200,L2,2,1,0,-44803.6,1.0487e+08
O16_g0u2200,8,16,g0u2200,L3,2,1,1,-44765.2,1.0487e+08
O16_g0u2200,8,16,g0u2200,M4,3,2,0,-19877.2,1.04894e+08
O16_g0u2200,8,16,g0u2200,M5,3,2,1,-19873.5,1.04894e+08
O16_g0u2200,8,16,g0u2200,N6,4,3,0,-11176,1.04903e+08
O16_g0u2200,8,16,g0u2200,N7,4,3,1,-11175.2,1.04903e+08
O16_g0u2200,8,16,g0u2200,O8,5,4,0,-7151.76,1.04907e+08
O16_g0u2200,8,16,g0u2200,O9,5,4,1,-7151.52,1.04907e+08
O16_g0u2200,8,16,g0u2200,P10,6,5,0,-4966.3,1.04909e+08
O16_g0u2200,8,16,g0u2200,P11,6,5,1,-4966.21,1.04909e+08
O16_g0u2200,8,16,g0u2200,Q12,7,6,0,-3648.65,1.04911e+08
O16_g0u2200,8,16,g0u2200,Q13,7,6,1,-3648.61,1.04911e+08
O16_g0u2200,8,16,g0u2200,R14,8,7,0,-2793.47,1.04912e+08
O16_g0u2200,8,16,g0u2200,R15,8,7,1,-2793.45,1.04912e+08
O16_g0u2300,8,16,g0u2300,K1,1,0,1,-178311,1.04736e+08
O16_g0u2300,8,16,g0u2300,L2,2,1,0,-44803.6,1.0487e+08
O16_g0u2300,8,16,g0u2300,L3,2,1,1,-44765.2,1.0487e+08
O16_g0u2300,8,16,g0u2300,M4,3,2,0,-19877.2,1.04894e+08
O16_g0u2300,8,16,g0u2300,M5,3,2,1,-19873.5,1.04894e+08
O16_g0u2300,8,16,g0u2300,N6,4,3,0,-11176,1.04903e+08
O16_g0u2300,8,16,g0u2300,N7,4,3,1,-11175.2,1.04903e+08
O16_g0u2300,8,16,g0u2300,O8,5,4,0,-7151.76,1.04907e+08
O16_g0u2300,8,16,g0u2300,O9,5,4,1,-7151.52,1.04907e+08
O16_g0u2300,8,16,g0u2300,P10,6,5,0,-4966.3,1.04909e+08
O16_g0u2300,8,16,g0u2300,P11,6,5,1,-4966.21,1.04909e+08
O16_g0u2300,8,16,g0u2300,Q12,7,6,0,-3648.65,1.04911e+08
O16_g0u2300,8,16,g0u2300,Q13,7,6,1,-3648.61,1.04911e+08
O16_g0u2300,8,16,g0u2300,R14,8,7,0,-2793.47,1.04912e+08
O16_g0u2300,8,16,g0u2300,R15,8,7,1,-2793.45,1.04912e+08
O16_g0u2400,8,16,g0u2400,K1,1,0,1,-178311,1.04736e+08
O16_g0u2400,8,16,g0u2400,L2,2,1,0,-44803.6,1.0487e+08
O16_g0u2400,8,16,g0u2400,L3,2,1,1,-44765.2,1.0487e+08
O16_g0u2400,8,16,g0u2400,M4,3,2,0,-19877.2,1.04894e+08
O16_g0u2400,8,16,g0u2400,M5,3,2,1,-19873.5,1.04894e+08
O16_g0u2400,8,16,g0u2400,N6,4,3,0,-11176,1.04903e+08
O16_g0u2400,8,16,g0u2400,N7,4,3,1,-11175.2,1.04903e+08
O16_g0u2400,8,16,g0u2400,O8,5,4,0,-7151.76,1.04907e+08
O16_g0u2400,8,16,g0u2400,O9,5,4,1,-7151.52,1.04907e+08
O16_g0u2400,8,16,g0u2400,P10,6,5,0,-4966.3,1.04909e+08
O16_g0u2400,8,16,g0u2400,P11,6,5,1,-4966.21,1.04909e+08
O16_g0u2400,8,16,g0u2400,Q12,7,6,0,-3648.65,1.04911e+08
O16_g0u2400,8,16,g0u2400,Q13,7,6,1,-3648.61,1.04911e+08
O16_g0u2400,8,16,g0u2400,R14,8,7,0,-2793.47,1.04912e+08
O16_g0u2400,8,16,g0u2400,R15,8,7,1,-2793.45,1.04912e+08
O16_g2u1000,8,16,g2u1000,K1,1,0,1,-178311,1.04736e+08
O16_g2u1000,8,16,g2u1000,L2,2,1,0,-44803.6,1.0487e+08
O16_g2u1000,8,16,g2u1000,L3,2,1,1,-44765.2,1.0487e+08
O16_g2u1000,8,16,g2u1000,M4,3,2,0,-19877.2,1.04894e+08
O16_g2u1000,8,16,g2u1000,M5,3,2,1,-19873.5,1.04894e+08
O16_g2u1000,8,16,g2u1000,N6,4,3,0,-11176,1.04903e+08
O16_g2u1000,8,16,g2u1000,N7,4,3,1,-11175.2,1.04903e+08
O16_g2u1000,8,16,g2u1000,O8,5,4,0,-7151.76,1.04907e+08
O16_g2u1000,8,16,g2u1000,O9,5,4,1,-7151.52,1.04907e+08
O16_g2u1000,8,16,g2u1000,P10,6,5,0,-4966.3,1.04909e+08
O16_g2u1000,8,16,g2u1000,P11,6,5,1,-4966.21,1.04909e+08
O16_g2u1000,8,16,g2u1000,Q12,7,6,0,-3648.65,1.04911e+08
O16_g2u1000,8,16,g2u1000,Q13,7,6,1,-3648.61,1.04911e+08
O16_g2u1000,8,16,g2u1000,R14,8,7,0,-2793.47,1.04912e+08
O16_g2u1000,8,16,g2u1000,R15,8,7,1,-2793.45,1.04912e+08
Na23_g0u0050,11,23,g0u0050,K1,1,0,1,-335141,1.04804e+08
Na23_g0u0050,11,23,g0u0050,L2,2,1,0,-85014.9,1.05055e+08
Na23_g0u0050,11,23,g0u0050,L3,2,1,1,-84877.8,1.05055e+08
Na23_g0u0050,11,23,g0u0050,M4,3,2,0,-37680.7,1.05102e+08
Na23_g0u0050,11,23,g0u0050,M5,3,2,1,-37667.2,1.05102e+08
Na23_g0u0050,11,23,g0u0050,N6,4,3,0,-21179.6,1.05118e+08
Na23_g0u0050,11,23,g0u0050,N7,4,3,1,-21176.8,1.05118e+08
Na23_g0u0050,11,23,g0u0050,O8,5,4,0,-13551.6,1.05126e+08
Na23_g0u0050,11,23,g0u0050,O9,5,4,1,-13550.8,1.05126e+08
Na23_g0u0050,11,23,g0u0050,P10,6,5,0,-9410.02,1.0513e+08
Na23_g0u0050,11,23,g0u0050,P11,6,5,1,-9409.69,1.0513e+08
Na23_g0u0050,11,23,g0u0050,Q12,7,6,0,-6913.24,1.05133e+08
Na23_g0u0050,11,23,g0u0050,Q13,7,6,1,-6913.09,1.05133e+08
Na23_g0u0050,11,23,g0u0050,R14,8,7,0,-5292.85,1.05134e+08
Na23_g0u0050,11,23,g0u0050,R15,8,7,1,-5292.78,1.05134e+08
Na23_g0u0100,11,23,g0u0100,K1,1,0,1,-335147,1.04804e+08
Na23_g0u0100,11,23,g0u0100,L2,2,1,0,-85015.1,1.05055e+08
Na23_g0u0100,11,23,g0u0100,L3,2,1,1,-84877.9,1.05055e+08
Na23_g0u0100,11,23,g0u0100,M4,3,2,0,-37680.8,1.05102e+08
Na23_g0u0100,11,23,g0u0100,M5,3,2,1,-37667.2,1.05102e+08
Na23_g0u0100,11,23,g0u0100,N6,4,3,0,-21179.6,1.05118e+08
Na23_g0u0100,11,23,g0u0100,N7,4,3,1,-21176.8,1.05118e+08
Na23_g0u0100,11,23,g0u0100,O8,5,4,0,-13551.6,1.05126e+08
Na23_g0u0100,11,23,g0u0100,O9,5,4,1,-13550.8,1.05126e+08
Na23_g0u0100,11,23,g0u0100,P10,6,5,0,-9410.02,1.0513e+08
Na23_g0u0100,11,23,g0u0100,P11,6,5,1,-9409.69,1.0513e+08
Na23_g0u0100,11,23,g0u0100,Q12,7,6,0,-6913.24,1.05133e+08
Na23_g0u0100,11,23,g0u0100,Q13,7,6,1,-6913.09,1.05133e+08
Na23_g0u0100,11,23,g0u0100,R14,8,7,0,-5292.85,1.05134e+08
Na23_g0u0100,11,23,g0u0100,R15,8,7,1,-5292.78,1.05134e+08
Na23_g0u0150,11,23,g0u0150,K1,1,0,1,-335149,1.04804e+08
Na23_g0u0150,11,23,g0u0150,L2,2,1,0,-85015.1,1.05055e+08
Na23_g0u0150,11,23,g0u0150,L3,2,1,1,-84877.9,1.05055e+08
Na23_g0u0150,11,23,g0u0150,M4,3,2,0,-37680.8,1.05102e+08
Na23_g0u0150,11,23,g0u0150,M5,3,2,1,-37667.2,1.05102e+08
Na23_g0u0150,11,23,g0u0150,N6,4,3,0,-21179.6,1.05118e+08
Na23_g0u0150,11,23,g0u0150,N7,4,3,1,-21176.8,1.05118e+08
Na23_g0u0150,11,23,g0u0150,O8,5,4,0,-13551.6,1.05126e+08
Na23_g0u0150,11,23,g0u0150,O9,5,4,1,-13550.8,1.05126e+08
Na23_g0u0150,11,23,g0u0150,P10,6,5,0,-9410.02,1.0513e+08
Na23_g0u0150,11,23,g0u0150,P11,6,5,1,-9409.69,1.0513e+08
Na23_g0u0150,11,23,g0u0150,Q12,7,6,0,-6913.24,1.05133e+08
Na23_g0u0150,11,23,g0u0150,Q13,7,6,1,-6913.09,1.05133e+08
Na23_g0u0150,11,23,g0u0150,R14,8,7,0,-5292.85,1.05134e+08
Na23_g0u0150,11,23,g0u0150,R15,8,7,1,-5292.78,1.05134e+08
Na23_g0u0200,11,23,g0u0200,K1,1,0,1,-335149,1.04804e+08
Na23_g0u0200,11,23,g0u0200,L2,2,1,0,-85015.1,1.05055e+08
Na23_g0u0200,11,23,g0u0200,L3,2,1,1,-84878,1.05055e+08
Na23_g0u0200,11,23,g0u0200,M4,3,2,0,-37680.8,1.05102e+08
Na23_g0u0200,11,23,g0u0200,M5,3,2,1,-37667.2,1.05102e+08
Na23_g0u0200,11,23,g0u0200,N6,4,3,0,-21179.6,1.05118e+08
Na23_g0u0200,11,23,g0u0200,N7,4,3,1,-21176.8,1.05118e+08
Na23_g0u0200,11,23,g0u0200,O8,5,4,0,-13551.6,1.05126e+08
Na23_g0u0200,11,23,g0u0200,O9,5,4,1,-13550.8,1.05126e+08
Na23_g0u0200,11,23,g0u0200,P10,6,5,0,-9410.02,1.0513e+08
Na23_g0u0200,11,23,g0u0200,P11,6,5,1,-9409.69,1.0513e+08
Na23_g0u0200,11,23,g0u0200,Q12,7,6,0,-6913.24,1.05133e+08
Na23_g0u0200,11,23,g0u0200,Q13,7,6,1,-6913.09,1.05133e+08
Na23_g0u0200,11,23,g0u0200,R14,8,7,0,-5292.85,1.05134e+08
Na23_g0u0200,11,23,g0u0200,R15,8,7,1,-5292.78,1.05134e+08
Na23_g0u0250,11,23,g0u0250,K1,1,0,1,-335149,1.04804e+08
Na23_g0u0250,11,23,g0u0250,L2,2,1,0,-85015.1,1.05055e+08
Na23_g0u0250,11,23,g0u0250,L3,2,1,1,-84878,1.05055e+08
Na23_g0u0250,11,23,g0u0250,M4,3,2,0,-37680.8,1.05102e+08
Na23_g0u0250,11,23,g0u0250,M5,3,2,1,-37667.2,1.05102e+08
Na23_g0u0250,11,23,g0u0250,N6,4,3,0,-21179.6,1.05118e+08
Na23_g0u0250,11,23,g0u0250,N7,4,3,1,-21176.8,1.05118e+08
Na23_g0u0250,11,23,g0u0250,O8,5,4,0,-13551.6,1.05126e+08
Na23_g0u0250,11,23,g0u0250,O9,5,4,1,-13550.8,1.05126e+08
Na23_g0u0250,11,23,g0u0250,P10,6,5,0,-9410.02,1.0513e+08
Na23_g0u0250,11,23,g0u0250,P11,6,5,1,-9409.69,1.0513e+08
Na23_g0u0250,11,23,g0u0250,Q12,7,6,0,-6913.24,1.05133e+08
Na23_g0u0250,11,23,g0u0250,Q13,7,6,1,-6913.09,1.05133e+08
Na23_g0u0250,11,23,g0u0250,R14,8,7,0,-5292.85,1.05134e+08
Na23_g0u0250,11,23,g0u0250,R15,8,7,1,-5292.78,1.05134e+08
Na23_g0u0300,11,23,g0u0300,K1,1,0,1,-335149,1.04804e+08
Na23_g0u0300,11,23,g0u0300,L2,2,1,0,-85015.1,1.05055e+08
Na23_g0u0300,11,23,g0u0300,L3,2,1,1,-84878,1.05055e+08
Na23_g0u0300,11,23,g0u0300,M4,3,2,0,-37680.8,1.05102e+08
Na23_g0u0300,11,23,g0u0300,M5,3,2,1,-37667.2,1.05102e+08
Na23_g0u0300,11,23,g0u0300,N6,4,3,0,-21179.6,1.05118e+08
Na23_g0u0300,11,23,g0u0300,N7,4,3,1,-21176.8,1.05118e+08
Na23_g0u0300,11,23,g0u0300,O8,5,4,0,-13551.6,1.05126e+08
Na23_g0u0300,11,23,g0u0300,O9,5,4,1,-13550.8,1.05126e+08
Na23_g0u0300,11,23,g0u0300,P10,6,5,0,-9410.02,1.0513e+08
Na23_g0u0300,11,23,g0u0300,P11,6,5,1,-9409.69,1.0513e+08
Na23_g0u0300,11,23,g0u0300,Q12,7,6,0,-6913.24,1.05133e+08
Na23_g0u0300,11,23,g0u0300,Q13,7,6,1,-6913.09,1.05133e+08
Na23_g0u0300,11,23,g0u0300,R14,8,7,0,-5292.85,1.05134e+08
Na23_g0u0300,11,23,g0u0300,R15,8,7,1,-5292.78,1.05134e+08
Na23_g0u0350,11,23,g0u0350,K1,1,0,1,-335149,1.04804e+08
Na23_g0u0350,11,23,g0u0350,L2,2,1,0,-85015.1,1.05055e+08
Na23_g0u0350,11,23,g0u0350,L3,2,1,1,-84878,1.05055e+08
Na23_g0u0350,11,23,g0u0350,M4,3,2,0,-37680.8,1.05102e+08
Na23_g0u0350,11,23,g0u0350,M5,3,2,1,-37667.2,1.05102e+08
Na23_g0u0350,11,23,g0u0350,N6,4,3,0,-21179.6,1.05118e+08
Na23_g0u0350,11,23,g0u0350,N7,4,3,1,-21176.8,1.05118e+08
Na23_g0u0350,11,23,g0u0350,O8,5,4,0,-13551.6,1.05126e+08
Na23_g0u0350,11,23,g0u0350,O9,5,4,1,-13550.8,1.05126e+08
Na23_g0u0350,11,23,g0u0350,P10,6,5,0,-9410.02,1.0513e+08
Na23_g0u0350,11,23,g0u0350,P11,6,5,1,-9409.69,1.0513e+08
Na23_g0u0350,11,23,g0u0350,Q12,7,6,0,-6913.24,1.05133e+08
Na23_g0u0350,11,23,g0u0350,Q13,7,6,1,-6913.09,1.05133e+08
Na23_g0u0350,11,23,g0u0350,R14,8,7,0,-5292.85,1.05134e+08
Na23_g0u0350,11,23,g0u0350,R15,8,7,1,-5292.78,1.05134e+08
Na23_g0u0400,11,23,g0u0400,K1,1,0,1,-335149,1.04804e+08
Na23_g0u0400,11,23,g0u0400,L2,2,1,0,-85015.1,1.05055e+08
Na23_g0u0400,11,23,g0u0400,L3,2,1,1,-84878,1.05055e+08
Na23_g0u0400,11,23,g0u0400,M4,3,2,0,-37680.8,1.05102e+08
Na23_g0u0400,11,23,g0u0400,M5,3,2,1,-37667.2,1.05102e+08
Na23_g0u0400,11,23,g0u0400,N6,4,3,0,-21179.6,1.05118e+08
Na23_g0u0400,11,23,g0u0400,N7,4,3,1,-21176.8,1.05118e+08
Na23_g0u0400,11,23,g0u0400,O8,5,4,0,-13551.6,1.05126e+08
Na23_g0u0400,11,23,g0u0400,O9,5,4,1,-13550.8,1.05126e+08
Na23_g0u0400,11,23,g0u0400,P10,6,5,0,-9410.02,1.0513e+08
Na23_g0u0400,11,23,g0u0400,P11,6,5,1,-9409.69,1.0513e+08
Na23_g0u0400,11,23,g0u0400,Q12,7,6,0,-6913.24,1.05133e+08
Na23_g0u0400,11,23,g0u0400,Q13,7,6,1,-6913.09,1.05133e+08
Na23_g0u0400,11,23,g0u0400,R14,8,7,0,-5292.85,1.05134e+08
Na23_g0u0400,11,23,g0u0400,R15,8,7,1,-5292.78,1.05134e+08
Na23_g0u0450,11,23,g0u0450,K1,1,0,1,-335150,1.04804e+08
Na23_g0u0450,11,23,g0u0450,L2,2,1,0,-85015.1,1.05055e+08
Na23_g0u0450,11,23,g0u0450,L3,2,1,1,-84878,1.05055e+08
Na23_g0u0450,11,23,g0u0450,M4,3,2,0,-37680.8,1.05102e+08
Na23_g0u0450,11,23,g0u0450,M5,3,2,1,-37667.2,1.05102e+08
Na23_g0u0450,11,23,g0u0450,N6,4,3,0,-21179.6,1.05118e+08
Na23_g0u0450,11,23,g0u0450,N7,4,3,1,-21176.8,1.05118e+08
Na23_g0u0450,11,23,g0u0450,O8,5,4,0,-13551.6,1.05126e+08
Na23_g0u0450,11,23,g0u0450,O9,5,4,1,-13550.8,1.05126e+08
Na23_g0u0450,11,23,g0u0450,P10,6,5,0,-9410.02,1.0513e+08
Na23_g0u0450,11,23,g0u0450,P11,6,5,1,-9409.69,1.0513e+08
Na23_g0u0450,11,23,g0u0450,Q12,7,6,0,-6913.24,1.05133e+08
Na23_g0u0450,11,23,g0u0450,Q13,7,6,1,-6913.09,1.05133e+08
Na23_g0u0450,11,23,g0u0450,R14,8,7,0,-5292.85,1.05134e+08
Na23_g0u0450,11,23,g0u0450,R15,8,7,1,-5292.78,1.05134e+08
Na23_g0u0500,11,23,g0u0500,K1,1,0,1,-335150,1.04804e+08
Na23_g0u0500,11,23,g0u0500,L2,2,1,0,-85015.1,1.05055e+08
Na23_g0u0500,11,23,g0u0500,L3,2,1,1,-84878,1.05055e+08
Na23_g0u0500,11,23,g0u0500,M4,3,2,0,-37680.8,1.05102e+08
Na23_g0u0500,11,23,g0u0500,M5,3,2,1,-37667.2,1.05102e+08
Na23_g0u0500,11,23,g0u0500,N6,4,3,0,-21179.6,1.05118e+08
Na23_g0u0500,11,23,g0u0500,N7,4,3,1,-21176.8,1.05118e+08
Na23_g0u0500,11,23,g0u0500,O8,5,4,0,-13551.6,1.05126e+08
Na23_g0u0500,11,23,g0u0500,O9,5,4,1,-13550.8,1.05126e+08
Na23_g0u0500,11,23,g0u0500,P10,6,5,0,-9410.02,1.0513e+08
Na23_g0u0500,11,23,g0u0500,P11,6,5,1,-9409.69,1.0513e+08
Na23_g0u0500,11,23,g0u0500,Q12,7,6,0,-6913.24,1.05133e+08
Na23_g0u0500,11,23,g0u0500,Q13,7,6,1,-6913.09,1.05133e+08
Na23_g0u0500,11,23,g0u0500,R14,8,7,0,-5292.85,1.05134e+08
Na23_g0u0500,11,23,g0u0500,R15,8,7,1,-5292.78,1.05134e+08
Na23_g0u0550,11,23,g0u0550,K1,1,0,1,-335150,1.04804e+08
Na23_g0u0550,11,23,g0u0550,L2,2,1,0,-85015.1,1.05055e+08
Na23_g0u0550,11,23,g0u0550,L3,2,1,1,-84878,1.05055e+08
Na23_g0u0550,11,23,g0u0550,M4,3,2,0,-37680.8,1.05102e+08
Na23_g0u0550,11,23,g0u0550,M5,3,2,1,-37667.2,1.05102e+08
Na23_g0u0550,11,23,g0u0550,N6,4,3,0,-21179.6,1.05118e+08
Na23_g0u0550,11,23,g0u0550,N7,4,3,1,-21176.8,1.05118e+08
Na23_g0u0550,11,23,g0u0550,O8,5,4,0,-13551.6,1.05126e+08
Na23_g0u0550,11,23,g0u0550,O9,5,4,1,-13550.8,1.05126e+08
Na23_g0u0550,11,23,g0u0550,P10,6,5,0,-9410.02,1.0513e+08
Na23_g0u0550,11,23,g0u0550,P11,6,5,1,-9409.69,1.0513e+08
Na23_g0u0550,11,23,g0u0550,Q12,7,6,0,-6913.24,1.05133e+08
Na23_g0u0550,11,23,g0u0550,Q13,7,6,1,-6913.09,1.05133e+08
Na23_g0u0550,11,23,g0u0550,R14,8,7,0,-5292.85,1.05134e+08
Na23_g0u0550,11,23,g0u0550,R15,8,7,1,-5292.78,1.05134e+08
Na23_g0u0600,11,23,g0u0600,K1,1,0,1,-335150,1.04804e+08
Na23_g0u0600,11,23,g0u0600,L2,2,1,0,-85015.1,1.05055e+08
Na23_g0u0600,11,23,g0u0600,L3,2,1,1,-84878,1.05055e+08
Na23_g0u0600,11,23,g0u0600,M4,3,2,0,-37680.8,1.05102e+08
Na23_g0u0600,11,23,g0u0600,M5,3,2,1,-37667.2,1.05102e+08
Na23_g0u0600,11,23,g0u0600,N6,4,3,0,-21179.6,1.05118e+08
Na23_g0u0600,11,23,g0u0600,N7,4,3,1,-21176.8,1.05118e+08
Na23_g0u0600,11,23,g0u0600,O8,5,4,0,-13551.6,1.05126e+08
Na23_g0u0600,11,23,g0u0600,O9,5,4,1,-13550.8,1.05126e+08
Na23_g0u0600,11,23,g0u0600,P10,6,5,0,-9410.02,1.0513e+08
Na23_g0u0600,11,23,g0u0600,P11,6,5,1,-9409.69,1.0513e+08
Na23_g0u0600,11,23,g0u0600,Q12,7,6,0,-6913.24,1.05133e+08
Na23_g0u0600,11,23,g0u0600,Q13,7,6,1,-6913.09,1.05133e+08
Na23_g0u0600,11,23,g0u0600,R14,8,7,0,-5292.85,1.05134e+08
Na23_g0u0600,11,23,g0u0600,R15,8,7,1,-5292.78,1.05134e+08
Na23_g0u0700,11,23,g0u0700,K1,1,0,1,-335150,1.04804e+08
Na23_g0u0700,11,23,g0u0700,L2,2,1,0,-85015.1,1.05055e+08
Na23_g0u0700,11,23,g0u0700,L3,2,1,1,-84878,1.05055e+08
Na23_g0u0700,11,23,g0u0700,M4,3,2,0,-37680.8,1.05102e+08
Na23_g0u0700,11,23,g0u0700,M5,3,2,1,-37667.2,1.05102e+08
Na23_g0u0700,11,23,g0u0700,N6,4,3,0,-21179.6,1.05118e+08
Na23_g0u0700,11,23,g0u0700,N7,4,3,1,-21176.8,1.05118e+08
Na23_g0u0700,11,23,g0u0700,O8,5,4,0,-13551.6,1.05126e+08
Na23_g0u0700,11,23,g0u0700,O9,5,4,1,-13550.8,1.05126e+08
Na23_g0u0700,11,23,g0u0700,P10,6,5,0,-9410.02,1.0513e+08
Na23_g0u0700,11,23,g0u0700,P11,6,5,1,-9409.69,1.0513e+08
Na23_g0u0700,11,23,g0u0700,Q12,7,6,0,-6913.24,1.05133e+08
Na23_g0u0700,11,23,g0u0700,Q13,7,6,1,-6913.09,1.05133e+08
Na23_g0u0700,11,23,g0u0700,R14,8,7,0,-5292.85,1.05134e+08
Na23_g0u0700,11,23,g0u0700,R15,8,7,1,-5292.78,1.05134e+08
Na23_g0u0800,11,23,g0u0800,K1,1,0,1,-335150,1.04804e+08
Na23_g0u0800,11,23,g0u0800,L2,2,1,0,-85015.1,1.05055e+08
Na23_g0u0800,11,23,g0u0800,L3,2,1,1,-84878,1.05055e+08
Na23_g0u0800,11,23,g0u0800,M4,3,2,0,-37680.8,1.05102e+08
Na23_g0u0800,11,23,g0u0800,M5,3,2,1,-37667.2,1.05102e+08
Na23_g0u0800,11,23,g0u0800,N6,4,3,0,-21179.6,1.05118e+08
Na23_g0u0800,11,23,g0u0800,N7,4,3,1,-21176.8,1.05118e+08
Na23_g0u0800,11,23,g0u0800,O8,5,4,0,-13551.6,1.05126e+08
Na23_g0u0800,11,23,g0u0800,O9,5,4,1,-13550.8,1.05126e+08
Na23_g0u0800,11,23,g0u0800,P10,6,5,0,-9410.02,1.0513e+08
Na23_g0u0800,11,23,g0u0800,P11,6,5,1,-9409.69,1.0513e+08
Na23_g0u0800,11,23,g0u0800,Q12,7,6,0,-6913.24,1.05133e+08
Na23_g0u0800,11,23,g0u0800,Q13,7,6,1,-6913.09,1.05133e+08
Na23_g0u0800,11,23,g0u0800,R14,8,7,0,-5292.85,1.05134e+08
Na23_g0u0800,11,23,g0u0800,R15,8,7,1,-5292.78,1.05134e+08
Na23_g0u0900,11,23,g0u0900,K1,1,0,1,-335150,1.04804e+08
Na23_g0u0900,11,23,g0u0900,L2,2,1,0,-85015.1,1.05055e+08
Na23_g0u0900,11,23,g0u0900,L3,2,1,1,-84878,1.05055e+08
Na23_g0u0900,11,23,g0u0900,M4,3,2,0,-37680.8,1.05102e+08
Na23_g0u0900,11,23,g0u0900,M5,3,2,1,-37667.2,1.05102e+08
Na23_g0u0900,11,23,g0u0900,N6,4,3,0,-21179.6,1.05118e+08
Na23_g0u0900,11,23,g0u0900,N7,4,3,1,-21176.8,1.05118e+08
Na23_g0u0900,11,23,g0u0900,O8,5,4,0,-13551.6,1.05126e+08
Na23_g0u0900,11,23,g0u0900,O9,5,4,1,-13550.8,1.05126e+08
Na23_g0u0900,11,23,g0u0900,P10,6,5,0,-9410.02,1.0513e+08
Na23_g0u0900,11,23,g0u0900,P11,6,5,1,-9409.69,1.0513e+08
Na23_g0u0900,11,23,g0u0900,Q12,7,6,0,-6913.24,1.05133e+08
Na23_g0u0900,11,23,g0u0900,Q13,7,6,1,-6913.09,1.05133e+08
Na23_g0u0900,11,23,g0u0900,R14,8,7,0,-5292.85,1.05134e+08
Na23_g0u0900,11,23,g0u0900,R15,8,7,1,-5292.78,1.05134e+08
Na23_g0u1000,11,23,g0u1000,K1,1,0,1,-335150,1.04804e+08
Na23_g0u1000,11,23,g0u1000,L2,2,1,0,-85015.1,1.05055e+08
Na23_g0u1000,11,23,g0u1000,L3,2,1,1,-84878,1.05055e+08
Na23_g0u1000,11,23,g0u1000,M4,3,2,0,-37680.8,1.05102e+08
Na23_g0u1000,11,23,g0u1000,M5,3,2,1,-37667.2,1.05102e+08
Na23_g0u1000,11,23,g0u1000,N6,4,3,0,-21179.6,1.05118e+08
Na23_g0u1000,11,23,g0u1000,N7,4,3,1,-21176.8,1.05118e+08
Na23_g0u1000,11,23,g0u1000,O8,5,4,0,-13551.6,1.05126e+08
Na23_g0u1000,11,23,g0u1000,O9,5,4,1,-13550.8,1.05126e+08
Na23_g0u1000,11,23,g0u1000,P10,6,5,0,-9410.02,1.0513e+08
Na23_g0u1000,11,23,g0u1000,P11,6,5,1,-9409.69,1.0513e+08
Na23_g0u1000,11,23,g0u1000,Q12,7,6,0,-6913.24,1.05133e+08
Na23_g0u1000,11,23,g0u1000,Q13,7,6,1,-6913.09,1.05133e+08
Na23_g0u1000,11,23,g0u1000,R14,8,7,0,-5292.85,1.05134e+08
Na23_g0u1000,11,23,g0u1000,R15,8,7,1,-5292.78,1.05134e+08
Na23_g0u1100,11,23,g0u1100,K1,1,0,1,-335150,1.04804e+08
Na23_g0u1100,11,23,g0u1100,L2,2,1,0,-85015.2,1.05055e+08
Na23_g0u1100,11,23,g0u1100,L3,2,1,1,-84878,1.05055e+08
Na23_g0u1100,11,23,g0u1100,M4,3,2,0,-37680.8,1.05102e+08
Na23_g0u1100,11,23,g0u1100,M5,3,2,1,-37667.2,1.05102e+08
Na23_g0u1100,11,23,g0u1100,N6,4,3,0,-21179.6,1.05118e+08
Na23_g0u1100,11,23,g0u1100,N7,4,3,1,-21176.8,1.05118e+08
Na23_g0u1100,11,23,g0u1100,O8,5,4,0,-13551.6,1.05126e+08
Na23_g0u1100,11,23,g0u1100,O9,5,4,1,-13550.8,1.05126e+08
Na23_g0u1100,11,23,g0u1100,P10,6,5,0,-9410.02,1.0513e+08
Na23_g0u1100,11,23,g0u1100,P11,6,5,1,-9409.69,1.0513e+08
Na23_g0u1100,11,23,g0u1100,Q12,7,6,0,-6913.24,1.05133e+08
Na23_g0u1100,11,23,g0u1100,Q13,7,6,1,-6913.09,1.05133e+08
Na23_g0u1100,11,23,g0u1100,R14,8,7,0,-5292.85,1.05134e+08
Na23_g0u1100,11,23,g0u1100,R15,8,7,1,-5292.78,1.05134e+08
Na23_g0u1200,11,23,g0u1200,K1,1,0,1,-335150,1.04804e+08
Na23_g0u1200,11,23,g0u1200,L2,2,1,0,-85015.2,1.05055e+08
Na23_g0u1200,11,23,g0u1200,L3,2,1,1,-84878,1.05055e+08
Na23_g0u1200,11,23,g0u1200,M4,3,2,0,-37680.8,1.05102e+08
Na23_g0u1200,11,23,g0u1200,M5,3,2,1,-37667.2,1.05102e+08
Na23_g0u1200,11,23,g0u1200,N6,4,3,0,-21179.6,1.05118e+08
Na23_g0u1200,11,23,g0u1200,N7,4,3,1,-21176.8,1.05118e+08
Na23_g0u1200,11,23,g0u1200,O8,5,4,0,-13551.6,1.05126e+08
Na23_g0u1200,11,23,g0u1200,O9,5,4,1,-13550.8,1.05126e+08
Na23_g0u1200,11,23,g0u1200,P10,6,5,0,-9410.02,1.0513e+08
Na23_g0u1200,11,23,g0u1200,P11,6,5,1,-9409.69,1.0513e+08
Na23_g0u1200,11,23,g0u1200,Q12,7,6,0,-6913.24,1.05133e+08
Na23_g0u1200,11,23,g0u1200,Q13,7,6,1,-6913.09,1.05133e+08
Na23_g0u1200,11,23,g0u1200,R14,8,7,0,-5292.85,1.05134e+08
Na23_g0u1200,11,23,g0u1200,R15,8,7,1,-5292.78,1.05134e+08
Na23_g0u1300,11,23,g0u1300,K1,1,0,1,-335150,1.04804e+08
Na23_g0u1300,11,23,g0u1300,L2,2,1,0,-85015.2,1.05055e+08
Na23_g0u1300,11,23,g0u1300,L3,2,1,1,-84878,1.05055e+08
Na23_g0u1300,11,23,g0u1300,M4,3,2,0,-37680.8,1.05102e+08
Na23_g0u1300,11,23,g0u1300,M5,3,2,1,-37667.2,1.05102e+08
Na23_g0u1300,11,23,g0u1300,N6,4,3,0,-21179.6,1.05118e+08
Na23_g0u1300,11,23,g0u1300,N7,4,3,1,-21176.8,1.05118e+08
Na23_g0u1300,11,23,g0u1300,O8,5,4,0,-13551.6,1.05126e+08
Na23_g0u1300,11,23,g0u1300,O9,5,4,1,-13550.8,1.05126e+08
Na23_g0u1300,11,23,g0u1300,P10,6,5,0,-9410.02,1.0513e+08
Na23_g0u1300,11,23,g0u1300,P11,6,5,1,-9409.69,1.0513e+08
Na23_g0u1300,11,23,g0u1300,Q12,7,6,0,-6913.24,1.05133e+08
Na23_g0u1300,11,23,g0u1300,Q13,7,6,1,-6913.09,1.05133e+08
Na23_g0u1300,11,23,g0u1300,R14,8,7,0,-5292.85,1.05134e+08
Na23_g0u1300,11,23,g0u1300,R15,8,7,1,-5292.78,1.05134e+08
Na23_g0u1400,11,23,g0u1400,K1,1,0,1,-335150,1.04804e+08
Na23_g0u1400,11,23,g0u1400,L2,2,1,0,-85015.2,1.05055e+08
Na23_g0u1400,11,23,g0u1400,L3,2,1,1,-84878,1.05055e+08
Na23_g0u1400,11,23,g0u1400,M4,3,2,0,-37680.8,1.05102e+08
Na23_g0u1400,11,23,g0u1400,M5,3,2,1,-37667.2,1.05102e+08
Na23_g0u1400,11,23,g0u1400,N6,4,3,0,-21179.6,1.05118e+08
Na23_g0u1400,11,23,g0u1400,N7,4,3,1,-21176.8,1.05118e+08
Na23_g0u1400,11,23,g0u1400,O8,5,4,0,-13551.6,1.05126e+08
Na23_g0u1400,11,23,g0u1400,O9,5,4,1,-13550.8,1.05126e+08
Na23_g0u1400,11,23,g0u1400,P10,6,5,0,-9410.02,1.0513e+08
Na23_g0u1400,11,23,g0u1400,P11,6,5,1,-9409.69,1.0513e+08
Na23_g0u1400,11,23,g0u1400,Q12,7,6,0,-6913.24,1.05133e+08
Na23_g0u1400,11,23,g0u1400,Q13,7,6,1,-6913.09,1.05133e+08
Na23_g0u1400,11,23,g0u1400,R14,8,7,0,-5292.85,1.05134e+08
Na23_g0u1400,11,23,g0u1400,R15,8,7,1,-5292.78,1.05134e+08
Na23_g0u1500,11,23,g0u1500,K1,1,0,1,-335150,1.04804e+08
Na23_g0u1500,11,23,g0u1500,L2,2,1,0,-85015.2,1.05055e+08
Na23_g0u1500,11,23,g0u1500,L3,2,1,1,-84878,1.05055e+08
Na23_g0u1500,11,23,g0u1500,M4,3,2,0,-37680.8,1.05102e+08
Na23_g0u1500,11,23,g0u1500,M5,3,2,1,-37667.2,1.05102e+08
Na23_g0u1500,11,23,g0u1500,N6,4,3,0,-21179.6,1.05118e+08
Na23_g0u1500,11,23,g0u1500,N7,4,3,1,-21176.8,1.05118e+08
Na23_g0u1500,11,23,g0u1500,O8,5,4,0,-13551.6,1.05126e+08
Na23_g0u1500,11,23,g0u1500,O9,5,4,1,-13550.8,1.05126e+08
Na23_g0u1500,11,23,g0u1500,P10,6,5,0,-9410.02,1.0513e+08
Na23_g0u1500,11,23,g0u1500,P11,6,5,1,-9409.69,1.0513e+08
Na23_g0u1500,11,23,g0u1500,Q12,7,6,0,-6913.24,1.05133e+08
Na23_g0u1500,11,23,g0u1500,Q13,7,6,1,-6913.09,1.05133e+08
Na23_g0u1500,11,23,g0u1500,R14,8,7,0,-5292.85,1.05134e+08
Na23_g0u1500,11,23,g0u1500,R15,8,7,1,-5292.78,1.05134e+08
Na23_g0u1600,11,23,g0u1600,K1,1,0,1,-335150,1.04804e+08
Na23_g0u1600,11,23,g0u1600,L2,2,1,0,-85015.2,1.05055e+08
Na23_g0u1600,11,23,g0u1600,L3,2,1,1,-84878,1.05055e+08
Na23_g0u1600,11,23,g0u1600,M4,3,2,0,-37680.8,1.05102e+08
Na23_g0u1600,11,23,g0u1600,M5,3,2,1,-37667.2,1.05102e+08
Na23_g0u1600,11,23,g0u1600,N6,4,3,0,-21179.6,1.05118e+08
Na23_g0u1600,11,23,g0u1600,N7,4,3,1,-21176.8,1.05118e+08
Na23_g0u1600,11,23,g0u1600,O8,5,4,0,-13551.6,1.05126e+08
Na23_g0u1600,11,23,g0u1600,O9,5,4,1,-13550.8,1.05126e+08
Na23_g0u1600,11,23,g0u1600,P10,6,5,0,-9410.02,1.0513e+08
Na23_g0u1600,11,23,g0u1600,P11,6,5,1,-9409.69,1.0513e+08
Na23_g0u1600,11,23,g0u1600,Q12,7,6,0,-6913.24,1.05133e+08
Na23_g0u1600,11,23,g0u1600,Q13,7,6,1,-6913.09,1.05133e+08
Na23_g0u1600,11,23,g0u1600,R14,8,7,0,-5292.85,1.05134e+08
Na23_g0u1600,11,23,g0u1600,R15,8,7,1,-5292.78,1.05134e+08
Na23_g0u1700,11,23,g0u1700,K1,1,0,1,-335150,1.04804e+08
Na23_g0u1700,11,23,g0u1700,L2,2,1,0,-85015.2,1.05055e+08
Na23_g0u1700,11,23,g0u1700,L3,2,1,1,-84878,1.05055e+08
Na23_g0u1700,11,23,g0u1700,M4,3,2,0,-37680.8,1.05102e+08
Na23_g0u1700,11,23,g0u1700,M5,3,2,1,-37667.2,1.05102e+08
Na23_g0u1700,11,23,g0u1700,N6,4,3,0,-21179.6,1.05118e+08
Na23_g0u1700,11,23,g0u1700,N7,4,3,1,-21176.8,1.05118e+08
Na23_g0u1700,11,23,g0u1700,O8,5,4,0,-13551.6,1.05126e+08
Na23_g0u1700,11,23,g0u1700,O9,5,4,1,-13550.8,1.05126e+08
Na23_g0u1700,11,23,g0u1700,P10,6,5,0,-9410.02,1.0513e+08
Na23_g0u1700,11,23,g0u1700,P11,6,5,1,-9409.69,1.0513e+08
Na23_g0u1700,11,23,g0u1700,Q12,7,6,0,-6913.24,1.05133e+08
Na23_g0u1700,11,23,g0u1700,Q13,7,6,1,-6913.09,1.05133e+08
Na23_g0u1700,11,23,g0u1700,R14,8,7,0,-5292.85,1.05134e+08
Na23_g0u1700,11,23,g0u1700,R15,8,7,1,-5292.78,1.05134e+08
Na23_g0u1800,11,23,g0u1800,K1,1,0,1,-335150,1.04804e+08
Na23_g0u1800,11,23,g0u1800,L2,2,1,0,-85015.2,1.05055e+08
Na23_g0u1800,11,23,g0u1800,L3,2,1,1,-84878,1.05055e+08
Na23_g0u1800,11,23,g0u1800,M4,3,2,0,-37680.8,1.05102e+08
Na23_g0u1800,11,23,g0u1800,M5,3,2,1,-37667.2,1.05102e+08
Na23_g0u1800,11,23,g0u1800,N6,4,3,0,-21179.6,1.05118e+08
Na23_g0u1800,11,23,g0u1800,N7,4,3,1,-21176.8,1.05118e+08
Na23_g0u1800,11,23,g0u1800,O8,5,4,0,-13551.6,1.05126e+08
Na23_g0u1800,11,23,g0u1800,O9,5,4,1,-13550.8,1.05126e+08
Na23_g0u1800,11,23,g0u1800,P10,6,5,0,-9410.02,1.0513e+08
Na23_g0u1800,11,23,g0u1800,P11,6,5,1,-9409.69,1.0513e+08
Na23_g0u1800,11,23,g0u1800,Q12,7,6,0,-6913.24,1.05133e+08
Na23_g0u1800,11,23,g0u1800,Q13,7,6,1,-6913.09,1.05133e+08
Na23_g0u1800,11,23,g0u1800,R14,8,7,0,-5292.85,1.05134e+08
Na23_g0u1800,11,23,g0u1800,R15,8,7,1,-5292.78,1.05134e+08
Na23_g0u1900,11,23,g0u1900,K1,1,0,1,-335150,1.04804e+08
Na23_g0u1900,11,23,g0u1900,L2,2,1,0,-85015.2,1.05055e+08
Na23_g0u1900,11,23,g0u1900,L3,2,1,1,-84878,1.05055e+08
Na23_g0u1900,11,23,g0u1900,M4,3,2,0,-37680.8,1.05102e+08
Na23_g0u1900,11,23,g0u1900,M5,3,2,1,-37667.2,1.05102e+08
Na23_g0u1900,11,23,g0u1900,N6,4,3,0,-21179.6,1.05118e+08
Na23_g0u1900,11,23,g0u1900,N7,4,3,1,-21176.8,1.05118e+08
Na23_g0u1900,11,23,g0u1900,O8,5,4,0,-13551.6,1.05126e+08
Na23_g0u1900,11,23,g0u1900,O9,5,4,1,-13550.8,1.05126e+08
Na23_g0u1900,11,23,g0u1900,P10,6,5,0,-9410.02,1.0513e+08
Na23_g0u1900,11,23,g0u1900,P11,6,5,1,-9409.69,1.0513e+08
Na23_g0u1900,11,23,g0u1900,Q12,7,6,0,-6913.24,1.05133e+08
Na23_g0u1900,11,23,g0u1900,Q13,7,6,1,-6913.09,1.05133e+08
Na23_g0u1900,11,23,g0u1900,R14,8,7,0,-5292.85,1.05134e+08
Na23_g0u1900,11,23,g0u1900,R15,8,7,1,-5292.78,1.05134e+08
Na23_g0u2000,11,23,g0u2000,K1,1,0,1,-335150,1.04804e+08
Na23_g0u2000,11,23,g0u2000,L2,2,1,0,-85015.2,1.05055e+08
Na23_g0u2000,11,23,g0u2000,L3,2,1,1,-84878,1.05055e+08
Na23_g0u2000,11,23,g0u2000,M4,3,2,0,-37680.8,1.05102e+08
Na23_g0u2000,11,23,g0u2000,M5,3,2,1,-37667.2,1.05102e+08
Na23_g0u2000,11,23,g0u2000,N6,4,3,0,-21179.6,1.05118e+08
Na23_g0u2000,11,23,g0u2000,N7,4,3,1,-21176.8,1.05118e+08
Na23_g0u2000,11,23,g0u2000,O8,5,4,0,-13551.6,1.05126e+08
Na23_g0u2000,11,23,g0u2000,O9,5,4,1,-13550.8,1.05126e+08
Na23_g0u2000,11,23,g0u2000,P10,6,5,0,-9410.02,1.0513e+08
Na23_g0u2000,11,23,g0u2000,P11,6,5,1,-9409.69,1.0513e+08
Na23_g0u2000,11,23,g0u2000,Q12,7,6,0,-6913.24,1.05133e+08
Na23_g0u2000,11,23,g0u2000,Q13,7,6,1,-6913.09,1.05133e+08
Na23_g0u2000,11,23,g0u2000,R14,8,7,0,-5292.85,1.05134e+08
Na23_g0u2000,11,23,g0u2000,R15,8,7,1,-5292.78,1.05134e+08
Na23_g0u2100,11,23,g0u2100,K1,1,0,1,-335150,1.04804e+08
Na23_g0u2100,11,23,g0u2100,L2,2,1,0,-85015.2,1.05055e+08
Na23_g0u2100,11,23,g0u2100,L3,2,1,1,-84878,1.05055e+08
Na23_g0u2100,11,23,g0u2100,M4,3,2,0,-37680.8,1.05102e+08
Na23_g0u2100,11,23,g0u2100,M5,3,2,1,-37667.2,1.05102e+08
Na23_g0u2100,11,23,g0u2100,N6,4,3,0,-21179.6,1.05118e+08
Na23_g0u2100,11,23,g0u2100,N7,4,3,1,-21176.8,1.05118e+08
Na23_g0u2100,11,23,g0u2100,O8,5,4,0,-13551.6,1.05126e+08
Na23_g0u2100,11,23,g0u2100,O9,5,4,1,-13550.8,1.05126e+08
Na23_g0u2100,11,23,g0u2100,P10,6,5,0,-9410.02,1.0513e+08
Na23_g0u2100,11,23,g0u2100,P11,6,5,1,-9409.69,1.0513e+08
Na23_g0u2100,11,23,g0u2100,Q12,7,6,0,-6913.24,1.05133e+08
Na23_g0u2100,11,23,g0u2100,Q13,7,6,1,-6913.09,1.05133e+08
Na23_g0u2100,11,23,g0u2100,R14,8,7,0,-5292.85,1.05134e+08
Na23_g0u2100,11,23,g0u2100,R15,8,7,1,-5292.78,1.05134e+08
Na23_g0u2200,11,23,g0u2200,K1,1,0,1,-335150,1.04804e+08
Na23_g0u2200,11,23,g0u2200,L2,2,1,0,-85015.2,1.05055e+08
Na23_g0u2200,11,23,g0u2200,L3,2,1,1,-84878,1.05055e+08
Na23_g0u2200,11,23,g0u2200,M4,3,2,0,-37680.8,1.05102e+08
Na23_g0u2200,11,23,g0u2200,M5,3,2,1,-37667.2,1.05102e+08
Na23_g0u2200,11,23,g0u2200,N6,4,3,0,-21179.6,1.05118e+08
Na23_g0u2200,11,23,g0u2200,N7,4,3,1,-21176.8,1.05118e+08
Na23_g0u2200,11,23,g0u2200,O8,5,4,0,-13551.6,1.05126e+08
Na23_g0u2200,11,23,g0u2200,O9,5,4,1,-13550.8,1.05126e+08
Na23_g0u2200,11,23,g0u2200,P10,6,5,0,-9410.02,1.0513e+08
Na23_g0u2200,11,23,g0u2200,P11,6,5,1,-9409.69,1.0513e+08
Na23_g0u2200,11,23,g0u2200,Q12,7,6,0,-6913.24,1.05133e+08
Na23_g0u2200,11,23,g0u2200,Q13,7,6,1,-6913.09,1.05133e+08
Na23_g0u2200,11,23,g0u2200,R14,8,7,0,-5292.85,1.05134e+08
Na23_g0u2200,11,23,g0u2200,R15,8,7,1,-5292.78,1.05134e+08
Na23_g0u2300,11,23,g0u2300,K1,1,0,1,-335149,1.04804e+08
Na23_g0u2300,11,23,g0u2300,L2,2,1,0,-85015.2,1.05055e+08
Na23_g0u2300,11,23,g0u2300,L3,2,1,1,-84878,1.05055e+08
Na23_g0u2300,11,23,g0u2300,M4,3,2,0,-37680.8,1.05102e+08
Na23_g0u2300,11,23,g0u2300,M5,3,2,1,-37667.2,1.05102e+08
Na23_g0u2300,11,23,g0u2300,N6,4,3,0,-21179.6,1.05118e+08
Na23_g0u2300,11,23,g0u2300,N7,4,3,1,-21176.8,1.05118e+08
Na23_g0u2300,11,23,g0u2300,O8,5,4,0,-13551.6,1.05126e+08
Na23_g0u2300,11,23,g0u2300,O9,5,4,1,-13550.8,1.05126e+08
Na23_g0u2300,11,23,g0u2300,P10,6,5,0,-9410.02,1.0513e+08
Na23_g0u2300,11,23,g0u2300,P11,6,5,1,-9409.69,1.0513e+08
Na23_g0u2300,11,23,g0u2300,Q12,7,6,0,-6913.24,1.05133e+08
Na23_g0u2300,11,23,g0u2300,Q13,7,6,1,-6913.09,1.05133e+08
Na23_g0u2300,11,23,g0u2300,R14,8,7,0,-5292.85,1.05134e+08
Na23_g0u2300,11,23,g0u2300,R15,8,7,1,-5292.78,1.05134e+08
Na23_g0u2400,11,23,g0u2400,K1,1,0,1,-335150,1.04804e+08
Na23_g0u2400,11,23,g0u2400,L2,2,1,0,-85015.2,1.05055e+08
Na23_g0u2400,11,23,g0u2400,L3,2,1,1,-84878,1.05055e+08
Na23_g0u2400,11,23,g0u2400,M4,3,2,0,-37680.8,1.05102e+08
Na23_g0u2400,11,23,g0u2400,M5,3,2,1,-37667.2,1.05102e+08
Na23_g0u2400,11,23,g0u2400,N6,4,3,0,-21179.6,1.05118e+08
Na23_g0u2400,11,23,g0u2400,N7,4,3,1,-21176.8,1.05118e+08
Na23_g0u2400,11,23,g0u2400,O8,5,4,0,-13551.6,1.05126e+08
Na23_g0u2400,11,23,g0u2400,O9,5,4,1,-13550.8,1.05126e+08
Na23_g0u2400,11,23,g0u2400,P10,6,5,0,-9410.02,1.0513e+08
Na23_g0u2400,11,23,g0u2400,P11,6,5,1,-9409.69,1.0513e+08
Na23_g0u2400,11,23,g0u2400,Q12,7,6,0,-6913.24,1.05133e+08
Na23_g0u2400,11,23,g0u2400,Q13,7,6,1,-6913.09,1.05133e+08
Na23_g0u2400,11,23,g0u2400,R14,8,7,0,-5292.85,1.05134e+08
Na23_g0u2400,11,23,g0u2400,R15,8,7,1,-5292.78,1.05134e+08
Na23_g2u1000,11,23,g2u1000,K1,1,0,1,-335150,1.04804e+08
Na23_g2u1000,11,23,g2u1000,L2,2,1,0,-85015.1,1.05055e+08
Na23_g2u1000,11,23,g2u1000,L3,2,1,1,-84878,1.05055e+08
Na23_g2u1000,11,23,g2u1000,M4,3,2,0,-37680.8,1.05102e+08
Na23_g2u1000,11,23,g2u1000,M5,3,2,1,-37667.2,1.05102e+08
Na23_g2u1000,11,23,g2u1000,N6,4,3,0,-21179.6,1.05118e+08
Na23_g2u1000,11,23,g2u1000,N7,4,3,1,-21176.8,1.05118e+08
Na23_g2u1000,11,23,g2u1000,O8,5,4,0,-13551.6,1.05126e+08
Na23_g2u1000,11,23,g2u1000,O9,5,4,1,-13550.8,1.05126e+08
Na23_g2u1000,11,23,g2u1000,P10,6,5,0,-9410.02,1.0513e+08
Na23_g2u1000,11,23,g2u1000,P11,6,5,1,-9409.69,1.0513e+08
Na23_g2u1000,11,23,g2u1000,Q12,7,6,0,-6913.24,1.05133e+08
Na23_g2u1000,11,23,g2u1000,Q13,7,6,1,-6913.09,1.05133e+08
Na23_g2u1000,11,23,g2u1000,R14,8,7,0,-5292.85,1.05134e+08
Na23_g2u1000,11,23,g2u1000,R15,8,7,1,-5292.78,1.05134e+08
Al27_g0u0050,13,27,g0u0050,K1,1,0,1,-465604,1.0475e+08
Al27_g0u0050,13,27,g0u0050,L2,2,1,0,-118959,1.05097e+08
Al27_g0u0050,13,27,g0u0050,L3,2,1,1,-118691,1.05097e+08
Al27_g0u0050,13,27,g0u0050,M4,3,2,0,-52687.6,1.05163e+08
Al27_g0u0050,13,27,g0u0050,M5,3,2,1,-52661.1,1.05163e+08
Al27_g0u0050,13,27,g0u0050,N6,4,3,0,-29608.2,1.05186e+08
Al27_g0u0050,13,27,g0u0050,N7,4,3,1,-29602.6,1.05186e+08
Al27_g0u0050,13,27,g0u0050,O8,5,4,0,-18942.8,1.05197e+08
Al27_g0u0050,13,27,g0u0050,O9,5,4,1,-18941.1,1.05197e+08
Al27_g0u0050,13,27,g0u0050,P10,6,5,0,-13153,1.05203e+08
Al27_g0u0050,13,27,g0u0050,P11,6,5,1,-13152.4,1.05203e+08
Al27_g0u0050,13,27,g0u0050,Q12,7,6,0,-9662.94,1.05206e+08
Al27_g0u0050,13,27,g0u0050,Q13,7,6,1,-9662.64,1.05206e+08
Al27_g0u0050,13,27,g0u0050,R14,8,7,0,-7397.99,1.05209e+08
Al27_g0u0050,13,27,g0u0050,R15,8,7,1,-7397.85,1.05209e+08
Al27_g0u0100,13,27,g0u0100,K1,1,0,1,-465615,1.0475e+08
Al27_g0u0100,13,27,g0u0100,L2,2,1,0,-118959,1.05097e+08
Al27_g0u0100,13,27,g0u0100,L3,2,1,1,-118691,1.05097e+08
Al27_g0u0100,13,27,g0u0100,M4,3,2,0,-52687.6,1.05163e+08
Al27_g0u0100,13,27,g0u0100,M5,3,2,1,-52661.2,1.05163e+08
Al27_g0u0100,13,27,g0u0100,N6,4,3,0,-29608.2,1.05186e+08
Al27_g0u0100,13,27,g0u0100,N7,4,3,1,-29602.6,1.05186e+08
Al27_g0u0100,13,27,g0u0100,O8,5,4,0,-18942.8,1.05197e+08
Al27_g0u0100,13,27,g0u0100,O9,5,4,1,-18941.1,1.05197e+08
Al27_g0u0100,13,27,g0u0100,P10,6,5,0,-13153.1,1.05203e+08
Al27_g0u0100,13,27,g0u0100,P11,6,5,1,-13152.4,1.05203e+08
Al27_g0u0100,13,27,g0u0100,Q12,7,6,0,-9662.94,1.05206e+08
Al27_g0u0100,13,27,g0u0100,Q13,7,6,1,-9662.65,1.05206e+08
Al27_g0u0100,13,27,g0u0100,R14,8,7,0,-7397.99,1.05209e+08
Al27_g0u0100,13,27,g0u0100,R15,8,7,1,-7397.85,1.05209e+08
Al27_g0u0150,13,27,g0u0150,K1,1,0,1,-465617,1.0475e+08
Al27_g0u0150,13,27,g0u0150,L2,2,1,0,-118959,1.05097e+08
Al27_g0u0150,13,27,g0u0150,L3,2,1,1,-118691,1.05097e+08
Al27_g0u0150,13,27,g0u0150,M4,3,2,0,-52687.6,1.05163e+08
Al27_g0u0150,13,27,g0u0150,M5,3,2,1,-52661.2,1.05163e+08
Al27_g0u0150,13,27,g0u0150,N6,4,3,0,-29608.2,1.05186e+08
Al27_g0u0150,13,27,g0u0150,N7,4,3,1,-29602.6,1.05186e+08
Al27_g0u0150,13,27,g0u0150,O8,5,4,0,-18942.8,1.05197e+08
Al27_g0u0150,13,27,g0u0150,O9,5,4,1,-18941.1,1.05197e+08
Al27_g0u0150,13,27,g0u0150,P10,6,5,0,-13153.1,1.05203e+08
Al27_g0u0150,13,27,g0u0150,P11,6,5,1,-13152.4,1.05203e+08
Al27_g0u0150,13,27,g0u0150,Q12,7,6,0,-9662.94,1.05206e+08
Al27_g0u0150,13,27,g0u0150,Q13,7,6,1,-9662.65,1.05206e+08
Al27_g0u0150,13,27,g0u0150,R14,8,7,0,-7397.99,1.05209e+08
Al27_g0u0150,13,27,g0u0150,R15,8,7,1,-7397.85,1.05209e+08
Al27_g0u0200,13,27,g0u0200,K1,1,0,1,-465618,1.0475e+08
Al27_g0u0200,13,27,g0u0200,L2,2,1,0,-118959,1.05097e+08
Al27_g0u0200,13,27,g0u0200,L3,2,1,1,-118691,1.05097e+08
Al27_g0u0200,13,27,g0u0200,M4,3,2,0,-52687.7,1.05163e+08
Al27_g0u0200,13,27,g0u0200,M5,3,2,1,-52661.2,1.05163e+08
Al27_g0u0200,13,27,g0u0200,N6,4,3,0,-29608.2,1.05186e+08
Al27_g0u0200,13,27,g0u0200,N7,4,3,1,-29602.6,1.05186e+08
Al27_g0u0200,13,27,g0u0200,O8,5,4,0,-18942.8,1.05197e+08
Al27_g0u0200,13,27,g0u0200,O9,5,4,1,-18941.1,1.05197e+08
Al27_g0u0200,13,27,g0u0200,P10,6,5,0,-13153.1,1.05203e+08
Al27_g0u0200,13,27,g0u0200,P11,6,5,1,-13152.4,1.05203e+08
Al27_g0u0200,13,27,g0u0200,Q12,7,6,0,-9662.94,1.05206e+08
Al27_g0u0200,13,27,g0u0200,Q13,7,6,1,-9662.65,1.05206e+08
Al27_g0u0200,13,27,g0u0200,R14,8,7,0,-7397.99,1.05209e+08
Al27_g0u0200,13,27,g0u0200,R15,8,7,1,-7397.85,1.05209e+08
Al27_g0u0250,13,27,g0u0250,K1,1,0,1,-465618,1.0475e+08
Al27_g0u0250,13,27,g0u0250,L2,2,1,0,-118959,1.05097e+08
Al27_g0u0250,13,27,g0u0250,L3,2,1,1,-118691,1.05097e+08
Al27_g0u0250,13,27,g0u0250,M4,3,2,0,-52687.7,1.05163e+08
Al27_g0u0250,13,27,g0u0250,M5,3,2,1,-52661.2,1.05163e+08
Al27_g0u0250,13,27,g0u0250,N6,4,3,0,-29608.2,1.05186e+08
Al27_g0u0250,13,27,g0u0250,N7,4,3,1,-29602.6,1.05186e+08
Al27_g0u0250,13,27,g0u0250,O8,5,4,0,-18942.8,1.05197e+08
Al27_g0u0250,13,27,g0u0250,O9,5,4,1,-18941.1,1.05197e+08
Al27_g0u0250,13,27,g0u0250,P10,6,5,0,-13153.1,1.05203e+08
Al27_g0u0250,13,27,g0u0250,P11,6,5,1,-13152.4,1.05203e+08
Al27_g0u0250,13,27,g0u0250,Q12,7,6,0,-9662.94,1.05206e+08
Al27_g0u0250,13,27,g0u0250,Q13,7,6,1,-9662.65,1.05206e+08
Al27_g0u0250,13,27,g0u0250,R14,8,7,0,-7397.99,1.05209e+08
Al27_g0u0250,13,27,g0u0250,R15,8,7,1,-7397.85,1.05209e+08
Al27_g0u0300,13,27,g0u0300,K1,1,0,1,-465619,1.0475e+08
Al27_g0u0300,13,27,g0u0300,L2,2,1,0,-118959,1.05097e+08
Al27_g0u0300,13,27,g0u0300,L3,2,1,1,-118691,1.05097e+08
Al27_g0u0300,13,27,g0u0300,M4,3,2,0,-52687.7,1.05163e+08
Al27_g0u0300,13,27,g0u0300,M5,3,2,1,-52661.2,1.05163e+08
Al27_g0u0300,13,27,g0u0300,N6,4,3,0,-29608.2,1.05186e+08
Al27_g0u0300,13,27,g0u0300,N7,4,3,1,-29602.7,1.05186e+08
Al27_g0u0300,13,27,g0u0300,O8,5,4,0,-18942.8,1.05197e+08
Al27_g0u0300,13,27,g0u0300,O9,5,4,1,-18941.1,1.05197e+08
Al27_g0u0300,13,27,g0u0300,P10,6,5,0,-13153.1,1.05203e+08
Al27_g0u0300,13,27,g0u0300,P11,6,5,1,-13152.4,1.05203e+08
Al27_g0u0300,13,27,g0u0300,Q12,7,6,0,-9662.94,1.05206e+08
Al27_g0u0300,13,27,g0u0300,Q13,7,6,1,-9662.65,1.05206e+08
Al27_g0u0300,13,27,g0u0300,R14,8,7,0,-7397.99,1.05209e+08
Al27_g0u0300,13,27,g0u0300,R15,8,7,1,-7397.85,1.05209e+08
Al27_g0u0350,13,27,g0u0350,K1,1,0,1,-465619,1.0475e+08
Al27_g0u0350,13,27,g0u0350,L2,2,1,0,-118959,1.05097e+08
Al27_g0u0350,13,27,g0u0350,L3,2,1,1,-118691,1.05097e+08
Al27_g0u0350,13,27,g0u0350,M4,3,2,0,-52687.7,1.05163e+08
Al27_g0u0350,13,27,g0u0350,M5,3,2,1,-52661.2,1.05163e+08
Al27_g0u0350,13,27,g0u0350,N6,4,3,0,-29608.2,1.05186e+08
Al27_g0u0350,13,27,g0u0350,N7,4,3,1,-29602.7,1.05186e+08
Al27_g0u0350,13,27,g0u0350,O8,5,4,0,-18942.8,1.05197e+08
Al27_g0u0350,13,27,g0u0350,O9,5,4,1,-18941.1,1.05197e+08
Al27_g0u0350,13,27,g0u0350,P10,6,5,0,-13153.1,1.05203e+08
Al27_g0u0350,13,27,g0u0350,P11,6,5,1,-13152.4,1.05203e+08
Al27_g0u0350,13,27,g0u0350,Q12,7,6,0,-9662.94,1.05206e+08
Al27_g0u0350,13,27,g0u0350,Q13,7,6,1,-9662.65,1.05206e+08
Al27_g0u0350,13,27,g0u0350,R14,8,7,0,-7397.99,1.05209e+08
Al27_g0u0350,13,27,g0u0350,R15,8,7,1,-7397.85,1.05209e+08
Al27_g0u0400,13,27,g0u0400,K1,1,0,1,-465619,1.0475e+08
Al27_g0u0400,13,27,g0u0400,L2,2,1,0,-118959,1.05097e+08
Al27_g0u0400,13,27,g0u0400,L3,2,1,1,-118691,1.05097e+08
Al27_g0u0400,13,27,g0u0400,M4,3,2,0,-52687.7,1.05163e+08
Al27_g0u0400,13,27,g0u0400,M5,3,2,1,-52661.2,1.05163e+08
Al27_g0u0400,13,27,g0u0400,N6,4,3,0,-29608.2,1.05186e+08
Al27_g0u0400,13,27,g0u0400,N7,4,3,1,-29602.7,1.05186e+08
Al27_g0u0400,13,27,g0u0400,O8,5,4,0,-18942.8,1.05197e+08
Al27_g0u0400,13,27,g0u0400,O9,5,4,1,-18941.1,1.05197e+08
Al27_g0u0400,13,27,g0u0400,P10,6,5,0,-13153.1,1.05203e+08
Al27_g0u0400,13,27,g0u0400,P11,6,5,1,-13152.4,1.05203e+08
Al27_g0u0400,13,27,g0u0400,Q12,7,6,0,-9662.94,1.05206e+08
Al27_g0u0400,13,27,g0u0400,Q13,7,6,1,-9662.65,1.05206e+08
Al27_g0u0400,13,27,g0u0400,R14,8,7,0,-7397.99,1.05209e+08
Al27_g0u0400,13,27,g0u0400,R15,8,7,1,-7397.85,1.05209e+08
Al27_g0u0450,13,27,g0u0450,K1,1,0,1,-465619,1.0475e+08
Al27_g0u0450,13,27,g0u0450,L2,2,1,0,-118959,1.05097e+08
Al27_g0u0450,13,27,g0u0450,L3,2,1,1,-118691,1.05097e+08
Al27_g0u0450,13,27,g0u0450,M4,3,2,0,-52687.7,1.05163e+08
Al27_g0u0450,13,27,g0u0450,M5,3,2,1,-52661.2,1.05163e+08
Al27_g0u0450,13,27,g0u0450,N6,4,3,0,-29608.2,1.05186e+08
Al27_g0u0450,13,27,g0u0450,N7,4,3,1,-29602.7,1.05186e+08
Al27_g0u0450,13,27,g0u0450,O8,5,4,0,-18942.8,1.05197e+08
Al27_g0u0450,13,27,g0u0450,O9,5,4,1,-18941.1,1.05197e+08
Al27_g0u0450,13,27,g0u0450,P10,6,5,0,-13153.1,1.05203e+08
Al27_g0u0450,13,27,g0u0450,P11,6,5,1,-13152.4,1.05203e+08
Al27_g0u0450,13,27,g0u0450,Q12,7,6,0,-9662.94,1.05206e+08
Al27_g0u0450,13,27,g0u0450,Q13,7,6,1,-9662.65,1.05206e+08
Al27_g0u0450,13,27,g0u0450,R14,8,7,0,-7397.99,1.05209e+08
Al27_g0u0450,13,27,g0u0450,R15,8,7,1,-7397.85,1.05209e+08
Al27_g0u0500,13,27,g0u0500,K1,1,0,1,-465619,1.0475e+08
Al27_g0u0500,13,27,g0u0500,L2,2,1,0,-118959,1.05097e+08
Al27_g0u0500,13,27,g0u0500,L3,2,1,1,-118691,1.05097e+08
Al27_g0u0500,13,27,g0u0500,M4,3,2,0,-52687.7,1.05163e+08
Al27_g0u0500,13,27,g0u0500,M5,3,2,1,-52661.2,1.05163e+08
Al27_g0u0500,13,27,g0u0500,N6,4,3,0,-29608.2,1.05186e+08
Al27_g0u0500,13,27,g0u0500,N7,4,3,1,-29602.7,1.05186e+08
Al27_g0u0500,13,27,g0u0500,O8,5,4,0,-18942.8,1.05197e+08
Al27_g0u0500,13,27,g0u0500,O9,5,4,1,-18941.1,1.05197e+08
Al27_g0u0500,13,27,g0u0500,P10,6,5,0,-13153.1,1.05203e+08
Al27_g0u0500,13,27,g0u0500,P11,6,5,1,-13152.4,1.05203e+08
Al27_g0u0500,13,27,g0u0500,Q12,7,6,0,-9662.94,1.05206e+08
Al27_g0u0500,13,27,g0u0500,Q13,7,6,1,-9662.65,1.05206e+08
Al27_g0u0500,13,27,g0u0500,R14,8,7,0,-7397.99,1.05209e+08
Al27_g0u0500,13,27,g0u0500,R15,8,7,1,-7397.85,1.05209e+08
Al27_g0u0550,13,27,g0u0550,K1,1,0,1,-465619,1.0475e+08
Al27_g0u0550,13,27,g0u0550,L2,2,1,0,-118959,1.05097e+08
Al27_g0u0550,13,27,g0u0550,L3,2,1,1,-118691,1.05097e+08
Al27_g0u0550,13,27,g0u0550,M4,3,2,0,-52687.7,1.05163e+08
Al27_g0u0550,13,27,g0u0550,M5,3,2,1,-52661.2,1.05163e+08
Al27_g0u0550,13,27,g0u0550,N6,4,3,0,-29608.2,1.05186e+08
Al27_g0u0550,13,27,g0u0550,N7,4,3,1,-29602.7,1.05186e+08
Al27_g0u0550,13,27,g0u0550,O8,5,4,0,-18942.8,1.05197e+08
Al27_g0u0550,13,27,g0u0550,O9,5,4,1,-18941.1,1.05197e+08
Al27_g0u0550,13,27,g0u0550,P10,6,5,0,-13153.1,1.05203e+08
Al27_g0u0550,13,27,g0u0550,P11,6,5,1,-13152.4,1.05203e+08
Al27_g0u0550,13,27,g0u0550,Q12,7,6,0,-9662.94,1.05206e+08
Al27_g0u0550,13,27,g0u0550,Q13,7,6,1,-9662.65,1.05206e+08
Al27_g0u0550,13,27,g0u0550,R14,8,7,0,-7397.99,1.05209e+08
Al27_g0u0550,13,27,g0u0550,R15,8,7,1,-7397.85,1.05209e+08
Al27_g0u0600,13,27,g0u0600,K1,1,0,1,-465619,1.0475e+08
Al27_g0u0600,13,27,g0u0600,L2,2,1,0,-118959,1.05097e+08
Al27_g0u0600,13,27,g0u0600,L3,2,1,1,-118691,1.05097e+08
Al27_g0u0600,13,27,g0u0600,M4,3,2,0,-52687.7,1.05163e+08
Al27_g0u0600,13,27,g0u0600,M5,3,2,1,-52661.2,1.05163e+08
Al27_g0u0600,13,27,g0u0600,N6,4,3,0,-29608.2,1.05186e+08
Al27_g0u0600,13,27,g0u0600,N7,4,3,1,-29602.7,1.05186e+08
Al27_g0u0600,13,27,g0u0600,O8,5,4,0,-18942.8,1.05197e+08
Al27_g0u0600,13,27,g0u0600,O9,5,4,1,-18941.1,1.05197e+08
Al27_g0u0600,13,27,g0u0600,P10,6,5,0,-13153.1,1.05203e+08
Al27_g0u0600,13,27,g0u0600,P11,6,5,1,-13152.4,1.05203e+08
Al27_g0u0600,13,27,g0u0600,Q12,7,6,0,-9662.94,1.05206e+08
Al27_g0u0600,13,27,g0u0600,Q13,7,6,1,-9662.65,1.05206e+08
Al27_g0u0600,13,27,g0u0600,R14,8,7,0,-7397.99,1.05209e+08
Al27_g0u0600,13,27,g0u0600,R15,8,7,1,-7397.85,1.05209e+08
Al27_g0u0700,13,27,g0u0700,K1,1,0,1,-465619,1.0475e+08
Al27_g0u0700,13,27,g0u0700,L2,2,1,0,-118959,1.05097e+08
Al27_g0u0700,13,27,g0u0700,L3,2,1,1,-118691,1.05097e+08
Al27_g0u0700,13,27,g0u0700,M4,3,2,0,-52687.7,1.05163e+08
Al27_g0u0700,13,27,g0u0700,M5,3,2,1,-52661.2,1.05163e+08
Al27_g0u0700,13,27,g0u0700,N6,4,3,0,-29608.2,1.05186e+08
Al27_g0u0700,13,27,g0u0700,N7,4,3,1,-29602.7,1.05186e+08
Al27_g0u0700,13,27,g0u0700,O8,5,4,0,-18942.8,1.05197e+08
Al27_g0u0700,13,27,g0u0700,O9,5,4,1,-18941.1,1.05197e+08
Al27_g0u0700,13,27,g0u0700,P10,6,5,0,-13153.1,1.05203e+08
Al27_g0u0700,13,27,g0u0700,P11,6,5,1,-13152.4,1.05203e+08
Al27_g0u0700,13,27,g0u0700,Q12,7,6,0,-9662.94,1.05206e+08
Al27_g0u0700,13,27,g0u0700,Q13,7,6,1,-9662.65,1.05206e+08
Al27_g0u0700,13,27,g0u0700,R14,8,7,0,-7397.99,1.05209e+08
Al27_g0u0700,13,27,g0u0700,R15,8,7,1,-7397.85,1.05209e+08
Al27_g0u0800,13,27,g0u0800,K1,1,0,1,-465619,1.0475e+08
Al27_g0u0800,13,27,g0u0800,L2,2,1,0,-118959,1.05097e+08
Al27_g0u0800,13,27,g0u0800,L3,2,1,1,-118691,1.05097e+08
Al27_g0u0800,13,27,g0u0800,M4,3,2,0,-52687.7,1.05163e+08
Al27_g0u0800,13,27,g0u0800,M5,3,2,1,-52661.2,1.05163e+08
Al27_g0u0800,13,27,g0u0800,N6,4,3,0,-29608.2,1.05186e+08
Al27_g0u0800,13,27,g0u0800,N7,4,3,1,-29602.7,1.05186e+08
Al27_g0u0800,13,27,g0u0800,O8,5,4,0,-18942.8,1.05197e+08
Al27_g0u0800,13,27,g0u0800,O9,5,4,1,-18941.1,1.05197e+08
Al27_g0u0800,13,27,g0u0800,P10,6,5,0,-13153.1,1.05203e+08
Al27_g0u0800,13,27,g0u0800,P11,6,5,1,-13152.4,1.05203e+08
Al27_g0u0800,13,27,g0u0800,Q12,7,6,0,-9662.94,1.05206e+08
Al27_g0u0800,13,27,g0u0800,Q13,7,6,1,-9662.65,1.05206e+08
Al27_g0u0800,13,27,g0u0800,R14,8,7,0,-7397.99,1.05209e+08
Al27_g0u0800,13,27,g0u0800,R15,8,7,1,-7397.85,1.05209e+08
Al27_g0u0900,13,27,g0u0900,K1,1,0,1,-465619,1.0475e+08
Al27_g0u0900,13,27,g0u0900,L2,2,1,0,-118959,1.05097e+08
Al27_g0u0900,13,27,g0u0900,L3,2,1,1,-118691,1.05097e+08
Al27_g0u0900,13,27,g0u0900,M4,3,2,0,-52687.7,1.05163e+08
Al27_g0u0900,13,27,g0u0900,M5,3,2,1,-52661.2,1.05163e+08
Al27_g0u0900,13,27,g0u0900,N6,4,3,0,-29608.2,1.05186e+08
Al27_g0u0900,13,27,g0u0900,N7,4,3,1,-29602.7,1.05186e+08
Al27_g0u0900,13,27,g0u0900,O8,5,4,0,-18942.8,1.05197e+08
Al27_g0u0900,13,27,g0u0900,O9,5,4,1,-18941.1,1.05197e+08
Al27_g0u0900,13,27,g0u0900,P10,6,5,0,-13153.1,1.05203e+08
Al27_g0u0900,13,27,g0u0900,P11,6,5,1,-13152.4,1.05203e+08
Al27_g0u0900,13,27,g0u0900,Q12,7,6,0,-9662.94,1.05206e+08
Al27_g0u0900,13,27,g0u0900,Q13,7,6,1,-9662.65,1.05206e+08
Al27_g0u0900,13,27,g0u0900,R14,8,7,0,-7397.99,1.05209e+08
Al27_g0u0900,13,27,g0u0900,R15,8,7,1,-7397.85,1.05209e+08
Al27_g0u1000,13,27,g0u1000,K1,1,0,1,-465619,1.0475e+08
Al27_g0u1000,13,27,g0u1000,L2,2,1,0,-118959,1.05097e+08
Al27_g0u1000,13,27,g0u1000,L3,2,1,1,-118691,1.05097e+08
Al27_g0u1000,13,27,g0u1000,M4,3,2,0,-52687.7,1.05163e+08
Al27_g0u1000,13,27,g0u1000,M5,3,2,1,-52661.2,1.05163e+08
Al27_g0u1000,13,27,g0u1000,N6,4,3,0,-29608.2,1.05186e+08
Al27_g0u1000,13,27,g0u1000,N7,4,3,1,-29602.7,1.05186e+08
Al27_g0u1000,13,27,g0u1000,O8,5,4,0,-18942.8,1.05197e+08
Al27_g0u1000,13,27,g0u1000,O9,5,4,1,-18941.1,1.05197e+08
Al27_g0u1000,13,27,g0u1000,P10,6,5,0,-13153.1,1.05203e+08
Al27_g0u1000,13,27,g0u1000,P11,6,5,1,-13152.4,1.05203e+08
Al27_g0u1000,13,27,g0u1000,Q12,7,6,0,-9662.94,1.05206e+08
Al27_g0u1000,13,27,g0u1000,Q13,7,6,1,-9662.65,1.05206e+08
Al27_g0u1000,13,27,g0u1000,R14,8,7,0,-7397.99,1.05209e+08
Al27_g0u1000,13,27,g0u1000,R15,8,7,1,-7397.85,1.05209e+08
Al27_g0u1100,13,27,g0u1100,K1,1,0,1,-465619,1.0475e+08
Al27_g0u1100,13,27,g0u1100,L2,2,1,0,-118959,1.05097e+08
Al27_g0u1100,13,27,g0u1100,L3,2,1,1,-118691,1.05097e+08
Al27_g0u1100,13,27,g0u1100,M4,3,2,0,-52687.7,1.05163e+08
Al27_g0u1100,13,27,g0u1100,M5,3,2,1,-52661.2,1.05163e+08
Al27_g0u1100,13,27,g0u1100,N6,4,3,0,-29608.2,1.05186e+08
Al27_g0u1100,13,27,g0u1100,N7,4,3,1,-29602.7,1.05186e+08
Al27_g0u1100,13,27,g0u1100,O8,5,4,0,-18942.8,1.05197e+08
Al27_g0u1100,13,27,g0u1100,O9,5,4,1,-18941.1,1.05197e+08
Al27_g0u1100,13,27,g0u1100,P10,6,5,0,-13153.1,1.05203e+08
Al27_g0u1100,13,27,g0u1100,P11,6,5,1,-13152.4,1.05203e+08
Al27_g0u1100,13,27,g0u1100,Q12,7,6,0,-9662.94,1.05206e+08
Al27_g0u1100,13,27,g0u1100,Q13,7,6,1,-9662.65,1.05206e+08
Al27_g0u1100,13,27,g0u1100,R14,8,7,0,-7397.99,1.05209e+08
Al27_g0u1100,13,27,g0u1100,R15,8,7,1,-7397.85,1.05209e+08
Al27_g0u1200,13,27,g0u1200,K1,1,0,1,-465619,1.0475e+08
Al27_g0u1200,13,27,g0u1200,L2,2,1,0,-118959,1.05097e+08
Al27_g0u1200,13,27,g0u1200,L3,2,1,1,-118691,1.05097e+08
Al27_g0u1200,13,27,g0u1200,M4,3,2,0,-52687.7,1.05163e+08
Al27_g0u1200,13,27,g0u1200,M5,3,2,1,-52661.2,1.05163e+08
Al27_g0u1200,13,27,g0u1200,N6,4,3,0,-29608.2,1.05186e+08
Al27_g0u1200,13,27,g0u1200,N7,4,3,1,-29602.7,1.05186e+08
Al27_g0u1200,13,27,g0u1200,O8,5,4,0,-18942.8,1.05197e+08
Al27_g0u1200,13,27,g0u1200,O9,5,4,1,-18941.1,1.05197e+08
Al27_g0u1200,13,27,g0u1200,P10,6,5,0,-13153.1,1.05203e+08
Al27_g0u1200,13,27,g0u1200,P11,6,5,1,-13152.4,1.05203e+08
Al27_g0u1200,13,27,g0u1200,Q12,7,6,0,-9662.94,1.05206e+08
Al27_g0u1200,13,27,g0u1200,Q13,7,6,1,-9662.65,1.05206e+08
Al27_g0u1200,13,27,g0u1200,R14,8,7,0,-7397.99,1.05209e+08
Al27_g0u1200,13,27,g0u1200,R15,8,7,1,-7397.85,1.05209e+08
Al27_g0u1300,13,27,g0u1300,K1,1,0,1,-465619,1.0475e+08
Al27_g0u1300,13,27,g0u1300,L2,2,1,0,-118959,1.05097e+08
Al27_g0u1300,13,27,g0u1300,L3,2,1,1,-118691,1.05097e+08
Al27_g0u1300,13,27,g0u1300,M4,3,2,0,-52687.7,1.05163e+08
Al27_g0u1300,13,27,g0u1300,M5,3,2,1,-52661.2,1.05163e+08
Al27_g0u1300,13,27,g0u1300,N6,4,3,0,-29608.2,1.05186e+08
Al27_g0u1300,13,27,g0u1300,N7,4,3,1,-29602.7,1.05186e+08
Al27_g0u1300,13,27,g0u1300,O8,5,4,0,-18942.8,1.05197e+08
Al27_g0u1300,13,27,g0u1300,O9,5,4,1,-18941.1,1.05197e+08
Al27_g0u1300,13,27,g0u1300,P10,6,5,0,-13153.1,1.05203e+08
Al27_g0u1300,13,27,g0u1300,P11,6,5,1,-13152.4,1.05203e+08
Al27_g0u1300,13,27,g0u1300,Q12,7,6,0,-9662.94,1.05206e+08
Al27_g0u1300,13,27,g0u1300,Q13,7,6,1,-9662.65,1.05206e+08
Al27_g0u1300,13,27,g0u1300,R14,8,7,0,-7397.99,1.05209e+08
Al27_g0u1300,13,27,g0u1300,R15,8,7,1,-7397.85,1.05209e+08
Al27_g0u1400,13,27,g0u1400,K1,1,0,1,-465619,1.0475e+08
Al27_g0u1400,13,27,g0u1400,L2,2,1,0,-118959,1.05097e+08
Al27_g0u1400,13,27,g0u1400,L3,2,1,1,-118691,1.05097e+08
Al27_g0u1400,13,27,g0u1400,M4,3,2,0,-52687.7,1.05163e+08
Al27_g0u1400,13,27,g0u1400,M5,3,2,1,-52661.2,1.05163e+08
Al27_g0u1400,13,27,g0u1400,N6,4,3,0,-29608.2,1.05186e+08
Al27_g0u1400,13,27,g0u1400,N7,4,3,1,-29602.7,1.05186e+08
Al27_g0u1400,13,27,g0u1400,O8,5,4,0,-18942.8,1.05197e+08
Al27_g0u1400,13,27,g0u1400,O9,5,4,1,-18941.1,1.05197e+08
Al27_g0u1400,13,27,g0u1400,P10,6,5,0,-13153.1,1.05203e+08
Al27_g0u1400,13,27,g0u1400,P11,6,5,1,-13152.4,1.05203e+08
Al27_g0u1400,13,27,g0u1400,Q12,7,6,0,-9662.94,1.05206e+08
Al27_g0u1400,13,27,g0u1400,Q13,7,6,1,-9662.65,1.05206e+08
Al27_g0u1400,13,27,g0u1400,R14,8,7,0,-7397.99,1.05209e+08
Al27_g0u1400,13,27,g0u1400,R15,8,7,1,-7397.85,1.05209e+08
Al27_g0u1500,13,27,g0u1500,K1,1,0,1,-465619,1.0475e+08
Al27_g0u1500,13,27,g0u1500,L2,2,1,0,-118959,1.05097e+08
Al27_g0u1500,13,27,g0u1500,L3,2,1,1,-118691,1.05097e+08
Al27_g0u1500,13,27,g0u1500,M4,3,2,0,-52687.7,1.05163e+08
Al27_g0u1500,13,27,g0u1500,M5,3,2,1,-52661.2,1.05163e+08
Al27_g0u1500,13,27,g0u1500,N6,4,3,0,-29608.2,1.05186e+08
Al27_g0u1500,13,27,g0u1500,N7,4,3,1,-29602.7,1.05186e+08
Al27_g0u1500,13,27,g0u1500,O8,5,4,0,-18942.8,1.05197e+08
Al27_g0u1500,13,27,g0u1500,O9,5,4,1,-18941.1,1.05197e+08
Al27_g0u1500,13,27,g0u1500,P10,6,5,0,-13153.1,1.05203e+08
Al27_g0u1500,13,27,g0u1500,P11,6,5,1,-13152.4,1.05203e+08
Al27_g0u1500,13,27,g0u1500,Q12,7,6,0,-9662.94,1.05206e+08
Al27_g0u1500,13,27,g0u1500,Q13,7,6,1,-9662.65,1.05206e+08
Al27_g0u1500,13,27,g0u1500,R14,8,7,0,-7397.99,1.05209e+08
Al27_g0u1500,13,27,g0u1500,R15,8,7,1,-7397.85,1.05209e+08
Al27_g0u1600,13,27,g0u1600,K1,1,0,1,-465619,1.0475e+08
Al27_g0u1600,13,27,g0u1600,L2,2,1,0,-118959,1.05097e+08
Al27_g0u1600,13,27,g0u1600,L3,2,1,1,-118691,1.05097e+08
Al27_g0u1600,13,27,g0u1600,M4,3,2,0,-52687.7,1.05163e+08
Al27_g0u1600,13,27,g0u1600,M5,3,2,1,-52661.2,1.05163e+08
Al27_g0u1600,13,27,g0u1600,N6,4,3,0,-29608.2,1.05186e+08
Al27_g0u1600,13,27,g0u1600,N7,4,3,1,-29602.7,1.05186e+08
Al27_g0u1600,13,27,g0u1600,O8,5,4,0,-18942.8,1.05197e+08
Al27_g0u1600,13,27,g0u1600,O9,5,4,1,-18941.1,1.05197e+08
Al27_g0u1600,13,27,g0u1600,P10,6,5,0,-13153.1,1.05203e+08
Al27_g0u1600,13,27,g0u1600,P11,6,5,1,-13152.4,1.05203e+08
Al27_g0u1600,13,27,g0u1600,Q12,7,6,0,-9662.94,1.05206e+08
Al27_g0u1600,13,27,g0u1600,Q13,7,6,1,-9662.65,1.05206e+08
Al27_g0u1600,13,27,g0u1600,R14,8,7,0,-7397.99,1.05209e+08
Al27_g0u1600,13,27,g0u1600,R15,8,7,1,-7397.85,1.05209e+08
Al27_g0u1700,13,27,g0u1700,K1,1,0,1,-465619,1.0475e+08
Al27_g0u1700,13,27,g0u1700,L2,2,1,0,-118959,1.05097e+08
Al27_g0u1700,13,27,g0u1700,L3,2,1,1,-118691,1.05097e+08
Al27_g0u1700,13,27,g0u1700,M4,3,2,0,-52687.7,1.05163e+08
Al27_g0u1700,13,27,g0u1700,M5,3,2,1,-52661.2,1.05163e+08
Al27_g0u1700,13,27,g0u1700,N6,4,3,0,-29608.2,1.05186e+08
Al27_g0u1700,13,27,g0u1700,N7,4,3,1,-29602.7,1.05186e+08
Al27_g0u1700,13,27,g0u1700,O8,5,4,0,-18942.8,1.05197e+08
Al27_g0u1700,13,27,g0u1700,O9,5,4,1,-18941.1,1.05197e+08
Al27_g0u1700,13,27,g0u1700,P10,6,5,0,-13153.1,1.05203e+08
Al27_g0u1700,13,27,g0u1700,P11,6,5,1,-13152.4,1.05203e+08
Al27_g0u1700,13,27,g0u1700,Q12,7,6,0,-9662.94,1.05206e+08
Al27_g0u1700,13,27,g0u1700,Q13,7,6,1,-9662.65,1.05206e+08
Al27_g0u1700,13,27,g0u1700,R14,8,7,0,-7397.99,1.05209e+08
Al27_g0u1700,13,27,g0u1700,R15,8,7,1,-7397.85,1.05209e+08
Al27_g0u1800,13,27,g0u1800,K1,1,0,1,-465619,1.0475e+08
Al27_g0u1800,13,27,g0u1800,L2,2,1,0,-118959,1.05097e+08
Al27_g0u1800,13,27,g0u1800,L3,2,1,1,-118691,1.05097e+08
Al27_g0u1800,13,27,g0u1800,M4,3,2,0,-52687.7,1.05163e+08
Al27_g0u1800,13,27,g0u1800,M5,3,2,1,-52661.2,1.05163e+08
Al27_g0u1800,13,27,g0u1800,N6,4,3,0,-29608.2,1.05186e+08
Al27_g0u1800,13,27,g0u1800,N7,4,3,1,-29602.7,1.05186e+08
Al27_g0u1800,13,27,g0u1800,O8,5,4,0,-18942.8,1.05197e+08
Al27_g0u1800,13,27,g0u1800,O9,5,4,1,-18941.1,1.05197e+08
Al27_g0u1800,13,27,g0u1800,P10,6,5,0,-13153.1,1.05203e+08
Al27_g0u1800,13,27,g0u1800,P11,6,5,1,-13152.4,1.05203e+08
Al27_g0u1800,13,27,g0u1800,Q12,7,6,0,-9662.94,1.05206e+08
Al27_g0u1800,13,27,g0u1800,Q13,7,6,1,-9662.65,1.05206e+08
Al27_g0u1800,13,27,g0u1800,R14,8,7,0,-7397.99,1.05209e+08
Al27_g0u1800,13,27,g0u1800,R15,8,7,1,-7397.85,1.05209e+08
Al27_g0u1900,13,27,g0u1900,K1,1,0,1,-465619,1.0475e+08
Al27_g0u1900,13,27,g0u1900,L2,2,1,0,-118959,1.05097e+08
Al27_g0u1900,13,27,g0u1900,L3,2,1,1,-118691,1.05097e+08
Al27_g0u1900,13,27,g0u1900,M4,3,2,0,-52687.7,1.05163e+08
Al27_g0u1900,13,27,g0u1900,M5,3,2,1,-52661.2,1.05163e+08
Al27_g0u1900,13,27,g0u1900,N6,4,3,0,-29608.2,1.05186e+08
Al27_g0u1900,13,27,g0u1900,N7,4,3,1,-29602.7,1.05186e+08
Al27_g0u1900,13,27,g0u1900,O8,5,4,0,-18942.8,1.05197e+08
Al27_g0u1900,13,27,g0u1900,O9,5,4,1,-18941.1,1.05197e+08
Al27_g0u1900,13,27,g0u1900,P10,6,5,0,-13153.1,1.05203e+08
Al27_g0u1900,13,27,g0u1900,P11,6,5,1,-13152.4,1.05203e+08
Al27_g0u1900,13,27,g0u1900,Q12,7,6,0,-9662.94,1.05206e+08
Al27_g0u1900,13,27,g0u1900,Q13,7,6,1,-9662.65,1.05206e+08
Al27_g0u1900,13,27,g0u1900,R14,8,7,0,-7397.99,1.05209e+08
Al27_g0u1900,13,27,g0u1900,R15,8,7,1,-7397.85,1.05209e+08
Al27_g0u2000,13,27,g0u2000,K1,1,0,1,-465619,1.0475e+08
Al27_g0u2000,13,27,g0u2000,L2,2,1,0,-118959,1.05097e+08
Al27_g0u2000,13,27,g0u2000,L3,2,1,1,-118691,1.05097e+08
Al27_g0u2000,13,27,g0u2000,M4,3,2,0,-52687.7,1.05163e+08
Al27_g0u2000,13,27,g0u2000,M5,3,2,1,-52661.2,1.05163e+08
Al27_g0u2000,13,27,g0u2000,N6,4,3,0,-29608.2,1.05186e+08
Al27_g0u2000,13,27,g0u2000,N7,4,3,1,-29602.7,1.05186e+08
Al27_g0u2000,13,27,g0u2000,O8,5,4,0,-18942.8,1.05197e+08
Al27_g0u2000,13,27,g0u2000,O9,5,4,1,-18941.1,1.05197e+08
Al27_g0u2000,13,27,g0u2000,P10,6,5,0,-13153.1,1.05203e+08
Al27_g0u2000,13,27,g0u2000,P11,6,5,1,-13152.4,1.05203e+08
Al27_g0u2000,13,27,g0u2000,Q12,7,6,0,-9662.94,1.05206e+08
Al27_g0u2000,13,27,g0u2000,Q13,7,6,1,-9662.65,1.05206e+08
Al27_g0u2000,13,27,g0u2000,R14,8,7,0,-7397.99,1.05209e+08
Al27_g0u2000,13,27,g0u2000,R15,8,7,1,-7397.85,1.05209e+08
Al27_g0u2100,13,27,g0u2100,K1,1,0,1,-465619,1.0475e+08
Al27_g0u2100,13,27,g0u2100,L2,2,1,0,-118959,1.05097e+08
Al27_g0u2100,13,27,g0u2100,L3,2,1,1,-118691,1.05097e+08
Al27_g0u2100,13,27,g0u2100,M4,3,2,0,-52687.7,1.05163e+08
Al27_g0u2100,13,27,g0u2100,M5,3,2,1,-52661.2,1.05163e+08
Al27_g0u2100,13,27,g0u2100,N6,4,3,0,-29608.2,1.05186e+08
Al27_g0u2100,13,27,g0u2100,N7,4,3,1,-29602.7,1.05186e+08
Al27_g0u2100,13,27,g0u2100,O8,5,4,0,-18942.8,1.05197e+08
Al27_g0u2100,13,27,g0u2100,O9,5,4,1,-18941.1,1.05197e+08
Al27_g0u2100,13,27,g0u2100,P10,6,5,0,-13153.1,1.05203e+08
Al27_g0u2100,13,27,g0u2100,P11,6,5,1,-13152.4,1.05203e+08
Al27_g0u2100,13,27,g0u2100,Q12,7,6,0,-9662.94,1.05206e+08
Al27_g0u2100,13,27,g0u2100,Q13,7,6,1,-9662.65,1.05206e+08
Al27_g0u2100,13,27,g0u2100,R14,8,7,0,-7397.99,1.05209e+08
Al27_g0u2100,13,27,g0u2100,R15,8,7,1,-7397.85,1.05209e+08
Al27_g0u2200,13,27,g0u2200,K1,1,0,1,-465619,1.0475e+08
Al27_g0u2200,13,27,g0u2200,L2,2,1,0,-118959,1.05097e+08
Al27_g0u2200,13,27,g0u2200,L3,2,1,1,-118691,1.05097e+08
Al27_g0u2200,13,27,g0u2200,M4,3,2,0,-52687.7,1.05163e+08
Al27_g0u2200,13,27,g0u2200,M5,3,2,1,-52661.2,1.05163e+08
Al27_g0u2200,13,27,g0u2200,N6,4,3,0,-29608.2,1.05186e+08
Al27_g0u2200,13,27,g0u2200,N7,4,3,1,-29602.7,1.05186e+08
Al27_g0u2200,13,27,g0u2200,O8,5,4,0,-18942.8,1.05197e+08
Al27_g0u2200,13,27,g0u2200,O9,5,4,1,-18941.1,1.05197e+08
Al27_g0u2200,13,27,g0u2200,P10,6,5,0,-13153.1,1.05203e+08
Al27_g0u2200,13,27,g0u2200,P11,6,5,1,-13152.4,1.05203e+08
Al27_g0u2200,13,27,g0u2200,Q12,7,6,0,-9662.94,1.05206e+08
Al27_g0u2200,13,27,g0u2200,Q13,7,6,1,-9662.65,1.05206e+08
Al27_g0u2200,13,27,g0u2200,R14,8,7,0,-7397.99,1.05209e+08
Al27_g0u2200,13,27,g0u2200,R15,8,7,1,-7397.85,1.05209e+08
Al27_g0u2300,13,27,g0u2300,K1,1,0,1,-465619,1.0475e+08
Al27_g0u2300,13,27,g0u2300,L2,2,1,0,-118959,1.05097e+08
Al27_g0u2300,13,27,g0u2300,L3,2,1,1,-118691,1.05097e+08
Al27_g0u2300,13,27,g0u2300,M4,3,2,0,-52687.7,1.05163e+08
Al27_g0u2300,13,27,g0u2300,M5,3,2,1,-52661.2,1.05163e+08
Al27_g0u2300,13,27,g0u2300,N6,4,3,0,-29608.2,1.05186e+08
Al27_g0u2300,13,27,g0u2300,N7,4,3,1,-29602.7,1.05186e+08
Al27_g0u2300,13,27,g0u2300,O8,5,4,0,-18942.8,1.05197e+08
Al27_g0u2300,13,27,g0u2300,O9,5,4,1,-18941.1,1.05197e+08
Al27_g0u2300,13,27,g0u2300,P10,6,5,0,-13153.1,1.05203e+08
Al27_g0u2300,13,27,g0u2300,P11,6,5,1,-13152.4,1.05203e+08
Al27_g0u2300,13,27,g0u2300,Q12,7,6,0,-9662.94,1.05206e+08
Al27_g0u2300,13,27,g0u2300,Q13,7,6,1,-9662.65,1.05206e+08
Al27_g0u2300,13,27,g0u2300,R14,8,7,0,-7397.99,1.05209e+08
Al27_g0u2300,13,27,g0u2300,R15,8,7,1,-7397.85,1.05209e+08
Al27_g0u2400,13,27,g0u2400,K1,1,0,1,-465619,1.0475e+08
Al27_g0u2400,13,27,g0u2400,L2,2,1,0,-118959,1.05097e+08
Al27_g0u2400,13,27,g0u2400,L3,2,1,1,-118691,1.05097e+08
Al27_g0u2400,13,27,g0u2400,M4,3,2,0,-52687.7,1.05163e+08
Al27_g0u2400,13,27,g0u2400,M5,3,2,1,-52661.2,1.05163e+08
Al27_g0u2400,13,27,g0u2400,N6,4,3,0,-29608.2,1.05186e+08
Al27_g0u2400,13,27,g0u2400,N7,4,3,1,-29602.7,1.05186e+08
Al27_g0u2400,13,27,g0u2400,O8,5,4,0,-18942.8,1.05197e+08
Al27_g0u2400,13,27,g0u2400,O9,5,4,1,-18941.1,1.05197e+08
Al27_g0u2400,13,27,g0u2400,P10,6,5,0,-13153.1,1.05203e+08
Al27_g0u2400,13,27,g0u2400,P11,6,5,1,-13152.4,1.05203e+08
Al27_g0u2400,13,27,g0u2400,Q12,7,6,0,-9662.94,1.05206e+08
Al27_g0u2400,13,27,g0u2400,Q13,7,6,1,-9662.65,1.05206e+08
Al27_g0u2400,13,27,g0u2400,R14,8,7,0,-7397.99,1.05209e+08
Al27_g0u2400,13,27,g0u2400,R15,8,7,1,-7397.85,1.05209e+08
Al27_g2u1000,13,27,g2u1000,K1,1,0,1,-465619,1.0475e+08
Al27_g2u1000,13,27,g2u1000,L2,2,1,0,-118959,1.05097e+08
Al27_g2u1000,13,27,g2u1000,L3,2,1,1,-118691,1.05097e+08
Al27_g2u1000,13,27,g2u1000,M4,3,2,0,-52687.7,1.05163e+08
Al27_g2u1000,13,27,g2u1000,M5,3,2,1,-52661.2,1.05163e+08
Al27_g2u1000,13,27,g2u1000,N6,4,3,0,-29608.2,1.05186e+08
Al27_g2u1000,13,27,g2u1000,N7,4,3,1,-29602.7,1.05186e+08
Al27_g2u1000,13,27,g2u1000,O8,5,4,0,-18942.8,1.05197e+08
Al27_g2u1000,13,27,g2u1000,O9,5,4,1,-18941.1,1.05197e+08
Al27_g2u1000,13,27,g2u1000,P10,6,5,0,-13153.1,1.05203e+08
Al27_g2u1000,13,27,g2u1000,P11,6,5,1,-13152.4,1.05203e+08
Al27_g2u1000,13,27,g2u1000,Q12,7,6,0,-9662.94,1.05206e+08
Al27_g2u1000,13,27,g2u1000,Q13,7,6,1,-9662.65,1.05206e+08
Al27_g2u1000,13,27,g2u1000,R14,8,7,0,-7397.99,1.05209e+08
Al27_g2u1000,13,27,g2u1000,R15,8,7,1,-7397.85,1.05209e+08
Si28_g0u0050,14,28,g0u0050,K1,1,0,1,-537978,1.04694e+08
Si28_g0u0050,14,28,g0u0050,L2,2,1,0,-138066,1.05094e+08
Si28_g0u0050,14,28,g0u0050,L3,2,1,1,-137706,1.05094e+08
Si28_g0u0050,14,28,g0u0050,M4,3,2,0,-61127.1,1.05171e+08
Si28_g0u0050,14,28,g0u0050,M5,3,2,1,-61091.5,1.05171e+08
Si28_g0u0050,14,28,g0u0050,N6,4,3,0,-34347,1.05197e+08
Si28_g0u0050,14,28,g0u0050,N7,4,3,1,-34339.5,1.05197e+08
Si28_g0u0050,14,28,g0u0050,O8,5,4,0,-21973.5,1.0521e+08
Si28_g0u0050,14,28,g0u0050,O9,5,4,1,-21971.2,1.0521e+08
Si28_g0u0050,14,28,g0u0050,P10,6,5,0,-15257.1,1.05216e+08
Si28_g0u0050,14,28,g0u0050,P11,6,5,1,-15256.2,1.05216e+08
Si28_g0u0050,14,28,g0u0050,Q12,7,6,0,-11208.6,1.05221e+08
Si28_g0u0050,14,28,g0u0050,Q13,7,6,1,-11208.2,1.05221e+08
Si28_g0u0050,14,28,g0u0050,R14,8,7,0,-8581.28,1.05223e+08
Si28_g0u0050,14,28,g0u0050,R15,8,7,1,-8581.08,1.05223e+08
Si28_g0u0100,14,28,g0u0100,K1,1,0,1,-537992,1.04694e+08
Si28_g0u0100,14,28,g0u0100,L2,2,1,0,-138066,1.05094e+08
Si28_g0u0100,14,28,g0u0100,L3,2,1,1,-137707,1.05094e+08
Si28_g0u0100,14,28,g0u0100,M4,3,2,0,-61127.2,1.05171e+08
Si28_g0u0100,14,28,g0u0100,M5,3,2,1,-61091.5,1.05171e+08
Si28_g0u0100,14,28,g0u0100,N6,4,3,0,-34347,1.05197e+08
Si28_g0u0100,14,28,g0u0100,N7,4,3,1,-34339.5,1.05197e+08
Si28_g0u0100,14,28,g0u0100,O8,5,4,0,-21973.5,1.0521e+08
Si28_g0u0100,14,28,g0u0100,O9,5,4,1,-21971.2,1.0521e+08
Si28_g0u0100,14,28,g0u0100,P10,6,5,0,-15257.1,1.05216e+08
Si28_g0u0100,14,28,g0u0100,P11,6,5,1,-15256.2,1.05216e+08
Si28_g0u0100,14,28,g0u0100,Q12,7,6,0,-11208.6,1.05221e+08
Si28_g0u0100,14,28,g0u0100,Q13,7,6,1,-11208.2,1.05221e+08
Si28_g0u0100,14,28,g0u0100,R14,8,7,0,-8581.28,1.05223e+08
Si28_g0u0100,14,28,g0u0100,R15,8,7,1,-8581.08,1.05223e+08
Si28_g0u0150,14,28,g0u0150,K1,1,0,1,-537995,1.04694e+08
Si28_g0u0150,14,28,g0u0150,L2,2,1,0,-138066,1.05094e+08
Si28_g0u0150,14,28,g0u0150,L3,2,1,1,-137707,1.05094e+08
Si28_g0u0150,14,28,g0u0150,M4,3,2,0,-61127.2,1.05171e+08
Si28_g0u0150,14,28,g0u0150,M5,3,2,1,-61091.6,1.05171e+08
Si28_g0u0150,14,28,g0u0150,N6,4,3,0,-34347,1.05197e+08
Si28_g0u0150,14,28,g0u0150,N7,4,3,1,-34339.5,1.05197e+08
Si28_g0u0150,14,28,g0u0150,O8,5,4,0,-21973.5,1.0521e+08
Si28_g0u0150,14,28,g0u0150,O9,5,4,1,-21971.2,1.0521e+08
Si28_g0u0150,14,28,g0u0150,P10,6,5,0,-15257.1,1.05216e+08
Si28_g0u0150,14,28,g0u0150,P11,6,5,1,-15256.2,1.05216e+08
Si28_g0u0150,14,28,g0u0150,Q12,7,6,0,-11208.6,1.05221e+08
Si28_g0u0150,14,28,g0u0150,Q13,7,6,1,-11208.2,1.05221e+08
Si28_g0u0150,14,28,g0u0150,R14,8,7,0,-8581.28,1.05223e+08
Si28_g0u0150,14,28,g0u0150,R15,8,7,1,-8581.08,1.05223e+08
Si28_g0u0200,14,28,g0u0200,K1,1,0,1,-537996,1.04694e+08
Si28_g0u0200,14,28,g0u0200,L2,2,1,0,-138066,1.05094e+08
Si28_g0u0200,14,28,g0u0200,L3,2,1,1,-137707,1.05094e+08
Si28_g0u0200,14,28,g0u0200,M4,3,2,0,-61127.2,1.05171e+08
Si28_g0u0200,14,28,g0u0200,M5,3,2,1,-61091.6,1.05171e+08
Si28_g0u0200,14,28,g0u0200,N6,4,3,0,-34347,1.05197e+08
Si28_g0u0200,14,28,g0u0200,N7,4,3,1,-34339.5,1.05197e+08
Si28_g0u0200,14,28,g0u0200,O8,5,4,0,-21973.5,1.0521e+08
Si28_g0u0200,14,28,g0u0200,O9,5,4,1,-21971.2,1.0521e+08
Si28_g0u0200,14,28,g0u0200,P10,6,5,0,-15257.1,1.05216e+08
Si28_g0u0200,14,28,g0u0200,P11,6,5,1,-15256.2,1.05216e+08
Si28_g0u0200,14,28,g0u0200,Q12,7,6,0,-11208.6,1.05221e+08
Si28_g0u0200,14,28,g0u0200,Q13,7,6,1,-11208.2,1.05221e+08
Si28_g0u0200,14,28,g0u0200,R14,8,7,0,-8581.28,1.05223e+08
Si28_g0u0200,14,28,g0u0200,R15,8,7,1,-8581.08,1.05223e+08
Si28_g0u0250,14,28,g0u0250,K1,1,0,1,-537996,1.04694e+08
Si28_g0u0250,14,28,g0u0250,L2,2,1,0,-138066,1.05094e+08
Si28_g0u0250,14,28,g0u0250,L3,2,1,1,-137707,1.05094e+08
Si28_g0u0250,14,28,g0u0250,M4,3,2,0,-61127.2,1.05171e+08
Si28_g0u0250,14,28,g0u0250,M5,3,2,1,-61091.6,1.05171e+08
Si28_g0u0250,14,28,g0u0250,N6,4,3,0,-34347,1.05197e+08
Si28_g0u0250,14,28,g0u0250,N7,4,3,1,-34339.5,1.05197e+08
Si28_g0u0250,14,28,g0u0250,O8,5,4,0,-21973.5,1.0521e+08
Si28_g0u0250,14,28,g0u0250,O9,5,4,1,-21971.2,1.0521e+08
Si28_g0u0250,14,28,g0u0250,P10,6,5,0,-15257.1,1.05216e+08
Si28_g0u0250,14,28,g0u0250,P11,6,5,1,-15256.2,1.05216e+08
Si28_g0u0250,14,28,g0u0250,Q12,7,6,0,-11208.6,1.05221e+08
Si28_g0u0250,14,28,g0u0250,Q13,7,6,1,-11208.2,1.05221e+08
Si28_g0u0250,14,28,g0u0250,R14,8,7,0,-8581.28,1.05223e+08
Si28_g0u0250,14,28,g0u0250,R15,8,7,1,-8581.08,1.05223e+08
Si28_g0u0300,14,28,g0u0300,K1,1,0,1,-537996,1.04694e+08
Si28_g0u0300,14,28,g0u0300,L2,2,1,0,-138066,1.05094e+08
Si28_g0u0300,14,28,g0u0300,L3,2,1,1,-137707,1.05094e+08
Si28_g0u0300,14,28,g0u0300,M4,3,2,0,-61127.2,1.05171e+08
Si28_g0u0300,14,28,g0u0300,M5,3,2,1,-61091.6,1.05171e+08
Si28_g0u0300,14,28,g0u0300,N6,4,3,0,-34347,1.05197e+08
Si28_g0u0300,14,28,g0u0300,N7,4,3,1,-34339.5,1.05197e+08
Si28_g0u0300,14,28,g0u0300,O8,5,4,0,-21973.5,1.0521e+08
Si28_g0u0300,14,28,g0u0300,O9,5,4,1,-21971.2,1.0521e+08
Si28_g0u0300,14,28,g0u0300,P10,6,5,0,-15257.1,1.05216e+08
Si28_g0u0300,14,28,g0u0300,P11,6,5,1,-15256.2,1.05216e+08
Si28_g0u0300,14,28,g0u0300,Q12,7,6,0,-11208.6,1.05221e+08
Si28_g0u0300,14,28,g0u0300,Q13,7,6,1,-11208.2,1.05221e+08
Si28_g0u0300,14,28,g0u0300,R14,8,7,0,-8581.28,1.05223e+08
Si28_g0u0300,14,28,g0u0300,R15,8,7,1,-8581.08,1.05223e+08
Si28_g0u0350,14,28,g0u0350,K1,1,0,1,-537996,1.04694e+08
Si28_g0u0350,14,28,g0u0350,L2,2,1,0,-138066,1.05094e+08
Si28_g0u0350,14,28,g0u0350,L3,2,1,1,-137707,1.05094e+08
Si28_g0u0350,14,28,g0u0350,M4,3,2,0,-61127.2,1.05171e+08
Si28_g0u0350,14,28,g0u0350,M5,3,2,1,-61091.6,1.05171e+08
Si28_g0u0350,14,28,g0u0350,N6,4,3,0,-34347,1.05197e+08
Si28_g0u0350,14,28,g0u0350,N7,4,3,1,-34339.5,1.05197e+08
Si28_g0u0350,14,28,g0u0350,O8,5,4,0,-21973.5,1.0521e+08
Si28_g0u0350,14,28,g0u0350,O9,5,4,1,-21971.2,1.0521e+08
Si28_g0u0350,14,28,g0u0350,P10,6,5,0,-15257.1,1.05216e+08
Si28_g0u0350,14,28,g0u0350,P11,6,5,1,-15256.2,1.05216e+08
Si28_g0u0350,14,28,g0u0350,Q12,7,6,0,-11208.6,1.05221e+08
Si28_g0u0350,14,28,g0u0350,Q13,7,6,1,-11208.2,1.05221e+08
Si28_g0u0350,14,28,g0u0350,R14,8,7,0,-8581.28,1.05223e+08
Si28_g0u0350,14,28,g0u0350,R15,8,7,1,-8581.08,1.05223e+08
Si28_g0u0400,14,28,g0u0400,K1,1,0,1,-537996,1.04694e+08
Si28_g0u0400,14,28,g0u0400,L2,2,1,0,-138066,1.05094e+08
Si28_g0u0400,14,28,g0u0400,L3,2,1,1,-137707,1.05094e+08
Si28_g0u0400,14,28,g0u0400,M4,3,2,0,-61127.2,1.05171e+08
Si28_g0u0400,14,28,g0u0400,M5,3,2,1,-61091.6,1.05171e+08
Si28_g0u0400,14,28,g0u0400,N6,4,3,0,-34347,1.05197e+08
Si28_g0u0400,14,28,g0u0400,N7,4,3,1,-34339.5,1.05197e+08
Si28_g0u0400,14,28,g0u0400,O8,5,4,0,-21973.5,1.0521e+08
Si28_g0u0400,14,28,g0u0400,O9,5,4,1,-21971.2,1.0521e+08
Si28_g0u0400,14,28,g0u0400,P10,6,5,0,-15257.1,1.05216e+08
Si28_g0u0400,14,28,g0u0400,P11,6,5,1,-15256.2,1.05216e+08
Si28_g0u0400,14,28,g0u0400,Q12,7,6,0,-11208.6,1.05221e+08
Si28_g0u0400,14,28,g0u0400,Q13,7,6,1,-11208.2,1.05221e+08
Si28_g0u0400,14,28,g0u0400,R14,8,7,0,-8581.28,1.05223e+08
Si28_g0u0400,14,28,g0u0400,R15,8,7,1,-8581.08,1.05223e+08
Si28_g0u0450,14,28,g0u0450,K1,1,0,1,-537996,1.04694e+08
Si28_g0u0450,14,28,g0u0450,L2,2,1,0,-138066,1.05094e+08
Si28_g0u0450,14,28,g0u0450,L3,2,1,1,-137707,1.05094e+08
Si28_g0u0450,14,28,g0u0450,M4,3,2,0,-61127.2,1.05171e+08
Si28_g0u0450,14,28,g0u0450,M5,3,2,1,-61091.6,1.05171e+08
Si28_g0u0450,14,28,g0u0450,N6,4,3,0,-34347,1.05197e+08
Si28_g0u0450,14,28,g0u0450,N7,4,3,1,-34339.5,1.05197e+08
Si28_g0u0450,14,28,g0u0450,O8,5,4,0,-21973.5,1.0521e+08
Si28_g0u0450,14,28,g0u0450,O9,5,4,1,-21971.2,1.0521e+08
Si28_g0u0450,14,28,g0u0450,P10,6,5,0,-15257.1,1.05216e+08
Si28_g0u0450,14,28,g0u0450,P11,6,5,1,-15256.2,1.05216e+08
Si28_g0u0450,14,28,g0u0450,Q12,7,6,0,-11208.6,1.05221e+08
Si28_g0u0450,14,28,g0u0450,Q13,7,6,1,-11208.2,1.05221e+08
Si28_g0u0450,14,28,g0u0450,R14,8,7,0,-8581.28,1.05223e+08
Si28_g0u0450,14,28,g0u0450,R15,8,7,1,-8581.08,1.05223e+08
Si28_g0u0500,14,28,g0u0500,K1,1,0,1,-537997,1.04694e+08
Si28_g0u0500,14,28,g0u0500,L2,2,1,0,-138066,1.05094e+08
Si28_g0u0500,14,28,g0u0500,L3,2,1,1,-137707,1.05094e+08
Si28_g0u0500,14,28,g0u0500,M4,3,2,0,-61127.2,1.05171e+08
Si28_g0u0500,14,28,g0u0500,M5,3,2,1,-61091.6,1.05171e+08
Si28_g0u0500,14,28,g0u0500,N6,4,3,0,-34347,1.05197e+08
Si28_g0u0500,14,28,g0u0500,N7,4,3,1,-34339.5,1.05197e+08
Si28_g0u0500,14,28,g0u0500,O8,5,4,0,-21973.5,1.0521e+08
Si28_g0u0500,14,28,g0u0500,O9,5,4,1,-21971.2,1.0521e+08
Si28_g0u0500,14,28,g0u0500,P10,6,5,0,-15257.1,1.05216e+08
Si28_g0u0500,14,28,g0u0500,P11,6,5,1,-15256.2,1.05216e+08
Si28_g0u0500,14,28,g0u0500,Q12,7,6,0,-11208.6,1.05221e+08
Si28_g0u0500,14,28,g0u0500,Q13,7,6,1,-11208.2,1.05221e+08
Si28_g0u0500,14,28,g0u0500,R14,8,7,0,-8581.28,1.05223e+08
Si28_g0u0500,14,28,g0u0500,R15,8,7,1,-8581.08,1.05223e+08
Si28_g0u0550,14,28,g0u0550,K1,1,0,1,-537997,1.04694e+08
Si28_g0u0550,14,28,g0u0550,L2,2,1,0,-138066,1.05094e+08
Si28_g0u0550,14,28,g0u0550,L3,2,1,1,-137707,1.05094e+08
Si28_g0u0550,14,28,g0u0550,M4,3,2,0,-61127.2,1.05171e+08
Si28_g0u0550,14,28,g0u0550,M5,3,2,1,-61091.6,1.05171e+08
Si28_g0u0550,14,28,g0u0550,N6,4,3,0,-34347,1.05197e+08
Si28_g0u0550,14,28,g0u0550,N7,4,3,1,-34339.5,1.05197e+08
Si28_g0u0550,14,28,g0u0550,O8,5,4,0,-21973.5,1.0521e+08
Si28_g0u0550,14,28,g0u0550,O9,5,4,1,-21971.2,1.0521e+08
Si28_g0u0550,14,28,g0u0550,P10,6,5,0,-15257.1,1.05216e+08
Si28_g0u0550,14,28,g0u0550,P11,6,5,1,-15256.2,1.05216e+08
Si28_g0u0550,14,28,g0u0550,Q12,7,6,0,-11208.6,1.05221e+08
Si28_g0u0550,14,28,g0u0550,Q13,7,6,1,-11208.2,1.05221e+08
Si28_g0u0550,14,28,g0u0550,R14,8,7,0,-8581.28,1.05223e+08
Si28_g0u0550,14,28,g0u0550,R15,8,7,1,-8581.08,1.05223e+08
Si28_g0u0600,14,28,g0u0600,K1,1,0,1,-537997,1.04694e+08
Si28_g0u0600,14,28,g0u0600,L2,2,1,0,-138066,1.05094e+08
Si28_g0u0600,14,28,g0u0600,L3,2,1,1,-137707,1.05094e+08
Si28_g0u0600,14,28,g0u0600,M4,3,2,0,-61127.2,1.05171e+08
Si28_g0u0600,14,28,g0u0600,M5,3,2,1,-61091.6,1.05171e+08
Si28_g0u0600,14,28,g0u0600,N6,4,3,0,-34347,1.05197e+08
Si28_g0u0600,14,28,g0u0600,N7,4,3,1,-34339.5,1.05197e+08
Si28_g0u0600,14,28,g0u0600,O8,5,4,0,-21973.5,1.0521e+08
Si28_g0u0600,14,28,g0u0600,O9,5,4,1,-21971.2,1.0521e+08
Si28_g0u0600,14,28,g0u0600,P10,6,5,0,-15257.1,1.05216e+08
Si28_g0u0600,14,28,g0u0600,P11,6,5,1,-15256.2,1.05216e+08
Si28_g0u0600,14,28,g0u0600,Q12,7,6,0,-11208.6,1.05221e+08
Si28_g0u0600,14,28,g0u0600,Q13,7,6,1,-11208.2,1.05221e+08
Si28_g0u0600,14,28,g0u0600,R14,8,7,0,-8581.28,1.05223e+08
Si28_g0u0600,14,28,g0u0600,R15,8,7,1,-8581.08,1.05223e+08
Si28_g0u0700,14,28,g0u0700,K1,1,0,1,-537997,1.04694e+08
Si28_g0u0700,14,28,g0u0700,L2,2,1,0,-138066,1.05094e+08
Si28_g0u0700,14,28,g0u0700,L3,2,1,1,-137707,1.05094e+08
Si28_g0u0700,14,28,g0u0700,M4,3,2,0,-61127.2,1.05171e+08
Si28_g0u0700,14,28,g0u0700,M5,3,2,1,-61091.6,1.05171e+08
Si28_g0u0700,14,28,g0u0700,N6,4,3,0,-34347,1.05197e+08
Si28_g0u0700,14,28,g0u0700,N7,4,3,1,-34339.5,1.05197e+08
Si28_g0u0700,14,28,g0u0700,O8,5,4,0,-21973.5,1.0521e+08
Si28_g0u0700,14,28,g0u0700,O9,5,4,1,-21971.2,1.0521e+08
Si28_g0u0700,14,28,g0u0700,P10,6,5,0,-15257.1,1.05216e+08
Si28_g0u0700,14,28,g0u0700,P11,6,5,1,-15256.2,1.05216e+08
Si28_g0u0700,14,28,g0u0700,Q12,7,6,0,-11208.6,1.05221e+08
Si28_g0u0700,14,28,g0u0700,Q13,7,6,1,-11208.2,1.05221e+08
Si28_g0u0700,14,28,g0u0700,R14,8,7,0,-8581.28,1.05223e+08
Si28_g0u0700,14,28,g0u0700,R15,8,7,1,-8581.08,1.05223e+08
Si28_g0u0800,14,28,g0u0800,K1,1,0,1,-537997,1.04694e+08
Si28_g0u0800,14,28,g0u0800,L2,2,1,0,-138066,1.05094e+08
Si28_g0u0800,14,28,g0u0800,L3,2,1,1,-137707,1.05094e+08
Si28_g0u0800,14,28,g0u0800,M4,3,2,0,-61127.2,1.05171e+08
Si28_g0u0800,14,28,g0u0800,M5,3,2,1,-61091.6,1.05171e+08
Si28_g0u0800,14,28,g0u0800,N6,4,3,0,-34347,1.05197e+08
Si28_g0u0800,14,28,g0u0800,N7,4,3,1,-34339.5,1.05197e+08
Si28_g0u0800,14,28,g0u0800,O8,5,4,0,-21973.5,1.0521e+08
Si28_g0u0800,14,28,g0u0800,O9,5,4,1,-21971.2,1.0521e+08
Si28_g0u0800,14,28,g0u0800,P10,6,5,0,-15257.1,1.05216e+08
Si28_g0u0800,14,28,g0u0800,P11,6,5,1,-15256.2,1.05216e+08
Si28_g0u0800,14,28,g0u0800,Q12,7,6,0,-11208.6,1.05221e+08
Si28_g0u0800,14,28,g0u0800,Q13,7,6,1,-11208.2,1.05221e+08
Si28_g0u0800,14,28,g0u0800,R14,8,7,0,-8581.28,1.05223e+08
Si28_g0u0800,14,28,g0u0800,R15,8,7,1,-8581.08,1.05223e+08
Si28_g0u0900,14,28,g0u0900,K1,1,0,1,-537997,1.04694e+08
Si28_g0u0900,14,28,g0u0900,L2,2,1,0,-138066,1.05094e+08
Si28_g0u0900,14,28,g0u0900,L3,2,1,1,-137707,1.05094e+08
Si28_g0u0900,14,28,g0u0900,M4,3,2,0,-61127.2,1.05171e+08
Si28_g0u0900,14,28,g0u0900,M5,3,2,1,-61091.6,1.05171e+08
Si28_g0u0900,14,28,g0u0900,N6,4,3,0,-34347,1.05197e+08
Si28_g0u0900,14,28,g0u0900,N7,4,3,1,-34339.5,1.05197e+08
Si28_g0u0900,14,28,g0u0900,O8,5,4,0,-21973.5,1.0521e+08
Si28_g0u0900,14,28,g0u0900,O9,5,4,1,-21971.2,1.0521e+08
Si28_g0u0900,14,28,g0u0900,P10,6,5,0,-15257.1,1.05216e+08
Si28_g0u0900,14,28,g0u0900,P11,6,5,1,-15256.2,1.05216e+08
Si28_g0u0900,14,28,g0u0900,Q12,7,6,0,-11208.6,1.05221e+08
Si28_g0u0900,14,28,g0u0900,Q13,7,6,1,-11208.2,1.05221e+08
Si28_g0u0900,14,28,g0u0900,R14,8,7,0,-8581.28,1.05223e+08
Si28_g0u0900,14,28,g0u0900,R15,8,7,1,-8581.08,1.05223e+08
Si28_g0u1000,14,28,g0u1000,K1,1,0,1,-537997,1.04694e+08
Si28_g0u1000,14,28,g0u1000,L2,2,1,0,-138066,1.05094e+08
Si28_g0u1000,14,28,g0u1000,L3,2,1,1,-137707,1.05094e+08
Si28_g0u1000,14,28,g0u1000,M4,3,2,0,-61127.2,1.05171e+08
Si28_g0u1000,14,28,g0u1000,M5,3,2,1,-61091.6,1.05171e+08
Si28_g0u1000,14,28,g0u1000,N6,4,3,0,-34347,1.05197e+08
Si28_g0u1000,14,28,g0u1000,N7,4,3,1,-34339.5,1.05197e+08
Si28_g0u1000,14,28,g0u1000,O8,5,4,0,-21973.5,1.0521e+08
Si28_g0u1000,14,28,g0u1000,O9,5,4,1,-21971.2,1.0521e+08
Si28_g0u1000,14,28,g0u1000,P10,6,5,0,-15257.1,1.05216e+08
Si28_g0u1000,14,28,g0u1000,P11,6,5,1,-15256.2,1.05216e+08
Si28_g0u1000,14,28,g0u1000,Q12,7,6,0,-11208.6,1.05221e+08
Si28_g0u1000,14,28,g0u1000,Q13,7,6,1,-11208.2,1.05221e+08
Si28_g0u1000,14,28,g0u1000,R14,8,7,0,-8581.28,1.05223e+08
Si28_g0u1000,14,28,g0u1000,R15,8,7,1,-8581.08,1.05223e+08
Si28_g0u1100,14,28,g0u1100,K1,1,0,1,-537997,1.04694e+08
Si28_g0u1100,14,28,g0u1100,L2,2,1,0,-138066,1.05094e+08
Si28_g0u1100,14,28,g0u1100,L3,2,1,1,-137707,1.05094e+08
Si28_g0u1100,14,28,g0u1100,M4,3,2,0,-61127.2,1.05171e+08
Si28_g0u1100,14,28,g0u1100,M5,3,2,1,-61091.6,1.05171e+08
Si28_g0u1100,14,28,g0u1100,N6,4,3,0,-34347,1.05197e+08
Si28_g0u1100,14,28,g0u1100,N7,4,3,1,-34339.5,1.05197e+08
Si28_g0u1100,14,28,g0u1100,O8,5,4,0,-21973.5,1.0521e+08
Si28_g0u1100,14,28,g0u1100,O9,5,4,1,-21971.2,1.0521e+08
Si28_g0u1100,14,28,g0u1100,P10,6,5,0,-15257.1,1.05216e+08
Si28_g0u1100,14,28,g0u1100,P11,6,5,1,-15256.2,1.05216e+08
Si28_g0u1100,14,28,g0u1100,Q12,7,6,0,-11208.6,1.05221e+08
Si28_g0u1100,14,28,g0u1100,Q13,7,6,1,-11208.2,1.05221e+08
Si28_g0u1100,14,28,g0u1100,R14,8,7,0,-8581.28,1.05223e+08
Si28_g0u1100,14,28,g0u1100,R15,8,7,1,-8581.08,1.05223e+08
Si28_g0u1200,14,28,g0u1200,K1,1,0,1,-537997,1.04694e+08
Si28_g0u1200,14,28,g0u1200,L2,2,1,0,-138066,1.05094e+08
Si28_g0u1200,14,28,g0u1200,L3,2,1,1,-137707,1.05094e+08
Si28_g0u1200,14,28,g0u1200,M4,3,2,0,-61127.2,1.05171e+08
Si28_g0u1200,14,28,g0u1200,M5,3,2,1,-61091.6,1.05171e+08
Si28_g0u1200,14,28,g0u1200,N6,4,3,0,-34347,1.05197e+08
Si28_g0u1200,14,28,g0u1200,N7,4,3,1,-34339.5,1.05197e+08
Si28_g0u1200,14,28,g0u1200,O8,5,4,0,-21973.5,1.0521e+08
Si28_g0u1200,14,28,g0u1200,O9,5,4,1,-21971.2,1.0521e+08
Si28_g0u1200,14,28,g0u1200,P10,6,5,0,-15257.1,1.05216e+08
Si28_g0u1200,14,28,g0u1200,P11,6,5,1,-15256.2,1.05216e+08
Si28_g0u1200,14,28,g0u1200,Q12,7,6,0,-11208.6,1.05221e+08
Si28_g0u1200,14,28,g0u1200,Q13,7,6,1,-11208.2,1.05221e+08
Si28_g0u1200,14,28,g0u1200,R14,8,7,0,-8581.28,1.05223e+08
Si28_g0u1200,14,28,g0u1200,R15,8,7,1,-8581.08,1.05223e+08
Si28_g0u1300,14,28,g0u1300,K1,1,0,1,-537997,1.04694e+08
Si28_g0u1300,14,28,g0u1300,L2,2,1,0,-138066,1.05094e+08
Si28_g0u1300,14,28,g0u1300,L3,2,1,1,-137707,1.05094e+08
Si28_g0u1300,14,28,g0u1300,M4,3,2,0,-61127.2,1.05171e+08
Si28_g0u1300,14,28,g0u1300,M5,3,2,1,-61091.6,1.05171e+08
Si28_g0u1300,14,28,g0u1300,N6,4,3,0,-34347,1.05197e+08
Si28_g0u1300,14,28,g0u1300,N7,4,3,1,-34339.5,1.05197e+08
Si28_g0u1300,14,28,g0u1300,O8,5,4,0,-21973.5,1.0521e+08
Si28_g0u1300,14,28,g0u1300,O9,5,4,1,-21971.2,1.0521e+08
Si28_g0u1300,14,28,g0u1300,P10,6,5,0,-15257.1,1.05216e+08
Si28_g0u1300,14,28,g0u1300,P11,6,5,1,-15256.2,1.05216e+08
Si28_g0u1300,14,28,g0u1300,Q12,7,6,0,-11208.6,1.05221e+08
Si28_g0u1300,14,28,g0u1300,Q13,7,6,1,-11208.2,1.05221e+08
Si28_g0u1300,14,28,g0u1300,R14,8,7,0,-8581.28,1.05223e+08
Si28_g0u1300,14,28,g0u1300,R15,8,7,1,-8581.08,1.05223e+08
Si28_g0u1400,14,28,g0u1400,K1,1,0,1,-537997,1.04694e+08
Si28_g0u1400,14,28,g0u1400,L2,2,1,0,-138066,1.05094e+08
Si28_g0u1400,14,28,g0u1400,L3,2,1,1,-137707,1.05094e+08
Si28_g0u1400,14,28,g0u1400,M4,3,2,0,-61127.2,1.05171e+08
Si28_g0u1400,14,28,g0u1400,M5,3,2,1,-61091.6,1.05171e+08
Si28_g0u1400,14,28,g0u1400,N6,4,3,0,-34347,1.05197e+08
Si28_g0u1400,14,28,g0u1400,N7,4,3,1,-34339.5,1.05197e+08
Si28_g0u1400,14,28,g0u1400,O8,5,4,0,-21973.5,1.0521e+08
Si28_g0u1400,14,28,g0u1400,O9,5,4,1,-21971.2,1.0521e+08
Si28_g0u1400,14,28,g0u1400,P10,6,5,0,-15257.1,1.05216e+08
Si28_g0u1400,14,28,g0u1400,P11,6,5,1,-15256.2,1.05216e+08
Si28_g0u1400,14,28,g0u1400,Q12,7,6,0,-11208.6,1.05221e+08
Si28_g0u1400,14,28,g0u1400,Q13,7,6,1,-11208.2,1.05221e+08
Si28_g0u1400,14,28,g0u1400,R14,8,7,0,-8581.28,1.05223e+08
Si28_g0u1400,14,28,g0u1400,R15,8,7,1,-8581.08,1.05223e+08
Si28_g0u1500,14,28,g0u1500,K1,1,0,1,-537997,1.04694e+08
Si28_g0u1500,14,28,g0u1500,L2,2,1,0,-138066,1.05094e+08
Si28_g0u1500,14,28,g0u1500,L3,2,1,1,-137707,1.05094e+08
Si28_g0u1500,14,28,g0u1500,M4,3,2,0,-61127.2,1.05171e+08
Si28_g0u1500,14,28,g0u1500,M5,3,2,1,-61091.6,1.05171e+08
Si28_g0u1500,14,28,g0u1500,N6,4,3,0,-34347,1.05197e+08
Si28_g0u1500,14,28,g0u1500,N7,4,3,1,-34339.5,1.05197e+08
Si28_g0u1500,14,28,g0u1500,O8,5,4,0,-21973.5,1.0521e+08
Si28_g0u1500,14,28,g0u1500,O9,5,4,1,-21971.2,1.0521e+08
Si28_g0u1500,14,28,g0u1500,P10,6,5,0,-15257.1,1.05216e+08
Si28_g0u1500,14,28,g0u1500,P11,6,5,1,-15256.2,1.05216e+08
Si28_g0u1500,14,28,g0u1500,Q12,7,6,0,-11208.6,1.05221e+08
Si28_g0u1500,14,28,g0u1500,Q13,7,6,1,-11208.2,1.05221e+08
Si28_g0u1500,14,28,g0u1500,R14,8,7,0,-8581.28,1.05223e+08
Si28_g0u1500,14,28,g0u1500,R15,8,7,1,-8581.08,1.05223e+08
Si28_g0u1600,14,28,g0u1600,K1,1,0,1,-537997,1.04694e+08
Si28_g0u1600,14,28,g0u1600,L2,2,1,0,-138066,1.05094e+08
Si28_g0u1600,14,28,g0u1600,L3,2,1,1,-137707,1.05094e+08
Si28_g0u1600,14,28,g0u1600,M4,3,2,0,-61127.2,1.05171e+08
Si28_g0u1600,14,28,g0u1600,M5,3,2,1,-61091.6,1.05171e+08
Si28_g0u1600,14,28,g0u1600,N6,4,3,0,-34347,1.05197e+08
Si28_g0u1600,14,28,g0u1600,N7,4,3,1,-34339.5,1.05197e+08
Si28_g0u1600,14,28,g0u1600,O8,5,4,0,-21973.5,1.0521e+08
Si28_g0u1600,14,28,g0u1600,O9,5,4,1,-21971.2,1.0521e+08
Si28_g0u1600,14,28,g0u1600,P10,6,5,0,-15257.1,1.05216e+08
Si28_g0u1600,14,28,g0u1600,P11,6,5,1,-15256.2,1.05216e+08
Si28_g0u1600,14,28,g0u1600,Q12,7,6,0,-11208.6,1.05221e+08
Si28_g0u1600,14,28,g0u1600,Q13,7,6,1,-11208.2,1.05221e+08
Si28_g0u1600,14,28,g0u1600,R14,8,7,0,-8581.28,1.05223e+08
Si28_g0u1600,14,28,g0u1600,R15,8,7,1,-8581.08,1.05223e+08
Si28_g0u1700,14,28,g0u1700,K1,1,0,1,-537997,1.04694e+08
Si28_g0u1700,14,28,g0u1700,L2,2,1,0,-138066,1.05094e+08
Si28_g0u1700,14,28,g0u1700,L3,2,1,1,-137707,1.05094e+08
Si28_g0u1700,14,28,g0u1700,M4,3,2,0,-61127.2,1.05171e+08
Si28_g0u1700,14,28,g0u1700,M5,3,2,1,-61091.6,1.05171e+08
Si28_g0u1700,14,28,g0u1700,N6,4,3,0,-34347,1.05197e+08
Si28_g0u1700,14,28,g0u1700,N7,4,3,1,-34339.5,1.05197e+08
Si28_g0u1700,14,28,g0u1700,O8,5,4,0,-21973.5,1.0521e+08
Si28_g0u1700,14,28,g0u1700,O9,5,4,1,-21971.2,1.0521e+08
Si28_g0u1700,14,28,g0u1700,P10,6,5,0,-15257.1,1.05216e+08
Si28_g0u1700,14,28,g0u1700,P11,6,5,1,-15256.2,1.05216e+08
Si28_g0u1700,14,28,g0u1700,Q12,7,6,0,-11208.6,1.05221e+08
Si28_g0u1700,14,28,g0u1700,Q13,7,6,1,-11208.2,1.05221e+08
Si28_g0u1700,14,28,g0u1700,R14,8,7,0,-8581.28,1.05223e+08
Si28_g0u1700,14,28,g0u1700,R15,8,7,1,-8581.08,1.05223e+08
Si28_g0u1800,14,28,g0u1800,K1,1,0,1,-537997,1.04694e+08
Si28_g0u1800,14,28,g0u1800,L2,2,1,0,-138066,1.05094e+08
Si28_g0u1800,14,28,g0u1800,L3,2,1,1,-137707,1.05094e+08
Si28_g0u1800,14,28,g0u1800,M4,3,2,0,-61127.2,1.05171e+08
Si28_g0u1800,14,28,g0u1800,M5,3,2,1,-61091.6,1.05171e+08
Si28_g0u1800,14,28,g0u1800,N6,4,3,0,-34347,1.05197e+08
Si28_g0u1800,14,28,g0u1800,N7,4,3,1,-34339.5,1.05197e+08
Si28_g0u1800,14,28,g0u1800,O8,5,4,0,-21973.5,1.0521e+08
Si28_g0u1800,14,28,g0u1800,O9,5,4,1,-21971.2,1.0521e+08
Si28_g0u1800,14,28,g0u1800,P10,6,5,0,-15257.1,1.05216e+08
Si28_g0u1800,14,28,g0u1800,P11,6,5,1,-15256.2,1.05216e+08
Si28_g0u1800,14,28,g0u1800,Q12,7,6,0,-11208.6,1.05221e+08
Si28_g0u1800,14,28,g0u1800,Q13,7,6,1,-11208.2,1.05221e+08
Si28_g0u1800,14,28,g0u1800,R14,8,7,0,-8581.28,1.05223e+08
Si28_g0u1800,14,28,g0u1800,R15,8,7,1,-8581.08,1.05223e+08
Si28_g0u1900,14,28,g0u1900,K1,1,0,1,-537997,1.04694e+08
Si28_g0u1900,14,28,g0u1900,L2,2,1,0,-138066,1.05094e+08
Si28_g0u1900,14,28,g0u1900,L3,2,1,1,-137707,1.05094e+08
Si28_g0u1900,14,28,g0u1900,M4,3,2,0,-61127.2,1.05171e+08
Si28_g0u1900,14,28,g0u1900,M5,3,2,1,-61091.6,1.05171e+08
Si28_g0u1900,14,28,g0u1900,N6,4,3,0,-34347,1.05197e+08
Si28_g0u1900,14,28,g0u1900,N7,4,3,1,-34339.5,1.05197e+08
Si28_g0u1900,14,28,g0u1900,O8,5,4,0,-21973.5,1.0521e+08
Si28_g0u1900,14,28,g0u1900,O9,5,4,1,-21971.2,1.0521e+08
Si28_g0u1900,14,28,g0u1900,P10,6,5,0,-15257.1,1.05216e+08
Si28_g0u1900,14,28,g0u1900,P11,6,5,1,-15256.2,1.05216e+08
Si28_g0u1900,14,28,g0u1900,Q12,7,6,0,-11208.6,1.05221e+08
Si28_g0u1900,14,28,g0u1900,Q13,7,6,1,-11208.2,1.05221e+08
Si28_g0u1900,14,28,g0u1900,R14,8,7,0,-8581.28,1.05223e+08
Si28_g0u1900,14,28,g0u1900,R15,8,7,1,-8581.08,1.05223e+08
Si28_g0u2000,14,28,g0u2000,K1,1,0,1,-537997,1.04694e+08
Si28_g0u2000,14,28,g0u2000,L2,2,1,0,-138066,1.05094e+08
Si28_g0u2000,14,28,g0u2000,L3,2,1,1,-137707,1.05094e+08
Si28_g0u2000,14,28,g0u2000,M4,3,2,0,-61127.2,1.05171e+08
Si28_g0u2000,14,28,g0u2000,M5,3,2,1,-61091.6,1.05171e+08
Si28_g0u2000,14,28,g0u2000,N6,4,3,0,-34347,1.05197e+08
Si28_g0u2000,14,28,g0u2000,N7,4,3,1,-34339.5,1.05197e+08
Si28_g0u2000,14,28,g0u2000,O8,5,4,0,-21973.5,1.0521e+08
Si28_g0u2000,14,28,g0u2000,O9,5,4,1,-21971.2,1.0521e+08
Si28_g0u2000,14,28,g0u2000,P10,6,5,0,-15257.1,1.05216e+08
Si28_g0u2000,14,28,g0u2000,P11,6,5,1,-15256.2,1.05216e+08
Si28_g0u2000,14,28,g0u2000,Q12,7,6,0,-11208.6,1.05221e+08
Si28_g0u2000,14,28,g0u2000,Q13,7,6,1,-11208.2,1.05221e+08
Si28_g0u2000,14,28,g0u2000,R14,8,7,0,-8581.28,1.05223e+08
Si28_g0u2000,14,28,g0u2000,R15,8,7,1,-8581.08,1.05223e+08
Si28_g0u2100,14,28,g0u2100,K1,1,0,1,-537997,1.04694e+08
Si28_g0u2100,14,28,g0u2100,L2,2,1,0,-138066,1.05094e+08
Si28_g0u2100,14,28,g0u2100,L3,2,1,1,-137707,1.05094e+08
Si28_g0u2100,14,28,g0u2100,M4,3,2,0,-61127.2,1.05171e+08
Si28_g0u2100,14,28,g0u2100,M5,3,2,1,-61091.6,1.05171e+08
Si28_g0u2100,14,28,g0u2100,N6,4,3,0,-34347,1.05197e+08
Si28_g0u2100,14,28,g0u2100,N7,4,3,1,-34339.5,1.05197e+08
Si28_g0u2100,14,28,g0u2100,O8,5,4,0,-21973.5,1.0521e+08
Si28_g0u2100,14,28,g0u2100,O9,5,4,1,-21971.2,1.0521e+08
Si28_g0u2100,14,28,g0u2100,P10,6,5,0,-15257.1,1.05216e+08
Si28_g0u2100,14,28,g0u2100,P11,6,5,1,-15256.2,1.05216e+08
Si28_g0u2100,14,28,g0u2100,Q12,7,6,0,-11208.6,1.05221e+08
Si28_g0u2100,14,28,g0u2100,Q13,7,6,1,-11208.2,1.05221e+08
Si28_g0u2100,14,28,g0u2100,R14,8,7,0,-8581.28,1.05223e+08
Si28_g0u2100,14,28,g0u2100,R15,8,7,1,-8581.08,1.05223e+08
Si28_g0u2200,14,28,g0u2200,K1,1,0,1,-537997,1.04694e+08
Si28_g0u2200,14,28,g0u2200,L2,2,1,0,-138066,1.05094e+08
Si28_g0u2200,14,28,g0u2200,L3,2,1,1,-137707,1.05094e+08
Si28_g0u2200,14,28,g0u2200,M4,3,2,0,-61127.2,1.05171e+08
Si28_g0u2200,14,28,g0u2200,M5,3,2,1,-61091.6,1.05171e+08
Si28_g0u2200,14,28,g0u2200,N6,4,3,0,-34347,1.05197e+08
Si28_g0u2200,14,28,g0u2200,N7,4,3,1,-34339.5,1.05197e+08
Si28_g0u2200,14,28,g0u2200,O8,5,4,0,-21973.5,1.0521e+08
Si28_g0u2200,14,28,g0u2200,O9,5,4,1,-21971.2,1.0521e+08
Si28_g0u2200,14,28,g0u2200,P10,6,5,0,-15257.1,1.05216e+08
Si28_g0u2200,14,28,g0u2200,P11,6,5,1,-15256.2,1.05216e+08
Si28_g0u2200,14,28,g0u2200,Q12,7,6,0,-11208.6,1.05221e+08
Si28_g0u2200,14,28,g0u2200,Q13,7,6,1,-11208.2,1.05221e+08
Si28_g0u2200,14,28,g0u2200,R14,8,7,0,-8581.28,1.05223e+08
Si28_g0u2200,14,28,g0u2200,R15,8,7,1,-8581.08,1.05223e+08
Si28_g0u2300,14,28,g0u2300,K1,1,0,1,-537995,1.04694e+08
Si28_g0u2300,14,28,g0u2300,L2,2,1,0,-138066,1.05094e+08
Si28_g0u2300,14,28,g0u2300,L3,2,1,1,-137707,1.05094e+08
Si28_g0u2300,14,28,g0u2300,M4,3,2,0,-61127.2,1.05171e+08
Si28_g0u2300,14,28,g0u2300,M5,3,2,1,-61091.6,1.05171e+08
Si28_g0u2300,14,28,g0u2300,N6,4,3,0,-34347,1.05197e+08
Si28_g0u2300,14,28,g0u2300,N7,4,3,1,-34339.5,1.05197e+08
Si28_g0u2300,14,28,g0u2300,O8,5,4,0,-21973.5,1.0521e+08
Si28_g0u2300,14,28,g0u2300,O9,5,4,1,-21971.2,1.0521e+08
Si28_g0u2300,14,28,g0u2300,P10,6,5,0,-15257.1,1.05216e+08
Si28_g0u2300,14,28,g0u2300,P11,6,5,1,-15256.2,1.05216e+08
Si28_g0u2300,14,28,g0u2300,Q12,7,6,0,-11208.6,1.05221e+08
Si28_g0u2300,14,28,g0u2300,Q13,7,6,1,-11208.2,1.05221e+08
Si28_g0u2300,14,28,g0u2300,R14,8,7,0,-8581.28,1.05223e+08
Si28_g0u2300,14,28,g0u2300,R15,8,7,1,-8581.08,1.05223e+08
Si28_g0u2400,14,28,g0u2400,K1,1,0,1,-537991,1.04694e+08
Si28_g0u2400,14,28,g0u2400,L2,2,1,0,-138066,1.05094e+08
Si28_g0u2400,14,28,g0u2400,L3,2,1,1,-137707,1.05094e+08
Si28_g0u2400,14,28,g0u2400,M4,3,2,0,-61127.2,1.05171e+08
Si28_g0u2400,14,28,g0u2400,M5,3,2,1,-61091.6,1.05171e+08
Si28_g0u2400,14,28,g0u2400,N6,4,3,0,-34347,1.05197e+08
Si28_g0u2400,14,28,g0u2400,N7,4,3,1,-34339.5,1.05197e+08
Si28_g0u2400,14,28,g0u2400,O8,5,4,0,-21973.5,1.0521e+08
Si28_g0u2400,14,28,g0u2400,O9,5,4,1,-21971.2,1.0521e+08
Si28_g0u2400,14,28,g0u2400,P10,6,5,0,-15257.1,1.05216e+08
Si28_g0u2400,14,28,g0u2400,P11,6,5,1,-15256.2,1.05216e+08
Si28_g0u2400,14,28,g0u2400,Q12,7,6,0,-11208.6,1.05221e+08
Si28_g0u2400,14,28,g0u2400,Q13,7,6,1,-11208.2,1.05221e+08
Si28_g0u2400,14,28,g0u2400,R14,8,7,0,-8581.28,1.05223e+08
Si28_g0u2400,14,28,g0u2400,R15,8,7,1,-8581.08,1.05223e+08
Si28_g2u1000,14,28,g2u1000,K1,1,0,1,-537997,1.04694e+08
Si28_g2u1000,14,28,g2u1000,L2,2,1,0,-138066,1.05094e+08
Si28_g2u1000,14,28,g2u1000,L3,2,1,1,-137707,1.05094e+08
Si28_g2u1000,14,28,g2u1000,M4,3,2,0,-61127.2,1.05171e+08
Si28_g2u1000,14,28,g2u1000,M5,3,2,1,-61091.6,1.05171e+08
Si28_g2u1000,14,28,g2u1000,N6,4,3,0,-34347,1.05197e+08
Si28_g2u1000,14,28,g2u1000,N7,4,3,1,-34339.5,1.05197e+08
Si28_g2u1000,14,28,g2u1000,O8,5,4,0,-21973.5,1.0521e+08
Si28_g2u1000,14,28,g2u1000,O9,5,4,1,-21971.2,1.0521e+08
Si28_g2u1000,14,28,g2u1000,P10,6,5,0,-15257.1,1.05216e+08
Si28_g2u1000,14,28,g2u1000,P11,6,5,1,-15256.2,1.05216e+08
Si28_g2u1000,14,28,g2u1000,Q12,7,6,0,-11208.6,1.05221e+08
Si28_g2u1000,14,28,g2u1000,Q13,7,6,1,-11208.2,1.05221e+08
Si28_g2u1000,14,28,g2u1000,R14,8,7,0,-8581.28,1.05223e+08
Si28_g2u1000,14,28,g2u1000,R15,8,7,1,-8581.08,1.05223e+08
Ar40_g0u0050,18,40,g0u0050,K1,1,0,1,-872046,1.04487e+08
Ar40_g0u0050,18,40,g0u0050,L2,2,1,0,-229101,1.0513e+08
Ar40_g0u0050,18,40,g0u0050,L3,2,1,1,-228125,1.05131e+08
Ar40_g0u0050,18,40,g0u0050,M4,3,2,0,-101263,1.05258e+08
Ar40_g0u0050,18,40,g0u0050,M5,3,2,1,-101165,1.05258e+08
Ar40_g0u0050,18,40,g0u0050,N6,4,3,0,-56871.6,1.05302e+08
Ar40_g0u0050,18,40,g0u0050,N7,4,3,1,-56851.1,1.05302e+08
Ar40_g0u0050,18,40,g0u0050,O8,5,4,0,-36375.9,1.05323e+08
Ar40_g0u0050,18,40,g0u0050,O9,5,4,1,-36369.6,1.05323e+08
Ar40_g0u0050,18,40,g0u0050,P10,6,5,0,-25254.6,1.05334e+08
Ar40_g0u0050,18,40,g0u0050,P11,6,5,1,-25252.2,1.05334e+08
Ar40_g0u0050,18,40,g0u0050,Q12,7,6,0,-18552.3,1.05341e+08
Ar40_g0u0050,18,40,g0u0050,Q13,7,6,1,-18551.2,1.05341e+08
Ar40_g0u0050,18,40,g0u0050,R14,8,7,0,-14203.3,1.05345e+08
Ar40_g0u0050,18,40,g0u0050,R15,8,7,1,-14202.7,1.05345e+08
Ar40_g0u0100,18,40,g0u0100,K1,1,0,1,-872078,1.04487e+08
Ar40_g0u0100,18,40,g0u0100,L2,2,1,0,-229101,1.0513e+08
Ar40_g0u0100,18,40,g0u0100,L3,2,1,1,-228125,1.05131e+08
Ar40_g0u0100,18,40,g0u0100,M4,3,2,0,-101263,1.05258e+08
Ar40_g0u0100,18,40,g0u0100,M5,3,2,1,-101165,1.05258e+08
Ar40_g0u0100,18,40,g0u0100,N6,4,3,0,-56871.7,1.05302e+08
Ar40_g0u0100,18,40,g0u0100,N7,4,3,1,-56851.2,1.05302e+08
Ar40_g0u0100,18,40,g0u0100,O8,5,4,0,-36375.9,1.05323e+08
Ar40_g0u0100,18,40,g0u0100,O9,5,4,1,-36369.6,1.05323e+08
Ar40_g0u0100,18,40,g0u0100,P10,6,5,0,-25254.6,1.05334e+08
Ar40_g0u0100,18,40,g0u0100,P11,6,5,1,-25252.2,1.05334e+08
Ar40_g0u0100,18,40,g0u0100,Q12,7,6,0,-18552.3,1.05341e+08
Ar40_g0u0100,18,40,g0u0100,Q13,7,6,1,-18551.2,1.05341e+08
Ar40_g0u0100,18,40,g0u0100,R14,8,7,0,-14203.3,1.05345e+08
Ar40_g0u0100,18,40,g0u0100,R15,8,7,1,-14202.7,1.05345e+08
Ar40_g0u0150,18,40,g0u0150,K1,1,0,1,-872083,1.04487e+08
Ar40_g0u0150,18,40,g0u0150,L2,2,1,0,-229102,1.0513e+08
Ar40_g0u0150,18,40,g0u0150,L3,2,1,1,-228125,1.05131e+08
Ar40_g0u0150,18,40,g0u0150,M4,3,2,0,-101263,1.05258e+08
Ar40_g0u0150,18,40,g0u0150,M5,3,2,1,-101165,1.05258e+08
Ar40_g0u0150,18,40,g0u0150,N6,4,3,0,-56871.7,1.05302e+08
Ar40_g0u0150,18,40,g0u0150,N7,4,3,1,-56851.2,1.05302e+08
Ar40_g0u0150,18,40,g0u0150,O8,5,4,0,-36375.9,1.05323e+08
Ar40_g0u0150,18,40,g0u0150,O9,5,4,1,-36369.6,1.05323e+08
Ar40_g0u0150,18,40,g0u0150,P10,6,5,0,-25254.6,1.05334e+08
Ar40_g0u0150,18,40,g0u0150,P11,6,5,1,-25252.2,1.05334e+08
Ar40_g0u0150,18,40,g0u0150,Q12,7,6,0,-18552.3,1.05341e+08
Ar40_g0u0150,18,40,g0u0150,Q13,7,6,1,-18551.2,1.05341e+08
Ar40_g0u0150,18,40,g0u0150,R14,8,7,0,-14203.3,1.05345e+08
Ar40_g0u0150,18,40,g0u0150,R15,8,7,1,-14202.7,1.05345e+08
Ar40_g0u0200,18,40,g0u0200,K1,1,0,1,-872085,1.04487e+08
Ar40_g0u0200,18,40,g0u0200,L2,2,1,0,-229102,1.0513e+08
Ar40_g0u0200,18,40,g0u0200,L3,2,1,1,-228125,1.05131e+08
Ar40_g0u0200,18,40,g0u0200,M4,3,2,0,-101263,1.05258e+08
Ar40_g0u0200,18,40,g0u0200,M5,3,2,1,-101165,1.05258e+08
Ar40_g0u0200,18,40,g0u0200,N6,4,3,0,-56871.7,1.05302e+08
Ar40_g0u0200,18,40,g0u0200,N7,4,3,1,-56851.2,1.05302e+08
Ar40_g0u0200,18,40,g0u0200,O8,5,4,0,-36375.9,1.05323e+08
Ar40_g0u0200,18,40,g0u0200,O9,5,4,1,-36369.7,1.05323e+08
Ar40_g0u0200,18,40,g0u0200,P10,6,5,0,-25254.6,1.05334e+08
Ar40_g0u0200,18,40,g0u0200,P11,6,5,1,-25252.2,1.05334e+08
Ar40_g0u0200,18,40,g0u0200,Q12,7,6,0,-18552.3,1.05341e+08
Ar40_g0u0200,18,40,g0u0200,Q13,7,6,1,-18551.2,1.05341e+08
Ar40_g0u0200,18,40,g0u0200,R14,8,7,0,-14203.3,1.05345e+08
Ar40_g0u0200,18,40,g0u0200,R15,8,7,1,-14202.7,1.05345e+08
Ar40_g0u0250,18,40,g0u0250,K1,1,0,1,-872086,1.04487e+08
Ar40_g0u0250,18,40,g0u0250,L2,2,1,0,-229102,1.0513e+08
Ar40_g0u0250,18,40,g0u0250,L3,2,1,1,-228125,1.05131e+08
Ar40_g0u0250,18,40,g0u0250,M4,3,2,0,-101263,1.05258e+08
Ar40_g0u0250,18,40,g0u0250,M5,3,2,1,-101165,1.05258e+08
Ar40_g0u0250,18,40,g0u0250,N6,4,3,0,-56871.7,1.05302e+08
Ar40_g0u0250,18,40,g0u0250,N7,4,3,1,-56851.2,1.05302e+08
Ar40_g0u0250,18,40,g0u0250,O8,5,4,0,-36375.9,1.05323e+08
Ar40_g0u0250,18,40,g0u0250,O9,5,4,1,-36369.7,1.05323e+08
Ar40_g0u0250,18,40,g0u0250,P10,6,5,0,-25254.6,1.05334e+08
Ar40_g0u0250,18,40,g0u0250,P11,6,5,1,-25252.2,1.05334e+08
Ar40_g0u0250,18,40,g0u0250,Q12,7,6,0,-18552.3,1.05341e+08
Ar40_g0u0250,18,40,g0u0250,Q13,7,6,1,-18551.2,1.05341e+08
Ar40_g0u0250,18,40,g0u0250,R14,8,7,0,-14203.3,1.05345e+08
Ar40_g0u0250,18,40,g0u0250,R15,8,7,1,-14202.7,1.05345e+08
Ar40_g0u0300,18,40,g0u0300,K1,1,0,1,-872087,1.04487e+08
Ar40_g0u0300,18,40,g0u0300,L2,2,1,0,-229102,1.0513e+08
Ar40_g0u0300,18,40,g0u0300,L3,2,1,1,-228125,1.05131e+08
Ar40_g0u0300,18,40,g0u0300,M4,3,2,0,-101263,1.05258e+08
Ar40_g0u0300,18,40,g0u0300,M5,3,2,1,-101165,1.05258e+08
Ar40_g0u0300,18,40,g0u0300,N6,4,3,0,-56871.7,1.05302e+08
Ar40_g0u0300,18,40,g0u0300,N7,4,3,1,-56851.2,1.05302e+08
Ar40_g0u0300,18,40,g0u0300,O8,5,4,0,-36375.9,1.05323e+08
Ar40_g0u0300,18,40,g0u0300,O9,5,4,1,-36369.7,1.05323e+08
Ar40_g0u0300,18,40,g0u0300,P10,6,5,0,-25254.6,1.05334e+08
Ar40_g0u0300,18,40,g0u0300,P11,6,5,1,-25252.2,1.05334e+08
Ar40_g0u0300,18,40,g0u0300,Q12,7,6,0,-18552.3,1.05341e+08
Ar40_g0u0300,18,40,g0u0300,Q13,7,6,1,-18551.2,1.05341e+08
Ar40_g0u0300,18,40,g0u0300,R14,8,7,0,-14203.3,1.05345e+08
Ar40_g0u0300,18,40,g0u0300,R15,8,7,1,-14202.7,1.05345e+08
Ar40_g0u0350,18,40,g0u0350,K1,1,0,1,-872087,1.04487e+08
Ar40_g0u0350,18,40,g0u0350,L2,2,1,0,-229102,1.0513e+08
Ar40_g0u0350,18,40,g0u0350,L3,2,1,1,-228125,1.05131e+08
Ar40_g0u0350,18,40,g0u0350,M4,3,2,0,-101263,1.05258e+08
Ar40_g0u0350,18,40,g0u0350,M5,3,2,1,-101165,1.05258e+08
Ar40_g0u0350,18,40,g0u0350,N6,4,3,0,-56871.7,1.05302e+08
Ar40_g0u0350,18,40,g0u0350,N7,4,3,1,-56851.2,1.05302e+08
Ar40_g0u0350,18,40,g0u0350,O8,5,4,0,-36375.9,1.05323e+08
Ar40_g0u0350,18,40,g0u0350,O9,5,4,1,-36369.7,1.05323e+08
Ar40_g0u0350,18,40,g0u0350,P10,6,5,0,-25254.6,1.05334e+08
Ar40_g0u0350,18,40,g0u0350,P11,6,5,1,-25252.2,1.05334e+08
Ar40_g0u0350,18,40,g0u0350,Q12,7,6,0,-18552.3,1.05341e+08
Ar40_g0u0350,18,40,g0u0350,Q13,7,6,1,-18551.2,1.05341e+08
Ar40_g0u0350,18,40,g0u0350,R14,8,7,0,-14203.3,1.05345e+08
Ar40_g0u0350,18,40,g0u0350,R15,8,7,1,-14202.7,1.05345e+08
Ar40_g0u0400,18,40,g0u0400,K1,1,0,1,-872087,1.04487e+08
Ar40_g0u0400,18,40,g0u0400,L2,2,1,0,-229102,1.0513e+08
Ar40_g0u0400,18,40,g0u0400,L3,2,1,1,-228125,1.05131e+08
Ar40_g0u0400,18,40,g0u0400,M4,3,2,0,-101263,1.05258e+08
Ar40_g0u0400,18,40,g0u0400,M5,3,2,1,-101165,1.05258e+08
Ar40_g0u0400,18,40,g0u0400,N6,4,3,0,-56871.7,1.05302e+08
Ar40_g0u0400,18,40,g0u0400,N7,4,3,1,-56851.2,1.05302e+08
Ar40_g0u0400,18,40,g0u0400,O8,5,4,0,-36375.9,1.05323e+08
Ar40_g0u0400,18,40,g0u0400,O9,5,4,1,-36369.7,1.05323e+08
Ar40_g0u0400,18,40,g0u0400,P10,6,5,0,-25254.6,1.05334e+08
Ar40_g0u0400,18,40,g0u0400,P11,6,5,1,-25252.2,1.05334e+08
Ar40_g0u0400,18,40,g0u0400,Q12,7,6,0,-18552.3,1.05341e+08
Ar40_g0u0400,18,40,g0u0400,Q13,7,6,1,-18551.2,1.05341e+08
Ar40_g0u0400,18,40,g0u0400,R14,8,7,0,-14203.3,1.05345e+08
Ar40_g0u0400,18,40,g0u0400,R15,8,7,1,-14202.7,1.05345e+08
Ar40_g0u0450,18,40,g0u0450,K1,1,0,1,-872087,1.04487e+08
Ar40_g0u0450,18,40,g0u0450,L2,2,1,0,-229102,1.0513e+08
Ar40_g0u0450,18,40,g0u0450,L3,2,1,1,-228125,1.05131e+08
Ar40_g0u0450,18,40,g0u0450,M4,3,2,0,-101263,1.05258e+08
Ar40_g0u0450,18,40,g0u0450,M5,3,2,1,-101165,1.05258e+08
Ar40_g0u0450,18,40,g0u0450,N6,4,3,0,-56871.7,1.05302e+08
Ar40_g0u0450,18,40,g0u0450,N7,4,3,1,-56851.2,1.05302e+08
Ar40_g0u0450,18,40,g0u0450,O8,5,4,0,-36375.9,1.05323e+08
Ar40_g0u0450,18,40,g0u0450,O9,5,4,1,-36369.7,1.05323e+08
Ar40_g0u0450,18,40,g0u0450,P10,6,5,0,-25254.6,1.05334e+08
Ar40_g0u0450,18,40,g0u0450,P11,6,5,1,-25252.2,1.05334e+08
Ar40_g0u0450,18,40,g0u0450,Q12,7,6,0,-18552.3,1.05341e+08
Ar40_g0u0450,18,40,g0u0450,Q13,7,6,1,-18551.2,1.05341e+08
Ar40_g0u0450,18,40,g0u0450,R14,8,7,0,-14203.3,1.05345e+08
Ar40_g0u0450,18,40,g0u0450,R15,8,7,1,-14202.7,1.05345e+08
Ar40_g0u0500,18,40,g0u0500,K1,1,0,1,-872087,1.04487e+08
Ar40_g0u0500,18,40,g0u0500,L2,2,1,0,-229102,1.0513e+08
Ar40_g0u0500,18,40,g0u0500,L3,2,1,1,-228126,1.05131e+08
Ar40_g0u0500,18,40,g0u0500,M4,3,2,0,-101263,1.05258e+08
Ar40_g0u0500,18,40,g0u0500,M5,3,2,1,-101165,1.05258e+08
Ar40_g0u0500,18,40,g0u0500,N6,4,3,0,-56871.7,1.05302e+08
Ar40_g0u0500,18,40,g0u0500,N7,4,3,1,-56851.2,1.05302e+08
Ar40_g0u0500,18,40,g0u0500,O8,5,4,0,-36375.9,1.05323e+08
Ar40_g0u0500,18,40,g0u0500,O9,5,4,1,-36369.7,1.05323e+08
Ar40_g0u0500,18,40,g0u0500,P10,6,5,0,-25254.6,1.05334e+08
Ar40_g0u0500,18,40,g0u0500,P11,6,5,1,-25252.2,1.05334e+08
Ar40_g0u0500,18,40,g0u0500,Q12,7,6,0,-18552.3,1.05341e+08
Ar40_g0u0500,18,40,g0u0500,Q13,7,6,1,-18551.2,1.05341e+08
Ar40_g0u0500,18,40,g0u0500,R14,8,7,0,-14203.3,1.05345e+08
Ar40_g0u0500,18,40,g0u0500,R15,8,7,1,-14202.7,1.05345e+08
Ar40_g0u0550,18,40,g0u0550,K1,1,0,1,-872088,1.04487e+08
Ar40_g0u0550,18,40,g0u0550,L2,2,1,0,-229102,1.0513e+08
Ar40_g0u0550,18,40,g0u0550,L3,2,1,1,-228126,1.05131e+08
Ar40_g0u0550,18,40,g0u0550,M4,3,2,0,-101263,1.05258e+08
Ar40_g0u0550,18,40,g0u0550,M5,3,2,1,-101165,1.05258e+08
Ar40_g0u0550,18,40,g0u0550,N6,4,3,0,-56871.7,1.05302e+08
Ar40_g0u0550,18,40,g0u0550,N7,4,3,1,-56851.2,1.05302e+08
Ar40_g0u0550,18,40,g0u0550,O8,5,4,0,-36375.9,1.05323e+08
Ar40_g0u0550,18,40,g0u0550,O9,5,4,1,-36369.7,1.05323e+08
Ar40_g0u0550,18,40,g0u0550,P10,6,5,0,-25254.6,1.05334e+08
Ar40_g0u0550,18,40,g0u0550,P11,6,5,1,-25252.2,1.05334e+08
Ar40_g0u0550,18,40,g0u0550,Q12,7,6,0,-18552.3,1.05341e+08
Ar40_g0u0550,18,40,g0u0550,Q13,7,6,1,-18551.2,1.05341e+08
Ar40_g0u0550,18,40,g0u0550,R14,8,7,0,-14203.3,1.05345e+08
Ar40_g0u0550,18,40,g0u0550,R15,8,7,1,-14202.7,1.05345e+08
Ar40_g0u0600,18,40,g0u0600,K1,1,0,1,-872088,1.04487e+08
Ar40_g0u0600,18,40,g0u0600,L2,2,1,0,-229102,1.0513e+08
Ar40_g0u0600,18,40,g0u0600,L3,2,1,1,-228126,1.05131e+08
Ar40_g0u0600,18,40,g0u0600,M4,3,2,0,-101263,1.05258e+08
Ar40_g0u0600,18,40,g0u0600,M5,3,2,1,-101165,1.05258e+08
Ar40_g0u0600,18,40,g0u0600,N6,4,3,0,-56871.7,1.05302e+08
Ar40_g0u0600,18,40,g0u0600,N7,4,3,1,-56851.2,1.05302e+08
Ar40_g0u0600,18,40,g0u0600,O8,5,4,0,-36375.9,1.05323e+08
Ar40_g0u0600,18,40,g0u0600,O9,5,4,1,-36369.7,1.05323e+08
Ar40_g0u0600,18,40,g0u0600,P10,6,5,0,-25254.6,1.05334e+08
Ar40_g0u0600,18,40,g0u0600,P11,6,5,1,-25252.2,1.05334e+08
Ar40_g0u0600,18,40,g0u0600,Q12,7,6,0,-18552.3,1.05341e+08
Ar40_g0u0600,18,40,g0u0600,Q13,7,6,1,-18551.2,1.05341e+08
Ar40_g0u0600,18,40,g0u0600,R14,8,7,0,-14203.3,1.05345e+08
Ar40_g0u0600,18,40,g0u0600,R15,8,7,1,-14202.7,1.05345e+08
Ar40_g0u0700,18,40,g0u0700,K1,1,0,1,-872088,1.04487e+08
Ar40_g0u0700,18,40,g0u0700,L2,2,1,0,-229102,1.0513e+08
Ar40_g0u0700,18,40,g0u0700,L3,2,1,1,-228126,1.05131e+08
Ar40_g0u0700,18,40,g0u0700,M4,3,2,0,-101263,1.05258e+08
Ar40_g0u0700,18,40,g0u0700,M5,3,2,1,-101165,1.05258e+08
Ar40_g0u0700,18,40,g0u0700,N6,4,3,0,-56871.7,1.05302e+08
Ar40_g0u0700,18,40,g0u0700,N7,4,3,1,-56851.2,1.05302e+08
Ar40_g0u0700,18,40,g0u0700,O8,5,4,0,-36375.9,1.05323e+08
Ar40_g0u0700,18,40,g0u0700,O9,5,4,1,-36369.7,1.05323e+08
Ar40_g0u0700,18,40,g0u0700,P10,6,5,0,-25254.6,1.05334e+08
Ar40_g0u0700,18,40,g0u0700,P11,6,5,1,-25252.2,1.05334e+08
Ar40_g0u0700,18,40,g0u0700,Q12,7,6,0,-18552.3,1.05341e+08
Ar40_g0u0700,18,40,g0u0700,Q13,7,6,1,-18551.2,1.05341e+08
Ar40_g0u0700,18,40,g0u0700,R14,8,7,0,-14203.3,1.05345e+08
Ar40_g0u0700,18,40,g0u0700,R15,8,7,1,-14202.7,1.05345e+08
Ar40_g0u0800,18,40,g0u0800,K1,1,0,1,-872088,1.04487e+08
Ar40_g0u0800,18,40,g0u0800,L2,2,1,0,-229102,1.0513e+08
Ar40_g0u0800,18,40,g0u0800,L3,2,1,1,-228126,1.05131e+08
Ar40_g0u0800,18,40,g0u0800,M4,3,2,0,-101263,1.05258e+08
Ar40_g0u0800,18,40,g0u0800,M5,3,2,1,-101165,1.05258e+08
Ar40_g0u0800,18,40,g0u0800,N6,4,3,0,-56871.7,1.05302e+08
Ar40_g0u0800,18,40,g0u0800,N7,4,3,1,-56851.2,1.05302e+08
Ar40_g0u0800,18,40,g0u0800,O8,5,4,0,-36375.9,1.05323e+08
Ar40_g0u0800,18,40,g0u0800,O9,5,4,1,-36369.7,1.05323e+08
Ar40_g0u0800,18,40,g0u0800,P10,6,5,0,-25254.6,1.05334e+08
Ar40_g0u0800,18,40,g0u0800,P11,6,5,1,-25252.2,1.05334e+08
Ar40_g0u0800,18,40,g0u0800,Q12,7,6,0,-18552.3,1.05341e+08
Ar40_g0u0800,18,40,g0u0800,Q13,7,6,1,-18551.2,1.05341e+08
Ar40_g0u0800,18,40,g0u0800,R14,8,7,0,-14203.3,1.05345e+08
Ar40_g0u0800,18,40,g0u0800,R15,8,7,1,-14202.7,1.05345e+08
Ar40_g0u0900,18,40,g0u0900,K1,1,0,1,-872088,1.04487e+08
Ar40_g0u0900,18,40,g0u0900,L2,2,1,0,-229102,1.0513e+08
Ar40_g0u0900,18,40,g0u0900,L3,2,1,1,-228126,1.05131e+08
Ar40_g0u0900,18,40,g0u0900,M4,3,2,0,-101263,1.05258e+08
Ar40_g0u0900,18,40,g0u0900,M5,3,2,1,-101165,1.05258e+08
Ar40_g0u0900,18,40,g0u0900,N6,4,3,0,-56871.7,1.05302e+08
Ar40_g0u0900,18,40,g0u0900,N7,4,3,1,-56851.2,1.05302e+08
Ar40_g0u0900,18,40,g0u0900,O8,5,4,0,-36375.9,1.05323e+08
Ar40_g0u0900,18,40,g0u0900,O9,5,4,1,-36369.7,1.05323e+08
Ar40_g0u0900,18,40,g0u0900,P10,6,5,0,-25254.6,1.05334e+08
Ar40_g0u0900,18,40,g0u0900,P11,6,5,1,-25252.2,1.05334e+08
Ar40_g0u0900,18,40,g0u0900,Q12,7,6,0,-18552.3,1.05341e+08
Ar40_g0u0900,18,40,g0u0900,Q13,7,6,1,-18551.2,1.05341e+08
Ar40_g0u0900,18,40,g0u0900,R14,8,7,0,-14203.3,1.05345e+08
Ar40_g0u0900,18,40,g0u0900,R15,8,7,1,-14202.7,1.05345e+08
Ar40_g0u1000,18,40,g0u1000,K1,1,0,1,-872088,1.04487e+08
Ar40_g0u1000,18,40,g0u1000,L2,2,1,0,-229102,1.0513e+08
Ar40_g0u1000,18,40,g0u1000,L3,2,1,1,-228126,1.05131e+08
Ar40_g0u1000,18,40,g0u1000,M4,3,2,0,-101263,1.05258e+08
Ar40_g0u1000,18,40,g0u1000,M5,3,2,1,-101165,1.05258e+08
Ar40_g0u1000,18,40,g0u1000,N6,4,3,0,-56871.7,1.05302e+08
Ar40_g0u1000,18,40,g0u1000,N7,4,3,1,-56851.2,1.05302e+08
Ar40_g0u1000,18,40,g0u1000,O8,5,4,0,-36375.9,1.05323e+08
Ar40_g0u1000,18,40,g0u1000,O9,5,4,1,-36369.7,1.05323e+08
Ar40_g0u1000,18,40,g0u1000,P10,6,5,0,-25254.6,1.05334e+08
Ar40_g0u1000,18,40,g0u1000,P11,6,5,1,-25252.2,1.05334e+08
Ar40_g0u1000,18,40,g0u1000,Q12,7,6,0,-18552.3,1.05341e+08
Ar40_g0u1000,18,40,g0u1000,Q13,7,6,1,-18551.2,1.05341e+08
Ar40_g0u1000,18,40,g0u1000,R14,8,7,0,-14203.3,1.05345e+08
Ar40_g0u1000,18,40,g0u1000,R15,8,7,1,-14202.7,1.05345e+08
Ar40_g0u1100,18,40,g0u1100,K1,1,0,1,-872088,1.04487e+08
Ar40_g0u1100,18,40,g0u1100,L2,2,1,0,-229102,1.0513e+08
Ar40_g0u1100,18,40,g0u1100,L3,2,1,1,-228126,1.05131e+08
Ar40_g0u1100,18,40,g0u1100,M4,3,2,0,-101263,1.05258e+08
Ar40_g0u1100,18,40,g0u1100,M5,3,2,1,-101165,1.05258e+08
Ar40_g0u1100,18,40,g0u1100,N6,4,3,0,-56871.7,1.05302e+08
Ar40_g0u1100,18,40,g0u1100,N7,4,3,1,-56851.2,1.05302e+08
Ar40_g0u1100,18,40,g0u1100,O8,5,4,0,-36375.9,1.05323e+08
Ar40_g0u1100,18,40,g0u1100,O9,5,4,1,-36369.7,1.05323e+08
Ar40_g0u1100,18,40,g0u1100,P10,6,5,0,-25254.6,1.05334e+08
Ar40_g0u1100,18,40,g0u1100,P11,6,5,1,-25252.2,1.05334e+08
Ar40_g0u1100,18,40,g0u1100,Q12,7,6,0,-18552.3,1.05341e+08
Ar40_g0u1100,18,40,g0u1100,Q13,7,6,1,-18551.2,1.05341e+08
Ar40_g0u1100,18,40,g0u1100,R14,8,7,0,-14203.3,1.05345e+08
Ar40_g0u1100,18,40,g0u1100,R15,8,7,1,-14202.7,1.05345e+08
Ar40_g0u1200,18,40,g0u1200,K1,1,0,1,-872088,1.04487e+08
Ar40_g0u1200,18,40,g0u1200,L2,2,1,0,-229102,1.0513e+08
Ar40_g0u1200,18,40,g0u1200,L3,2,1,1,-228126,1.05131e+08
Ar40_g0u1200,18,40,g0u1200,M4,3,2,0,-101263,1.05258e+08
Ar40_g0u1200,18,40,g0u1200,M5,3,2,1,-101165,1.05258e+08
Ar40_g0u1200,18,40,g0u1200,N6,4,3,0,-56871.7,1.05302e+08
Ar40_g0u1200,18,40,g0u1200,N7,4,3,1,-56851.2,1.05302e+08
Ar40_g0u1200,18,40,g0u1200,O8,5,4,0,-36375.9,1.05323e+08
Ar40_g0u1200,18,40,g0u1200,O9,5,4,1,-36369.7,1.05323e+08
Ar40_g0u1200,18,40,g0u1200,P10,6,5,0,-25254.6,1.05334e+08
Ar40_g0u1200,18,40,g0u1200,P11,6,5,1,-25252.2,1.05334e+08
Ar40_g0u1200,18,40,g0u1200,Q12,7,6,0,-18552.3,1.05341e+08
Ar40_g0u1200,18,40,g0u1200,Q13,7,6,1,-18551.2,1.05341e+08
Ar40_g0u1200,18,40,g0u1200,R14,8,7,0,-14203.3,1.05345e+08
Ar40_g0u1200,18,40,g0u1200,R15,8,7,1,-14202.7,1.05345e+08
Ar40_g0u1300,18,40,g0u1300,K1,1,0,1,-872088,1.04487e+08
Ar40_g0u1300,18,40,g0u1300,L2,2,1,0,-229102,1.0513e+08
Ar40_g0u1300,18,40,g0u1300,L3,2,1,1,-228126,1.05131e+08
Ar40_g0u1300,18,40,g0u1300,M4,3,2,0,-101263,1.05258e+08
Ar40_g0u1300,18,40,g0u1300,M5,3,2,1,-101165,1.05258e+08
Ar40_g0u1300,18,40,g0u1300,N6,4,3,0,-56871.7,1.05302e+08
Ar40_g0u1300,18,40,g0u1300,N7,4,3,1,-56851.2,1.05302e+08
Ar40_g0u1300,18,40,g0u1300,O8,5,4,0,-36375.9,1.05323e+08
Ar40_g0u1300,18,40,g0u1300,O9,5,4,1,-36369.7,1.05323e+08
Ar40_g0u1300,18,40,g0u1300,P10,6,5,0,-25254.6,1.05334e+08
Ar40_g0u1300,18,40,g0u1300,P11,6,5,1,-25252.2,1.05334e+08
Ar40_g0u1300,18,40,g0u1300,Q12,7,6,0,-18552.3,1.05341e+08
Ar40_g0u1300,18,40,g0u1300,Q13,7,6,1,-18551.2,1.05341e+08
Ar40_g0u1300,18,40,g0u1300,R14,8,7,0,-14203.3,1.05345e+08
Ar40_g0u1300,18,40,g0u1300,R15,8,7,1,-14202.7,1.05345e+08
Ar40_g0u1400,18,40,g0u1400,K1,1,0,1,-872088,1.04487e+08
Ar40_g0u1400,18,40,g0u1400,L2,2,1,0,-229102,1.0513e+08
Ar40_g0u1400,18,40,g0u1400,L3,2,1,1,-228126,1.05131e+08
Ar40_g0u1400,18,40,g0u1400,M4,3,2,0,-101263,1.05258e+08
Ar40_g0u1400,18,40,g0u1400,M5,3,2,1,-101165,1.05258e+08
Ar40_g0u1400,18,40,g0u1400,N6,4,3,0,-56871.7,1.05302e+08
Ar40_g0u1400,18,40,g0u1400,N7,4,3,1,-56851.2,1.05302e+08
Ar40_g0u1400,18,40,g0u1400,O8,5,4,0,-36375.9,1.05323e+08
Ar40_g0u1400,18,40,g0u1400,O9,5,4,1,-36369.7,1.05323e+08
Ar40_g0u1400,18,40,g0u1400,P10,6,5,0,-25254.6,1.05334e+08
Ar40_g0u1400,18,40,g0u1400,P11,6,5,1,-25252.2,1.05334e+08
Ar40_g0u1400,18,40,g0u1400,Q12,7,6,0,-18552.3,1.05341e+08
Ar40_g0u1400,18,40,g0u1400,Q13,7,6,1,-18551.2,1.05341e+08
Ar40_g0u1400,18,40,g0u1400,R14,8,7,0,-14203.3,1.05345e+08
Ar40_g0u1400,18,40,g0u1400,R15,8,7,1,-14202.7,1.05345e+08
Ar40_g0u1500,18,40,g0u1500,K1,1,0,1,-872088,1.04487e+08
Ar40_g0u1500,18,40,g0u1500,L2,2,1,0,-229102,1.0513e+08
Ar40_g0u1500,18,40,g0u1500,L3,2,1,1,-228126,1.05131e+08
Ar40_g0u1500,18,40,g0u1500,M4,3,2,0,-101263,1.05258e+08
Ar40_g0u1500,18,40,g0u1500,M5,3,2,1,-101165,1.05258e+08
Ar40_g0u1500,18,40,g0u1500,N6,4,3,0,-56871.7,1.05302e+08
Ar40_g0u1500,18,40,g0u1500,N7,4,3,1,-56851.2,1.05302e+08
Ar40_g0u1500,18,40,g0u1500,O8,5,4,0,-36375.9,1.05323e+08
Ar40_g0u1500,18,40,g0u1500,O9,5,4,1,-36369.7,1.05323e+08
Ar40_g0u1500,18,40,g0u1500,P10,6,5,0,-25254.6,1.05334e+08
Ar40_g0u1500,18,40,g0u1500,P11,6,5,1,-25252.2,1.05334e+08
Ar40_g0u1500,18,40,g0u1500,Q12,7,6,0,-18552.3,1.05341e+08
Ar40_g0u1500,18,40,g0u1500,Q13,7,6,1,-18551.2,1.05341e+08
Ar40_g0u1500,18,40,g0u1500,R14,8,7,0,-14203.3,1.05345e+08
Ar40_g0u1500,18,40,g0u1500,R15,8,7,1,-14202.7,1.05345e+08
Ar40_g0u1600,18,40,g0u1600,K1,1,0,1,-872088,1.04487e+08
Ar40_g0u1600,18,40,g0u1600,L2,2,1,0,-229102,1.0513e+08
Ar40_g0u1600,18,40,g0u1600,L3,2,1,1,-228126,1.05131e+08
Ar40_g0u1600,18,40,g0u1600,M4,3,2,0,-101263,1.05258e+08
Ar40_g0u1600,18,40,g0u1600,M5,3,2,1,-101165,1.05258e+08
Ar40_g0u1600,18,40,g0u1600,N6,4,3,0,-56871.7,1.05302e+08
Ar40_g0u1600,18,40,g0u1600,N7,4,3,1,-56851.2,1.05302e+08
Ar40_g0u1600,18,40,g0u1600,O8,5,4,0,-36375.9,1.05323e+08
Ar40_g0u1600,18,40,g0u1600,O9,5,4,1,-36369.7,1.05323e+08
Ar40_g0u1600,18,40,g0u1600,P10,6,5,0,-25254.6,1.05334e+08
Ar40_g0u1600,18,40,g0u1600,P11,6,5,1,-25252.2,1.05334e+08
Ar40_g0u1600,18,40,g0u1600,Q12,7,6,0,-18552.3,1.05341e+08
Ar40_g0u1600,18,40,g0u1600,Q13,7,6,1,-18551.2,1.05341e+08
Ar40_g0u1600,18,40,g0u1600,R14,8,7,0,-14203.3,1.05345e+08
Ar40_g0u1600,18,40,g0u1600,R15,8,7,1,-14202.7,1.05345e+08
Ar40_g0u1700,18,40,g0u1700,K1,1,0,1,-872088,1.04487e+08
Ar40_g0u1700,18,40,g0u1700,L2,2,1,0,-229102,1.0513e+08
Ar40_g0u1700,18,40,g0u1700,L3,2,1,1,-228126,1.05131e+08
Ar40_g0u1700,18,40,g0u1700,M4,3,2,0,-101263,1.05258e+08
Ar40_g0u1700,18,40,g0u1700,M5,3,2,1,-101165,1.05258e+08
Ar40_g0u1700,18,40,g0u1700,N6,4,3,0,-56871.7,1.05302e+08
Ar40_g0u1700,18,40,g0u1700,N7,4,3,1,-56851.2,1.05302e+08
Ar40_g0u1700,18,40,g0u1700,O8,5,4,0,-36375.9,1.05323e+08
Ar40_g0u1700,18,40,g0u1700,O9,5,4,1,-36369.7,1.05323e+08
Ar40_g0u1700,18,40,g0u1700,P10,6,5,0,-25254.6,1.05334e+08
Ar40_g0u1700,18,40,g0u1700,P11,6,5,1,-25252.2,1.05334e+08
Ar40_g0u1700,18,40,g0u1700,Q12,7,6,0,-18552.3,1.05341e+08
Ar40_g0u1700,18,40,g0u1700,Q13,7,6,1,-18551.2,1.05341e+08
Ar40_g0u1700,18,40,g0u1700,R14,8,7,0,-14203.3,1.05345e+08
Ar40_g0u1700,18,40,g0u1700,R15,8,7,1,-14202.7,1.05345e+08
Ar40_g0u1800,18,40,g0u1800,K1,1,0,1,-872088,1.04487e+08
Ar40_g0u1800,18,40,g0u1800,L2,2,1,0,-229102,1.0513e+08
Ar40_g0u1800,18,40,g0u1800,L3,2,1,1,-228126,1.05131e+08
Ar40_g0u1800,18,40,g0u1800,M4,3,2,0,-101263,1.05258e+08
Ar40_g0u1800,18,40,g0u1800,M5,3,2,1,-101165,1.05258e+08
Ar40_g0u1800,18,40,g0u1800,N6,4,3,0,-56871.7,1.05302e+08
Ar40_g0u1800,18,40,g0u1800,N7,4,3,1,-56851.2,1.05302e+08
Ar40_g0u1800,18,40,g0u1800,O8,5,4,0,-36375.9,1.05323e+08
Ar40_g0u1800,18,40,g0u1800,O9,5,4,1,-36369.7,1.05323e+08
Ar40_g0u1800,18,40,g0u1800,P10,6,5,0,-25254.6,1.05334e+08
Ar40_g0u1800,18,40,g0u1800,P11,6,5,1,-25252.2,1.05334e+08
Ar40_g0u1800,18,40,g0u1800,Q12,7,6,0,-18552.3,1.05341e+08
Ar40_g0u1800,18,40,g0u1800,Q13,7,6,1,-18551.2,1.05341e+08
Ar40_g0u1800,18,40,g0u1800,R14,8,7,0,-14203.3,1.05345e+08
Ar40_g0u1800,18,40,g0u1800,R15,8,7,1,-14202.7,1.05345e+08
Ar40_g0u1900,18,40,g0u1900,K1,1,0,1,-872088,1.04487e+08
Ar40_g0u1900,18,40,g0u1900,L2,2,1,0,-229102,1.0513e+08
Ar40_g0u1900,18,40,g0u1900,L3,2,1,1,-228126,1.05131e+08
Ar40_g0u1900,18,40,g0u1900,M4,3,2,0,-101263,1.05258e+08
Ar40_g0u1900,18,40,g0u1900,M5,3,2,1,-101165,1.05258e+08
Ar40_g0u1900,18,40,g0u1900,N6,4,3,0,-56871.7,1.05302e+08
Ar40_g0u1900,18,40,g0u1900,N7,4,3,1,-56851.2,1.05302e+08
Ar40_g0u1900,18,40,g0u1900,O8,5,4,0,-36375.9,1.05323e+08
Ar40_g0u1900,18,40,g0u1900,O9,5,4,1,-36369.7,1.05323e+08
Ar40_g0u1900,18,40,g0u1900,P10,6,5,0,-25254.6,1.05334e+08
Ar40_g0u1900,18,40,g0u1900,P11,6,5,1,-25252.2,1.05334e+08
Ar40_g0u1900,18,40,g0u1900,Q12,7,6,0,-18552.3,1.05341e+08
Ar40_g0u1900,18,40,g0u1900,Q13,7,6,1,-18551.2,1.05341e+08
Ar40_g0u1900,18,40,g0u1900,R14,8,7,0,-14203.3,1.05345e+08
Ar40_g0u1900,18,40,g0u1900,R15,8,7,1,-14202.7,1.05345e+08
Ar40_g0u2000,18,40,g0u2000,K1,1,0,1,-872088,1.04487e+08
Ar40_g0u2000,18,40,g0u2000,L2,2,1,0,-229102,1.0513e+08
Ar40_g0u2000,18,40,g0u2000,L3,2,1,1,-228126,1.05131e+08
Ar40_g0u2000,18,40,g0u2000,M4,3,2,0,-101263,1.05258e+08
Ar40_g0u2000,18,40,g0u2000,M5,3,2,1,-101165,1.05258e+08
Ar40_g0u2000,18,40,g0u2000,N6,4,3,0,-56871.7,1.05302e+08
Ar40_g0u2000,18,40,g0u2000,N7,4,3,1,-56851.2,1.05302e+08
Ar40_g0u2000,18,40,g0u2000,O8,5,4,0,-36375.9,1.05323e+08
Ar40_g0u2000,18,40,g0u2000,O9,5,4,1,-36369.7,1.05323e+08
Ar40_g0u2000,18,40,g0u2000,P10,6,5,0,-25254.6,1.05334e+08
Ar40_g0u2000,18,40,g0u2000,P11,6,5,1,-25252.2,1.05334e+08
Ar40_g0u2000,18,40,g0u2000,Q12,7,6,0,-18552.3,1.05341e+08
Ar40_g0u2000,18,40,g0u2000,Q13,7,6,1,-18551.2,1.05341e+08
Ar40_g0u2000,18,40,g0u2000,R14,8,7,0,-14203.3,1.05345e+08
Ar40_g0u2000,18,40,g0u2000,R15,8,7,1,-14202.7,1.05345e+08
Ar40_g0u2100,18,40,g0u2100,K1,1,0,1,-872087,1.04487e+08
Ar40_g0u2100,18,40,g0u2100,L2,2,1,0,-229102,1.0513e+08
Ar40_g0u2100,18,40,g0u2100,L3,2,1,1,-228126,1.05131e+08
Ar40_g0u2100,18,40,g0u2100,M4,3,2,0,-101263,1.05258e+08
Ar40_g0u2100,18,40,g0u2100,M5,3,2,1,-101165,1.05258e+08
Ar40_g0u2100,18,40,g0u2100,N6,4,3,0,-56871.7,1.05302e+08
Ar40_g0u2100,18,40,g0u2100,N7,4,3,1,-56851.2,1.05302e+08
Ar40_g0u2100,18,40,g0u2100,O8,5,4,0,-36375.9,1.05323e+08
Ar40_g0u2100,18,40,g0u2100,O9,5,4,1,-36369.7,1.05323e+08
Ar40_g0u2100,18,40,g0u2100,P10,6,5,0,-25254.6,1.05334e+08
Ar40_g0u2100,18,40,g0u2100,P11,6,5,1,-25252.2,1.05334e+08
Ar40_g0u2100,18,40,g0u2100,Q12,7,6,0,-18552.3,1.05341e+08
Ar40_g0u2100,18,40,g0u2100,Q13,7,6,1,-18551.2,1.05341e+08
Ar40_g0u2100,18,40,g0u2100,R14,8,7,0,-14203.3,1.05345e+08
Ar40_g0u2100,18,40,g0u2100,R15,8,7,1,-14202.7,1.05345e+08
Ar40_g0u2200,18,40,g0u2200,K1,1,0,1,-872105,1.04487e+08
Ar40_g0u2200,18,40,g0u2200,L2,2,1,0,-229102,1.0513e+08
Ar40_g0u2200,18,40,g0u2200,L3,2,1,1,-228126,1.05131e+08
Ar40_g0u2200,18,40,g0u2200,M4,3,2,0,-101263,1.05258e+08
Ar40_g0u2200,18,40,g0u2200,M5,3,2,1,-101165,1.05258e+08
Ar40_g0u2200,18,40,g0u2200,N6,4,3,0,-56871.7,1.05302e+08
Ar40_g0u2200,18,40,g0u2200,N7,4,3,1,-56851.2,1.05302e+08
Ar40_g0u2200,18,40,g0u2200,O8,5,4,0,-36375.9,1.05323e+08
Ar40_g0u2200,18,40,g0u2200,O9,5,4,1,-36369.7,1.05323e+08
Ar40_g0u2200,18,40,g0u2200,P10,6,5,0,-25254.6,1.05334e+08
Ar40_g0u2200,18,40,g0u2200,P11,6,5,1,-25252.2,1.05334e+08
Ar40_g0u2200,18,40,g0u2200,Q12,7,6,0,-18552.3,1.05341e+08
Ar40_g0u2200,18,40,g0u2200,Q13,7,6,1,-18551.2,1.05341e+08
Ar40_g0u2200,18,40,g0u2200,R14,8,7,0,-14203.3,1.05345e+08
Ar40_g0u2200,18,40,g0u2200,R15,8,7,1,-14202.7,1.05345e+08
Ar40_g0u2300,18,40,g0u2300,K1,1,0,1,-871865,1.04487e+08
Ar40_g0u2300,18,40,g0u2300,L2,2,1,0,-229101,1.0513e+08
Ar40_g0u2300,18,40,g0u2300,L3,2,1,1,-228125,1.05131e+08
Ar40_g0u2300,18,40,g0u2300,M4,3,2,0,-101263,1.05258e+08
Ar40_g0u2300,18,40,g0u2300,M5,3,2,1,-101165,1.05258e+08
Ar40_g0u2300,18,40,g0u2300,N6,4,3,0,-56871.7,1.05302e+08
Ar40_g0u2300,18,40,g0u2300,N7,4,3,1,-56851.2,1.05302e+08
Ar40_g0u2300,18,40,g0u2300,O8,5,4,0,-36375.9,1.05323e+08
Ar40_g0u2300,18,40,g0u2300,O9,5,4,1,-36369.7,1.05323e+08
Ar40_g0u2300,18,40,g0u2300,P10,6,5,0,-25254.6,1.05334e+08
Ar40_g0u2300,18,40,g0u2300,P11,6,5,1,-25252.2,1.05334e+08
Ar40_g0u2300,18,40,g0u2300,Q12,7,6,0,-18552.3,1.05341e+08
Ar40_g0u2300,18,40,g0u2300,Q13,7,6,1,-18551.2,1.05341e+08
Ar40_g0u2300,18,40,g0u2300,R14,8,7,0,-14203.3,1.05345e+08
Ar40_g0u2300,18,40,g0u2300,R15,8,7,1,-14202.7,1.05345e+08
Ar40_g0u2400,18,40,g0u2400,K1,1,0,1,-872927,1.04486e+08
Ar40_g0u2400,18,40,g0u2400,L2,2,1,0,-229104,1.0513e+08
Ar40_g0u2400,18,40,g0u2400,L3,2,1,1,-228127,1.05131e+08
Ar40_g0u2400,18,40,g0u2400,M4,3,2,0,-101263,1.05258e+08
Ar40_g0u2400,18,40,g0u2400,M5,3,2,1,-101165,1.05258e+08
Ar40_g0u2400,18,40,g0u2400,N6,4,3,0,-56871.7,1.05302e+08
Ar40_g0u2400,18,40,g0u2400,N7,4,3,1,-56851.2,1.05302e+08
Ar40_g0u2400,18,40,g0u2400,O8,5,4,0,-36375.9,1.05323e+08
Ar40_g0u2400,18,40,g0u2400,O9,5,4,1,-36369.7,1.05323e+08
Ar40_g0u2400,18,40,g0u2400,P10,6,5,0,-25254.6,1.05334e+08
Ar40_g0u2400,18,40,g0u2400,P11,6,5,1,-25252.2,1.05334e+08
Ar40_g0u2400,18,40,g0u2400,Q12,7,6,0,-18552.3,1.05341e+08
Ar40_g0u2400,18,40,g0u2400,Q13,7,6,1,-18551.2,1.05341e+08
Ar40_g0u2400,18,40,g0u2400,R14,8,7,0,-14203.3,1.05345e+08
Ar40_g0u2400,18,40,g0u2400,R15,8,7,1,-14202.7,1.05345e+08
Ar40_g2u1000,18,40,g2u1000,K1,1,0,1,-872088,1.04487e+08
Ar40_g2u1000,18,40,g2u1000,L2,2,1,0,-229102,1.0513e+08
Ar40_g2u1000,18,40,g2u1000,L3,2,1,1,-228126,1.05131e+08
Ar40_g2u1000,18,40,g2u1000,M4,3,2,0,-101263,1.05258e+08
Ar40_g2u1000,18,40,g2u1000,M5,3,2,1,-101165,1.05258e+08
Ar40_g2u1000,18,40,g2u1000,N6,4,3,0,-56871.7,1.05302e+08
Ar40_g2u1000,18,40,g2u1000,N7,4,3,1,-56851.2,1.05302e+08
Ar40_g2u1000,18,40,g2u1000,O8,5,4,0,-36375.9,1.05323e+08
Ar40_g2u1000,18,40,g2u1000,O9,5,4,1,-36369.7,1.05323e+08
Ar40_g2u1000,18,40,g2u1000,P10,6,5,0,-25254.6,1.05334e+08
Ar40_g2u1000,18,40,g2u1000,P11,6,5,1,-25252.2,1.05334e+08
Ar40_g2u1000,18,40,g2u1000,Q12,7,6,0,-18552.3,1.05341e+08
Ar40_g2u1000,18,40,g2u1000,Q13,7,6,1,-18551.2,1.05341e+08
Ar40_g2u1000,18,40,g2u1000,R14,8,7,0,-14203.3,1.05345e+08
Ar40_g2u1000,18,40,g2u1000,R15,8,7,1,-14202.7,1.05345e+08
Sc45_g0u0050,21,45,g0u0050,K1,1,0,1,-1.16773e+06,1.04225e+08
Sc45_g0u0050,21,45,g0u0050,L2,2,1,0,-312609,1.0508e+08
Sc45_g0u0050,21,45,g0u0050,L3,2,1,1,-310813,1.05082e+08
Sc45_g0u0050,21,45,g0u0050,M4,3,2,0,-137980,1.05254e+08
Sc45_g0u0050,21,45,g0u0050,M5,3,2,1,-137798,1.05255e+08
Sc45_g0u0050,21,45,g0u0050,N6,4,3,0,-77462.2,1.05315e+08
Sc45_g0u0050,21,45,g0u0050,N7,4,3,1,-77424.2,1.05315e+08
Sc45_g0u0050,21,45,g0u0050,O8,5,4,0,-49537.4,1.05343e+08
Sc45_g0u0050,21,45,g0u0050,O9,5,4,1,-49525.7,1.05343e+08
Sc45_g0u0050,21,45,g0u0050,P10,6,5,0,-34389.1,1.05358e+08
Sc45_g0u0050,21,45,g0u0050,P11,6,5,1,-34384.6,1.05358e+08
Sc45_g0u0050,21,45,g0u0050,Q12,7,6,0,-25261.4,1.05367e+08
Sc45_g0u0050,21,45,g0u0050,Q13,7,6,1,-25259.4,1.05367e+08
Sc45_g0u0050,21,45,g0u0050,R14,8,7,0,-19339.2,1.05373e+08
Sc45_g0u0050,21,45,g0u0050,R15,8,7,1,-19338.1,1.05373e+08
Sc45_g0u0100,21,45,g0u0100,K1,1,0,1,-1.16778e+06,1.04225e+08
Sc45_g0u0100,21,45,g0u0100,L2,2,1,0,-312610,1.0508e+08
Sc45_g0u0100,21,45,g0u0100,L3,2,1,1,-310814,1.05082e+08
Sc45_g0u0100,21,45,g0u0100,M4,3,2,0,-137980,1.05254e+08
Sc45_g0u0100,21,45,g0u0100,M5,3,2,1,-137798,1.05255e+08
Sc45_g0u0100,21,45,g0u0100,N6,4,3,0,-77462.3,1.05315e+08
Sc45_g0u0100,21,45,g0u0100,N7,4,3,1,-77424.3,1.05315e+08
Sc45_g0u0100,21,45,g0u0100,O8,5,4,0,-49537.4,1.05343e+08
Sc45_g0u0100,21,45,g0u0100,O9,5,4,1,-49525.8,1.05343e+08
Sc45_g0u0100,21,45,g0u0100,P10,6,5,0,-34389.1,1.05358e+08
Sc45_g0u0100,21,45,g0u0100,P11,6,5,1,-34384.6,1.05358e+08
Sc45_g0u0100,21,45,g0u0100,Q12,7,6,0,-25261.4,1.05367e+08
Sc45_g0u0100,21,45,g0u0100,Q13,7,6,1,-25259.4,1.05367e+08
Sc45_g0u0100,21,45,g0u0100,R14,8,7,0,-19339.2,1.05373e+08
Sc45_g0u0100,21,45,g0u0100,R15,8,7,1,-19338.2,1.05373e+08
Sc45_g0u0150,21,45,g0u0150,K1,1,0,1,-1.16779e+06,1.04225e+08
Sc45_g0u0150,21,45,g0u0150,L2,2,1,0,-312610,1.0508e+08
Sc45_g0u0150,21,45,g0u0150,L3,2,1,1,-310814,1.05082e+08
Sc45_g0u0150,21,45,g0u0150,M4,3,2,0,-137980,1.05254e+08
Sc45_g0u0150,21,45,g0u0150,M5,3,2,1,-137798,1.05255e+08
Sc45_g0u0150,21,45,g0u0150,N6,4,3,0,-77462.3,1.05315e+08
Sc45_g0u0150,21,45,g0u0150,N7,4,3,1,-77424.3,1.05315e+08
Sc45_g0u0150,21,45,g0u0150,O8,5,4,0,-49537.4,1.05343e+08
Sc45_g0u0150,21,45,g0u0150,O9,5,4,1,-49525.8,1.05343e+08
Sc45_g0u0150,21,45,g0u0150,P10,6,5,0,-34389.1,1.05358e+08
Sc45_g0u0150,21,45,g0u0150,P11,6,5,1,-34384.6,1.05358e+08
Sc45_g0u0150,21,45,g0u0150,Q12,7,6,0,-25261.4,1.05367e+08
Sc45_g0u0150,21,45,g0u0150,Q13,7,6,1,-25259.4,1.05367e+08
Sc45_g0u0150,21,45,g0u0150,R14,8,7,0,-19339.2,1.05373e+08
Sc45_g0u0150,21,45,g0u0150,R15,8,7,1,-19338.2,1.05373e+08
Sc45_g0u0200,21,45,g0u0200,K1,1,0,1,-1.16779e+06,1.04225e+08
Sc45_g0u0200,21,45,g0u0200,L2,2,1,0,-312610,1.0508e+08
Sc45_g0u0200,21,45,g0u0200,L3,2,1,1,-310814,1.05082e+08
Sc45_g0u0200,21,45,g0u0200,M4,3,2,0,-137980,1.05254e+08
Sc45_g0u0200,21,45,g0u0200,M5,3,2,1,-137798,1.05255e+08
Sc45_g0u0200,21,45,g0u0200,N6,4,3,0,-77462.3,1.05315e+08
Sc45_g0u0200,21,45,g0u0200,N7,4,3,1,-77424.3,1.05315e+08
Sc45_g0u0200,21,45,g0u0200,O8,5,4,0,-49537.4,1.05343e+08
Sc45_g0u0200,21,45,g0u0200,O9,5,4,1,-49525.8,1.05343e+08
Sc45_g0u0200,21,45,g0u0200,P10,6,5,0,-34389.1,1.05358e+08
Sc45_g0u0200,21,45,g0u0200,P11,6,5,1,-34384.6,1.05358e+08
Sc45_g0u0200,21,45,g0u0200,Q12,7,6,0,-25261.4,1.05367e+08
Sc45_g0u0200,21,45,g0u0200,Q13,7,6,1,-25259.4,1.05367e+08
Sc45_g0u0200,21,45,g0u0200,R14,8,7,0,-19339.2,1.05373e+08
Sc45_g0u0200,21,45,g0u0200,R15,8,7,1,-19338.2,1.05373e+08
Sc45_g0u0250,21,45,g0u0250,K1,1,0,1,-1.16779e+06,1.04225e+08
Sc45_g0u0250,21,45,g0u0250,L2,2,1,0,-312610,1.0508e+08
Sc45_g0u0250,21,45,g0u0250,L3,2,1,1,-310814,1.05082e+08
Sc45_g0u0250,21,45,g0u0250,M4,3,2,0,-137980,1.05254e+08
Sc45_g0u0250,21,45,g0u0250,M5,3,2,1,-137798,1.05255e+08
Sc45_g0u0250,21,45,g0u0250,N6,4,3,0,-77462.3,1.05315e+08
Sc45_g0u0250,21,45,g0u0250,N7,4,3,1,-77424.3,1.05315e+08
Sc45_g0u0250,21,45,g0u0250,O8,5,4,0,-49537.4,1.05343e+08
Sc45_g0u0250,21,45,g0u0250,O9,5,4,1,-49525.8,1.05343e+08
Sc45_g0u0250,21,45,g0u0250,P10,6,5,0,-34389.1,1.05358e+08
Sc45_g0u0250,21,45,g0u0250,P11,6,5,1,-34384.6,1.05358e+08
Sc45_g0u0250,21,45,g0u0250,Q12,7,6,0,-25261.4,1.05367e+08
Sc45_g0u0250,21,45,g0u0250,Q13,7,6,1,-25259.4,1.05367e+08
Sc45_g0u0250,21,45,g0u0250,R14,8,7,0,-19339.2,1.05373e+08
Sc45_g0u0250,21,45,g0u0250,R15,8,7,1,-19338.2,1.05373e+08
Sc45_g0u0300,21,45,g0u0300,K1,1,0,1,-1.16779e+06,1.04225e+08
Sc45_g0u0300,21,45,g0u0300,L2,2,1,0,-312610,1.0508e+08
Sc45_g0u0300,21,45,g0u0300,L3,2,1,1,-310814,1.05082e+08
Sc45_g0u0300,21,45,g0u0300,M4,3,2,0,-137980,1.05254e+08
Sc45_g0u0300,21,45,g0u0300,M5,3,2,1,-137798,1.05255e+08
Sc45_g0u0300,21,45,g0u0300,N6,4,3,0,-77462.4,1.05315e+08
Sc45_g0u0300,21,45,g0u0300,N7,4,3,1,-77424.3,1.05315e+08
Sc45_g0u0300,21,45,g0u0300,O8,5,4,0,-49537.4,1.05343e+08
Sc45_g0u0300,21,45,g0u0300,O9,5,4,1,-49525.8,1.05343e+08
Sc45_g0u0300,21,45,g0u0300,P10,6,5,0,-34389.1,1.05358e+08
Sc45_g0u0300,21,45,g0u0300,P11,6,5,1,-34384.7,1.05358e+08
Sc45_g0u0300,21,45,g0u0300,Q12,7,6,0,-25261.4,1.05367e+08
Sc45_g0u0300,21,45,g0u0300,Q13,7,6,1,-25259.4,1.05367e+08
Sc45_g0u0300,21,45,g0u0300,R14,8,7,0,-19339.2,1.05373e+08
Sc45_g0u0300,21,45,g0u0300,R15,8,7,1,-19338.2,1.05373e+08
Sc45_g0u0350,21,45,g0u0350,K1,1,0,1,-1.16779e+06,1.04225e+08
Sc45_g0u0350,21,45,g0u0350,L2,2,1,0,-312610,1.0508e+08
Sc45_g0u0350,21,45,g0u0350,L3,2,1,1,-310814,1.05082e+08
Sc45_g0u0350,21,45,g0u0350,M4,3,2,0,-137980,1.05254e+08
Sc45_g0u0350,21,45,g0u0350,M5,3,2,1,-137798,1.05255e+08
Sc45_g0u0350,21,45,g0u0350,N6,4,3,0,-77462.4,1.05315e+08
Sc45_g0u0350,21,45,g0u0350,N7,4,3,1,-77424.3,1.05315e+08
Sc45_g0u0350,21,45,g0u0350,O8,5,4,0,-49537.4,1.05343e+08
Sc45_g0u0350,21,45,g0u0350,O9,5,4,1,-49525.8,1.05343e+08
Sc45_g0u0350,21,45,g0u0350,P10,6,5,0,-34389.1,1.05358e+08
Sc45_g0u0350,21,45,g0u0350,P11,6,5,1,-34384.7,1.05358e+08
Sc45_g0u0350,21,45,g0u0350,Q12,7,6,0,-25261.4,1.05367e+08
Sc45_g0u0350,21,45,g0u0350,Q13,7,6,1,-25259.4,1.05367e+08
Sc45_g0u0350,21,45,g0u0350,R14,8,7,0,-19339.2,1.05373e+08
Sc45_g0u0350,21,45,g0u0350,R15,8,7,1,-19338.2,1.05373e+08
Sc45_g0u0400,21,45,g0u0400,K1,1,0,1,-1.16779e+06,1.04225e+08
Sc45_g0u0400,21,45,g0u0400,L2,2,1,0,-312610,1.0508e+08
Sc45_g0u0400,21,45,g0u0400,L3,2,1,1,-310814,1.05082e+08
Sc45_g0u0400,21,45,g0u0400,M4,3,2,0,-137980,1.05254e+08
Sc45_g0u0400,21,45,g0u0400,M5,3,2,1,-137798,1.05255e+08
Sc45_g0u0400,21,45,g0u0400,N6,4,3,0,-77462.4,1.05315e+08
Sc45_g0u0400,21,45,g0u0400,N7,4,3,1,-77424.3,1.05315e+08
Sc45_g0u0400,21,45,g0u0400,O8,5,4,0,-49537.4,1.05343e+08
Sc45_g0u0400,21,45,g0u0400,O9,5,4,1,-49525.8,1.05343e+08
Sc45_g0u0400,21,45,g0u0400,P10,6,5,0,-34389.1,1.05358e+08
Sc45_g0u0400,21,45,g0u0400,P11,6,5,1,-34384.7,1.05358e+08
Sc45_g0u0400,21,45,g0u0400,Q12,7,6,0,-25261.4,1.05367e+08
Sc45_g0u0400,21,45,g0u0400,Q13,7,6,1,-25259.4,1.05367e+08
Sc45_g0u0400,21,45,g0u0400,R14,8,7,0,-19339.2,1.05373e+08
Sc45_g0u0400,21,45,g0u0400,R15,8,7,1,-19338.2,1.05373e+08
Sc45_g0u0450,21,45,g0u0450,K1,1,0,1,-1.16779e+06,1.04225e+08
Sc45_g0u0450,21,45,g0u0450,L2,2,1,0,-312610,1.0508e+08
Sc45_g0u0450,21,45,g0u0450,L3,2,1,1,-310814,1.05082e+08
Sc45_g0u0450,21,45,g0u0450,M4,3,2,0,-137980,1.05254e+08
Sc45_g0u0450,21,45,g0u0450,M5,3,2,1,-137798,1.05255e+08
Sc45_g0u0450,21,45,g0u0450,N6,4,3,0,-77462.4,1.05315e+08
Sc45_g0u0450,21,45,g0u0450,N7,4,3,1,-77424.3,1.05315e+08
Sc45_g0u0450,21,45,g0u0450,O8,5,4,0,-49537.4,1.05343e+08
Sc45_g0u0450,21,45,g0u0450,O9,5,4,1,-49525.8,1.05343e+08
Sc45_g0u0450,21,45,g0u0450,P10,6,5,0,-34389.1,1.05358e+08
Sc45_g0u0450,21,45,g0u0450,P11,6,5,1,-34384.7,1.05358e+08
Sc45_g0u0450,21,45,g0u0450,Q12,7,6,0,-25261.4,1.05367e+08
Sc45_g0u0450,21,45,g0u0450,Q13,7,6,1,-25259.4,1.05367e+08
Sc45_g0u0450,21,45,g0u0450,R14,8,7,0,-19339.2,1.05373e+08
Sc45_g0u0450,21,45,g0u0450,R15,8,7,1,-19338.2,1.05373e+08
Sc45_g0u0500,21,45,g0u0500,K1,1,0,1,-1.16779e+06,1.04225e+08
Sc45_g0u0500,21,45,g0u0500,L2,2,1,0,-312610,1.0508e+08
Sc45_g0u0500,21,45,g0u0500,L3,2,1,1,-310814,1.05082e+08
Sc45_g0u0500,21,45,g0u0500,M4,3,2,0,-137980,1.05254e+08
Sc45_g0u0500,21,45,g0u0500,M5,3,2,1,-137798,1.05255e+08
Sc45_g0u0500,21,45,g0u0500,N6,4,3,0,-77462.4,1.05315e+08
Sc45_g0u0500,21,45,g0u0500,N7,4,3,1,-77424.3,1.05315e+08
Sc45_g0u0500,21,45,g0u0500,O8,5,4,0,-49537.4,1.05343e+08
Sc45_g0u0500,21,45,g0u0500,O9,5,4,1,-49525.8,1.05343e+08
Sc45_g0u0500,21,45,g0u0500,P10,6,5,0,-34389.1,1.05358e+08
Sc45_g0u0500,21,45,g0u0500,P11,6,5,1,-34384.7,1.05358e+08
Sc45_g0u0500,21,45,g0u0500,Q12,7,6,0,-25261.4,1.05367e+08
Sc45_g0u0500,21,45,g0u0500,Q13,7,6,1,-25259.4,1.05367e+08
Sc45_g0u0500,21,45,g0u0500,R14,8,7,0,-19339.2,1.05373e+08
Sc45_g0u0500,21,45,g0u0500,R15,8,7,1,-19338.2,1.05373e+08
Sc45_g0u0550,21,45,g0u0550,K1,1,0,1,-1.16779e+06,1.04225e+08
Sc45_g0u0550,21,45,g0u0550,L2,2,1,0,-312610,1.0508e+08
Sc45_g0u0550,21,45,g0u0550,L3,2,1,1,-310814,1.05082e+08
Sc45_g0u0550,21,45,g0u0550,M4,3,2,0,-137980,1.05254e+08
Sc45_g0u0550,21,45,g0u0550,M5,3,2,1,-137798,1.05255e+08
Sc45_g0u0550,21,45,g0u0550,N6,4,3,0,-77462.4,1.05315e+08
Sc45_g0u0550,21,45,g0u0550,N7,4,3,1,-77424.3,1.05315e+08
Sc45_g0u0550,21,45,g0u0550,O8,5,4,0,-49537.4,1.05343e+08
Sc45_g0u0550,21,45,g0u0550,O9,5,4,1,-49525.8,1.05343e+08
Sc45_g0u0550,21,45,g0u0550,P10,6,5,0,-34389.1,1.05358e+08
Sc45_g0u0550,21,45,g0u0550,P11,6,5,1,-34384.7,1.05358e+08
Sc45_g0u0550,21,45,g0u0550,Q12,7,6,0,-25261.4,1.05367e+08
Sc45_g0u0550,21,45,g0u0550,Q13,7,6,1,-25259.4,1.05367e+08
Sc45_g0u0550,21,45,g0u0550,R14,8,7,0,-19339.2,1.05373e+08
Sc45_g0u0550,21,45,g0u0550,R15,8,7,1,-19338.2,1.05373e+08
Sc45_g0u0600,21,45,g0u0600,K1,1,0,1,-1.16779e+06,1.04225e+08
Sc45_g0u0600,21,45,g0u0600,L2,2,1,0,-312610,1.0508e+08
Sc45_g0u0600,21,45,g0u0600,L3,2,1,1,-310814,1.05082e+08
Sc45_g0u0600,21,45,g0u0600,M4,3,2,0,-137980,1.05254e+08
Sc45_g0u0600,21,45,g0u0600,M5,3,2,1,-137798,1.05255e+08
Sc45_g0u0600,21,45,g0u0600,N6,4,3,0,-77462.4,1.05315e+08
Sc45_g0u0600,21,45,g0u0600,N7,4,3,1,-77424.3,1.05315e+08
Sc45_g0u0600,21,45,g0u0600,O8,5,4,0,-49537.4,1.05343e+08
Sc45_g0u0600,21,45,g0u0600,O9,5,4,1,-49525.8,1.05343e+08
Sc45_g0u0600,21,45,g0u0600,P10,6,5,0,-34389.1,1.05358e+08
Sc45_g0u0600,21,45,g0u0600,P11,6,5,1,-34384.7,1.05358e+08
Sc45_g0u0600,21,45,g0u0600,Q12,7,6,0,-25261.4,1.05367e+08
Sc45_g0u0600,21,45,g0u0600,Q13,7,6,1,-25259.4,1.05367e+08
Sc45_g0u0600,21,45,g0u0600,R14,8,7,0,-19339.2,1.05373e+08
Sc45_g0u0600,21,45,g0u0600,R15,8,7,1,-19338.2,1.05373e+08
Sc45_g0u0700,21,45,g0u0700,K1,1,0,1,-1.16779e+06,1.04225e+08
Sc45_g0u0700,21,45,g0u0700,L2,2,1,0,-312610,1.0508e+08
Sc45_g0u0700,21,45,g0u0700,L3,2,1,1,-310814,1.05082e+08
Sc45_g0u0700,21,45,g0u0700,M4,3,2,0,-137980,1.05254e+08
Sc45_g0u0700,21,45,g0u0700,M5,3,2,1,-137798,1.05255e+08
Sc45_g0u0700,21,45,g0u0700,N6,4,3,0,-77462.4,1.05315e+08
Sc45_g0u0700,21,45,g0u0700,N7,4,3,1,-77424.3,1.05315e+08
Sc45_g0u0700,21,45,g0u0700,O8,5,4,0,-49537.4,1.05343e+08
Sc45_g0u0700,21,45,g0u0700,O9,5,4,1,-49525.8,1.05343e+08
Sc45_g0u0700,21,45,g0u0700,P10,6,5,0,-34389.1,1.05358e+08
Sc45_g0u0700,21,45,g0u0700,P11,6,5,1,-34384.7,1.05358e+08
Sc45_g0u0700,21,45,g0u0700,Q12,7,6,0,-25261.4,1.05367e+08
Sc45_g0u0700,21,45,g0u0700,Q13,7,6,1,-25259.4,1.05367e+08
Sc45_g0u0700,21,45,g0u0700,R14,8,7,0,-19339.2,1.05373e+08
Sc45_g0u0700,21,45,g0u0700,R15,8,7,1,-19338.2,1.05373e+08
Sc45_g0u0800,21,45,g0u0800,K1,1,0,1,-1.16779e+06,1.04225e+08
Sc45_g0u0800,21,45,g0u0800,L2,2,1,0,-312610,1.0508e+08
Sc45_g0u0800,21,45,g0u0800,L3,2,1,1,-310814,1.05082e+08
Sc45_g0u0800,21,45,g0u0800,M4,3,2,0,-137980,1.05254e+08
Sc45_g0u0800,21,45,g0u0800,M5,3,2,1,-137798,1.05255e+08
Sc45_g0u0800,21,45,g0u0800,N6,4,3,0,-77462.4,1.05315e+08
Sc45_g0u0800,21,45,g0u0800,N7,4,3,1,-77424.3,1.05315e+08
Sc45_g0u0800,21,45,g0u0800,O8,5,4,0,-49537.4,1.05343e+08
Sc45_g0u0800,21,45,g0u0800,O9,5,4,1,-49525.8,1.05343e+08
Sc45_g0u0800,21,45,g0u0800,P10,6,5,0,-34389.1,1.05358e+08
Sc45_g0u0800,21,45,g0u0800,P11,6,5,1,-34384.7,1.05358e+08
Sc45_g0u0800,21,45,g0u0800,Q12,7,6,0,-25261.4,1.05367e+08
Sc45_g0u0800,21,45,g0u0800,Q13,7,6,1,-25259.4,1.05367e+08
Sc45_g0u0800,21,45,g0u0800,R14,8,7,0,-19339.2,1.05373e+08
Sc45_g0u0800,21,45,g0u0800,R15,8,7,1,-19338.2,1.05373e+08
Sc45_g0u0900,21,45,g0u0900,K1,1,0,1,-1.16779e+06,1.04225e+08
Sc45_g0u0900,21,45,g0u0900,L2,2,1,0,-312610,1.0508e+08
Sc45_g0u0900,21,45,g0u0900,L3,2,1,1,-310814,1.05082e+08
Sc45_g0u0900,21,45,g0u0900,M4,3,2,0,-137980,1.05254e+08
Sc45_g0u0900,21,45,g0u0900,M5,3,2,1,-137798,1.05255e+08
Sc45_g0u0900,21,45,g0u0900,N6,4,3,0,-77462.4,1.05315e+08
Sc45_g0u0900,21,45,g0u0900,N7,4,3,1,-77424.3,1.05315e+08
Sc45_g0u0900,21,45,g0u0900,O8,5,4,0,-49537.4,1.05343e+08
Sc45_g0u0900,21,45,g0u0900,O9,5,4,1,-49525.8,1.05343e+08
Sc45_g0u0900,21,45,g0u0900,P10,6,5,0,-34389.1,1.05358e+08
Sc45_g0u0900,21,45,g0u0900,P11,6,5,1,-34384.7,1.05358e+08
Sc45_g0u0900,21,45,g0u0900,Q12,7,6,0,-25261.4,1.05367e+08
Sc45_g0u0900,21,45,g0u0900,Q13,7,6,1,-25259.4,1.05367e+08
Sc45_g0u0900,21,45,g0u0900,R14,8,7,0,-19339.2,1.05373e+08
Sc45_g0u0900,21,45,g0u0900,R15,8,7,1,-19338.2,1.05373e+08
Sc45_g0u1000,21,45,g0u1000,K1,1,0,1,-1.16779e+06,1.04225e+08
Sc45_g0u1000,21,45,g0u1000,L2,2,1,0,-312610,1.0508e+08
Sc45_g0u1000,21,45,g0u1000,L3,2,1,1,-310814,1.05082e+08
Sc45_g0u1000,21,45,g0u1000,M4,3,2,0,-137980,1.05254e+08
Sc45_g0u1000,21,45,g0u1000,M5,3,2,1,-137798,1.05255e+08
Sc45_g0u1000,21,45,g0u1000,N6,4,3,0,-77462.4,1.05315e+08
Sc45_g0u1000,21,45,g0u1000,N7,4,3,1,-77424.3,1.05315e+08
Sc45_g0u1000,21,45,g0u1000,O8,5,4,0,-49537.4,1.05343e+08
Sc45_g0u1000,21,45,g0u1000,O9,5,4,1,-49525.8,1.05343e+08
Sc45_g0u1000,21,45,g0u1000,P10,6,5,0,-34389.1,1.05358e+08
Sc45_g0u1000,21,45,g0u1000,P11,6,5,1,-34384.7,1.05358e+08
Sc45_g0u1000,21,45,g0u1000,Q12,7,6,0,-25261.4,1.05367e+08
Sc45_g0u1000,21,45,g0u1000,Q13,7,6,1,-25259.4,1.05367e+08
Sc45_g0u1000,21,45,g0u1000,R14,8,7,0,-19339.2,1.05373e+08
Sc45_g0u1000,21,45,g0u1000,R15,8,7,1,-19338.2,1.05373e+08
Sc45_g0u1100,21,45,g0u1100,K1,1,0,1,-1.16779e+06,1.04225e+08
Sc45_g0u1100,21,45,g0u1100,L2,2,1,0,-312610,1.0508e+08
Sc45_g0u1100,21,45,g0u1100,L3,2,1,1,-310814,1.05082e+08
Sc45_g0u1100,21,45,g0u1100,M4,3,2,0,-137980,1.05254e+08
Sc45_g0u1100,21,45,g0u1100,M5,3,2,1,-137798,1.05255e+08
Sc45_g0u1100,21,45,g0u1100,N6,4,3,0,-77462.4,1.05315e+08
Sc45_g0u1100,21,45,g0u1100,N7,4,3,1,-77424.3,1.05315e+08
Sc45_g0u1100,21,45,g0u1100,O8,5,4,0,-49537.4,1.05343e+08
Sc45_g0u1100,21,45,g0u1100,O9,5,4,1,-49525.8,1.05343e+08
Sc45_g0u1100,21,45,g0u1100,P10,6,5,0,-34389.1,1.05358e+08
Sc45_g0u1100,21,45,g0u1100,P11,6,5,1,-34384.7,1.05358e+08
Sc45_g0u1100,21,45,g0u1100,Q12,7,6,0,-25261.4,1.05367e+08
Sc45_g0u1100,21,45,g0u1100,Q13,7,6,1,-25259.4,1.05367e+08
Sc45_g0u1100,21,45,g0u1100,R14,8,7,0,-19339.2,1.05373e+08
Sc45_g0u1100,21,45,g0u1100,R15,8,7,1,-19338.2,1.05373e+08
Sc45_g0u1200,21,45,g0u1200,K1,1,0,1,-1.16779e+06,1.04225e+08
Sc45_g0u1200,21,45,g0u1200,L2,2,1,0,-312610,1.0508e+08
Sc45_g0u1200,21,45,g0u1200,L3,2,1,1,-310814,1.05082e+08
Sc45_g0u1200,21,45,g0u1200,M4,3,2,0,-137980,1.05254e+08
Sc45_g0u1200,21,45,g0u1200,M5,3,2,1,-137798,1.05255e+08
Sc45_g0u1200,21,45,g0u1200,N6,4,3,0,-77462.4,1.05315e+08
Sc45_g0u1200,21,45,g0u1200,N7,4,3,1,-77424.3,1.05315e+08
Sc45_g0u1200,21,45,g0u1200,O8,5,4,0,-49537.4,1.05343e+08
Sc45_g0u1200,21,45,g0u1200,O9,5,4,1,-49525.8,1.05343e+08
Sc45_g0u1200,21,45,g0u1200,P10,6,5,0,-34389.1,1.05358e+08
Sc45_g0u1200,21,45,g0u1200,P11,6,5,1,-34384.7,1.05358e+08
Sc45_g0u1200,21,45,g0u1200,Q12,7,6,0,-25261.4,1.05367e+08
Sc45_g0u1200,21,45,g0u1200,Q13,7,6,1,-25259.4,1.05367e+08
Sc45_g0u1200,21,45,g0u1200,R14,8,7,0,-19339.2,1.05373e+08
Sc45_g0u1200,21,45,g0u1200,R15,8,7,1,-19338.2,1.05373e+08
Sc45_g0u1300,21,45,g0u1300,K1,1,0,1,-1.16779e+06,1.04225e+08
Sc45_g0u1300,21,45,g0u1300,L2,2,1,0,-312610,1.0508e+08
Sc45_g0u1300,21,45,g0u1300,L3,2,1,1,-310814,1.05082e+08
Sc45_g0u1300,21,45,g0u1300,M4,3,2,0,-137980,1.05254e+08
Sc45_g0u1300,21,45,g0u1300,M5,3,2,1,-137798,1.05255e+08
Sc45_g0u1300,21,45,g0u1300,N6,4,3,0,-77462.4,1.05315e+08
Sc45_g0u1300,21,45,g0u1300,N7,4,3,1,-77424.3,1.05315e+08
Sc45_g0u1300,21,45,g0u1300,O8,5,4,0,-49537.4,1.05343e+08
Sc45_g0u1300,21,45,g0u1300,O9,5,4,1,-49525.8,1.05343e+08
Sc45_g0u1300,21,45,g0u1300,P10,6,5,0,-34389.1,1.05358e+08
Sc45_g0u1300,21,45,g0u1300,P11,6,5,1,-34384.7,1.05358e+08
Sc45_g0u1300,21,45,g0u1300,Q12,7,6,0,-25261.4,1.05367e+08
Sc45_g0u1300,21,45,g0u1300,Q13,7,6,1,-25259.4,1.05367e+08
Sc45_g0u1300,21,45,g0u1300,R14,8,7,0,-19339.2,1.05373e+08
Sc45_g0u1300,21,45,g0u1300,R15,8,7,1,-19338.2,1.05373e+08
Sc45_g0u1400,21,45,g0u1400,K1,1,0,1,-1.16779e+06,1.04225e+08
Sc45_g0u1400,21,45,g0u1400,L2,2,1,0,-312610,1.0508e+08
Sc45_g0u1400,21,45,g0u1400,L3,2,1,1,-310814,1.05082e+08
Sc45_g0u1400,21,45,g0u1400,M4,3,2,0,-137980,1.05254e+08
Sc45_g0u1400,21,45,g0u1400,M5,3,2,1,-137798,1.05255e+08
Sc45_g0u1400,21,45,g0u1400,N6,4,3,0,-77462.4,1.05315e+08
Sc45_g0u1400,21,45,g0u1400,N7,4,3,1,-77424.3,1.05315e+08
Sc45_g0u1400,21,45,g0u1400,O8,5,4,0,-49537.4,1.05343e+08
Sc45_g0u1400,21,45,g0u1400,O9,5,4,1,-49525.8,1.05343e+08
Sc45_g0u1400,21,45,g0u1400,P10,6,5,0,-34389.1,1.05358e+08
Sc45_g0u1400,21,45,g0u1400,P11,6,5,1,-34384.7,1.05358e+08
Sc45_g0u1400,21,45,g0u1400,Q12,7,6,0,-25261.4,1.05367e+08
Sc45_g0u1400,21,45,g0u1400,Q13,7,6,1,-25259.4,1.05367e+08
Sc45_g0u1400,21,45,g0u1400,R14,8,7,0,-19339.2,1.05373e+08
Sc45_g0u1400,21,45,g0u1400,R15,8,7,1,-19338.2,1.05373e+08
Sc45_g0u1500,21,45,g0u1500,K1,1,0,1,-1.16779e+06,1.04225e+08
Sc45_g0u1500,21,45,g0u1500,L2,2,1,0,-312610,1.0508e+08
Sc45_g0u1500,21,45,g0u1500,L3,2,1,1,-310814,1.05082e+08
Sc45_g0u1500,21,45,g0u1500,M4,3,2,0,-137980,1.05254e+08
Sc45_g0u1500,21,45,g0u1500,M5,3,2,1,-137798,1.05255e+08
Sc45_g0u1500,21,45,g0u1500,N6,4,3,0,-77462.4,1.05315e+08
Sc45_g0u1500,21,45,g0u1500,N7,4,3,1,-77424.3,1.05315e+08
Sc45_g0u1500,21,45,g0u1500,O8,5,4,0,-49537.4,1.05343e+08
Sc45_g0u1500,21,45,g0u1500,O9,5,4,1,-49525.8,1.05343e+08
Sc45_g0u1500,21,45,g0u1500,P10,6,5,0,-34389.1,1.05358e+08
Sc45_g0u1500,21,45,g0u1500,P11,6,5,1,-34384.7,1.05358e+08
Sc45_g0u1500,21,45,g0u1500,Q12,7,6,0,-25261.4,1.05367e+08
Sc45_g0u1500,21,45,g0u1500,Q13,7,6,1,-25259.4,1.05367e+08
Sc45_g0u1500,21,45,g0u1500,R14,8,7,0,-19339.2,1.05373e+08
Sc45_g0u1500,21,45,g0u1500,R15,8,7,1,-19338.2,1.05373e+08
Sc45_g0u1600,21,45,g0u1600,K1,1,0,1,-1.16779e+06,1.04225e+08
Sc45_g0u1600,21,45,g0u1600,L2,2,1,0,-312610,1.0508e+08
Sc45_g0u1600,21,45,g0u1600,L3,2,1,1,-310814,1.05082e+08
Sc45_g0u1600,21,45,g0u1600,M4,3,2,0,-137980,1.05254e+08
Sc45_g0u1600,21,45,g0u1600,M5,3,2,1,-137798,1.05255e+08
Sc45_g0u1600,21,45,g0u1600,N6,4,3,0,-77462.4,1.05315e+08
Sc45_g0u1600,21,45,g0u1600,N7,4,3,1,-77424.3,1.05315e+08
Sc45_g0u1600,21,45,g0u1600,O8,5,4,0,-49537.4,1.05343e+08
Sc45_g0u1600,21,45,g0u1600,O9,5,4,1,-49525.8,1.05343e+08
Sc45_g0u1600,21,45,g0u1600,P10,6,5,0,-34389.1,1.05358e+08
Sc45_g0u1600,21,45,g0u1600,P11,6,5,1,-34384.7,1.05358e+08
Sc45_g0u1600,21,45,g0u1600,Q12,7,6,0,-25261.4,1.05367e+08
Sc45_g0u1600,21,45,g0u1600,Q13,7,6,1,-25259.4,1.05367e+08
Sc45_g0u1600,21,45,g0u1600,R14,8,7,0,-19339.2,1.05373e+08
Sc45_g0u1600,21,45,g0u1600,R15,8,7,1,-19338.2,1.05373e+08
Sc45_g0u1700,21,45,g0u1700,K1,1,0,1,-1.16779e+06,1.04225e+08
Sc45_g0u1700,21,45,g0u1700,L2,2,1,0,-312610,1.0508e+08
Sc45_g0u1700,21,45,g0u1700,L3,2,1,1,-310814,1.05082e+08
Sc45_g0u1700,21,45,g0u1700,M4,3,2,0,-137980,1.05254e+08
Sc45_g0u1700,21,45,g0u1700,M5,3,2,1,-137798,1.05255e+08
Sc45_g0u1700,21,45,g0u1700,N6,4,3,0,-77462.4,1.05315e+08
Sc45_g0u1700,21,45,g0u1700,N7,4,3,1,-77424.3,1.05315e+08
Sc45_g0u1700,21,45,g0u1700,O8,5,4,0,-49537.4,1.05343e+08
Sc45_g0u1700,21,45,g0u1700,O9,5,4,1,-49525.8,1.05343e+08
Sc45_g0u1700,21,45,g0u1700,P10,6,5,0,-34389.1,1.05358e+08
Sc45_g0u1700,21,45,g0u1700,P11,6,5,1,-34384.7,1.05358e+08
Sc45_g0u1700,21,45,g0u1700,Q12,7,6,0,-25261.4,1.05367e+08
Sc45_g0u1700,21,45,g0u1700,Q13,7,6,1,-25259.4,1.05367e+08
Sc45_g0u1700,21,45,g0u1700,R14,8,7,0,-19339.2,1.05373e+08
Sc45_g0u1700,21,45,g0u1700,R15,8,7,1,-19338.2,1.05373e+08
Sc45_g0u1800,21,45,g0u1800,K1,1,0,1,-1.16779e+06,1.04225e+08
Sc45_g0u1800,21,45,g0u1800,L2,2,1,0,-312610,1.0508e+08
Sc45_g0u1800,21,45,g0u1800,L3,2,1,1,-310814,1.05082e+08
Sc45_g0u1800,21,45,g0u1800,M4,3,2,0,-137980,1.05254e+08
Sc45_g0u1800,21,45,g0u1800,M5,3,2,1,-137798,1.05255e+08
Sc45_g0u1800,21,45,g0u1800,N6,4,3,0,-77462.4,1.05315e+08
Sc45_g0u1800,21,45,g0u1800,N7,4,3,1,-77424.3,1.05315e+08
Sc45_g0u1800,21,45,g0u1800,O8,5,4,0,-49537.4,1.05343e+08
Sc45_g0u1800,21,45,g0u1800,O9,5,4,1,-49525.8,1.05343e+08
Sc45_g0u1800,21,45,g0u1800,P10,6,5,0,-34389.1,1.05358e+08
Sc45_g0u1800,21,45,g0u1800,P11,6,5,1,-34384.7,1.05358e+08
Sc45_g0u1800,21,45,g0u1800,Q12,7,6,0,-25261.4,1.05367e+08
Sc45_g0u1800,21,45,g0u1800,Q13,7,6,1,-25259.4,1.05367e+08
Sc45_g0u1800,21,45,g0u1800,R14,8,7,0,-19339.2,1.05373e+08
Sc45_g0u1800,21,45,g0u1800,R15,8,7,1,-19338.2,1.05373e+08
Sc45_g0u1900,21,45,g0u1900,K1,1,0,1,-1.16779e+06,1.04225e+08
Sc45_g0u1900,21,45,g0u1900,L2,2,1,0,-312610,1.0508e+08
Sc45_g0u1900,21,45,g0u1900,L3,2,1,1,-310814,1.05082e+08
Sc45_g0u1900,21,45,g0u1900,M4,3,2,0,-137980,1.05254e+08
Sc45_g0u1900,21,45,g0u1900,M5,3,2,1,-137798,1.05255e+08
Sc45_g0u1900,21,45,g0u1900,N6,4,3,0,-77462.4,1.05315e+08
Sc45_g0u1900,21,45,g0u1900,N7,4,3,1,-77424.3,1.05315e+08
Sc45_g0u1900,21,45,g0u1900,O8,5,4,0,-49537.4,1.05343e+08
Sc45_g0u1900,21,45,g0u1900,O9,5,4,1,-49525.8,1.05343e+08
Sc45_g0u1900,21,45,g0u1900,P10,6,5,0,-34389.1,1.05358e+08
Sc45_g0u1900,21,45,g0u1900,P11,6,5,1,-34384.7,1.05358e+08
Sc45_g0u1900,21,45,g0u1900,Q12,7,6,0,-25261.4,1.05367e+08
Sc45_g0u1900,21,45,g0u1900,Q13,7,6,1,-25259.4,1.05367e+08
Sc45_g0u1900,21,45,g0u1900,R14,8,7,0,-19339.2,1.05373e+08
Sc45_g0u1900,21,45,g0u1900,R15,8,7,1,-19338.2,1.05373e+08
Sc45_g0u2000,21,45,g0u2000,K1,1,0,1,-1.16779e+06,1.04225e+08
Sc45_g0u2000,21,45,g0u2000,L2,2,1,0,-312610,1.0508e+08
Sc45_g0u2000,21,45,g0u2000,L3,2,1,1,-310814,1.05082e+08
Sc45_g0u2000,21,45,g0u2000,M4,3,2,0,-137980,1.05254e+08
Sc45_g0u2000,21,45,g0u2000,M5,3,2,1,-137798,1.05255e+08
Sc45_g0u2000,21,45,g0u2000,N6,4,3,0,-77462.4,1.05315e+08
Sc45_g0u2000,21,45,g0u2000,N7,4,3,1,-77424.3,1.05315e+08
Sc45_g0u2000,21,45,g0u2000,O8,5,4,0,-49537.4,1.05343e+08
Sc45_g0u2000,21,45,g0u2000,O9,5,4,1,-49525.8,1.05343e+08
Sc45_g0u2000,21,45,g0u2000,P10,6,5,0,-34389.1,1.05358e+08
Sc45_g0u2000,21,45,g0u2000,P11,6,5,1,-34384.7,1.05358e+08
Sc45_g0u2000,21,45,g0u2000,Q12,7,6,0,-25261.4,1.05367e+08
Sc45_g0u2000,21,45,g0u2000,Q13,7,6,1,-25259.4,1.05367e+08
Sc45_g0u2000,21,45,g0u2000,R14,8,7,0,-19339.2,1.05373e+08
Sc45_g0u2000,21,45,g0u2000,R15,8,7,1,-19338.2,1.05373e+08
Sc45_g0u2100,21,45,g0u2100,K1,1,0,1,-1.16774e+06,1.04225e+08
Sc45_g0u2100,21,45,g0u2100,L2,2,1,0,-312610,1.0508e+08
Sc45_g0u2100,21,45,g0u2100,L3,2,1,1,-310814,1.05082e+08
Sc45_g0u2100,21,45,g0u2100,M4,3,2,0,-137980,1.05254e+08
Sc45_g0u2100,21,45,g0u2100,M5,3,2,1,-137798,1.05255e+08
Sc45_g0u2100,21,45,g0u2100,N6,4,3,0,-77462.4,1.05315e+08
Sc45_g0u2100,21,45,g0u2100,N7,4,3,1,-77424.3,1.05315e+08
Sc45_g0u2100,21,45,g0u2100,O8,5,4,0,-49537.4,1.05343e+08
Sc45_g0u2100,21,45,g0u2100,O9,5,4,1,-49525.8,1.05343e+08
Sc45_g0u2100,21,45,g0u2100,P10,6,5,0,-34389.1,1.05358e+08
Sc45_g0u2100,21,45,g0u2100,P11,6,5,1,-34384.7,1.05358e+08
Sc45_g0u2100,21,45,g0u2100,Q12,7,6,0,-25261.4,1.05367e+08
Sc45_g0u2100,21,45,g0u2100,Q13,7,6,1,-25259.4,1.05367e+08
Sc45_g0u2100,21,45,g0u2100,R14,8,7,0,-19339.2,1.05373e+08
Sc45_g0u2100,21,45,g0u2100,R15,8,7,1,-19338.2,1.05373e+08
Sc45_g0u2200,21,45,g0u2200,K1,1,0,1,-1.16777e+06,1.04225e+08
Sc45_g0u2200,21,45,g0u2200,L2,2,1,0,-312610,1.0508e+08
Sc45_g0u2200,21,45,g0u2200,L3,2,1,1,-310814,1.05082e+08
Sc45_g0u2200,21,45,g0u2200,M4,3,2,0,-137980,1.05254e+08
Sc45_g0u2200,21,45,g0u2200,M5,3,2,1,-137798,1.05255e+08
Sc45_g0u2200,21,45,g0u2200,N6,4,3,0,-77462.4,1.05315e+08
Sc45_g0u2200,21,45,g0u2200,N7,4,3,1,-77424.3,1.05315e+08
Sc45_g0u2200,21,45,g0u2200,O8,5,4,0,-49537.4,1.05343e+08
Sc45_g0u2200,21,45,g0u2200,O9,5,4,1,-49525.8,1.05343e+08
Sc45_g0u2200,21,45,g0u2200,P10,6,5,0,-34389.1,1.05358e+08
Sc45_g0u2200,21,45,g0u2200,P11,6,5,1,-34384.7,1.05358e+08
Sc45_g0u2200,21,45,g0u2200,Q12,7,6,0,-25261.4,1.05367e+08
Sc45_g0u2200,21,45,g0u2200,Q13,7,6,1,-25259.4,1.05367e+08
Sc45_g0u2200,21,45,g0u2200,R14,8,7,0,-19339.2,1.05373e+08
Sc45_g0u2200,21,45,g0u2200,R15,8,7,1,-19338.2,1.05373e+08
Sc45_g0u2300,21,45,g0u2300,K1,1,0,1,-1.16825e+06,1.04224e+08
Sc45_g0u2300,21,45,g0u2300,L2,2,1,0,-312612,1.0508e+08
Sc45_g0u2300,21,45,g0u2300,L3,2,1,1,-310815,1.05082e+08
Sc45_g0u2300,21,45,g0u2300,M4,3,2,0,-137980,1.05254e+08
Sc45_g0u2300,21,45,g0u2300,M5,3,2,1,-137798,1.05255e+08
Sc45_g0u2300,21,45,g0u2300,N6,4,3,0,-77462.4,1.05315e+08
Sc45_g0u2300,21,45,g0u2300,N7,4,3,1,-77424.3,1.05315e+08
Sc45_g0u2300,21,45,g0u2300,O8,5,4,0,-49537.4,1.05343e+08
Sc45_g0u2300,21,45,g0u2300,O9,5,4,1,-49525.8,1.05343e+08
Sc45_g0u2300,21,45,g0u2300,P10,6,5,0,-34389.1,1.05358e+08
Sc45_g0u2300,21,45,g0u2300,P11,6,5,1,-34384.7,1.05358e+08
Sc45_g0u2300,21,45,g0u2300,Q12,7,6,0,-25261.4,1.05367e+08
Sc45_g0u2300,21,45,g0u2300,Q13,7,6,1,-25259.4,1.05367e+08
Sc45_g0u2300,21,45,g0u2300,R14,8,7,0,-19339.2,1.05373e+08
Sc45_g0u2300,21,45,g0u2300,R15,8,7,1,-19338.2,1.05373e+08
Sc45_g2u1000,21,45,g2u1000,K1,1,0,1,-1.16779e+06,1.04225e+08
Sc45_g2u1000,21,45,g2u1000,L2,2,1,0,-312610,1.0508e+08
Sc45_g2u1000,21,45,g2u1000,L3,2,1,1,-310814,1.05082e+08
Sc45_g2u1000,21,45,g2u1000,M4,3,2,0,-137980,1.05254e+08
Sc45_g2u1000,21,45,g2u1000,M5,3,2,1,-137798,1.05255e+08
Sc45_g2u1000,21,45,g2u1000,N6,4,3,0,-77462.4,1.05315e+08
Sc45_g2u1000,21,45,g2u1000,N7,4,3,1,-77424.3,1.05315e+08
Sc45_g2u1000,21,45,g2u1000,O8,5,4,0,-49537.4,1.05343e+08
Sc45_g2u1000,21,45,g2u1000,O9,5,4,1,-49525.8,1.05343e+08
Sc45_g2u1000,21,45,g2u1000,P10,6,5,0,-34389.1,1.05358e+08
Sc45_g2u1000,21,45,g2u1000,P11,6,5,1,-34384.7,1.05358e+08
Sc45_g2u1000,21,45,g2u1000,Q12,7,6,0,-25261.4,1.05367e+08
Sc45_g2u1000,21,45,g2u1000,Q13,7,6,1,-25259.4,1.05367e+08
Sc45_g2u1000,21,45,g2u1000,R14,8,7,0,-19339.2,1.05373e+08
Sc45_g2u1000,21,45,g2u1000,R15,8,7,1,-19338.2,1.05373e+08
Fe56_g0u0050,26,56,g0u0050,K1,1,0,1,-1.734e+06,1.03711e+08
Fe56_g0u0050,26,56,g0u0050,L2,2,1,0,-481342,1.04963e+08
Fe56_g0u0050,26,56,g0u0050,L3,2,1,1,-477195,1.04967e+08
Fe56_g0u0050,26,56,g0u0050,M4,3,2,0,-211915,1.05233e+08
Fe56_g0u0050,26,56,g0u0050,M5,3,2,1,-211487,1.05233e+08
Fe56_g0u0050,26,56,g0u0050,N6,4,3,0,-118883,1.05326e+08
Fe56_g0u0050,26,56,g0u0050,N7,4,3,1,-118794,1.05326e+08
Fe56_g0u0050,26,56,g0u0050,O8,5,4,0,-76002.7,1.05369e+08
Fe56_g0u0050,26,56,g0u0050,O9,5,4,1,-75975.2,1.05369e+08
Fe56_g0u0050,26,56,g0u0050,P10,6,5,0,-52752.8,1.05392e+08
Fe56_g0u0050,26,56,g0u0050,P11,6,5,1,-52742.3,1.05392e+08
Fe56_g0u0050,26,56,g0u0050,Q12,7,6,0,-38747.4,1.05406e+08
Fe56_g0u0050,26,56,g0u0050,Q13,7,6,1,-38742.7,1.05406e+08
Fe56_g0u0050,26,56,g0u0050,R14,8,7,0,-29662.1,1.05415e+08
Fe56_g0u0050,26,56,g0u0050,R15,8,7,1,-29659.7,1.05415e+08
Fe56_g0u0100,26,56,g0u0100,K1,1,0,1,-1.73409e+06,1.0371e+08
Fe56_g0u0100,26,56,g0u0100,L2,2,1,0,-481343,1.04963e+08
Fe56_g0u0100,26,56,g0u0100,L3,2,1,1,-477196,1.04967e+08
Fe56_g0u0100,26,56,g0u0100,M4,3,2,0,-211915,1.05233e+08
Fe56_g0u0100,26,56,g0u0100,M5,3,2,1,-211487,1.05233e+08
Fe56_g0u0100,26,56,g0u0100,N6,4,3,0,-118883,1.05326e+08
Fe56_g0u0100,26,56,g0u0100,N7,4,3,1,-118794,1.05326e+08
Fe56_g0u0100,26,56,g0u0100,O8,5,4,0,-76002.8,1.05369e+08
Fe56_g0u0100,26,56,g0u0100,O9,5,4,1,-75975.3,1.05369e+08
Fe56_g0u0100,26,56,g0u0100,P10,6,5,0,-52752.9,1.05392e+08
Fe56_g0u0100,26,56,g0u0100,P11,6,5,1,-52742.3,1.05392e+08
Fe56_g0u0100,26,56,g0u0100,Q12,7,6,0,-38747.4,1.05406e+08
Fe56_g0u0100,26,56,g0u0100,Q13,7,6,1,-38742.7,1.05406e+08
Fe56_g0u0100,26,56,g0u0100,R14,8,7,0,-29662.1,1.05415e+08
Fe56_g0u0100,26,56,g0u0100,R15,8,7,1,-29659.7,1.05415e+08
Fe56_g0u0150,26,56,g0u0150,K1,1,0,1,-1.73411e+06,1.0371e+08
Fe56_g0u0150,26,56,g0u0150,L2,2,1,0,-481344,1.04963e+08
Fe56_g0u0150,26,56,g0u0150,L3,2,1,1,-477197,1.04967e+08
Fe56_g0u0150,26,56,g0u0150,M4,3,2,0,-211915,1.05233e+08
Fe56_g0u0150,26,56,g0u0150,M5,3,2,1,-211487,1.05233e+08
Fe56_g0u0150,26,56,g0u0150,N6,4,3,0,-118883,1.05326e+08
Fe56_g0u0150,26,56,g0u0150,N7,4,3,1,-118794,1.05326e+08
Fe56_g0u0150,26,56,g0u0150,O8,5,4,0,-76002.8,1.05369e+08
Fe56_g0u0150,26,56,g0u0150,O9,5,4,1,-75975.3,1.05369e+08
Fe56_g0u0150,26,56,g0u0150,P10,6,5,0,-52752.9,1.05392e+08
Fe56_g0u0150,26,56,g0u0150,P11,6,5,1,-52742.3,1.05392e+08
Fe56_g0u0150,26,56,g0u0150,Q12,7,6,0,-38747.4,1.05406e+08
Fe56_g0u0150,26,56,g0u0150,Q13,7,6,1,-38742.7,1.05406e+08
Fe56_g0u0150,26,56,g0u0150,R14,8,7,0,-29662.1,1.05415e+08
Fe56_g0u0150,26,56,g0u0150,R15,8,7,1,-29659.7,1.05415e+08
Fe56_g0u0200,26,56,g0u0200,K1,1,0,1,-1.73411e+06,1.0371e+08
Fe56_g0u0200,26,56,g0u0200,L2,2,1,0,-481344,1.04963e+08
Fe56_g0u0200,26,56,g0u0200,L3,2,1,1,-477197,1.04967e+08
Fe56_g0u0200,26,56,g0u0200,M4,3,2,0,-211915,1.05233e+08
Fe56_g0u0200,26,56,g0u0200,M5,3,2,1,-211487,1.05233e+08
Fe56_g0u0200,26,56,g0u0200,N6,4,3,0,-118883,1.05326e+08
Fe56_g0u0200,26,56,g0u0200,N7,4,3,1,-118794,1.05326e+08
Fe56_g0u0200,26,56,g0u0200,O8,5,4,0,-76002.8,1.05369e+08
Fe56_g0u0200,26,56,g0u0200,O9,5,4,1,-75975.3,1.05369e+08
Fe56_g0u0200,26,56,g0u0200,P10,6,5,0,-52752.9,1.05392e+08
Fe56_g0u0200,26,56,g0u0200,P11,6,5,1,-52742.3,1.05392e+08
Fe56_g0u0200,26,56,g0u0200,Q12,7,6,0,-38747.4,1.05406e+08
Fe56_g0u0200,26,56,g0u0200,Q13,7,6,1,-38742.7,1.05406e+08
Fe56_g0u0200,26,56,g0u0200,R14,8,7,0,-29662.1,1.05415e+08
Fe56_g0u0200,26,56,g0u0200,R15,8,7,1,-29659.7,1.05415e+08
Fe56_g0u0250,26,56,g0u0250,K1,1,0,1,-1.73411e+06,1.0371e+08
Fe56_g0u0250,26,56,g0u0250,L2,2,1,0,-481344,1.04963e+08
Fe56_g0u0250,26,56,g0u0250,L3,2,1,1,-477197,1.04967e+08
Fe56_g0u0250,26,56,g0u0250,M4,3,2,0,-211915,1.05233e+08
Fe56_g0u0250,26,56,g0u0250,M5,3,2,1,-211487,1.05233e+08
Fe56_g0u0250,26,56,g0u0250,N6,4,3,0,-118883,1.05326e+08
Fe56_g0u0250,26,56,g0u0250,N7,4,3,1,-118794,1.05326e+08
Fe56_g0u0250,26,56,g0u0250,O8,5,4,0,-76002.8,1.05369e+08
Fe56_g0u0250,26,56,g0u0250,O9,5,4,1,-75975.3,1.05369e+08
Fe56_g0u0250,26,56,g0u0250,P10,6,5,0,-52752.9,1.05392e+08
Fe56_g0u0250,26,56,g0u0250,P11,6,5,1,-52742.3,1.05392e+08
Fe56_g0u0250,26,56,g0u0250,Q12,7,6,0,-38747.4,1.05406e+08
Fe56_g0u0250,26,56,g0u0250,Q13,7,6,1,-38742.7,1.05406e+08
Fe56_g0u0250,26,56,g0u0250,R14,8,7,0,-29662.1,1.05415e+08
Fe56_g0u0250,26,56,g0u0250,R15,8,7,1,-29659.7,1.05415e+08
Fe56_g0u0300,26,56,g0u0300,K1,1,0,1,-1.73412e+06,1.0371e+08
Fe56_g0u0300,26,56,g0u0300,L2,2,1,0,-481344,1.04963e+08
Fe56_g0u0300,26,56,g0u0300,L3,2,1,1,-477197,1.04967e+08
Fe56_g0u0300,26,56,g0u0300,M4,3,2,0,-211915,1.05233e+08
Fe56_g0u0300,26,56,g0u0300,M5,3,2,1,-211487,1.05233e+08
Fe56_g0u0300,26,56,g0u0300,N6,4,3,0,-118883,1.05326e+08
Fe56_g0u0300,26,56,g0u0300,N7,4,3,1,-118794,1.05326e+08
Fe56_g0u0300,26,56,g0u0300,O8,5,4,0,-76002.8,1.05369e+08
Fe56_g0u0300,26,56,g0u0300,O9,5,4,1,-75975.3,1.05369e+08
Fe56_g0u0300,26,56,g0u0300,P10,6,5,0,-52752.9,1.05392e+08
Fe56_g0u0300,26,56,g0u0300,P11,6,5,1,-52742.3,1.05392e+08
Fe56_g0u0300,26,56,g0u0300,Q12,7,6,0,-38747.4,1.05406e+08
Fe56_g0u0300,26,56,g0u0300,Q13,7,6,1,-38742.7,1.05406e+08
Fe56_g0u0300,26,56,g0u0300,R14,8,7,0,-29662.1,1.05415e+08
Fe56_g0u0300,26,56,g0u0300,R15,8,7,1,-29659.7,1.05415e+08
Fe56_g0u0350,26,56,g0u0350,K1,1,0,1,-1.73412e+06,1.0371e+08
Fe56_g0u0350,26,56,g0u0350,L2,2,1,0,-481344,1.04963e+08
Fe56_g0u0350,26,56,g0u0350,L3,2,1,1,-477197,1.04967e+08
Fe56_g0u0350,26,56,g0u0350,M4,3,2,0,-211915,1.05233e+08
Fe56_g0u0350,26,56,g0u0350,M5,3,2,1,-211487,1.05233e+08
Fe56_g0u0350,26,56,g0u0350,N6,4,3,0,-118883,1.05326e+08
Fe56_g0u0350,26,56,g0u0350,N7,4,3,1,-118794,1.05326e+08
Fe56_g0u0350,26,56,g0u0350,O8,5,4,0,-76002.8,1.05369e+08
Fe56_g0u0350,26,56,g0u0350,O9,5,4,1,-75975.3,1.05369e+08
Fe56_g0u0350,26,56,g0u0350,P10,6,5,0,-52752.9,1.05392e+08
Fe56_g0u0350,26,56,g0u0350,P11,6,5,1,-52742.3,1.05392e+08
Fe56_g0u0350,26,56,g0u0350,Q12,7,6,0,-38747.4,1.05406e+08
Fe56_g0u0350,26,56,g0u0350,Q13,7,6,1,-38742.7,1.05406e+08
Fe56_g0u0350,26,56,g0u0350,R14,8,7,0,-29662.1,1.05415e+08
Fe56_g0u0350,26,56,g0u0350,R15,8,7,1,-29659.7,1.05415e+08
Fe56_g0u0400,26,56,g0u0400,K1,1,0,1,-1.73412e+06,1.0371e+08
Fe56_g0u0400,26,56,g0u0400,L2,2,1,0,-481344,1.04963e+08
Fe56_g0u0400,26,56,g0u0400,L3,2,1,1,-477197,1.04967e+08
Fe56_g0u0400,26,56,g0u0400,M4,3,2,0,-211915,1.05233e+08
Fe56_g0u0400,26,56,g0u0400,M5,3,2,1,-211487,1.05233e+08
Fe56_g0u0400,26,56,g0u0400,N6,4,3,0,-118883,1.05326e+08
Fe56_g0u0400,26,56,g0u0400,N7,4,3,1,-118794,1.05326e+08
Fe56_g0u0400,26,56,g0u0400,O8,5,4,0,-76002.8,1.05369e+08
Fe56_g0u0400,26,56,g0u0400,O9,5,4,1,-75975.3,1.05369e+08
Fe56_g0u0400,26,56,g0u0400,P10,6,5,0,-52752.9,1.05392e+08
Fe56_g0u0400,26,56,g0u0400,P11,6,5,1,-52742.3,1.05392e+08
Fe56_g0u0400,26,56,g0u0400,Q12,7,6,0,-38747.4,1.05406e+08
Fe56_g0u0400,26,56,g0u0400,Q13,7,6,1,-38742.7,1.05406e+08
Fe56_g0u0400,26,56,g0u0400,R14,8,7,0,-29662.1,1.05415e+08
Fe56_g0u0400,26,56,g0u0400,R15,8,7,1,-29659.7,1.05415e+08
Fe56_g0u0450,26,56,g0u0450,K1,1,0,1,-1.73412e+06,1.0371e+08
Fe56_g0u0450,26,56,g0u0450,L2,2,1,0,-481344,1.04963e+08
Fe56_g0u0450,26,56,g0u0450,L3,2,1,1,-477197,1.04967e+08
Fe56_g0u0450,26,56,g0u0450,M4,3,2,0,-211915,1.05233e+08
Fe56_g0u0450,26,56,g0u0450,M5,3,2,1,-211487,1.05233e+08
Fe56_g0u0450,26,56,g0u0450,N6,4,3,0,-118883,1.05326e+08
Fe56_g0u0450,26,56,g0u0450,N7,4,3,1,-118794,1.05326e+08
Fe56_g0u0450,26,56,g0u0450,O8,5,4,0,-76002.8,1.05369e+08
Fe56_g0u0450,26,56,g0u0450,O9,5,4,1,-75975.3,1.05369e+08
Fe56_g0u0450,26,56,g0u0450,P10,6,5,0,-52752.9,1.05392e+08
Fe56_g0u0450,26,56,g0u0450,P11,6,5,1,-52742.3,1.05392e+08
Fe56_g0u0450,26,56,g0u0450,Q12,7,6,0,-38747.4,1.05406e+08
Fe56_g0u0450,26,56,g0u0450,Q13,7,6,1,-38742.7,1.05406e+08
Fe56_g0u0450,26,56,g0u0450,R14,8,7,0,-29662.1,1.05415e+08
Fe56_g0u0450,26,56,g0u0450,R15,8,7,1,-29659.7,1.05415e+08
Fe56_g0u0500,26,56,g0u0500,K1,1,0,1,-1.73412e+06,1.0371e+08
Fe56_g0u0500,26,56,g0u0500,L2,2,1,0,-481344,1.04963e+08
Fe56_g0u0500,26,56,g0u0500,L3,2,1,1,-477197,1.04967e+08
Fe56_g0u0500,26,56,g0u0500,M4,3,2,0,-211915,1.05233e+08
Fe56_g0u0500,26,56,g0u0500,M5,3,2,1,-211487,1.05233e+08
Fe56_g0u0500,26,56,g0u0500,N6,4,3,0,-118883,1.05326e+08
Fe56_g0u0500,26,56,g0u0500,N7,4,3,1,-118794,1.05326e+08
Fe56_g0u0500,26,56,g0u0500,O8,5,4,0,-76002.8,1.05369e+08
Fe56_g0u0500,26,56,g0u0500,O9,5,4,1,-75975.3,1.05369e+08
Fe56_g0u0500,26,56,g0u0500,P10,6,5,0,-52752.9,1.05392e+08
Fe56_g0u0500,26,56,g0u0500,P11,6,5,1,-52742.3,1.05392e+08
Fe56_g0u0500,26,56,g0u0500,Q12,7,6,0,-38747.4,1.05406e+08
Fe56_g0u0500,26,56,g0u0500,Q13,7,6,1,-38742.7,1.05406e+08
Fe56_g0u0500,26,56,g0u0500,R14,8,7,0,-29662.1,1.05415e+08
Fe56_g0u0500,26,56,g0u0500,R15,8,7,1,-29659.7,1.05415e+08
Fe56_g0u0550,26,56,g0u0550,K1,1,0,1,-1.73412e+06,1.0371e+08
Fe56_g0u0550,26,56,g0u0550,L2,2,1,0,-481344,1.04963e+08
Fe56_g0u0550,26,56,g0u0550,L3,2,1,1,-477197,1.04967e+08
Fe56_g0u0550,26,56,g0u0550,M4,3,2,0,-211915,1.05233e+08
Fe56_g0u0550,26,56,g0u0550,M5,3,2,1,-211487,1.05233e+08
Fe56_g0u0550,26,56,g0u0550,N6,4,3,0,-118883,1.05326e+08
Fe56_g0u0550,26,56,g0u0550,N7,4,3,1,-118794,1.05326e+08
Fe56_g0u0550,26,56,g0u0550,O8,5,4,0,-76002.8,1.05369e+08
Fe56_g0u0550,26,56,g0u0550,O9,5,4,1,-75975.3,1.05369e+08
Fe56_g0u0550,26,56,g0u0550,P10,6,5,0,-52752.9,1.05392e+08
Fe56_g0u0550,26,56,g0u0550,P11,6,5,1,-52742.3,1.05392e+08
Fe56_g0u0550,26,56,g0u0550,Q12,7,6,0,-38747.4,1.05406e+08
Fe56_g0u0550,26,56,g0u0550,Q13,7,6,1,-38742.7,1.05406e+08
Fe56_g0u0550,26,56,g0u0550,R14,8,7,0,-29662.1,1.05415e+08
Fe56_g0u0550,26,56,g0u0550,R15,8,7,1,-29659.7,1.05415e+08
Fe56_g0u0600,26,56,g0u0600,K1,1,0,1,-1.73412e+06,1.0371e+08
Fe56_g0u0600,26,56,g0u0600,L2,2,1,0,-481344,1.04963e+08
Fe56_g0u0600,26,56,g0u0600,L3,2,1,1,-477197,1.04967e+08
Fe56_g0u0600,26,56,g0u0600,M4,3,2,0,-211915,1.05233e+08
Fe56_g0u0600,26,56,g0u0600,M5,3,2,1,-211487,1.05233e+08
Fe56_g0u0600,26,56,g0u0600,N6,4,3,0,-118883,1.05326e+08
Fe56_g0u0600,26,56,g0u0600,N7,4,3,1,-118794,1.05326e+08
Fe56_g0u0600,26,56,g0u0600,O8,5,4,0,-76002.8,1.05369e+08
Fe56_g0u0600,26,56,g0u0600,O9,5,4,1,-75975.3,1.05369e+08
Fe56_g0u0600,26,56,g0u0600,P10,6,5,0,-52752.9,1.05392e+08
Fe56_g0u0600,26,56,g0u0600,P11,6,5,1,-52742.3,1.05392e+08
Fe56_g0u0600,26,56,g0u0600,Q12,7,6,0,-38747.4,1.05406e+08
Fe56_g0u0600,26,56,g0u0600,Q13,7,6,1,-38742.7,1.05406e+08
Fe56_g0u0600,26,56,g0u0600,R14,8,7,0,-29662.1,1.05415e+08
Fe56_g0u0600,26,56,g0u0600,R15,8,7,1,-29659.7,1.05415e+08
Fe56_g0u0700,26,56,g0u0700,K1,1,0,1,-1.73412e+06,1.0371e+08
Fe56_g0u0700,26,56,g0u0700,L2,2,1,0,-481344,1.04963e+08
Fe56_g0u0700,26,56,g0u0700,L3,2,1,1,-477197,1.04967e+08
Fe56_g0u0700,26,56,g0u0700,M4,3,2,0,-211915,1.05233e+08
Fe56_g0u0700,26,56,g0u0700,M5,3,2,1,-211487,1.05233e+08
Fe56_g0u0700,26,56,g0u0700,N6,4,3,0,-118883,1.05326e+08
Fe56_g0u0700,26,56,g0u0700,N7,4,3,1,-118794,1.05326e+08
Fe56_g0u0700,26,56,g0u0700,O8,5,4,0,-76002.8,1.05369e+08
Fe56_g0u0700,26,56,g0u0700,O9,5,4,1,-75975.3,1.05369e+08
Fe56_g0u0700,26,56,g0u0700,P10,6,5,0,-52752.9,1.05392e+08
Fe56_g0u0700,26,56,g0u0700,P11,6,5,1,-52742.3,1.05392e+08
Fe56_g0u0700,26,56,g0u0700,Q12,7,6,0,-38747.4,1.05406e+08
Fe56_g0u0700,26,56,g0u0700,Q13,7,6,1,-38742.7,1.05406e+08
Fe56_g0u0700,26,56,g0u0700,R14,8,7,0,-29662.1,1.05415e+08
Fe56_g0u0700,26,56,g0u0700,R15,8,7,1,-29659.7,1.05415e+08
Fe56_g0u0800,26,56,g0u0800,K1,1,0,1,-1.73412e+06,1.0371e+08
Fe56_g0u0800,26,56,g0u0800,L2,2,1,0,-481344,1.04963e+08
Fe56_g0u0800,26,56,g0u0800,L3,2,1,1,-477197,1.04967e+08
Fe56_g0u0800,26,56,g0u0800,M4,3,2,0,-211915,1.05233e+08
Fe56_g0u0800,26,56,g0u0800,M5,3,2,1,-211487,1.05233e+08
Fe56_g0u0800,26,56,g0u0800,N6,4,3,0,-118883,1.05326e+08
Fe56_g0u0800,26,56,g0u0800,N7,4,3,1,-118794,1.05326e+08
Fe56_g0u0800,26,56,g0u0800,O8,5,4,0,-76002.8,1.05369e+08
Fe56_g0u0800,26,56,g0u0800,O9,5,4,1,-75975.3,1.05369e+08
Fe56_g0u0800,26,56,g0u0800,P10,6,5,0,-52752.9,1.05392e+08
Fe56_g0u0800,26,56,g0u0800,P11,6,5,1,-52742.3,1.05392e+08
Fe56_g0u0800,26,56,g0u0800,Q12,7,6,0,-38747.4,1.05406e+08
Fe56_g0u0800,26,56,g0u0800,Q13,7,6,1,-38742.7,1.05406e+08
Fe56_g0u0800,26,56,g0u0800,R14,8,7,0,-29662.1,1.05415e+08
Fe56_g0u0800,26,56,g0u0800,R15,8,7,1,-29659.7,1.05415e+08
Fe56_g0u0900,26,56,g0u0900,K1,1,0,1,-1.73412e+06,1.0371e+08
Fe56_g0u0900,26,56,g0u0900,L2,2,1,0,-481344,1.04963e+08
Fe56_g0u0900,26,56,g0u0900,L3,2,1,1,-477197,1.04967e+08
Fe56_g0u0900,26,56,g0u0900,M4,3,2,0,-211915,1.05233e+08
Fe56_g0u0900,26,56,g0u0900,M5,3,2,1,-211487,1.05233e+08
Fe56_g0u0900,26,56,g0u0900,N6,4,3,0,-118883,1.05326e+08
Fe56_g0u0900,26,56,g0u0900,N7,4,3,1,-118794,1.05326e+08
Fe56_g0u0900,26,56,g0u0900,O8,5,4,0,-76002.8,1.05369e+08
Fe56_g0u0900,26,56,g0u0900,O9,5,4,1,-75975.3,1.05369e+08
Fe56_g0u0900,26,56,g0u0900,P10,6,5,0,-52752.9,1.05392e+08
Fe56_g0u0900,26,56,g0u0900,P11,6,5,1,-52742.3,1.05392e+08
Fe56_g0u0900,26,56,g0u0900,Q12,7,6,0,-38747.4,1.05406e+08
Fe56_g0u0900,26,56,g0u0900,Q13,7,6,1,-38742.7,1.05406e+08
Fe56_g0u0900,26,56,g0u0900,R14,8,7,0,-29662.1,1.05415e+08
Fe56_g0u0900,26,56,g0u0900,R15,8,7,1,-29659.7,1.05415e+08
Fe56_g0u1000,26,56,g0u1000,K1,1,0,1,-1.73412e+06,1.0371e+08
Fe56_g0u1000,26,56,g0u1000,L2,2,1,0,-481344,1.04963e+08
Fe56_g0u1000,26,56,g0u1000,L3,2,1,1,-477197,1.04967e+08
Fe56_g0u1000,26,56,g0u1000,M4,3,2,0,-211915,1.05233e+08
Fe56_g0u1000,26,56,g0u1000,M5,3,2,1,-211487,1.05233e+08
Fe56_g0u1000,26,56,g0u1000,N6,4,3,0,-118883,1.05326e+08
Fe56_g0u1000,26,56,g0u1000,N7,4,3,1,-118794,1.05326e+08
Fe56_g0u1000,26,56,g0u1000,O8,5,4,0,-76002.8,1.05369e+08
Fe56_g0u1000,26,56,g0u1000,O9,5,4,1,-75975.3,1.05369e+08
Fe56_g0u1000,26,56,g0u1000,P10,6,5,0,-52752.9,1.05392e+08
Fe56_g0u1000,26,56,g0u1000,P11,6,5,1,-52742.3,1.05392e+08
Fe56_g0u1000,26,56,g0u1000,Q12,7,6,0,-38747.4,1.05406e+08
Fe56_g0u1000,26,56,g0u1000,Q13,7,6,1,-38742.7,1.05406e+08
Fe56_g0u1000,26,56,g0u1000,R14,8,7,0,-29662.1,1.05415e+08
Fe56_g0u1000,26,56,g0u1000,R15,8,7,1,-29659.7,1.05415e+08
Fe56_g0u1100,26,56,g0u1100,K1,1,0,1,-1.73412e+06,1.0371e+08
Fe56_g0u1100,26,56,g0u1100,L2,2,1,0,-481344,1.04963e+08
Fe56_g0u1100,26,56,g0u1100,L3,2,1,1,-477197,1.04967e+08
Fe56_g0u1100,26,56,g0u1100,M4,3,2,0,-211915,1.05233e+08
Fe56_g0u1100,26,56,g0u1100,M5,3,2,1,-211487,1.05233e+08
Fe56_g0u1100,26,56,g0u1100,N6,4,3,0,-118883,1.05326e+08
Fe56_g0u1100,26,56,g0u1100,N7,4,3,1,-118794,1.05326e+08
Fe56_g0u1100,26,56,g0u1100,O8,5,4,0,-76002.8,1.05369e+08
Fe56_g0u1100,26,56,g0u1100,O9,5,4,1,-75975.3,1.05369e+08
Fe56_g0u1100,26,56,g0u1100,P10,6,5,0,-52752.9,1.05392e+08
Fe56_g0u1100,26,56,g0u1100,P11,6,5,1,-52742.3,1.05392e+08
Fe56_g0u1100,26,56,g0u1100,Q12,7,6,0,-38747.4,1.05406e+08
Fe56_g0u1100,26,56,g0u1100,Q13,7,6,1,-38742.7,1.05406e+08
Fe56_g0u1100,26,56,g0u1100,R14,8,7,0,-29662.1,1.05415e+08
Fe56_g0u1100,26,56,g0u1100,R15,8,7,1,-29659.7,1.05415e+08
Fe56_g0u1200,26,56,g0u1200,K1,1,0,1,-1.73412e+06,1.0371e+08
Fe56_g0u1200,26,56,g0u1200,L2,2,1,0,-481344,1.04963e+08
Fe56_g0u1200,26,56,g0u1200,L3,2,1,1,-477197,1.04967e+08
Fe56_g0u1200,26,56,g0u1200,M4,3,2,0,-211915,1.05233e+08
Fe56_g0u1200,26,56,g0u1200,M5,3,2,1,-211487,1.05233e+08
Fe56_g0u1200,26,56,g0u1200,N6,4,3,0,-118883,1.05326e+08
Fe56_g0u1200,26,56,g0u1200,N7,4,3,1,-118794,1.05326e+08
Fe56_g0u1200,26,56,g0u1200,O8,5,4,0,-76002.8,1.05369e+08
Fe56_g0u1200,26,56,g0u1200,O9,5,4,1,-75975.3,1.05369e+08
Fe56_g0u1200,26,56,g0u1200,P10,6,5,0,-52752.9,1.05392e+08
Fe56_g0u1200,26,56,g0u1200,P11,6,5,1,-52742.3,1.05392e+08
Fe56_g0u1200,26,56,g0u1200,Q12,7,6,0,-38747.4,1.05406e+08
Fe56_g0u1200,26,56,g0u1200,Q13,7,6,1,-38742.7,1.05406e+08
Fe56_g0u1200,26,56,g0u1200,R14,8,7,0,-29662.1,1.05415e+08
Fe56_g0u1200,26,56,g0u1200,R15,8,7,1,-29659.7,1.05415e+08
Fe56_g0u1300,26,56,g0u1300,K1,1,0,1,-1.73412e+06,1.0371e+08
Fe56_g0u1300,26,56,g0u1300,L2,2,1,0,-481344,1.04963e+08
Fe56_g0u1300,26,56,g0u1300,L3,2,1,1,-477197,1.04967e+08
Fe56_g0u1300,26,56,g0u1300,M4,3,2,0,-211915,1.05233e+08
Fe56_g0u1300,26,56,g0u1300,M5,3,2,1,-211487,1.05233e+08
Fe56_g0u1300,26,56,g0u1300,N6,4,3,0,-118884,1.05326e+08
Fe56_g0u1300,26,56,g0u1300,N7,4,3,1,-118794,1.05326e+08
Fe56_g0u1300,26,56,g0u1300,O8,5,4,0,-76002.8,1.05369e+08
Fe56_g0u1300,26,56,g0u1300,O9,5,4,1,-75975.3,1.05369e+08
Fe56_g0u1300,26,56,g0u1300,P10,6,5,0,-52752.9,1.05392e+08
Fe56_g0u1300,26,56,g0u1300,P11,6,5,1,-52742.3,1.05392e+08
Fe56_g0u1300,26,56,g0u1300,Q12,7,6,0,-38747.4,1.05406e+08
Fe56_g0u1300,26,56,g0u1300,Q13,7,6,1,-38742.7,1.05406e+08
Fe56_g0u1300,26,56,g0u1300,R14,8,7,0,-29662.1,1.05415e+08
Fe56_g0u1300,26,56,g0u1300,R15,8,7,1,-29659.7,1.05415e+08
Fe56_g0u1400,26,56,g0u1400,K1,1,0,1,-1.73412e+06,1.0371e+08
Fe56_g0u1400,26,56,g0u1400,L2,2,1,0,-481344,1.04963e+08
Fe56_g0u1400,26,56,g0u1400,L3,2,1,1,-477197,1.04967e+08
Fe56_g0u1400,26,56,g0u1400,M4,3,2,0,-211915,1.05233e+08
Fe56_g0u1400,26,56,g0u1400,M5,3,2,1,-211487,1.05233e+08
Fe56_g0u1400,26,56,g0u1400,N6,4,3,0,-118884,1.05326e+08
Fe56_g0u1400,26,56,g0u1400,N7,4,3,1,-118794,1.05326e+08
Fe56_g0u1400,26,56,g0u1400,O8,5,4,0,-76002.8,1.05369e+08
Fe56_g0u1400,26,56,g0u1400,O9,5,4,1,-75975.3,1.05369e+08
Fe56_g0u1400,26,56,g0u1400,P10,6,5,0,-52752.9,1.05392e+08
Fe56_g0u1400,26,56,g0u1400,P11,6,5,1,-52742.3,1.05392e+08
Fe56_g0u1400,26,56,g0u1400,Q12,7,6,0,-38747.4,1.05406e+08
Fe56_g0u1400,26,56,g0u1400,Q13,7,6,1,-38742.7,1.05406e+08
Fe56_g0u1400,26,56,g0u1400,R14,8,7,0,-29662.1,1.05415e+08
Fe56_g0u1400,26,56,g0u1400,R15,8,7,1,-29659.7,1.05415e+08
Fe56_g0u1500,26,56,g0u1500,K1,1,0,1,-1.73412e+06,1.0371e+08
Fe56_g0u1500,26,56,g0u1500,L2,2,1,0,-481344,1.04963e+08
Fe56_g0u1500,26,56,g0u1500,L3,2,1,1,-477197,1.04967e+08
Fe56_g0u1500,26,56,g0u1500,M4,3,2,0,-211915,1.05233e+08
Fe56_g0u1500,26,56,g0u1500,M5,3,2,1,-211487,1.05233e+08
Fe56_g0u1500,26,56,g0u1500,N6,4,3,0,-118884,1.05326e+08
Fe56_g0u1500,26,56,g0u1500,N7,4,3,1,-118794,1.05326e+08
Fe56_g0u1500,26,56,g0u1500,O8,5,4,0,-76002.8,1.05369e+08
Fe56_g0u1500,26,56,g0u1500,O9,5,4,1,-75975.3,1.05369e+08
Fe56_g0u1500,26,56,g0u1500,P10,6,5,0,-52752.9,1.05392e+08
Fe56_g0u1500,26,56,g0u1500,P11,6,5,1,-52742.3,1.05392e+08
Fe56_g0u1500,26,56,g0u1500,Q12,7,6,0,-38747.4,1.05406e+08
Fe56_g0u1500,26,56,g0u1500,Q13,7,6,1,-38742.7,1.05406e+08
Fe56_g0u1500,26,56,g0u1500,R14,8,7,0,-29662.1,1.05415e+08
Fe56_g0u1500,26,56,g0u1500,R15,8,7,1,-29659.7,1.05415e+08
Fe56_g0u1600,26,56,g0u1600,K1,1,0,1,-1.73412e+06,1.0371e+08
Fe56_g0u1600,26,56,g0u1600,L2,2,1,0,-481344,1.04963e+08
Fe56_g0u1600,26,56,g0u1600,L3,2,1,1,-477197,1.04967e+08
Fe56_g0u1600,26,56,g0u1600,M4,3,2,0,-211915,1.05233e+08
Fe56_g0u1600,26,56,g0u1600,M5,3,2,1,-211487,1.05233e+08
Fe56_g0u1600,26,56,g0u1600,N6,4,3,0,-118884,1.05326e+08
Fe56_g0u1600,26,56,g0u1600,N7,4,3,1,-118794,1.05326e+08
Fe56_g0u1600,26,56,g0u1600,O8,5,4,0,-76002.8,1.05369e+08
Fe56_g0u1600,26,56,g0u1600,O9,5,4,1,-75975.3,1.05369e+08
Fe56_g0u1600,26,56,g0u1600,P10,6,5,0,-52752.9,1.05392e+08
Fe56_g0u1600,26,56,g0u1600,P11,6,5,1,-52742.3,1.05392e+08
Fe56_g0u1600,26,56,g0u1600,Q12,7,6,0,-38747.4,1.05406e+08
Fe56_g0u1600,26,56,g0u1600,Q13,7,6,1,-38742.7,1.05406e+08
Fe56_g0u1600,26,56,g0u1600,R14,8,7,0,-29662.1,1.05415e+08
Fe56_g0u1600,26,56,g0u1600,R15,8,7,1,-29659.7,1.05415e+08
Fe56_g0u1700,26,56,g0u1700,K1,1,0,1,-1.73412e+06,1.0371e+08
Fe56_g0u1700,26,56,g0u1700,L2,2,1,0,-481344,1.04963e+08
Fe56_g0u1700,26,56,g0u1700,L3,2,1,1,-477197,1.04967e+08
Fe56_g0u1700,26,56,g0u1700,M4,3,2,0,-211915,1.05233e+08
Fe56_g0u1700,26,56,g0u1700,M5,3,2,1,-211487,1.05233e+08
Fe56_g0u1700,26,56,g0u1700,N6,4,3,0,-118884,1.05326e+08
Fe56_g0u1700,26,56,g0u1700,N7,4,3,1,-118794,1.05326e+08
Fe56_g0u1700,26,56,g0u1700,O8,5,4,0,-76002.8,1.05369e+08
Fe56_g0u1700,26,56,g0u1700,O9,5,4,1,-75975.3,1.05369e+08
Fe56_g0u1700,26,56,g0u1700,P10,6,5,0,-52752.9,1.05392e+08
Fe56_g0u1700,26,56,g0u1700,P11,6,5,1,-52742.3,1.05392e+08
Fe56_g0u1700,26,56,g0u1700,Q12,7,6,0,-38747.4,1.05406e+08
Fe56_g0u1700,26,56,g0u1700,Q13,7,6,1,-38742.7,1.05406e+08
Fe56_g0u1700,26,56,g0u1700,R14,8,7,0,-29662.1,1.05415e+08
Fe56_g0u1700,26,56,g0u1700,R15,8,7,1,-29659.7,1.05415e+08
Fe56_g0u1800,26,56,g0u1800,K1,1,0,1,-1.73412e+06,1.0371e+08
Fe56_g0u1800,26,56,g0u1800,L2,2,1,0,-481344,1.04963e+08
Fe56_g0u1800,26,56,g0u1800,L3,2,1,1,-477197,1.04967e+08
Fe56_g0u1800,26,56,g0u1800,M4,3,2,0,-211915,1.05233e+08
Fe56_g0u1800,26,56,g0u1800,M5,3,2,1,-211487,1.05233e+08
Fe56_g0u1800,26,56,g0u1800,N6,4,3,0,-118884,1.05326e+08
Fe56_g0u1800,26,56,g0u1800,N7,4,3,1,-118794,1.05326e+08
Fe56_g0u1800,26,56,g0u1800,O8,5,4,0,-76002.8,1.05369e+08
Fe56_g0u1800,26,56,g0u1800,O9,5,4,1,-75975.3,1.05369e+08
Fe56_g0u1800,26,56,g0u1800,P10,6,5,0,-52752.9,1.05392e+08
Fe56_g0u1800,26,56,g0u1800,P11,6,5,1,-52742.3,1.05392e+08
Fe56_g0u1800,26,56,g0u1800,Q12,7,6,0,-38747.4,1.05406e+08
Fe56_g0u1800,26,56,g0u1800,Q13,7,6,1,-38742.7,1.05406e+08
Fe56_g0u1800,26,56,g0u1800,R14,8,7,0,-29662.1,1.05415e+08
Fe56_g0u1800,26,56,g0u1800,R15,8,7,1,-29659.7,1.05415e+08
Fe56_g0u1900,26,56,g0u1900,K1,1,0,1,-1.73412e+06,1.0371e+08
Fe56_g0u1900,26,56,g0u1900,L2,2,1,0,-481344,1.04963e+08
Fe56_g0u1900,26,56,g0u1900,L3,2,1,1,-477197,1.04967e+08
Fe56_g0u1900,26,56,g0u1900,M4,3,2,0,-211915,1.05233e+08
Fe56_g0u1900,26,56,g0u1900,M5,3,2,1,-211487,1.05233e+08
Fe56_g0u1900,26,56,g0u1900,N6,4,3,0,-118884,1.05326e+08
Fe56_g0u1900,26,56,g0u1900,N7,4,3,1,-118794,1.05326e+08
Fe56_g0u1900,26,56,g0u1900,O8,5,4,0,-76002.8,1.05369e+08
Fe56_g0u1900,26,56,g0u1900,O9,5,4,1,-75975.3,1.05369e+08
Fe56_g0u1900,26,56,g0u1900,P10,6,5,0,-52752.9,1.05392e+08
Fe56_g0u1900,26,56,g0u1900,P11,6,5,1,-52742.3,1.05392e+08
Fe56_g0u1900,26,56,g0u1900,Q12,7,6,0,-38747.4,1.05406e+08
Fe56_g0u1900,26,56,g0u1900,Q13,7,6,1,-38742.7,1.05406e+08
Fe56_g0u1900,26,56,g0u1900,R14,8,7,0,-29662.1,1.05415e+08
Fe56_g0u1900,26,56,g0u1900,R15,8,7,1,-29659.7,1.05415e+08
Fe56_g0u2000,26,56,g0u2000,K1,1,0,1,-1.73412e+06,1.0371e+08
Fe56_g0u2000,26,56,g0u2000,L2,2,1,0,-481344,1.04963e+08
Fe56_g0u2000,26,56,g0u2000,L3,2,1,1,-477197,1.04967e+08
Fe56_g0u2000,26,56,g0u2000,M4,3,2,0,-211915,1.05233e+08
Fe56_g0u2000,26,56,g0u2000,M5,3,2,1,-211487,1.05233e+08
Fe56_g0u2000,26,56,g0u2000,N6,4,3,0,-118884,1.05326e+08
Fe56_g0u2000,26,56,g0u2000,N7,4,3,1,-118794,1.05326e+08
Fe56_g0u2000,26,56,g0u2000,O8,5,4,0,-76002.8,1.05369e+08
Fe56_g0u2000,26,56,g0u2000,O9,5,4,1,-75975.3,1.05369e+08
Fe56_g0u2000,26,56,g0u2000,P10,6,5,0,-52752.9,1.05392e+08
Fe56_g0u2000,26,56,g0u2000,P11,6,5,1,-52742.3,1.05392e+08
Fe56_g0u2000,26,56,g0u2000,Q12,7,6,0,-38747.4,1.05406e+08
Fe56_g0u2000,26,56,g0u2000,Q13,7,6,1,-38742.7,1.05406e+08
Fe56_g0u2000,26,56,g0u2000,R14,8,7,0,-29662.1,1.05415e+08
Fe56_g0u2000,26,56,g0u2000,R15,8,7,1,-29659.7,1.05415e+08
Fe56_g0u2100,26,56,g0u2100,K1,1,0,1,-1.73353e+06,1.03711e+08
Fe56_g0u2100,26,56,g0u2100,L2,2,1,0,-481340,1.04963e+08
Fe56_g0u2100,26,56,g0u2100,L3,2,1,1,-477194,1.04967e+08
Fe56_g0u2100,26,56,g0u2100,M4,3,2,0,-211915,1.05233e+08
Fe56_g0u2100,26,56,g0u2100,M5,3,2,1,-211487,1.05233e+08
Fe56_g0u2100,26,56,g0u2100,N6,4,3,0,-118884,1.05326e+08
Fe56_g0u2100,26,56,g0u2100,N7,4,3,1,-118794,1.05326e+08
Fe56_g0u2100,26,56,g0u2100,O8,5,4,0,-76002.8,1.05369e+08
Fe56_g0u2100,26,56,g0u2100,O9,5,4,1,-75975.3,1.05369e+08
Fe56_g0u2100,26,56,g0u2100,P10,6,5,0,-52752.9,1.05392e+08
Fe56_g0u2100,26,56,g0u2100,P11,6,5,1,-52742.3,1.05392e+08
Fe56_g0u2100,26,56,g0u2100,Q12,7,6,0,-38747.4,1.05406e+08
Fe56_g0u2100,26,56,g0u2100,Q13,7,6,1,-38742.7,1.05406e+08
Fe56_g0u2100,26,56,g0u2100,R14,8,7,0,-29662.1,1.05415e+08
Fe56_g0u2100,26,56,g0u2100,R15,8,7,1,-29659.7,1.05415e+08
Fe56_g0u2300,26,56,g0u2300,K1,1,0,1,-1.73118e+06,1.03713e+08
Fe56_g0u2300,26,56,g0u2300,L2,2,1,0,-481324,1.04963e+08
Fe56_g0u2300,26,56,g0u2300,L3,2,1,1,-477183,1.04967e+08
Fe56_g0u2300,26,56,g0u2300,M4,3,2,0,-211915,1.05233e+08
Fe56_g0u2300,26,56,g0u2300,M5,3,2,1,-211487,1.05233e+08
Fe56_g0u2300,26,56,g0u2300,N6,4,3,0,-118884,1.05326e+08
Fe56_g0u2300,26,56,g0u2300,N7,4,3,1,-118794,1.05326e+08
Fe56_g0u2300,26,56,g0u2300,O8,5,4,0,-76002.8,1.05369e+08
Fe56_g0u2300,26,56,g0u2300,O9,5,4,1,-75975.3,1.05369e+08
Fe56_g0u2300,26,56,g0u2300,P10,6,5,0,-52752.9,1.05392e+08
Fe56_g0u2300,26,56,g0u2300,P11,6,5,1,-52742.3,1.05392e+08
Fe56_g0u2300,26,56,g0u2300,Q12,7,6,0,-38747.4,1.05406e+08
Fe56_g0u2300,26,56,g0u2300,Q13,7,6,1,-38742.7,1.05406e+08
Fe56_g0u2300,26,56,g0u2300,R14,8,7,0,-29662.1,1.05415e+08
Fe56_g0u2300,26,56,g0u2300,R15,8,7,1,-29659.7,1.05415e+08
Fe56_g2u1000,26,56,g2u1000,K1,1,0,1,-1.73412e+06,1.0371e+08
Fe56_g2u1000,26,56,g2u1000,L2,2,1,0,-481344,1.04963e+08
Fe56_g2u1000,26,56,g2u1000,L3,2,1,1,-477197,1.04967e+08
Fe56_g2u1000,26,56,g2u1000,M4,3,2,0,-211915,1.05233e+08
Fe56_g2u1000,26,56,g2u1000,M5,3,2,1,-211487,1.05233e+08
Fe56_g2u1000,26,56,g2u1000,N6,4,3,0,-118883,1.05326e+08
Fe56_g2u1000,26,56,g2u1000,N7,4,3,1,-118794,1.05326e+08
Fe56_g2u1000,26,56,g2u1000,O8,5,4,0,-76002.8,1.05369e+08
Fe56_g2u1000,26,56,g2u1000,O9,5,4,1,-75975.3,1.05369e+08
Fe56_g2u1000,26,56,g2u1000,P10,6,5,0,-52752.9,1.05392e+08
Fe56_g2u1000,26,56,g2u1000,P11,6,5,1,-52742.3,1.05392e+08
Fe56_g2u1000,26,56,g2u1000,Q12,7,6,0,-38747.4,1.05406e+08
Fe56_g2u1000,26,56,g2u1000,Q13,7,6,1,-38742.7,1.05406e+08
Fe56_g2u1000,26,56,g2u1000,R14,8,7,0,-29662.1,1.05415e+08
Fe56_g2u1000,26,56,g2u1000,R15,8,7,1,-29659.7,1.05415e+08
Cu63_g0u0050,29,63,g0u0050,K1,1,0,1,-2.1083e+06,1.0336e+08
Cu63_g0u0050,29,63,g0u0050,L2,2,1,0,-600471,1.04868e+08
Cu63_g0u0050,29,63,g0u0050,L3,2,1,1,-594152,1.04874e+08
Cu63_g0u0050,29,63,g0u0050,M4,3,2,0,-263951,1.05204e+08
Cu63_g0u0050,29,63,g0u0050,M5,3,2,1,-263287,1.05205e+08
Cu63_g0u0050,29,63,g0u0050,N6,4,3,0,-148003,1.0532e+08
Cu63_g0u0050,29,63,g0u0050,N7,4,3,1,-147864,1.0532e+08
Cu63_g0u0050,29,63,g0u0050,O8,5,4,0,-94600.4,1.05374e+08
Cu63_g0u0050,29,63,g0u0050,O9,5,4,1,-94557.9,1.05374e+08
Cu63_g0u0050,29,63,g0u0050,P10,6,5,0,-65654.4,1.05403e+08
Cu63_g0u0050,29,63,g0u0050,P11,6,5,1,-65638.1,1.05403e+08
Cu63_g0u0050,29,63,g0u0050,Q12,7,6,0,-48220.8,1.0542e+08
Cu63_g0u0050,29,63,g0u0050,Q13,7,6,1,-48213.5,1.0542e+08
Cu63_g0u0050,29,63,g0u0050,R14,8,7,0,-36912.9,1.05431e+08
Cu63_g0u0050,29,63,g0u0050,R15,8,7,1,-36909.2,1.05431e+08
Cu63_g0u0100,29,63,g0u0100,K1,1,0,1,-2.10842e+06,1.0336e+08
Cu63_g0u0100,29,63,g0u0100,L2,2,1,0,-600473,1.04868e+08
Cu63_g0u0100,29,63,g0u0100,L3,2,1,1,-594153,1.04874e+08
Cu63_g0u0100,29,63,g0u0100,M4,3,2,0,-263951,1.05204e+08
Cu63_g0u0100,29,63,g0u0100,M5,3,2,1,-263287,1.05205e+08
Cu63_g0u0100,29,63,g0u0100,N6,4,3,0,-148004,1.0532e+08
Cu63_g0u0100,29,63,g0u0100,N7,4,3,1,-147865,1.0532e+08
Cu63_g0u0100,29,63,g0u0100,O8,5,4,0,-94600.5,1.05374e+08
Cu63_g0u0100,29,63,g0u0100,O9,5,4,1,-94558,1.05374e+08
Cu63_g0u0100,29,63,g0u0100,P10,6,5,0,-65654.5,1.05403e+08
Cu63_g0u0100,29,63,g0u0100,P11,6,5,1,-65638.1,1.05403e+08
Cu63_g0u0100,29,63,g0u0100,Q12,7,6,0,-48220.8,1.0542e+08
Cu63_g0u0100,29,63,g0u0100,Q13,7,6,1,-48213.5,1.0542e+08
Cu63_g0u0100,29,63,g0u0100,R14,8,7,0,-36912.9,1.05431e+08
Cu63_g0u0100,29,63,g0u0100,R15,8,7,1,-36909.2,1.05431e+08
Cu63_g0u0150,29,63,g0u0150,K1,1,0,1,-2.10845e+06,1.0336e+08
Cu63_g0u0150,29,63,g0u0150,L2,2,1,0,-600473,1.04868e+08
Cu63_g0u0150,29,63,g0u0150,L3,2,1,1,-594154,1.04874e+08
Cu63_g0u0150,29,63,g0u0150,M4,3,2,0,-263951,1.05204e+08
Cu63_g0u0150,29,63,g0u0150,M5,3,2,1,-263287,1.05205e+08
Cu63_g0u0150,29,63,g0u0150,N6,4,3,0,-148004,1.0532e+08
Cu63_g0u0150,29,63,g0u0150,N7,4,3,1,-147865,1.0532e+08
Cu63_g0u0150,29,63,g0u0150,O8,5,4,0,-94600.5,1.05374e+08
Cu63_g0u0150,29,63,g0u0150,O9,5,4,1,-94558,1.05374e+08
Cu63_g0u0150,29,63,g0u0150,P10,6,5,0,-65654.5,1.05403e+08
Cu63_g0u0150,29,63,g0u0150,P11,6,5,1,-65638.1,1.05403e+08
Cu63_g0u0150,29,63,g0u0150,Q12,7,6,0,-48220.8,1.0542e+08
Cu63_g0u0150,29,63,g0u0150,Q13,7,6,1,-48213.5,1.0542e+08
Cu63_g0u0150,29,63,g0u0150,R14,8,7,0,-36912.9,1.05431e+08
Cu63_g0u0150,29,63,g0u0150,R15,8,7,1,-36909.2,1.05431e+08
Cu63_g0u0200,29,63,g0u0200,K1,1,0,1,-2.10845e+06,1.0336e+08
Cu63_g0u0200,29,63,g0u0200,L2,2,1,0,-600473,1.04868e+08
Cu63_g0u0200,29,63,g0u0200,L3,2,1,1,-594154,1.04874e+08
Cu63_g0u0200,29,63,g0u0200,M4,3,2,0,-263951,1.05204e+08
Cu63_g0u0200,29,63,g0u0200,M5,3,2,1,-263287,1.05205e+08
Cu63_g0u0200,29,63,g0u0200,N6,4,3,0,-148004,1.0532e+08
Cu63_g0u0200,29,63,g0u0200,N7,4,3,1,-147865,1.0532e+08
Cu63_g0u0200,29,63,g0u0200,O8,5,4,0,-94600.5,1.05374e+08
Cu63_g0u0200,29,63,g0u0200,O9,5,4,1,-94558,1.05374e+08
Cu63_g0u0200,29,63,g0u0200,P10,6,5,0,-65654.5,1.05403e+08
Cu63_g0u0200,29,63,g0u0200,P11,6,5,1,-65638.1,1.05403e+08
Cu63_g0u0200,29,63,g0u0200,Q12,7,6,0,-48220.8,1.0542e+08
Cu63_g0u0200,29,63,g0u0200,Q13,7,6,1,-48213.5,1.0542e+08
Cu63_g0u0200,29,63,g0u0200,R14,8,7,0,-36912.9,1.05431e+08
Cu63_g0u0200,29,63,g0u0200,R15,8,7,1,-36909.2,1.05431e+08
Cu63_g0u0250,29,63,g0u0250,K1,1,0,1,-2.10846e+06,1.0336e+08
Cu63_g0u0250,29,63,g0u0250,L2,2,1,0,-600473,1.04868e+08
Cu63_g0u0250,29,63,g0u0250,L3,2,1,1,-594154,1.04874e+08
Cu63_g0u0250,29,63,g0u0250,M4,3,2,0,-263951,1.05204e+08
Cu63_g0u0250,29,63,g0u0250,M5,3,2,1,-263287,1.05205e+08
Cu63_g0u0250,29,63,g0u0250,N6,4,3,0,-148004,1.0532e+08
Cu63_g0u0250,29,63,g0u0250,N7,4,3,1,-147865,1.0532e+08
Cu63_g0u0250,29,63,g0u0250,O8,5,4,0,-94600.6,1.05374e+08
Cu63_g0u0250,29,63,g0u0250,O9,5,4,1,-94558,1.05374e+08
Cu63_g0u0250,29,63,g0u0250,P10,6,5,0,-65654.5,1.05403e+08
Cu63_g0u0250,29,63,g0u0250,P11,6,5,1,-65638.1,1.05403e+08
Cu63_g0u0250,29,63,g0u0250,Q12,7,6,0,-48220.8,1.0542e+08
Cu63_g0u0250,29,63,g0u0250,Q13,7,6,1,-48213.5,1.0542e+08
Cu63_g0u0250,29,63,g0u0250,R14,8,7,0,-36912.9,1.05431e+08
Cu63_g0u0250,29,63,g0u0250,R15,8,7,1,-36909.2,1.05431e+08
Cu63_g0u0300,29,63,g0u0300,K1,1,0,1,-2.10846e+06,1.0336e+08
Cu63_g0u0300,29,63,g0u0300,L2,2,1,0,-600473,1.04868e+08
Cu63_g0u0300,29,63,g0u0300,L3,2,1,1,-594154,1.04874e+08
Cu63_g0u0300,29,63,g0u0300,M4,3,2,0,-263951,1.05204e+08
Cu63_g0u0300,29,63,g0u0300,M5,3,2,1,-263287,1.05205e+08
Cu63_g0u0300,29,63,g0u0300,N6,4,3,0,-148004,1.0532e+08
Cu63_g0u0300,29,63,g0u0300,N7,4,3,1,-147865,1.0532e+08
Cu63_g0u0300,29,63,g0u0300,O8,5,4,0,-94600.6,1.05374e+08
Cu63_g0u0300,29,63,g0u0300,O9,5,4,1,-94558,1.05374e+08
Cu63_g0u0300,29,63,g0u0300,P10,6,5,0,-65654.5,1.05403e+08
Cu63_g0u0300,29,63,g0u0300,P11,6,5,1,-65638.1,1.05403e+08
Cu63_g0u0300,29,63,g0u0300,Q12,7,6,0,-48220.8,1.0542e+08
Cu63_g0u0300,29,63,g0u0300,Q13,7,6,1,-48213.5,1.0542e+08
Cu63_g0u0300,29,63,g0u0300,R14,8,7,0,-36912.9,1.05431e+08
Cu63_g0u0300,29,63,g0u0300,R15,8,7,1,-36909.2,1.05431e+08
Cu63_g0u0350,29,63,g0u0350,K1,1,0,1,-2.10846e+06,1.0336e+08
Cu63_g0u0350,29,63,g0u0350,L2,2,1,0,-600473,1.04868e+08
Cu63_g0u0350,29,63,g0u0350,L3,2,1,1,-594154,1.04874e+08
Cu63_g0u0350,29,63,g0u0350,M4,3,2,0,-263951,1.05204e+08
Cu63_g0u0350,29,63,g0u0350,M5,3,2,1,-263287,1.05205e+08
Cu63_g0u0350,29,63,g0u0350,N6,4,3,0,-148004,1.0532e+08
Cu63_g0u0350,29,63,g0u0350,N7,4,3,1,-147865,1.0532e+08
Cu63_g0u0350,29,63,g0u0350,O8,5,4,0,-94600.6,1.05374e+08
Cu63_g0u0350,29,63,g0u0350,O9,5,4,1,-94558,1.05374e+08
Cu63_g0u0350,29,63,g0u0350,P10,6,5,0,-65654.5,1.05403e+08
Cu63_g0u0350,29,63,g0u0350,P11,6,5,1,-65638.1,1.05403e+08
Cu63_g0u0350,29,63,g0u0350,Q12,7,6,0,-48220.8,1.0542e+08
Cu63_g0u0350,29,63,g0u0350,Q13,7,6,1,-48213.5,1.0542e+08
Cu63_g0u0350,29,63,g0u0350,R14,8,7,0,-36912.9,1.05431e+08
Cu63_g0u0350,29,63,g0u0350,R15,8,7,1,-36909.2,1.05431e+08
Cu63_g0u0400,29,63,g0u0400,K1,1,0,1,-2.10846e+06,1.0336e+08
Cu63_g0u0400,29,63,g0u0400,L2,2,1,0,-600473,1.04868e+08
Cu63_g0u0400,29,63,g0u0400,L3,2,1,1,-594154,1.04874e+08
Cu63_g0u0400,29,63,g0u0400,M4,3,2,0,-263951,1.05204e+08
Cu63_g0u0400,29,63,g0u0400,M5,3,2,1,-263287,1.05205e+08
Cu63_g0u0400,29,63,g0u0400,N6,4,3,0,-148004,1.0532e+08
Cu63_g0u0400,29,63,g0u0400,N7,4,3,1,-147865,1.0532e+08
Cu63_g0u0400,29,63,g0u0400,O8,5,4,0,-94600.6,1.05374e+08
Cu63_g0u0400,29,63,g0u0400,O9,5,4,1,-94558,1.05374e+08
Cu63_g0u0400,29,63,g0u0400,P10,6,5,0,-65654.5,1.05403e+08
Cu63_g0u0400,29,63,g0u0400,P11,6,5,1,-65638.1,1.05403e+08
Cu63_g0u0400,29,63,g0u0400,Q12,7,6,0,-48220.8,1.0542e+08
Cu63_g0u0400,29,63,g0u0400,Q13,7,6,1,-48213.5,1.0542e+08
Cu63_g0u0400,29,63,g0u0400,R14,8,7,0,-36912.9,1.05431e+08
Cu63_g0u0400,29,63,g0u0400,R15,8,7,1,-36909.2,1.05431e+08
Cu63_g0u0450,29,63,g0u0450,K1,1,0,1,-2.10846e+06,1.0336e+08
Cu63_g0u0450,29,63,g0u0450,L2,2,1,0,-600473,1.04868e+08
Cu63_g0u0450,29,63,g0u0450,L3,2,1,1,-594154,1.04874e+08
Cu63_g0u0450,29,63,g0u0450,M4,3,2,0,-263951,1.05204e+08
Cu63_g0u0450,29,63,g0u0450,M5,3,2,1,-263287,1.05205e+08
Cu63_g0u0450,29,63,g0u0450,N6,4,3,0,-148004,1.0532e+08
Cu63_g0u0450,29,63,g0u0450,N7,4,3,1,-147865,1.0532e+08
Cu63_g0u0450,29,63,g0u0450,O8,5,4,0,-94600.6,1.05374e+08
Cu63_g0u0450,29,63,g0u0450,O9,5,4,1,-94558,1.05374e+08
Cu63_g0u0450,29,63,g0u0450,P10,6,5,0,-65654.5,1.05403e+08
Cu63_g0u0450,29,63,g0u0450,P11,6,5,1,-65638.1,1.05403e+08
Cu63_g0u0450,29,63,g0u0450,Q12,7,6,0,-48220.8,1.0542e+08
Cu63_g0u0450,29,63,g0u0450,Q13,7,6,1,-48213.5,1.0542e+08
Cu63_g0u0450,29,63,g0u0450,R14,8,7,0,-36912.9,1.05431e+08
Cu63_g0u0450,29,63,g0u0450,R15,8,7,1,-36909.2,1.05431e+08
Cu63_g0u0500,29,63,g0u0500,K1,1,0,1,-2.10846e+06,1.0336e+08
Cu63_g0u0500,29,63,g0u0500,L2,2,1,0,-600473,1.04868e+08
Cu63_g0u0500,29,63,g0u0500,L3,2,1,1,-594154,1.04874e+08
Cu63_g0u0500,29,63,g0u0500,M4,3,2,0,-263951,1.05204e+08
Cu63_g0u0500,29,63,g0u0500,M5,3,2,1,-263287,1.05205e+08
Cu63_g0u0500,29,63,g0u0500,N6,4,3,0,-148004,1.0532e+08
Cu63_g0u0500,29,63,g0u0500,N7,4,3,1,-147865,1.0532e+08
Cu63_g0u0500,29,63,g0u0500,O8,5,4,0,-94600.6,1.05374e+08
Cu63_g0u0500,29,63,g0u0500,O9,5,4,1,-94558,1.05374e+08
Cu63_g0u0500,29,63,g0u0500,P10,6,5,0,-65654.5,1.05403e+08
Cu63_g0u0500,29,63,g0u0500,P11,6,5,1,-65638.1,1.05403e+08
Cu63_g0u0500,29,63,g0u0500,Q12,7,6,0,-48220.8,1.0542e+08
Cu63_g0u0500,29,63,g0u0500,Q13,7,6,1,-48213.5,1.0542e+08
Cu63_g0u0500,29,63,g0u0500,R14,8,7,0,-36912.9,1.05431e+08
Cu63_g0u0500,29,63,g0u0500,R15,8,7,1,-36909.2,1.05431e+08
Cu63_g0u0550,29,63,g0u0550,K1,1,0,1,-2.10846e+06,1.0336e+08
Cu63_g0u0550,29,63,g0u0550,L2,2,1,0,-600473,1.04868e+08
Cu63_g0u0550,29,63,g0u0550,L3,2,1,1,-594154,1.04874e+08
Cu63_g0u0550,29,63,g0u0550,M4,3,2,0,-263951,1.05204e+08
Cu63_g0u0550,29,63,g0u0550,M5,3,2,1,-263287,1.05205e+08
Cu63_g0u0550,29,63,g0u0550,N6,4,3,0,-148004,1.0532e+08
Cu63_g0u0550,29,63,g0u0550,N7,4,3,1,-147865,1.0532e+08
Cu63_g0u0550,29,63,g0u0550,O8,5,4,0,-94600.6,1.05374e+08
Cu63_g0u0550,29,63,g0u0550,O9,5,4,1,-94558,1.05374e+08
Cu63_g0u0550,29,63,g0u0550,P10,6,5,0,-65654.5,1.05403e+08
Cu63_g0u0550,29,63,g0u0550,P11,6,5,1,-65638.1,1.05403e+08
Cu63_g0u0550,29,63,g0u0550,Q12,7,6,0,-48220.8,1.0542e+08
Cu63_g0u0550,29,63,g0u0550,Q13,7,6,1,-48213.5,1.0542e+08
Cu63_g0u0550,29,63,g0u0550,R14,8,7,0,-36912.9,1.05431e+08
Cu63_g0u0550,29,63,g0u0550,R15,8,7,1,-36909.2,1.05431e+08
Cu63_g0u0600,29,63,g0u0600,K1,1,0,1,-2.10846e+06,1.0336e+08
Cu63_g0u0600,29,63,g0u0600,L2,2,1,0,-600473,1.04868e+08
Cu63_g0u0600,29,63,g0u0600,L3,2,1,1,-594154,1.04874e+08
Cu63_g0u0600,29,63,g0u0600,M4,3,2,0,-263951,1.05204e+08
Cu63_g0u0600,29,63,g0u0600,M5,3,2,1,-263287,1.05205e+08
Cu63_g0u0600,29,63,g0u0600,N6,4,3,0,-148004,1.0532e+08
Cu63_g0u0600,29,63,g0u0600,N7,4,3,1,-147865,1.0532e+08
Cu63_g0u0600,29,63,g0u0600,O8,5,4,0,-94600.6,1.05374e+08
Cu63_g0u0600,29,63,g0u0600,O9,5,4,1,-94558,1.05374e+08
Cu63_g0u0600,29,63,g0u0600,P10,6,5,0,-65654.5,1.05403e+08
Cu63_g0u0600,29,63,g0u0600,P11,6,5,1,-65638.1,1.05403e+08
Cu63_g0u0600,29,63,g0u0600,Q12,7,6,0,-48220.8,1.0542e+08
Cu63_g0u0600,29,63,g0u0600,Q13,7,6,1,-48213.5,1.0542e+08
Cu63_g0u0600,29,63,g0u0600,R14,8,7,0,-36912.9,1.05431e+08
Cu63_g0u0600,29,63,g0u0600,R15,8,7,1,-36909.2,1.05431e+08
Cu63_g0u0700,29,63,g0u0700,K1,1,0,1,-2.10846e+06,1.0336e+08
Cu63_g0u0700,29,63,g0u0700,L2,2,1,0,-600473,1.04868e+08
Cu63_g0u0700,29,63,g0u0700,L3,2,1,1,-594154,1.04874e+08
Cu63_g0u0700,29,63,g0u0700,M4,3,2,0,-263951,1.05204e+08
Cu63_g0u0700,29,63,g0u0700,M5,3,2,1,-263287,1.05205e+08
Cu63_g0u0700,29,63,g0u0700,N6,4,3,0,-148004,1.0532e+08
Cu63_g0u0700,29,63,g0u0700,N7,4,3,1,-147865,1.0532e+08
Cu63_g0u0700,29,63,g0u0700,O8,5,4,0,-94600.6,1.05374e+08
Cu63_g0u0700,29,63,g0u0700,O9,5,4,1,-94558,1.05374e+08
Cu63_g0u0700,29,63,g0u0700,P10,6,5,0,-65654.5,1.05403e+08
Cu63_g0u0700,29,63,g0u0700,P11,6,5,1,-65638.1,1.05403e+08
Cu63_g0u0700,29,63,g0u0700,Q12,7,6,0,-48220.8,1.0542e+08
Cu63_g0u0700,29,63,g0u0700,Q13,7,6,1,-48213.5,1.0542e+08
Cu63_g0u0700,29,63,g0u0700,R14,8,7,0,-36912.9,1.05431e+08
Cu63_g0u0700,29,63,g0u0700,R15,8,7,1,-36909.2,1.05431e+08
Cu63_g0u0800,29,63,g0u0800,K1,1,0,1,-2.10846e+06,1.0336e+08
Cu63_g0u0800,29,63,g0u0800,L2,2,1,0,-600473,1.04868e+08
Cu63_g0u0800,29,63,g0u0800,L3,2,1,1,-594154,1.04874e+08
Cu63_g0u0800,29,63,g0u0800,M4,3,2,0,-263951,1.05204e+08
Cu63_g0u0800,29,63,g0u0800,M5,3,2,1,-263287,1.05205e+08
Cu63_g0u0800,29,63,g0u0800,N6,4,3,0,-148004,1.0532e+08
Cu63_g0u0800,29,63,g0u0800,N7,4,3,1,-147865,1.0532e+08
Cu63_g0u0800,29,63,g0u0800,O8,5,4,0,-94600.6,1.05374e+08
Cu63_g0u0800,29,63,g0u0800,O9,5,4,1,-94558,1.05374e+08
Cu63_g0u0800,29,63,g0u0800,P10,6,5,0,-65654.5,1.05403e+08
Cu63_g0u0800,29,63,g0u0800,P11,6,5,1,-65638.1,1.05403e+08
Cu63_g0u0800,29,63,g0u0800,Q12,7,6,0,-48220.8,1.0542e+08
Cu63_g0u0800,29,63,g0u0800,Q13,7,6,1,-48213.5,1.0542e+08
Cu63_g0u0800,29,63,g0u0800,R14,8,7,0,-36912.9,1.05431e+08
Cu63_g0u0800,29,63,g0u0800,R15,8,7,1,-36909.2,1.05431e+08
Cu63_g0u0900,29,63,g0u0900,K1,1,0,1,-2.10846e+06,1.0336e+08
Cu63_g0u0900,29,63,g0u0900,L2,2,1,0,-600473,1.04868e+08
Cu63_g0u0900,29,63,g0u0900,L3,2,1,1,-594154,1.04874e+08
Cu63_g0u0900,29,63,g0u0900,M4,3,2,0,-263951,1.05204e+08
Cu63_g0u0900,29,63,g0u0900,M5,3,2,1,-263287,1.05205e+08
Cu63_g0u0900,29,63,g0u0900,N6,4,3,0,-148004,1.0532e+08
Cu63_g0u0900,29,63,g0u0900,N7,4,3,1,-147865,1.0532e+08
Cu63_g0u0900,29,63,g0u0900,O8,5,4,0,-94600.6,1.05374e+08
Cu63_g0u0900,29,63,g0u0900,O9,5,4,1,-94558,1.05374e+08
Cu63_g0u0900,29,63,g0u0900,P10,6,5,0,-65654.5,1.05403e+08
Cu63_g0u0900,29,63,g0u0900,P11,6,5,1,-65638.1,1.05403e+08
Cu63_g0u0900,29,63,g0u0900,Q12,7,6,0,-48220.8,1.0542e+08
Cu63_g0u0900,29,63,g0u0900,Q13,7,6,1,-48213.5,1.0542e+08
Cu63_g0u0900,29,63,g0u0900,R14,8,7,0,-36912.9,1.05431e+08
Cu63_g0u0900,29,63,g0u0900,R15,8,7,1,-36909.2,1.05431e+08
Cu63_g0u1000,29,63,g0u1000,K1,1,0,1,-2.10846e+06,1.0336e+08
Cu63_g0u1000,29,63,g0u1000,L2,2,1,0,-600473,1.04868e+08
Cu63_g0u1000,29,63,g0u1000,L3,2,1,1,-594154,1.04874e+08
Cu63_g0u1000,29,63,g0u1000,M4,3,2,0,-263951,1.05204e+08
Cu63_g0u1000,29,63,g0u1000,M5,3,2,1,-263287,1.05205e+08
Cu63_g0u1000,29,63,g0u1000,N6,4,3,0,-148004,1.0532e+08
Cu63_g0u1000,29,63,g0u1000,N7,4,3,1,-147865,1.0532e+08
Cu63_g0u1000,29,63,g0u1000,O8,5,4,0,-94600.6,1.05374e+08
Cu63_g0u1000,29,63,g0u1000,O9,5,4,1,-94558,1.05374e+08
Cu63_g0u1000,29,63,g0u1000,P10,6,5,0,-65654.5,1.05403e+08
Cu63_g0u1000,29,63,g0u1000,P11,6,5,1,-65638.1,1.05403e+08
Cu63_g0u1000,29,63,g0u1000,Q12,7,6,0,-48220.8,1.0542e+08
Cu63_g0u1000,29,63,g0u1000,Q13,7,6,1,-48213.5,1.0542e+08
Cu63_g0u1000,29,63,g0u1000,R14,8,7,0,-36912.9,1.05431e+08
Cu63_g0u1000,29,63,g0u1000,R15,8,7,1,-36909.2,1.05431e+08
Cu63_g0u1100,29,63,g0u1100,K1,1,0,1,-2.10846e+06,1.0336e+08
Cu63_g0u1100,29,63,g0u1100,L2,2,1,0,-600473,1.04868e+08
Cu63_g0u1100,29,63,g0u1100,L3,2,1,1,-594154,1.04874e+08
Cu63_g0u1100,29,63,g0u1100,M4,3,2,0,-263951,1.05204e+08
Cu63_g0u1100,29,63,g0u1100,M5,3,2,1,-263287,1.05205e+08
Cu63_g0u1100,29,63,g0u1100,N6,4,3,0,-148004,1.0532e+08
Cu63_g0u1100,29,63,g0u1100,N7,4,3,1,-147865,1.0532e+08
Cu63_g0u1100,29,63,g0u1100,O8,5,4,0,-94600.6,1.05374e+08
Cu63_g0u1100,29,63,g0u1100,O9,5,4,1,-94558,1.05374e+08
Cu63_g0u1100,29,63,g0u1100,P10,6,5,0,-65654.5,1.05403e+08
Cu63_g0u1100,29,63,g0u1100,P11,6,5,1,-65638.1,1.05403e+08
Cu63_g0u1100,29,63,g0u1100,Q12,7,6,0,-48220.8,1.0542e+08
Cu63_g0u1100,29,63,g0u1100,Q13,7,6,1,-48213.5,1.0542e+08
Cu63_g0u1100,29,63,g0u1100,R14,8,7,0,-36912.9,1.05431e+08
Cu63_g0u1100,29,63,g0u1100,R15,8,7,1,-36909.2,1.05431e+08
Cu63_g0u1200,29,63,g0u1200,K1,1,0,1,-2.10846e+06,1.0336e+08
Cu63_g0u1200,29,63,g0u1200,L2,2,1,0,-600473,1.04868e+08
Cu63_g0u1200,29,63,g0u1200,L3,2,1,1,-594154,1.04874e+08
Cu63_g0u1200,29,63,g0u1200,M4,3,2,0,-263951,1.05204e+08
Cu63_g0u1200,29,63,g0u1200,M5,3,2,1,-263287,1.05205e+08
Cu63_g0u1200,29,63,g0u1200,N6,4,3,0,-148004,1.0532e+08
Cu63_g0u1200,29,63,g0u1200,N7,4,3,1,-147865,1.0532e+08
Cu63_g0u1200,29,63,g0u1200,O8,5,4,0,-94600.6,1.05374e+08
Cu63_g0u1200,29,63,g0u1200,O9,5,4,1,-94558,1.05374e+08
Cu63_g0u1200,29,63,g0u1200,P10,6,5,0,-65654.5,1.05403e+08
Cu63_g0u1200,29,63,g0u1200,P11,6,5,1,-65638.1,1.05403e+08
Cu63_g0u1200,29,63,g0u1200,Q12,7,6,0,-48220.8,1.0542e+08
Cu63_g0u1200,29,63,g0u1200,Q13,7,6,1,-48213.5,1.0542e+08
Cu63_g0u1200,29,63,g0u1200,R14,8,7,0,-36912.9,1.05431e+08
Cu63_g0u1200,29,63,g0u1200,R15,8,7,1,-36909.2,1.05431e+08
Cu63_g0u1300,29,63,g0u1300,K1,1,0,1,-2.10846e+06,1.0336e+08
Cu63_g0u1300,29,63,g0u1300,L2,2,1,0,-600473,1.04868e+08
Cu63_g0u1300,29,63,g0u1300,L3,2,1,1,-594154,1.04874e+08
Cu63_g0u1300,29,63,g0u1300,M4,3,2,0,-263951,1.05204e+08
Cu63_g0u1300,29,63,g0u1300,M5,3,2,1,-263287,1.05205e+08
Cu63_g0u1300,29,63,g0u1300,N6,4,3,0,-148004,1.0532e+08
Cu63_g0u1300,29,63,g0u1300,N7,4,3,1,-147865,1.0532e+08
Cu63_g0u1300,29,63,g0u1300,O8,5,4,0,-94600.6,1.05374e+08
Cu63_g0u1300,29,63,g0u1300,O9,5,4,1,-94558,1.05374e+08
Cu63_g0u1300,29,63,g0u1300,P10,6,5,0,-65654.5,1.05403e+08
Cu63_g0u1300,29,63,g0u1300,P11,6,5,1,-65638.1,1.05403e+08
Cu63_g0u1300,29,63,g0u1300,Q12,7,6,0,-48220.8,1.0542e+08
Cu63_g0u1300,29,63,g0u1300,Q13,7,6,1,-48213.5,1.0542e+08
Cu63_g0u1300,29,63,g0u1300,R14,8,7,0,-36912.9,1.05431e+08
Cu63_g0u1300,29,63,g0u1300,R15,8,7,1,-36909.2,1.05431e+08
Cu63_g0u1400,29,63,g0u1400,K1,1,0,1,-2.10846e+06,1.0336e+08
Cu63_g0u1400,29,63,g0u1400,L2,2,1,0,-600473,1.04868e+08
Cu63_g0u1400,29,63,g0u1400,L3,2,1,1,-594154,1.04874e+08
Cu63_g0u1400,29,63,g0u1400,M4,3,2,0,-263951,1.05204e+08
Cu63_g0u1400,29,63,g0u1400,M5,3,2,1,-263287,1.05205e+08
Cu63_g0u1400,29,63,g0u1400,N6,4,3,0,-148004,1.0532e+08
Cu63_g0u1400,29,63,g0u1400,N7,4,3,1,-147865,1.0532e+08
Cu63_g0u1400,29,63,g0u1400,O8,5,4,0,-94600.6,1.05374e+08
Cu63_g0u1400,29,63,g0u1400,O9,5,4,1,-94558,1.05374e+08
Cu63_g0u1400,29,63,g0u1400,P10,6,5,0,-65654.5,1.05403e+08
Cu63_g0u1400,29,63,g0u1400,P11,6,5,1,-65638.1,1.05403e+08
Cu63_g0u1400,29,63,g0u1400,Q12,7,6,0,-48220.8,1.0542e+08
Cu63_g0u1400,29,63,g0u1400,Q13,7,6,1,-48213.5,1.0542e+08
Cu63_g0u1400,29,63,g0u1400,R14,8,7,0,-36912.9,1.05431e+08
Cu63_g0u1400,29,63,g0u1400,R15,8,7,1,-36909.2,1.05431e+08
Cu63_g0u1500,29,63,g0u1500,K1,1,0,1,-2.10846e+06,1.0336e+08
Cu63_g0u1500,29,63,g0u1500,L2,2,1,0,-600473,1.04868e+08
Cu63_g0u1500,29,63,g0u1500,L3,2,1,1,-594154,1.04874e+08
Cu63_g0u1500,29,63,g0u1500,M4,3,2,0,-263951,1.05204e+08
Cu63_g0u1500,29,63,g0u1500,M5,3,2,1,-263287,1.05205e+08
Cu63_g0u1500,29,63,g0u1500,N6,4,3,0,-148004,1.0532e+08
Cu63_g0u1500,29,63,g0u1500,N7,4,3,1,-147865,1.0532e+08
Cu63_g0u1500,29,63,g0u1500,O8,5,4,0,-94600.6,1.05374e+08
Cu63_g0u1500,29,63,g0u1500,O9,5,4,1,-94558,1.05374e+08
Cu63_g0u1500,29,63,g0u1500,P10,6,5,0,-65654.5,1.05403e+08
Cu63_g0u1500,29,63,g0u1500,P11,6,5,1,-65638.1,1.05403e+08
Cu63_g0u1500,29,63,g0u1500,Q12,7,6,0,-48220.8,1.0542e+08
Cu63_g0u1500,29,63,g0u1500,Q13,7,6,1,-48213.5,1.0542e+08
Cu63_g0u1500,29,63,g0u1500,R14,8,7,0,-36912.9,1.05431e+08
Cu63_g0u1500,29,63,g0u1500,R15,8,7,1,-36909.2,1.05431e+08
Cu63_g0u1600,29,63,g0u1600,K1,1,0,1,-2.10846e+06,1.0336e+08
Cu63_g0u1600,29,63,g0u1600,L2,2,1,0,-600473,1.04868e+08
Cu63_g0u1600,29,63,g0u1600,L3,2,1,1,-594154,1.04874e+08
Cu63_g0u1600,29,63,g0u1600,M4,3,2,0,-263951,1.05204e+08
Cu63_g0u1600,29,63,g0u1600,M5,3,2,1,-263287,1.05205e+08
Cu63_g0u1600,29,63,g0u1600,N6,4,3,0,-148004,1.0532e+08
Cu63_g0u1600,29,63,g0u1600,N7,4,3,1,-147865,1.0532e+08
Cu63_g0u1600,29,63,g0u1600,O8,5,4,0,-94600.6,1.05374e+08
Cu63_g0u1600,29,63,g0u1600,O9,5,4,1,-94558,1.05374e+08
Cu63_g0u1600,29,63,g0u1600,P10,6,5,0,-65654.5,1.05403e+08
Cu63_g0u1600,29,63,g0u1600,P11,6,5,1,-65638.1,1.05403e+08
Cu63_g0u1600,29,63,g0u1600,Q12,7,6,0,-48220.8,1.0542e+08
Cu63_g0u1600,29,63,g0u1600,Q13,7,6,1,-48213.5,1.0542e+08
Cu63_g0u1600,29,63,g0u1600,R14,8,7,0,-36912.9,1.05431e+08
Cu63_g0u1600,29,63,g0u1600,R15,8,7,1,-36909.2,1.05431e+08
Cu63_g0u1700,29,63,g0u1700,K1,1,0,1,-2.10846e+06,1.0336e+08
Cu63_g0u1700,29,63,g0u1700,L2,2,1,0,-600473,1.04868e+08
Cu63_g0u1700,29,63,g0u1700,L3,2,1,1,-594154,1.04874e+08
Cu63_g0u1700,29,63,g0u1700,M4,3,2,0,-263951,1.05204e+08
Cu63_g0u1700,29,63,g0u1700,M5,3,2,1,-263287,1.05205e+08
Cu63_g0u1700,29,63,g0u1700,N6,4,3,0,-148004,1.0532e+08
Cu63_g0u1700,29,63,g0u1700,N7,4,3,1,-147865,1.0532e+08
Cu63_g0u1700,29,63,g0u1700,O8,5,4,0,-94600.6,1.05374e+08
Cu63_g0u1700,29,63,g0u1700,O9,5,4,1,-94558,1.05374e+08
Cu63_g0u1700,29,63,g0u1700,P10,6,5,0,-65654.5,1.05403e+08
Cu63_g0u1700,29,63,g0u1700,P11,6,5,1,-65638.1,1.05403e+08
Cu63_g0u1700,29,63,g0u1700,Q12,7,6,0,-48220.8,1.0542e+08
Cu63_g0u1700,29,63,g0u1700,Q13,7,6,1,-48213.5,1.0542e+08
Cu63_g0u1700,29,63,g0u1700,R14,8,7,0,-36912.9,1.05431e+08
Cu63_g0u1700,29,63,g0u1700,R15,8,7,1,-36909.2,1.05431e+08
Cu63_g0u1800,29,63,g0u1800,K1,1,0,1,-2.10846e+06,1.0336e+08
Cu63_g0u1800,29,63,g0u1800,L2,2,1,0,-600473,1.04868e+08
Cu63_g0u1800,29,63,g0u1800,L3,2,1,1,-594154,1.04874e+08
Cu63_g0u1800,29,63,g0u1800,M4,3,2,0,-263951,1.05204e+08
Cu63_g0u1800,29,63,g0u1800,M5,3,2,1,-263287,1.05205e+08
Cu63_g0u1800,29,63,g0u1800,N6,4,3,0,-148004,1.0532e+08
Cu63_g0u1800,29,63,g0u1800,N7,4,3,1,-147865,1.0532e+08
Cu63_g0u1800,29,63,g0u1800,O8,5,4,0,-94600.6,1.05374e+08
Cu63_g0u1800,29,63,g0u1800,O9,5,4,1,-94558,1.05374e+08
Cu63_g0u1800,29,63,g0u1800,P10,6,5,0,-65654.5,1.05403e+08
Cu63_g0u1800,29,63,g0u1800,P11,6,5,1,-65638.1,1.05403e+08
Cu63_g0u1800,29,63,g0u1800,Q12,7,6,0,-48220.8,1.0542e+08
Cu63_g0u1800,29,63,g0u1800,Q13,7,6,1,-48213.5,1.0542e+08
Cu63_g0u1800,29,63,g0u1800,R14,8,7,0,-36912.9,1.05431e+08
Cu63_g0u1800,29,63,g0u1800,R15,8,7,1,-36909.2,1.05431e+08
Cu63_g0u1900,29,63,g0u1900,K1,1,0,1,-2.10848e+06,1.0336e+08
Cu63_g0u1900,29,63,g0u1900,L2,2,1,0,-600474,1.04868e+08
Cu63_g0u1900,29,63,g0u1900,L3,2,1,1,-594154,1.04874e+08
Cu63_g0u1900,29,63,g0u1900,M4,3,2,0,-263951,1.05204e+08
Cu63_g0u1900,29,63,g0u1900,M5,3,2,1,-263287,1.05205e+08
Cu63_g0u1900,29,63,g0u1900,N6,4,3,0,-148004,1.0532e+08
Cu63_g0u1900,29,63,g0u1900,N7,4,3,1,-147865,1.0532e+08
Cu63_g0u1900,29,63,g0u1900,O8,5,4,0,-94600.6,1.05374e+08
Cu63_g0u1900,29,63,g0u1900,O9,5,4,1,-94558,1.05374e+08
Cu63_g0u1900,29,63,g0u1900,P10,6,5,0,-65654.5,1.05403e+08
Cu63_g0u1900,29,63,g0u1900,P11,6,5,1,-65638.1,1.05403e+08
Cu63_g0u1900,29,63,g0u1900,Q12,7,6,0,-48220.8,1.0542e+08
Cu63_g0u1900,29,63,g0u1900,Q13,7,6,1,-48213.5,1.0542e+08
Cu63_g0u1900,29,63,g0u1900,R14,8,7,0,-36912.9,1.05431e+08
Cu63_g0u1900,29,63,g0u1900,R15,8,7,1,-36909.2,1.05431e+08
Cu63_g0u2000,29,63,g0u2000,K1,1,0,1,-2.10806e+06,1.0336e+08
Cu63_g0u2000,29,63,g0u2000,L2,2,1,0,-600469,1.04868e+08
Cu63_g0u2000,29,63,g0u2000,L3,2,1,1,-594151,1.04874e+08
Cu63_g0u2000,29,63,g0u2000,M4,3,2,0,-263951,1.05204e+08
Cu63_g0u2000,29,63,g0u2000,M5,3,2,1,-263287,1.05205e+08
Cu63_g0u2000,29,63,g0u2000,N6,4,3,0,-148004,1.0532e+08
Cu63_g0u2000,29,63,g0u2000,N7,4,3,1,-147865,1.0532e+08
Cu63_g0u2000,29,63,g0u2000,O8,5,4,0,-94600.6,1.05374e+08
Cu63_g0u2000,29,63,g0u2000,O9,5,4,1,-94558,1.05374e+08
Cu63_g0u2000,29,63,g0u2000,P10,6,5,0,-65654.5,1.05403e+08
Cu63_g0u2000,29,63,g0u2000,P11,6,5,1,-65638.1,1.05403e+08
Cu63_g0u2000,29,63,g0u2000,Q12,7,6,0,-48220.8,1.0542e+08
Cu63_g0u2000,29,63,g0u2000,Q13,7,6,1,-48213.5,1.0542e+08
Cu63_g0u2000,29,63,g0u2000,R14,8,7,0,-36912.9,1.05431e+08
Cu63_g0u2000,29,63,g0u2000,R15,8,7,1,-36909.2,1.05431e+08
Cu63_g0u2100,29,63,g0u2100,K1,1,0,1,-2.11659e+06,1.03352e+08
Cu63_g0u2100,29,63,g0u2100,L2,2,1,0,-600564,1.04868e+08
Cu63_g0u2100,29,63,g0u2100,L3,2,1,1,-594219,1.04874e+08
Cu63_g0u2100,29,63,g0u2100,M4,3,2,0,-263951,1.05204e+08
Cu63_g0u2100,29,63,g0u2100,M5,3,2,1,-263287,1.05205e+08
Cu63_g0u2100,29,63,g0u2100,N6,4,3,0,-148004,1.0532e+08
Cu63_g0u2100,29,63,g0u2100,N7,4,3,1,-147865,1.0532e+08
Cu63_g0u2100,29,63,g0u2100,O8,5,4,0,-94600.6,1.05374e+08
Cu63_g0u2100,29,63,g0u2100,O9,5,4,1,-94558,1.05374e+08
Cu63_g0u2100,29,63,g0u2100,P10,6,5,0,-65654.5,1.05403e+08
Cu63_g0u2100,29,63,g0u2100,P11,6,5,1,-65638.1,1.05403e+08
Cu63_g0u2100,29,63,g0u2100,Q12,7,6,0,-48220.8,1.0542e+08
Cu63_g0u2100,29,63,g0u2100,Q13,7,6,1,-48213.5,1.0542e+08
Cu63_g0u2100,29,63,g0u2100,R14,8,7,0,-36912.9,1.05431e+08
Cu63_g0u2100,29,63,g0u2100,R15,8,7,1,-36909.2,1.05431e+08
Cu63_g2u1000,29,63,g2u1000,K1,1,0,1,-2.10846e+06,1.0336e+08
Cu63_g2u1000,29,63,g2u1000,L2,2,1,0,-600473,1.04868e+08
Cu63_g2u1000,29,63,g2u1000,L3,2,1,1,-594154,1.04874e+08
Cu63_g2u1000,29,63,g2u1000,M4,3,2,0,-263951,1.05204e+08
Cu63_g2u1000,29,63,g2u1000,M5,3,2,1,-263287,1.05205e+08
Cu63_g2u1000,29,63,g2u1000,N6,4,3,0,-148004,1.0532e+08
Cu63_g2u1000,29,63,g2u1000,N7,4,3,1,-147865,1.0532e+08
Cu63_g2u1000,29,63,g2u1000,O8,5,4,0,-94600.6,1.05374e+08
Cu63_g2u1000,29,63,g2u1000,O9,5,4,1,-94558,1.05374e+08
Cu63_g2u1000,29,63,g2u1000,P10,6,5,0,-65654.5,1.05403e+08
Cu63_g2u1000,29,63,g2u1000,P11,6,5,1,-65638.1,1.05403e+08
Cu63_g2u1000,29,63,g2u1000,Q12,7,6,0,-48220.8,1.0542e+08
Cu63_g2u1000,29,63,g2u1000,Q13,7,6,1,-48213.5,1.0542e+08
Cu63_g2u1000,29,63,g2u1000,R14,8,7,0,-36912.9,1.05431e+08
Cu63_g2u1000,29,63,g2u1000,R15,8,7,1,-36909.2,1.05431e+08
Ge74_g0u0050,32,74,g0u0050,K1,1,0,1,-2.49802e+06,1.02998e+08
Ge74_g0u0050,32,74,g0u0050,L2,2,1,0,-733133,1.04763e+08
Ge74_g0u0050,32,74,g0u0050,L3,2,1,1,-723966,1.04773e+08
Ge74_g0u0050,32,74,g0u0050,M4,3,2,0,-321801,1.05175e+08
Ge74_g0u0050,32,74,g0u0050,M5,3,2,1,-320815,1.05176e+08
Ge74_g0u0050,32,74,g0u0050,N6,4,3,0,-180348,1.05316e+08
Ge74_g0u0050,32,74,g0u0050,N7,4,3,1,-180141,1.05316e+08
Ge74_g0u0050,32,74,g0u0050,O8,5,4,0,-115250,1.05381e+08
Ge74_g0u0050,32,74,g0u0050,O9,5,4,1,-115187,1.05381e+08
Ge74_g0u0050,32,74,g0u0050,P10,6,5,0,-79976.5,1.05417e+08
Ge74_g0u0050,32,74,g0u0050,P11,6,5,1,-79952.2,1.05417e+08
Ge74_g0u0050,32,74,g0u0050,Q12,7,6,0,-58736.1,1.05438e+08
Ge74_g0u0050,32,74,g0u0050,Q13,7,6,1,-58725.2,1.05438e+08
Ge74_g0u0050,32,74,g0u0050,R14,8,7,0,-44960.6,1.05452e+08
Ge74_g0u0050,32,74,g0u0050,R15,8,7,1,-44955.1,1.05452e+08
Ge74_g0u0100,32,74,g0u0100,K1,1,0,1,-2.49818e+06,1.02998e+08
Ge74_g0u0100,32,74,g0u0100,L2,2,1,0,-733135,1.04763e+08
Ge74_g0u0100,32,74,g0u0100,L3,2,1,1,-723969,1.04773e+08
Ge74_g0u0100,32,74,g0u0100,M4,3,2,0,-321802,1.05175e+08
Ge74_g0u0100,32,74,g0u0100,M5,3,2,1,-320815,1.05176e+08
Ge74_g0u0100,32,74,g0u0100,N6,4,3,0,-180348,1.05316e+08
Ge74_g0u0100,32,74,g0u0100,N7,4,3,1,-180141,1.05316e+08
Ge74_g0u0100,32,74,g0u0100,O8,5,4,0,-115250,1.05381e+08
Ge74_g0u0100,32,74,g0u0100,O9,5,4,1,-115187,1.05381e+08
Ge74_g0u0100,32,74,g0u0100,P10,6,5,0,-79976.5,1.05417e+08
Ge74_g0u0100,32,74,g0u0100,P11,6,5,1,-79952.2,1.05417e+08
Ge74_g0u0100,32,74,g0u0100,Q12,7,6,0,-58736.1,1.05438e+08
Ge74_g0u0100,32,74,g0u0100,Q13,7,6,1,-58725.2,1.05438e+08
Ge74_g0u0100,32,74,g0u0100,R14,8,7,0,-44960.6,1.05452e+08
Ge74_g0u0100,32,74,g0u0100,R15,8,7,1,-44955.1,1.05452e+08
Ge74_g0u0150,32,74,g0u0150,K1,1,0,1,-2.49821e+06,1.02998e+08
Ge74_g0u0150,32,74,g0u0150,L2,2,1,0,-733136,1.04763e+08
Ge74_g0u0150,32,74,g0u0150,L3,2,1,1,-723969,1.04773e+08
Ge74_g0u0150,32,74,g0u0150,M4,3,2,0,-321802,1.05175e+08
Ge74_g0u0150,32,74,g0u0150,M5,3,2,1,-320816,1.05176e+08
Ge74_g0u0150,32,74,g0u0150,N6,4,3,0,-180348,1.05316e+08
Ge74_g0u0150,32,74,g0u0150,N7,4,3,1,-180141,1.05316e+08
Ge74_g0u0150,32,74,g0u0150,O8,5,4,0,-115250,1.05381e+08
Ge74_g0u0150,32,74,g0u0150,O9,5,4,1,-115187,1.05381e+08
Ge74_g0u0150,32,74,g0u0150,P10,6,5,0,-79976.6,1.05417e+08
Ge74_g0u0150,32,74,g0u0150,P11,6,5,1,-79952.3,1.05417e+08
Ge74_g0u0150,32,74,g0u0150,Q12,7,6,0,-58736.1,1.05438e+08
Ge74_g0u0150,32,74,g0u0150,Q13,7,6,1,-58725.2,1.05438e+08
Ge74_g0u0150,32,74,g0u0150,R14,8,7,0,-44960.6,1.05452e+08
Ge74_g0u0150,32,74,g0u0150,R15,8,7,1,-44955.1,1.05452e+08
Ge74_g0u0200,32,74,g0u0200,K1,1,0,1,-2.49821e+06,1.02998e+08
Ge74_g0u0200,32,74,g0u0200,L2,2,1,0,-733136,1.04763e+08
Ge74_g0u0200,32,74,g0u0200,L3,2,1,1,-723969,1.04773e+08
Ge74_g0u0200,32,74,g0u0200,M4,3,2,0,-321802,1.05175e+08
Ge74_g0u0200,32,74,g0u0200,M5,3,2,1,-320816,1.05176e+08
Ge74_g0u0200,32,74,g0u0200,N6,4,3,0,-180348,1.05316e+08
Ge74_g0u0200,32,74,g0u0200,N7,4,3,1,-180142,1.05316e+08
Ge74_g0u0200,32,74,g0u0200,O8,5,4,0,-115250,1.05381e+08
Ge74_g0u0200,32,74,g0u0200,O9,5,4,1,-115187,1.05381e+08
Ge74_g0u0200,32,74,g0u0200,P10,6,5,0,-79976.6,1.05417e+08
Ge74_g0u0200,32,74,g0u0200,P11,6,5,1,-79952.3,1.05417e+08
Ge74_g0u0200,32,74,g0u0200,Q12,7,6,0,-58736.1,1.05438e+08
Ge74_g0u0200,32,74,g0u0200,Q13,7,6,1,-58725.2,1.05438e+08
Ge74_g0u0200,32,74,g0u0200,R14,8,7,0,-44960.6,1.05452e+08
Ge74_g0u0200,32,74,g0u0200,R15,8,7,1,-44955.1,1.05452e+08
Ge74_g0u0250,32,74,g0u0250,K1,1,0,1,-2.49822e+06,1.02998e+08
Ge74_g0u0250,32,74,g0u0250,L2,2,1,0,-733136,1.04763e+08
Ge74_g0u0250,32,74,g0u0250,L3,2,1,1,-723969,1.04773e+08
Ge74_g0u0250,32,74,g0u0250,M4,3,2,0,-321802,1.05175e+08
Ge74_g0u0250,32,74,g0u0250,M5,3,2,1,-320816,1.05176e+08
Ge74_g0u0250,32,74,g0u0250,N6,4,3,0,-180348,1.05316e+08
Ge74_g0u0250,32,74,g0u0250,N7,4,3,1,-180142,1.05316e+08
Ge74_g0u0250,32,74,g0u0250,O8,5,4,0,-115250,1.05381e+08
Ge74_g0u0250,32,74,g0u0250,O9,5,4,1,-115187,1.05381e+08
Ge74_g0u0250,32,74,g0u0250,P10,6,5,0,-79976.6,1.05417e+08
Ge74_g0u0250,32,74,g0u0250,P11,6,5,1,-79952.3,1.05417e+08
Ge74_g0u0250,32,74,g0u0250,Q12,7,6,0,-58736.1,1.05438e+08
Ge74_g0u0250,32,74,g0u0250,Q13,7,6,1,-58725.2,1.05438e+08
Ge74_g0u0250,32,74,g0u0250,R14,8,7,0,-44960.6,1.05452e+08
Ge74_g0u0250,32,74,g0u0250,R15,8,7,1,-44955.1,1.05452e+08
Ge74_g0u0300,32,74,g0u0300,K1,1,0,1,-2.49822e+06,1.02998e+08
Ge74_g0u0300,32,74,g0u0300,L2,2,1,0,-733136,1.04763e+08
Ge74_g0u0300,32,74,g0u0300,L3,2,1,1,-723969,1.04773e+08
Ge74_g0u0300,32,74,g0u0300,M4,3,2,0,-321802,1.05175e+08
Ge74_g0u0300,32,74,g0u0300,M5,3,2,1,-320816,1.05176e+08
Ge74_g0u0300,32,74,g0u0300,N6,4,3,0,-180348,1.05316e+08
Ge74_g0u0300,32,74,g0u0300,N7,4,3,1,-180142,1.05316e+08
Ge74_g0u0300,32,74,g0u0300,O8,5,4,0,-115250,1.05381e+08
Ge74_g0u0300,32,74,g0u0300,O9,5,4,1,-115187,1.05381e+08
Ge74_g0u0300,32,74,g0u0300,P10,6,5,0,-79976.6,1.05417e+08
Ge74_g0u0300,32,74,g0u0300,P11,6,5,1,-79952.3,1.05417e+08
Ge74_g0u0300,32,74,g0u0300,Q12,7,6,0,-58736.1,1.05438e+08
Ge74_g0u0300,32,74,g0u0300,Q13,7,6,1,-58725.2,1.05438e+08
Ge74_g0u0300,32,74,g0u0300,R14,8,7,0,-44960.6,1.05452e+08
Ge74_g0u0300,32,74,g0u0300,R15,8,7,1,-44955.1,1.05452e+08
Ge74_g0u0350,32,74,g0u0350,K1,1,0,1,-2.49822e+06,1.02998e+08
Ge74_g0u0350,32,74,g0u0350,L2,2,1,0,-733136,1.04763e+08
Ge74_g0u0350,32,74,g0u0350,L3,2,1,1,-723970,1.04773e+08
Ge74_g0u0350,32,74,g0u0350,M4,3,2,0,-321802,1.05175e+08
Ge74_g0u0350,32,74,g0u0350,M5,3,2,1,-320816,1.05176e+08
Ge74_g0u0350,32,74,g0u0350,N6,4,3,0,-180348,1.05316e+08
Ge74_g0u0350,32,74,g0u0350,N7,4,3,1,-180142,1.05316e+08
Ge74_g0u0350,32,74,g0u0350,O8,5,4,0,-115250,1.05381e+08
Ge74_g0u0350,32,74,g0u0350,O9,5,4,1,-115187,1.05381e+08
Ge74_g0u0350,32,74,g0u0350,P10,6,5,0,-79976.6,1.05417e+08
Ge74_g0u0350,32,74,g0u0350,P11,6,5,1,-79952.3,1.05417e+08
Ge74_g0u0350,32,74,g0u0350,Q12,7,6,0,-58736.1,1.05438e+08
Ge74_g0u0350,32,74,g0u0350,Q13,7,6,1,-58725.2,1.05438e+08
Ge74_g0u0350,32,74,g0u0350,R14,8,7,0,-44960.6,1.05452e+08
Ge74_g0u0350,32,74,g0u0350,R15,8,7,1,-44955.1,1.05452e+08
Ge74_g0u0400,32,74,g0u0400,K1,1,0,1,-2.49822e+06,1.02998e+08
Ge74_g0u0400,32,74,g0u0400,L2,2,1,0,-733137,1.04763e+08
Ge74_g0u0400,32,74,g0u0400,L3,2,1,1,-723970,1.04773e+08
Ge74_g0u0400,32,74,g0u0400,M4,3,2,0,-321802,1.05175e+08
Ge74_g0u0400,32,74,g0u0400,M5,3,2,1,-320816,1.05176e+08
Ge74_g0u0400,32,74,g0u0400,N6,4,3,0,-180348,1.05316e+08
Ge74_g0u0400,32,74,g0u0400,N7,4,3,1,-180142,1.05316e+08
Ge74_g0u0400,32,74,g0u0400,O8,5,4,0,-115250,1.05381e+08
Ge74_g0u0400,32,74,g0u0400,O9,5,4,1,-115187,1.05381e+08
Ge74_g0u0400,32,74,g0u0400,P10,6,5,0,-79976.6,1.05417e+08
Ge74_g0u0400,32,74,g0u0400,P11,6,5,1,-79952.3,1.05417e+08
Ge74_g0u0400,32,74,g0u0400,Q12,7,6,0,-58736.1,1.05438e+08
Ge74_g0u0400,32,74,g0u0400,Q13,7,6,1,-58725.2,1.05438e+08
Ge74_g0u0400,32,74,g0u0400,R14,8,7,0,-44960.6,1.05452e+08
Ge74_g0u0400,32,74,g0u0400,R15,8,7,1,-44955.1,1.05452e+08
Ge74_g0u0450,32,74,g0u0450,K1,1,0,1,-2.49822e+06,1.02998e+08
Ge74_g0u0450,32,74,g0u0450,L2,2,1,0,-733137,1.04763e+08
Ge74_g0u0450,32,74,g0u0450,L3,2,1,1,-723970,1.04773e+08
Ge74_g0u0450,32,74,g0u0450,M4,3,2,0,-321802,1.05175e+08
Ge74_g0u0450,32,74,g0u0450,M5,3,2,1,-320816,1.05176e+08
Ge74_g0u0450,32,74,g0u0450,N6,4,3,0,-180348,1.05316e+08
Ge74_g0u0450,32,74,g0u0450,N7,4,3,1,-180142,1.05316e+08
Ge74_g0u0450,32,74,g0u0450,O8,5,4,0,-115250,1.05381e+08
Ge74_g0u0450,32,74,g0u0450,O9,5,4,1,-115187,1.05381e+08
Ge74_g0u0450,32,74,g0u0450,P10,6,5,0,-79976.6,1.05417e+08
Ge74_g0u0450,32,74,g0u0450,P11,6,5,1,-79952.3,1.05417e+08
Ge74_g0u0450,32,74,g0u0450,Q12,7,6,0,-58736.1,1.05438e+08
Ge74_g0u0450,32,74,g0u0450,Q13,7,6,1,-58725.2,1.05438e+08
Ge74_g0u0450,32,74,g0u0450,R14,8,7,0,-44960.6,1.05452e+08
Ge74_g0u0450,32,74,g0u0450,R15,8,7,1,-44955.1,1.05452e+08
Ge74_g0u0500,32,74,g0u0500,K1,1,0,1,-2.49822e+06,1.02998e+08
Ge74_g0u0500,32,74,g0u0500,L2,2,1,0,-733137,1.04763e+08
Ge74_g0u0500,32,74,g0u0500,L3,2,1,1,-723970,1.04773e+08
Ge74_g0u0500,32,74,g0u0500,M4,3,2,0,-321802,1.05175e+08
Ge74_g0u0500,32,74,g0u0500,M5,3,2,1,-320816,1.05176e+08
Ge74_g0u0500,32,74,g0u0500,N6,4,3,0,-180348,1.05316e+08
Ge74_g0u0500,32,74,g0u0500,N7,4,3,1,-180142,1.05316e+08
Ge74_g0u0500,32,74,g0u0500,O8,5,4,0,-115250,1.05381e+08
Ge74_g0u0500,32,74,g0u0500,O9,5,4,1,-115187,1.05381e+08
Ge74_g0u0500,32,74,g0u0500,P10,6,5,0,-79976.6,1.05417e+08
Ge74_g0u0500,32,74,g0u0500,P11,6,5,1,-79952.3,1.05417e+08
Ge74_g0u0500,32,74,g0u0500,Q12,7,6,0,-58736.1,1.05438e+08
Ge74_g0u0500,32,74,g0u0500,Q13,7,6,1,-58725.2,1.05438e+08
Ge74_g0u0500,32,74,g0u0500,R14,8,7,0,-44960.6,1.05452e+08
Ge74_g0u0500,32,74,g0u0500,R15,8,7,1,-44955.1,1.05452e+08
Ge74_g0u0550,32,74,g0u0550,K1,1,0,1,-2.49823e+06,1.02998e+08
Ge74_g0u0550,32,74,g0u0550,L2,2,1,0,-733137,1.04763e+08
Ge74_g0u0550,32,74,g0u0550,L3,2,1,1,-723970,1.04773e+08
Ge74_g0u0550,32,74,g0u0550,M4,3,2,0,-321802,1.05175e+08
Ge74_g0u0550,32,74,g0u0550,M5,3,2,1,-320816,1.05176e+08
Ge74_g0u0550,32,74,g0u0550,N6,4,3,0,-180348,1.05316e+08
Ge74_g0u0550,32,74,g0u0550,N7,4,3,1,-180142,1.05316e+08
Ge74_g0u0550,32,74,g0u0550,O8,5,4,0,-115250,1.05381e+08
Ge74_g0u0550,32,74,g0u0550,O9,5,4,1,-115187,1.05381e+08
Ge74_g0u0550,32,74,g0u0550,P10,6,5,0,-79976.6,1.05417e+08
Ge74_g0u0550,32,74,g0u0550,P11,6,5,1,-79952.3,1.05417e+08
Ge74_g0u0550,32,74,g0u0550,Q12,7,6,0,-58736.1,1.05438e+08
Ge74_g0u0550,32,74,g0u0550,Q13,7,6,1,-58725.2,1.05438e+08
Ge74_g0u0550,32,74,g0u0550,R14,8,7,0,-44960.6,1.05452e+08
Ge74_g0u0550,32,74,g0u0550,R15,8,7,1,-44955.1,1.05452e+08
Ge74_g0u0600,32,74,g0u0600,K1,1,0,1,-2.49823e+06,1.02998e+08
Ge74_g0u0600,32,74,g0u0600,L2,2,1,0,-733137,1.04763e+08
Ge74_g0u0600,32,74,g0u0600,L3,2,1,1,-723970,1.04773e+08
Ge74_g0u0600,32,74,g0u0600,M4,3,2,0,-321802,1.05175e+08
Ge74_g0u0600,32,74,g0u0600,M5,3,2,1,-320816,1.05176e+08
Ge74_g0u0600,32,74,g0u0600,N6,4,3,0,-180348,1.05316e+08
Ge74_g0u0600,32,74,g0u0600,N7,4,3,1,-180142,1.05316e+08
Ge74_g0u0600,32,74,g0u0600,O8,5,4,0,-115250,1.05381e+08
Ge74_g0u0600,32,74,g0u0600,O9,5,4,1,-115187,1.05381e+08
Ge74_g0u0600,32,74,g0u0600,P10,6,5,0,-79976.6,1.05417e+08
Ge74_g0u0600,32,74,g0u0600,P11,6,5,1,-79952.3,1.05417e+08
Ge74_g0u0600,32,74,g0u0600,Q12,7,6,0,-58736.1,1.05438e+08
Ge74_g0u0600,32,74,g0u0600,Q13,7,6,1,-58725.2,1.05438e+08
Ge74_g0u0600,32,74,g0u0600,R14,8,7,0,-44960.6,1.05452e+08
Ge74_g0u0600,32,74,g0u0600,R15,8,7,1,-44955.1,1.05452e+08
Ge74_g0u0700,32,74,g0u0700,K1,1,0,1,-2.49823e+06,1.02998e+08
Ge74_g0u0700,32,74,g0u0700,L2,2,1,0,-733137,1.04763e+08
Ge74_g0u0700,32,74,g0u0700,L3,2,1,1,-723970,1.04773e+08
Ge74_g0u0700,32,74,g0u0700,M4,3,2,0,-321802,1.05175e+08
Ge74_g0u0700,32,74,g0u0700,M5,3,2,1,-320816,1.05176e+08
Ge74_g0u0700,32,74,g0u0700,N6,4,3,0,-180348,1.05316e+08
Ge74_g0u0700,32,74,g0u0700,N7,4,3,1,-180142,1.05316e+08
Ge74_g0u0700,32,74,g0u0700,O8,5,4,0,-115250,1.05381e+08
Ge74_g0u0700,32,74,g0u0700,O9,5,4,1,-115187,1.05381e+08
Ge74_g0u0700,32,74,g0u0700,P10,6,5,0,-79976.6,1.05417e+08
Ge74_g0u0700,32,74,g0u0700,P11,6,5,1,-79952.3,1.05417e+08
Ge74_g0u0700,32,74,g0u0700,Q12,7,6,0,-58736.1,1.05438e+08
Ge74_g0u0700,32,74,g0u0700,Q13,7,6,1,-58725.2,1.05438e+08
Ge74_g0u0700,32,74,g0u0700,R14,8,7,0,-44960.6,1.05452e+08
Ge74_g0u0700,32,74,g0u0700,R15,8,7,1,-44955.1,1.05452e+08
Ge74_g0u0800,32,74,g0u0800,K1,1,0,1,-2.49823e+06,1.02998e+08
Ge74_g0u0800,32,74,g0u0800,L2,2,1,0,-733137,1.04763e+08
Ge74_g0u0800,32,74,g0u0800,L3,2,1,1,-723970,1.04773e+08
Ge74_g0u0800,32,74,g0u0800,M4,3,2,0,-321802,1.05175e+08
Ge74_g0u0800,32,74,g0u0800,M5,3,2,1,-320816,1.05176e+08
Ge74_g0u0800,32,74,g0u0800,N6,4,3,0,-180348,1.05316e+08
Ge74_g0u0800,32,74,g0u0800,N7,4,3,1,-180142,1.05316e+08
Ge74_g0u0800,32,74,g0u0800,O8,5,4,0,-115250,1.05381e+08
Ge74_g0u0800,32,74,g0u0800,O9,5,4,1,-115187,1.05381e+08
Ge74_g0u0800,32,74,g0u0800,P10,6,5,0,-79976.6,1.05417e+08
Ge74_g0u0800,32,74,g0u0800,P11,6,5,1,-79952.3,1.05417e+08
Ge74_g0u0800,32,74,g0u0800,Q12,7,6,0,-58736.1,1.05438e+08
Ge74_g0u0800,32,74,g0u0800,Q13,7,6,1,-58725.2,1.05438e+08
Ge74_g0u0800,32,74,g0u0800,R14,8,7,0,-44960.6,1.05452e+08
Ge74_g0u0800,32,74,g0u0800,R15,8,7,1,-44955.1,1.05452e+08
Ge74_g0u0900,32,74,g0u0900,K1,1,0,1,-2.49823e+06,1.02998e+08
Ge74_g0u0900,32,74,g0u0900,L2,2,1,0,-733137,1.04763e+08
Ge74_g0u0900,32,74,g0u0900,L3,2,1,1,-723970,1.04773e+08
Ge74_g0u0900,32,74,g0u0900,M4,3,2,0,-321802,1.05175e+08
Ge74_g0u0900,32,74,g0u0900,M5,3,2,1,-320816,1.05176e+08
Ge74_g0u0900,32,74,g0u0900,N6,4,3,0,-180348,1.05316e+08
Ge74_g0u0900,32,74,g0u0900,N7,4,3,1,-180142,1.05316e+08
Ge74_g0u0900,32,74,g0u0900,O8,5,4,0,-115250,1.05381e+08
Ge74_g0u0900,32,74,g0u0900,O9,5,4,1,-115187,1.05381e+08
Ge74_g0u0900,32,74,g0u0900,P10,6,5,0,-79976.6,1.05417e+08
Ge74_g0u0900,32,74,g0u0900,P11,6,5,1,-79952.3,1.05417e+08
Ge74_g0u0900,32,74,g0u0900,Q12,7,6,0,-58736.1,1.05438e+08
Ge74_g0u0900,32,74,g0u0900,Q13,7,6,1,-58725.2,1.05438e+08
Ge74_g0u0900,32,74,g0u0900,R14,8,7,0,-44960.6,1.05452e+08
Ge74_g0u0900,32,74,g0u0900,R15,8,7,1,-44955.1,1.05452e+08
Ge74_g0u1000,32,74,g0u1000,K1,1,0,1,-2.49823e+06,1.02998e+08
Ge74_g0u1000,32,74,g0u1000,L2,2,1,0,-733137,1.04763e+08
Ge74_g0u1000,32,74,g0u1000,L3,2,1,1,-723970,1.04773e+08
Ge74_g0u1000,32,74,g0u1000,M4,3,2,0,-321802,1.05175e+08
Ge74_g0u1000,32,74,g0u1000,M5,3,2,1,-320816,1.05176e+08
Ge74_g0u1000,32,74,g0u1000,N6,4,3,0,-180348,1.05316e+08
Ge74_g0u1000,32,74,g0u1000,N7,4,3,1,-180142,1.05316e+08
Ge74_g0u1000,32,74,g0u1000,O8,5,4,0,-115250,1.05381e+08
Ge74_g0u1000,32,74,g0u1000,O9,5,4,1,-115187,1.05381e+08
Ge74_g0u1000,32,74,g0u1000,P10,6,5,0,-79976.6,1.05417e+08
Ge74_g0u1000,32,74,g0u1000,P11,6,5,1,-79952.3,1.05417e+08
Ge74_g0u1000,32,74,g0u1000,Q12,7,6,0,-58736.1,1.05438e+08
Ge74_g0u1000,32,74,g0u1000,Q13,7,6,1,-58725.2,1.05438e+08
Ge74_g0u1000,32,74,g0u1000,R14,8,7,0,-44960.6,1.05452e+08
Ge74_g0u1000,32,74,g0u1000,R15,8,7,1,-44955.1,1.05452e+08
Ge74_g0u1100,32,74,g0u1100,K1,1,0,1,-2.49823e+06,1.02998e+08
Ge74_g0u1100,32,74,g0u1100,L2,2,1,0,-733137,1.04763e+08
Ge74_g0u1100,32,74,g0u1100,L3,2,1,1,-723970,1.04773e+08
Ge74_g0u1100,32,74,g0u1100,M4,3,2,0,-321802,1.05175e+08
Ge74_g0u1100,32,74,g0u1100,M5,3,2,1,-320816,1.05176e+08
Ge74_g0u1100,32,74,g0u1100,N6,4,3,0,-180348,1.05316e+08
Ge74_g0u1100,32,74,g0u1100,N7,4,3,1,-180142,1.05316e+08
Ge74_g0u1100,32,74,g0u1100,O8,5,4,0,-115250,1.05381e+08
Ge74_g0u1100,32,74,g0u1100,O9,5,4,1,-115187,1.05381e+08
Ge74_g0u1100,32,74,g0u1100,P10,6,5,0,-79976.6,1.05417e+08
Ge74_g0u1100,32,74,g0u1100,P11,6,5,1,-79952.3,1.05417e+08
Ge74_g0u1100,32,74,g0u1100,Q12,7,6,0,-58736.1,1.05438e+08
Ge74_g0u1100,32,74,g0u1100,Q13,7,6,1,-58725.2,1.05438e+08
Ge74_g0u1100,32,74,g0u1100,R14,8,7,0,-44960.6,1.05452e+08
Ge74_g0u1100,32,74,g0u1100,R15,8,7,1,-44955.1,1.05452e+08
Ge74_g0u1200,32,74,g0u1200,K1,1,0,1,-2.49823e+06,1.02998e+08
Ge74_g0u1200,32,74,g0u1200,L2,2,1,0,-733137,1.04763e+08
Ge74_g0u1200,32,74,g0u1200,L3,2,1,1,-723970,1.04773e+08
Ge74_g0u1200,32,74,g0u1200,M4,3,2,0,-321802,1.05175e+08
Ge74_g0u1200,32,74,g0u1200,M5,3,2,1,-320816,1.05176e+08
Ge74_g0u1200,32,74,g0u1200,N6,4,3,0,-180348,1.05316e+08
Ge74_g0u1200,32,74,g0u1200,N7,4,3,1,-180142,1.05316e+08
Ge74_g0u1200,32,74,g0u1200,O8,5,4,0,-115250,1.05381e+08
Ge74_g0u1200,32,74,g0u1200,O9,5,4,1,-115187,1.05381e+08
Ge74_g0u1200,32,74,g0u1200,P10,6,5,0,-79976.6,1.05417e+08
Ge74_g0u1200,32,74,g0u1200,P11,6,5,1,-79952.3,1.05417e+08
Ge74_g0u1200,32,74,g0u1200,Q12,7,6,0,-58736.1,1.05438e+08
Ge74_g0u1200,32,74,g0u1200,Q13,7,6,1,-58725.2,1.05438e+08
Ge74_g0u1200,32,74,g0u1200,R14,8,7,0,-44960.6,1.05452e+08
Ge74_g0u1200,32,74,g0u1200,R15,8,7,1,-44955.1,1.05452e+08
Ge74_g0u1300,32,74,g0u1300,K1,1,0,1,-2.49823e+06,1.02998e+08
Ge74_g0u1300,32,74,g0u1300,L2,2,1,0,-733137,1.04763e+08
Ge74_g0u1300,32,74,g0u1300,L3,2,1,1,-723970,1.04773e+08
Ge74_g0u1300,32,74,g0u1300,M4,3,2,0,-321802,1.05175e+08
Ge74_g0u1300,32,74,g0u1300,M5,3,2,1,-320816,1.05176e+08
Ge74_g0u1300,32,74,g0u1300,N6,4,3,0,-180348,1.05316e+08
Ge74_g0u1300,32,74,g0u1300,N7,4,3,1,-180142,1.05316e+08
Ge74_g0u1300,32,74,g0u1300,O8,5,4,0,-115250,1.05381e+08
Ge74_g0u1300,32,74,g0u1300,O9,5,4,1,-115187,1.05381e+08
Ge74_g0u1300,32,74,g0u1300,P10,6,5,0,-79976.6,1.05417e+08
Ge74_g0u1300,32,74,g0u1300,P11,6,5,1,-79952.3,1.05417e+08
Ge74_g0u1300,32,74,g0u1300,Q12,7,6,0,-58736.1,1.05438e+08
Ge74_g0u1300,32,74,g0u1300,Q13,7,6,1,-58725.2,1.05438e+08
Ge74_g0u1300,32,74,g0u1300,R14,8,7,0,-44960.6,1.05452e+08
Ge74_g0u1300,32,74,g0u1300,R15,8,7,1,-44955.1,1.05452e+08
Ge74_g0u1400,32,74,g0u1400,K1,1,0,1,-2.49823e+06,1.02998e+08
Ge74_g0u1400,32,74,g0u1400,L2,2,1,0,-733137,1.04763e+08
Ge74_g0u1400,32,74,g0u1400,L3,2,1,1,-723970,1.04773e+08
Ge74_g0u1400,32,74,g0u1400,M4,3,2,0,-321802,1.05175e+08
Ge74_g0u1400,32,74,g0u1400,M5,3,2,1,-320816,1.05176e+08
Ge74_g0u1400,32,74,g0u1400,N6,4,3,0,-180348,1.05316e+08
Ge74_g0u1400,32,74,g0u1400,N7,4,3,1,-180142,1.05316e+08
Ge74_g0u1400,32,74,g0u1400,O8,5,4,0,-115250,1.05381e+08
Ge74_g0u1400,32,74,g0u1400,O9,5,4,1,-115187,1.05381e+08
Ge74_g0u1400,32,74,g0u1400,P10,6,5,0,-79976.6,1.05417e+08
Ge74_g0u1400,32,74,g0u1400,P11,6,5,1,-79952.3,1.05417e+08
Ge74_g0u1400,32,74,g0u1400,Q12,7,6,0,-58736.1,1.05438e+08
Ge74_g0u1400,32,74,g0u1400,Q13,7,6,1,-58725.2,1.05438e+08
Ge74_g0u1400,32,74,g0u1400,R14,8,7,0,-44960.6,1.05452e+08
Ge74_g0u1400,32,74,g0u1400,R15,8,7,1,-44955.1,1.05452e+08
Ge74_g0u1500,32,74,g0u1500,K1,1,0,1,-2.49823e+06,1.02998e+08
Ge74_g0u1500,32,74,g0u1500,L2,2,1,0,-733137,1.04763e+08
Ge74_g0u1500,32,74,g0u1500,L3,2,1,1,-723970,1.04773e+08
Ge74_g0u1500,32,74,g0u1500,M4,3,2,0,-321802,1.05175e+08
Ge74_g0u1500,32,74,g0u1500,M5,3,2,1,-320816,1.05176e+08
Ge74_g0u1500,32,74,g0u1500,N6,4,3,0,-180348,1.05316e+08
Ge74_g0u1500,32,74,g0u1500,N7,4,3,1,-180142,1.05316e+08
Ge74_g0u1500,32,74,g0u1500,O8,5,4,0,-115250,1.05381e+08
Ge74_g0u1500,32,74,g0u1500,O9,5,4,1,-115187,1.05381e+08
Ge74_g0u1500,32,74,g0u1500,P10,6,5,0,-79976.6,1.05417e+08
Ge74_g0u1500,32,74,g0u1500,P11,6,5,1,-79952.3,1.05417e+08
Ge74_g0u1500,32,74,g0u1500,Q12,7,6,0,-58736.1,1.05438e+08
Ge74_g0u1500,32,74,g0u1500,Q13,7,6,1,-58725.2,1.05438e+08
Ge74_g0u1500,32,74,g0u1500,R14,8,7,0,-44960.6,1.05452e+08
Ge74_g0u1500,32,74,g0u1500,R15,8,7,1,-44955.1,1.05452e+08
Ge74_g0u1600,32,74,g0u1600,K1,1,0,1,-2.49823e+06,1.02998e+08
Ge74_g0u1600,32,74,g0u1600,L2,2,1,0,-733137,1.04763e+08
Ge74_g0u1600,32,74,g0u1600,L3,2,1,1,-723970,1.04773e+08
Ge74_g0u1600,32,74,g0u1600,M4,3,2,0,-321802,1.05175e+08
Ge74_g0u1600,32,74,g0u1600,M5,3,2,1,-320816,1.05176e+08
Ge74_g0u1600,32,74,g0u1600,N6,4,3,0,-180348,1.05316e+08
Ge74_g0u1600,32,74,g0u1600,N7,4,3,1,-180142,1.05316e+08
Ge74_g0u1600,32,74,g0u1600,O8,5,4,0,-115250,1.05381e+08
Ge74_g0u1600,32,74,g0u1600,O9,5,4,1,-115187,1.05381e+08
Ge74_g0u1600,32,74,g0u1600,P10,6,5,0,-79976.6,1.05417e+08
Ge74_g0u1600,32,74,g0u1600,P11,6,5,1,-79952.3,1.05417e+08
Ge74_g0u1600,32,74,g0u1600,Q12,7,6,0,-58736.1,1.05438e+08
Ge74_g0u1600,32,74,g0u1600,Q13,7,6,1,-58725.2,1.05438e+08
Ge74_g0u1600,32,74,g0u1600,R14,8,7,0,-44960.6,1.05452e+08
Ge74_g0u1600,32,74,g0u1600,R15,8,7,1,-44955.1,1.05452e+08
Ge74_g0u1700,32,74,g0u1700,K1,1,0,1,-2.49823e+06,1.02998e+08
Ge74_g0u1700,32,74,g0u1700,L2,2,1,0,-733137,1.04763e+08
Ge74_g0u1700,32,74,g0u1700,L3,2,1,1,-723970,1.04773e+08
Ge74_g0u1700,32,74,g0u1700,M4,3,2,0,-321802,1.05175e+08
Ge74_g0u1700,32,74,g0u1700,M5,3,2,1,-320816,1.05176e+08
Ge74_g0u1700,32,74,g0u1700,N6,4,3,0,-180348,1.05316e+08
Ge74_g0u1700,32,74,g0u1700,N7,4,3,1,-180142,1.05316e+08
Ge74_g0u1700,32,74,g0u1700,O8,5,4,0,-115250,1.05381e+08
Ge74_g0u1700,32,74,g0u1700,O9,5,4,1,-115187,1.05381e+08
Ge74_g0u1700,32,74,g0u1700,P10,6,5,0,-79976.6,1.05417e+08
Ge74_g0u1700,32,74,g0u1700,P11,6,5,1,-79952.3,1.05417e+08
Ge74_g0u1700,32,74,g0u1700,Q12,7,6,0,-58736.1,1.05438e+08
Ge74_g0u1700,32,74,g0u1700,Q13,7,6,1,-58725.2,1.05438e+08
Ge74_g0u1700,32,74,g0u1700,R14,8,7,0,-44960.6,1.05452e+08
Ge74_g0u1700,32,74,g0u1700,R15,8,7,1,-44955.1,1.05452e+08
Ge74_g0u1800,32,74,g0u1800,K1,1,0,1,-2.49826e+06,1.02998e+08
Ge74_g0u1800,32,74,g0u1800,L2,2,1,0,-733137,1.04763e+08
Ge74_g0u1800,32,74,g0u1800,L3,2,1,1,-723970,1.04773e+08
Ge74_g0u1800,32,74,g0u1800,M4,3,2,0,-321802,1.05175e+08
Ge74_g0u1800,32,74,g0u1800,M5,3,2,1,-320816,1.05176e+08
Ge74_g0u1800,32,74,g0u1800,N6,4,3,0,-180348,1.05316e+08
Ge74_g0u1800,32,74,g0u1800,N7,4,3,1,-180142,1.05316e+08
Ge74_g0u1800,32,74,g0u1800,O8,5,4,0,-115250,1.05381e+08
Ge74_g0u1800,32,74,g0u1800,O9,5,4,1,-115187,1.05381e+08
Ge74_g0u1800,32,74,g0u1800,P10,6,5,0,-79976.6,1.05417e+08
Ge74_g0u1800,32,74,g0u1800,P11,6,5,1,-79952.3,1.05417e+08
Ge74_g0u1800,32,74,g0u1800,Q12,7,6,0,-58736.1,1.05438e+08
Ge74_g0u1800,32,74,g0u1800,Q13,7,6,1,-58725.2,1.05438e+08
Ge74_g0u1800,32,74,g0u1800,R14,8,7,0,-44960.6,1.05452e+08
Ge74_g0u1800,32,74,g0u1800,R15,8,7,1,-44955.1,1.05452e+08
Ge74_g0u1900,32,74,g0u1900,K1,1,0,1,-2.49862e+06,1.02998e+08
Ge74_g0u1900,32,74,g0u1900,L2,2,1,0,-733143,1.04763e+08
Ge74_g0u1900,32,74,g0u1900,L3,2,1,1,-723974,1.04773e+08
Ge74_g0u1900,32,74,g0u1900,M4,3,2,0,-321802,1.05175e+08
Ge74_g0u1900,32,74,g0u1900,M5,3,2,1,-320816,1.05176e+08
Ge74_g0u1900,32,74,g0u1900,N6,4,3,0,-180348,1.05316e+08
Ge74_g0u1900,32,74,g0u1900,N7,4,3,1,-180142,1.05316e+08
Ge74_g0u1900,32,74,g0u1900,O8,5,4,0,-115250,1.05381e+08
Ge74_g0u1900,32,74,g0u1900,O9,5,4,1,-115187,1.05381e+08
Ge74_g0u1900,32,74,g0u1900,P10,6,5,0,-79976.6,1.05417e+08
Ge74_g0u1900,32,74,g0u1900,P11,6,5,1,-79952.3,1.05417e+08
Ge74_g0u1900,32,74,g0u1900,Q12,7,6,0,-58736.1,1.05438e+08
Ge74_g0u1900,32,74,g0u1900,Q13,7,6,1,-58725.2,1.05438e+08
Ge74_g0u1900,32,74,g0u1900,R14,8,7,0,-44960.6,1.05452e+08
Ge74_g0u1900,32,74,g0u1900,R15,8,7,1,-44955.1,1.05452e+08
Ge74_g0u2000,32,74,g0u2000,K1,1,0,1,-2.49567e+06,1.03001e+08
Ge74_g0u2000,32,74,g0u2000,L2,2,1,0,-733094,1.04763e+08
Ge74_g0u2000,32,74,g0u2000,L3,2,1,1,-723938,1.04773e+08
Ge74_g0u2000,32,74,g0u2000,M4,3,2,0,-321802,1.05175e+08
Ge74_g0u2000,32,74,g0u2000,M5,3,2,1,-320816,1.05176e+08
Ge74_g0u2000,32,74,g0u2000,N6,4,3,0,-180348,1.05316e+08
Ge74_g0u2000,32,74,g0u2000,N7,4,3,1,-180142,1.05316e+08
Ge74_g0u2000,32,74,g0u2000,O8,5,4,0,-115250,1.05381e+08
Ge74_g0u2000,32,74,g0u2000,O9,5,4,1,-115187,1.05381e+08
Ge74_g0u2000,32,74,g0u2000,P10,6,5,0,-79976.6,1.05417e+08
Ge74_g0u2000,32,74,g0u2000,P11,6,5,1,-79952.3,1.05417e+08
Ge74_g0u2000,32,74,g0u2000,Q12,7,6,0,-58736.1,1.05438e+08
Ge74_g0u2000,32,74,g0u2000,Q13,7,6,1,-58725.2,1.05438e+08
Ge74_g0u2000,32,74,g0u2000,R14,8,7,0,-44960.6,1.05452e+08
Ge74_g0u2000,32,74,g0u2000,R15,8,7,1,-44955.1,1.05452e+08
Ge74_g0u2100,32,74,g0u2100,K1,1,0,1,-2.50497e+06,1.02992e+08
Ge74_g0u2100,32,74,g0u2100,L2,2,1,0,-733240,1.04763e+08
Ge74_g0u2100,32,74,g0u2100,L3,2,1,1,-724043,1.04772e+08
Ge74_g0u2100,32,74,g0u2100,M4,3,2,0,-321802,1.05175e+08
Ge74_g0u2100,32,74,g0u2100,M5,3,2,1,-320816,1.05176e+08
Ge74_g0u2100,32,74,g0u2100,N6,4,3,0,-180348,1.05316e+08
Ge74_g0u2100,32,74,g0u2100,N7,4,3,1,-180142,1.05316e+08
Ge74_g0u2100,32,74,g0u2100,O8,5,4,0,-115250,1.05381e+08
Ge74_g0u2100,32,74,g0u2100,O9,5,4,1,-115187,1.05381e+08
Ge74_g0u2100,32,74,g0u2100,P10,6,5,0,-79976.6,1.05417e+08
Ge74_g0u2100,32,74,g0u2100,P11,6,5,1,-79952.3,1.05417e+08
Ge74_g0u2100,32,74,g0u2100,Q12,7,6,0,-58736.1,1.05438e+08
Ge74_g0u2100,32,74,g0u2100,Q13,7,6,1,-58725.2,1.05438e+08
Ge74_g0u2100,32,74,g0u2100,R14,8,7,0,-44960.6,1.05452e+08
Ge74_g0u2100,32,74,g0u2100,R15,8,7,1,-44955.1,1.05452e+08
Ge74_g2u1000,32,74,g2u1000,K1,1,0,1,-2.49823e+06,1.02998e+08
Ge74_g2u1000,32,74,g2u1000,L2,2,1,0,-733137,1.04763e+08
Ge74_g2u1000,32,74,g2u1000,L3,2,1,1,-723970,1.04773e+08
Ge74_g2u1000,32,74,g2u1000,M4,3,2,0,-321802,1.05175e+08
Ge74_g2u1000,32,74,g2u1000,M5,3,2,1,-320816,1.05176e+08
Ge74_g2u1000,32,74,g2u1000,N6,4,3,0,-180348,1.05316e+08
Ge74_g2u1000,32,74,g2u1000,N7,4,3,1,-180142,1.05316e+08
Ge74_g2u1000,32,74,g2u1000,O8,5,4,0,-115250,1.05381e+08
Ge74_g2u1000,32,74,g2u1000,O9,5,4,1,-115187,1.05381e+08
Ge74_g2u1000,32,74,g2u1000,P10,6,5,0,-79976.6,1.05417e+08
Ge74_g2u1000,32,74,g2u1000,P11,6,5,1,-79952.3,1.05417e+08
Ge74_g2u1000,32,74,g2u1000,Q12,7,6,0,-58736.1,1.05438e+08
Ge74_g2u1000,32,74,g2u1000,Q13,7,6,1,-58725.2,1.05438e+08
Ge74_g2u1000,32,74,g2u1000,R14,8,7,0,-44960.6,1.05452e+08
Ge74_g2u1000,32,74,g2u1000,R15,8,7,1,-44955.1,1.05452e+08
Sr88_g0u0050,38,88,g0u0050,K1,1,0,1,-3.3635e+06,1.02159e+08
Sr88_g0u0050,38,88,g0u0050,L2,2,1,0,-1.03942e+06,1.04483e+08
Sr88_g0u0050,38,88,g0u0050,L3,2,1,1,-1.02195e+06,1.045e+08
Sr88_g0u0050,38,88,g0u0050,M4,3,2,0,-454930,1.05067e+08
Sr88_g0u0050,38,88,g0u0050,M5,3,2,1,-452960,1.05069e+08
Sr88_g0u0050,38,88,g0u0050,N6,4,3,0,-254660,1.05268e+08
Sr88_g0u0050,38,88,g0u0050,N7,4,3,1,-254248,1.05268e+08
Sr88_g0u0050,38,88,g0u0050,O8,5,4,0,-162664,1.0536e+08
Sr88_g0u0050,38,88,g0u0050,O9,5,4,1,-162538,1.0536e+08
Sr88_g0u0050,38,88,g0u0050,P10,6,5,0,-112852,1.05409e+08
Sr88_g0u0050,38,88,g0u0050,P11,6,5,1,-112804,1.05409e+08
Sr88_g0u0050,38,88,g0u0050,Q12,7,6,0,-82869.1,1.05439e+08
Sr88_g0u0050,38,88,g0u0050,Q13,7,6,1,-82847.4,1.05439e+08
Sr88_g0u0050,38,88,g0u0050,R14,8,7,0,-63428.2,1.05459e+08
Sr88_g0u0050,38,88,g0u0050,R15,8,7,1,-63417.3,1.05459e+08
Sr88_g0u0100,38,88,g0u0100,K1,1,0,1,-3.36374e+06,1.02158e+08
Sr88_g0u0100,38,88,g0u0100,L2,2,1,0,-1.03943e+06,1.04483e+08
Sr88_g0u0100,38,88,g0u0100,L3,2,1,1,-1.02196e+06,1.045e+08
Sr88_g0u0100,38,88,g0u0100,M4,3,2,0,-454931,1.05067e+08
Sr88_g0u0100,38,88,g0u0100,M5,3,2,1,-452960,1.05069e+08
Sr88_g0u0100,38,88,g0u0100,N6,4,3,0,-254660,1.05268e+08
Sr88_g0u0100,38,88,g0u0100,N7,4,3,1,-254249,1.05268e+08
Sr88_g0u0100,38,88,g0u0100,O8,5,4,0,-162664,1.0536e+08
Sr88_g0u0100,38,88,g0u0100,O9,5,4,1,-162538,1.0536e+08
Sr88_g0u0100,38,88,g0u0100,P10,6,5,0,-112852,1.05409e+08
Sr88_g0u0100,38,88,g0u0100,P11,6,5,1,-112804,1.05409e+08
Sr88_g0u0100,38,88,g0u0100,Q12,7,6,0,-82869.1,1.05439e+08
Sr88_g0u0100,38,88,g0u0100,Q13,7,6,1,-82847.4,1.05439e+08
Sr88_g0u0100,38,88,g0u0100,R14,8,7,0,-63428.2,1.05459e+08
Sr88_g0u0100,38,88,g0u0100,R15,8,7,1,-63417.3,1.05459e+08
Sr88_g0u0150,38,88,g0u0150,K1,1,0,1,-3.36378e+06,1.02158e+08
Sr88_g0u0150,38,88,g0u0150,L2,2,1,0,-1.03943e+06,1.04483e+08
Sr88_g0u0150,38,88,g0u0150,L3,2,1,1,-1.02196e+06,1.045e+08
Sr88_g0u0150,38,88,g0u0150,M4,3,2,0,-454931,1.05067e+08
Sr88_g0u0150,38,88,g0u0150,M5,3,2,1,-452961,1.05069e+08
Sr88_g0u0150,38,88,g0u0150,N6,4,3,0,-254660,1.05268e+08
Sr88_g0u0150,38,88,g0u0150,N7,4,3,1,-254249,1.05268e+08
Sr88_g0u0150,38,88,g0u0150,O8,5,4,0,-162664,1.0536e+08
Sr88_g0u0150,38,88,g0u0150,O9,5,4,1,-162538,1.0536e+08
Sr88_g0u0150,38,88,g0u0150,P10,6,5,0,-112852,1.05409e+08
Sr88_g0u0150,38,88,g0u0150,P11,6,5,1,-112804,1.05409e+08
Sr88_g0u0150,38,88,g0u0150,Q12,7,6,0,-82869.2,1.05439e+08
Sr88_g0u0150,38,88,g0u0150,Q13,7,6,1,-82847.4,1.05439e+08
Sr88_g0u0150,38,88,g0u0150,R14,8,7,0,-63428.2,1.05459e+08
Sr88_g0u0150,38,88,g0u0150,R15,8,7,1,-63417.3,1.05459e+08
Sr88_g0u0200,38,88,g0u0200,K1,1,0,1,-3.36379e+06,1.02158e+08
Sr88_g0u0200,38,88,g0u0200,L2,2,1,0,-1.03943e+06,1.04483e+08
Sr88_g0u0200,38,88,g0u0200,L3,2,1,1,-1.02196e+06,1.045e+08
Sr88_g0u0200,38,88,g0u0200,M4,3,2,0,-454931,1.05067e+08
Sr88_g0u0200,38,88,g0u0200,M5,3,2,1,-452961,1.05069e+08
Sr88_g0u0200,38,88,g0u0200,N6,4,3,0,-254660,1.05268e+08
Sr88_g0u0200,38,88,g0u0200,N7,4,3,1,-254249,1.05268e+08
Sr88_g0u0200,38,88,g0u0200,O8,5,4,0,-162664,1.0536e+08
Sr88_g0u0200,38,88,g0u0200,O9,5,4,1,-162538,1.0536e+08
Sr88_g0u0200,38,88,g0u0200,P10,6,5,0,-112852,1.05409e+08
Sr88_g0u0200,38,88,g0u0200,P11,6,5,1,-112804,1.05409e+08
Sr88_g0u0200,38,88,g0u0200,Q12,7,6,0,-82869.2,1.05439e+08
Sr88_g0u0200,38,88,g0u0200,Q13,7,6,1,-82847.4,1.05439e+08
Sr88_g0u0200,38,88,g0u0200,R14,8,7,0,-63428.2,1.05459e+08
Sr88_g0u0200,38,88,g0u0200,R15,8,7,1,-63417.3,1.05459e+08
Sr88_g0u0250,38,88,g0u0250,K1,1,0,1,-3.3638e+06,1.02158e+08
Sr88_g0u0250,38,88,g0u0250,L2,2,1,0,-1.03943e+06,1.04483e+08
Sr88_g0u0250,38,88,g0u0250,L3,2,1,1,-1.02196e+06,1.045e+08
Sr88_g0u0250,38,88,g0u0250,M4,3,2,0,-454931,1.05067e+08
Sr88_g0u0250,38,88,g0u0250,M5,3,2,1,-452961,1.05069e+08
Sr88_g0u0250,38,88,g0u0250,N6,4,3,0,-254660,1.05268e+08
Sr88_g0u0250,38,88,g0u0250,N7,4,3,1,-254249,1.05268e+08
Sr88_g0u0250,38,88,g0u0250,O8,5,4,0,-162664,1.0536e+08
Sr88_g0u0250,38,88,g0u0250,O9,5,4,1,-162538,1.0536e+08
Sr88_g0u0250,38,88,g0u0250,P10,6,5,0,-112852,1.05409e+08
Sr88_g0u0250,38,88,g0u0250,P11,6,5,1,-112804,1.05409e+08
Sr88_g0u0250,38,88,g0u0250,Q12,7,6,0,-82869.2,1.05439e+08
Sr88_g0u0250,38,88,g0u0250,Q13,7,6,1,-82847.4,1.05439e+08
Sr88_g0u0250,38,88,g0u0250,R14,8,7,0,-63428.2,1.05459e+08
Sr88_g0u0250,38,88,g0u0250,R15,8,7,1,-63417.3,1.05459e+08
Sr88_g0u0300,38,88,g0u0300,K1,1,0,1,-3.3638e+06,1.02158e+08
Sr88_g0u0300,38,88,g0u0300,L2,2,1,0,-1.03943e+06,1.04483e+08
Sr88_g0u0300,38,88,g0u0300,L3,2,1,1,-1.02196e+06,1.045e+08
Sr88_g0u0300,38,88,g0u0300,M4,3,2,0,-454931,1.05067e+08
Sr88_g0u0300,38,88,g0u0300,M5,3,2,1,-452961,1.05069e+08
Sr88_g0u0300,38,88,g0u0300,N6,4,3,0,-254661,1.05268e+08
Sr88_g0u0300,38,88,g0u0300,N7,4,3,1,-254249,1.05268e+08
Sr88_g0u0300,38,88,g0u0300,O8,5,4,0,-162664,1.0536e+08
Sr88_g0u0300,38,88,g0u0300,O9,5,4,1,-162538,1.0536e+08
Sr88_g0u0300,38,88,g0u0300,P10,6,5,0,-112852,1.05409e+08
Sr88_g0u0300,38,88,g0u0300,P11,6,5,1,-112804,1.05409e+08
Sr88_g0u0300,38,88,g0u0300,Q12,7,6,0,-82869.2,1.05439e+08
Sr88_g0u0300,38,88,g0u0300,Q13,7,6,1,-82847.4,1.05439e+08
Sr88_g0u0300,38,88,g0u0300,R14,8,7,0,-63428.2,1.05459e+08
Sr88_g0u0300,38,88,g0u0300,R15,8,7,1,-63417.3,1.05459e+08
Sr88_g0u0350,38,88,g0u0350,K1,1,0,1,-3.3638e+06,1.02158e+08
Sr88_g0u0350,38,88,g0u0350,L2,2,1,0,-1.03943e+06,1.04483e+08
Sr88_g0u0350,38,88,g0u0350,L3,2,1,1,-1.02196e+06,1.045e+08
Sr88_g0u0350,38,88,g0u0350,M4,3,2,0,-454931,1.05067e+08
Sr88_g0u0350,38,88,g0u0350,M5,3,2,1,-452961,1.05069e+08
Sr88_g0u0350,38,88,g0u0350,N6,4,3,0,-254661,1.05268e+08
Sr88_g0u0350,38,88,g0u0350,N7,4,3,1,-254249,1.05268e+08
Sr88_g0u0350,38,88,g0u0350,O8,5,4,0,-162664,1.0536e+08
Sr88_g0u0350,38,88,g0u0350,O9,5,4,1,-162538,1.0536e+08
Sr88_g0u0350,38,88,g0u0350,P10,6,5,0,-112852,1.05409e+08
Sr88_g0u0350,38,88,g0u0350,P11,6,5,1,-112804,1.05409e+08
Sr88_g0u0350,38,88,g0u0350,Q12,7,6,0,-82869.2,1.05439e+08
Sr88_g0u0350,38,88,g0u0350,Q13,7,6,1,-82847.4,1.05439e+08
Sr88_g0u0350,38,88,g0u0350,R14,8,7,0,-63428.2,1.05459e+08
Sr88_g0u0350,38,88,g0u0350,R15,8,7,1,-63417.3,1.05459e+08
Sr88_g0u0400,38,88,g0u0400,K1,1,0,1,-3.3638e+06,1.02158e+08
Sr88_g0u0400,38,88,g0u0400,L2,2,1,0,-1.03943e+06,1.04483e+08
Sr88_g0u0400,38,88,g0u0400,L3,2,1,1,-1.02196e+06,1.045e+08
Sr88_g0u0400,38,88,g0u0400,M4,3,2,0,-454931,1.05067e+08
Sr88_g0u0400,38,88,g0u0400,M5,3,2,1,-452961,1.05069e+08
Sr88_g0u0400,38,88,g0u0400,N6,4,3,0,-254661,1.05268e+08
Sr88_g0u0400,38,88,g0u0400,N7,4,3,1,-254249,1.05268e+08
Sr88_g0u0400,38,88,g0u0400,O8,5,4,0,-162664,1.0536e+08
Sr88_g0u0400,38,88,g0u0400,O9,5,4,1,-162538,1.0536e+08
Sr88_g0u0400,38,88,g0u0400,P10,6,5,0,-112853,1.05409e+08
Sr88_g0u0400,38,88,g0u0400,P11,6,5,1,-112804,1.05409e+08
Sr88_g0u0400,38,88,g0u0400,Q12,7,6,0,-82869.2,1.05439e+08
Sr88_g0u0400,38,88,g0u0400,Q13,7,6,1,-82847.4,1.05439e+08
Sr88_g0u0400,38,88,g0u0400,R14,8,7,0,-63428.2,1.05459e+08
Sr88_g0u0400,38,88,g0u0400,R15,8,7,1,-63417.3,1.05459e+08
Sr88_g0u0450,38,88,g0u0450,K1,1,0,1,-3.36381e+06,1.02158e+08
Sr88_g0u0450,38,88,g0u0450,L2,2,1,0,-1.03943e+06,1.04483e+08
Sr88_g0u0450,38,88,g0u0450,L3,2,1,1,-1.02196e+06,1.045e+08
Sr88_g0u0450,38,88,g0u0450,M4,3,2,0,-454931,1.05067e+08
Sr88_g0u0450,38,88,g0u0450,M5,3,2,1,-452961,1.05069e+08
Sr88_g0u0450,38,88,g0u0450,N6,4,3,0,-254661,1.05268e+08
Sr88_g0u0450,38,88,g0u0450,N7,4,3,1,-254249,1.05268e+08
Sr88_g0u0450,38,88,g0u0450,O8,5,4,0,-162664,1.0536e+08
Sr88_g0u0450,38,88,g0u0450,O9,5,4,1,-162538,1.0536e+08
Sr88_g0u0450,38,88,g0u0450,P10,6,5,0,-112853,1.05409e+08
Sr88_g0u0450,38,88,g0u0450,P11,6,5,1,-112804,1.05409e+08
Sr88_g0u0450,38,88,g0u0450,Q12,7,6,0,-82869.2,1.05439e+08
Sr88_g0u0450,38,88,g0u0450,Q13,7,6,1,-82847.4,1.05439e+08
Sr88_g0u0450,38,88,g0u0450,R14,8,7,0,-63428.2,1.05459e+08
Sr88_g0u0450,38,88,g0u0450,R15,8,7,1,-63417.3,1.05459e+08
Sr88_g0u0500,38,88,g0u0500,K1,1,0,1,-3.36381e+06,1.02158e+08
Sr88_g0u0500,38,88,g0u0500,L2,2,1,0,-1.03943e+06,1.04483e+08
Sr88_g0u0500,38,88,g0u0500,L3,2,1,1,-1.02196e+06,1.045e+08
Sr88_g0u0500,38,88,g0u0500,M4,3,2,0,-454931,1.05067e+08
Sr88_g0u0500,38,88,g0u0500,M5,3,2,1,-452961,1.05069e+08
Sr88_g0u0500,38,88,g0u0500,N6,4,3,0,-254661,1.05268e+08
Sr88_g0u0500,38,88,g0u0500,N7,4,3,1,-254249,1.05268e+08
Sr88_g0u0500,38,88,g0u0500,O8,5,4,0,-162664,1.0536e+08
Sr88_g0u0500,38,88,g0u0500,O9,5,4,1,-162538,1.0536e+08
Sr88_g0u0500,38,88,g0u0500,P10,6,5,0,-112853,1.05409e+08
Sr88_g0u0500,38,88,g0u0500,P11,6,5,1,-112804,1.05409e+08
Sr88_g0u0500,38,88,g0u0500,Q12,7,6,0,-82869.2,1.05439e+08
Sr88_g0u0500,38,88,g0u0500,Q13,7,6,1,-82847.4,1.05439e+08
Sr88_g0u0500,38,88,g0u0500,R14,8,7,0,-63428.2,1.05459e+08
Sr88_g0u0500,38,88,g0u0500,R15,8,7,1,-63417.3,1.05459e+08
Sr88_g0u0550,38,88,g0u0550,K1,1,0,1,-3.36381e+06,1.02158e+08
Sr88_g0u0550,38,88,g0u0550,L2,2,1,0,-1.03943e+06,1.04483e+08
Sr88_g0u0550,38,88,g0u0550,L3,2,1,1,-1.02196e+06,1.045e+08
Sr88_g0u0550,38,88,g0u0550,M4,3,2,0,-454931,1.05067e+08
Sr88_g0u0550,38,88,g0u0550,M5,3,2,1,-452961,1.05069e+08
Sr88_g0u0550,38,88,g0u0550,N6,4,3,0,-254661,1.05268e+08
Sr88_g0u0550,38,88,g0u0550,N7,4,3,1,-254249,1.05268e+08
Sr88_g0u0550,38,88,g0u0550,O8,5,4,0,-162664,1.0536e+08
Sr88_g0u0550,38,88,g0u0550,O9,5,4,1,-162538,1.0536e+08
Sr88_g0u0550,38,88,g0u0550,P10,6,5,0,-112853,1.05409e+08
Sr88_g0u0550,38,88,g0u0550,P11,6,5,1,-112804,1.05409e+08
Sr88_g0u0550,38,88,g0u0550,Q12,7,6,0,-82869.2,1.05439e+08
Sr88_g0u0550,38,88,g0u0550,Q13,7,6,1,-82847.4,1.05439e+08
Sr88_g0u0550,38,88,g0u0550,R14,8,7,0,-63428.2,1.05459e+08
Sr88_g0u0550,38,88,g0u0550,R15,8,7,1,-63417.3,1.05459e+08
Sr88_g0u0600,38,88,g0u0600,K1,1,0,1,-3.36381e+06,1.02158e+08
Sr88_g0u0600,38,88,g0u0600,L2,2,1,0,-1.03943e+06,1.04483e+08
Sr88_g0u0600,38,88,g0u0600,L3,2,1,1,-1.02196e+06,1.045e+08
Sr88_g0u0600,38,88,g0u0600,M4,3,2,0,-454931,1.05067e+08
Sr88_g0u0600,38,88,g0u0600,M5,3,2,1,-452961,1.05069e+08
Sr88_g0u0600,38,88,g0u0600,N6,4,3,0,-254661,1.05268e+08
Sr88_g0u0600,38,88,g0u0600,N7,4,3,1,-254249,1.05268e+08
Sr88_g0u0600,38,88,g0u0600,O8,5,4,0,-162664,1.0536e+08
Sr88_g0u0600,38,88,g0u0600,O9,5,4,1,-162538,1.0536e+08
Sr88_g0u0600,38,88,g0u0600,P10,6,5,0,-112853,1.05409e+08
Sr88_g0u0600,38,88,g0u0600,P11,6,5,1,-112804,1.05409e+08
Sr88_g0u0600,38,88,g0u0600,Q12,7,6,0,-82869.2,1.05439e+08
Sr88_g0u0600,38,88,g0u0600,Q13,7,6,1,-82847.4,1.05439e+08
Sr88_g0u0600,38,88,g0u0600,R14,8,7,0,-63428.2,1.05459e+08
Sr88_g0u0600,38,88,g0u0600,R15,8,7,1,-63417.3,1.05459e+08
Sr88_g0u0700,38,88,g0u0700,K1,1,0,1,-3.36381e+06,1.02158e+08
Sr88_g0u0700,38,88,g0u0700,L2,2,1,0,-1.03943e+06,1.04483e+08
Sr88_g0u0700,38,88,g0u0700,L3,2,1,1,-1.02196e+06,1.045e+08
Sr88_g0u0700,38,88,g0u0700,M4,3,2,0,-454931,1.05067e+08
Sr88_g0u0700,38,88,g0u0700,M5,3,2,1,-452961,1.05069e+08
Sr88_g0u0700,38,88,g0u0700,N6,4,3,0,-254661,1.05268e+08
Sr88_g0u0700,38,88,g0u0700,N7,4,3,1,-254249,1.05268e+08
Sr88_g0u0700,38,88,g0u0700,O8,5,4,0,-162664,1.0536e+08
Sr88_g0u0700,38,88,g0u0700,O9,5,4,1,-162538,1.0536e+08
Sr88_g0u0700,38,88,g0u0700,P10,6,5,0,-112853,1.05409e+08
Sr88_g0u0700,38,88,g0u0700,P11,6,5,1,-112804,1.05409e+08
Sr88_g0u0700,38,88,g0u0700,Q12,7,6,0,-82869.2,1.05439e+08
Sr88_g0u0700,38,88,g0u0700,Q13,7,6,1,-82847.4,1.05439e+08
Sr88_g0u0700,38,88,g0u0700,R14,8,7,0,-63428.2,1.05459e+08
Sr88_g0u0700,38,88,g0u0700,R15,8,7,1,-63417.3,1.05459e+08
Sr88_g0u0800,38,88,g0u0800,K1,1,0,1,-3.36381e+06,1.02158e+08
Sr88_g0u0800,38,88,g0u0800,L2,2,1,0,-1.03943e+06,1.04483e+08
Sr88_g0u0800,38,88,g0u0800,L3,2,1,1,-1.02196e+06,1.045e+08
Sr88_g0u0800,38,88,g0u0800,M4,3,2,0,-454931,1.05067e+08
Sr88_g0u0800,38,88,g0u0800,M5,3,2,1,-452961,1.05069e+08
Sr88_g0u0800,38,88,g0u0800,N6,4,3,0,-254661,1.05268e+08
Sr88_g0u0800,38,88,g0u0800,N7,4,3,1,-254249,1.05268e+08
Sr88_g0u0800,38,88,g0u0800,O8,5,4,0,-162664,1.0536e+08
Sr88_g0u0800,38,88,g0u0800,O9,5,4,1,-162538,1.0536e+08
Sr88_g0u0800,38,88,g0u0800,P10,6,5,0,-112853,1.05409e+08
Sr88_g0u0800,38,88,g0u0800,P11,6,5,1,-112804,1.05409e+08
Sr88_g0u0800,38,88,g0u0800,Q12,7,6,0,-82869.2,1.05439e+08
Sr88_g0u0800,38,88,g0u0800,Q13,7,6,1,-82847.4,1.05439e+08
Sr88_g0u0800,38,88,g0u0800,R14,8,7,0,-63428.2,1.05459e+08
Sr88_g0u0800,38,88,g0u0800,R15,8,7,1,-63417.3,1.05459e+08
Sr88_g0u0900,38,88,g0u0900,K1,1,0,1,-3.36381e+06,1.02158e+08
Sr88_g0u0900,38,88,g0u0900,L2,2,1,0,-1.03943e+06,1.04483e+08
Sr88_g0u0900,38,88,g0u0900,L3,2,1,1,-1.02196e+06,1.045e+08
Sr88_g0u0900,38,88,g0u0900,M4,3,2,0,-454931,1.05067e+08
Sr88_g0u0900,38,88,g0u0900,M5,3,2,1,-452961,1.05069e+08
Sr88_g0u0900,38,88,g0u0900,N6,4,3,0,-254661,1.05268e+08
Sr88_g0u0900,38,88,g0u0900,N7,4,3,1,-254249,1.05268e+08
Sr88_g0u0900,38,88,g0u0900,O8,5,4,0,-162664,1.0536e+08
Sr88_g0u0900,38,88,g0u0900,O9,5,4,1,-162538,1.0536e+08
Sr88_g0u0900,38,88,g0u0900,P10,6,5,0,-112853,1.05409e+08
Sr88_g0u0900,38,88,g0u0900,P11,6,5,1,-112804,1.05409e+08
Sr88_g0u0900,38,88,g0u0900,Q12,7,6,0,-82869.2,1.05439e+08
Sr88_g0u0900,38,88,g0u0900,Q13,7,6,1,-82847.4,1.05439e+08
Sr88_g0u0900,38,88,g0u0900,R14,8,7,0,-63428.2,1.05459e+08
Sr88_g0u0900,38,88,g0u0900,R15,8,7,1,-63417.3,1.05459e+08
Sr88_g0u1000,38,88,g0u1000,K1,1,0,1,-3.36381e+06,1.02158e+08
Sr88_g0u1000,38,88,g0u1000,L2,2,1,0,-1.03943e+06,1.04483e+08
Sr88_g0u1000,38,88,g0u1000,L3,2,1,1,-1.02196e+06,1.045e+08
Sr88_g0u1000,38,88,g0u1000,M4,3,2,0,-454931,1.05067e+08
Sr88_g0u1000,38,88,g0u1000,M5,3,2,1,-452961,1.05069e+08
Sr88_g0u1000,38,88,g0u1000,N6,4,3,0,-254661,1.05268e+08
Sr88_g0u1000,38,88,g0u1000,N7,4,3,1,-254249,1.05268e+08
Sr88_g0u1000,38,88,g0u1000,O8,5,4,0,-162664,1.0536e+08
Sr88_g0u1000,38,88,g0u1000,O9,5,4,1,-162538,1.0536e+08
Sr88_g0u1000,38,88,g0u1000,P10,6,5,0,-112853,1.05409e+08
Sr88_g0u1000,38,88,g0u1000,P11,6,5,1,-112804,1.05409e+08
Sr88_g0u1000,38,88,g0u1000,Q12,7,6,0,-82869.2,1.05439e+08
Sr88_g0u1000,38,88,g0u1000,Q13,7,6,1,-82847.4,1.05439e+08
Sr88_g0u1000,38,88,g0u1000,R14,8,7,0,-63428.2,1.05459e+08
Sr88_g0u1000,38,88,g0u1000,R15,8,7,1,-63417.3,1.05459e+08
Sr88_g0u1100,38,88,g0u1100,K1,1,0,1,-3.36381e+06,1.02158e+08
Sr88_g0u1100,38,88,g0u1100,L2,2,1,0,-1.03943e+06,1.04483e+08
Sr88_g0u1100,38,88,g0u1100,L3,2,1,1,-1.02196e+06,1.045e+08
Sr88_g0u1100,38,88,g0u1100,M4,3,2,0,-454931,1.05067e+08
Sr88_g0u1100,38,88,g0u1100,M5,3,2,1,-452961,1.05069e+08
Sr88_g0u1100,38,88,g0u1100,N6,4,3,0,-254661,1.05268e+08
Sr88_g0u1100,38,88,g0u1100,N7,4,3,1,-254249,1.05268e+08
Sr88_g0u1100,38,88,g0u1100,O8,5,4,0,-162664,1.0536e+08
Sr88_g0u1100,38,88,g0u1100,O9,5,4,1,-162538,1.0536e+08
Sr88_g0u1100,38,88,g0u1100,P10,6,5,0,-112853,1.05409e+08
Sr88_g0u1100,38,88,g0u1100,P11,6,5,1,-112804,1.05409e+08
Sr88_g0u1100,38,88,g0u1100,Q12,7,6,0,-82869.2,1.05439e+08
Sr88_g0u1100,38,88,g0u1100,Q13,7,6,1,-82847.4,1.05439e+08
Sr88_g0u1100,38,88,g0u1100,R14,8,7,0,-63428.2,1.05459e+08
Sr88_g0u1100,38,88,g0u1100,R15,8,7,1,-63417.3,1.05459e+08
Sr88_g0u1200,38,88,g0u1200,K1,1,0,1,-3.36381e+06,1.02158e+08
Sr88_g0u1200,38,88,g0u1200,L2,2,1,0,-1.03943e+06,1.04483e+08
Sr88_g0u1200,38,88,g0u1200,L3,2,1,1,-1.02196e+06,1.045e+08
Sr88_g0u1200,38,88,g0u1200,M4,3,2,0,-454931,1.05067e+08
Sr88_g0u1200,38,88,g0u1200,M5,3,2,1,-452961,1.05069e+08
Sr88_g0u1200,38,88,g0u1200,N6,4,3,0,-254661,1.05268e+08
Sr88_g0u1200,38,88,g0u1200,N7,4,3,1,-254249,1.05268e+08
Sr88_g0u1200,38,88,g0u1200,O8,5,4,0,-162664,1.0536e+08
Sr88_g0u1200,38,88,g0u1200,O9,5,4,1,-162538,1.0536e+08
Sr88_g0u1200,38,88,g0u1200,P10,6,5,0,-112853,1.05409e+08
Sr88_g0u1200,38,88,g0u1200,P11,6,5,1,-112804,1.05409e+08
Sr88_g0u1200,38,88,g0u1200,Q12,7,6,0,-82869.2,1.05439e+08
Sr88_g0u1200,38,88,g0u1200,Q13,7,6,1,-82847.4,1.05439e+08
Sr88_g0u1200,38,88,g0u1200,R14,8,7,0,-63428.2,1.05459e+08
Sr88_g0u1200,38,88,g0u1200,R15,8,7,1,-63417.3,1.05459e+08
Sr88_g0u1300,38,88,g0u1300,K1,1,0,1,-3.36381e+06,1.02158e+08
Sr88_g0u1300,38,88,g0u1300,L2,2,1,0,-1.03943e+06,1.04483e+08
Sr88_g0u1300,38,88,g0u1300,L3,2,1,1,-1.02196e+06,1.045e+08
Sr88_g0u1300,38,88,g0u1300,M4,3,2,0,-454931,1.05067e+08
Sr88_g0u1300,38,88,g0u1300,M5,3,2,1,-452961,1.05069e+08
Sr88_g0u1300,38,88,g0u1300,N6,4,3,0,-254661,1.05268e+08
Sr88_g0u1300,38,88,g0u1300,N7,4,3,1,-254249,1.05268e+08
Sr88_g0u1300,38,88,g0u1300,O8,5,4,0,-162664,1.0536e+08
Sr88_g0u1300,38,88,g0u1300,O9,5,4,1,-162538,1.0536e+08
Sr88_g0u1300,38,88,g0u1300,P10,6,5,0,-112853,1.05409e+08
Sr88_g0u1300,38,88,g0u1300,P11,6,5,1,-112804,1.05409e+08
Sr88_g0u1300,38,88,g0u1300,Q12,7,6,0,-82869.2,1.05439e+08
Sr88_g0u1300,38,88,g0u1300,Q13,7,6,1,-82847.4,1.05439e+08
Sr88_g0u1300,38,88,g0u1300,R14,8,7,0,-63428.2,1.05459e+08
Sr88_g0u1300,38,88,g0u1300,R15,8,7,1,-63417.3,1.05459e+08
Sr88_g0u1400,38,88,g0u1400,K1,1,0,1,-3.36381e+06,1.02158e+08
Sr88_g0u1400,38,88,g0u1400,L2,2,1,0,-1.03943e+06,1.04483e+08
Sr88_g0u1400,38,88,g0u1400,L3,2,1,1,-1.02196e+06,1.045e+08
Sr88_g0u1400,38,88,g0u1400,M4,3,2,0,-454931,1.05067e+08
Sr88_g0u1400,38,88,g0u1400,M5,3,2,1,-452961,1.05069e+08
Sr88_g0u1400,38,88,g0u1400,N6,4,3,0,-254661,1.05268e+08
Sr88_g0u1400,38,88,g0u1400,N7,4,3,1,-254249,1.05268e+08
Sr88_g0u1400,38,88,g0u1400,O8,5,4,0,-162664,1.0536e+08
Sr88_g0u1400,38,88,g0u1400,O9,5,4,1,-162538,1.0536e+08
Sr88_g0u1400,38,88,g0u1400,P10,6,5,0,-112853,1.05409e+08
Sr88_g0u1400,38,88,g0u1400,P11,6,5,1,-112804,1.05409e+08
Sr88_g0u1400,38,88,g0u1400,Q12,7,6,0,-82869.2,1.05439e+08
Sr88_g0u1400,38,88,g0u1400,Q13,7,6,1,-82847.4,1.05439e+08
Sr88_g0u1400,38,88,g0u1400,R14,8,7,0,-63428.2,1.05459e+08
Sr88_g0u1400,38,88,g0u1400,R15,8,7,1,-63417.3,1.05459e+08
Sr88_g0u1500,38,88,g0u1500,K1,1,0,1,-3.36381e+06,1.02158e+08
Sr88_g0u1500,38,88,g0u1500,L2,2,1,0,-1.03943e+06,1.04483e+08
Sr88_g0u1500,38,88,g0u1500,L3,2,1,1,-1.02196e+06,1.045e+08
Sr88_g0u1500,38,88,g0u1500,M4,3,2,0,-454931,1.05067e+08
Sr88_g0u1500,38,88,g0u1500,M5,3,2,1,-452961,1.05069e+08
Sr88_g0u1500,38,88,g0u1500,N6,4,3,0,-254661,1.05268e+08
Sr88_g0u1500,38,88,g0u1500,N7,4,3,1,-254249,1.05268e+08
Sr88_g0u1500,38,88,g0u1500,O8,5,4,0,-162664,1.0536e+08
Sr88_g0u1500,38,88,g0u1500,O9,5,4,1,-162538,1.0536e+08
Sr88_g0u1500,38,88,g0u1500,P10,6,5,0,-112853,1.05409e+08
Sr88_g0u1500,38,88,g0u1500,P11,6,5,1,-112804,1.05409e+08
Sr88_g0u1500,38,88,g0u1500,Q12,7,6,0,-82869.2,1.05439e+08
Sr88_g0u1500,38,88,g0u1500,Q13,7,6,1,-82847.4,1.05439e+08
Sr88_g0u1500,38,88,g0u1500,R14,8,7,0,-63428.2,1.05459e+08
Sr88_g0u1500,38,88,g0u1500,R15,8,7,1,-63417.3,1.05459e+08
Sr88_g0u1600,38,88,g0u1600,K1,1,0,1,-3.36381e+06,1.02158e+08
Sr88_g0u1600,38,88,g0u1600,L2,2,1,0,-1.03943e+06,1.04483e+08
Sr88_g0u1600,38,88,g0u1600,L3,2,1,1,-1.02196e+06,1.045e+08
Sr88_g0u1600,38,88,g0u1600,M4,3,2,0,-454931,1.05067e+08
Sr88_g0u1600,38,88,g0u1600,M5,3,2,1,-452961,1.05069e+08
Sr88_g0u1600,38,88,g0u1600,N6,4,3,0,-254661,1.05268e+08
Sr88_g0u1600,38,88,g0u1600,N7,4,3,1,-254249,1.05268e+08
Sr88_g0u1600,38,88,g0u1600,O8,5,4,0,-162664,1.0536e+08
Sr88_g0u1600,38,88,g0u1600,O9,5,4,1,-162538,1.0536e+08
Sr88_g0u1600,38,88,g0u1600,P10,6,5,0,-112853,1.05409e+08
Sr88_g0u1600,38,88,g0u1600,P11,6,5,1,-112804,1.05409e+08
Sr88_g0u1600,38,88,g0u1600,Q12,7,6,0,-82869.2,1.05439e+08
Sr88_g0u1600,38,88,g0u1600,Q13,7,6,1,-82847.4,1.05439e+08
Sr88_g0u1600,38,88,g0u1600,R14,8,7,0,-63428.2,1.05459e+08
Sr88_g0u1600,38,88,g0u1600,R15,8,7,1,-63417.3,1.05459e+08
Sr88_g0u1700,38,88,g0u1700,K1,1,0,1,-3.36382e+06,1.02158e+08
Sr88_g0u1700,38,88,g0u1700,L2,2,1,0,-1.03943e+06,1.04483e+08
Sr88_g0u1700,38,88,g0u1700,L3,2,1,1,-1.02196e+06,1.045e+08
Sr88_g0u1700,38,88,g0u1700,M4,3,2,0,-454931,1.05067e+08
Sr88_g0u1700,38,88,g0u1700,M5,3,2,1,-452961,1.05069e+08
Sr88_g0u1700,38,88,g0u1700,N6,4,3,0,-254661,1.05268e+08
Sr88_g0u1700,38,88,g0u1700,N7,4,3,1,-254249,1.05268e+08
Sr88_g0u1700,38,88,g0u1700,O8,5,4,0,-162664,1.0536e+08
Sr88_g0u1700,38,88,g0u1700,O9,5,4,1,-162538,1.0536e+08
Sr88_g0u1700,38,88,g0u1700,P10,6,5,0,-112853,1.05409e+08
Sr88_g0u1700,38,88,g0u1700,P11,6,5,1,-112804,1.05409e+08
Sr88_g0u1700,38,88,g0u1700,Q12,7,6,0,-82869.2,1.05439e+08
Sr88_g0u1700,38,88,g0u1700,Q13,7,6,1,-82847.4,1.05439e+08
Sr88_g0u1700,38,88,g0u1700,R14,8,7,0,-63428.2,1.05459e+08
Sr88_g0u1700,38,88,g0u1700,R15,8,7,1,-63417.3,1.05459e+08
Sr88_g0u1800,38,88,g0u1800,K1,1,0,1,-3.36408e+06,1.02158e+08
Sr88_g0u1800,38,88,g0u1800,L2,2,1,0,-1.03944e+06,1.04483e+08
Sr88_g0u1800,38,88,g0u1800,L3,2,1,1,-1.02196e+06,1.045e+08
Sr88_g0u1800,38,88,g0u1800,M4,3,2,0,-454931,1.05067e+08
Sr88_g0u1800,38,88,g0u1800,M5,3,2,1,-452961,1.05069e+08
Sr88_g0u1800,38,88,g0u1800,N6,4,3,0,-254661,1.05268e+08
Sr88_g0u1800,38,88,g0u1800,N7,4,3,1,-254249,1.05268e+08
Sr88_g0u1800,38,88,g0u1800,O8,5,4,0,-162664,1.0536e+08
Sr88_g0u1800,38,88,g0u1800,O9,5,4,1,-162538,1.0536e+08
Sr88_g0u1800,38,88,g0u1800,P10,6,5,0,-112853,1.05409e+08
Sr88_g0u1800,38,88,g0u1800,P11,6,5,1,-112804,1.05409e+08
Sr88_g0u1800,38,88,g0u1800,Q12,7,6,0,-82869.2,1.05439e+08
Sr88_g0u1800,38,88,g0u1800,Q13,7,6,1,-82847.4,1.05439e+08
Sr88_g0u1800,38,88,g0u1800,R14,8,7,0,-63428.2,1.05459e+08
Sr88_g0u1800,38,88,g0u1800,R15,8,7,1,-63417.3,1.05459e+08
Sr88_g0u1900,38,88,g0u1900,K1,1,0,1,-3.36482e+06,1.02157e+08
Sr88_g0u1900,38,88,g0u1900,L2,2,1,0,-1.03945e+06,1.04483e+08
Sr88_g0u1900,38,88,g0u1900,L3,2,1,1,-1.02198e+06,1.045e+08
Sr88_g0u1900,38,88,g0u1900,M4,3,2,0,-454931,1.05067e+08
Sr88_g0u1900,38,88,g0u1900,M5,3,2,1,-452961,1.05069e+08
Sr88_g0u1900,38,88,g0u1900,N6,4,3,0,-254661,1.05268e+08
Sr88_g0u1900,38,88,g0u1900,N7,4,3,1,-254249,1.05268e+08
Sr88_g0u1900,38,88,g0u1900,O8,5,4,0,-162664,1.0536e+08
Sr88_g0u1900,38,88,g0u1900,O9,5,4,1,-162538,1.0536e+08
Sr88_g0u1900,38,88,g0u1900,P10,6,5,0,-112853,1.05409e+08
Sr88_g0u1900,38,88,g0u1900,P11,6,5,1,-112804,1.05409e+08
Sr88_g0u1900,38,88,g0u1900,Q12,7,6,0,-82869.2,1.05439e+08
Sr88_g0u1900,38,88,g0u1900,Q13,7,6,1,-82847.4,1.05439e+08
Sr88_g0u1900,38,88,g0u1900,R14,8,7,0,-63428.2,1.05459e+08
Sr88_g0u1900,38,88,g0u1900,R15,8,7,1,-63417.3,1.05459e+08
Sr88_g2u1000,38,88,g2u1000,K1,1,0,1,-3.36381e+06,1.02158e+08
Sr88_g2u1000,38,88,g2u1000,L2,2,1,0,-1.03943e+06,1.04483e+08
Sr88_g2u1000,38,88,g2u1000,L3,2,1,1,-1.02196e+06,1.045e+08
Sr88_g2u1000,38,88,g2u1000,M4,3,2,0,-454931,1.05067e+08
Sr88_g2u1000,38,88,g2u1000,M5,3,2,1,-452961,1.05069e+08
Sr88_g2u1000,38,88,g2u1000,N6,4,3,0,-254661,1.05268e+08
Sr88_g2u1000,38,88,g2u1000,N7,4,3,1,-254249,1.05268e+08
Sr88_g2u1000,38,88,g2u1000,O8,5,4,0,-162664,1.0536e+08
Sr88_g2u1000,38,88,g2u1000,O9,5,4,1,-162538,1.0536e+08
Sr88_g2u1000,38,88,g2u1000,P10,6,5,0,-112853,1.05409e+08
Sr88_g2u1000,38,88,g2u1000,P11,6,5,1,-112804,1.05409e+08
Sr88_g2u1000,38,88,g2u1000,Q12,7,6,0,-82869.2,1.05439e+08
Sr88_g2u1000,38,88,g2u1000,Q13,7,6,1,-82847.4,1.05439e+08
Sr88_g2u1000,38,88,g2u1000,R14,8,7,0,-63428.2,1.05459e+08
Sr88_g2u1000,38,88,g2u1000,R15,8,7,1,-63417.3,1.05459e+08
Zr90_g0u0050,40,90,g0u0050,K1,1,0,1,-3.6687e+06,1.01857e+08
Zr90_g0u0050,40,90,g0u0050,L2,2,1,0,-1.15367e+06,1.04372e+08
Zr90_g0u0050,40,90,g0u0050,L3,2,1,1,-1.13258e+06,1.04393e+08
Zr90_g0u0050,40,90,g0u0050,M4,3,2,0,-504506,1.05021e+08
Zr90_g0u0050,40,90,g0u0050,M5,3,2,1,-502083,1.05023e+08
Zr90_g0u0050,40,90,g0u0050,N6,4,3,0,-282291,1.05243e+08
Zr90_g0u0050,40,90,g0u0050,N7,4,3,1,-281785,1.05243e+08
Zr90_g0u0050,40,90,g0u0050,O8,5,4,0,-180284,1.05345e+08
Zr90_g0u0050,40,90,g0u0050,O9,5,4,1,-180129,1.05345e+08
Zr90_g0u0050,40,90,g0u0050,P10,6,5,0,-125066,1.054e+08
Zr90_g0u0050,40,90,g0u0050,P11,6,5,1,-125007,1.054e+08
Zr90_g0u0050,40,90,g0u0050,Q12,7,6,0,-91833.3,1.05433e+08
Zr90_g0u0050,40,90,g0u0050,Q13,7,6,1,-91806.6,1.05433e+08
Zr90_g0u0050,40,90,g0u0050,R14,8,7,0,-70287.2,1.05455e+08
Zr90_g0u0050,40,90,g0u0050,R15,8,7,1,-70273.9,1.05455e+08
Zr90_g0u0100,40,90,g0u0100,K1,1,0,1,-3.66897e+06,1.01856e+08
Zr90_g0u0100,40,90,g0u0100,L2,2,1,0,-1.15367e+06,1.04372e+08
Zr90_g0u0100,40,90,g0u0100,L3,2,1,1,-1.13258e+06,1.04393e+08
Zr90_g0u0100,40,90,g0u0100,M4,3,2,0,-504507,1.05021e+08
Zr90_g0u0100,40,90,g0u0100,M5,3,2,1,-502084,1.05023e+08
Zr90_g0u0100,40,90,g0u0100,N6,4,3,0,-282292,1.05243e+08
Zr90_g0u0100,40,90,g0u0100,N7,4,3,1,-281786,1.05243e+08
Zr90_g0u0100,40,90,g0u0100,O8,5,4,0,-180284,1.05345e+08
Zr90_g0u0100,40,90,g0u0100,O9,5,4,1,-180129,1.05345e+08
Zr90_g0u0100,40,90,g0u0100,P10,6,5,0,-125066,1.054e+08
Zr90_g0u0100,40,90,g0u0100,P11,6,5,1,-125007,1.054e+08
Zr90_g0u0100,40,90,g0u0100,Q12,7,6,0,-91833.4,1.05433e+08
Zr90_g0u0100,40,90,g0u0100,Q13,7,6,1,-91806.7,1.05433e+08
Zr90_g0u0100,40,90,g0u0100,R14,8,7,0,-70287.3,1.05455e+08
Zr90_g0u0100,40,90,g0u0100,R15,8,7,1,-70273.9,1.05455e+08
Zr90_g0u0150,40,90,g0u0150,K1,1,0,1,-3.66901e+06,1.01856e+08
Zr90_g0u0150,40,90,g0u0150,L2,2,1,0,-1.15367e+06,1.04372e+08
Zr90_g0u0150,40,90,g0u0150,L3,2,1,1,-1.13258e+06,1.04393e+08
Zr90_g0u0150,40,90,g0u0150,M4,3,2,0,-504507,1.05021e+08
Zr90_g0u0150,40,90,g0u0150,M5,3,2,1,-502084,1.05023e+08
Zr90_g0u0150,40,90,g0u0150,N6,4,3,0,-282292,1.05243e+08
Zr90_g0u0150,40,90,g0u0150,N7,4,3,1,-281786,1.05243e+08
Zr90_g0u0150,40,90,g0u0150,O8,5,4,0,-180284,1.05345e+08
Zr90_g0u0150,40,90,g0u0150,O9,5,4,1,-180129,1.05345e+08
Zr90_g0u0150,40,90,g0u0150,P10,6,5,0,-125066,1.054e+08
Zr90_g0u0150,40,90,g0u0150,P11,6,5,1,-125007,1.054e+08
Zr90_g0u0150,40,90,g0u0150,Q12,7,6,0,-91833.4,1.05433e+08
Zr90_g0u0150,40,90,g0u0150,Q13,7,6,1,-91806.7,1.05433e+08
Zr90_g0u0150,40,90,g0u0150,R14,8,7,0,-70287.3,1.05455e+08
Zr90_g0u0150,40,90,g0u0150,R15,8,7,1,-70273.9,1.05455e+08
Zr90_g0u0200,40,90,g0u0200,K1,1,0,1,-3.66903e+06,1.01856e+08
Zr90_g0u0200,40,90,g0u0200,L2,2,1,0,-1.15368e+06,1.04372e+08
Zr90_g0u0200,40,90,g0u0200,L3,2,1,1,-1.13258e+06,1.04393e+08
Zr90_g0u0200,40,90,g0u0200,M4,3,2,0,-504507,1.05021e+08
Zr90_g0u0200,40,90,g0u0200,M5,3,2,1,-502084,1.05023e+08
Zr90_g0u0200,40,90,g0u0200,N6,4,3,0,-282292,1.05243e+08
Zr90_g0u0200,40,90,g0u0200,N7,4,3,1,-281786,1.05243e+08
Zr90_g0u0200,40,90,g0u0200,O8,5,4,0,-180284,1.05345e+08
Zr90_g0u0200,40,90,g0u0200,O9,5,4,1,-180129,1.05345e+08
Zr90_g0u0200,40,90,g0u0200,P10,6,5,0,-125066,1.054e+08
Zr90_g0u0200,40,90,g0u0200,P11,6,5,1,-125007,1.054e+08
Zr90_g0u0200,40,90,g0u0200,Q12,7,6,0,-91833.4,1.05433e+08
Zr90_g0u0200,40,90,g0u0200,Q13,7,6,1,-91806.7,1.05433e+08
Zr90_g0u0200,40,90,g0u0200,R14,8,7,0,-70287.3,1.05455e+08
Zr90_g0u0200,40,90,g0u0200,R15,8,7,1,-70273.9,1.05455e+08
Zr90_g0u0250,40,90,g0u0250,K1,1,0,1,-3.66903e+06,1.01856e+08
Zr90_g0u0250,40,90,g0u0250,L2,2,1,0,-1.15368e+06,1.04372e+08
Zr90_g0u0250,40,90,g0u0250,L3,2,1,1,-1.13258e+06,1.04393e+08
Zr90_g0u0250,40,90,g0u0250,M4,3,2,0,-504507,1.05021e+08
Zr90_g0u0250,40,90,g0u0250,M5,3,2,1,-502084,1.05023e+08
Zr90_g0u0250,40,90,g0u0250,N6,4,3,0,-282292,1.05243e+08
Zr90_g0u0250,40,90,g0u0250,N7,4,3,1,-281786,1.05243e+08
Zr90_g0u0250,40,90,g0u0250,O8,5,4,0,-180284,1.05345e+08
Zr90_g0u0250,40,90,g0u0250,O9,5,4,1,-180129,1.05345e+08
Zr90_g0u0250,40,90,g0u0250,P10,6,5,0,-125066,1.054e+08
Zr90_g0u0250,40,90,g0u0250,P11,6,5,1,-125007,1.054e+08
Zr90_g0u0250,40,90,g0u0250,Q12,7,6,0,-91833.4,1.05433e+08
Zr90_g0u0250,40,90,g0u0250,Q13,7,6,1,-91806.7,1.05433e+08
Zr90_g0u0250,40,90,g0u0250,R14,8,7,0,-70287.3,1.05455e+08
Zr90_g0u0250,40,90,g0u0250,R15,8,7,1,-70273.9,1.05455e+08
Zr90_g0u0300,40,90,g0u0300,K1,1,0,1,-3.66904e+06,1.01856e+08
Zr90_g0u0300,40,90,g0u0300,L2,2,1,0,-1.15368e+06,1.04372e+08
Zr90_g0u0300,40,90,g0u0300,L3,2,1,1,-1.13258e+06,1.04393e+08
Zr90_g0u0300,40,90,g0u0300,M4,3,2,0,-504507,1.05021e+08
Zr90_g0u0300,40,90,g0u0300,M5,3,2,1,-502084,1.05023e+08
Zr90_g0u0300,40,90,g0u0300,N6,4,3,0,-282292,1.05243e+08
Zr90_g0u0300,40,90,g0u0300,N7,4,3,1,-281786,1.05243e+08
Zr90_g0u0300,40,90,g0u0300,O8,5,4,0,-180284,1.05345e+08
Zr90_g0u0300,40,90,g0u0300,O9,5,4,1,-180129,1.05345e+08
Zr90_g0u0300,40,90,g0u0300,P10,6,5,0,-125066,1.054e+08
Zr90_g0u0300,40,90,g0u0300,P11,6,5,1,-125007,1.054e+08
Zr90_g0u0300,40,90,g0u0300,Q12,7,6,0,-91833.4,1.05433e+08
Zr90_g0u0300,40,90,g0u0300,Q13,7,6,1,-91806.7,1.05433e+08
Zr90_g0u0300,40,90,g0u0300,R14,8,7,0,-70287.3,1.05455e+08
Zr90_g0u0300,40,90,g0u0300,R15,8,7,1,-70273.9,1.05455e+08
Zr90_g0u0350,40,90,g0u0350,K1,1,0,1,-3.66904e+06,1.01856e+08
Zr90_g0u0350,40,90,g0u0350,L2,2,1,0,-1.15368e+06,1.04372e+08
Zr90_g0u0350,40,90,g0u0350,L3,2,1,1,-1.13258e+06,1.04393e+08
Zr90_g0u0350,40,90,g0u0350,M4,3,2,0,-504507,1.05021e+08
Zr90_g0u0350,40,90,g0u0350,M5,3,2,1,-502084,1.05023e+08
Zr90_g0u0350,40,90,g0u0350,N6,4,3,0,-282292,1.05243e+08
Zr90_g0u0350,40,90,g0u0350,N7,4,3,1,-281786,1.05243e+08
Zr90_g0u0350,40,90,g0u0350,O8,5,4,0,-180284,1.05345e+08
Zr90_g0u0350,40,90,g0u0350,O9,5,4,1,-180129,1.05345e+08
Zr90_g0u0350,40,90,g0u0350,P10,6,5,0,-125066,1.054e+08
Zr90_g0u0350,40,90,g0u0350,P11,6,5,1,-125007,1.054e+08
Zr90_g0u0350,40,90,g0u0350,Q12,7,6,0,-91833.4,1.05433e+08
Zr90_g0u0350,40,90,g0u0350,Q13,7,6,1,-91806.7,1.05433e+08
Zr90_g0u0350,40,90,g0u0350,R14,8,7,0,-70287.3,1.05455e+08
Zr90_g0u0350,40,90,g0u0350,R15,8,7,1,-70273.9,1.05455e+08
Zr90_g0u0400,40,90,g0u0400,K1,1,0,1,-3.66904e+06,1.01856e+08
Zr90_g0u0400,40,90,g0u0400,L2,2,1,0,-1.15368e+06,1.04372e+08
Zr90_g0u0400,40,90,g0u0400,L3,2,1,1,-1.13258e+06,1.04393e+08
Zr90_g0u0400,40,90,g0u0400,M4,3,2,0,-504507,1.05021e+08
Zr90_g0u0400,40,90,g0u0400,M5,3,2,1,-502084,1.05023e+08
Zr90_g0u0400,40,90,g0u0400,N6,4,3,0,-282292,1.05243e+08
Zr90_g0u0400,40,90,g0u0400,N7,4,3,1,-281786,1.05243e+08
Zr90_g0u0400,40,90,g0u0400,O8,5,4,0,-180284,1.05345e+08
Zr90_g0u0400,40,90,g0u0400,O9,5,4,1,-180129,1.05345e+08
Zr90_g0u0400,40,90,g0u0400,P10,6,5,0,-125066,1.054e+08
Zr90_g0u0400,40,90,g0u0400,P11,6,5,1,-125007,1.054e+08
Zr90_g0u0400,40,90,g0u0400,Q12,7,6,0,-91833.4,1.05433e+08
Zr90_g0u0400,40,90,g0u0400,Q13,7,6,1,-91806.7,1.05433e+08
Zr90_g0u0400,40,90,g0u0400,R14,8,7,0,-70287.3,1.05455e+08
Zr90_g0u0400,40,90,g0u0400,R15,8,7,1,-70273.9,1.05455e+08
Zr90_g0u0450,40,90,g0u0450,K1,1,0,1,-3.66904e+06,1.01856e+08
Zr90_g0u0450,40,90,g0u0450,L2,2,1,0,-1.15368e+06,1.04372e+08
Zr90_g0u0450,40,90,g0u0450,L3,2,1,1,-1.13258e+06,1.04393e+08
Zr90_g0u0450,40,90,g0u0450,M4,3,2,0,-504507,1.05021e+08
Zr90_g0u0450,40,90,g0u0450,M5,3,2,1,-502084,1.05023e+08
Zr90_g0u0450,40,90,g0u0450,N6,4,3,0,-282292,1.05243e+08
Zr90_g0u0450,40,90,g0u0450,N7,4,3,1,-281786,1.05243e+08
Zr90_g0u0450,40,90,g0u0450,O8,5,4,0,-180284,1.05345e+08
Zr90_g0u0450,40,90,g0u0450,O9,5,4,1,-180129,1.05345e+08
Zr90_g0u0450,40,90,g0u0450,P10,6,5,0,-125066,1.054e+08
Zr90_g0u0450,40,90,g0u0450,P11,6,5,1,-125007,1.054e+08
Zr90_g0u0450,40,90,g0u0450,Q12,7,6,0,-91833.4,1.05433e+08
Zr90_g0u0450,40,90,g0u0450,Q13,7,6,1,-91806.7,1.05433e+08
Zr90_g0u0450,40,90,g0u0450,R14,8,7,0,-70287.3,1.05455e+08
Zr90_g0u0450,40,90,g0u0450,R15,8,7,1,-70273.9,1.05455e+08
Zr90_g0u0500,40,90,g0u0500,K1,1,0,1,-3.66904e+06,1.01856e+08
Zr90_g0u0500,40,90,g0u0500,L2,2,1,0,-1.15368e+06,1.04372e+08
Zr90_g0u0500,40,90,g0u0500,L3,2,1,1,-1.13258e+06,1.04393e+08
Zr90_g0u0500,40,90,g0u0500,M4,3,2,0,-504507,1.05021e+08
Zr90_g0u0500,40,90,g0u0500,M5,3,2,1,-502084,1.05023e+08
Zr90_g0u0500,40,90,g0u0500,N6,4,3,0,-282292,1.05243e+08
Zr90_g0u0500,40,90,g0u0500,N7,4,3,1,-281786,1.05243e+08
Zr90_g0u0500,40,90,g0u0500,O8,5,4,0,-180284,1.05345e+08
Zr90_g0u0500,40,90,g0u0500,O9,5,4,1,-180129,1.05345e+08
Zr90_g0u0500,40,90,g0u0500,P10,6,5,0,-125066,1.054e+08
Zr90_g0u0500,40,90,g0u0500,P11,6,5,1,-125007,1.054e+08
Zr90_g0u0500,40,90,g0u0500,Q12,7,6,0,-91833.4,1.05433e+08
Zr90_g0u0500,40,90,g0u0500,Q13,7,6,1,-91806.7,1.05433e+08
Zr90_g0u0500,40,90,g0u0500,R14,8,7,0,-70287.3,1.05455e+08
Zr90_g0u0500,40,90,g0u0500,R15,8,7,1,-70273.9,1.05455e+08
Zr90_g0u0550,40,90,g0u0550,K1,1,0,1,-3.66904e+06,1.01856e+08
Zr90_g0u0550,40,90,g0u0550,L2,2,1,0,-1.15368e+06,1.04372e+08
Zr90_g0u0550,40,90,g0u0550,L3,2,1,1,-1.13258e+06,1.04393e+08
Zr90_g0u0550,40,90,g0u0550,M4,3,2,0,-504507,1.05021e+08
Zr90_g0u0550,40,90,g0u0550,M5,3,2,1,-502084,1.05023e+08
Zr90_g0u0550,40,90,g0u0550,N6,4,3,0,-282292,1.05243e+08
Zr90_g0u0550,40,90,g0u0550,N7,4,3,1,-281786,1.05243e+08
Zr90_g0u0550,40,90,g0u0550,O8,5,4,0,-180284,1.05345e+08
Zr90_g0u0550,40,90,g0u0550,O9,5,4,1,-180129,1.05345e+08
Zr90_g0u0550,40,90,g0u0550,P10,6,5,0,-125066,1.054e+08
Zr90_g0u0550,40,90,g0u0550,P11,6,5,1,-125007,1.054e+08
Zr90_g0u0550,40,90,g0u0550,Q12,7,6,0,-91833.4,1.05433e+08
Zr90_g0u0550,40,90,g0u0550,Q13,7,6,1,-91806.7,1.05433e+08
Zr90_g0u0550,40,90,g0u0550,R14,8,7,0,-70287.3,1.05455e+08
Zr90_g0u0550,40,90,g0u0550,R15,8,7,1,-70273.9,1.05455e+08
Zr90_g0u0600,40,90,g0u0600,K1,1,0,1,-3.66905e+06,1.01856e+08
Zr90_g0u0600,40,90,g0u0600,L2,2,1,0,-1.15368e+06,1.04372e+08
Zr90_g0u0600,40,90,g0u0600,L3,2,1,1,-1.13258e+06,1.04393e+08
Zr90_g0u0600,40,90,g0u0600,M4,3,2,0,-504507,1.05021e+08
Zr90_g0u0600,40,90,g0u0600,M5,3,2,1,-502084,1.05023e+08
Zr90_g0u0600,40,90,g0u0600,N6,4,3,0,-282292,1.05243e+08
Zr90_g0u0600,40,90,g0u0600,N7,4,3,1,-281786,1.05243e+08
Zr90_g0u0600,40,90,g0u0600,O8,5,4,0,-180284,1.05345e+08
Zr90_g0u0600,40,90,g0u0600,O9,5,4,1,-180129,1.05345e+08
Zr90_g0u0600,40,90,g0u0600,P10,6,5,0,-125066,1.054e+08
Zr90_g0u0600,40,90,g0u0600,P11,6,5,1,-125007,1.054e+08
Zr90_g0u0600,40,90,g0u0600,Q12,7,6,0,-91833.4,1.05433e+08
Zr90_g0u0600,40,90,g0u0600,Q13,7,6,1,-91806.7,1.05433e+08
Zr90_g0u0600,40,90,g0u0600,R14,8,7,0,-70287.3,1.05455e+08
Zr90_g0u0600,40,90,g0u0600,R15,8,7,1,-70273.9,1.05455e+08
Zr90_g0u0700,40,90,g0u0700,K1,1,0,1,-3.66905e+06,1.01856e+08
Zr90_g0u0700,40,90,g0u0700,L2,2,1,0,-1.15368e+06,1.04372e+08
Zr90_g0u0700,40,90,g0u0700,L3,2,1,1,-1.13258e+06,1.04393e+08
Zr90_g0u0700,40,90,g0u0700,M4,3,2,0,-504507,1.05021e+08
Zr90_g0u0700,40,90,g0u0700,M5,3,2,1,-502084,1.05023e+08
Zr90_g0u0700,40,90,g0u0700,N6,4,3,0,-282292,1.05243e+08
Zr90_g0u0700,40,90,g0u0700,N7,4,3,1,-281786,1.05243e+08
Zr90_g0u0700,40,90,g0u0700,O8,5,4,0,-180284,1.05345e+08
Zr90_g0u0700,40,90,g0u0700,O9,5,4,1,-180129,1.05345e+08
Zr90_g0u0700,40,90,g0u0700,P10,6,5,0,-125066,1.054e+08
Zr90_g0u0700,40,90,g0u0700,P11,6,5,1,-125007,1.054e+08
Zr90_g0u0700,40,90,g0u0700,Q12,7,6,0,-91833.4,1.05433e+08
Zr90_g0u0700,40,90,g0u0700,Q13,7,6,1,-91806.7,1.05433e+08
Zr90_g0u0700,40,90,g0u0700,R14,8,7,0,-70287.3,1.05455e+08
Zr90_g0u0700,40,90,g0u0700,R15,8,7,1,-70273.9,1.05455e+08
Zr90_g0u0800,40,90,g0u0800,K1,1,0,1,-3.66905e+06,1.01856e+08
Zr90_g0u0800,40,90,g0u0800,L2,2,1,0,-1.15368e+06,1.04372e+08
Zr90_g0u0800,40,90,g0u0800,L3,2,1,1,-1.13258e+06,1.04393e+08
Zr90_g0u0800,40,90,g0u0800,M4,3,2,0,-504507,1.05021e+08
Zr90_g0u0800,40,90,g0u0800,M5,3,2,1,-502084,1.05023e+08
Zr90_g0u0800,40,90,g0u0800,N6,4,3,0,-282292,1.05243e+08
Zr90_g0u0800,40,90,g0u0800,N7,4,3,1,-281786,1.05243e+08
Zr90_g0u0800,40,90,g0u0800,O8,5,4,0,-180284,1.05345e+08
Zr90_g0u0800,40,90,g0u0800,O9,5,4,1,-180129,1.05345e+08
Zr90_g0u0800,40,90,g0u0800,P10,6,5,0,-125066,1.054e+08
Zr90_g0u0800,40,90,g0u0800,P11,6,5,1,-125007,1.054e+08
Zr90_g0u0800,40,90,g0u0800,Q12,7,6,0,-91833.4,1.05433e+08
Zr90_g0u0800,40,90,g0u0800,Q13,7,6,1,-91806.7,1.05433e+08
Zr90_g0u0800,40,90,g0u0800,R14,8,7,0,-70287.3,1.05455e+08
Zr90_g0u0800,40,90,g0u0800,R15,8,7,1,-70273.9,1.05455e+08
Zr90_g0u0900,40,90,g0u0900,K1,1,0,1,-3.66905e+06,1.01856e+08
Zr90_g0u0900,40,90,g0u0900,L2,2,1,0,-1.15368e+06,1.04372e+08
Zr90_g0u0900,40,90,g0u0900,L3,2,1,1,-1.13258e+06,1.04393e+08
Zr90_g0u0900,40,90,g0u0900,M4,3,2,0,-504507,1.05021e+08
Zr90_g0u0900,40,90,g0u0900,M5,3,2,1,-502084,1.05023e+08
Zr90_g0u0900,40,90,g0u0900,N6,4,3,0,-282292,1.05243e+08
Zr90_g0u0900,40,90,g0u0900,N7,4,3,1,-281786,1.05243e+08
Zr90_g0u0900,40,90,g0u0900,O8,5,4,0,-180284,1.05345e+08
Zr90_g0u0900,40,90,g0u0900,O9,5,4,1,-180129,1.05345e+08
Zr90_g0u0900,40,90,g0u0900,P10,6,5,0,-125066,1.054e+08
Zr90_g0u0900,40,90,g0u0900,P11,6,5,1,-125007,1.054e+08
Zr90_g0u0900,40,90,g0u0900,Q12,7,6,0,-91833.4,1.05433e+08
Zr90_g0u0900,40,90,g0u0900,Q13,7,6,1,-91806.7,1.05433e+08
Zr90_g0u0900,40,90,g0u0900,R14,8,7,0,-70287.3,1.05455e+08
Zr90_g0u0900,40,90,g0u0900,R15,8,7,1,-70273.9,1.05455e+08
Zr90_g0u1000,40,90,g0u1000,K1,1,0,1,-3.66905e+06,1.01856e+08
Zr90_g0u1000,40,90,g0u1000,L2,2,1,0,-1.15368e+06,1.04372e+08
Zr90_g0u1000,40,90,g0u1000,L3,2,1,1,-1.13258e+06,1.04393e+08
Zr90_g0u1000,40,90,g0u1000,M4,3,2,0,-504507,1.05021e+08
Zr90_g0u1000,40,90,g0u1000,M5,3,2,1,-502084,1.05023e+08
Zr90_g0u1000,40,90,g0u1000,N6,4,3,0,-282292,1.05243e+08
Zr90_g0u1000,40,90,g0u1000,N7,4,3,1,-281786,1.05243e+08
Zr90_g0u1000,40,90,g0u1000,O8,5,4,0,-180284,1.05345e+08
Zr90_g0u1000,40,90,g0u1000,O9,5,4,1,-180129,1.05345e+08
Zr90_g0u1000,40,90,g0u1000,P10,6,5,0,-125066,1.054e+08
Zr90_g0u1000,40,90,g0u1000,P11,6,5,1,-125007,1.054e+08
Zr90_g0u1000,40,90,g0u1000,Q12,7,6,0,-91833.4,1.05433e+08
Zr90_g0u1000,40,90,g0u1000,Q13,7,6,1,-91806.7,1.05433e+08
Zr90_g0u1000,40,90,g0u1000,R14,8,7,0,-70287.3,1.05455e+08
Zr90_g0u1000,40,90,g0u1000,R15,8,7,1,-70273.9,1.05455e+08
Zr90_g0u1100,40,90,g0u1100,K1,1,0,1,-3.66905e+06,1.01856e+08
Zr90_g0u1100,40,90,g0u1100,L2,2,1,0,-1.15368e+06,1.04372e+08
Zr90_g0u1100,40,90,g0u1100,L3,2,1,1,-1.13258e+06,1.04393e+08
Zr90_g0u1100,40,90,g0u1100,M4,3,2,0,-504507,1.05021e+08
Zr90_g0u1100,40,90,g0u1100,M5,3,2,1,-502084,1.05023e+08
Zr90_g0u1100,40,90,g0u1100,N6,4,3,0,-282292,1.05243e+08
Zr90_g0u1100,40,90,g0u1100,N7,4,3,1,-281786,1.05243e+08
Zr90_g0u1100,40,90,g0u1100,O8,5,4,0,-180284,1.05345e+08
Zr90_g0u1100,40,90,g0u1100,O9,5,4,1,-180129,1.05345e+08
Zr90_g0u1100,40,90,g0u1100,P10,6,5,0,-125066,1.054e+08
Zr90_g0u1100,40,90,g0u1100,P11,6,5,1,-125007,1.054e+08
Zr90_g0u1100,40,90,g0u1100,Q12,7,6,0,-91833.4,1.05433e+08
Zr90_g0u1100,40,90,g0u1100,Q13,7,6,1,-91806.7,1.05433e+08
Zr90_g0u1100,40,90,g0u1100,R14,8,7,0,-70287.3,1.05455e+08
Zr90_g0u1100,40,90,g0u1100,R15,8,7,1,-70273.9,1.05455e+08
Zr90_g0u1200,40,90,g0u1200,K1,1,0,1,-3.66905e+06,1.01856e+08
Zr90_g0u1200,40,90,g0u1200,L2,2,1,0,-1.15368e+06,1.04372e+08
Zr90_g0u1200,40,90,g0u1200,L3,2,1,1,-1.13258e+06,1.04393e+08
Zr90_g0u1200,40,90,g0u1200,M4,3,2,0,-504507,1.05021e+08
Zr90_g0u1200,40,90,g0u1200,M5,3,2,1,-502084,1.05023e+08
Zr90_g0u1200,40,90,g0u1200,N6,4,3,0,-282292,1.05243e+08
Zr90_g0u1200,40,90,g0u1200,N7,4,3,1,-281786,1.05243e+08
Zr90_g0u1200,40,90,g0u1200,O8,5,4,0,-180284,1.05345e+08
Zr90_g0u1200,40,90,g0u1200,O9,5,4,1,-180129,1.05345e+08
Zr90_g0u1200,40,90,g0u1200,P10,6,5,0,-125066,1.054e+08
Zr90_g0u1200,40,90,g0u1200,P11,6,5,1,-125007,1.054e+08
Zr90_g0u1200,40,90,g0u1200,Q12,7,6,0,-91833.4,1.05433e+08
Zr90_g0u1200,40,90,g0u1200,Q13,7,6,1,-91806.7,1.05433e+08
Zr90_g0u1200,40,90,g0u1200,R14,8,7,0,-70287.3,1.05455e+08
Zr90_g0u1200,40,90,g0u1200,R15,8,7,1,-70273.9,1.05455e+08
Zr90_g0u1300,40,90,g0u1300,K1,1,0,1,-3.66905e+06,1.01856e+08
Zr90_g0u1300,40,90,g0u1300,L2,2,1,0,-1.15368e+06,1.04372e+08
Zr90_g0u1300,40,90,g0u1300,L3,2,1,1,-1.13258e+06,1.04393e+08
Zr90_g0u1300,40,90,g0u1300,M4,3,2,0,-504507,1.05021e+08
Zr90_g0u1300,40,90,g0u1300,M5,3,2,1,-502084,1.05023e+08
Zr90_g0u1300,40,90,g0u1300,N6,4,3,0,-282292,1.05243e+08
Zr90_g0u1300,40,90,g0u1300,N7,4,3,1,-281786,1.05243e+08
Zr90_g0u1300,40,90,g0u1300,O8,5,4,0,-180284,1.05345e+08
Zr90_g0u1300,40,90,g0u1300,O9,5,4,1,-180129,1.05345e+08
Zr90_g0u1300,40,90,g0u1300,P10,6,5,0,-125066,1.054e+08
Zr90_g0u1300,40,90,g0u1300,P11,6,5,1,-125007,1.054e+08
Zr90_g0u1300,40,90,g0u1300,Q12,7,6,0,-91833.4,1.05433e+08
Zr90_g0u1300,40,90,g0u1300,Q13,7,6,1,-91806.7,1.05433e+08
Zr90_g0u1300,40,90,g0u1300,R14,8,7,0,-70287.3,1.05455e+08
Zr90_g0u1300,40,90,g0u1300,R15,8,7,1,-70273.9,1.05455e+08
Zr90_g0u1400,40,90,g0u1400,K1,1,0,1,-3.66905e+06,1.01856e+08
Zr90_g0u1400,40,90,g0u1400,L2,2,1,0,-1.15368e+06,1.04372e+08
Zr90_g0u1400,40,90,g0u1400,L3,2,1,1,-1.13258e+06,1.04393e+08
Zr90_g0u1400,40,90,g0u1400,M4,3,2,0,-504507,1.05021e+08
Zr90_g0u1400,40,90,g0u1400,M5,3,2,1,-502084,1.05023e+08
Zr90_g0u1400,40,90,g0u1400,N6,4,3,0,-282292,1.05243e+08
Zr90_g0u1400,40,90,g0u1400,N7,4,3,1,-281786,1.05243e+08
Zr90_g0u1400,40,90,g0u1400,O8,5,4,0,-180284,1.05345e+08
Zr90_g0u1400,40,90,g0u1400,O9,5,4,1,-180129,1.05345e+08
Zr90_g0u1400,40,90,g0u1400,P10,6,5,0,-125066,1.054e+08
Zr90_g0u1400,40,90,g0u1400,P11,6,5,1,-125007,1.054e+08
Zr90_g0u1400,40,90,g0u1400,Q12,7,6,0,-91833.4,1.05433e+08
Zr90_g0u1400,40,90,g0u1400,Q13,7,6,1,-91806.7,1.05433e+08
Zr90_g0u1400,40,90,g0u1400,R14,8,7,0,-70287.3,1.05455e+08
Zr90_g0u1400,40,90,g0u1400,R15,8,7,1,-70273.9,1.05455e+08
Zr90_g0u1500,40,90,g0u1500,K1,1,0,1,-3.66905e+06,1.01856e+08
Zr90_g0u1500,40,90,g0u1500,L2,2,1,0,-1.15368e+06,1.04372e+08
Zr90_g0u1500,40,90,g0u1500,L3,2,1,1,-1.13258e+06,1.04393e+08
Zr90_g0u1500,40,90,g0u1500,M4,3,2,0,-504507,1.05021e+08
Zr90_g0u1500,40,90,g0u1500,M5,3,2,1,-502084,1.05023e+08
Zr90_g0u1500,40,90,g0u1500,N6,4,3,0,-282292,1.05243e+08
Zr90_g0u1500,40,90,g0u1500,N7,4,3,1,-281786,1.05243e+08
Zr90_g0u1500,40,90,g0u1500,O8,5,4,0,-180284,1.05345e+08
Zr90_g0u1500,40,90,g0u1500,O9,5,4,1,-180129,1.05345e+08
Zr90_g0u1500,40,90,g0u1500,P10,6,5,0,-125066,1.054e+08
Zr90_g0u1500,40,90,g0u1500,P11,6,5,1,-125007,1.054e+08
Zr90_g0u1500,40,90,g0u1500,Q12,7,6,0,-91833.4,1.05433e+08
Zr90_g0u1500,40,90,g0u1500,Q13,7,6,1,-91806.7,1.05433e+08
Zr90_g0u1500,40,90,g0u1500,R14,8,7,0,-70287.3,1.05455e+08
Zr90_g0u1500,40,90,g0u1500,R15,8,7,1,-70273.9,1.05455e+08
Zr90_g0u1600,40,90,g0u1600,K1,1,0,1,-3.66904e+06,1.01856e+08
Zr90_g0u1600,40,90,g0u1600,L2,2,1,0,-1.15368e+06,1.04372e+08
Zr90_g0u1600,40,90,g0u1600,L3,2,1,1,-1.13258e+06,1.04393e+08
Zr90_g0u1600,40,90,g0u1600,M4,3,2,0,-504507,1.05021e+08
Zr90_g0u1600,40,90,g0u1600,M5,3,2,1,-502084,1.05023e+08
Zr90_g0u1600,40,90,g0u1600,N6,4,3,0,-282292,1.05243e+08
Zr90_g0u1600,40,90,g0u1600,N7,4,3,1,-281786,1.05243e+08
Zr90_g0u1600,40,90,g0u1600,O8,5,4,0,-180284,1.05345e+08
Zr90_g0u1600,40,90,g0u1600,O9,5,4,1,-180129,1.05345e+08
Zr90_g0u1600,40,90,g0u1600,P10,6,5,0,-125066,1.054e+08
Zr90_g0u1600,40,90,g0u1600,P11,6,5,1,-125007,1.054e+08
Zr90_g0u1600,40,90,g0u1600,Q12,7,6,0,-91833.4,1.05433e+08
Zr90_g0u1600,40,90,g0u1600,Q13,7,6,1,-91806.7,1.05433e+08
Zr90_g0u1600,40,90,g0u1600,R14,8,7,0,-70287.3,1.05455e+08
Zr90_g0u1600,40,90,g0u1600,R15,8,7,1,-70273.9,1.05455e+08
Zr90_g0u1700,40,90,g0u1700,K1,1,0,1,-3.66903e+06,1.01856e+08
Zr90_g0u1700,40,90,g0u1700,L2,2,1,0,-1.15368e+06,1.04372e+08
Zr90_g0u1700,40,90,g0u1700,L3,2,1,1,-1.13258e+06,1.04393e+08
Zr90_g0u1700,40,90,g0u1700,M4,3,2,0,-504507,1.05021e+08
Zr90_g0u1700,40,90,g0u1700,M5,3,2,1,-502084,1.05023e+08
Zr90_g0u1700,40,90,g0u1700,N6,4,3,0,-282292,1.05243e+08
Zr90_g0u1700,40,90,g0u1700,N7,4,3,1,-281786,1.05243e+08
Zr90_g0u1700,40,90,g0u1700,O8,5,4,0,-180284,1.05345e+08
Zr90_g0u1700,40,90,g0u1700,O9,5,4,1,-180129,1.05345e+08
Zr90_g0u1700,40,90,g0u1700,P10,6,5,0,-125066,1.054e+08
Zr90_g0u1700,40,90,g0u1700,P11,6,5,1,-125007,1.054e+08
Zr90_g0u1700,40,90,g0u1700,Q12,7,6,0,-91833.4,1.05433e+08
Zr90_g0u1700,40,90,g0u1700,Q13,7,6,1,-91806.7,1.05433e+08
Zr90_g0u1700,40,90,g0u1700,R14,8,7,0,-70287.3,1.05455e+08
Zr90_g0u1700,40,90,g0u1700,R15,8,7,1,-70273.9,1.05455e+08
Zr90_g0u1800,40,90,g0u1800,K1,1,0,1,-3.66897e+06,1.01856e+08
Zr90_g0u1800,40,90,g0u1800,L2,2,1,0,-1.15367e+06,1.04372e+08
Zr90_g0u1800,40,90,g0u1800,L3,2,1,1,-1.13258e+06,1.04393e+08
Zr90_g0u1800,40,90,g0u1800,M4,3,2,0,-504507,1.05021e+08
Zr90_g0u1800,40,90,g0u1800,M5,3,2,1,-502084,1.05023e+08
Zr90_g0u1800,40,90,g0u1800,N6,4,3,0,-282292,1.05243e+08
Zr90_g0u1800,40,90,g0u1800,N7,4,3,1,-281786,1.05243e+08
Zr90_g0u1800,40,90,g0u1800,O8,5,4,0,-180284,1.05345e+08
Zr90_g0u1800,40,90,g0u1800,O9,5,4,1,-180129,1.05345e+08
Zr90_g0u1800,40,90,g0u1800,P10,6,5,0,-125066,1.054e+08
Zr90_g0u1800,40,90,g0u1800,P11,6,5,1,-125007,1.054e+08
Zr90_g0u1800,40,90,g0u1800,Q12,7,6,0,-91833.4,1.05433e+08
Zr90_g0u1800,40,90,g0u1800,Q13,7,6,1,-91806.7,1.05433e+08
Zr90_g0u1800,40,90,g0u1800,R14,8,7,0,-70287.3,1.05455e+08
Zr90_g0u1800,40,90,g0u1800,R15,8,7,1,-70273.9,1.05455e+08
Zr90_g0u1900,40,90,g0u1900,K1,1,0,1,-3.66822e+06,1.01857e+08
Zr90_g0u1900,40,90,g0u1900,L2,2,1,0,-1.15365e+06,1.04372e+08
Zr90_g0u1900,40,90,g0u1900,L3,2,1,1,-1.13256e+06,1.04393e+08
Zr90_g0u1900,40,90,g0u1900,M4,3,2,0,-504507,1.05021e+08
Zr90_g0u1900,40,90,g0u1900,M5,3,2,1,-502084,1.05023e+08
Zr90_g0u1900,40,90,g0u1900,N6,4,3,0,-282292,1.05243e+08
Zr90_g0u1900,40,90,g0u1900,N7,4,3,1,-281786,1.05243e+08
Zr90_g0u1900,40,90,g0u1900,O8,5,4,0,-180284,1.05345e+08
Zr90_g0u1900,40,90,g0u1900,O9,5,4,1,-180129,1.05345e+08
Zr90_g0u1900,40,90,g0u1900,P10,6,5,0,-125066,1.054e+08
Zr90_g0u1900,40,90,g0u1900,P11,6,5,1,-125007,1.054e+08
Zr90_g0u1900,40,90,g0u1900,Q12,7,6,0,-91833.4,1.05433e+08
Zr90_g0u1900,40,90,g0u1900,Q13,7,6,1,-91806.7,1.05433e+08
Zr90_g0u1900,40,90,g0u1900,R14,8,7,0,-70287.3,1.05455e+08
Zr90_g0u1900,40,90,g0u1900,R15,8,7,1,-70273.9,1.05455e+08
Zr90_g2u1000,40,90,g2u1000,K1,1,0,1,-3.66905e+06,1.01856e+08
Zr90_g2u1000,40,90,g2u1000,L2,2,1,0,-1.15368e+06,1.04372e+08
Zr90_g2u1000,40,90,g2u1000,L3,2,1,1,-1.13258e+06,1.04393e+08
Zr90_g2u1000,40,90,g2u1000,M4,3,2,0,-504507,1.05021e+08
Zr90_g2u1000,40,90,g2u1000,M5,3,2,1,-502084,1.05023e+08
Zr90_g2u1000,40,90,g2u1000,N6,4,3,0,-282292,1.05243e+08
Zr90_g2u1000,40,90,g2u1000,N7,4,3,1,-281786,1.05243e+08
Zr90_g2u1000,40,90,g2u1000,O8,5,4,0,-180284,1.05345e+08
Zr90_g2u1000,40,90,g2u1000,O9,5,4,1,-180129,1.05345e+08
Zr90_g2u1000,40,90,g2u1000,P10,6,5,0,-125066,1.054e+08
Zr90_g2u1000,40,90,g2u1000,P11,6,5,1,-125007,1.054e+08
Zr90_g2u1000,40,90,g2u1000,Q12,7,6,0,-91833.4,1.05433e+08
Zr90_g2u1000,40,90,g2u1000,Q13,7,6,1,-91806.7,1.05433e+08
Zr90_g2u1000,40,90,g2u1000,R14,8,7,0,-70287.3,1.05455e+08
Zr90_g2u1000,40,90,g2u1000,R15,8,7,1,-70273.9,1.05455e+08
Nb93_g0u0050,41,93,g0u0050,K1,1,0,1,-3.81591e+06,1.01714e+08
Nb93_g0u0050,41,93,g0u0050,L2,2,1,0,-1.21296e+06,1.04317e+08
Nb93_g0u0050,41,93,g0u0050,L3,2,1,1,-1.18995e+06,1.0434e+08
Nb93_g0u0050,41,93,g0u0050,M4,3,2,0,-530291,1.04999e+08
Nb93_g0u0050,41,93,g0u0050,M5,3,2,1,-527615,1.05002e+08
Nb93_g0u0050,41,93,g0u0050,N6,4,3,0,-296654,1.05233e+08
Nb93_g0u0050,41,93,g0u0050,N7,4,3,1,-296096,1.05233e+08
Nb93_g0u0050,41,93,g0u0050,O8,5,4,0,-189441,1.0534e+08
Nb93_g0u0050,41,93,g0u0050,O9,5,4,1,-189270,1.0534e+08
Nb93_g0u0050,41,93,g0u0050,P10,6,5,0,-131413,1.05398e+08
Nb93_g0u0050,41,93,g0u0050,P11,6,5,1,-131347,1.05398e+08
Nb93_g0u0050,41,93,g0u0050,Q12,7,6,0,-96491.2,1.05433e+08
Nb93_g0u0050,41,93,g0u0050,Q13,7,6,1,-96461.7,1.05433e+08
Nb93_g0u0050,41,93,g0u0050,R14,8,7,0,-73851.1,1.05456e+08
Nb93_g0u0050,41,93,g0u0050,R15,8,7,1,-73836.3,1.05456e+08
Nb93_g0u0100,41,93,g0u0100,K1,1,0,1,-3.81618e+06,1.01713e+08
Nb93_g0u0100,41,93,g0u0100,L2,2,1,0,-1.21297e+06,1.04317e+08
Nb93_g0u0100,41,93,g0u0100,L3,2,1,1,-1.18995e+06,1.0434e+08
Nb93_g0u0100,41,93,g0u0100,M4,3,2,0,-530293,1.04999e+08
Nb93_g0u0100,41,93,g0u0100,M5,3,2,1,-527616,1.05002e+08
Nb93_g0u0100,41,93,g0u0100,N6,4,3,0,-296655,1.05233e+08
Nb93_g0u0100,41,93,g0u0100,N7,4,3,1,-296096,1.05233e+08
Nb93_g0u0100,41,93,g0u0100,O8,5,4,0,-189441,1.0534e+08
Nb93_g0u0100,41,93,g0u0100,O9,5,4,1,-189270,1.0534e+08
Nb93_g0u0100,41,93,g0u0100,P10,6,5,0,-131413,1.05398e+08
Nb93_g0u0100,41,93,g0u0100,P11,6,5,1,-131347,1.05398e+08
Nb93_g0u0100,41,93,g0u0100,Q12,7,6,0,-96491.2,1.05433e+08
Nb93_g0u0100,41,93,g0u0100,Q13,7,6,1,-96461.8,1.05433e+08
Nb93_g0u0100,41,93,g0u0100,R14,8,7,0,-73851.1,1.05456e+08
Nb93_g0u0100,41,93,g0u0100,R15,8,7,1,-73836.4,1.05456e+08
Nb93_g0u0150,41,93,g0u0150,K1,1,0,1,-3.81623e+06,1.01713e+08
Nb93_g0u0150,41,93,g0u0150,L2,2,1,0,-1.21297e+06,1.04317e+08
Nb93_g0u0150,41,93,g0u0150,L3,2,1,1,-1.18995e+06,1.0434e+08
Nb93_g0u0150,41,93,g0u0150,M4,3,2,0,-530293,1.04999e+08
Nb93_g0u0150,41,93,g0u0150,M5,3,2,1,-527617,1.05002e+08
Nb93_g0u0150,41,93,g0u0150,N6,4,3,0,-296655,1.05233e+08
Nb93_g0u0150,41,93,g0u0150,N7,4,3,1,-296096,1.05233e+08
Nb93_g0u0150,41,93,g0u0150,O8,5,4,0,-189441,1.0534e+08
Nb93_g0u0150,41,93,g0u0150,O9,5,4,1,-189270,1.0534e+08
Nb93_g0u0150,41,93,g0u0150,P10,6,5,0,-131413,1.05398e+08
Nb93_g0u0150,41,93,g0u0150,P11,6,5,1,-131347,1.05398e+08
Nb93_g0u0150,41,93,g0u0150,Q12,7,6,0,-96491.2,1.05433e+08
Nb93_g0u0150,41,93,g0u0150,Q13,7,6,1,-96461.8,1.05433e+08
Nb93_g0u0150,41,93,g0u0150,R14,8,7,0,-73851.1,1.05456e+08
Nb93_g0u0150,41,93,g0u0150,R15,8,7,1,-73836.4,1.05456e+08
Nb93_g0u0200,41,93,g0u0200,K1,1,0,1,-3.81625e+06,1.01713e+08
Nb93_g0u0200,41,93,g0u0200,L2,2,1,0,-1.21297e+06,1.04317e+08
Nb93_g0u0200,41,93,g0u0200,L3,2,1,1,-1.18995e+06,1.0434e+08
Nb93_g0u0200,41,93,g0u0200,M4,3,2,0,-530293,1.04999e+08
Nb93_g0u0200,41,93,g0u0200,M5,3,2,1,-527617,1.05002e+08
Nb93_g0u0200,41,93,g0u0200,N6,4,3,0,-296655,1.05233e+08
Nb93_g0u0200,41,93,g0u0200,N7,4,3,1,-296096,1.05233e+08
Nb93_g0u0200,41,93,g0u0200,O8,5,4,0,-189441,1.0534e+08
Nb93_g0u0200,41,93,g0u0200,O9,5,4,1,-189270,1.0534e+08
Nb93_g0u0200,41,93,g0u0200,P10,6,5,0,-131413,1.05398e+08
Nb93_g0u0200,41,93,g0u0200,P11,6,5,1,-131347,1.05398e+08
Nb93_g0u0200,41,93,g0u0200,Q12,7,6,0,-96491.2,1.05433e+08
Nb93_g0u0200,41,93,g0u0200,Q13,7,6,1,-96461.8,1.05433e+08
Nb93_g0u0200,41,93,g0u0200,R14,8,7,0,-73851.2,1.05456e+08
Nb93_g0u0200,41,93,g0u0200,R15,8,7,1,-73836.4,1.05456e+08
Nb93_g0u0250,41,93,g0u0250,K1,1,0,1,-3.81625e+06,1.01713e+08
Nb93_g0u0250,41,93,g0u0250,L2,2,1,0,-1.21297e+06,1.04317e+08
Nb93_g0u0250,41,93,g0u0250,L3,2,1,1,-1.18995e+06,1.0434e+08
Nb93_g0u0250,41,93,g0u0250,M4,3,2,0,-530293,1.04999e+08
Nb93_g0u0250,41,93,g0u0250,M5,3,2,1,-527617,1.05002e+08
Nb93_g0u0250,41,93,g0u0250,N6,4,3,0,-296655,1.05233e+08
Nb93_g0u0250,41,93,g0u0250,N7,4,3,1,-296096,1.05233e+08
Nb93_g0u0250,41,93,g0u0250,O8,5,4,0,-189441,1.0534e+08
Nb93_g0u0250,41,93,g0u0250,O9,5,4,1,-189270,1.0534e+08
Nb93_g0u0250,41,93,g0u0250,P10,6,5,0,-131413,1.05398e+08
Nb93_g0u0250,41,93,g0u0250,P11,6,5,1,-131347,1.05398e+08
Nb93_g0u0250,41,93,g0u0250,Q12,7,6,0,-96491.2,1.05433e+08
Nb93_g0u0250,41,93,g0u0250,Q13,7,6,1,-96461.8,1.05433e+08
Nb93_g0u0250,41,93,g0u0250,R14,8,7,0,-73851.2,1.05456e+08
Nb93_g0u0250,41,93,g0u0250,R15,8,7,1,-73836.4,1.05456e+08
Nb93_g0u0300,41,93,g0u0300,K1,1,0,1,-3.81626e+06,1.01713e+08
Nb93_g0u0300,41,93,g0u0300,L2,2,1,0,-1.21297e+06,1.04317e+08
Nb93_g0u0300,41,93,g0u0300,L3,2,1,1,-1.18995e+06,1.0434e+08
Nb93_g0u0300,41,93,g0u0300,M4,3,2,0,-530293,1.04999e+08
Nb93_g0u0300,41,93,g0u0300,M5,3,2,1,-527617,1.05002e+08
Nb93_g0u0300,41,93,g0u0300,N6,4,3,0,-296655,1.05233e+08
Nb93_g0u0300,41,93,g0u0300,N7,4,3,1,-296096,1.05233e+08
Nb93_g0u0300,41,93,g0u0300,O8,5,4,0,-189441,1.0534e+08
Nb93_g0u0300,41,93,g0u0300,O9,5,4,1,-189270,1.0534e+08
Nb93_g0u0300,41,93,g0u0300,P10,6,5,0,-131413,1.05398e+08
Nb93_g0u0300,41,93,g0u0300,P11,6,5,1,-131347,1.05398e+08
Nb93_g0u0300,41,93,g0u0300,Q12,7,6,0,-96491.2,1.05433e+08
Nb93_g0u0300,41,93,g0u0300,Q13,7,6,1,-96461.8,1.05433e+08
Nb93_g0u0300,41,93,g0u0300,R14,8,7,0,-73851.2,1.05456e+08
Nb93_g0u0300,41,93,g0u0300,R15,8,7,1,-73836.4,1.05456e+08
Nb93_g0u0350,41,93,g0u0350,K1,1,0,1,-3.81626e+06,1.01713e+08
Nb93_g0u0350,41,93,g0u0350,L2,2,1,0,-1.21297e+06,1.04317e+08
Nb93_g0u0350,41,93,g0u0350,L3,2,1,1,-1.18996e+06,1.0434e+08
Nb93_g0u0350,41,93,g0u0350,M4,3,2,0,-530293,1.04999e+08
Nb93_g0u0350,41,93,g0u0350,M5,3,2,1,-527617,1.05002e+08
Nb93_g0u0350,41,93,g0u0350,N6,4,3,0,-296655,1.05233e+08
Nb93_g0u0350,41,93,g0u0350,N7,4,3,1,-296096,1.05233e+08
Nb93_g0u0350,41,93,g0u0350,O8,5,4,0,-189441,1.0534e+08
Nb93_g0u0350,41,93,g0u0350,O9,5,4,1,-189270,1.0534e+08
Nb93_g0u0350,41,93,g0u0350,P10,6,5,0,-131413,1.05398e+08
Nb93_g0u0350,41,93,g0u0350,P11,6,5,1,-131347,1.05398e+08
Nb93_g0u0350,41,93,g0u0350,Q12,7,6,0,-96491.2,1.05433e+08
Nb93_g0u0350,41,93,g0u0350,Q13,7,6,1,-96461.8,1.05433e+08
Nb93_g0u0350,41,93,g0u0350,R14,8,7,0,-73851.2,1.05456e+08
Nb93_g0u0350,41,93,g0u0350,R15,8,7,1,-73836.4,1.05456e+08
Nb93_g0u0400,41,93,g0u0400,K1,1,0,1,-3.81626e+06,1.01713e+08
Nb93_g0u0400,41,93,g0u0400,L2,2,1,0,-1.21297e+06,1.04317e+08
Nb93_g0u0400,41,93,g0u0400,L3,2,1,1,-1.18996e+06,1.0434e+08
Nb93_g0u0400,41,93,g0u0400,M4,3,2,0,-530293,1.04999e+08
Nb93_g0u0400,41,93,g0u0400,M5,3,2,1,-527617,1.05002e+08
Nb93_g0u0400,41,93,g0u0400,N6,4,3,0,-296655,1.05233e+08
Nb93_g0u0400,41,93,g0u0400,N7,4,3,1,-296096,1.05233e+08
Nb93_g0u0400,41,93,g0u0400,O8,5,4,0,-189441,1.0534e+08
Nb93_g0u0400,41,93,g0u0400,O9,5,4,1,-189270,1.0534e+08
Nb93_g0u0400,41,93,g0u0400,P10,6,5,0,-131413,1.05398e+08
Nb93_g0u0400,41,93,g0u0400,P11,6,5,1,-131347,1.05398e+08
Nb93_g0u0400,41,93,g0u0400,Q12,7,6,0,-96491.3,1.05433e+08
Nb93_g0u0400,41,93,g0u0400,Q13,7,6,1,-96461.8,1.05433e+08
Nb93_g0u0400,41,93,g0u0400,R14,8,7,0,-73851.2,1.05456e+08
Nb93_g0u0400,41,93,g0u0400,R15,8,7,1,-73836.4,1.05456e+08
Nb93_g0u0450,41,93,g0u0450,K1,1,0,1,-3.81626e+06,1.01713e+08
Nb93_g0u0450,41,93,g0u0450,L2,2,1,0,-1.21297e+06,1.04317e+08
Nb93_g0u0450,41,93,g0u0450,L3,2,1,1,-1.18996e+06,1.0434e+08
Nb93_g0u0450,41,93,g0u0450,M4,3,2,0,-530293,1.04999e+08
Nb93_g0u0450,41,93,g0u0450,M5,3,2,1,-527617,1.05002e+08
Nb93_g0u0450,41,93,g0u0450,N6,4,3,0,-296655,1.05233e+08
Nb93_g0u0450,41,93,g0u0450,N7,4,3,1,-296096,1.05233e+08
Nb93_g0u0450,41,93,g0u0450,O8,5,4,0,-189441,1.0534e+08
Nb93_g0u0450,41,93,g0u0450,O9,5,4,1,-189270,1.0534e+08
Nb93_g0u0450,41,93,g0u0450,P10,6,5,0,-131413,1.05398e+08
Nb93_g0u0450,41,93,g0u0450,P11,6,5,1,-131347,1.05398e+08
Nb93_g0u0450,41,93,g0u0450,Q12,7,6,0,-96491.3,1.05433e+08
Nb93_g0u0450,41,93,g0u0450,Q13,7,6,1,-96461.8,1.05433e+08
Nb93_g0u0450,41,93,g0u0450,R14,8,7,0,-73851.2,1.05456e+08
Nb93_g0u0450,41,93,g0u0450,R15,8,7,1,-73836.4,1.05456e+08
Nb93_g0u0500,41,93,g0u0500,K1,1,0,1,-3.81626e+06,1.01713e+08
Nb93_g0u0500,41,93,g0u0500,L2,2,1,0,-1.21297e+06,1.04317e+08
Nb93_g0u0500,41,93,g0u0500,L3,2,1,1,-1.18996e+06,1.0434e+08
Nb93_g0u0500,41,93,g0u0500,M4,3,2,0,-530293,1.04999e+08
Nb93_g0u0500,41,93,g0u0500,M5,3,2,1,-527617,1.05002e+08
Nb93_g0u0500,41,93,g0u0500,N6,4,3,0,-296655,1.05233e+08
Nb93_g0u0500,41,93,g0u0500,N7,4,3,1,-296096,1.05233e+08
Nb93_g0u0500,41,93,g0u0500,O8,5,4,0,-189441,1.0534e+08
Nb93_g0u0500,41,93,g0u0500,O9,5,4,1,-189270,1.0534e+08
Nb93_g0u0500,41,93,g0u0500,P10,6,5,0,-131413,1.05398e+08
Nb93_g0u0500,41,93,g0u0500,P11,6,5,1,-131347,1.05398e+08
Nb93_g0u0500,41,93,g0u0500,Q12,7,6,0,-96491.3,1.05433e+08
Nb93_g0u0500,41,93,g0u0500,Q13,7,6,1,-96461.8,1.05433e+08
Nb93_g0u0500,41,93,g0u0500,R14,8,7,0,-73851.2,1.05456e+08
Nb93_g0u0500,41,93,g0u0500,R15,8,7,1,-73836.4,1.05456e+08
Nb93_g0u0550,41,93,g0u0550,K1,1,0,1,-3.81626e+06,1.01713e+08
Nb93_g0u0550,41,93,g0u0550,L2,2,1,0,-1.21297e+06,1.04317e+08
Nb93_g0u0550,41,93,g0u0550,L3,2,1,1,-1.18996e+06,1.0434e+08
Nb93_g0u0550,41,93,g0u0550,M4,3,2,0,-530293,1.04999e+08
Nb93_g0u0550,41,93,g0u0550,M5,3,2,1,-527617,1.05002e+08
Nb93_g0u0550,41,93,g0u0550,N6,4,3,0,-296655,1.05233e+08
Nb93_g0u0550,41,93,g0u0550,N7,4,3,1,-296096,1.05233e+08
Nb93_g0u0550,41,93,g0u0550,O8,5,4,0,-189441,1.0534e+08
Nb93_g0u0550,41,93,g0u0550,O9,5,4,1,-189270,1.0534e+08
Nb93_g0u0550,41,93,g0u0550,P10,6,5,0,-131413,1.05398e+08
Nb93_g0u0550,41,93,g0u0550,P11,6,5,1,-131347,1.05398e+08
Nb93_g0u0550,41,93,g0u0550,Q12,7,6,0,-96491.3,1.05433e+08
Nb93_g0u0550,41,93,g0u0550,Q13,7,6,1,-96461.8,1.05433e+08
Nb93_g0u0550,41,93,g0u0550,R14,8,7,0,-73851.2,1.05456e+08
Nb93_g0u0550,41,93,g0u0550,R15,8,7,1,-73836.4,1.05456e+08
Nb93_g0u0600,41,93,g0u0600,K1,1,0,1,-3.81626e+06,1.01713e+08
Nb93_g0u0600,41,93,g0u0600,L2,2,1,0,-1.21297e+06,1.04317e+08
Nb93_g0u0600,41,93,g0u0600,L3,2,1,1,-1.18996e+06,1.0434e+08
Nb93_g0u0600,41,93,g0u0600,M4,3,2,0,-530293,1.04999e+08
Nb93_g0u0600,41,93,g0u0600,M5,3,2,1,-527617,1.05002e+08
Nb93_g0u0600,41,93,g0u0600,N6,4,3,0,-296655,1.05233e+08
Nb93_g0u0600,41,93,g0u0600,N7,4,3,1,-296096,1.05233e+08
Nb93_g0u0600,41,93,g0u0600,O8,5,4,0,-189441,1.0534e+08
Nb93_g0u0600,41,93,g0u0600,O9,5,4,1,-189270,1.0534e+08
Nb93_g0u0600,41,93,g0u0600,P10,6,5,0,-131413,1.05398e+08
Nb93_g0u0600,41,93,g0u0600,P11,6,5,1,-131347,1.05398e+08
Nb93_g0u0600,41,93,g0u0600,Q12,7,6,0,-96491.3,1.05433e+08
Nb93_g0u0600,41,93,g0u0600,Q13,7,6,1,-96461.8,1.05433e+08
Nb93_g0u0600,41,93,g0u0600,R14,8,7,0,-73851.2,1.05456e+08
Nb93_g0u0600,41,93,g0u0600,R15,8,7,1,-73836.4,1.05456e+08
Nb93_g0u0700,41,93,g0u0700,K1,1,0,1,-3.81626e+06,1.01713e+08
Nb93_g0u0700,41,93,g0u0700,L2,2,1,0,-1.21297e+06,1.04317e+08
Nb93_g0u0700,41,93,g0u0700,L3,2,1,1,-1.18996e+06,1.0434e+08
Nb93_g0u0700,41,93,g0u0700,M4,3,2,0,-530293,1.04999e+08
Nb93_g0u0700,41,93,g0u0700,M5,3,2,1,-527617,1.05002e+08
Nb93_g0u0700,41,93,g0u0700,N6,4,3,0,-296655,1.05233e+08
Nb93_g0u0700,41,93,g0u0700,N7,4,3,1,-296096,1.05233e+08
Nb93_g0u0700,41,93,g0u0700,O8,5,4,0,-189441,1.0534e+08
Nb93_g0u0700,41,93,g0u0700,O9,5,4,1,-189270,1.0534e+08
Nb93_g0u0700,41,93,g0u0700,P10,6,5,0,-131413,1.05398e+08
Nb93_g0u0700,41,93,g0u0700,P11,6,5,1,-131347,1.05398e+08
Nb93_g0u0700,41,93,g0u0700,Q12,7,6,0,-96491.3,1.05433e+08
Nb93_g0u0700,41,93,g0u0700,Q13,7,6,1,-96461.8,1.05433e+08
Nb93_g0u0700,41,93,g0u0700,R14,8,7,0,-73851.2,1.05456e+08
Nb93_g0u0700,41,93,g0u0700,R15,8,7,1,-73836.4,1.05456e+08
Nb93_g0u0800,41,93,g0u0800,K1,1,0,1,-3.81627e+06,1.01713e+08
Nb93_g0u0800,41,93,g0u0800,L2,2,1,0,-1.21297e+06,1.04317e+08
Nb93_g0u0800,41,93,g0u0800,L3,2,1,1,-1.18996e+06,1.0434e+08
Nb93_g0u0800,41,93,g0u0800,M4,3,2,0,-530293,1.04999e+08
Nb93_g0u0800,41,93,g0u0800,M5,3,2,1,-527617,1.05002e+08
Nb93_g0u0800,41,93,g0u0800,N6,4,3,0,-296655,1.05233e+08
Nb93_g0u0800,41,93,g0u0800,N7,4,3,1,-296096,1.05233e+08
Nb93_g0u0800,41,93,g0u0800,O8,5,4,0,-189441,1.0534e+08
Nb93_g0u0800,41,93,g0u0800,O9,5,4,1,-189270,1.0534e+08
Nb93_g0u0800,41,93,g0u0800,P10,6,5,0,-131413,1.05398e+08
Nb93_g0u0800,41,93,g0u0800,P11,6,5,1,-131347,1.05398e+08
Nb93_g0u0800,41,93,g0u0800,Q12,7,6,0,-96491.3,1.05433e+08
Nb93_g0u0800,41,93,g0u0800,Q13,7,6,1,-96461.8,1.05433e+08
Nb93_g0u0800,41,93,g0u0800,R14,8,7,0,-73851.2,1.05456e+08
Nb93_g0u0800,41,93,g0u0800,R15,8,7,1,-73836.4,1.05456e+08
Nb93_g0u0900,41,93,g0u0900,K1,1,0,1,-3.81627e+06,1.01713e+08
Nb93_g0u0900,41,93,g0u0900,L2,2,1,0,-1.21297e+06,1.04317e+08
Nb93_g0u0900,41,93,g0u0900,L3,2,1,1,-1.18996e+06,1.0434e+08
Nb93_g0u0900,41,93,g0u0900,M4,3,2,0,-530293,1.04999e+08
Nb93_g0u0900,41,93,g0u0900,M5,3,2,1,-527617,1.05002e+08
Nb93_g0u0900,41,93,g0u0900,N6,4,3,0,-296655,1.05233e+08
Nb93_g0u0900,41,93,g0u0900,N7,4,3,1,-296096,1.05233e+08
Nb93_g0u0900,41,93,g0u0900,O8,5,4,0,-189441,1.0534e+08
Nb93_g0u0900,41,93,g0u0900,O9,5,4,1,-189270,1.0534e+08
Nb93_g0u0900,41,93,g0u0900,P10,6,5,0,-131413,1.05398e+08
Nb93_g0u0900,41,93,g0u0900,P11,6,5,1,-131347,1.05398e+08
Nb93_g0u0900,41,93,g0u0900,Q12,7,6,0,-96491.3,1.05433e+08
Nb93_g0u0900,41,93,g0u0900,Q13,7,6,1,-96461.8,1.05433e+08
Nb93_g0u0900,41,93,g0u0900,R14,8,7,0,-73851.2,1.05456e+08
Nb93_g0u0900,41,93,g0u0900,R15,8,7,1,-73836.4,1.05456e+08
Nb93_g0u1000,41,93,g0u1000,K1,1,0,1,-3.81627e+06,1.01713e+08
Nb93_g0u1000,41,93,g0u1000,L2,2,1,0,-1.21297e+06,1.04317e+08
Nb93_g0u1000,41,93,g0u1000,L3,2,1,1,-1.18996e+06,1.0434e+08
Nb93_g0u1000,41,93,g0u1000,M4,3,2,0,-530293,1.04999e+08
Nb93_g0u1000,41,93,g0u1000,M5,3,2,1,-527617,1.05002e+08
Nb93_g0u1000,41,93,g0u1000,N6,4,3,0,-296655,1.05233e+08
Nb93_g0u1000,41,93,g0u1000,N7,4,3,1,-296096,1.05233e+08
Nb93_g0u1000,41,93,g0u1000,O8,5,4,0,-189441,1.0534e+08
Nb93_g0u1000,41,93,g0u1000,O9,5,4,1,-189270,1.0534e+08
Nb93_g0u1000,41,93,g0u1000,P10,6,5,0,-131413,1.05398e+08
Nb93_g0u1000,41,93,g0u1000,P11,6,5,1,-131347,1.05398e+08
Nb93_g0u1000,41,93,g0u1000,Q12,7,6,0,-96491.3,1.05433e+08
Nb93_g0u1000,41,93,g0u1000,Q13,7,6,1,-96461.8,1.05433e+08
Nb93_g0u1000,41,93,g0u1000,R14,8,7,0,-73851.2,1.05456e+08
Nb93_g0u1000,41,93,g0u1000,R15,8,7,1,-73836.4,1.05456e+08
Nb93_g0u1100,41,93,g0u1100,K1,1,0,1,-3.81627e+06,1.01713e+08
Nb93_g0u1100,41,93,g0u1100,L2,2,1,0,-1.21297e+06,1.04317e+08
Nb93_g0u1100,41,93,g0u1100,L3,2,1,1,-1.18996e+06,1.0434e+08
Nb93_g0u1100,41,93,g0u1100,M4,3,2,0,-530293,1.04999e+08
Nb93_g0u1100,41,93,g0u1100,M5,3,2,1,-527617,1.05002e+08
Nb93_g0u1100,41,93,g0u1100,N6,4,3,0,-296655,1.05233e+08
Nb93_g0u1100,41,93,g0u1100,N7,4,3,1,-296096,1.05233e+08
Nb93_g0u1100,41,93,g0u1100,O8,5,4,0,-189441,1.0534e+08
Nb93_g0u1100,41,93,g0u1100,O9,5,4,1,-189270,1.0534e+08
Nb93_g0u1100,41,93,g0u1100,P10,6,5,0,-131413,1.05398e+08
Nb93_g0u1100,41,93,g0u1100,P11,6,5,1,-131347,1.05398e+08
Nb93_g0u1100,41,93,g0u1100,Q12,7,6,0,-96491.3,1.05433e+08
Nb93_g0u1100,41,93,g0u1100,Q13,7,6,1,-96461.8,1.05433e+08
Nb93_g0u1100,41,93,g0u1100,R14,8,7,0,-73851.2,1.05456e+08
Nb93_g0u1100,41,93,g0u1100,R15,8,7,1,-73836.4,1.05456e+08
Nb93_g0u1200,41,93,g0u1200,K1,1,0,1,-3.81627e+06,1.01713e+08
Nb93_g0u1200,41,93,g0u1200,L2,2,1,0,-1.21297e+06,1.04317e+08
Nb93_g0u1200,41,93,g0u1200,L3,2,1,1,-1.18996e+06,1.0434e+08
Nb93_g0u1200,41,93,g0u1200,M4,3,2,0,-530293,1.04999e+08
Nb93_g0u1200,41,93,g0u1200,M5,3,2,1,-527617,1.05002e+08
Nb93_g0u1200,41,93,g0u1200,N6,4,3,0,-296655,1.05233e+08
Nb93_g0u1200,41,93,g0u1200,N7,4,3,1,-296096,1.05233e+08
Nb93_g0u1200,41,93,g0u1200,O8,5,4,0,-189441,1.0534e+08
Nb93_g0u1200,41,93,g0u1200,O9,5,4,1,-189270,1.0534e+08
Nb93_g0u1200,41,93,g0u1200,P10,6,5,0,-131413,1.05398e+08
Nb93_g0u1200,41,93,g0u1200,P11,6,5,1,-131347,1.05398e+08
Nb93_g0u1200,41,93,g0u1200,Q12,7,6,0,-96491.3,1.05433e+08
Nb93_g0u1200,41,93,g0u1200,Q13,7,6,1,-96461.8,1.05433e+08
Nb93_g0u1200,41,93,g0u1200,R14,8,7,0,-73851.2,1.05456e+08
Nb93_g0u1200,41,93,g0u1200,R15,8,7,1,-73836.4,1.05456e+08
Nb93_g0u1300,41,93,g0u1300,K1,1,0,1,-3.81627e+06,1.01713e+08
Nb93_g0u1300,41,93,g0u1300,L2,2,1,0,-1.21297e+06,1.04317e+08
Nb93_g0u1300,41,93,g0u1300,L3,2,1,1,-1.18996e+06,1.0434e+08
Nb93_g0u1300,41,93,g0u1300,M4,3,2,0,-530293,1.04999e+08
Nb93_g0u1300,41,93,g0u1300,M5,3,2,1,-527617,1.05002e+08
Nb93_g0u1300,41,93,g0u1300,N6,4,3,0,-296655,1.05233e+08
Nb93_g0u1300,41,93,g0u1300,N7,4,3,1,-296096,1.05233e+08
Nb93_g0u1300,41,93,g0u1300,O8,5,4,0,-189441,1.0534e+08
Nb93_g0u1300,41,93,g0u1300,O9,5,4,1,-189270,1.0534e+08
Nb93_g0u1300,41,93,g0u1300,P10,6,5,0,-131413,1.05398e+08
Nb93_g0u1300,41,93,g0u1300,P11,6,5,1,-131347,1.05398e+08
Nb93_g0u1300,41,93,g0u1300,Q12,7,6,0,-96491.3,1.05433e+08
Nb93_g0u1300,41,93,g0u1300,Q13,7,6,1,-96461.8,1.05433e+08
Nb93_g0u1300,41,93,g0u1300,R14,8,7,0,-73851.2,1.05456e+08
Nb93_g0u1300,41,93,g0u1300,R15,8,7,1,-73836.4,1.05456e+08
Nb93_g0u1400,41,93,g0u1400,K1,1,0,1,-3.81627e+06,1.01713e+08
Nb93_g0u1400,41,93,g0u1400,L2,2,1,0,-1.21297e+06,1.04317e+08
Nb93_g0u1400,41,93,g0u1400,L3,2,1,1,-1.18996e+06,1.0434e+08
Nb93_g0u1400,41,93,g0u1400,M4,3,2,0,-530293,1.04999e+08
Nb93_g0u1400,41,93,g0u1400,M5,3,2,1,-527617,1.05002e+08
Nb93_g0u1400,41,93,g0u1400,N6,4,3,0,-296655,1.05233e+08
Nb93_g0u1400,41,93,g0u1400,N7,4,3,1,-296096,1.05233e+08
Nb93_g0u1400,41,93,g0u1400,O8,5,4,0,-189441,1.0534e+08
Nb93_g0u1400,41,93,g0u1400,O9,5,4,1,-189270,1.0534e+08
Nb93_g0u1400,41,93,g0u1400,P10,6,5,0,-131413,1.05398e+08
Nb93_g0u1400,41,93,g0u1400,P11,6,5,1,-131347,1.05398e+08
Nb93_g0u1400,41,93,g0u1400,Q12,7,6,0,-96491.3,1.05433e+08
Nb93_g0u1400,41,93,g0u1400,Q13,7,6,1,-96461.8,1.05433e+08
Nb93_g0u1400,41,93,g0u1400,R14,8,7,0,-73851.2,1.05456e+08
Nb93_g0u1400,41,93,g0u1400,R15,8,7,1,-73836.4,1.05456e+08
Nb93_g0u1500,41,93,g0u1500,K1,1,0,1,-3.81627e+06,1.01713e+08
Nb93_g0u1500,41,93,g0u1500,L2,2,1,0,-1.21297e+06,1.04317e+08
Nb93_g0u1500,41,93,g0u1500,L3,2,1,1,-1.18996e+06,1.0434e+08
Nb93_g0u1500,41,93,g0u1500,M4,3,2,0,-530293,1.04999e+08
Nb93_g0u1500,41,93,g0u1500,M5,3,2,1,-527617,1.05002e+08
Nb93_g0u1500,41,93,g0u1500,N6,4,3,0,-296655,1.05233e+08
Nb93_g0u1500,41,93,g0u1500,N7,4,3,1,-296096,1.05233e+08
Nb93_g0u1500,41,93,g0u1500,O8,5,4,0,-189441,1.0534e+08
Nb93_g0u1500,41,93,g0u1500,O9,5,4,1,-189270,1.0534e+08
Nb93_g0u1500,41,93,g0u1500,P10,6,5,0,-131413,1.05398e+08
Nb93_g0u1500,41,93,g0u1500,P11,6,5,1,-131347,1.05398e+08
Nb93_g0u1500,41,93,g0u1500,Q12,7,6,0,-96491.3,1.05433e+08
Nb93_g0u1500,41,93,g0u1500,Q13,7,6,1,-96461.8,1.05433e+08
Nb93_g0u1500,41,93,g0u1500,R14,8,7,0,-73851.2,1.05456e+08
Nb93_g0u1500,41,93,g0u1500,R15,8,7,1,-73836.4,1.05456e+08
Nb93_g0u1600,41,93,g0u1600,K1,1,0,1,-3.81626e+06,1.01713e+08
Nb93_g0u1600,41,93,g0u1600,L2,2,1,0,-1.21297e+06,1.04317e+08
Nb93_g0u1600,41,93,g0u1600,L3,2,1,1,-1.18996e+06,1.0434e+08
Nb93_g0u1600,41,93,g0u1600,M4,3,2,0,-530293,1.04999e+08
Nb93_g0u1600,41,93,g0u1600,M5,3,2,1,-527617,1.05002e+08
Nb93_g0u1600,41,93,g0u1600,N6,4,3,0,-296655,1.05233e+08
Nb93_g0u1600,41,93,g0u1600,N7,4,3,1,-296096,1.05233e+08
Nb93_g0u1600,41,93,g0u1600,O8,5,4,0,-189441,1.0534e+08
Nb93_g0u1600,41,93,g0u1600,O9,5,4,1,-189270,1.0534e+08
Nb93_g0u1600,41,93,g0u1600,P10,6,5,0,-131413,1.05398e+08
Nb93_g0u1600,41,93,g0u1600,P11,6,5,1,-131347,1.05398e+08
Nb93_g0u1600,41,93,g0u1600,Q12,7,6,0,-96491.3,1.05433e+08
Nb93_g0u1600,41,93,g0u1600,Q13,7,6,1,-96461.8,1.05433e+08
Nb93_g0u1600,41,93,g0u1600,R14,8,7,0,-73851.2,1.05456e+08
Nb93_g0u1600,41,93,g0u1600,R15,8,7,1,-73836.4,1.05456e+08
Nb93_g0u1700,41,93,g0u1700,K1,1,0,1,-3.81614e+06,1.01713e+08
Nb93_g0u1700,41,93,g0u1700,L2,2,1,0,-1.21297e+06,1.04317e+08
Nb93_g0u1700,41,93,g0u1700,L3,2,1,1,-1.18995e+06,1.0434e+08
Nb93_g0u1700,41,93,g0u1700,M4,3,2,0,-530293,1.04999e+08
Nb93_g0u1700,41,93,g0u1700,M5,3,2,1,-527617,1.05002e+08
Nb93_g0u1700,41,93,g0u1700,N6,4,3,0,-296655,1.05233e+08
Nb93_g0u1700,41,93,g0u1700,N7,4,3,1,-296096,1.05233e+08
Nb93_g0u1700,41,93,g0u1700,O8,5,4,0,-189441,1.0534e+08
Nb93_g0u1700,41,93,g0u1700,O9,5,4,1,-189270,1.0534e+08
Nb93_g0u1700,41,93,g0u1700,P10,6,5,0,-131413,1.05398e+08
Nb93_g0u1700,41,93,g0u1700,P11,6,5,1,-131347,1.05398e+08
Nb93_g0u1700,41,93,g0u1700,Q12,7,6,0,-96491.3,1.05433e+08
Nb93_g0u1700,41,93,g0u1700,Q13,7,6,1,-96461.8,1.05433e+08
Nb93_g0u1700,41,93,g0u1700,R14,8,7,0,-73851.2,1.05456e+08
Nb93_g0u1700,41,93,g0u1700,R15,8,7,1,-73836.4,1.05456e+08
Nb93_g0u1800,41,93,g0u1800,K1,1,0,1,-3.81613e+06,1.01713e+08
Nb93_g0u1800,41,93,g0u1800,L2,2,1,0,-1.21297e+06,1.04317e+08
Nb93_g0u1800,41,93,g0u1800,L3,2,1,1,-1.18995e+06,1.0434e+08
Nb93_g0u1800,41,93,g0u1800,M4,3,2,0,-530293,1.04999e+08
Nb93_g0u1800,41,93,g0u1800,M5,3,2,1,-527617,1.05002e+08
Nb93_g0u1800,41,93,g0u1800,N6,4,3,0,-296655,1.05233e+08
Nb93_g0u1800,41,93,g0u1800,N7,4,3,1,-296096,1.05233e+08
Nb93_g0u1800,41,93,g0u1800,O8,5,4,0,-189441,1.0534e+08
Nb93_g0u1800,41,93,g0u1800,O9,5,4,1,-189270,1.0534e+08
Nb93_g0u1800,41,93,g0u1800,P10,6,5,0,-131413,1.05398e+08
Nb93_g0u1800,41,93,g0u1800,P11,6,5,1,-131347,1.05398e+08
Nb93_g0u1800,41,93,g0u1800,Q12,7,6,0,-96491.3,1.05433e+08
Nb93_g0u1800,41,93,g0u1800,Q13,7,6,1,-96461.8,1.05433e+08
Nb93_g0u1800,41,93,g0u1800,R14,8,7,0,-73851.2,1.05456e+08
Nb93_g0u1800,41,93,g0u1800,R15,8,7,1,-73836.4,1.05456e+08
Nb93_g0u1900,41,93,g0u1900,K1,1,0,1,-3.81384e+06,1.01716e+08
Nb93_g0u1900,41,93,g0u1900,L2,2,1,0,-1.21289e+06,1.04317e+08
Nb93_g0u1900,41,93,g0u1900,L3,2,1,1,-1.18989e+06,1.0434e+08
Nb93_g0u1900,41,93,g0u1900,M4,3,2,0,-530293,1.04999e+08
Nb93_g0u1900,41,93,g0u1900,M5,3,2,1,-527617,1.05002e+08
Nb93_g0u1900,41,93,g0u1900,N6,4,3,0,-296655,1.05233e+08
Nb93_g0u1900,41,93,g0u1900,N7,4,3,1,-296096,1.05233e+08
Nb93_g0u1900,41,93,g0u1900,O8,5,4,0,-189441,1.0534e+08
Nb93_g0u1900,41,93,g0u1900,O9,5,4,1,-189270,1.0534e+08
Nb93_g0u1900,41,93,g0u1900,P10,6,5,0,-131413,1.05398e+08
Nb93_g0u1900,41,93,g0u1900,P11,6,5,1,-131347,1.05398e+08
Nb93_g0u1900,41,93,g0u1900,Q12,7,6,0,-96491.3,1.05433e+08
Nb93_g0u1900,41,93,g0u1900,Q13,7,6,1,-96461.8,1.05433e+08
Nb93_g0u1900,41,93,g0u1900,R14,8,7,0,-73851.2,1.05456e+08
Nb93_g0u1900,41,93,g0u1900,R15,8,7,1,-73836.4,1.05456e+08
Nb93_g2u1000,41,93,g2u1000,K1,1,0,1,-3.81627e+06,1.01713e+08
Nb93_g2u1000,41,93,g2u1000,L2,2,1,0,-1.21297e+06,1.04317e+08
Nb93_g2u1000,41,93,g2u1000,L3,2,1,1,-1.18996e+06,1.0434e+08
Nb93_g2u1000,41,93,g2u1000,M4,3,2,0,-530293,1.04999e+08
Nb93_g2u1000,41,93,g2u1000,M5,3,2,1,-527617,1.05002e+08
Nb93_g2u1000,41,93,g2u1000,N6,4,3,0,-296655,1.05233e+08
Nb93_g2u1000,41,93,g2u1000,N7,4,3,1,-296096,1.05233e+08
Nb93_g2u1000,41,93,g2u1000,O8,5,4,0,-189441,1.0534e+08
Nb93_g2u1000,41,93,g2u1000,O9,5,4,1,-189270,1.0534e+08
Nb93_g2u1000,41,93,g2u1000,P10,6,5,0,-131413,1.05398e+08
Nb93_g2u1000,41,93,g2u1000,P11,6,5,1,-131347,1.05398e+08
Nb93_g2u1000,41,93,g2u1000,Q12,7,6,0,-96491.3,1.05433e+08
Nb93_g2u1000,41,93,g2u1000,Q13,7,6,1,-96461.8,1.05433e+08
Nb93_g2u1000,41,93,g2u1000,R14,8,7,0,-73851.2,1.05456e+08
Nb93_g2u1000,41,93,g2u1000,R15,8,7,1,-73836.4,1.05456e+08
Ru102_g0u0050,44,102,g0u0050,K1,1,0,1,-4.26307e+06,1.01278e+08
Ru102_g0u0050,44,102,g0u0050,L2,2,1,0,-1.39973e+06,1.04141e+08
Ru102_g0u0050,44,102,g0u0050,L3,2,1,1,-1.37032e+06,1.04171e+08
Ru102_g0u0050,44,102,g0u0050,M4,3,2,0,-611603,1.04929e+08
Ru102_g0u0050,44,102,g0u0050,M5,3,2,1,-608047,1.04933e+08
Ru102_g0u0050,44,102,g0u0050,N6,4,3,0,-341907,1.05199e+08
Ru102_g0u0050,44,102,g0u0050,N7,4,3,1,-341165,1.052e+08
Ru102_g0u0050,44,102,g0u0050,O8,5,4,0,-218282,1.05323e+08
Ru102_g0u0050,44,102,g0u0050,O9,5,4,1,-218055,1.05323e+08
Ru102_g0u0050,44,102,g0u0050,P10,6,5,0,-151400,1.05389e+08
Ru102_g0u0050,44,102,g0u0050,P11,6,5,1,-151313,1.0539e+08
Ru102_g0u0050,44,102,g0u0050,Q12,7,6,0,-111158,1.0543e+08
Ru102_g0u0050,44,102,g0u0050,Q13,7,6,1,-111119,1.0543e+08
Ru102_g0u0050,44,102,g0u0050,R14,8,7,0,-85072.5,1.05456e+08
Ru102_g0u0050,44,102,g0u0050,R15,8,7,1,-85052.8,1.05456e+08
Ru102_g0u0100,44,102,g0u0100,K1,1,0,1,-4.26338e+06,1.01278e+08
Ru102_g0u0100,44,102,g0u0100,L2,2,1,0,-1.39974e+06,1.04141e+08
Ru102_g0u0100,44,102,g0u0100,L3,2,1,1,-1.37033e+06,1.04171e+08
Ru102_g0u0100,44,102,g0u0100,M4,3,2,0,-611605,1.04929e+08
Ru102_g0u0100,44,102,g0u0100,M5,3,2,1,-608048,1.04933e+08
Ru102_g0u0100,44,102,g0u0100,N6,4,3,0,-341908,1.05199e+08
Ru102_g0u0100,44,102,g0u0100,N7,4,3,1,-341166,1.052e+08
Ru102_g0u0100,44,102,g0u0100,O8,5,4,0,-218282,1.05323e+08
Ru102_g0u0100,44,102,g0u0100,O9,5,4,1,-218055,1.05323e+08
Ru102_g0u0100,44,102,g0u0100,P10,6,5,0,-151400,1.05389e+08
Ru102_g0u0100,44,102,g0u0100,P11,6,5,1,-151313,1.0539e+08
Ru102_g0u0100,44,102,g0u0100,Q12,7,6,0,-111158,1.0543e+08
Ru102_g0u0100,44,102,g0u0100,Q13,7,6,1,-111119,1.0543e+08
Ru102_g0u0100,44,102,g0u0100,R14,8,7,0,-85072.5,1.05456e+08
Ru102_g0u0100,44,102,g0u0100,R15,8,7,1,-85052.9,1.05456e+08
Ru102_g0u0150,44,102,g0u0150,K1,1,0,1,-4.26344e+06,1.01277e+08
Ru102_g0u0150,44,102,g0u0150,L2,2,1,0,-1.39975e+06,1.04141e+08
Ru102_g0u0150,44,102,g0u0150,L3,2,1,1,-1.37033e+06,1.04171e+08
Ru102_g0u0150,44,102,g0u0150,M4,3,2,0,-611605,1.04929e+08
Ru102_g0u0150,44,102,g0u0150,M5,3,2,1,-608048,1.04933e+08
Ru102_g0u0150,44,102,g0u0150,N6,4,3,0,-341908,1.05199e+08
Ru102_g0u0150,44,102,g0u0150,N7,4,3,1,-341166,1.052e+08
Ru102_g0u0150,44,102,g0u0150,O8,5,4,0,-218282,1.05323e+08
Ru102_g0u0150,44,102,g0u0150,O9,5,4,1,-218056,1.05323e+08
Ru102_g0u0150,44,102,g0u0150,P10,6,5,0,-151400,1.05389e+08
Ru102_g0u0150,44,102,g0u0150,P11,6,5,1,-151313,1.0539e+08
Ru102_g0u0150,44,102,g0u0150,Q12,7,6,0,-111158,1.0543e+08
Ru102_g0u0150,44,102,g0u0150,Q13,7,6,1,-111119,1.0543e+08
Ru102_g0u0150,44,102,g0u0150,R14,8,7,0,-85072.5,1.05456e+08
Ru102_g0u0150,44,102,g0u0150,R15,8,7,1,-85052.9,1.05456e+08
Ru102_g0u0200,44,102,g0u0200,K1,1,0,1,-4.26346e+06,1.01277e+08
Ru102_g0u0200,44,102,g0u0200,L2,2,1,0,-1.39975e+06,1.04141e+08
Ru102_g0u0200,44,102,g0u0200,L3,2,1,1,-1.37033e+06,1.04171e+08
Ru102_g0u0200,44,102,g0u0200,M4,3,2,0,-611605,1.04929e+08
Ru102_g0u0200,44,102,g0u0200,M5,3,2,1,-608048,1.04933e+08
Ru102_g0u0200,44,102,g0u0200,N6,4,3,0,-341908,1.05199e+08
Ru102_g0u0200,44,102,g0u0200,N7,4,3,1,-341166,1.052e+08
Ru102_g0u0200,44,102,g0u0200,O8,5,4,0,-218282,1.05323e+08
Ru102_g0u0200,44,102,g0u0200,O9,5,4,1,-218056,1.05323e+08
Ru102_g0u0200,44,102,g0u0200,P10,6,5,0,-151400,1.05389e+08
Ru102_g0u0200,44,102,g0u0200,P11,6,5,1,-151313,1.0539e+08
Ru102_g0u0200,44,102,g0u0200,Q12,7,6,0,-111158,1.0543e+08
Ru102_g0u0200,44,102,g0u0200,Q13,7,6,1,-111119,1.0543e+08
Ru102_g0u0200,44,102,g0u0200,R14,8,7,0,-85072.5,1.05456e+08
Ru102_g0u0200,44,102,g0u0200,R15,8,7,1,-85052.9,1.05456e+08
Ru102_g0u0250,44,102,g0u0250,K1,1,0,1,-4.26346e+06,1.01277e+08
Ru102_g0u0250,44,102,g0u0250,L2,2,1,0,-1.39975e+06,1.04141e+08
Ru102_g0u0250,44,102,g0u0250,L3,2,1,1,-1.37033e+06,1.04171e+08
Ru102_g0u0250,44,102,g0u0250,M4,3,2,0,-611605,1.04929e+08
Ru102_g0u0250,44,102,g0u0250,M5,3,2,1,-608048,1.04933e+08
Ru102_g0u0250,44,102,g0u0250,N6,4,3,0,-341908,1.05199e+08
Ru102_g0u0250,44,102,g0u0250,N7,4,3,1,-341166,1.052e+08
Ru102_g0u0250,44,102,g0u0250,O8,5,4,0,-218282,1.05323e+08
Ru102_g0u0250,44,102,g0u0250,O9,5,4,1,-218056,1.05323e+08
Ru102_g0u0250,44,102,g0u0250,P10,6,5,0,-151400,1.05389e+08
Ru102_g0u0250,44,102,g0u0250,P11,6,5,1,-151313,1.0539e+08
Ru102_g0u0250,44,102,g0u0250,Q12,7,6,0,-111158,1.0543e+08
Ru102_g0u0250,44,102,g0u0250,Q13,7,6,1,-111119,1.0543e+08
Ru102_g0u0250,44,102,g0u0250,R14,8,7,0,-85072.5,1.05456e+08
Ru102_g0u0250,44,102,g0u0250,R15,8,7,1,-85052.9,1.05456e+08
Ru102_g0u0300,44,102,g0u0300,K1,1,0,1,-4.26347e+06,1.01277e+08
Ru102_g0u0300,44,102,g0u0300,L2,2,1,0,-1.39975e+06,1.04141e+08
Ru102_g0u0300,44,102,g0u0300,L3,2,1,1,-1.37033e+06,1.04171e+08
Ru102_g0u0300,44,102,g0u0300,M4,3,2,0,-611605,1.04929e+08
Ru102_g0u0300,44,102,g0u0300,M5,3,2,1,-608048,1.04933e+08
Ru102_g0u0300,44,102,g0u0300,N6,4,3,0,-341908,1.05199e+08
Ru102_g0u0300,44,102,g0u0300,N7,4,3,1,-341166,1.052e+08
Ru102_g0u0300,44,102,g0u0300,O8,5,4,0,-218282,1.05323e+08
Ru102_g0u0300,44,102,g0u0300,O9,5,4,1,-218056,1.05323e+08
Ru102_g0u0300,44,102,g0u0300,P10,6,5,0,-151400,1.05389e+08
Ru102_g0u0300,44,102,g0u0300,P11,6,5,1,-151313,1.0539e+08
Ru102_g0u0300,44,102,g0u0300,Q12,7,6,0,-111158,1.0543e+08
Ru102_g0u0300,44,102,g0u0300,Q13,7,6,1,-111119,1.0543e+08
Ru102_g0u0300,44,102,g0u0300,R14,8,7,0,-85072.5,1.05456e+08
Ru102_g0u0300,44,102,g0u0300,R15,8,7,1,-85052.9,1.05456e+08
Ru102_g0u0350,44,102,g0u0350,K1,1,0,1,-4.26347e+06,1.01277e+08
Ru102_g0u0350,44,102,g0u0350,L2,2,1,0,-1.39975e+06,1.04141e+08
Ru102_g0u0350,44,102,g0u0350,L3,2,1,1,-1.37033e+06,1.04171e+08
Ru102_g0u0350,44,102,g0u0350,M4,3,2,0,-611605,1.04929e+08
Ru102_g0u0350,44,102,g0u0350,M5,3,2,1,-608048,1.04933e+08
Ru102_g0u0350,44,102,g0u0350,N6,4,3,0,-341908,1.05199e+08
Ru102_g0u0350,44,102,g0u0350,N7,4,3,1,-341166,1.052e+08
Ru102_g0u0350,44,102,g0u0350,O8,5,4,0,-218282,1.05323e+08
Ru102_g0u0350,44,102,g0u0350,O9,5,4,1,-218056,1.05323e+08
Ru102_g0u0350,44,102,g0u0350,P10,6,5,0,-151400,1.05389e+08
Ru102_g0u0350,44,102,g0u0350,P11,6,5,1,-151313,1.0539e+08
Ru102_g0u0350,44,102,g0u0350,Q12,7,6,0,-111158,1.0543e+08
Ru102_g0u0350,44,102,g0u0350,Q13,7,6,1,-111119,1.0543e+08
Ru102_g0u0350,44,102,g0u0350,R14,8,7,0,-85072.5,1.05456e+08
Ru102_g0u0350,44,102,g0u0350,R15,8,7,1,-85052.9,1.05456e+08
Ru102_g0u0400,44,102,g0u0400,K1,1,0,1,-4.26347e+06,1.01277e+08
Ru102_g0u0400,44,102,g0u0400,L2,2,1,0,-1.39975e+06,1.04141e+08
Ru102_g0u0400,44,102,g0u0400,L3,2,1,1,-1.37033e+06,1.04171e+08
Ru102_g0u0400,44,102,g0u0400,M4,3,2,0,-611605,1.04929e+08
Ru102_g0u0400,44,102,g0u0400,M5,3,2,1,-608048,1.04933e+08
Ru102_g0u0400,44,102,g0u0400,N6,4,3,0,-341908,1.05199e+08
Ru102_g0u0400,44,102,g0u0400,N7,4,3,1,-341166,1.052e+08
Ru102_g0u0400,44,102,g0u0400,O8,5,4,0,-218282,1.05323e+08
Ru102_g0u0400,44,102,g0u0400,O9,5,4,1,-218056,1.05323e+08
Ru102_g0u0400,44,102,g0u0400,P10,6,5,0,-151400,1.05389e+08
Ru102_g0u0400,44,102,g0u0400,P11,6,5,1,-151313,1.0539e+08
Ru102_g0u0400,44,102,g0u0400,Q12,7,6,0,-111158,1.0543e+08
Ru102_g0u0400,44,102,g0u0400,Q13,7,6,1,-111119,1.0543e+08
Ru102_g0u0400,44,102,g0u0400,R14,8,7,0,-85072.5,1.05456e+08
Ru102_g0u0400,44,102,g0u0400,R15,8,7,1,-85052.9,1.05456e+08
Ru102_g0u0450,44,102,g0u0450,K1,1,0,1,-4.26347e+06,1.01277e+08
Ru102_g0u0450,44,102,g0u0450,L2,2,1,0,-1.39975e+06,1.04141e+08
Ru102_g0u0450,44,102,g0u0450,L3,2,1,1,-1.37033e+06,1.04171e+08
Ru102_g0u0450,44,102,g0u0450,M4,3,2,0,-611605,1.04929e+08
Ru102_g0u0450,44,102,g0u0450,M5,3,2,1,-608048,1.04933e+08
Ru102_g0u0450,44,102,g0u0450,N6,4,3,0,-341908,1.05199e+08
Ru102_g0u0450,44,102,g0u0450,N7,4,3,1,-341166,1.052e+08
Ru102_g0u0450,44,102,g0u0450,O8,5,4,0,-218282,1.05323e+08
Ru102_g0u0450,44,102,g0u0450,O9,5,4,1,-218056,1.05323e+08
Ru102_g0u0450,44,102,g0u0450,P10,6,5,0,-151400,1.05389e+08
Ru102_g0u0450,44,102,g0u0450,P11,6,5,1,-151313,1.0539e+08
Ru102_g0u0450,44,102,g0u0450,Q12,7,6,0,-111158,1.0543e+08
Ru102_g0u0450,44,102,g0u0450,Q13,7,6,1,-111119,1.0543e+08
Ru102_g0u0450,44,102,g0u0450,R14,8,7,0,-85072.5,1.05456e+08
Ru102_g0u0450,44,102,g0u0450,R15,8,7,1,-85052.9,1.05456e+08
Ru102_g0u0500,44,102,g0u0500,K1,1,0,1,-4.26347e+06,1.01277e+08
Ru102_g0u0500,44,102,g0u0500,L2,2,1,0,-1.39975e+06,1.04141e+08
Ru102_g0u0500,44,102,g0u0500,L3,2,1,1,-1.37033e+06,1.04171e+08
Ru102_g0u0500,44,102,g0u0500,M4,3,2,0,-611605,1.04929e+08
Ru102_g0u0500,44,102,g0u0500,M5,3,2,1,-608048,1.04933e+08
Ru102_g0u0500,44,102,g0u0500,N6,4,3,0,-341908,1.05199e+08
Ru102_g0u0500,44,102,g0u0500,N7,4,3,1,-341166,1.052e+08
Ru102_g0u0500,44,102,g0u0500,O8,5,4,0,-218282,1.05323e+08
Ru102_g0u0500,44,102,g0u0500,O9,5,4,1,-218056,1.05323e+08
Ru102_g0u0500,44,102,g0u0500,P10,6,5,0,-151400,1.05389e+08
Ru102_g0u0500,44,102,g0u0500,P11,6,5,1,-151313,1.0539e+08
Ru102_g0u0500,44,102,g0u0500,Q12,7,6,0,-111158,1.0543e+08
Ru102_g0u0500,44,102,g0u0500,Q13,7,6,1,-111119,1.0543e+08
Ru102_g0u0500,44,102,g0u0500,R14,8,7,0,-85072.5,1.05456e+08
Ru102_g0u0500,44,102,g0u0500,R15,8,7,1,-85052.9,1.05456e+08
Ru102_g0u0550,44,102,g0u0550,K1,1,0,1,-4.26348e+06,1.01277e+08
Ru102_g0u0550,44,102,g0u0550,L2,2,1,0,-1.39975e+06,1.04141e+08
Ru102_g0u0550,44,102,g0u0550,L3,2,1,1,-1.37033e+06,1.04171e+08
Ru102_g0u0550,44,102,g0u0550,M4,3,2,0,-611605,1.04929e+08
Ru102_g0u0550,44,102,g0u0550,M5,3,2,1,-608048,1.04933e+08
Ru102_g0u0550,44,102,g0u0550,N6,4,3,0,-341908,1.05199e+08
Ru102_g0u0550,44,102,g0u0550,N7,4,3,1,-341166,1.052e+08
Ru102_g0u0550,44,102,g0u0550,O8,5,4,0,-218282,1.05323e+08
Ru102_g0u0550,44,102,g0u0550,O9,5,4,1,-218056,1.05323e+08
Ru102_g0u0550,44,102,g0u0550,P10,6,5,0,-151400,1.05389e+08
Ru102_g0u0550,44,102,g0u0550,P11,6,5,1,-151313,1.0539e+08
Ru102_g0u0550,44,102,g0u0550,Q12,7,6,0,-111158,1.0543e+08
Ru102_g0u0550,44,102,g0u0550,Q13,7,6,1,-111119,1.0543e+08
Ru102_g0u0550,44,102,g0u0550,R14,8,7,0,-85072.5,1.05456e+08
Ru102_g0u0550,44,102,g0u0550,R15,8,7,1,-85052.9,1.05456e+08
Ru102_g0u0600,44,102,g0u0600,K1,1,0,1,-4.26348e+06,1.01277e+08
Ru102_g0u0600,44,102,g0u0600,L2,2,1,0,-1.39975e+06,1.04141e+08
Ru102_g0u0600,44,102,g0u0600,L3,2,1,1,-1.37033e+06,1.04171e+08
Ru102_g0u0600,44,102,g0u0600,M4,3,2,0,-611605,1.04929e+08
Ru102_g0u0600,44,102,g0u0600,M5,3,2,1,-608048,1.04933e+08
Ru102_g0u0600,44,102,g0u0600,N6,4,3,0,-341908,1.05199e+08
Ru102_g0u0600,44,102,g0u0600,N7,4,3,1,-341166,1.052e+08
Ru102_g0u0600,44,102,g0u0600,O8,5,4,0,-218282,1.05323e+08
Ru102_g0u0600,44,102,g0u0600,O9,5,4,1,-218056,1.05323e+08
Ru102_g0u0600,44,102,g0u0600,P10,6,5,0,-151400,1.05389e+08
Ru102_g0u0600,44,102,g0u0600,P11,6,5,1,-151313,1.0539e+08
Ru102_g0u0600,44,102,g0u0600,Q12,7,6,0,-111158,1.0543e+08
Ru102_g0u0600,44,102,g0u0600,Q13,7,6,1,-111119,1.0543e+08
Ru102_g0u0600,44,102,g0u0600,R14,8,7,0,-85072.5,1.05456e+08
Ru102_g0u0600,44,102,g0u0600,R15,8,7,1,-85052.9,1.05456e+08
Ru102_g0u0700,44,102,g0u0700,K1,1,0,1,-4.26348e+06,1.01277e+08
Ru102_g0u0700,44,102,g0u0700,L2,2,1,0,-1.39975e+06,1.04141e+08
Ru102_g0u0700,44,102,g0u0700,L3,2,1,1,-1.37033e+06,1.04171e+08
Ru102_g0u0700,44,102,g0u0700,M4,3,2,0,-611605,1.04929e+08
Ru102_g0u0700,44,102,g0u0700,M5,3,2,1,-608048,1.04933e+08
Ru102_g0u0700,44,102,g0u0700,N6,4,3,0,-341908,1.05199e+08
Ru102_g0u0700,44,102,g0u0700,N7,4,3,1,-341166,1.052e+08
Ru102_g0u0700,44,102,g0u0700,O8,5,4,0,-218282,1.05323e+08
Ru102_g0u0700,44,102,g0u0700,O9,5,4,1,-218056,1.05323e+08
Ru102_g0u0700,44,102,g0u0700,P10,6,5,0,-151400,1.05389e+08
Ru102_g0u0700,44,102,g0u0700,P11,6,5,1,-151313,1.0539e+08
Ru102_g0u0700,44,102,g0u0700,Q12,7,6,0,-111158,1.0543e+08
Ru102_g0u0700,44,102,g0u0700,Q13,7,6,1,-111119,1.0543e+08
Ru102_g0u0700,44,102,g0u0700,R14,8,7,0,-85072.5,1.05456e+08
Ru102_g0u0700,44,102,g0u0700,R15,8,7,1,-85052.9,1.05456e+08
Ru102_g0u0800,44,102,g0u0800,K1,1,0,1,-4.26348e+06,1.01277e+08
Ru102_g0u0800,44,102,g0u0800,L2,2,1,0,-1.39975e+06,1.04141e+08
Ru102_g0u0800,44,102,g0u0800,L3,2,1,1,-1.37033e+06,1.04171e+08
Ru102_g0u0800,44,102,g0u0800,M4,3,2,0,-611605,1.04929e+08
Ru102_g0u0800,44,102,g0u0800,M5,3,2,1,-608048,1.04933e+08
Ru102_g0u0800,44,102,g0u0800,N6,4,3,0,-341908,1.05199e+08
Ru102_g0u0800,44,102,g0u0800,N7,4,3,1,-341166,1.052e+08
Ru102_g0u0800,44,102,g0u0800,O8,5,4,0,-218282,1.05323e+08
Ru102_g0u0800,44,102,g0u0800,O9,5,4,1,-218056,1.05323e+08
Ru102_g0u0800,44,102,g0u0800,P10,6,5,0,-151400,1.05389e+08
Ru102_g0u0800,44,102,g0u0800,P11,6,5,1,-151313,1.0539e+08
Ru102_g0u0800,44,102,g0u0800,Q12,7,6,0,-111158,1.0543e+08
Ru102_g0u0800,44,102,g0u0800,Q13,7,6,1,-111119,1.0543e+08
Ru102_g0u0800,44,102,g0u0800,R14,8,7,0,-85072.5,1.05456e+08
Ru102_g0u0800,44,102,g0u0800,R15,8,7,1,-85052.9,1.05456e+08
Ru102_g0u0900,44,102,g0u0900,K1,1,0,1,-4.26348e+06,1.01277e+08
Ru102_g0u0900,44,102,g0u0900,L2,2,1,0,-1.39975e+06,1.04141e+08
Ru102_g0u0900,44,102,g0u0900,L3,2,1,1,-1.37033e+06,1.04171e+08
Ru102_g0u0900,44,102,g0u0900,M4,3,2,0,-611605,1.04929e+08
Ru102_g0u0900,44,102,g0u0900,M5,3,2,1,-608048,1.04933e+08
Ru102_g0u0900,44,102,g0u0900,N6,4,3,0,-341908,1.05199e+08
Ru102_g0u0900,44,102,g0u0900,N7,4,3,1,-341166,1.052e+08
Ru102_g0u0900,44,102,g0u0900,O8,5,4,0,-218282,1.05323e+08
Ru102_g0u0900,44,102,g0u0900,O9,5,4,1,-218056,1.05323e+08
Ru102_g0u0900,44,102,g0u0900,P10,6,5,0,-151400,1.05389e+08
Ru102_g0u0900,44,102,g0u0900,P11,6,5,1,-151313,1.0539e+08
Ru102_g0u0900,44,102,g0u0900,Q12,7,6,0,-111158,1.0543e+08
Ru102_g0u0900,44,102,g0u0900,Q13,7,6,1,-111119,1.0543e+08
Ru102_g0u0900,44,102,g0u0900,R14,8,7,0,-85072.5,1.05456e+08
Ru102_g0u0900,44,102,g0u0900,R15,8,7,1,-85052.9,1.05456e+08
Ru102_g0u1000,44,102,g0u1000,K1,1,0,1,-4.26348e+06,1.01277e+08
Ru102_g0u1000,44,102,g0u1000,L2,2,1,0,-1.39975e+06,1.04141e+08
Ru102_g0u1000,44,102,g0u1000,L3,2,1,1,-1.37033e+06,1.04171e+08
Ru102_g0u1000,44,102,g0u1000,M4,3,2,0,-611605,1.04929e+08
Ru102_g0u1000,44,102,g0u1000,M5,3,2,1,-608048,1.04933e+08
Ru102_g0u1000,44,102,g0u1000,N6,4,3,0,-341908,1.05199e+08
Ru102_g0u1000,44,102,g0u1000,N7,4,3,1,-341166,1.052e+08
Ru102_g0u1000,44,102,g0u1000,O8,5,4,0,-218282,1.05323e+08
Ru102_g0u1000,44,102,g0u1000,O9,5,4,1,-218056,1.05323e+08
Ru102_g0u1000,44,102,g0u1000,P10,6,5,0,-151400,1.05389e+08
Ru102_g0u1000,44,102,g0u1000,P11,6,5,1,-151313,1.0539e+08
Ru102_g0u1000,44,102,g0u1000,Q12,7,6,0,-111158,1.0543e+08
Ru102_g0u1000,44,102,g0u1000,Q13,7,6,1,-111119,1.0543e+08
Ru102_g0u1000,44,102,g0u1000,R14,8,7,0,-85072.5,1.05456e+08
Ru102_g0u1000,44,102,g0u1000,R15,8,7,1,-85052.9,1.05456e+08
Ru102_g0u1100,44,102,g0u1100,K1,1,0,1,-4.26348e+06,1.01277e+08
Ru102_g0u1100,44,102,g0u1100,L2,2,1,0,-1.39975e+06,1.04141e+08
Ru102_g0u1100,44,102,g0u1100,L3,2,1,1,-1.37033e+06,1.04171e+08
Ru102_g0u1100,44,102,g0u1100,M4,3,2,0,-611605,1.04929e+08
Ru102_g0u1100,44,102,g0u1100,M5,3,2,1,-608048,1.04933e+08
Ru102_g0u1100,44,102,g0u1100,N6,4,3,0,-341908,1.05199e+08
Ru102_g0u1100,44,102,g0u1100,N7,4,3,1,-341166,1.052e+08
Ru102_g0u1100,44,102,g0u1100,O8,5,4,0,-218282,1.05323e+08
Ru102_g0u1100,44,102,g0u1100,O9,5,4,1,-218056,1.05323e+08
Ru102_g0u1100,44,102,g0u1100,P10,6,5,0,-151400,1.05389e+08
Ru102_g0u1100,44,102,g0u1100,P11,6,5,1,-151313,1.0539e+08
Ru102_g0u1100,44,102,g0u1100,Q12,7,6,0,-111158,1.0543e+08
Ru102_g0u1100,44,102,g0u1100,Q13,7,6,1,-111119,1.0543e+08
Ru102_g0u1100,44,102,g0u1100,R14,8,7,0,-85072.5,1.05456e+08
Ru102_g0u1100,44,102,g0u1100,R15,8,7,1,-85052.9,1.05456e+08
Ru102_g0u1200,44,102,g0u1200,K1,1,0,1,-4.26348e+06,1.01277e+08
Ru102_g0u1200,44,102,g0u1200,L2,2,1,0,-1.39975e+06,1.04141e+08
Ru102_g0u1200,44,102,g0u1200,L3,2,1,1,-1.37033e+06,1.04171e+08
Ru102_g0u1200,44,102,g0u1200,M4,3,2,0,-611605,1.04929e+08
Ru102_g0u1200,44,102,g0u1200,M5,3,2,1,-608048,1.04933e+08
Ru102_g0u1200,44,102,g0u1200,N6,4,3,0,-341908,1.05199e+08
Ru102_g0u1200,44,102,g0u1200,N7,4,3,1,-341166,1.052e+08
Ru102_g0u1200,44,102,g0u1200,O8,5,4,0,-218282,1.05323e+08
Ru102_g0u1200,44,102,g0u1200,O9,5,4,1,-218056,1.05323e+08
Ru102_g0u1200,44,102,g0u1200,P10,6,5,0,-151400,1.05389e+08
Ru102_g0u1200,44,102,g0u1200,P11,6,5,1,-151313,1.0539e+08
Ru102_g0u1200,44,102,g0u1200,Q12,7,6,0,-111158,1.0543e+08
Ru102_g0u1200,44,102,g0u1200,Q13,7,6,1,-111119,1.0543e+08
Ru102_g0u1200,44,102,g0u1200,R14,8,7,0,-85072.5,1.05456e+08
Ru102_g0u1200,44,102,g0u1200,R15,8,7,1,-85052.9,1.05456e+08
Ru102_g0u1300,44,102,g0u1300,K1,1,0,1,-4.26348e+06,1.01277e+08
Ru102_g0u1300,44,102,g0u1300,L2,2,1,0,-1.39975e+06,1.04141e+08
Ru102_g0u1300,44,102,g0u1300,L3,2,1,1,-1.37033e+06,1.04171e+08
Ru102_g0u1300,44,102,g0u1300,M4,3,2,0,-611605,1.04929e+08
Ru102_g0u1300,44,102,g0u1300,M5,3,2,1,-608048,1.04933e+08
Ru102_g0u1300,44,102,g0u1300,N6,4,3,0,-341908,1.05199e+08
Ru102_g0u1300,44,102,g0u1300,N7,4,3,1,-341166,1.052e+08
Ru102_g0u1300,44,102,g0u1300,O8,5,4,0,-218282,1.05323e+08
Ru102_g0u1300,44,102,g0u1300,O9,5,4,1,-218056,1.05323e+08
Ru102_g0u1300,44,102,g0u1300,P10,6,5,0,-151400,1.05389e+08
Ru102_g0u1300,44,102,g0u1300,P11,6,5,1,-151313,1.0539e+08
Ru102_g0u1300,44,102,g0u1300,Q12,7,6,0,-111158,1.0543e+08
Ru102_g0u1300,44,102,g0u1300,Q13,7,6,1,-111119,1.0543e+08
Ru102_g0u1300,44,102,g0u1300,R14,8,7,0,-85072.5,1.05456e+08
Ru102_g0u1300,44,102,g0u1300,R15,8,7,1,-85052.9,1.05456e+08
Ru102_g0u1400,44,102,g0u1400,K1,1,0,1,-4.26348e+06,1.01277e+08
Ru102_g0u1400,44,102,g0u1400,L2,2,1,0,-1.39975e+06,1.04141e+08
Ru102_g0u1400,44,102,g0u1400,L3,2,1,1,-1.37033e+06,1.04171e+08
Ru102_g0u1400,44,102,g0u1400,M4,3,2,0,-611605,1.04929e+08
Ru102_g0u1400,44,102,g0u1400,M5,3,2,1,-608048,1.04933e+08
Ru102_g0u1400,44,102,g0u1400,N6,4,3,0,-341908,1.05199e+08
Ru102_g0u1400,44,102,g0u1400,N7,4,3,1,-341166,1.052e+08
Ru102_g0u1400,44,102,g0u1400,O8,5,4,0,-218282,1.05323e+08
Ru102_g0u1400,44,102,g0u1400,O9,5,4,1,-218056,1.05323e+08
Ru102_g0u1400,44,102,g0u1400,P10,6,5,0,-151400,1.05389e+08
Ru102_g0u1400,44,102,g0u1400,P11,6,5,1,-151313,1.0539e+08
Ru102_g0u1400,44,102,g0u1400,Q12,7,6,0,-111158,1.0543e+08
Ru102_g0u1400,44,102,g0u1400,Q13,7,6,1,-111119,1.0543e+08
Ru102_g0u1400,44,102,g0u1400,R14,8,7,0,-85072.5,1.05456e+08
Ru102_g0u1400,44,102,g0u1400,R15,8,7,1,-85052.9,1.05456e+08
Ru102_g0u1500,44,102,g0u1500,K1,1,0,1,-4.26348e+06,1.01277e+08
Ru102_g0u1500,44,102,g0u1500,L2,2,1,0,-1.39975e+06,1.04141e+08
Ru102_g0u1500,44,102,g0u1500,L3,2,1,1,-1.37033e+06,1.04171e+08
Ru102_g0u1500,44,102,g0u1500,M4,3,2,0,-611605,1.04929e+08
Ru102_g0u1500,44,102,g0u1500,M5,3,2,1,-608048,1.04933e+08
Ru102_g0u1500,44,102,g0u1500,N6,4,3,0,-341908,1.05199e+08
Ru102_g0u1500,44,102,g0u1500,N7,4,3,1,-341166,1.052e+08
Ru102_g0u1500,44,102,g0u1500,O8,5,4,0,-218282,1.05323e+08
Ru102_g0u1500,44,102,g0u1500,O9,5,4,1,-218056,1.05323e+08
Ru102_g0u1500,44,102,g0u1500,P10,6,5,0,-151400,1.05389e+08
Ru102_g0u1500,44,102,g0u1500,P11,6,5,1,-151313,1.0539e+08
Ru102_g0u1500,44,102,g0u1500,Q12,7,6,0,-111158,1.0543e+08
Ru102_g0u1500,44,102,g0u1500,Q13,7,6,1,-111119,1.0543e+08
Ru102_g0u1500,44,102,g0u1500,R14,8,7,0,-85072.5,1.05456e+08
Ru102_g0u1500,44,102,g0u1500,R15,8,7,1,-85052.9,1.05456e+08
Ru102_g0u1600,44,102,g0u1600,K1,1,0,1,-4.26346e+06,1.01277e+08
Ru102_g0u1600,44,102,g0u1600,L2,2,1,0,-1.39975e+06,1.04141e+08
Ru102_g0u1600,44,102,g0u1600,L3,2,1,1,-1.37033e+06,1.04171e+08
Ru102_g0u1600,44,102,g0u1600,M4,3,2,0,-611605,1.04929e+08
Ru102_g0u1600,44,102,g0u1600,M5,3,2,1,-608048,1.04933e+08
Ru102_g0u1600,44,102,g0u1600,N6,4,3,0,-341908,1.05199e+08
Ru102_g0u1600,44,102,g0u1600,N7,4,3,1,-341166,1.052e+08
Ru102_g0u1600,44,102,g0u1600,O8,5,4,0,-218282,1.05323e+08
Ru102_g0u1600,44,102,g0u1600,O9,5,4,1,-218056,1.05323e+08
Ru102_g0u1600,44,102,g0u1600,P10,6,5,0,-151400,1.05389e+08
Ru102_g0u1600,44,102,g0u1600,P11,6,5,1,-151313,1.0539e+08
Ru102_g0u1600,44,102,g0u1600,Q12,7,6,0,-111158,1.0543e+08
Ru102_g0u1600,44,102,g0u1600,Q13,7,6,1,-111119,1.0543e+08
Ru102_g0u1600,44,102,g0u1600,R14,8,7,0,-85072.5,1.05456e+08
Ru102_g0u1600,44,102,g0u1600,R15,8,7,1,-85052.9,1.05456e+08
Ru102_g0u1700,44,102,g0u1700,K1,1,0,1,-4.26309e+06,1.01278e+08
Ru102_g0u1700,44,102,g0u1700,L2,2,1,0,-1.39973e+06,1.04141e+08
Ru102_g0u1700,44,102,g0u1700,L3,2,1,1,-1.37032e+06,1.04171e+08
Ru102_g0u1700,44,102,g0u1700,M4,3,2,0,-611605,1.04929e+08
Ru102_g0u1700,44,102,g0u1700,M5,3,2,1,-608048,1.04933e+08
Ru102_g0u1700,44,102,g0u1700,N6,4,3,0,-341908,1.05199e+08
Ru102_g0u1700,44,102,g0u1700,N7,4,3,1,-341166,1.052e+08
Ru102_g0u1700,44,102,g0u1700,O8,5,4,0,-218282,1.05323e+08
Ru102_g0u1700,44,102,g0u1700,O9,5,4,1,-218056,1.05323e+08
Ru102_g0u1700,44,102,g0u1700,P10,6,5,0,-151400,1.05389e+08
Ru102_g0u1700,44,102,g0u1700,P11,6,5,1,-151313,1.0539e+08
Ru102_g0u1700,44,102,g0u1700,Q12,7,6,0,-111158,1.0543e+08
Ru102_g0u1700,44,102,g0u1700,Q13,7,6,1,-111119,1.0543e+08
Ru102_g0u1700,44,102,g0u1700,R14,8,7,0,-85072.5,1.05456e+08
Ru102_g0u1700,44,102,g0u1700,R15,8,7,1,-85052.9,1.05456e+08
Ru102_g0u1800,44,102,g0u1800,K1,1,0,1,-4.26432e+06,1.01277e+08
Ru102_g0u1800,44,102,g0u1800,L2,2,1,0,-1.39979e+06,1.04141e+08
Ru102_g0u1800,44,102,g0u1800,L3,2,1,1,-1.37036e+06,1.04171e+08
Ru102_g0u1800,44,102,g0u1800,M4,3,2,0,-611605,1.04929e+08
Ru102_g0u1800,44,102,g0u1800,M5,3,2,1,-608049,1.04933e+08
Ru102_g0u1800,44,102,g0u1800,N6,4,3,0,-341908,1.05199e+08
Ru102_g0u1800,44,102,g0u1800,N7,4,3,1,-341166,1.052e+08
Ru102_g0u1800,44,102,g0u1800,O8,5,4,0,-218282,1.05323e+08
Ru102_g0u1800,44,102,g0u1800,O9,5,4,1,-218056,1.05323e+08
Ru102_g0u1800,44,102,g0u1800,P10,6,5,0,-151400,1.05389e+08
Ru102_g0u1800,44,102,g0u1800,P11,6,5,1,-151313,1.0539e+08
Ru102_g0u1800,44,102,g0u1800,Q12,7,6,0,-111158,1.0543e+08
Ru102_g0u1800,44,102,g0u1800,Q13,7,6,1,-111119,1.0543e+08
Ru102_g0u1800,44,102,g0u1800,R14,8,7,0,-85072.5,1.05456e+08
Ru102_g0u1800,44,102,g0u1800,R15,8,7,1,-85052.9,1.05456e+08
Ru102_g0u1900,44,102,g0u1900,K1,1,0,1,-4.41508e+06,1.01126e+08
Ru102_g0u1900,44,102,g0u1900,L2,2,1,0,-1.40731e+06,1.04134e+08
Ru102_g0u1900,44,102,g0u1900,L3,2,1,1,-1.37596e+06,1.04165e+08
Ru102_g0u1900,44,102,g0u1900,M4,3,2,0,-611633,1.04929e+08
Ru102_g0u1900,44,102,g0u1900,M5,3,2,1,-608064,1.04933e+08
Ru102_g0u1900,44,102,g0u1900,N6,4,3,0,-341908,1.05199e+08
Ru102_g0u1900,44,102,g0u1900,N7,4,3,1,-341166,1.052e+08
Ru102_g0u1900,44,102,g0u1900,O8,5,4,0,-218282,1.05323e+08
Ru102_g0u1900,44,102,g0u1900,O9,5,4,1,-218056,1.05323e+08
Ru102_g0u1900,44,102,g0u1900,P10,6,5,0,-151400,1.05389e+08
Ru102_g0u1900,44,102,g0u1900,P11,6,5,1,-151313,1.0539e+08
Ru102_g0u1900,44,102,g0u1900,Q12,7,6,0,-111158,1.0543e+08
Ru102_g0u1900,44,102,g0u1900,Q13,7,6,1,-111119,1.0543e+08
Ru102_g0u1900,44,102,g0u1900,R14,8,7,0,-85072.5,1.05456e+08
Ru102_g0u1900,44,102,g0u1900,R15,8,7,1,-85052.9,1.05456e+08
Ru102_g2u1000,44,102,g2u1000,K1,1,0,1,-4.26348e+06,1.01277e+08
Ru102_g2u1000,44,102,g2u1000,L2,2,1,0,-1.39975e+06,1.04141e+08
Ru102_g2u1000,44,102,g2u1000,L3,2,1,1,-1.37033e+06,1.04171e+08
Ru102_g2u1000,44,102,g2u1000,M4,3,2,0,-611605,1.04929e+08
Ru102_g2u1000,44,102,g2u1000,M5,3,2,1,-608048,1.04933e+08
Ru102_g2u1000,44,102,g2u1000,N6,4,3,0,-341908,1.05199e+08
Ru102_g2u1000,44,102,g2u1000,N7,4,3,1,-341166,1.052e+08
Ru102_g2u1000,44,102,g2u1000,O8,5,4,0,-218282,1.05323e+08
Ru102_g2u1000,44,102,g2u1000,O9,5,4,1,-218056,1.05323e+08
Ru102_g2u1000,44,102,g2u1000,P10,6,5,0,-151400,1.05389e+08
Ru102_g2u1000,44,102,g2u1000,P11,6,5,1,-151313,1.0539e+08
Ru102_g2u1000,44,102,g2u1000,Q12,7,6,0,-111158,1.0543e+08
Ru102_g2u1000,44,102,g2u1000,Q13,7,6,1,-111119,1.0543e+08
Ru102_g2u1000,44,102,g2u1000,R14,8,7,0,-85072.5,1.05456e+08
Ru102_g2u1000,44,102,g2u1000,R15,8,7,1,-85052.9,1.05456e+08
Pd104_g0u0050,46,104,g0u0050,K1,1,0,1,-4.58903e+06,1.00954e+08
Pd104_g0u0050,46,104,g0u0050,L2,2,1,0,-1.53214e+06,1.04011e+08
Pd104_g0u0050,46,104,g0u0050,L3,2,1,1,-1.49769e+06,1.04045e+08
Pd104_g0u0050,46,104,g0u0050,M4,3,2,0,-669096,1.04874e+08
Pd104_g0u0050,46,104,g0u0050,M5,3,2,1,-664841,1.04878e+08
Pd104_g0u0050,46,104,g0u0050,N5,4,2,1,-374020,1.05169e+08
Pd104_g0u0050,46,104,g0u0050,N6,4,3,0,-373868,1.05169e+08
Pd104_g0u0050,46,104,g0u0050,N7,4,3,1,-372980,1.0517e+08
Pd104_g0u0050,46,104,g0u0050,O8,5,4,0,-238643,1.05305e+08
Pd104_g0u0050,46,104,g0u0050,O9,5,4,1,-238372,1.05305e+08
Pd104_g0u0050,46,104,g0u0050,P10,6,5,0,-165507,1.05378e+08
Pd104_g0u0050,46,104,g0u0050,P11,6,5,1,-165403,1.05378e+08
Pd104_g0u0050,46,104,g0u0050,Q12,7,6,0,-121509,1.05422e+08
Pd104_g0u0050,46,104,g0u0050,Q13,7,6,1,-121462,1.05422e+08
Pd104_g0u0050,46,104,g0u0050,R14,8,7,0,-92991.3,1.0545e+08
Pd104_g0u0050,46,104,g0u0050,R15,8,7,1,-92967.8,1.0545e+08
Pd104_g0u0100,46,104,g0u0100,K1,1,0,1,-4.58937e+06,1.00954e+08
Pd104_g0u0100,46,104,g0u0100,L2,2,1,0,-1.53215e+06,1.04011e+08
Pd104_g0u0100,46,104,g0u0100,L3,2,1,1,-1.49769e+06,1.04045e+08
Pd104_g0u0100,46,104,g0u0100,M4,3,2,0,-669097,1.04874e+08
Pd104_g0u0100,46,104,g0u0100,M5,3,2,1,-664842,1.04878e+08
Pd104_g0u0100,46,104,g0u0100,N5,4,2,1,-374021,1.05169e+08
Pd104_g0u0100,46,104,g0u0100,N6,4,3,0,-373868,1.05169e+08
Pd104_g0u0100,46,104,g0u0100,N7,4,3,1,-372981,1.0517e+08
Pd104_g0u0100,46,104,g0u0100,O8,5,4,0,-238643,1.05305e+08
Pd104_g0u0100,46,104,g0u0100,O9,5,4,1,-238372,1.05305e+08
Pd104_g0u0100,46,104,g0u0100,P10,6,5,0,-165507,1.05378e+08
Pd104_g0u0100,46,104,g0u0100,P11,6,5,1,-165403,1.05378e+08
Pd104_g0u0100,46,104,g0u0100,Q12,7,6,0,-121509,1.05422e+08
Pd104_g0u0100,46,104,g0u0100,Q13,7,6,1,-121462,1.05422e+08
Pd104_g0u0100,46,104,g0u0100,R14,8,7,0,-92991.3,1.0545e+08
Pd104_g0u0100,46,104,g0u0100,R15,8,7,1,-92967.9,1.0545e+08
Pd104_g0u0150,46,104,g0u0150,K1,1,0,1,-4.58943e+06,1.00954e+08
Pd104_g0u0150,46,104,g0u0150,L2,2,1,0,-1.53216e+06,1.04011e+08
Pd104_g0u0150,46,104,g0u0150,L3,2,1,1,-1.4977e+06,1.04045e+08
Pd104_g0u0150,46,104,g0u0150,M4,3,2,0,-669097,1.04874e+08
Pd104_g0u0150,46,104,g0u0150,M5,3,2,1,-664843,1.04878e+08
Pd104_g0u0150,46,104,g0u0150,N5,4,2,1,-374021,1.05169e+08
Pd104_g0u0150,46,104,g0u0150,N6,4,3,0,-373868,1.05169e+08
Pd104_g0u0150,46,104,g0u0150,N7,4,3,1,-372981,1.0517e+08
Pd104_g0u0150,46,104,g0u0150,O8,5,4,0,-238643,1.05305e+08
Pd104_g0u0150,46,104,g0u0150,O9,5,4,1,-238372,1.05305e+08
Pd104_g0u0150,46,104,g0u0150,P10,6,5,0,-165507,1.05378e+08
Pd104_g0u0150,46,104,g0u0150,P11,6,5,1,-165403,1.05378e+08
Pd104_g0u0150,46,104,g0u0150,Q12,7,6,0,-121509,1.05422e+08
Pd104_g0u0150,46,104,g0u0150,Q13,7,6,1,-121462,1.05422e+08
Pd104_g0u0150,46,104,g0u0150,R14,8,7,0,-92991.3,1.0545e+08
Pd104_g0u0150,46,104,g0u0150,R15,8,7,1,-92967.9,1.0545e+08
Pd104_g0u0200,46,104,g0u0200,K1,1,0,1,-4.58945e+06,1.00954e+08
Pd104_g0u0200,46,104,g0u0200,L2,2,1,0,-1.53216e+06,1.04011e+08
Pd104_g0u0200,46,104,g0u0200,L3,2,1,1,-1.4977e+06,1.04045e+08
Pd104_g0u0200,46,104,g0u0200,M4,3,2,0,-669098,1.04874e+08
Pd104_g0u0200,46,104,g0u0200,M5,3,2,1,-664843,1.04878e+08
Pd104_g0u0200,46,104,g0u0200,N5,4,2,1,-374021,1.05169e+08
Pd104_g0u0200,46,104,g0u0200,N6,4,3,0,-373869,1.05169e+08
Pd104_g0u0200,46,104,g0u0200,N7,4,3,1,-372981,1.0517e+08
Pd104_g0u0200,46,104,g0u0200,O8,5,4,0,-238643,1.05305e+08
Pd104_g0u0200,46,104,g0u0200,O9,5,4,1,-238372,1.05305e+08
Pd104_g0u0200,46,104,g0u0200,P10,6,5,0,-165507,1.05378e+08
Pd104_g0u0200,46,104,g0u0200,P11,6,5,1,-165403,1.05378e+08
Pd104_g0u0200,46,104,g0u0200,Q12,7,6,0,-121509,1.05422e+08
Pd104_g0u0200,46,104,g0u0200,Q13,7,6,1,-121462,1.05422e+08
Pd104_g0u0200,46,104,g0u0200,R14,8,7,0,-92991.3,1.0545e+08
Pd104_g0u0200,46,104,g0u0200,R15,8,7,1,-92967.9,1.0545e+08
Pd104_g0u0250,46,104,g0u0250,K1,1,0,1,-4.58946e+06,1.00954e+08
Pd104_g0u0250,46,104,g0u0250,L2,2,1,0,-1.53216e+06,1.04011e+08
Pd104_g0u0250,46,104,g0u0250,L3,2,1,1,-1.4977e+06,1.04045e+08
Pd104_g0u0250,46,104,g0u0250,M4,3,2,0,-669098,1.04874e+08
Pd104_g0u0250,46,104,g0u0250,M5,3,2,1,-664843,1.04878e+08
Pd104_g0u0250,46,104,g0u0250,N5,4,2,1,-374021,1.05169e+08
Pd104_g0u0250,46,104,g0u0250,N6,4,3,0,-373869,1.05169e+08
Pd104_g0u0250,46,104,g0u0250,N7,4,3,1,-372981,1.0517e+08
Pd104_g0u0250,46,104,g0u0250,O8,5,4,0,-238643,1.05305e+08
Pd104_g0u0250,46,104,g0u0250,O9,5,4,1,-238372,1.05305e+08
Pd104_g0u0250,46,104,g0u0250,P10,6,5,0,-165507,1.05378e+08
Pd104_g0u0250,46,104,g0u0250,P11,6,5,1,-165403,1.05378e+08
Pd104_g0u0250,46,104,g0u0250,Q12,7,6,0,-121509,1.05422e+08
Pd104_g0u0250,46,104,g0u0250,Q13,7,6,1,-121462,1.05422e+08
Pd104_g0u0250,46,104,g0u0250,R14,8,7,0,-92991.3,1.0545e+08
Pd104_g0u0250,46,104,g0u0250,R15,8,7,1,-92967.9,1.0545e+08
Pd104_g0u0300,46,104,g0u0300,K1,1,0,1,-4.58947e+06,1.00954e+08
Pd104_g0u0300,46,104,g0u0300,L2,2,1,0,-1.53216e+06,1.04011e+08
Pd104_g0u0300,46,104,g0u0300,L3,2,1,1,-1.4977e+06,1.04045e+08
Pd104_g0u0300,46,104,g0u0300,M4,3,2,0,-669098,1.04874e+08
Pd104_g0u0300,46,104,g0u0300,M5,3,2,1,-664843,1.04878e+08
Pd104_g0u0300,46,104,g0u0300,N5,4,2,1,-374021,1.05169e+08
Pd104_g0u0300,46,104,g0u0300,N6,4,3,0,-373869,1.05169e+08
Pd104_g0u0300,46,104,g0u0300,N7,4,3,1,-372981,1.0517e+08
Pd104_g0u0300,46,104,g0u0300,O8,5,4,0,-238643,1.05305e+08
Pd104_g0u0300,46,104,g0u0300,O9,5,4,1,-238372,1.05305e+08
Pd104_g0u0300,46,104,g0u0300,P10,6,5,0,-165507,1.05378e+08
Pd104_g0u0300,46,104,g0u0300,P11,6,5,1,-165403,1.05378e+08
Pd104_g0u0300,46,104,g0u0300,Q12,7,6,0,-121509,1.05422e+08
Pd104_g0u0300,46,104,g0u0300,Q13,7,6,1,-121462,1.05422e+08
Pd104_g0u0300,46,104,g0u0300,R14,8,7,0,-92991.3,1.0545e+08
Pd104_g0u0300,46,104,g0u0300,R15,8,7,1,-92967.9,1.0545e+08
Pd104_g0u0350,46,104,g0u0350,K1,1,0,1,-4.58947e+06,1.00954e+08
Pd104_g0u0350,46,104,g0u0350,L2,2,1,0,-1.53216e+06,1.04011e+08
Pd104_g0u0350,46,104,g0u0350,L3,2,1,1,-1.4977e+06,1.04045e+08
Pd104_g0u0350,46,104,g0u0350,M4,3,2,0,-669098,1.04874e+08
Pd104_g0u0350,46,104,g0u0350,M5,3,2,1,-664843,1.04878e+08
Pd104_g0u0350,46,104,g0u0350,N5,4,2,1,-374021,1.05169e+08
Pd104_g0u0350,46,104,g0u0350,N6,4,3,0,-373869,1.05169e+08
Pd104_g0u0350,46,104,g0u0350,N7,4,3,1,-372981,1.0517e+08
Pd104_g0u0350,46,104,g0u0350,O8,5,4,0,-238643,1.05305e+08
Pd104_g0u0350,46,104,g0u0350,O9,5,4,1,-238372,1.05305e+08
Pd104_g0u0350,46,104,g0u0350,P10,6,5,0,-165507,1.05378e+08
Pd104_g0u0350,46,104,g0u0350,P11,6,5,1,-165403,1.05378e+08
Pd104_g0u0350,46,104,g0u0350,Q12,7,6,0,-121509,1.05422e+08
Pd104_g0u0350,46,104,g0u0350,Q13,7,6,1,-121462,1.05422e+08
Pd104_g0u0350,46,104,g0u0350,R14,8,7,0,-92991.3,1.0545e+08
Pd104_g0u0350,46,104,g0u0350,R15,8,7,1,-92967.9,1.0545e+08
Pd104_g0u0400,46,104,g0u0400,K1,1,0,1,-4.58947e+06,1.00954e+08
Pd104_g0u0400,46,104,g0u0400,L2,2,1,0,-1.53216e+06,1.04011e+08
Pd104_g0u0400,46,104,g0u0400,L3,2,1,1,-1.4977e+06,1.04045e+08
Pd104_g0u0400,46,104,g0u0400,M4,3,2,0,-669098,1.04874e+08
Pd104_g0u0400,46,104,g0u0400,M5,3,2,1,-664843,1.04878e+08
Pd104_g0u0400,46,104,g0u0400,N5,4,2,1,-374021,1.05169e+08
Pd104_g0u0400,46,104,g0u0400,N6,4,3,0,-373869,1.05169e+08
Pd104_g0u0400,46,104,g0u0400,N7,4,3,1,-372981,1.0517e+08
Pd104_g0u0400,46,104,g0u0400,O8,5,4,0,-238643,1.05305e+08
Pd104_g0u0400,46,104,g0u0400,O9,5,4,1,-238372,1.05305e+08
Pd104_g0u0400,46,104,g0u0400,P10,6,5,0,-165507,1.05378e+08
Pd104_g0u0400,46,104,g0u0400,P11,6,5,1,-165403,1.05378e+08
Pd104_g0u0400,46,104,g0u0400,Q12,7,6,0,-121509,1.05422e+08
Pd104_g0u0400,46,104,g0u0400,Q13,7,6,1,-121462,1.05422e+08
Pd104_g0u0400,46,104,g0u0400,R14,8,7,0,-92991.3,1.0545e+08
Pd104_g0u0400,46,104,g0u0400,R15,8,7,1,-92967.9,1.0545e+08
Pd104_g0u0450,46,104,g0u0450,K1,1,0,1,-4.58947e+06,1.00954e+08
Pd104_g0u0450,46,104,g0u0450,L2,2,1,0,-1.53216e+06,1.04011e+08
Pd104_g0u0450,46,104,g0u0450,L3,2,1,1,-1.4977e+06,1.04045e+08
Pd104_g0u0450,46,104,g0u0450,M4,3,2,0,-669098,1.04874e+08
Pd104_g0u0450,46,104,g0u0450,M5,3,2,1,-664843,1.04878e+08
Pd104_g0u0450,46,104,g0u0450,N5,4,2,1,-374021,1.05169e+08
Pd104_g0u0450,46,104,g0u0450,N6,4,3,0,-373869,1.05169e+08
Pd104_g0u0450,46,104,g0u0450,N7,4,3,1,-372981,1.0517e+08
Pd104_g0u0450,46,104,g0u0450,O8,5,4,0,-238643,1.05305e+08
Pd104_g0u0450,46,104,g0u0450,O9,5,4,1,-238372,1.05305e+08
Pd104_g0u0450,46,104,g0u0450,P10,6,5,0,-165507,1.05378e+08
Pd104_g0u0450,46,104,g0u0450,P11,6,5,1,-165403,1.05378e+08
Pd104_g0u0450,46,104,g0u0450,Q12,7,6,0,-121509,1.05422e+08
Pd104_g0u0450,46,104,g0u0450,Q13,7,6,1,-121462,1.05422e+08
Pd104_g0u0450,46,104,g0u0450,R14,8,7,0,-92991.3,1.0545e+08
Pd104_g0u0450,46,104,g0u0450,R15,8,7,1,-92967.9,1.0545e+08
Pd104_g0u0500,46,104,g0u0500,K1,1,0,1,-4.58948e+06,1.00954e+08
Pd104_g0u0500,46,104,g0u0500,L2,2,1,0,-1.53216e+06,1.04011e+08
Pd104_g0u0500,46,104,g0u0500,L3,2,1,1,-1.4977e+06,1.04045e+08
Pd104_g0u0500,46,104,g0u0500,M4,3,2,0,-669098,1.04874e+08
Pd104_g0u0500,46,104,g0u0500,M5,3,2,1,-664843,1.04878e+08
Pd104_g0u0500,46,104,g0u0500,N5,4,2,1,-374021,1.05169e+08
Pd104_g0u0500,46,104,g0u0500,N6,4,3,0,-373869,1.05169e+08
Pd104_g0u0500,46,104,g0u0500,N7,4,3,1,-372981,1.0517e+08
Pd104_g0u0500,46,104,g0u0500,O8,5,4,0,-238643,1.05305e+08
Pd104_g0u0500,46,104,g0u0500,O9,5,4,1,-238372,1.05305e+08
Pd104_g0u0500,46,104,g0u0500,P10,6,5,0,-165507,1.05378e+08
Pd104_g0u0500,46,104,g0u0500,P11,6,5,1,-165403,1.05378e+08
Pd104_g0u0500,46,104,g0u0500,Q12,7,6,0,-121509,1.05422e+08
Pd104_g0u0500,46,104,g0u0500,Q13,7,6,1,-121462,1.05422e+08
Pd104_g0u0500,46,104,g0u0500,R14,8,7,0,-92991.3,1.0545e+08
Pd104_g0u0500,46,104,g0u0500,R15,8,7,1,-92967.9,1.0545e+08
Pd104_g0u0550,46,104,g0u0550,K1,1,0,1,-4.58948e+06,1.00954e+08
Pd104_g0u0550,46,104,g0u0550,L2,2,1,0,-1.53216e+06,1.04011e+08
Pd104_g0u0550,46,104,g0u0550,L3,2,1,1,-1.4977e+06,1.04045e+08
Pd104_g0u0550,46,104,g0u0550,M4,3,2,0,-669098,1.04874e+08
Pd104_g0u0550,46,104,g0u0550,M5,3,2,1,-664843,1.04878e+08
Pd104_g0u0550,46,104,g0u0550,N5,4,2,1,-374021,1.05169e+08
Pd104_g0u0550,46,104,g0u0550,N6,4,3,0,-373869,1.05169e+08
Pd104_g0u0550,46,104,g0u0550,N7,4,3,1,-372981,1.0517e+08
Pd104_g0u0550,46,104,g0u0550,O8,5,4,0,-238643,1.05305e+08
Pd104_g0u0550,46,104,g0u0550,O9,5,4,1,-238372,1.05305e+08
Pd104_g0u0550,46,104,g0u0550,P10,6,5,0,-165507,1.05378e+08
Pd104_g0u0550,46,104,g0u0550,P11,6,5,1,-165403,1.05378e+08
Pd104_g0u0550,46,104,g0u0550,Q12,7,6,0,-121509,1.05422e+08
Pd104_g0u0550,46,104,g0u0550,Q13,7,6,1,-121462,1.05422e+08
Pd104_g0u0550,46,104,g0u0550,R14,8,7,0,-92991.3,1.0545e+08
Pd104_g0u0550,46,104,g0u0550,R15,8,7,1,-92967.9,1.0545e+08
Pd104_g0u0600,46,104,g0u0600,K1,1,0,1,-4.58948e+06,1.00954e+08
Pd104_g0u0600,46,104,g0u0600,L2,2,1,0,-1.53216e+06,1.04011e+08
Pd104_g0u0600,46,104,g0u0600,L3,2,1,1,-1.4977e+06,1.04045e+08
Pd104_g0u0600,46,104,g0u0600,M4,3,2,0,-669098,1.04874e+08
Pd104_g0u0600,46,104,g0u0600,M5,3,2,1,-664843,1.04878e+08
Pd104_g0u0600,46,104,g0u0600,N5,4,2,1,-374021,1.05169e+08
Pd104_g0u0600,46,104,g0u0600,N6,4,3,0,-373869,1.05169e+08
Pd104_g0u0600,46,104,g0u0600,N7,4,3,1,-372981,1.0517e+08
Pd104_g0u0600,46,104,g0u0600,O8,5,4,0,-238643,1.05305e+08
Pd104_g0u0600,46,104,g0u0600,O9,5,4,1,-238372,1.05305e+08
Pd104_g0u0600,46,104,g0u0600,P10,6,5,0,-165507,1.05378e+08
Pd104_g0u0600,46,104,g0u0600,P11,6,5,1,-165403,1.05378e+08
Pd104_g0u0600,46,104,g0u0600,Q12,7,6,0,-121509,1.05422e+08
Pd104_g0u0600,46,104,g0u0600,Q13,7,6,1,-121462,1.05422e+08
Pd104_g0u0600,46,104,g0u0600,R14,8,7,0,-92991.3,1.0545e+08
Pd104_g0u0600,46,104,g0u0600,R15,8,7,1,-92967.9,1.0545e+08
Pd104_g0u0700,46,104,g0u0700,K1,1,0,1,-4.58948e+06,1.00954e+08
Pd104_g0u0700,46,104,g0u0700,L2,2,1,0,-1.53216e+06,1.04011e+08
Pd104_g0u0700,46,104,g0u0700,L3,2,1,1,-1.4977e+06,1.04045e+08
Pd104_g0u0700,46,104,g0u0700,M4,3,2,0,-669098,1.04874e+08
Pd104_g0u0700,46,104,g0u0700,M5,3,2,1,-664843,1.04878e+08
Pd104_g0u0700,46,104,g0u0700,N5,4,2,1,-374021,1.05169e+08
Pd104_g0u0700,46,104,g0u0700,N6,4,3,0,-373869,1.05169e+08
Pd104_g0u0700,46,104,g0u0700,N7,4,3,1,-372981,1.0517e+08
Pd104_g0u0700,46,104,g0u0700,O8,5,4,0,-238643,1.05305e+08
Pd104_g0u0700,46,104,g0u0700,O9,5,4,1,-238372,1.05305e+08
Pd104_g0u0700,46,104,g0u0700,P10,6,5,0,-165507,1.05378e+08
Pd104_g0u0700,46,104,g0u0700,P11,6,5,1,-165403,1.05378e+08
Pd104_g0u0700,46,104,g0u0700,Q12,7,6,0,-121509,1.05422e+08
Pd104_g0u0700,46,104,g0u0700,Q13,7,6,1,-121462,1.05422e+08
Pd104_g0u0700,46,104,g0u0700,R14,8,7,0,-92991.3,1.0545e+08
Pd104_g0u0700,46,104,g0u0700,R15,8,7,1,-92967.9,1.0545e+08
Pd104_g0u0800,46,104,g0u0800,K1,1,0,1,-4.58948e+06,1.00954e+08
Pd104_g0u0800,46,104,g0u0800,L2,2,1,0,-1.53216e+06,1.04011e+08
Pd104_g0u0800,46,104,g0u0800,L3,2,1,1,-1.4977e+06,1.04045e+08
Pd104_g0u0800,46,104,g0u0800,M4,3,2,0,-669098,1.04874e+08
Pd104_g0u0800,46,104,g0u0800,M5,3,2,1,-664843,1.04878e+08
Pd104_g0u0800,46,104,g0u0800,N5,4,2,1,-374021,1.05169e+08
Pd104_g0u0800,46,104,g0u0800,N6,4,3,0,-373869,1.05169e+08
Pd104_g0u0800,46,104,g0u0800,N7,4,3,1,-372981,1.0517e+08
Pd104_g0u0800,46,104,g0u0800,O8,5,4,0,-238643,1.05305e+08
Pd104_g0u0800,46,104,g0u0800,O9,5,4,1,-238372,1.05305e+08
Pd104_g0u0800,46,104,g0u0800,P10,6,5,0,-165507,1.05378e+08
Pd104_g0u0800,46,104,g0u0800,P11,6,5,1,-165403,1.05378e+08
Pd104_g0u0800,46,104,g0u0800,Q12,7,6,0,-121509,1.05422e+08
Pd104_g0u0800,46,104,g0u0800,Q13,7,6,1,-121462,1.05422e+08
Pd104_g0u0800,46,104,g0u0800,R14,8,7,0,-92991.3,1.0545e+08
Pd104_g0u0800,46,104,g0u0800,R15,8,7,1,-92967.9,1.0545e+08
Pd104_g0u0900,46,104,g0u0900,K1,1,0,1,-4.58948e+06,1.00954e+08
Pd104_g0u0900,46,104,g0u0900,L2,2,1,0,-1.53216e+06,1.04011e+08
Pd104_g0u0900,46,104,g0u0900,L3,2,1,1,-1.4977e+06,1.04045e+08
Pd104_g0u0900,46,104,g0u0900,M4,3,2,0,-669098,1.04874e+08
Pd104_g0u0900,46,104,g0u0900,M5,3,2,1,-664843,1.04878e+08
Pd104_g0u0900,46,104,g0u0900,N5,4,2,1,-374021,1.05169e+08
Pd104_g0u0900,46,104,g0u0900,N6,4,3,0,-373869,1.05169e+08
Pd104_g0u0900,46,104,g0u0900,N7,4,3,1,-372981,1.0517e+08
Pd104_g0u0900,46,104,g0u0900,O8,5,4,0,-238643,1.05305e+08
Pd104_g0u0900,46,104,g0u0900,O9,5,4,1,-238372,1.05305e+08
Pd104_g0u0900,46,104,g0u0900,P10,6,5,0,-165507,1.05378e+08
Pd104_g0u0900,46,104,g0u0900,P11,6,5,1,-165403,1.05378e+08
Pd104_g0u0900,46,104,g0u0900,Q12,7,6,0,-121509,1.05422e+08
Pd104_g0u0900,46,104,g0u0900,Q13,7,6,1,-121462,1.05422e+08
Pd104_g0u0900,46,104,g0u0900,R14,8,7,0,-92991.3,1.0545e+08
Pd104_g0u0900,46,104,g0u0900,R15,8,7,1,-92967.9,1.0545e+08
Pd104_g0u1000,46,104,g0u1000,K1,1,0,1,-4.58948e+06,1.00954e+08
Pd104_g0u1000,46,104,g0u1000,L2,2,1,0,-1.53216e+06,1.04011e+08
Pd104_g0u1000,46,104,g0u1000,L3,2,1,1,-1.4977e+06,1.04045e+08
Pd104_g0u1000,46,104,g0u1000,M4,3,2,0,-669098,1.04874e+08
Pd104_g0u1000,46,104,g0u1000,M5,3,2,1,-664843,1.04878e+08
Pd104_g0u1000,46,104,g0u1000,N5,4,2,1,-374021,1.05169e+08
Pd104_g0u1000,46,104,g0u1000,N6,4,3,0,-373869,1.05169e+08
Pd104_g0u1000,46,104,g0u1000,N7,4,3,1,-372981,1.0517e+08
Pd104_g0u1000,46,104,g0u1000,O8,5,4,0,-238643,1.05305e+08
Pd104_g0u1000,46,104,g0u1000,O9,5,4,1,-238372,1.05305e+08
Pd104_g0u1000,46,104,g0u1000,P10,6,5,0,-165507,1.05378e+08
Pd104_g0u1000,46,104,g0u1000,P11,6,5,1,-165403,1.05378e+08
Pd104_g0u1000,46,104,g0u1000,Q12,7,6,0,-121509,1.05422e+08
Pd104_g0u1000,46,104,g0u1000,Q13,7,6,1,-121462,1.05422e+08
Pd104_g0u1000,46,104,g0u1000,R14,8,7,0,-92991.3,1.0545e+08
Pd104_g0u1000,46,104,g0u1000,R15,8,7,1,-92967.9,1.0545e+08
Pd104_g0u1100,46,104,g0u1100,K1,1,0,1,-4.58948e+06,1.00954e+08
Pd104_g0u1100,46,104,g0u1100,L2,2,1,0,-1.53216e+06,1.04011e+08
Pd104_g0u1100,46,104,g0u1100,L3,2,1,1,-1.4977e+06,1.04045e+08
Pd104_g0u1100,46,104,g0u1100,M4,3,2,0,-669098,1.04874e+08
Pd104_g0u1100,46,104,g0u1100,M5,3,2,1,-664843,1.04878e+08
Pd104_g0u1100,46,104,g0u1100,N5,4,2,1,-374021,1.05169e+08
Pd104_g0u1100,46,104,g0u1100,N6,4,3,0,-373869,1.05169e+08
Pd104_g0u1100,46,104,g0u1100,N7,4,3,1,-372981,1.0517e+08
Pd104_g0u1100,46,104,g0u1100,O8,5,4,0,-238643,1.05305e+08
Pd104_g0u1100,46,104,g0u1100,O9,5,4,1,-238372,1.05305e+08
Pd104_g0u1100,46,104,g0u1100,P10,6,5,0,-165507,1.05378e+08
Pd104_g0u1100,46,104,g0u1100,P11,6,5,1,-165403,1.05378e+08
Pd104_g0u1100,46,104,g0u1100,Q12,7,6,0,-121509,1.05422e+08
Pd104_g0u1100,46,104,g0u1100,Q13,7,6,1,-121462,1.05422e+08
Pd104_g0u1100,46,104,g0u1100,R14,8,7,0,-92991.3,1.0545e+08
Pd104_g0u1100,46,104,g0u1100,R15,8,7,1,-92967.9,1.0545e+08
Pd104_g0u1200,46,104,g0u1200,K1,1,0,1,-4.58948e+06,1.00954e+08
Pd104_g0u1200,46,104,g0u1200,L2,2,1,0,-1.53216e+06,1.04011e+08
Pd104_g0u1200,46,104,g0u1200,L3,2,1,1,-1.4977e+06,1.04045e+08
Pd104_g0u1200,46,104,g0u1200,M4,3,2,0,-669098,1.04874e+08
Pd104_g0u1200,46,104,g0u1200,M5,3,2,1,-664843,1.04878e+08
Pd104_g0u1200,46,104,g0u1200,N5,4,2,1,-374021,1.05169e+08
Pd104_g0u1200,46,104,g0u1200,N6,4,3,0,-373869,1.05169e+08
Pd104_g0u1200,46,104,g0u1200,N7,4,3,1,-372981,1.0517e+08
Pd104_g0u1200,46,104,g0u1200,O8,5,4,0,-238643,1.05305e+08
Pd104_g0u1200,46,104,g0u1200,O9,5,4,1,-238372,1.05305e+08
Pd104_g0u1200,46,104,g0u1200,P10,6,5,0,-165507,1.05378e+08
Pd104_g0u1200,46,104,g0u1200,P11,6,5,1,-165403,1.05378e+08
Pd104_g0u1200,46,104,g0u1200,Q12,7,6,0,-121509,1.05422e+08
Pd104_g0u1200,46,104,g0u1200,Q13,7,6,1,-121462,1.05422e+08
Pd104_g0u1200,46,104,g0u1200,R14,8,7,0,-92991.3,1.0545e+08
Pd104_g0u1200,46,104,g0u1200,R15,8,7,1,-92967.9,1.0545e+08
Pd104_g0u1300,46,104,g0u1300,K1,1,0,1,-4.58948e+06,1.00954e+08
Pd104_g0u1300,46,104,g0u1300,L2,2,1,0,-1.53216e+06,1.04011e+08
Pd104_g0u1300,46,104,g0u1300,L3,2,1,1,-1.4977e+06,1.04045e+08
Pd104_g0u1300,46,104,g0u1300,M4,3,2,0,-669098,1.04874e+08
Pd104_g0u1300,46,104,g0u1300,M5,3,2,1,-664843,1.04878e+08
Pd104_g0u1300,46,104,g0u1300,N5,4,2,1,-374021,1.05169e+08
Pd104_g0u1300,46,104,g0u1300,N6,4,3,0,-373869,1.05169e+08
Pd104_g0u1300,46,104,g0u1300,N7,4,3,1,-372981,1.0517e+08
Pd104_g0u1300,46,104,g0u1300,O8,5,4,0,-238643,1.05305e+08
Pd104_g0u1300,46,104,g0u1300,O9,5,4,1,-238372,1.05305e+08
Pd104_g0u1300,46,104,g0u1300,P10,6,5,0,-165507,1.05378e+08
Pd104_g0u1300,46,104,g0u1300,P11,6,5,1,-165403,1.05378e+08
Pd104_g0u1300,46,104,g0u1300,Q12,7,6,0,-121509,1.05422e+08
Pd104_g0u1300,46,104,g0u1300,Q13,7,6,1,-121462,1.05422e+08
Pd104_g0u1300,46,104,g0u1300,R14,8,7,0,-92991.3,1.0545e+08
Pd104_g0u1300,46,104,g0u1300,R15,8,7,1,-92967.9,1.0545e+08
Pd104_g0u1400,46,104,g0u1400,K1,1,0,1,-4.58948e+06,1.00954e+08
Pd104_g0u1400,46,104,g0u1400,L2,2,1,0,-1.53216e+06,1.04011e+08
Pd104_g0u1400,46,104,g0u1400,L3,2,1,1,-1.4977e+06,1.04045e+08
Pd104_g0u1400,46,104,g0u1400,M4,3,2,0,-669098,1.04874e+08
Pd104_g0u1400,46,104,g0u1400,M5,3,2,1,-664843,1.04878e+08
Pd104_g0u1400,46,104,g0u1400,N5,4,2,1,-374021,1.05169e+08
Pd104_g0u1400,46,104,g0u1400,N6,4,3,0,-373869,1.05169e+08
Pd104_g0u1400,46,104,g0u1400,N7,4,3,1,-372981,1.0517e+08
Pd104_g0u1400,46,104,g0u1400,O8,5,4,0,-238643,1.05305e+08
Pd104_g0u1400,46,104,g0u1400,O9,5,4,1,-238372,1.05305e+08
Pd104_g0u1400,46,104,g0u1400,P10,6,5,0,-165507,1.05378e+08
Pd104_g0u1400,46,104,g0u1400,P11,6,5,1,-165403,1.05378e+08
Pd104_g0u1400,46,104,g0u1400,Q12,7,6,0,-121509,1.05422e+08
Pd104_g0u1400,46,104,g0u1400,Q13,7,6,1,-121462,1.05422e+08
Pd104_g0u1400,46,104,g0u1400,R14,8,7,0,-92991.3,1.0545e+08
Pd104_g0u1400,46,104,g0u1400,R15,8,7,1,-92967.9,1.0545e+08
Pd104_g0u1500,46,104,g0u1500,K1,1,0,1,-4.58948e+06,1.00954e+08
Pd104_g0u1500,46,104,g0u1500,L2,2,1,0,-1.53216e+06,1.04011e+08
Pd104_g0u1500,46,104,g0u1500,L3,2,1,1,-1.4977e+06,1.04045e+08
Pd104_g0u1500,46,104,g0u1500,M4,3,2,0,-669098,1.04874e+08
Pd104_g0u1500,46,104,g0u1500,M5,3,2,1,-664843,1.04878e+08
Pd104_g0u1500,46,104,g0u1500,N5,4,2,1,-374021,1.05169e+08
Pd104_g0u1500,46,104,g0u1500,N6,4,3,0,-373869,1.05169e+08
Pd104_g0u1500,46,104,g0u1500,N7,4,3,1,-372981,1.0517e+08
Pd104_g0u1500,46,104,g0u1500,O8,5,4,0,-238643,1.05305e+08
Pd104_g0u1500,46,104,g0u1500,O9,5,4,1,-238372,1.05305e+08
Pd104_g0u1500,46,104,g0u1500,P10,6,5,0,-165507,1.05378e+08
Pd104_g0u1500,46,104,g0u1500,P11,6,5,1,-165403,1.05378e+08
Pd104_g0u1500,46,104,g0u1500,Q12,7,6,0,-121509,1.05422e+08
Pd104_g0u1500,46,104,g0u1500,Q13,7,6,1,-121462,1.05422e+08
Pd104_g0u1500,46,104,g0u1500,R14,8,7,0,-92991.3,1.0545e+08
Pd104_g0u1500,46,104,g0u1500,R15,8,7,1,-92967.9,1.0545e+08
Pd104_g0u1600,46,104,g0u1600,K1,1,0,1,-4.58955e+06,1.00954e+08
Pd104_g0u1600,46,104,g0u1600,L2,2,1,0,-1.53216e+06,1.04011e+08
Pd104_g0u1600,46,104,g0u1600,L3,2,1,1,-1.4977e+06,1.04045e+08
Pd104_g0u1600,46,104,g0u1600,M4,3,2,0,-669098,1.04874e+08
Pd104_g0u1600,46,104,g0u1600,M5,3,2,1,-664843,1.04878e+08
Pd104_g0u1600,46,104,g0u1600,N5,4,2,1,-374021,1.05169e+08
Pd104_g0u1600,46,104,g0u1600,N6,4,3,0,-373869,1.05169e+08
Pd104_g0u1600,46,104,g0u1600,N7,4,3,1,-372981,1.0517e+08
Pd104_g0u1600,46,104,g0u1600,O8,5,4,0,-238643,1.05305e+08
Pd104_g0u1600,46,104,g0u1600,O9,5,4,1,-238372,1.05305e+08
Pd104_g0u1600,46,104,g0u1600,P10,6,5,0,-165507,1.05378e+08
Pd104_g0u1600,46,104,g0u1600,P11,6,5,1,-165403,1.05378e+08
Pd104_g0u1600,46,104,g0u1600,Q12,7,6,0,-121509,1.05422e+08
Pd104_g0u1600,46,104,g0u1600,Q13,7,6,1,-121462,1.05422e+08
Pd104_g0u1600,46,104,g0u1600,R14,8,7,0,-92991.3,1.0545e+08
Pd104_g0u1600,46,104,g0u1600,R15,8,7,1,-92967.9,1.0545e+08
Pd104_g0u1700,46,104,g0u1700,K1,1,0,1,-4.5903e+06,1.00953e+08
Pd104_g0u1700,46,104,g0u1700,L2,2,1,0,-1.5322e+06,1.04011e+08
Pd104_g0u1700,46,104,g0u1700,L3,2,1,1,-1.49773e+06,1.04045e+08
Pd104_g0u1700,46,104,g0u1700,M4,3,2,0,-669098,1.04874e+08
Pd104_g0u1700,46,104,g0u1700,M5,3,2,1,-664843,1.04878e+08
Pd104_g0u1700,46,104,g0u1700,N5,4,2,1,-374021,1.05169e+08
Pd104_g0u1700,46,104,g0u1700,N6,4,3,0,-373869,1.05169e+08
Pd104_g0u1700,46,104,g0u1700,N7,4,3,1,-372981,1.0517e+08
Pd104_g0u1700,46,104,g0u1700,O8,5,4,0,-238643,1.05305e+08
Pd104_g0u1700,46,104,g0u1700,O9,5,4,1,-238372,1.05305e+08
Pd104_g0u1700,46,104,g0u1700,P10,6,5,0,-165507,1.05378e+08
Pd104_g0u1700,46,104,g0u1700,P11,6,5,1,-165403,1.05378e+08
Pd104_g0u1700,46,104,g0u1700,Q12,7,6,0,-121509,1.05422e+08
Pd104_g0u1700,46,104,g0u1700,Q13,7,6,1,-121462,1.05422e+08
Pd104_g0u1700,46,104,g0u1700,R14,8,7,0,-92991.3,1.0545e+08
Pd104_g0u1700,46,104,g0u1700,R15,8,7,1,-92967.9,1.0545e+08
Pd104_g0u1800,46,104,g0u1800,K1,1,0,1,-4.61078e+06,1.00932e+08
Pd104_g0u1800,46,104,g0u1800,L2,2,1,0,-1.53338e+06,1.0401e+08
Pd104_g0u1800,46,104,g0u1800,L3,2,1,1,-1.49861e+06,1.04045e+08
Pd104_g0u1800,46,104,g0u1800,M4,3,2,0,-669103,1.04874e+08
Pd104_g0u1800,46,104,g0u1800,M5,3,2,1,-664846,1.04878e+08
Pd104_g0u1800,46,104,g0u1800,N5,4,2,1,-374023,1.05169e+08
Pd104_g0u1800,46,104,g0u1800,N6,4,3,0,-373869,1.05169e+08
Pd104_g0u1800,46,104,g0u1800,N7,4,3,1,-372981,1.0517e+08
Pd104_g0u1800,46,104,g0u1800,O8,5,4,0,-238643,1.05305e+08
Pd104_g0u1800,46,104,g0u1800,O9,5,4,1,-238372,1.05305e+08
Pd104_g0u1800,46,104,g0u1800,P10,6,5,0,-165507,1.05378e+08
Pd104_g0u1800,46,104,g0u1800,P11,6,5,1,-165403,1.05378e+08
Pd104_g0u1800,46,104,g0u1800,Q12,7,6,0,-121509,1.05422e+08
Pd104_g0u1800,46,104,g0u1800,Q13,7,6,1,-121462,1.05422e+08
Pd104_g0u1800,46,104,g0u1800,R14,8,7,0,-92991.3,1.0545e+08
Pd104_g0u1800,46,104,g0u1800,R15,8,7,1,-92967.9,1.0545e+08
Pd104_g0u1900,46,104,g0u1900,K1,1,0,1,-4.67848e+06,1.00865e+08
Pd104_g0u1900,46,104,g0u1900,L2,2,1,0,-1.53703e+06,1.04006e+08
Pd104_g0u1900,46,104,g0u1900,L3,2,1,1,-1.5013e+06,1.04042e+08
Pd104_g0u1900,46,104,g0u1900,M4,3,2,0,-669117,1.04874e+08
Pd104_g0u1900,46,104,g0u1900,M5,3,2,1,-664854,1.04878e+08
Pd104_g0u1900,46,104,g0u1900,N5,4,2,1,-374028,1.05169e+08
Pd104_g0u1900,46,104,g0u1900,N6,4,3,0,-373869,1.05169e+08
Pd104_g0u1900,46,104,g0u1900,N7,4,3,1,-372981,1.0517e+08
Pd104_g0u1900,46,104,g0u1900,O8,5,4,0,-238643,1.05305e+08
Pd104_g0u1900,46,104,g0u1900,O9,5,4,1,-238372,1.05305e+08
Pd104_g0u1900,46,104,g0u1900,P10,6,5,0,-165507,1.05378e+08
Pd104_g0u1900,46,104,g0u1900,P11,6,5,1,-165403,1.05378e+08
Pd104_g0u1900,46,104,g0u1900,Q12,7,6,0,-121509,1.05422e+08
Pd104_g0u1900,46,104,g0u1900,Q13,7,6,1,-121462,1.05422e+08
Pd104_g0u1900,46,104,g0u1900,R14,8,7,0,-92991.3,1.0545e+08
Pd104_g0u1900,46,104,g0u1900,R15,8,7,1,-92967.9,1.0545e+08
Pd104_g2u1000,46,104,g2u1000,K1,1,0,1,-4.58949e+06,1.00954e+08
Pd104_g2u1000,46,104,g2u1000,L2,2,1,0,-1.53216e+06,1.04011e+08
Pd104_g2u1000,46,104,g2u1000,L3,2,1,1,-1.4977e+06,1.04045e+08
Pd104_g2u1000,46,104,g2u1000,M4,3,2,0,-669098,1.04874e+08
Pd104_g2u1000,46,104,g2u1000,M5,3,2,1,-664843,1.04878e+08
Pd104_g2u1000,46,104,g2u1000,N5,4,2,1,-374021,1.05169e+08
Pd104_g2u1000,46,104,g2u1000,N6,4,3,0,-373869,1.05169e+08
Pd104_g2u1000,46,104,g2u1000,N7,4,3,1,-372981,1.0517e+08
Pd104_g2u1000,46,104,g2u1000,O8,5,4,0,-238643,1.05305e+08
Pd104_g2u1000,46,104,g2u1000,O9,5,4,1,-238372,1.05305e+08
Pd104_g2u1000,46,104,g2u1000,P10,6,5,0,-165507,1.05378e+08
Pd104_g2u1000,46,104,g2u1000,P11,6,5,1,-165403,1.05378e+08
Pd104_g2u1000,46,104,g2u1000,Q12,7,6,0,-121509,1.05422e+08
Pd104_g2u1000,46,104,g2u1000,Q13,7,6,1,-121462,1.05422e+08
Pd104_g2u1000,46,104,g2u1000,R14,8,7,0,-92991.3,1.0545e+08
Pd104_g2u1000,46,104,g2u1000,R15,8,7,1,-92967.9,1.0545e+08
Pd106_g0u0050,46,106,g0u0050,K1,1,0,1,-4.58112e+06,1.00964e+08
Pd106_g0u0050,46,106,g0u0050,L2,2,1,0,-1.53196e+06,1.04013e+08
Pd106_g0u0050,46,106,g0u0050,L3,2,1,1,-1.49759e+06,1.04048e+08
Pd106_g0u0050,46,106,g0u0050,M4,3,2,0,-669109,1.04876e+08
Pd106_g0u0050,46,106,g0u0050,M5,3,2,1,-664854,1.0488e+08
Pd106_g0u0050,46,106,g0u0050,N5,4,2,1,-374028,1.05171e+08
Pd106_g0u0050,46,106,g0u0050,N6,4,3,0,-373875,1.05171e+08
Pd106_g0u0050,46,106,g0u0050,N7,4,3,1,-372988,1.05172e+08
Pd106_g0u0050,46,106,g0u0050,O8,5,4,0,-238647,1.05307e+08
Pd106_g0u0050,46,106,g0u0050,O9,5,4,1,-238377,1.05307e+08
Pd106_g0u0050,46,106,g0u0050,P10,6,5,0,-165510,1.0538e+08
Pd106_g0u0050,46,106,g0u0050,P11,6,5,1,-165406,1.0538e+08
Pd106_g0u0050,46,106,g0u0050,Q12,7,6,0,-121512,1.05424e+08
Pd106_g0u0050,46,106,g0u0050,Q13,7,6,1,-121465,1.05424e+08
Pd106_g0u0050,46,106,g0u0050,R14,8,7,0,-92993.2,1.05452e+08
Pd106_g0u0050,46,106,g0u0050,R15,8,7,1,-92969.7,1.05452e+08
Pd106_g0u0100,46,106,g0u0100,K1,1,0,1,-4.58146e+06,1.00964e+08
Pd106_g0u0100,46,106,g0u0100,L2,2,1,0,-1.53198e+06,1.04013e+08
Pd106_g0u0100,46,106,g0u0100,L3,2,1,1,-1.4976e+06,1.04048e+08
Pd106_g0u0100,46,106,g0u0100,M4,3,2,0,-669111,1.04876e+08
Pd106_g0u0100,46,106,g0u0100,M5,3,2,1,-664856,1.0488e+08
Pd106_g0u0100,46,106,g0u0100,N5,4,2,1,-374028,1.05171e+08
Pd106_g0u0100,46,106,g0u0100,N6,4,3,0,-373876,1.05171e+08
Pd106_g0u0100,46,106,g0u0100,N7,4,3,1,-372988,1.05172e+08
Pd106_g0u0100,46,106,g0u0100,O8,5,4,0,-238648,1.05307e+08
Pd106_g0u0100,46,106,g0u0100,O9,5,4,1,-238377,1.05307e+08
Pd106_g0u0100,46,106,g0u0100,P10,6,5,0,-165510,1.0538e+08
Pd106_g0u0100,46,106,g0u0100,P11,6,5,1,-165406,1.0538e+08
Pd106_g0u0100,46,106,g0u0100,Q12,7,6,0,-121512,1.05424e+08
Pd106_g0u0100,46,106,g0u0100,Q13,7,6,1,-121465,1.05424e+08
Pd106_g0u0100,46,106,g0u0100,R14,8,7,0,-92993.2,1.05452e+08
Pd106_g0u0100,46,106,g0u0100,R15,8,7,1,-92969.8,1.05452e+08
Pd106_g0u0150,46,106,g0u0150,K1,1,0,1,-4.58152e+06,1.00964e+08
Pd106_g0u0150,46,106,g0u0150,L2,2,1,0,-1.53198e+06,1.04013e+08
Pd106_g0u0150,46,106,g0u0150,L3,2,1,1,-1.4976e+06,1.04048e+08
Pd106_g0u0150,46,106,g0u0150,M4,3,2,0,-669111,1.04876e+08
Pd106_g0u0150,46,106,g0u0150,M5,3,2,1,-664856,1.0488e+08
Pd106_g0u0150,46,106,g0u0150,N5,4,2,1,-374028,1.05171e+08
Pd106_g0u0150,46,106,g0u0150,N6,4,3,0,-373876,1.05171e+08
Pd106_g0u0150,46,106,g0u0150,N7,4,3,1,-372989,1.05172e+08
Pd106_g0u0150,46,106,g0u0150,O8,5,4,0,-238648,1.05307e+08
Pd106_g0u0150,46,106,g0u0150,O9,5,4,1,-238377,1.05307e+08
Pd106_g0u0150,46,106,g0u0150,P10,6,5,0,-165510,1.0538e+08
Pd106_g0u0150,46,106,g0u0150,P11,6,5,1,-165406,1.0538e+08
Pd106_g0u0150,46,106,g0u0150,Q12,7,6,0,-121512,1.05424e+08
Pd106_g0u0150,46,106,g0u0150,Q13,7,6,1,-121465,1.05424e+08
Pd106_g0u0150,46,106,g0u0150,R14,8,7,0,-92993.2,1.05452e+08
Pd106_g0u0150,46,106,g0u0150,R15,8,7,1,-92969.8,1.05452e+08
Pd106_g0u0200,46,106,g0u0200,K1,1,0,1,-4.58154e+06,1.00964e+08
Pd106_g0u0200,46,106,g0u0200,L2,2,1,0,-1.53198e+06,1.04013e+08
Pd106_g0u0200,46,106,g0u0200,L3,2,1,1,-1.4976e+06,1.04048e+08
Pd106_g0u0200,46,106,g0u0200,M4,3,2,0,-669111,1.04876e+08
Pd106_g0u0200,46,106,g0u0200,M5,3,2,1,-664856,1.0488e+08
Pd106_g0u0200,46,106,g0u0200,N5,4,2,1,-374029,1.05171e+08
Pd106_g0u0200,46,106,g0u0200,N6,4,3,0,-373876,1.05171e+08
Pd106_g0u0200,46,106,g0u0200,N7,4,3,1,-372989,1.05172e+08
Pd106_g0u0200,46,106,g0u0200,O8,5,4,0,-238648,1.05307e+08
Pd106_g0u0200,46,106,g0u0200,O9,5,4,1,-238377,1.05307e+08
Pd106_g0u0200,46,106,g0u0200,P10,6,5,0,-165510,1.0538e+08
Pd106_g0u0200,46,106,g0u0200,P11,6,5,1,-165406,1.0538e+08
Pd106_g0u0200,46,106,g0u0200,Q12,7,6,0,-121512,1.05424e+08
Pd106_g0u0200,46,106,g0u0200,Q13,7,6,1,-121465,1.05424e+08
Pd106_g0u0200,46,106,g0u0200,R14,8,7,0,-92993.2,1.05452e+08
Pd106_g0u0200,46,106,g0u0200,R15,8,7,1,-92969.8,1.05452e+08
Pd106_g0u0250,46,106,g0u0250,K1,1,0,1,-4.58154e+06,1.00964e+08
Pd106_g0u0250,46,106,g0u0250,L2,2,1,0,-1.53198e+06,1.04013e+08
Pd106_g0u0250,46,106,g0u0250,L3,2,1,1,-1.4976e+06,1.04048e+08
Pd106_g0u0250,46,106,g0u0250,M4,3,2,0,-669111,1.04876e+08
Pd106_g0u0250,46,106,g0u0250,M5,3,2,1,-664856,1.0488e+08
Pd106_g0u0250,46,106,g0u0250,N5,4,2,1,-374029,1.05171e+08
Pd106_g0u0250,46,106,g0u0250,N6,4,3,0,-373876,1.05171e+08
Pd106_g0u0250,46,106,g0u0250,N7,4,3,1,-372989,1.05172e+08
Pd106_g0u0250,46,106,g0u0250,O8,5,4,0,-238648,1.05307e+08
Pd106_g0u0250,46,106,g0u0250,O9,5,4,1,-238377,1.05307e+08
Pd106_g0u0250,46,106,g0u0250,P10,6,5,0,-165510,1.0538e+08
Pd106_g0u0250,46,106,g0u0250,P11,6,5,1,-165406,1.0538e+08
Pd106_g0u0250,46,106,g0u0250,Q12,7,6,0,-121512,1.05424e+08
Pd106_g0u0250,46,106,g0u0250,Q13,7,6,1,-121465,1.05424e+08
Pd106_g0u0250,46,106,g0u0250,R14,8,7,0,-92993.2,1.05452e+08
Pd106_g0u0250,46,106,g0u0250,R15,8,7,1,-92969.8,1.05452e+08
Pd106_g0u0300,46,106,g0u0300,K1,1,0,1,-4.58155e+06,1.00964e+08
Pd106_g0u0300,46,106,g0u0300,L2,2,1,0,-1.53198e+06,1.04013e+08
Pd106_g0u0300,46,106,g0u0300,L3,2,1,1,-1.4976e+06,1.04048e+08
Pd106_g0u0300,46,106,g0u0300,M4,3,2,0,-669111,1.04876e+08
Pd106_g0u0300,46,106,g0u0300,M5,3,2,1,-664856,1.0488e+08
Pd106_g0u0300,46,106,g0u0300,N5,4,2,1,-374029,1.05171e+08
Pd106_g0u0300,46,106,g0u0300,N6,4,3,0,-373876,1.05171e+08
Pd106_g0u0300,46,106,g0u0300,N7,4,3,1,-372989,1.05172e+08
Pd106_g0u0300,46,106,g0u0300,O8,5,4,0,-238648,1.05307e+08
Pd106_g0u0300,46,106,g0u0300,O9,5,4,1,-238377,1.05307e+08
Pd106_g0u0300,46,106,g0u0300,P10,6,5,0,-165510,1.0538e+08
Pd106_g0u0300,46,106,g0u0300,P11,6,5,1,-165406,1.0538e+08
Pd106_g0u0300,46,106,g0u0300,Q12,7,6,0,-121512,1.05424e+08
Pd106_g0u0300,46,106,g0u0300,Q13,7,6,1,-121465,1.05424e+08
Pd106_g0u0300,46,106,g0u0300,R14,8,7,0,-92993.2,1.05452e+08
Pd106_g0u0300,46,106,g0u0300,R15,8,7,1,-92969.8,1.05452e+08
Pd106_g0u0350,46,106,g0u0350,K1,1,0,1,-4.58155e+06,1.00964e+08
Pd106_g0u0350,46,106,g0u0350,L2,2,1,0,-1.53198e+06,1.04013e+08
Pd106_g0u0350,46,106,g0u0350,L3,2,1,1,-1.4976e+06,1.04048e+08
Pd106_g0u0350,46,106,g0u0350,M4,3,2,0,-669111,1.04876e+08
Pd106_g0u0350,46,106,g0u0350,M5,3,2,1,-664856,1.0488e+08
Pd106_g0u0350,46,106,g0u0350,N5,4,2,1,-374029,1.05171e+08
Pd106_g0u0350,46,106,g0u0350,N6,4,3,0,-373876,1.05171e+08
Pd106_g0u0350,46,106,g0u0350,N7,4,3,1,-372989,1.05172e+08
Pd106_g0u0350,46,106,g0u0350,O8,5,4,0,-238648,1.05307e+08
Pd106_g0u0350,46,106,g0u0350,O9,5,4,1,-238377,1.05307e+08
Pd106_g0u0350,46,106,g0u0350,P10,6,5,0,-165510,1.0538e+08
Pd106_g0u0350,46,106,g0u0350,P11,6,5,1,-165406,1.0538e+08
Pd106_g0u0350,46,106,g0u0350,Q12,7,6,0,-121512,1.05424e+08
Pd106_g0u0350,46,106,g0u0350,Q13,7,6,1,-121465,1.05424e+08
Pd106_g0u0350,46,106,g0u0350,R14,8,7,0,-92993.2,1.05452e+08
Pd106_g0u0350,46,106,g0u0350,R15,8,7,1,-92969.8,1.05452e+08
Pd106_g0u0400,46,106,g0u0400,K1,1,0,1,-4.58155e+06,1.00964e+08
Pd106_g0u0400,46,106,g0u0400,L2,2,1,0,-1.53198e+06,1.04013e+08
Pd106_g0u0400,46,106,g0u0400,L3,2,1,1,-1.4976e+06,1.04048e+08
Pd106_g0u0400,46,106,g0u0400,M4,3,2,0,-669111,1.04876e+08
Pd106_g0u0400,46,106,g0u0400,M5,3,2,1,-664856,1.0488e+08
Pd106_g0u0400,46,106,g0u0400,N5,4,2,1,-374029,1.05171e+08
Pd106_g0u0400,46,106,g0u0400,N6,4,3,0,-373876,1.05171e+08
Pd106_g0u0400,46,106,g0u0400,N7,4,3,1,-372989,1.05172e+08
Pd106_g0u0400,46,106,g0u0400,O8,5,4,0,-238648,1.05307e+08
Pd106_g0u0400,46,106,g0u0400,O9,5,4,1,-238377,1.05307e+08
Pd106_g0u0400,46,106,g0u0400,P10,6,5,0,-165510,1.0538e+08
Pd106_g0u0400,46,106,g0u0400,P11,6,5,1,-165406,1.0538e+08
Pd106_g0u0400,46,106,g0u0400,Q12,7,6,0,-121512,1.05424e+08
Pd106_g0u0400,46,106,g0u0400,Q13,7,6,1,-121465,1.05424e+08
Pd106_g0u0400,46,106,g0u0400,R14,8,7,0,-92993.2,1.05452e+08
Pd106_g0u0400,46,106,g0u0400,R15,8,7,1,-92969.8,1.05452e+08
Pd106_g0u0450,46,106,g0u0450,K1,1,0,1,-4.58156e+06,1.00964e+08
Pd106_g0u0450,46,106,g0u0450,L2,2,1,0,-1.53198e+06,1.04013e+08
Pd106_g0u0450,46,106,g0u0450,L3,2,1,1,-1.4976e+06,1.04048e+08
Pd106_g0u0450,46,106,g0u0450,M4,3,2,0,-669111,1.04876e+08
Pd106_g0u0450,46,106,g0u0450,M5,3,2,1,-664856,1.0488e+08
Pd106_g0u0450,46,106,g0u0450,N5,4,2,1,-374029,1.05171e+08
Pd106_g0u0450,46,106,g0u0450,N6,4,3,0,-373876,1.05171e+08
Pd106_g0u0450,46,106,g0u0450,N7,4,3,1,-372989,1.05172e+08
Pd106_g0u0450,46,106,g0u0450,O8,5,4,0,-238648,1.05307e+08
Pd106_g0u0450,46,106,g0u0450,O9,5,4,1,-238377,1.05307e+08
Pd106_g0u0450,46,106,g0u0450,P10,6,5,0,-165510,1.0538e+08
Pd106_g0u0450,46,106,g0u0450,P11,6,5,1,-165406,1.0538e+08
Pd106_g0u0450,46,106,g0u0450,Q12,7,6,0,-121512,1.05424e+08
Pd106_g0u0450,46,106,g0u0450,Q13,7,6,1,-121465,1.05424e+08
Pd106_g0u0450,46,106,g0u0450,R14,8,7,0,-92993.2,1.05452e+08
Pd106_g0u0450,46,106,g0u0450,R15,8,7,1,-92969.8,1.05452e+08
Pd106_g0u0500,46,106,g0u0500,K1,1,0,1,-4.58156e+06,1.00964e+08
Pd106_g0u0500,46,106,g0u0500,L2,2,1,0,-1.53198e+06,1.04013e+08
Pd106_g0u0500,46,106,g0u0500,L3,2,1,1,-1.4976e+06,1.04048e+08
Pd106_g0u0500,46,106,g0u0500,M4,3,2,0,-669111,1.04876e+08
Pd106_g0u0500,46,106,g0u0500,M5,3,2,1,-664856,1.0488e+08
Pd106_g0u0500,46,106,g0u0500,N5,4,2,1,-374029,1.05171e+08
Pd106_g0u0500,46,106,g0u0500,N6,4,3,0,-373876,1.05171e+08
Pd106_g0u0500,46,106,g0u0500,N7,4,3,1,-372989,1.05172e+08
Pd106_g0u0500,46,106,g0u0500,O8,5,4,0,-238648,1.05307e+08
Pd106_g0u0500,46,106,g0u0500,O9,5,4,1,-238377,1.05307e+08
Pd106_g0u0500,46,106,g0u0500,P10,6,5,0,-165510,1.0538e+08
Pd106_g0u0500,46,106,g0u0500,P11,6,5,1,-165406,1.0538e+08
Pd106_g0u0500,46,106,g0u0500,Q12,7,6,0,-121512,1.05424e+08
Pd106_g0u0500,46,106,g0u0500,Q13,7,6,1,-121465,1.05424e+08
Pd106_g0u0500,46,106,g0u0500,R14,8,7,0,-92993.2,1.05452e+08
Pd106_g0u0500,46,106,g0u0500,R15,8,7,1,-92969.8,1.05452e+08
Pd106_g0u0550,46,106,g0u0550,K1,1,0,1,-4.58156e+06,1.00964e+08
Pd106_g0u0550,46,106,g0u0550,L2,2,1,0,-1.53198e+06,1.04013e+08
Pd106_g0u0550,46,106,g0u0550,L3,2,1,1,-1.4976e+06,1.04048e+08
Pd106_g0u0550,46,106,g0u0550,M4,3,2,0,-669111,1.04876e+08
Pd106_g0u0550,46,106,g0u0550,M5,3,2,1,-664856,1.0488e+08
Pd106_g0u0550,46,106,g0u0550,N5,4,2,1,-374029,1.05171e+08
Pd106_g0u0550,46,106,g0u0550,N6,4,3,0,-373876,1.05171e+08
Pd106_g0u0550,46,106,g0u0550,N7,4,3,1,-372989,1.05172e+08
Pd106_g0u0550,46,106,g0u0550,O8,5,4,0,-238648,1.05307e+08
Pd106_g0u0550,46,106,g0u0550,O9,5,4,1,-238377,1.05307e+08
Pd106_g0u0550,46,106,g0u0550,P10,6,5,0,-165510,1.0538e+08
Pd106_g0u0550,46,106,g0u0550,P11,6,5,1,-165406,1.0538e+08
Pd106_g0u0550,46,106,g0u0550,Q12,7,6,0,-121512,1.05424e+08
Pd106_g0u0550,46,106,g0u0550,Q13,7,6,1,-121465,1.05424e+08
Pd106_g0u0550,46,106,g0u0550,R14,8,7,0,-92993.2,1.05452e+08
Pd106_g0u0550,46,106,g0u0550,R15,8,7,1,-92969.8,1.05452e+08
Pd106_g0u0600,46,106,g0u0600,K1,1,0,1,-4.58156e+06,1.00964e+08
Pd106_g0u0600,46,106,g0u0600,L2,2,1,0,-1.53198e+06,1.04013e+08
Pd106_g0u0600,46,106,g0u0600,L3,2,1,1,-1.4976e+06,1.04048e+08
Pd106_g0u0600,46,106,g0u0600,M4,3,2,0,-669111,1.04876e+08
Pd106_g0u0600,46,106,g0u0600,M5,3,2,1,-664856,1.0488e+08
Pd106_g0u0600,46,106,g0u0600,N5,4,2,1,-374029,1.05171e+08
Pd106_g0u0600,46,106,g0u0600,N6,4,3,0,-373876,1.05171e+08
Pd106_g0u0600,46,106,g0u0600,N7,4,3,1,-372989,1.05172e+08
Pd106_g0u0600,46,106,g0u0600,O8,5,4,0,-238648,1.05307e+08
Pd106_g0u0600,46,106,g0u0600,O9,5,4,1,-238377,1.05307e+08
Pd106_g0u0600,46,106,g0u0600,P10,6,5,0,-165510,1.0538e+08
Pd106_g0u0600,46,106,g0u0600,P11,6,5,1,-165406,1.0538e+08
Pd106_g0u0600,46,106,g0u0600,Q12,7,6,0,-121512,1.05424e+08
Pd106_g0u0600,46,106,g0u0600,Q13,7,6,1,-121465,1.05424e+08
Pd106_g0u0600,46,106,g0u0600,R14,8,7,0,-92993.2,1.05452e+08
Pd106_g0u0600,46,106,g0u0600,R15,8,7,1,-92969.8,1.05452e+08
Pd106_g0u0700,46,106,g0u0700,K1,1,0,1,-4.58156e+06,1.00964e+08
Pd106_g0u0700,46,106,g0u0700,L2,2,1,0,-1.53198e+06,1.04013e+08
Pd106_g0u0700,46,106,g0u0700,L3,2,1,1,-1.4976e+06,1.04048e+08
Pd106_g0u0700,46,106,g0u0700,M4,3,2,0,-669111,1.04876e+08
Pd106_g0u0700,46,106,g0u0700,M5,3,2,1,-664857,1.0488e+08
Pd106_g0u0700,46,106,g0u0700,N5,4,2,1,-374029,1.05171e+08
Pd106_g0u0700,46,106,g0u0700,N6,4,3,0,-373876,1.05171e+08
Pd106_g0u0700,46,106,g0u0700,N7,4,3,1,-372989,1.05172e+08
Pd106_g0u0700,46,106,g0u0700,O8,5,4,0,-238648,1.05307e+08
Pd106_g0u0700,46,106,g0u0700,O9,5,4,1,-238377,1.05307e+08
Pd106_g0u0700,46,106,g0u0700,P10,6,5,0,-165510,1.0538e+08
Pd106_g0u0700,46,106,g0u0700,P11,6,5,1,-165406,1.0538e+08
Pd106_g0u0700,46,106,g0u0700,Q12,7,6,0,-121512,1.05424e+08
Pd106_g0u0700,46,106,g0u0700,Q13,7,6,1,-121465,1.05424e+08
Pd106_g0u0700,46,106,g0u0700,R14,8,7,0,-92993.2,1.05452e+08
Pd106_g0u0700,46,106,g0u0700,R15,8,7,1,-92969.8,1.05452e+08
Pd106_g0u0800,46,106,g0u0800,K1,1,0,1,-4.58156e+06,1.00964e+08
Pd106_g0u0800,46,106,g0u0800,L2,2,1,0,-1.53198e+06,1.04013e+08
Pd106_g0u0800,46,106,g0u0800,L3,2,1,1,-1.4976e+06,1.04048e+08
Pd106_g0u0800,46,106,g0u0800,M4,3,2,0,-669111,1.04876e+08
Pd106_g0u0800,46,106,g0u0800,M5,3,2,1,-664857,1.0488e+08
Pd106_g0u0800,46,106,g0u0800,N5,4,2,1,-374029,1.05171e+08
Pd106_g0u0800,46,106,g0u0800,N6,4,3,0,-373876,1.05171e+08
Pd106_g0u0800,46,106,g0u0800,N7,4,3,1,-372989,1.05172e+08
Pd106_g0u0800,46,106,g0u0800,O8,5,4,0,-238648,1.05307e+08
Pd106_g0u0800,46,106,g0u0800,O9,5,4,1,-238377,1.05307e+08
Pd106_g0u0800,46,106,g0u0800,P10,6,5,0,-165510,1.0538e+08
Pd106_g0u0800,46,106,g0u0800,P11,6,5,1,-165406,1.0538e+08
Pd106_g0u0800,46,106,g0u0800,Q12,7,6,0,-121512,1.05424e+08
Pd106_g0u0800,46,106,g0u0800,Q13,7,6,1,-121465,1.05424e+08
Pd106_g0u0800,46,106,g0u0800,R14,8,7,0,-92993.2,1.05452e+08
Pd106_g0u0800,46,106,g0u0800,R15,8,7,1,-92969.8,1.05452e+08
Pd106_g0u0900,46,106,g0u0900,K1,1,0,1,-4.58156e+06,1.00964e+08
Pd106_g0u0900,46,106,g0u0900,L2,2,1,0,-1.53198e+06,1.04013e+08
Pd106_g0u0900,46,106,g0u0900,L3,2,1,1,-1.4976e+06,1.04048e+08
Pd106_g0u0900,46,106,g0u0900,M4,3,2,0,-669111,1.04876e+08
Pd106_g0u0900,46,106,g0u0900,M5,3,2,1,-664857,1.0488e+08
Pd106_g0u0900,46,106,g0u0900,N5,4,2,1,-374029,1.05171e+08
Pd106_g0u0900,46,106,g0u0900,N6,4,3,0,-373876,1.05171e+08
Pd106_g0u0900,46,106,g0u0900,N7,4,3,1,-372989,1.05172e+08
Pd106_g0u0900,46,106,g0u0900,O8,5,4,0,-238648,1.05307e+08
Pd106_g0u0900,46,106,g0u0900,O9,5,4,1,-238377,1.05307e+08
Pd106_g0u0900,46,106,g0u0900,P10,6,5,0,-165510,1.0538e+08
Pd106_g0u0900,46,106,g0u0900,P11,6,5,1,-165406,1.0538e+08
Pd106_g0u0900,46,106,g0u0900,Q12,7,6,0,-121512,1.05424e+08
Pd106_g0u0900,46,106,g0u0900,Q13,7,6,1,-121465,1.05424e+08
Pd106_g0u0900,46,106,g0u0900,R14,8,7,0,-92993.2,1.05452e+08
Pd106_g0u0900,46,106,g0u0900,R15,8,7,1,-92969.8,1.05452e+08
Pd106_g0u1000,46,106,g0u1000,K1,1,0,1,-4.58156e+06,1.00964e+08
Pd106_g0u1000,46,106,g0u1000,L2,2,1,0,-1.53198e+06,1.04013e+08
Pd106_g0u1000,46,106,g0u1000,L3,2,1,1,-1.4976e+06,1.04048e+08
Pd106_g0u1000,46,106,g0u1000,M4,3,2,0,-669111,1.04876e+08
Pd106_g0u1000,46,106,g0u1000,M5,3,2,1,-664857,1.0488e+08
Pd106_g0u1000,46,106,g0u1000,N5,4,2,1,-374029,1.05171e+08
Pd106_g0u1000,46,106,g0u1000,N6,4,3,0,-373876,1.05171e+08
Pd106_g0u1000,46,106,g0u1000,N7,4,3,1,-372989,1.05172e+08
Pd106_g0u1000,46,106,g0u1000,O8,5,4,0,-238648,1.05307e+08
Pd106_g0u1000,46,106,g0u1000,O9,5,4,1,-238377,1.05307e+08
Pd106_g0u1000,46,106,g0u1000,P10,6,5,0,-165510,1.0538e+08
Pd106_g0u1000,46,106,g0u1000,P11,6,5,1,-165406,1.0538e+08
Pd106_g0u1000,46,106,g0u1000,Q12,7,6,0,-121512,1.05424e+08
Pd106_g0u1000,46,106,g0u1000,Q13,7,6,1,-121465,1.05424e+08
Pd106_g0u1000,46,106,g0u1000,R14,8,7,0,-92993.2,1.05452e+08
Pd106_g0u1000,46,106,g0u1000,R15,8,7,1,-92969.8,1.05452e+08
Pd106_g0u1100,46,106,g0u1100,K1,1,0,1,-4.58156e+06,1.00964e+08
Pd106_g0u1100,46,106,g0u1100,L2,2,1,0,-1.53198e+06,1.04013e+08
Pd106_g0u1100,46,106,g0u1100,L3,2,1,1,-1.4976e+06,1.04048e+08
Pd106_g0u1100,46,106,g0u1100,M4,3,2,0,-669111,1.04876e+08
Pd106_g0u1100,46,106,g0u1100,M5,3,2,1,-664857,1.0488e+08
Pd106_g0u1100,46,106,g0u1100,N5,4,2,1,-374029,1.05171e+08
Pd106_g0u1100,46,106,g0u1100,N6,4,3,0,-373876,1.05171e+08
Pd106_g0u1100,46,106,g0u1100,N7,4,3,1,-372989,1.05172e+08
Pd106_g0u1100,46,106,g0u1100,O8,5,4,0,-238648,1.05307e+08
Pd106_g0u1100,46,106,g0u1100,O9,5,4,1,-238377,1.05307e+08
Pd106_g0u1100,46,106,g0u1100,P10,6,5,0,-165510,1.0538e+08
Pd106_g0u1100,46,106,g0u1100,P11,6,5,1,-165406,1.0538e+08
Pd106_g0u1100,46,106,g0u1100,Q12,7,6,0,-121512,1.05424e+08
Pd106_g0u1100,46,106,g0u1100,Q13,7,6,1,-121465,1.05424e+08
Pd106_g0u1100,46,106,g0u1100,R14,8,7,0,-92993.2,1.05452e+08
Pd106_g0u1100,46,106,g0u1100,R15,8,7,1,-92969.8,1.05452e+08
Pd106_g0u1200,46,106,g0u1200,K1,1,0,1,-4.58156e+06,1.00964e+08
Pd106_g0u1200,46,106,g0u1200,L2,2,1,0,-1.53198e+06,1.04013e+08
Pd106_g0u1200,46,106,g0u1200,L3,2,1,1,-1.4976e+06,1.04048e+08
Pd106_g0u1200,46,106,g0u1200,M4,3,2,0,-669111,1.04876e+08
Pd106_g0u1200,46,106,g0u1200,M5,3,2,1,-664857,1.0488e+08
Pd106_g0u1200,46,106,g0u1200,N5,4,2,1,-374029,1.05171e+08
Pd106_g0u1200,46,106,g0u1200,N6,4,3,0,-373876,1.05171e+08
Pd106_g0u1200,46,106,g0u1200,N7,4,3,1,-372989,1.05172e+08
Pd106_g0u1200,46,106,g0u1200,O8,5,4,0,-238648,1.05307e+08
Pd106_g0u1200,46,106,g0u1200,O9,5,4,1,-238377,1.05307e+08
Pd106_g0u1200,46,106,g0u1200,P10,6,5,0,-165510,1.0538e+08
Pd106_g0u1200,46,106,g0u1200,P11,6,5,1,-165406,1.0538e+08
Pd106_g0u1200,46,106,g0u1200,Q12,7,6,0,-121512,1.05424e+08
Pd106_g0u1200,46,106,g0u1200,Q13,7,6,1,-121465,1.05424e+08
Pd106_g0u1200,46,106,g0u1200,R14,8,7,0,-92993.2,1.05452e+08
Pd106_g0u1200,46,106,g0u1200,R15,8,7,1,-92969.8,1.05452e+08
Pd106_g0u1300,46,106,g0u1300,K1,1,0,1,-4.58156e+06,1.00964e+08
Pd106_g0u1300,46,106,g0u1300,L2,2,1,0,-1.53198e+06,1.04013e+08
Pd106_g0u1300,46,106,g0u1300,L3,2,1,1,-1.4976e+06,1.04048e+08
Pd106_g0u1300,46,106,g0u1300,M4,3,2,0,-669111,1.04876e+08
Pd106_g0u1300,46,106,g0u1300,M5,3,2,1,-664857,1.0488e+08
Pd106_g0u1300,46,106,g0u1300,N5,4,2,1,-374029,1.05171e+08
Pd106_g0u1300,46,106,g0u1300,N6,4,3,0,-373876,1.05171e+08
Pd106_g0u1300,46,106,g0u1300,N7,4,3,1,-372989,1.05172e+08
Pd106_g0u1300,46,106,g0u1300,O8,5,4,0,-238648,1.05307e+08
Pd106_g0u1300,46,106,g0u1300,O9,5,4,1,-238377,1.05307e+08
Pd106_g0u1300,46,106,g0u1300,P10,6,5,0,-165510,1.0538e+08
Pd106_g0u1300,46,106,g0u1300,P11,6,5,1,-165406,1.0538e+08
Pd106_g0u1300,46,106,g0u1300,Q12,7,6,0,-121512,1.05424e+08
Pd106_g0u1300,46,106,g0u1300,Q13,7,6,1,-121465,1.05424e+08
Pd106_g0u1300,46,106,g0u1300,R14,8,7,0,-92993.2,1.05452e+08
Pd106_g0u1300,46,106,g0u1300,R15,8,7,1,-92969.8,1.05452e+08
Pd106_g0u1400,46,106,g0u1400,K1,1,0,1,-4.58156e+06,1.00964e+08
Pd106_g0u1400,46,106,g0u1400,L2,2,1,0,-1.53198e+06,1.04013e+08
Pd106_g0u1400,46,106,g0u1400,L3,2,1,1,-1.4976e+06,1.04048e+08
Pd106_g0u1400,46,106,g0u1400,M4,3,2,0,-669111,1.04876e+08
Pd106_g0u1400,46,106,g0u1400,M5,3,2,1,-664857,1.0488e+08
Pd106_g0u1400,46,106,g0u1400,N5,4,2,1,-374029,1.05171e+08
Pd106_g0u1400,46,106,g0u1400,N6,4,3,0,-373876,1.05171e+08
Pd106_g0u1400,46,106,g0u1400,N7,4,3,1,-372989,1.05172e+08
Pd106_g0u1400,46,106,g0u1400,O8,5,4,0,-238648,1.05307e+08
Pd106_g0u1400,46,106,g0u1400,O9,5,4,1,-238377,1.05307e+08
Pd106_g0u1400,46,106,g0u1400,P10,6,5,0,-165510,1.0538e+08
Pd106_g0u1400,46,106,g0u1400,P11,6,5,1,-165406,1.0538e+08
Pd106_g0u1400,46,106,g0u1400,Q12,7,6,0,-121512,1.05424e+08
Pd106_g0u1400,46,106,g0u1400,Q13,7,6,1,-121465,1.05424e+08
Pd106_g0u1400,46,106,g0u1400,R14,8,7,0,-92993.2,1.05452e+08
Pd106_g0u1400,46,106,g0u1400,R15,8,7,1,-92969.8,1.05452e+08
Pd106_g0u1500,46,106,g0u1500,K1,1,0,1,-4.58156e+06,1.00964e+08
Pd106_g0u1500,46,106,g0u1500,L2,2,1,0,-1.53198e+06,1.04013e+08
Pd106_g0u1500,46,106,g0u1500,L3,2,1,1,-1.4976e+06,1.04048e+08
Pd106_g0u1500,46,106,g0u1500,M4,3,2,0,-669111,1.04876e+08
Pd106_g0u1500,46,106,g0u1500,M5,3,2,1,-664857,1.0488e+08
Pd106_g0u1500,46,106,g0u1500,N5,4,2,1,-374029,1.05171e+08
Pd106_g0u1500,46,106,g0u1500,N6,4,3,0,-373876,1.05171e+08
Pd106_g0u1500,46,106,g0u1500,N7,4,3,1,-372989,1.05172e+08
Pd106_g0u1500,46,106,g0u1500,O8,5,4,0,-238648,1.05307e+08
Pd106_g0u1500,46,106,g0u1500,O9,5,4,1,-238377,1.05307e+08
Pd106_g0u1500,46,106,g0u1500,P10,6,5,0,-165510,1.0538e+08
Pd106_g0u1500,46,106,g0u1500,P11,6,5,1,-165406,1.0538e+08
Pd106_g0u1500,46,106,g0u1500,Q12,7,6,0,-121512,1.05424e+08
Pd106_g0u1500,46,106,g0u1500,Q13,7,6,1,-121465,1.05424e+08
Pd106_g0u1500,46,106,g0u1500,R14,8,7,0,-92993.2,1.05452e+08
Pd106_g0u1500,46,106,g0u1500,R15,8,7,1,-92969.8,1.05452e+08
Pd106_g0u1600,46,106,g0u1600,K1,1,0,1,-4.5816e+06,1.00964e+08
Pd106_g0u1600,46,106,g0u1600,L2,2,1,0,-1.53198e+06,1.04013e+08
Pd106_g0u1600,46,106,g0u1600,L3,2,1,1,-1.49761e+06,1.04048e+08
Pd106_g0u1600,46,106,g0u1600,M4,3,2,0,-669111,1.04876e+08
Pd106_g0u1600,46,106,g0u1600,M5,3,2,1,-664857,1.0488e+08
Pd106_g0u1600,46,106,g0u1600,N5,4,2,1,-374029,1.05171e+08
Pd106_g0u1600,46,106,g0u1600,N6,4,3,0,-373876,1.05171e+08
Pd106_g0u1600,46,106,g0u1600,N7,4,3,1,-372989,1.05172e+08
Pd106_g0u1600,46,106,g0u1600,O8,5,4,0,-238648,1.05307e+08
Pd106_g0u1600,46,106,g0u1600,O9,5,4,1,-238377,1.05307e+08
Pd106_g0u1600,46,106,g0u1600,P10,6,5,0,-165510,1.0538e+08
Pd106_g0u1600,46,106,g0u1600,P11,6,5,1,-165406,1.0538e+08
Pd106_g0u1600,46,106,g0u1600,Q12,7,6,0,-121512,1.05424e+08
Pd106_g0u1600,46,106,g0u1600,Q13,7,6,1,-121465,1.05424e+08
Pd106_g0u1600,46,106,g0u1600,R14,8,7,0,-92993.2,1.05452e+08
Pd106_g0u1600,46,106,g0u1600,R15,8,7,1,-92969.8,1.05452e+08
Pd106_g0u1700,46,106,g0u1700,K1,1,0,1,-4.58405e+06,1.00961e+08
Pd106_g0u1700,46,106,g0u1700,L2,2,1,0,-1.53213e+06,1.04013e+08
Pd106_g0u1700,46,106,g0u1700,L3,2,1,1,-1.49771e+06,1.04048e+08
Pd106_g0u1700,46,106,g0u1700,M4,3,2,0,-669112,1.04876e+08
Pd106_g0u1700,46,106,g0u1700,M5,3,2,1,-664857,1.0488e+08
Pd106_g0u1700,46,106,g0u1700,N5,4,2,1,-374029,1.05171e+08
Pd106_g0u1700,46,106,g0u1700,N6,4,3,0,-373876,1.05171e+08
Pd106_g0u1700,46,106,g0u1700,N7,4,3,1,-372989,1.05172e+08
Pd106_g0u1700,46,106,g0u1700,O8,5,4,0,-238648,1.05307e+08
Pd106_g0u1700,46,106,g0u1700,O9,5,4,1,-238377,1.05307e+08
Pd106_g0u1700,46,106,g0u1700,P10,6,5,0,-165510,1.0538e+08
Pd106_g0u1700,46,106,g0u1700,P11,6,5,1,-165406,1.0538e+08
Pd106_g0u1700,46,106,g0u1700,Q12,7,6,0,-121512,1.05424e+08
Pd106_g0u1700,46,106,g0u1700,Q13,7,6,1,-121465,1.05424e+08
Pd106_g0u1700,46,106,g0u1700,R14,8,7,0,-92993.2,1.05452e+08
Pd106_g0u1700,46,106,g0u1700,R15,8,7,1,-92969.8,1.05452e+08
Pd106_g0u1800,46,106,g0u1800,K1,1,0,1,-4.64622e+06,1.00899e+08
Pd106_g0u1800,46,106,g0u1800,L2,2,1,0,-1.53573e+06,1.0401e+08
Pd106_g0u1800,46,106,g0u1800,L3,2,1,1,-1.50042e+06,1.04045e+08
Pd106_g0u1800,46,106,g0u1800,M4,3,2,0,-669127,1.04876e+08
Pd106_g0u1800,46,106,g0u1800,M5,3,2,1,-664866,1.0488e+08
Pd106_g0u1800,46,106,g0u1800,N5,4,2,1,-374034,1.05171e+08
Pd106_g0u1800,46,106,g0u1800,N6,4,3,0,-373876,1.05171e+08
Pd106_g0u1800,46,106,g0u1800,N7,4,3,1,-372989,1.05172e+08
Pd106_g0u1800,46,106,g0u1800,O8,5,4,0,-238648,1.05307e+08
Pd106_g0u1800,46,106,g0u1800,O9,5,4,1,-238377,1.05307e+08
Pd106_g0u1800,46,106,g0u1800,P10,6,5,0,-165510,1.0538e+08
Pd106_g0u1800,46,106,g0u1800,P11,6,5,1,-165406,1.0538e+08
Pd106_g0u1800,46,106,g0u1800,Q12,7,6,0,-121512,1.05424e+08
Pd106_g0u1800,46,106,g0u1800,Q13,7,6,1,-121465,1.05424e+08
Pd106_g0u1800,46,106,g0u1800,R14,8,7,0,-92993.2,1.05452e+08
Pd106_g0u1800,46,106,g0u1800,R15,8,7,1,-92969.8,1.05452e+08
Pd106_g2u1000,46,106,g2u1000,K1,1,0,1,-4.58157e+06,1.00964e+08
Pd106_g2u1000,46,106,g2u1000,L2,2,1,0,-1.53198e+06,1.04013e+08
Pd106_g2u1000,46,106,g2u1000,L3,2,1,1,-1.4976e+06,1.04048e+08
Pd106_g2u1000,46,106,g2u1000,M4,3,2,0,-669111,1.04876e+08
Pd106_g2u1000,46,106,g2u1000,M5,3,2,1,-664857,1.0488e+08
Pd106_g2u1000,46,106,g2u1000,N5,4,2,1,-374029,1.05171e+08
Pd106_g2u1000,46,106,g2u1000,N6,4,3,0,-373876,1.05171e+08
Pd106_g2u1000,46,106,g2u1000,N7,4,3,1,-372989,1.05172e+08
Pd106_g2u1000,46,106,g2u1000,O8,5,4,0,-238648,1.05307e+08
Pd106_g2u1000,46,106,g2u1000,O9,5,4,1,-238377,1.05307e+08
Pd106_g2u1000,46,106,g2u1000,P10,6,5,0,-165510,1.0538e+08
Pd106_g2u1000,46,106,g2u1000,P11,6,5,1,-165406,1.0538e+08
Pd106_g2u1000,46,106,g2u1000,Q12,7,6,0,-121512,1.05424e+08
Pd106_g2u1000,46,106,g2u1000,Q13,7,6,1,-121465,1.05424e+08
Pd106_g2u1000,46,106,g2u1000,R14,8,7,0,-92993.2,1.05452e+08
Pd106_g2u1000,46,106,g2u1000,R15,8,7,1,-92969.8,1.05452e+08
Pd108_g0u0050,46,108,g0u0050,K1,1,0,1,-4.57306e+06,1.00974e+08
Pd108_g0u0050,46,108,g0u0050,L2,2,1,0,-1.53178e+06,1.04016e+08
Pd108_g0u0050,46,108,g0u0050,L3,2,1,1,-1.49749e+06,1.0405e+08
Pd108_g0u0050,46,108,g0u0050,M4,3,2,0,-669122,1.04878e+08
Pd108_g0u0050,46,108,g0u0050,M5,3,2,1,-664868,1.04883e+08
Pd108_g0u0050,46,108,g0u0050,N5,4,2,1,-374035,1.05173e+08
Pd108_g0u0050,46,108,g0u0050,N6,4,3,0,-373883,1.05174e+08
Pd108_g0u0050,46,108,g0u0050,N7,4,3,1,-372995,1.05174e+08
Pd108_g0u0050,46,108,g0u0050,O8,5,4,0,-238652,1.05309e+08
Pd108_g0u0050,46,108,g0u0050,O9,5,4,1,-238381,1.05309e+08
Pd108_g0u0050,46,108,g0u0050,P10,6,5,0,-165513,1.05382e+08
Pd108_g0u0050,46,108,g0u0050,P11,6,5,1,-165409,1.05382e+08
Pd108_g0u0050,46,108,g0u0050,Q12,7,6,0,-121514,1.05426e+08
Pd108_g0u0050,46,108,g0u0050,Q13,7,6,1,-121467,1.05426e+08
Pd108_g0u0050,46,108,g0u0050,R14,8,7,0,-92995,1.05454e+08
Pd108_g0u0050,46,108,g0u0050,R15,8,7,1,-92971.6,1.05454e+08
Pd108_g0u0100,46,108,g0u0100,K1,1,0,1,-4.5734e+06,1.00974e+08
Pd108_g0u0100,46,108,g0u0100,L2,2,1,0,-1.53179e+06,1.04016e+08
Pd108_g0u0100,46,108,g0u0100,L3,2,1,1,-1.4975e+06,1.0405e+08
Pd108_g0u0100,46,108,g0u0100,M4,3,2,0,-669123,1.04878e+08
Pd108_g0u0100,46,108,g0u0100,M5,3,2,1,-664869,1.04883e+08
Pd108_g0u0100,46,108,g0u0100,N5,4,2,1,-374036,1.05173e+08
Pd108_g0u0100,46,108,g0u0100,N6,4,3,0,-373884,1.05174e+08
Pd108_g0u0100,46,108,g0u0100,N7,4,3,1,-372996,1.05174e+08
Pd108_g0u0100,46,108,g0u0100,O8,5,4,0,-238653,1.05309e+08
Pd108_g0u0100,46,108,g0u0100,O9,5,4,1,-238382,1.05309e+08
Pd108_g0u0100,46,108,g0u0100,P10,6,5,0,-165514,1.05382e+08
Pd108_g0u0100,46,108,g0u0100,P11,6,5,1,-165409,1.05382e+08
Pd108_g0u0100,46,108,g0u0100,Q12,7,6,0,-121514,1.05426e+08
Pd108_g0u0100,46,108,g0u0100,Q13,7,6,1,-121467,1.05426e+08
Pd108_g0u0100,46,108,g0u0100,R14,8,7,0,-92995.1,1.05454e+08
Pd108_g0u0100,46,108,g0u0100,R15,8,7,1,-92971.6,1.05454e+08
Pd108_g0u0150,46,108,g0u0150,K1,1,0,1,-4.57345e+06,1.00974e+08
Pd108_g0u0150,46,108,g0u0150,L2,2,1,0,-1.53179e+06,1.04016e+08
Pd108_g0u0150,46,108,g0u0150,L3,2,1,1,-1.4975e+06,1.0405e+08
Pd108_g0u0150,46,108,g0u0150,M4,3,2,0,-669124,1.04878e+08
Pd108_g0u0150,46,108,g0u0150,M5,3,2,1,-664869,1.04883e+08
Pd108_g0u0150,46,108,g0u0150,N5,4,2,1,-374036,1.05173e+08
Pd108_g0u0150,46,108,g0u0150,N6,4,3,0,-373884,1.05174e+08
Pd108_g0u0150,46,108,g0u0150,N7,4,3,1,-372996,1.05174e+08
Pd108_g0u0150,46,108,g0u0150,O8,5,4,0,-238653,1.05309e+08
Pd108_g0u0150,46,108,g0u0150,O9,5,4,1,-238382,1.05309e+08
Pd108_g0u0150,46,108,g0u0150,P10,6,5,0,-165514,1.05382e+08
Pd108_g0u0150,46,108,g0u0150,P11,6,5,1,-165410,1.05382e+08
Pd108_g0u0150,46,108,g0u0150,Q12,7,6,0,-121514,1.05426e+08
Pd108_g0u0150,46,108,g0u0150,Q13,7,6,1,-121467,1.05426e+08
Pd108_g0u0150,46,108,g0u0150,R14,8,7,0,-92995.1,1.05454e+08
Pd108_g0u0150,46,108,g0u0150,R15,8,7,1,-92971.6,1.05454e+08
Pd108_g0u0200,46,108,g0u0200,K1,1,0,1,-4.57347e+06,1.00974e+08
Pd108_g0u0200,46,108,g0u0200,L2,2,1,0,-1.53179e+06,1.04016e+08
Pd108_g0u0200,46,108,g0u0200,L3,2,1,1,-1.49751e+06,1.0405e+08
Pd108_g0u0200,46,108,g0u0200,M4,3,2,0,-669124,1.04878e+08
Pd108_g0u0200,46,108,g0u0200,M5,3,2,1,-664869,1.04883e+08
Pd108_g0u0200,46,108,g0u0200,N5,4,2,1,-374036,1.05173e+08
Pd108_g0u0200,46,108,g0u0200,N6,4,3,0,-373884,1.05174e+08
Pd108_g0u0200,46,108,g0u0200,N7,4,3,1,-372996,1.05174e+08
Pd108_g0u0200,46,108,g0u0200,O8,5,4,0,-238653,1.05309e+08
Pd108_g0u0200,46,108,g0u0200,O9,5,4,1,-238382,1.05309e+08
Pd108_g0u0200,46,108,g0u0200,P10,6,5,0,-165514,1.05382e+08
Pd108_g0u0200,46,108,g0u0200,P11,6,5,1,-165410,1.05382e+08
Pd108_g0u0200,46,108,g0u0200,Q12,7,6,0,-121514,1.05426e+08
Pd108_g0u0200,46,108,g0u0200,Q13,7,6,1,-121467,1.05426e+08
Pd108_g0u0200,46,108,g0u0200,R14,8,7,0,-92995.1,1.05454e+08
Pd108_g0u0200,46,108,g0u0200,R15,8,7,1,-92971.6,1.05454e+08
Pd108_g0u0250,46,108,g0u0250,K1,1,0,1,-4.57348e+06,1.00974e+08
Pd108_g0u0250,46,108,g0u0250,L2,2,1,0,-1.53179e+06,1.04016e+08
Pd108_g0u0250,46,108,g0u0250,L3,2,1,1,-1.49751e+06,1.0405e+08
Pd108_g0u0250,46,108,g0u0250,M4,3,2,0,-669124,1.04878e+08
Pd108_g0u0250,46,108,g0u0250,M5,3,2,1,-664869,1.04883e+08
Pd108_g0u0250,46,108,g0u0250,N5,4,2,1,-374036,1.05173e+08
Pd108_g0u0250,46,108,g0u0250,N6,4,3,0,-373884,1.05174e+08
Pd108_g0u0250,46,108,g0u0250,N7,4,3,1,-372996,1.05174e+08
Pd108_g0u0250,46,108,g0u0250,O8,5,4,0,-238653,1.05309e+08
Pd108_g0u0250,46,108,g0u0250,O9,5,4,1,-238382,1.05309e+08
Pd108_g0u0250,46,108,g0u0250,P10,6,5,0,-165514,1.05382e+08
Pd108_g0u0250,46,108,g0u0250,P11,6,5,1,-165410,1.05382e+08
Pd108_g0u0250,46,108,g0u0250,Q12,7,6,0,-121514,1.05426e+08
Pd108_g0u0250,46,108,g0u0250,Q13,7,6,1,-121467,1.05426e+08
Pd108_g0u0250,46,108,g0u0250,R14,8,7,0,-92995.1,1.05454e+08
Pd108_g0u0250,46,108,g0u0250,R15,8,7,1,-92971.6,1.05454e+08
Pd108_g0u0300,46,108,g0u0300,K1,1,0,1,-4.57349e+06,1.00974e+08
Pd108_g0u0300,46,108,g0u0300,L2,2,1,0,-1.53179e+06,1.04016e+08
Pd108_g0u0300,46,108,g0u0300,L3,2,1,1,-1.49751e+06,1.0405e+08
Pd108_g0u0300,46,108,g0u0300,M4,3,2,0,-669124,1.04878e+08
Pd108_g0u0300,46,108,g0u0300,M5,3,2,1,-664869,1.04883e+08
Pd108_g0u0300,46,108,g0u0300,N5,4,2,1,-374036,1.05173e+08
Pd108_g0u0300,46,108,g0u0300,N6,4,3,0,-373884,1.05174e+08
Pd108_g0u0300,46,108,g0u0300,N7,4,3,1,-372996,1.05174e+08
Pd108_g0u0300,46,108,g0u0300,O8,5,4,0,-238653,1.05309e+08
Pd108_g0u0300,46,108,g0u0300,O9,5,4,1,-238382,1.05309e+08
Pd108_g0u0300,46,108,g0u0300,P10,6,5,0,-165514,1.05382e+08
Pd108_g0u0300,46,108,g0u0300,P11,6,5,1,-165410,1.05382e+08
Pd108_g0u0300,46,108,g0u0300,Q12,7,6,0,-121514,1.05426e+08
Pd108_g0u0300,46,108,g0u0300,Q13,7,6,1,-121467,1.05426e+08
Pd108_g0u0300,46,108,g0u0300,R14,8,7,0,-92995.1,1.05454e+08
Pd108_g0u0300,46,108,g0u0300,R15,8,7,1,-92971.6,1.05454e+08
Pd108_g0u0350,46,108,g0u0350,K1,1,0,1,-4.57349e+06,1.00974e+08
Pd108_g0u0350,46,108,g0u0350,L2,2,1,0,-1.53179e+06,1.04016e+08
Pd108_g0u0350,46,108,g0u0350,L3,2,1,1,-1.49751e+06,1.0405e+08
Pd108_g0u0350,46,108,g0u0350,M4,3,2,0,-669124,1.04878e+08
Pd108_g0u0350,46,108,g0u0350,M5,3,2,1,-664870,1.04883e+08
Pd108_g0u0350,46,108,g0u0350,N5,4,2,1,-374036,1.05173e+08
Pd108_g0u0350,46,108,g0u0350,N6,4,3,0,-373884,1.05174e+08
Pd108_g0u0350,46,108,g0u0350,N7,4,3,1,-372996,1.05174e+08
Pd108_g0u0350,46,108,g0u0350,O8,5,4,0,-238653,1.05309e+08
Pd108_g0u0350,46,108,g0u0350,O9,5,4,1,-238382,1.05309e+08
Pd108_g0u0350,46,108,g0u0350,P10,6,5,0,-165514,1.05382e+08
Pd108_g0u0350,46,108,g0u0350,P11,6,5,1,-165410,1.05382e+08
Pd108_g0u0350,46,108,g0u0350,Q12,7,6,0,-121514,1.05426e+08
Pd108_g0u0350,46,108,g0u0350,Q13,7,6,1,-121467,1.05426e+08
Pd108_g0u0350,46,108,g0u0350,R14,8,7,0,-92995.1,1.05454e+08
Pd108_g0u0350,46,108,g0u0350,R15,8,7,1,-92971.6,1.05454e+08
Pd108_g0u0400,46,108,g0u0400,K1,1,0,1,-4.57349e+06,1.00974e+08
Pd108_g0u0400,46,108,g0u0400,L2,2,1,0,-1.53179e+06,1.04016e+08
Pd108_g0u0400,46,108,g0u0400,L3,2,1,1,-1.49751e+06,1.0405e+08
Pd108_g0u0400,46,108,g0u0400,M4,3,2,0,-669124,1.04878e+08
Pd108_g0u0400,46,108,g0u0400,M5,3,2,1,-664870,1.04883e+08
Pd108_g0u0400,46,108,g0u0400,N5,4,2,1,-374036,1.05173e+08
Pd108_g0u0400,46,108,g0u0400,N6,4,3,0,-373884,1.05174e+08
Pd108_g0u0400,46,108,g0u0400,N7,4,3,1,-372996,1.05174e+08
Pd108_g0u0400,46,108,g0u0400,O8,5,4,0,-238653,1.05309e+08
Pd108_g0u0400,46,108,g0u0400,O9,5,4,1,-238382,1.05309e+08
Pd108_g0u0400,46,108,g0u0400,P10,6,5,0,-165514,1.05382e+08
Pd108_g0u0400,46,108,g0u0400,P11,6,5,1,-165410,1.05382e+08
Pd108_g0u0400,46,108,g0u0400,Q12,7,6,0,-121514,1.05426e+08
Pd108_g0u0400,46,108,g0u0400,Q13,7,6,1,-121467,1.05426e+08
Pd108_g0u0400,46,108,g0u0400,R14,8,7,0,-92995.1,1.05454e+08
Pd108_g0u0400,46,108,g0u0400,R15,8,7,1,-92971.6,1.05454e+08
Pd108_g0u0450,46,108,g0u0450,K1,1,0,1,-4.57349e+06,1.00974e+08
Pd108_g0u0450,46,108,g0u0450,L2,2,1,0,-1.53179e+06,1.04016e+08
Pd108_g0u0450,46,108,g0u0450,L3,2,1,1,-1.49751e+06,1.0405e+08
Pd108_g0u0450,46,108,g0u0450,M4,3,2,0,-669124,1.04878e+08
Pd108_g0u0450,46,108,g0u0450,M5,3,2,1,-664870,1.04883e+08
Pd108_g0u0450,46,108,g0u0450,N5,4,2,1,-374036,1.05173e+08
Pd108_g0u0450,46,108,g0u0450,N6,4,3,0,-373884,1.05174e+08
Pd108_g0u0450,46,108,g0u0450,N7,4,3,1,-372996,1.05174e+08
Pd108_g0u0450,46,108,g0u0450,O8,5,4,0,-238653,1.05309e+08
Pd108_g0u0450,46,108,g0u0450,O9,5,4,1,-238382,1.05309e+08
Pd108_g0u0450,46,108,g0u0450,P10,6,5,0,-165514,1.05382e+08
Pd108_g0u0450,46,108,g0u0450,P11,6,5,1,-165410,1.05382e+08
Pd108_g0u0450,46,108,g0u0450,Q12,7,6,0,-121514,1.05426e+08
Pd108_g0u0450,46,108,g0u0450,Q13,7,6,1,-121467,1.05426e+08
Pd108_g0u0450,46,108,g0u0450,R14,8,7,0,-92995.1,1.05454e+08
Pd108_g0u0450,46,108,g0u0450,R15,8,7,1,-92971.6,1.05454e+08
Pd108_g0u0500,46,108,g0u0500,K1,1,0,1,-4.57349e+06,1.00974e+08
Pd108_g0u0500,46,108,g0u0500,L2,2,1,0,-1.53179e+06,1.04016e+08
Pd108_g0u0500,46,108,g0u0500,L3,2,1,1,-1.49751e+06,1.0405e+08
Pd108_g0u0500,46,108,g0u0500,M4,3,2,0,-669124,1.04878e+08
Pd108_g0u0500,46,108,g0u0500,M5,3,2,1,-664870,1.04883e+08
Pd108_g0u0500,46,108,g0u0500,N5,4,2,1,-374036,1.05173e+08
Pd108_g0u0500,46,108,g0u0500,N6,4,3,0,-373884,1.05174e+08
Pd108_g0u0500,46,108,g0u0500,N7,4,3,1,-372996,1.05174e+08
Pd108_g0u0500,46,108,g0u0500,O8,5,4,0,-238653,1.05309e+08
Pd108_g0u0500,46,108,g0u0500,O9,5,4,1,-238382,1.05309e+08
Pd108_g0u0500,46,108,g0u0500,P10,6,5,0,-165514,1.05382e+08
Pd108_g0u0500,46,108,g0u0500,P11,6,5,1,-165410,1.05382e+08
Pd108_g0u0500,46,108,g0u0500,Q12,7,6,0,-121514,1.05426e+08
Pd108_g0u0500,46,108,g0u0500,Q13,7,6,1,-121467,1.05426e+08
Pd108_g0u0500,46,108,g0u0500,R14,8,7,0,-92995.1,1.05454e+08
Pd108_g0u0500,46,108,g0u0500,R15,8,7,1,-92971.6,1.05454e+08
Pd108_g0u0550,46,108,g0u0550,K1,1,0,1,-4.5735e+06,1.00974e+08
Pd108_g0u0550,46,108,g0u0550,L2,2,1,0,-1.53179e+06,1.04016e+08
Pd108_g0u0550,46,108,g0u0550,L3,2,1,1,-1.49751e+06,1.0405e+08
Pd108_g0u0550,46,108,g0u0550,M4,3,2,0,-669124,1.04878e+08
Pd108_g0u0550,46,108,g0u0550,M5,3,2,1,-664870,1.04883e+08
Pd108_g0u0550,46,108,g0u0550,N5,4,2,1,-374036,1.05173e+08
Pd108_g0u0550,46,108,g0u0550,N6,4,3,0,-373884,1.05174e+08
Pd108_g0u0550,46,108,g0u0550,N7,4,3,1,-372996,1.05174e+08
Pd108_g0u0550,46,108,g0u0550,O8,5,4,0,-238653,1.05309e+08
Pd108_g0u0550,46,108,g0u0550,O9,5,4,1,-238382,1.05309e+08
Pd108_g0u0550,46,108,g0u0550,P10,6,5,0,-165514,1.05382e+08
Pd108_g0u0550,46,108,g0u0550,P11,6,5,1,-165410,1.05382e+08
Pd108_g0u0550,46,108,g0u0550,Q12,7,6,0,-121514,1.05426e+08
Pd108_g0u0550,46,108,g0u0550,Q13,7,6,1,-121467,1.05426e+08
Pd108_g0u0550,46,108,g0u0550,R14,8,7,0,-92995.1,1.05454e+08
Pd108_g0u0550,46,108,g0u0550,R15,8,7,1,-92971.6,1.05454e+08
Pd108_g0u0600,46,108,g0u0600,K1,1,0,1,-4.5735e+06,1.00974e+08
Pd108_g0u0600,46,108,g0u0600,L2,2,1,0,-1.53179e+06,1.04016e+08
Pd108_g0u0600,46,108,g0u0600,L3,2,1,1,-1.49751e+06,1.0405e+08
Pd108_g0u0600,46,108,g0u0600,M4,3,2,0,-669124,1.04878e+08
Pd108_g0u0600,46,108,g0u0600,M5,3,2,1,-664870,1.04883e+08
Pd108_g0u0600,46,108,g0u0600,N5,4,2,1,-374036,1.05173e+08
Pd108_g0u0600,46,108,g0u0600,N6,4,3,0,-373884,1.05174e+08
Pd108_g0u0600,46,108,g0u0600,N7,4,3,1,-372996,1.05174e+08
Pd108_g0u0600,46,108,g0u0600,O8,5,4,0,-238653,1.05309e+08
Pd108_g0u0600,46,108,g0u0600,O9,5,4,1,-238382,1.05309e+08
Pd108_g0u0600,46,108,g0u0600,P10,6,5,0,-165514,1.05382e+08
Pd108_g0u0600,46,108,g0u0600,P11,6,5,1,-165410,1.05382e+08
Pd108_g0u0600,46,108,g0u0600,Q12,7,6,0,-121514,1.05426e+08
Pd108_g0u0600,46,108,g0u0600,Q13,7,6,1,-121467,1.05426e+08
Pd108_g0u0600,46,108,g0u0600,R14,8,7,0,-92995.1,1.05454e+08
Pd108_g0u0600,46,108,g0u0600,R15,8,7,1,-92971.6,1.05454e+08
Pd108_g0u0700,46,108,g0u0700,K1,1,0,1,-4.5735e+06,1.00974e+08
Pd108_g0u0700,46,108,g0u0700,L2,2,1,0,-1.53179e+06,1.04016e+08
Pd108_g0u0700,46,108,g0u0700,L3,2,1,1,-1.49751e+06,1.0405e+08
Pd108_g0u0700,46,108,g0u0700,M4,3,2,0,-669124,1.04878e+08
Pd108_g0u0700,46,108,g0u0700,M5,3,2,1,-664870,1.04883e+08
Pd108_g0u0700,46,108,g0u0700,N5,4,2,1,-374036,1.05173e+08
Pd108_g0u0700,46,108,g0u0700,N6,4,3,0,-373884,1.05174e+08
Pd108_g0u0700,46,108,g0u0700,N7,4,3,1,-372996,1.05174e+08
Pd108_g0u0700,46,108,g0u0700,O8,5,4,0,-238653,1.05309e+08
Pd108_g0u0700,46,108,g0u0700,O9,5,4,1,-238382,1.05309e+08
Pd108_g0u0700,46,108,g0u0700,P10,6,5,0,-165514,1.05382e+08
Pd108_g0u0700,46,108,g0u0700,P11,6,5,1,-165410,1.05382e+08
Pd108_g0u0700,46,108,g0u0700,Q12,7,6,0,-121514,1.05426e+08
Pd108_g0u0700,46,108,g0u0700,Q13,7,6,1,-121467,1.05426e+08
Pd108_g0u0700,46,108,g0u0700,R14,8,7,0,-92995.1,1.05454e+08
Pd108_g0u0700,46,108,g0u0700,R15,8,7,1,-92971.6,1.05454e+08
Pd108_g0u0800,46,108,g0u0800,K1,1,0,1,-4.5735e+06,1.00974e+08
Pd108_g0u0800,46,108,g0u0800,L2,2,1,0,-1.53179e+06,1.04016e+08
Pd108_g0u0800,46,108,g0u0800,L3,2,1,1,-1.49751e+06,1.0405e+08
Pd108_g0u0800,46,108,g0u0800,M4,3,2,0,-669124,1.04878e+08
Pd108_g0u0800,46,108,g0u0800,M5,3,2,1,-664870,1.04883e+08
Pd108_g0u0800,46,108,g0u0800,N5,4,2,1,-374036,1.05173e+08
Pd108_g0u0800,46,108,g0u0800,N6,4,3,0,-373884,1.05174e+08
Pd108_g0u0800,46,108,g0u0800,N7,4,3,1,-372996,1.05174e+08
Pd108_g0u0800,46,108,g0u0800,O8,5,4,0,-238653,1.05309e+08
Pd108_g0u0800,46,108,g0u0800,O9,5,4,1,-238382,1.05309e+08
Pd108_g0u0800,46,108,g0u0800,P10,6,5,0,-165514,1.05382e+08
Pd108_g0u0800,46,108,g0u0800,P11,6,5,1,-165410,1.05382e+08
Pd108_g0u0800,46,108,g0u0800,Q12,7,6,0,-121514,1.05426e+08
Pd108_g0u0800,46,108,g0u0800,Q13,7,6,1,-121467,1.05426e+08
Pd108_g0u0800,46,108,g0u0800,R14,8,7,0,-92995.1,1.05454e+08
Pd108_g0u0800,46,108,g0u0800,R15,8,7,1,-92971.6,1.05454e+08
Pd108_g0u0900,46,108,g0u0900,K1,1,0,1,-4.5735e+06,1.00974e+08
Pd108_g0u0900,46,108,g0u0900,L2,2,1,0,-1.53179e+06,1.04016e+08
Pd108_g0u0900,46,108,g0u0900,L3,2,1,1,-1.49751e+06,1.0405e+08
Pd108_g0u0900,46,108,g0u0900,M4,3,2,0,-669124,1.04878e+08
Pd108_g0u0900,46,108,g0u0900,M5,3,2,1,-664870,1.04883e+08
Pd108_g0u0900,46,108,g0u0900,N5,4,2,1,-374036,1.05173e+08
Pd108_g0u0900,46,108,g0u0900,N6,4,3,0,-373884,1.05174e+08
Pd108_g0u0900,46,108,g0u0900,N7,4,3,1,-372996,1.05174e+08
Pd108_g0u0900,46,108,g0u0900,O8,5,4,0,-238653,1.05309e+08
Pd108_g0u0900,46,108,g0u0900,O9,5,4,1,-238382,1.05309e+08
Pd108_g0u0900,46,108,g0u0900,P10,6,5,0,-165514,1.05382e+08
Pd108_g0u0900,46,108,g0u0900,P11,6,5,1,-165410,1.05382e+08
Pd108_g0u0900,46,108,g0u0900,Q12,7,6,0,-121514,1.05426e+08
Pd108_g0u0900,46,108,g0u0900,Q13,7,6,1,-121467,1.05426e+08
Pd108_g0u0900,46,108,g0u0900,R14,8,7,0,-92995.1,1.05454e+08
Pd108_g0u0900,46,108,g0u0900,R15,8,7,1,-92971.6,1.05454e+08
Pd108_g0u1000,46,108,g0u1000,K1,1,0,1,-4.5735e+06,1.00974e+08
Pd108_g0u1000,46,108,g0u1000,L2,2,1,0,-1.53179e+06,1.04016e+08
Pd108_g0u1000,46,108,g0u1000,L3,2,1,1,-1.49751e+06,1.0405e+08
Pd108_g0u1000,46,108,g0u1000,M4,3,2,0,-669124,1.04878e+08
Pd108_g0u1000,46,108,g0u1000,M5,3,2,1,-664870,1.04883e+08
Pd108_g0u1000,46,108,g0u1000,N5,4,2,1,-374036,1.05173e+08
Pd108_g0u1000,46,108,g0u1000,N6,4,3,0,-373884,1.05174e+08
Pd108_g0u1000,46,108,g0u1000,N7,4,3,1,-372996,1.05174e+08
Pd108_g0u1000,46,108,g0u1000,O8,5,4,0,-238653,1.05309e+08
Pd108_g0u1000,46,108,g0u1000,O9,5,4,1,-238382,1.05309e+08
Pd108_g0u1000,46,108,g0u1000,P10,6,5,0,-165514,1.05382e+08
Pd108_g0u1000,46,108,g0u1000,P11,6,5,1,-165410,1.05382e+08
Pd108_g0u1000,46,108,g0u1000,Q12,7,6,0,-121514,1.05426e+08
Pd108_g0u1000,46,108,g0u1000,Q13,7,6,1,-121467,1.05426e+08
Pd108_g0u1000,46,108,g0u1000,R14,8,7,0,-92995.1,1.05454e+08
Pd108_g0u1000,46,108,g0u1000,R15,8,7,1,-92971.6,1.05454e+08
Pd108_g0u1100,46,108,g0u1100,K1,1,0,1,-4.5735e+06,1.00974e+08
Pd108_g0u1100,46,108,g0u1100,L2,2,1,0,-1.53179e+06,1.04016e+08
Pd108_g0u1100,46,108,g0u1100,L3,2,1,1,-1.49751e+06,1.0405e+08
Pd108_g0u1100,46,108,g0u1100,M4,3,2,0,-669124,1.04878e+08
Pd108_g0u1100,46,108,g0u1100,M5,3,2,1,-664870,1.04883e+08
Pd108_g0u1100,46,108,g0u1100,N5,4,2,1,-374036,1.05173e+08
Pd108_g0u1100,46,108,g0u1100,N6,4,3,0,-373884,1.05174e+08
Pd108_g0u1100,46,108,g0u1100,N7,4,3,1,-372996,1.05174e+08
Pd108_g0u1100,46,108,g0u1100,O8,5,4,0,-238653,1.05309e+08
Pd108_g0u1100,46,108,g0u1100,O9,5,4,1,-238382,1.05309e+08
Pd108_g0u1100,46,108,g0u1100,P10,6,5,0,-165514,1.05382e+08
Pd108_g0u1100,46,108,g0u1100,P11,6,5,1,-165410,1.05382e+08
Pd108_g0u1100,46,108,g0u1100,Q12,7,6,0,-121514,1.05426e+08
Pd108_g0u1100,46,108,g0u1100,Q13,7,6,1,-121467,1.05426e+08
Pd108_g0u1100,46,108,g0u1100,R14,8,7,0,-92995.1,1.05454e+08
Pd108_g0u1100,46,108,g0u1100,R15,8,7,1,-92971.6,1.05454e+08
Pd108_g0u1200,46,108,g0u1200,K1,1,0,1,-4.5735e+06,1.00974e+08
Pd108_g0u1200,46,108,g0u1200,L2,2,1,0,-1.53179e+06,1.04016e+08
Pd108_g0u1200,46,108,g0u1200,L3,2,1,1,-1.49751e+06,1.0405e+08
Pd108_g0u1200,46,108,g0u1200,M4,3,2,0,-669124,1.04878e+08
Pd108_g0u1200,46,108,g0u1200,M5,3,2,1,-664870,1.04883e+08
Pd108_g0u1200,46,108,g0u1200,N5,4,2,1,-374036,1.05173e+08
Pd108_g0u1200,46,108,g0u1200,N6,4,3,0,-373884,1.05174e+08
Pd108_g0u1200,46,108,g0u1200,N7,4,3,1,-372996,1.05174e+08
Pd108_g0u1200,46,108,g0u1200,O8,5,4,0,-238653,1.05309e+08
Pd108_g0u1200,46,108,g0u1200,O9,5,4,1,-238382,1.05309e+08
Pd108_g0u1200,46,108,g0u1200,P10,6,5,0,-165514,1.05382e+08
Pd108_g0u1200,46,108,g0u1200,P11,6,5,1,-165410,1.05382e+08
Pd108_g0u1200,46,108,g0u1200,Q12,7,6,0,-121514,1.05426e+08
Pd108_g0u1200,46,108,g0u1200,Q13,7,6,1,-121467,1.05426e+08
Pd108_g0u1200,46,108,g0u1200,R14,8,7,0,-92995.1,1.05454e+08
Pd108_g0u1200,46,108,g0u1200,R15,8,7,1,-92971.6,1.05454e+08
Pd108_g0u1300,46,108,g0u1300,K1,1,0,1,-4.5735e+06,1.00974e+08
Pd108_g0u1300,46,108,g0u1300,L2,2,1,0,-1.53179e+06,1.04016e+08
Pd108_g0u1300,46,108,g0u1300,L3,2,1,1,-1.49751e+06,1.0405e+08
Pd108_g0u1300,46,108,g0u1300,M4,3,2,0,-669124,1.04878e+08
Pd108_g0u1300,46,108,g0u1300,M5,3,2,1,-664870,1.04883e+08
Pd108_g0u1300,46,108,g0u1300,N5,4,2,1,-374036,1.05173e+08
Pd108_g0u1300,46,108,g0u1300,N6,4,3,0,-373884,1.05174e+08
Pd108_g0u1300,46,108,g0u1300,N7,4,3,1,-372996,1.05174e+08
Pd108_g0u1300,46,108,g0u1300,O8,5,4,0,-238653,1.05309e+08
Pd108_g0u1300,46,108,g0u1300,O9,5,4,1,-238382,1.05309e+08
Pd108_g0u1300,46,108,g0u1300,P10,6,5,0,-165514,1.05382e+08
Pd108_g0u1300,46,108,g0u1300,P11,6,5,1,-165410,1.05382e+08
Pd108_g0u1300,46,108,g0u1300,Q12,7,6,0,-121514,1.05426e+08
Pd108_g0u1300,46,108,g0u1300,Q13,7,6,1,-121467,1.05426e+08
Pd108_g0u1300,46,108,g0u1300,R14,8,7,0,-92995.1,1.05454e+08
Pd108_g0u1300,46,108,g0u1300,R15,8,7,1,-92971.6,1.05454e+08
Pd108_g0u1400,46,108,g0u1400,K1,1,0,1,-4.5735e+06,1.00974e+08
Pd108_g0u1400,46,108,g0u1400,L2,2,1,0,-1.53179e+06,1.04016e+08
Pd108_g0u1400,46,108,g0u1400,L3,2,1,1,-1.49751e+06,1.0405e+08
Pd108_g0u1400,46,108,g0u1400,M4,3,2,0,-669124,1.04878e+08
Pd108_g0u1400,46,108,g0u1400,M5,3,2,1,-664870,1.04883e+08
Pd108_g0u1400,46,108,g0u1400,N5,4,2,1,-374036,1.05173e+08
Pd108_g0u1400,46,108,g0u1400,N6,4,3,0,-373884,1.05174e+08
Pd108_g0u1400,46,108,g0u1400,N7,4,3,1,-372996,1.05174e+08
Pd108_g0u1400,46,108,g0u1400,O8,5,4,0,-238653,1.05309e+08
Pd108_g0u1400,46,108,g0u1400,O9,5,4,1,-238382,1.05309e+08
Pd108_g0u1400,46,108,g0u1400,P10,6,5,0,-165514,1.05382e+08
Pd108_g0u1400,46,108,g0u1400,P11,6,5,1,-165410,1.05382e+08
Pd108_g0u1400,46,108,g0u1400,Q12,7,6,0,-121514,1.05426e+08
Pd108_g0u1400,46,108,g0u1400,Q13,7,6,1,-121467,1.05426e+08
Pd108_g0u1400,46,108,g0u1400,R14,8,7,0,-92995.1,1.05454e+08
Pd108_g0u1400,46,108,g0u1400,R15,8,7,1,-92971.6,1.05454e+08
Pd108_g0u1500,46,108,g0u1500,K1,1,0,1,-4.5735e+06,1.00974e+08
Pd108_g0u1500,46,108,g0u1500,L2,2,1,0,-1.53179e+06,1.04016e+08
Pd108_g0u1500,46,108,g0u1500,L3,2,1,1,-1.49751e+06,1.0405e+08
Pd108_g0u1500,46,108,g0u1500,M4,3,2,0,-669124,1.04878e+08
Pd108_g0u1500,46,108,g0u1500,M5,3,2,1,-664870,1.04883e+08
Pd108_g0u1500,46,108,g0u1500,N5,4,2,1,-374036,1.05173e+08
Pd108_g0u1500,46,108,g0u1500,N6,4,3,0,-373884,1.05174e+08
Pd108_g0u1500,46,108,g0u1500,N7,4,3,1,-372996,1.05174e+08
Pd108_g0u1500,46,108,g0u1500,O8,5,4,0,-238653,1.05309e+08
Pd108_g0u1500,46,108,g0u1500,O9,5,4,1,-238382,1.05309e+08
Pd108_g0u1500,46,108,g0u1500,P10,6,5,0,-165514,1.05382e+08
Pd108_g0u1500,46,108,g0u1500,P11,6,5,1,-165410,1.05382e+08
Pd108_g0u1500,46,108,g0u1500,Q12,7,6,0,-121514,1.05426e+08
Pd108_g0u1500,46,108,g0u1500,Q13,7,6,1,-121467,1.05426e+08
Pd108_g0u1500,46,108,g0u1500,R14,8,7,0,-92995.1,1.05454e+08
Pd108_g0u1500,46,108,g0u1500,R15,8,7,1,-92971.6,1.05454e+08
Pd108_g0u1600,46,108,g0u1600,K1,1,0,1,-4.57347e+06,1.00974e+08
Pd108_g0u1600,46,108,g0u1600,L2,2,1,0,-1.53179e+06,1.04016e+08
Pd108_g0u1600,46,108,g0u1600,L3,2,1,1,-1.4975e+06,1.0405e+08
Pd108_g0u1600,46,108,g0u1600,M4,3,2,0,-669124,1.04878e+08
Pd108_g0u1600,46,108,g0u1600,M5,3,2,1,-664870,1.04883e+08
Pd108_g0u1600,46,108,g0u1600,N5,4,2,1,-374036,1.05173e+08
Pd108_g0u1600,46,108,g0u1600,N6,4,3,0,-373884,1.05174e+08
Pd108_g0u1600,46,108,g0u1600,N7,4,3,1,-372996,1.05174e+08
Pd108_g0u1600,46,108,g0u1600,O8,5,4,0,-238653,1.05309e+08
Pd108_g0u1600,46,108,g0u1600,O9,5,4,1,-238382,1.05309e+08
Pd108_g0u1600,46,108,g0u1600,P10,6,5,0,-165514,1.05382e+08
Pd108_g0u1600,46,108,g0u1600,P11,6,5,1,-165410,1.05382e+08
Pd108_g0u1600,46,108,g0u1600,Q12,7,6,0,-121514,1.05426e+08
Pd108_g0u1600,46,108,g0u1600,Q13,7,6,1,-121467,1.05426e+08
Pd108_g0u1600,46,108,g0u1600,R14,8,7,0,-92995.1,1.05454e+08
Pd108_g0u1600,46,108,g0u1600,R15,8,7,1,-92971.6,1.05454e+08
Pd108_g0u1700,46,108,g0u1700,K1,1,0,1,-4.57381e+06,1.00974e+08
Pd108_g0u1700,46,108,g0u1700,L2,2,1,0,-1.53181e+06,1.04016e+08
Pd108_g0u1700,46,108,g0u1700,L3,2,1,1,-1.49752e+06,1.0405e+08
Pd108_g0u1700,46,108,g0u1700,M4,3,2,0,-669124,1.04878e+08
Pd108_g0u1700,46,108,g0u1700,M5,3,2,1,-664870,1.04883e+08
Pd108_g0u1700,46,108,g0u1700,N5,4,2,1,-374036,1.05173e+08
Pd108_g0u1700,46,108,g0u1700,N6,4,3,0,-373884,1.05174e+08
Pd108_g0u1700,46,108,g0u1700,N7,4,3,1,-372996,1.05174e+08
Pd108_g0u1700,46,108,g0u1700,O8,5,4,0,-238653,1.05309e+08
Pd108_g0u1700,46,108,g0u1700,O9,5,4,1,-238382,1.05309e+08
Pd108_g0u1700,46,108,g0u1700,P10,6,5,0,-165514,1.05382e+08
Pd108_g0u1700,46,108,g0u1700,P11,6,5,1,-165410,1.05382e+08
Pd108_g0u1700,46,108,g0u1700,Q12,7,6,0,-121514,1.05426e+08
Pd108_g0u1700,46,108,g0u1700,Q13,7,6,1,-121467,1.05426e+08
Pd108_g0u1700,46,108,g0u1700,R14,8,7,0,-92995.1,1.05454e+08
Pd108_g0u1700,46,108,g0u1700,R15,8,7,1,-92971.6,1.05454e+08
Pd108_g2u1000,46,108,g2u1000,K1,1,0,1,-4.5735e+06,1.00974e+08
Pd108_g2u1000,46,108,g2u1000,L2,2,1,0,-1.53179e+06,1.04016e+08
Pd108_g2u1000,46,108,g2u1000,L3,2,1,1,-1.49751e+06,1.0405e+08
Pd108_g2u1000,46,108,g2u1000,M4,3,2,0,-669124,1.04878e+08
Pd108_g2u1000,46,108,g2u1000,M5,3,2,1,-664870,1.04883e+08
Pd108_g2u1000,46,108,g2u1000,N5,4,2,1,-374036,1.05173e+08
Pd108_g2u1000,46,108,g2u1000,N6,4,3,0,-373884,1.05174e+08
Pd108_g2u1000,46,108,g2u1000,N7,4,3,1,-372996,1.05174e+08
Pd108_g2u1000,46,108,g2u1000,O8,5,4,0,-238653,1.05309e+08
Pd108_g2u1000,46,108,g2u1000,O9,5,4,1,-238382,1.05309e+08
Pd108_g2u1000,46,108,g2u1000,P10,6,5,0,-165514,1.05382e+08
Pd108_g2u1000,46,108,g2u1000,P11,6,5,1,-165410,1.05382e+08
Pd108_g2u1000,46,108,g2u1000,Q12,7,6,0,-121514,1.05426e+08
Pd108_g2u1000,46,108,g2u1000,Q13,7,6,1,-121467,1.05426e+08
Pd108_g2u1000,46,108,g2u1000,R14,8,7,0,-92995.1,1.05454e+08
Pd108_g2u1000,46,108,g2u1000,R15,8,7,1,-92971.6,1.05454e+08
Pd110_g0u0050,46,110,g0u0050,K1,1,0,1,-4.56588e+06,1.00984e+08
Pd110_g0u0050,46,110,g0u0050,L2,2,1,0,-1.53161e+06,1.04018e+08
Pd110_g0u0050,46,110,g0u0050,L3,2,1,1,-1.49741e+06,1.04052e+08
Pd110_g0u0050,46,110,g0u0050,M4,3,2,0,-669134,1.0488e+08
Pd110_g0u0050,46,110,g0u0050,M5,3,2,1,-664880,1.04885e+08
Pd110_g0u0050,46,110,g0u0050,N5,4,2,1,-374042,1.05175e+08
Pd110_g0u0050,46,110,g0u0050,N6,4,3,0,-373890,1.05176e+08
Pd110_g0u0050,46,110,g0u0050,N7,4,3,1,-373002,1.05176e+08
Pd110_g0u0050,46,110,g0u0050,O8,5,4,0,-238657,1.05311e+08
Pd110_g0u0050,46,110,g0u0050,O9,5,4,1,-238386,1.05311e+08
Pd110_g0u0050,46,110,g0u0050,P10,6,5,0,-165517,1.05384e+08
Pd110_g0u0050,46,110,g0u0050,P11,6,5,1,-165412,1.05384e+08
Pd110_g0u0050,46,110,g0u0050,Q12,7,6,0,-121516,1.05428e+08
Pd110_g0u0050,46,110,g0u0050,Q13,7,6,1,-121470,1.05428e+08
Pd110_g0u0050,46,110,g0u0050,R14,8,7,0,-92996.8,1.05456e+08
Pd110_g0u0050,46,110,g0u0050,R15,8,7,1,-92973.4,1.05456e+08
Pd110_g0u0100,46,110,g0u0100,K1,1,0,1,-4.56622e+06,1.00983e+08
Pd110_g0u0100,46,110,g0u0100,L2,2,1,0,-1.53162e+06,1.04018e+08
Pd110_g0u0100,46,110,g0u0100,L3,2,1,1,-1.49742e+06,1.04052e+08
Pd110_g0u0100,46,110,g0u0100,M4,3,2,0,-669136,1.0488e+08
Pd110_g0u0100,46,110,g0u0100,M5,3,2,1,-664882,1.04885e+08
Pd110_g0u0100,46,110,g0u0100,N5,4,2,1,-374043,1.05175e+08
Pd110_g0u0100,46,110,g0u0100,N6,4,3,0,-373891,1.05176e+08
Pd110_g0u0100,46,110,g0u0100,N7,4,3,1,-373003,1.05176e+08
Pd110_g0u0100,46,110,g0u0100,O8,5,4,0,-238657,1.05311e+08
Pd110_g0u0100,46,110,g0u0100,O9,5,4,1,-238386,1.05311e+08
Pd110_g0u0100,46,110,g0u0100,P10,6,5,0,-165517,1.05384e+08
Pd110_g0u0100,46,110,g0u0100,P11,6,5,1,-165413,1.05384e+08
Pd110_g0u0100,46,110,g0u0100,Q12,7,6,0,-121516,1.05428e+08
Pd110_g0u0100,46,110,g0u0100,Q13,7,6,1,-121470,1.05428e+08
Pd110_g0u0100,46,110,g0u0100,R14,8,7,0,-92996.9,1.05456e+08
Pd110_g0u0100,46,110,g0u0100,R15,8,7,1,-92973.4,1.05456e+08
Pd110_g0u0150,46,110,g0u0150,K1,1,0,1,-4.56627e+06,1.00983e+08
Pd110_g0u0150,46,110,g0u0150,L2,2,1,0,-1.53163e+06,1.04018e+08
Pd110_g0u0150,46,110,g0u0150,L3,2,1,1,-1.49742e+06,1.04052e+08
Pd110_g0u0150,46,110,g0u0150,M4,3,2,0,-669136,1.0488e+08
Pd110_g0u0150,46,110,g0u0150,M5,3,2,1,-664882,1.04885e+08
Pd110_g0u0150,46,110,g0u0150,N5,4,2,1,-374043,1.05175e+08
Pd110_g0u0150,46,110,g0u0150,N6,4,3,0,-373891,1.05176e+08
Pd110_g0u0150,46,110,g0u0150,N7,4,3,1,-373003,1.05176e+08
Pd110_g0u0150,46,110,g0u0150,O8,5,4,0,-238657,1.05311e+08
Pd110_g0u0150,46,110,g0u0150,O9,5,4,1,-238386,1.05311e+08
Pd110_g0u0150,46,110,g0u0150,P10,6,5,0,-165517,1.05384e+08
Pd110_g0u0150,46,110,g0u0150,P11,6,5,1,-165413,1.05384e+08
Pd110_g0u0150,46,110,g0u0150,Q12,7,6,0,-121516,1.05428e+08
Pd110_g0u0150,46,110,g0u0150,Q13,7,6,1,-121470,1.05428e+08
Pd110_g0u0150,46,110,g0u0150,R14,8,7,0,-92996.9,1.05456e+08
Pd110_g0u0150,46,110,g0u0150,R15,8,7,1,-92973.4,1.05456e+08
Pd110_g0u0200,46,110,g0u0200,K1,1,0,1,-4.56629e+06,1.00983e+08
Pd110_g0u0200,46,110,g0u0200,L2,2,1,0,-1.53163e+06,1.04018e+08
Pd110_g0u0200,46,110,g0u0200,L3,2,1,1,-1.49742e+06,1.04052e+08
Pd110_g0u0200,46,110,g0u0200,M4,3,2,0,-669136,1.0488e+08
Pd110_g0u0200,46,110,g0u0200,M5,3,2,1,-664882,1.04885e+08
Pd110_g0u0200,46,110,g0u0200,N5,4,2,1,-374043,1.05175e+08
Pd110_g0u0200,46,110,g0u0200,N6,4,3,0,-373891,1.05176e+08
Pd110_g0u0200,46,110,g0u0200,N7,4,3,1,-373003,1.05176e+08
Pd110_g0u0200,46,110,g0u0200,O8,5,4,0,-238657,1.05311e+08
Pd110_g0u0200,46,110,g0u0200,O9,5,4,1,-238386,1.05311e+08
Pd110_g0u0200,46,110,g0u0200,P10,6,5,0,-165517,1.05384e+08
Pd110_g0u0200,46,110,g0u0200,P11,6,5,1,-165413,1.05384e+08
Pd110_g0u0200,46,110,g0u0200,Q12,7,6,0,-121516,1.05428e+08
Pd110_g0u0200,46,110,g0u0200,Q13,7,6,1,-121470,1.05428e+08
Pd110_g0u0200,46,110,g0u0200,R14,8,7,0,-92996.9,1.05456e+08
Pd110_g0u0200,46,110,g0u0200,R15,8,7,1,-92973.4,1.05456e+08
Pd110_g0u0250,46,110,g0u0250,K1,1,0,1,-4.5663e+06,1.00983e+08
Pd110_g0u0250,46,110,g0u0250,L2,2,1,0,-1.53163e+06,1.04018e+08
Pd110_g0u0250,46,110,g0u0250,L3,2,1,1,-1.49742e+06,1.04052e+08
Pd110_g0u0250,46,110,g0u0250,M4,3,2,0,-669136,1.0488e+08
Pd110_g0u0250,46,110,g0u0250,M5,3,2,1,-664882,1.04885e+08
Pd110_g0u0250,46,110,g0u0250,N5,4,2,1,-374043,1.05175e+08
Pd110_g0u0250,46,110,g0u0250,N6,4,3,0,-373891,1.05176e+08
Pd110_g0u0250,46,110,g0u0250,N7,4,3,1,-373003,1.05176e+08
Pd110_g0u0250,46,110,g0u0250,O8,5,4,0,-238657,1.05311e+08
Pd110_g0u0250,46,110,g0u0250,O9,5,4,1,-238386,1.05311e+08
Pd110_g0u0250,46,110,g0u0250,P10,6,5,0,-165517,1.05384e+08
Pd110_g0u0250,46,110,g0u0250,P11,6,5,1,-165413,1.05384e+08
Pd110_g0u0250,46,110,g0u0250,Q12,7,6,0,-121516,1.05428e+08
Pd110_g0u0250,46,110,g0u0250,Q13,7,6,1,-121470,1.05428e+08
Pd110_g0u0250,46,110,g0u0250,R14,8,7,0,-92996.9,1.05456e+08
Pd110_g0u0250,46,110,g0u0250,R15,8,7,1,-92973.4,1.05456e+08
Pd110_g0u0300,46,110,g0u0300,K1,1,0,1,-4.56631e+06,1.00983e+08
Pd110_g0u0300,46,110,g0u0300,L2,2,1,0,-1.53163e+06,1.04018e+08
Pd110_g0u0300,46,110,g0u0300,L3,2,1,1,-1.49742e+06,1.04052e+08
Pd110_g0u0300,46,110,g0u0300,M4,3,2,0,-669136,1.0488e+08
Pd110_g0u0300,46,110,g0u0300,M5,3,2,1,-664882,1.04885e+08
Pd110_g0u0300,46,110,g0u0300,N5,4,2,1,-374043,1.05175e+08
Pd110_g0u0300,46,110,g0u0300,N6,4,3,0,-373891,1.05176e+08
Pd110_g0u0300,46,110,g0u0300,N7,4,3,1,-373003,1.05176e+08
Pd110_g0u0300,46,110,g0u0300,O8,5,4,0,-238657,1.05311e+08
Pd110_g0u0300,46,110,g0u0300,O9,5,4,1,-238386,1.05311e+08
Pd110_g0u0300,46,110,g0u0300,P10,6,5,0,-165517,1.05384e+08
Pd110_g0u0300,46,110,g0u0300,P11,6,5,1,-165413,1.05384e+08
Pd110_g0u0300,46,110,g0u0300,Q12,7,6,0,-121516,1.05428e+08
Pd110_g0u0300,46,110,g0u0300,Q13,7,6,1,-121470,1.05428e+08
Pd110_g0u0300,46,110,g0u0300,R14,8,7,0,-92996.9,1.05456e+08
Pd110_g0u0300,46,110,g0u0300,R15,8,7,1,-92973.4,1.05456e+08
Pd110_g0u0350,46,110,g0u0350,K1,1,0,1,-4.56631e+06,1.00983e+08
Pd110_g0u0350,46,110,g0u0350,L2,2,1,0,-1.53163e+06,1.04018e+08
Pd110_g0u0350,46,110,g0u0350,L3,2,1,1,-1.49742e+06,1.04052e+08
Pd110_g0u0350,46,110,g0u0350,M4,3,2,0,-669136,1.0488e+08
Pd110_g0u0350,46,110,g0u0350,M5,3,2,1,-664882,1.04885e+08
Pd110_g0u0350,46,110,g0u0350,N5,4,2,1,-374043,1.05175e+08
Pd110_g0u0350,46,110,g0u0350,N6,4,3,0,-373891,1.05176e+08
Pd110_g0u0350,46,110,g0u0350,N7,4,3,1,-373003,1.05176e+08
Pd110_g0u0350,46,110,g0u0350,O8,5,4,0,-238657,1.05311e+08
Pd110_g0u0350,46,110,g0u0350,O9,5,4,1,-238386,1.05311e+08
Pd110_g0u0350,46,110,g0u0350,P10,6,5,0,-165517,1.05384e+08
Pd110_g0u0350,46,110,g0u0350,P11,6,5,1,-165413,1.05384e+08
Pd110_g0u0350,46,110,g0u0350,Q12,7,6,0,-121516,1.05428e+08
Pd110_g0u0350,46,110,g0u0350,Q13,7,6,1,-121470,1.05428e+08
Pd110_g0u0350,46,110,g0u0350,R14,8,7,0,-92996.9,1.05456e+08
Pd110_g0u0350,46,110,g0u0350,R15,8,7,1,-92973.4,1.05456e+08
Pd110_g0u0400,46,110,g0u0400,K1,1,0,1,-4.56631e+06,1.00983e+08
Pd110_g0u0400,46,110,g0u0400,L2,2,1,0,-1.53163e+06,1.04018e+08
Pd110_g0u0400,46,110,g0u0400,L3,2,1,1,-1.49742e+06,1.04052e+08
Pd110_g0u0400,46,110,g0u0400,M4,3,2,0,-669136,1.0488e+08
Pd110_g0u0400,46,110,g0u0400,M5,3,2,1,-664882,1.04885e+08
Pd110_g0u0400,46,110,g0u0400,N5,4,2,1,-374043,1.05175e+08
Pd110_g0u0400,46,110,g0u0400,N6,4,3,0,-373891,1.05176e+08
Pd110_g0u0400,46,110,g0u0400,N7,4,3,1,-373003,1.05176e+08
Pd110_g0u0400,46,110,g0u0400,O8,5,4,0,-238657,1.05311e+08
Pd110_g0u0400,46,110,g0u0400,O9,5,4,1,-238386,1.05311e+08
Pd110_g0u0400,46,110,g0u0400,P10,6,5,0,-165517,1.05384e+08
Pd110_g0u0400,46,110,g0u0400,P11,6,5,1,-165413,1.05384e+08
Pd110_g0u0400,46,110,g0u0400,Q12,7,6,0,-121516,1.05428e+08
Pd110_g0u0400,46,110,g0u0400,Q13,7,6,1,-121470,1.05428e+08
Pd110_g0u0400,46,110,g0u0400,R14,8,7,0,-92996.9,1.05456e+08
Pd110_g0u0400,46,110,g0u0400,R15,8,7,1,-92973.4,1.05456e+08
Pd110_g0u0450,46,110,g0u0450,K1,1,0,1,-4.56631e+06,1.00983e+08
Pd110_g0u0450,46,110,g0u0450,L2,2,1,0,-1.53163e+06,1.04018e+08
Pd110_g0u0450,46,110,g0u0450,L3,2,1,1,-1.49742e+06,1.04052e+08
Pd110_g0u0450,46,110,g0u0450,M4,3,2,0,-669136,1.0488e+08
Pd110_g0u0450,46,110,g0u0450,M5,3,2,1,-664882,1.04885e+08
Pd110_g0u0450,46,110,g0u0450,N5,4,2,1,-374043,1.05175e+08
Pd110_g0u0450,46,110,g0u0450,N6,4,3,0,-373891,1.05176e+08
Pd110_g0u0450,46,110,g0u0450,N7,4,3,1,-373003,1.05176e+08
Pd110_g0u0450,46,110,g0u0450,O8,5,4,0,-238657,1.05311e+08
Pd110_g0u0450,46,110,g0u0450,O9,5,4,1,-238386,1.05311e+08
Pd110_g0u0450,46,110,g0u0450,P10,6,5,0,-165517,1.05384e+08
Pd110_g0u0450,46,110,g0u0450,P11,6,5,1,-165413,1.05384e+08
Pd110_g0u0450,46,110,g0u0450,Q12,7,6,0,-121516,1.05428e+08
Pd110_g0u0450,46,110,g0u0450,Q13,7,6,1,-121470,1.05428e+08
Pd110_g0u0450,46,110,g0u0450,R14,8,7,0,-92996.9,1.05456e+08
Pd110_g0u0450,46,110,g0u0450,R15,8,7,1,-92973.4,1.05456e+08
Pd110_g0u0500,46,110,g0u0500,K1,1,0,1,-4.56631e+06,1.00983e+08
Pd110_g0u0500,46,110,g0u0500,L2,2,1,0,-1.53163e+06,1.04018e+08
Pd110_g0u0500,46,110,g0u0500,L3,2,1,1,-1.49742e+06,1.04052e+08
Pd110_g0u0500,46,110,g0u0500,M4,3,2,0,-669137,1.0488e+08
Pd110_g0u0500,46,110,g0u0500,M5,3,2,1,-664882,1.04885e+08
Pd110_g0u0500,46,110,g0u0500,N5,4,2,1,-374043,1.05175e+08
Pd110_g0u0500,46,110,g0u0500,N6,4,3,0,-373891,1.05176e+08
Pd110_g0u0500,46,110,g0u0500,N7,4,3,1,-373003,1.05176e+08
Pd110_g0u0500,46,110,g0u0500,O8,5,4,0,-238657,1.05311e+08
Pd110_g0u0500,46,110,g0u0500,O9,5,4,1,-238386,1.05311e+08
Pd110_g0u0500,46,110,g0u0500,P10,6,5,0,-165517,1.05384e+08
Pd110_g0u0500,46,110,g0u0500,P11,6,5,1,-165413,1.05384e+08
Pd110_g0u0500,46,110,g0u0500,Q12,7,6,0,-121516,1.05428e+08
Pd110_g0u0500,46,110,g0u0500,Q13,7,6,1,-121470,1.05428e+08
Pd110_g0u0500,46,110,g0u0500,R14,8,7,0,-92996.9,1.05456e+08
Pd110_g0u0500,46,110,g0u0500,R15,8,7,1,-92973.4,1.05456e+08
Pd110_g0u0550,46,110,g0u0550,K1,1,0,1,-4.56631e+06,1.00983e+08
Pd110_g0u0550,46,110,g0u0550,L2,2,1,0,-1.53163e+06,1.04018e+08
Pd110_g0u0550,46,110,g0u0550,L3,2,1,1,-1.49742e+06,1.04052e+08
Pd110_g0u0550,46,110,g0u0550,M4,3,2,0,-669137,1.0488e+08
Pd110_g0u0550,46,110,g0u0550,M5,3,2,1,-664882,1.04885e+08
Pd110_g0u0550,46,110,g0u0550,N5,4,2,1,-374043,1.05175e+08
Pd110_g0u0550,46,110,g0u0550,N6,4,3,0,-373891,1.05176e+08
Pd110_g0u0550,46,110,g0u0550,N7,4,3,1,-373003,1.05176e+08
Pd110_g0u0550,46,110,g0u0550,O8,5,4,0,-238657,1.05311e+08
Pd110_g0u0550,46,110,g0u0550,O9,5,4,1,-238386,1.05311e+08
Pd110_g0u0550,46,110,g0u0550,P10,6,5,0,-165517,1.05384e+08
Pd110_g0u0550,46,110,g0u0550,P11,6,5,1,-165413,1.05384e+08
Pd110_g0u0550,46,110,g0u0550,Q12,7,6,0,-121516,1.05428e+08
Pd110_g0u0550,46,110,g0u0550,Q13,7,6,1,-121470,1.05428e+08
Pd110_g0u0550,46,110,g0u0550,R14,8,7,0,-92996.9,1.05456e+08
Pd110_g0u0550,46,110,g0u0550,R15,8,7,1,-92973.4,1.05456e+08
Pd110_g0u0600,46,110,g0u0600,K1,1,0,1,-4.56631e+06,1.00983e+08
Pd110_g0u0600,46,110,g0u0600,L2,2,1,0,-1.53163e+06,1.04018e+08
Pd110_g0u0600,46,110,g0u0600,L3,2,1,1,-1.49742e+06,1.04052e+08
Pd110_g0u0600,46,110,g0u0600,M4,3,2,0,-669137,1.0488e+08
Pd110_g0u0600,46,110,g0u0600,M5,3,2,1,-664882,1.04885e+08
Pd110_g0u0600,46,110,g0u0600,N5,4,2,1,-374043,1.05175e+08
Pd110_g0u0600,46,110,g0u0600,N6,4,3,0,-373891,1.05176e+08
Pd110_g0u0600,46,110,g0u0600,N7,4,3,1,-373003,1.05176e+08
Pd110_g0u0600,46,110,g0u0600,O8,5,4,0,-238657,1.05311e+08
Pd110_g0u0600,46,110,g0u0600,O9,5,4,1,-238386,1.05311e+08
Pd110_g0u0600,46,110,g0u0600,P10,6,5,0,-165517,1.05384e+08
Pd110_g0u0600,46,110,g0u0600,P11,6,5,1,-165413,1.05384e+08
Pd110_g0u0600,46,110,g0u0600,Q12,7,6,0,-121516,1.05428e+08
Pd110_g0u0600,46,110,g0u0600,Q13,7,6,1,-121470,1.05428e+08
Pd110_g0u0600,46,110,g0u0600,R14,8,7,0,-92996.9,1.05456e+08
Pd110_g0u0600,46,110,g0u0600,R15,8,7,1,-92973.4,1.05456e+08
Pd110_g0u0700,46,110,g0u0700,K1,1,0,1,-4.56632e+06,1.00983e+08
Pd110_g0u0700,46,110,g0u0700,L2,2,1,0,-1.53163e+06,1.04018e+08
Pd110_g0u0700,46,110,g0u0700,L3,2,1,1,-1.49742e+06,1.04052e+08
Pd110_g0u0700,46,110,g0u0700,M4,3,2,0,-669137,1.0488e+08
Pd110_g0u0700,46,110,g0u0700,M5,3,2,1,-664882,1.04885e+08
Pd110_g0u0700,46,110,g0u0700,N5,4,2,1,-374043,1.05175e+08
Pd110_g0u0700,46,110,g0u0700,N6,4,3,0,-373891,1.05176e+08
Pd110_g0u0700,46,110,g0u0700,N7,4,3,1,-373003,1.05176e+08
Pd110_g0u0700,46,110,g0u0700,O8,5,4,0,-238657,1.05311e+08
Pd110_g0u0700,46,110,g0u0700,O9,5,4,1,-238386,1.05311e+08
Pd110_g0u0700,46,110,g0u0700,P10,6,5,0,-165517,1.05384e+08
Pd110_g0u0700,46,110,g0u0700,P11,6,5,1,-165413,1.05384e+08
Pd110_g0u0700,46,110,g0u0700,Q12,7,6,0,-121516,1.05428e+08
Pd110_g0u0700,46,110,g0u0700,Q13,7,6,1,-121470,1.05428e+08
Pd110_g0u0700,46,110,g0u0700,R14,8,7,0,-92996.9,1.05456e+08
Pd110_g0u0700,46,110,g0u0700,R15,8,7,1,-92973.4,1.05456e+08
Pd110_g0u0800,46,110,g0u0800,K1,1,0,1,-4.56632e+06,1.00983e+08
Pd110_g0u0800,46,110,g0u0800,L2,2,1,0,-1.53163e+06,1.04018e+08
Pd110_g0u0800,46,110,g0u0800,L3,2,1,1,-1.49742e+06,1.04052e+08
Pd110_g0u0800,46,110,g0u0800,M4,3,2,0,-669137,1.0488e+08
Pd110_g0u0800,46,110,g0u0800,M5,3,2,1,-664882,1.04885e+08
Pd110_g0u0800,46,110,g0u0800,N5,4,2,1,-374043,1.05175e+08
Pd110_g0u0800,46,110,g0u0800,N6,4,3,0,-373891,1.05176e+08
Pd110_g0u0800,46,110,g0u0800,N7,4,3,1,-373003,1.05176e+08
Pd110_g0u0800,46,110,g0u0800,O8,5,4,0,-238657,1.05311e+08
Pd110_g0u0800,46,110,g0u0800,O9,5,4,1,-238386,1.05311e+08
Pd110_g0u0800,46,110,g0u0800,P10,6,5,0,-165517,1.05384e+08
Pd110_g0u0800,46,110,g0u0800,P11,6,5,1,-165413,1.05384e+08
Pd110_g0u0800,46,110,g0u0800,Q12,7,6,0,-121516,1.05428e+08
Pd110_g0u0800,46,110,g0u0800,Q13,7,6,1,-121470,1.05428e+08
Pd110_g0u0800,46,110,g0u0800,R14,8,7,0,-92996.9,1.05456e+08
Pd110_g0u0800,46,110,g0u0800,R15,8,7,1,-92973.4,1.05456e+08
Pd110_g0u0900,46,110,g0u0900,K1,1,0,1,-4.56632e+06,1.00983e+08
Pd110_g0u0900,46,110,g0u0900,L2,2,1,0,-1.53163e+06,1.04018e+08
Pd110_g0u0900,46,110,g0u0900,L3,2,1,1,-1.49742e+06,1.04052e+08
Pd110_g0u0900,46,110,g0u0900,M4,3,2,0,-669137,1.0488e+08
Pd110_g0u0900,46,110,g0u0900,M5,3,2,1,-664882,1.04885e+08
Pd110_g0u0900,46,110,g0u0900,N5,4,2,1,-374043,1.05175e+08
Pd110_g0u0900,46,110,g0u0900,N6,4,3,0,-373891,1.05176e+08
Pd110_g0u0900,46,110,g0u0900,N7,4,3,1,-373003,1.05176e+08
Pd110_g0u0900,46,110,g0u0900,O8,5,4,0,-238657,1.05311e+08
Pd110_g0u0900,46,110,g0u0900,O9,5,4,1,-238386,1.05311e+08
Pd110_g0u0900,46,110,g0u0900,P10,6,5,0,-165517,1.05384e+08
Pd110_g0u0900,46,110,g0u0900,P11,6,5,1,-165413,1.05384e+08
Pd110_g0u0900,46,110,g0u0900,Q12,7,6,0,-121516,1.05428e+08
Pd110_g0u0900,46,110,g0u0900,Q13,7,6,1,-121470,1.05428e+08
Pd110_g0u0900,46,110,g0u0900,R14,8,7,0,-92996.9,1.05456e+08
Pd110_g0u0900,46,110,g0u0900,R15,8,7,1,-92973.4,1.05456e+08
Pd110_g0u1000,46,110,g0u1000,K1,1,0,1,-4.56632e+06,1.00983e+08
Pd110_g0u1000,46,110,g0u1000,L2,2,1,0,-1.53163e+06,1.04018e+08
Pd110_g0u1000,46,110,g0u1000,L3,2,1,1,-1.49742e+06,1.04052e+08
Pd110_g0u1000,46,110,g0u1000,M4,3,2,0,-669137,1.0488e+08
Pd110_g0u1000,46,110,g0u1000,M5,3,2,1,-664882,1.04885e+08
Pd110_g0u1000,46,110,g0u1000,N5,4,2,1,-374043,1.05175e+08
Pd110_g0u1000,46,110,g0u1000,N6,4,3,0,-373891,1.05176e+08
Pd110_g0u1000,46,110,g0u1000,N7,4,3,1,-373003,1.05176e+08
Pd110_g0u1000,46,110,g0u1000,O8,5,4,0,-238657,1.05311e+08
Pd110_g0u1000,46,110,g0u1000,O9,5,4,1,-238386,1.05311e+08
Pd110_g0u1000,46,110,g0u1000,P10,6,5,0,-165517,1.05384e+08
Pd110_g0u1000,46,110,g0u1000,P11,6,5,1,-165413,1.05384e+08
Pd110_g0u1000,46,110,g0u1000,Q12,7,6,0,-121516,1.05428e+08
Pd110_g0u1000,46,110,g0u1000,Q13,7,6,1,-121470,1.05428e+08
Pd110_g0u1000,46,110,g0u1000,R14,8,7,0,-92996.9,1.05456e+08
Pd110_g0u1000,46,110,g0u1000,R15,8,7,1,-92973.4,1.05456e+08
Pd110_g0u1100,46,110,g0u1100,K1,1,0,1,-4.56632e+06,1.00983e+08
Pd110_g0u1100,46,110,g0u1100,L2,2,1,0,-1.53163e+06,1.04018e+08
Pd110_g0u1100,46,110,g0u1100,L3,2,1,1,-1.49742e+06,1.04052e+08
Pd110_g0u1100,46,110,g0u1100,M4,3,2,0,-669137,1.0488e+08
Pd110_g0u1100,46,110,g0u1100,M5,3,2,1,-664882,1.04885e+08
Pd110_g0u1100,46,110,g0u1100,N5,4,2,1,-374043,1.05175e+08
Pd110_g0u1100,46,110,g0u1100,N6,4,3,0,-373891,1.05176e+08
Pd110_g0u1100,46,110,g0u1100,N7,4,3,1,-373003,1.05176e+08
Pd110_g0u1100,46,110,g0u1100,O8,5,4,0,-238657,1.05311e+08
Pd110_g0u1100,46,110,g0u1100,O9,5,4,1,-238386,1.05311e+08
Pd110_g0u1100,46,110,g0u1100,P10,6,5,0,-165517,1.05384e+08
Pd110_g0u1100,46,110,g0u1100,P11,6,5,1,-165413,1.05384e+08
Pd110_g0u1100,46,110,g0u1100,Q12,7,6,0,-121516,1.05428e+08
Pd110_g0u1100,46,110,g0u1100,Q13,7,6,1,-121470,1.05428e+08
Pd110_g0u1100,46,110,g0u1100,R14,8,7,0,-92996.9,1.05456e+08
Pd110_g0u1100,46,110,g0u1100,R15,8,7,1,-92973.4,1.05456e+08
Pd110_g0u1200,46,110,g0u1200,K1,1,0,1,-4.56632e+06,1.00983e+08
Pd110_g0u1200,46,110,g0u1200,L2,2,1,0,-1.53163e+06,1.04018e+08
Pd110_g0u1200,46,110,g0u1200,L3,2,1,1,-1.49742e+06,1.04052e+08
Pd110_g0u1200,46,110,g0u1200,M4,3,2,0,-669137,1.0488e+08
Pd110_g0u1200,46,110,g0u1200,M5,3,2,1,-664882,1.04885e+08
Pd110_g0u1200,46,110,g0u1200,N5,4,2,1,-374043,1.05175e+08
Pd110_g0u1200,46,110,g0u1200,N6,4,3,0,-373891,1.05176e+08
Pd110_g0u1200,46,110,g0u1200,N7,4,3,1,-373003,1.05176e+08
Pd110_g0u1200,46,110,g0u1200,O8,5,4,0,-238657,1.05311e+08
Pd110_g0u1200,46,110,g0u1200,O9,5,4,1,-238386,1.05311e+08
Pd110_g0u1200,46,110,g0u1200,P10,6,5,0,-165517,1.05384e+08
Pd110_g0u1200,46,110,g0u1200,P11,6,5,1,-165413,1.05384e+08
Pd110_g0u1200,46,110,g0u1200,Q12,7,6,0,-121516,1.05428e+08
Pd110_g0u1200,46,110,g0u1200,Q13,7,6,1,-121470,1.05428e+08
Pd110_g0u1200,46,110,g0u1200,R14,8,7,0,-92996.9,1.05456e+08
Pd110_g0u1200,46,110,g0u1200,R15,8,7,1,-92973.4,1.05456e+08
Pd110_g0u1300,46,110,g0u1300,K1,1,0,1,-4.56632e+06,1.00983e+08
Pd110_g0u1300,46,110,g0u1300,L2,2,1,0,-1.53163e+06,1.04018e+08
Pd110_g0u1300,46,110,g0u1300,L3,2,1,1,-1.49742e+06,1.04052e+08
Pd110_g0u1300,46,110,g0u1300,M4,3,2,0,-669137,1.0488e+08
Pd110_g0u1300,46,110,g0u1300,M5,3,2,1,-664882,1.04885e+08
Pd110_g0u1300,46,110,g0u1300,N5,4,2,1,-374043,1.05175e+08
Pd110_g0u1300,46,110,g0u1300,N6,4,3,0,-373891,1.05176e+08
Pd110_g0u1300,46,110,g0u1300,N7,4,3,1,-373003,1.05176e+08
Pd110_g0u1300,46,110,g0u1300,O8,5,4,0,-238657,1.05311e+08
Pd110_g0u1300,46,110,g0u1300,O9,5,4,1,-238386,1.05311e+08
Pd110_g0u1300,46,110,g0u1300,P10,6,5,0,-165517,1.05384e+08
Pd110_g0u1300,46,110,g0u1300,P11,6,5,1,-165413,1.05384e+08
Pd110_g0u1300,46,110,g0u1300,Q12,7,6,0,-121516,1.05428e+08
Pd110_g0u1300,46,110,g0u1300,Q13,7,6,1,-121470,1.05428e+08
Pd110_g0u1300,46,110,g0u1300,R14,8,7,0,-92996.9,1.05456e+08
Pd110_g0u1300,46,110,g0u1300,R15,8,7,1,-92973.4,1.05456e+08
Pd110_g0u1400,46,110,g0u1400,K1,1,0,1,-4.56632e+06,1.00983e+08
Pd110_g0u1400,46,110,g0u1400,L2,2,1,0,-1.53163e+06,1.04018e+08
Pd110_g0u1400,46,110,g0u1400,L3,2,1,1,-1.49742e+06,1.04052e+08
Pd110_g0u1400,46,110,g0u1400,M4,3,2,0,-669137,1.0488e+08
Pd110_g0u1400,46,110,g0u1400,M5,3,2,1,-664882,1.04885e+08
Pd110_g0u1400,46,110,g0u1400,N5,4,2,1,-374043,1.05175e+08
Pd110_g0u1400,46,110,g0u1400,N6,4,3,0,-373891,1.05176e+08
Pd110_g0u1400,46,110,g0u1400,N7,4,3,1,-373003,1.05176e+08
Pd110_g0u1400,46,110,g0u1400,O8,5,4,0,-238657,1.05311e+08
Pd110_g0u1400,46,110,g0u1400,O9,5,4,1,-238386,1.05311e+08
Pd110_g0u1400,46,110,g0u1400,P10,6,5,0,-165517,1.05384e+08
Pd110_g0u1400,46,110,g0u1400,P11,6,5,1,-165413,1.05384e+08
Pd110_g0u1400,46,110,g0u1400,Q12,7,6,0,-121516,1.05428e+08
Pd110_g0u1400,46,110,g0u1400,Q13,7,6,1,-121470,1.05428e+08
Pd110_g0u1400,46,110,g0u1400,R14,8,7,0,-92996.9,1.05456e+08
Pd110_g0u1400,46,110,g0u1400,R15,8,7,1,-92973.4,1.05456e+08
Pd110_g0u1500,46,110,g0u1500,K1,1,0,1,-4.56631e+06,1.00983e+08
Pd110_g0u1500,46,110,g0u1500,L2,2,1,0,-1.53163e+06,1.04018e+08
Pd110_g0u1500,46,110,g0u1500,L3,2,1,1,-1.49742e+06,1.04052e+08
Pd110_g0u1500,46,110,g0u1500,M4,3,2,0,-669137,1.0488e+08
Pd110_g0u1500,46,110,g0u1500,M5,3,2,1,-664882,1.04885e+08
Pd110_g0u1500,46,110,g0u1500,N5,4,2,1,-374043,1.05175e+08
Pd110_g0u1500,46,110,g0u1500,N6,4,3,0,-373891,1.05176e+08
Pd110_g0u1500,46,110,g0u1500,N7,4,3,1,-373003,1.05176e+08
Pd110_g0u1500,46,110,g0u1500,O8,5,4,0,-238657,1.05311e+08
Pd110_g0u1500,46,110,g0u1500,O9,5,4,1,-238386,1.05311e+08
Pd110_g0u1500,46,110,g0u1500,P10,6,5,0,-165517,1.05384e+08
Pd110_g0u1500,46,110,g0u1500,P11,6,5,1,-165413,1.05384e+08
Pd110_g0u1500,46,110,g0u1500,Q12,7,6,0,-121516,1.05428e+08
Pd110_g0u1500,46,110,g0u1500,Q13,7,6,1,-121470,1.05428e+08
Pd110_g0u1500,46,110,g0u1500,R14,8,7,0,-92996.9,1.05456e+08
Pd110_g0u1500,46,110,g0u1500,R15,8,7,1,-92973.4,1.05456e+08
Pd110_g0u1600,46,110,g0u1600,K1,1,0,1,-4.56618e+06,1.00983e+08
Pd110_g0u1600,46,110,g0u1600,L2,2,1,0,-1.53162e+06,1.04018e+08
Pd110_g0u1600,46,110,g0u1600,L3,2,1,1,-1.49741e+06,1.04052e+08
Pd110_g0u1600,46,110,g0u1600,M4,3,2,0,-669137,1.0488e+08
Pd110_g0u1600,46,110,g0u1600,M5,3,2,1,-664882,1.04885e+08
Pd110_g0u1600,46,110,g0u1600,N5,4,2,1,-374043,1.05175e+08
Pd110_g0u1600,46,110,g0u1600,N6,4,3,0,-373891,1.05176e+08
Pd110_g0u1600,46,110,g0u1600,N7,4,3,1,-373003,1.05176e+08
Pd110_g0u1600,46,110,g0u1600,O8,5,4,0,-238657,1.05311e+08
Pd110_g0u1600,46,110,g0u1600,O9,5,4,1,-238386,1.05311e+08
Pd110_g0u1600,46,110,g0u1600,P10,6,5,0,-165517,1.05384e+08
Pd110_g0u1600,46,110,g0u1600,P11,6,5,1,-165413,1.05384e+08
Pd110_g0u1600,46,110,g0u1600,Q12,7,6,0,-121516,1.05428e+08
Pd110_g0u1600,46,110,g0u1600,Q13,7,6,1,-121470,1.05428e+08
Pd110_g0u1600,46,110,g0u1600,R14,8,7,0,-92996.9,1.05456e+08
Pd110_g0u1600,46,110,g0u1600,R15,8,7,1,-92973.4,1.05456e+08
Pd110_g0u1700,46,110,g0u1700,K1,1,0,1,-4.56756e+06,1.00982e+08
Pd110_g0u1700,46,110,g0u1700,L2,2,1,0,-1.5317e+06,1.04018e+08
Pd110_g0u1700,46,110,g0u1700,L3,2,1,1,-1.49748e+06,1.04052e+08
Pd110_g0u1700,46,110,g0u1700,M4,3,2,0,-669137,1.0488e+08
Pd110_g0u1700,46,110,g0u1700,M5,3,2,1,-664882,1.04885e+08
Pd110_g0u1700,46,110,g0u1700,N5,4,2,1,-374043,1.05175e+08
Pd110_g0u1700,46,110,g0u1700,N6,4,3,0,-373891,1.05176e+08
Pd110_g0u1700,46,110,g0u1700,N7,4,3,1,-373003,1.05176e+08
Pd110_g0u1700,46,110,g0u1700,O8,5,4,0,-238657,1.05311e+08
Pd110_g0u1700,46,110,g0u1700,O9,5,4,1,-238386,1.05311e+08
Pd110_g0u1700,46,110,g0u1700,P10,6,5,0,-165517,1.05384e+08
Pd110_g0u1700,46,110,g0u1700,P11,6,5,1,-165413,1.05384e+08
Pd110_g0u1700,46,110,g0u1700,Q12,7,6,0,-121516,1.05428e+08
Pd110_g0u1700,46,110,g0u1700,Q13,7,6,1,-121470,1.05428e+08
Pd110_g0u1700,46,110,g0u1700,R14,8,7,0,-92996.9,1.05456e+08
Pd110_g0u1700,46,110,g0u1700,R15,8,7,1,-92973.4,1.05456e+08
Pd110_g0u1800,46,110,g0u1800,K1,1,0,1,-4.56579e+06,1.00984e+08
Pd110_g0u1800,46,110,g0u1800,L2,2,1,0,-1.5316e+06,1.04018e+08
Pd110_g0u1800,46,110,g0u1800,L3,2,1,1,-1.4974e+06,1.04052e+08
Pd110_g0u1800,46,110,g0u1800,M4,3,2,0,-669136,1.0488e+08
Pd110_g0u1800,46,110,g0u1800,M5,3,2,1,-664882,1.04885e+08
Pd110_g0u1800,46,110,g0u1800,N5,4,2,1,-374043,1.05175e+08
Pd110_g0u1800,46,110,g0u1800,N6,4,3,0,-373891,1.05176e+08
Pd110_g0u1800,46,110,g0u1800,N7,4,3,1,-373003,1.05176e+08
Pd110_g0u1800,46,110,g0u1800,O8,5,4,0,-238657,1.05311e+08
Pd110_g0u1800,46,110,g0u1800,O9,5,4,1,-238386,1.05311e+08
Pd110_g0u1800,46,110,g0u1800,P10,6,5,0,-165517,1.05384e+08
Pd110_g0u1800,46,110,g0u1800,P11,6,5,1,-165413,1.05384e+08
Pd110_g0u1800,46,110,g0u1800,Q12,7,6,0,-121516,1.05428e+08
Pd110_g0u1800,46,110,g0u1800,Q13,7,6,1,-121470,1.05428e+08
Pd110_g0u1800,46,110,g0u1800,R14,8,7,0,-92996.9,1.05456e+08
Pd110_g0u1800,46,110,g0u1800,R15,8,7,1,-92973.4,1.05456e+08
Pd110_g2u1000,46,110,g2u1000,K1,1,0,1,-4.56632e+06,1.00983e+08
Pd110_g2u1000,46,110,g2u1000,L2,2,1,0,-1.53163e+06,1.04018e+08
Pd110_g2u1000,46,110,g2u1000,L3,2,1,1,-1.49742e+06,1.04052e+08
Pd110_g2u1000,46,110,g2u1000,M4,3,2,0,-669137,1.0488e+08
Pd110_g2u1000,46,110,g2u1000,M5,3,2,1,-664882,1.04885e+08
Pd110_g2u1000,46,110,g2u1000,N5,4,2,1,-374043,1.05175e+08
Pd110_g2u1000,46,110,g2u1000,N6,4,3,0,-373891,1.05176e+08
Pd110_g2u1000,46,110,g2u1000,N7,4,3,1,-373003,1.05176e+08
Pd110_g2u1000,46,110,g2u1000,O8,5,4,0,-238657,1.05311e+08
Pd110_g2u1000,46,110,g2u1000,O9,5,4,1,-238386,1.05311e+08
Pd110_g2u1000,46,110,g2u1000,P10,6,5,0,-165517,1.05384e+08
Pd110_g2u1000,46,110,g2u1000,P11,6,5,1,-165413,1.05384e+08
Pd110_g2u1000,46,110,g2u1000,Q12,7,6,0,-121516,1.05428e+08
Pd110_g2u1000,46,110,g2u1000,Q13,7,6,1,-121470,1.05428e+08
Pd110_g2u1000,46,110,g2u1000,R14,8,7,0,-92996.9,1.05456e+08
Pd110_g2u1000,46,110,g2u1000,R15,8,7,1,-92973.4,1.05456e+08
Ag107_g0u0050,47,107,g0u0050,K1,1,0,1,-4.74595e+06,1.008e+08
Ag107_g0u0050,47,107,g0u0050,L2,2,1,0,-1.60041e+06,1.03946e+08
Ag107_g0u0050,47,107,g0u0050,L3,2,1,1,-1.56334e+06,1.03983e+08
Ag107_g0u0050,47,107,g0u0050,M4,3,2,0,-698853,1.04848e+08
Ag107_g0u0050,47,107,g0u0050,M5,3,2,1,-694213,1.04852e+08
Ag107_g0u0050,47,107,g0u0050,N6,4,3,0,-390399,1.05156e+08
Ag107_g0u0050,47,107,g0u0050,N7,4,3,1,-389431,1.05157e+08
Ag107_g0u0050,47,107,g0u0050,O8,5,4,0,-249171,1.05297e+08
Ag107_g0u0050,47,107,g0u0050,O9,5,4,1,-248876,1.05298e+08
Ag107_g0u0050,47,107,g0u0050,P10,6,5,0,-172801,1.05374e+08
Ag107_g0u0050,47,107,g0u0050,P11,6,5,1,-172687,1.05374e+08
Ag107_g0u0050,47,107,g0u0050,Q12,7,6,0,-126861,1.0542e+08
Ag107_g0u0050,47,107,g0u0050,Q13,7,6,1,-126810,1.0542e+08
Ag107_g0u0050,47,107,g0u0050,R14,8,7,0,-97085.2,1.05449e+08
Ag107_g0u0050,47,107,g0u0050,R15,8,7,1,-97059.6,1.05449e+08
Ag107_g0u0100,47,107,g0u0100,K1,1,0,1,-4.74631e+06,1.008e+08
Ag107_g0u0100,47,107,g0u0100,L2,2,1,0,-1.60043e+06,1.03946e+08
Ag107_g0u0100,47,107,g0u0100,L3,2,1,1,-1.56335e+06,1.03983e+08
Ag107_g0u0100,47,107,g0u0100,M4,3,2,0,-698855,1.04848e+08
Ag107_g0u0100,47,107,g0u0100,M5,3,2,1,-694215,1.04852e+08
Ag107_g0u0100,47,107,g0u0100,N6,4,3,0,-390400,1.05156e+08
Ag107_g0u0100,47,107,g0u0100,N7,4,3,1,-389432,1.05157e+08
Ag107_g0u0100,47,107,g0u0100,O8,5,4,0,-249172,1.05297e+08
Ag107_g0u0100,47,107,g0u0100,O9,5,4,1,-248876,1.05298e+08
Ag107_g0u0100,47,107,g0u0100,P10,6,5,0,-172801,1.05374e+08
Ag107_g0u0100,47,107,g0u0100,P11,6,5,1,-172687,1.05374e+08
Ag107_g0u0100,47,107,g0u0100,Q12,7,6,0,-126861,1.0542e+08
Ag107_g0u0100,47,107,g0u0100,Q13,7,6,1,-126810,1.0542e+08
Ag107_g0u0100,47,107,g0u0100,R14,8,7,0,-97085.2,1.05449e+08
Ag107_g0u0100,47,107,g0u0100,R15,8,7,1,-97059.6,1.05449e+08
Ag107_g0u0150,47,107,g0u0150,K1,1,0,1,-4.74637e+06,1.008e+08
Ag107_g0u0150,47,107,g0u0150,L2,2,1,0,-1.60043e+06,1.03946e+08
Ag107_g0u0150,47,107,g0u0150,L3,2,1,1,-1.56335e+06,1.03983e+08
Ag107_g0u0150,47,107,g0u0150,M4,3,2,0,-698855,1.04848e+08
Ag107_g0u0150,47,107,g0u0150,M5,3,2,1,-694215,1.04852e+08
Ag107_g0u0150,47,107,g0u0150,N6,4,3,0,-390400,1.05156e+08
Ag107_g0u0150,47,107,g0u0150,N7,4,3,1,-389432,1.05157e+08
Ag107_g0u0150,47,107,g0u0150,O8,5,4,0,-249172,1.05297e+08
Ag107_g0u0150,47,107,g0u0150,O9,5,4,1,-248876,1.05298e+08
Ag107_g0u0150,47,107,g0u0150,P10,6,5,0,-172801,1.05374e+08
Ag107_g0u0150,47,107,g0u0150,P11,6,5,1,-172687,1.05374e+08
Ag107_g0u0150,47,107,g0u0150,Q12,7,6,0,-126861,1.0542e+08
Ag107_g0u0150,47,107,g0u0150,Q13,7,6,1,-126810,1.0542e+08
Ag107_g0u0150,47,107,g0u0150,R14,8,7,0,-97085.2,1.05449e+08
Ag107_g0u0150,47,107,g0u0150,R15,8,7,1,-97059.7,1.05449e+08
Ag107_g0u0200,47,107,g0u0200,K1,1,0,1,-4.74639e+06,1.008e+08
Ag107_g0u0200,47,107,g0u0200,L2,2,1,0,-1.60043e+06,1.03946e+08
Ag107_g0u0200,47,107,g0u0200,L3,2,1,1,-1.56335e+06,1.03983e+08
Ag107_g0u0200,47,107,g0u0200,M4,3,2,0,-698855,1.04848e+08
Ag107_g0u0200,47,107,g0u0200,M5,3,2,1,-694215,1.04852e+08
Ag107_g0u0200,47,107,g0u0200,N6,4,3,0,-390400,1.05156e+08
Ag107_g0u0200,47,107,g0u0200,N7,4,3,1,-389432,1.05157e+08
Ag107_g0u0200,47,107,g0u0200,O8,5,4,0,-249172,1.05297e+08
Ag107_g0u0200,47,107,g0u0200,O9,5,4,1,-248876,1.05298e+08
Ag107_g0u0200,47,107,g0u0200,P10,6,5,0,-172801,1.05374e+08
Ag107_g0u0200,47,107,g0u0200,P11,6,5,1,-172687,1.05374e+08
Ag107_g0u0200,47,107,g0u0200,Q12,7,6,0,-126861,1.0542e+08
Ag107_g0u0200,47,107,g0u0200,Q13,7,6,1,-126810,1.0542e+08
Ag107_g0u0200,47,107,g0u0200,R14,8,7,0,-97085.2,1.05449e+08
Ag107_g0u0200,47,107,g0u0200,R15,8,7,1,-97059.7,1.05449e+08
Ag107_g0u0250,47,107,g0u0250,K1,1,0,1,-4.7464e+06,1.008e+08
Ag107_g0u0250,47,107,g0u0250,L2,2,1,0,-1.60043e+06,1.03946e+08
Ag107_g0u0250,47,107,g0u0250,L3,2,1,1,-1.56335e+06,1.03983e+08
Ag107_g0u0250,47,107,g0u0250,M4,3,2,0,-698855,1.04848e+08
Ag107_g0u0250,47,107,g0u0250,M5,3,2,1,-694215,1.04852e+08
Ag107_g0u0250,47,107,g0u0250,N6,4,3,0,-390400,1.05156e+08
Ag107_g0u0250,47,107,g0u0250,N7,4,3,1,-389432,1.05157e+08
Ag107_g0u0250,47,107,g0u0250,O8,5,4,0,-249172,1.05297e+08
Ag107_g0u0250,47,107,g0u0250,O9,5,4,1,-248876,1.05298e+08
Ag107_g0u0250,47,107,g0u0250,P10,6,5,0,-172801,1.05374e+08
Ag107_g0u0250,47,107,g0u0250,P11,6,5,1,-172687,1.05374e+08
Ag107_g0u0250,47,107,g0u0250,Q12,7,6,0,-126861,1.0542e+08
Ag107_g0u0250,47,107,g0u0250,Q13,7,6,1,-126810,1.0542e+08
Ag107_g0u0250,47,107,g0u0250,R14,8,7,0,-97085.2,1.05449e+08
Ag107_g0u0250,47,107,g0u0250,R15,8,7,1,-97059.7,1.05449e+08
Ag107_g0u0300,47,107,g0u0300,K1,1,0,1,-4.74641e+06,1.008e+08
Ag107_g0u0300,47,107,g0u0300,L2,2,1,0,-1.60043e+06,1.03946e+08
Ag107_g0u0300,47,107,g0u0300,L3,2,1,1,-1.56335e+06,1.03983e+08
Ag107_g0u0300,47,107,g0u0300,M4,3,2,0,-698855,1.04848e+08
Ag107_g0u0300,47,107,g0u0300,M5,3,2,1,-694215,1.04852e+08
Ag107_g0u0300,47,107,g0u0300,N6,4,3,0,-390400,1.05156e+08
Ag107_g0u0300,47,107,g0u0300,N7,4,3,1,-389432,1.05157e+08
Ag107_g0u0300,47,107,g0u0300,O8,5,4,0,-249172,1.05297e+08
Ag107_g0u0300,47,107,g0u0300,O9,5,4,1,-248876,1.05298e+08
Ag107_g0u0300,47,107,g0u0300,P10,6,5,0,-172801,1.05374e+08
Ag107_g0u0300,47,107,g0u0300,P11,6,5,1,-172687,1.05374e+08
Ag107_g0u0300,47,107,g0u0300,Q12,7,6,0,-126861,1.0542e+08
Ag107_g0u0300,47,107,g0u0300,Q13,7,6,1,-126810,1.0542e+08
Ag107_g0u0300,47,107,g0u0300,R14,8,7,0,-97085.2,1.05449e+08
Ag107_g0u0300,47,107,g0u0300,R15,8,7,1,-97059.7,1.05449e+08
Ag107_g0u0350,47,107,g0u0350,K1,1,0,1,-4.74641e+06,1.008e+08
Ag107_g0u0350,47,107,g0u0350,L2,2,1,0,-1.60043e+06,1.03946e+08
Ag107_g0u0350,47,107,g0u0350,L3,2,1,1,-1.56335e+06,1.03983e+08
Ag107_g0u0350,47,107,g0u0350,M4,3,2,0,-698855,1.04848e+08
Ag107_g0u0350,47,107,g0u0350,M5,3,2,1,-694215,1.04852e+08
Ag107_g0u0350,47,107,g0u0350,N6,4,3,0,-390400,1.05156e+08
Ag107_g0u0350,47,107,g0u0350,N7,4,3,1,-389432,1.05157e+08
Ag107_g0u0350,47,107,g0u0350,O8,5,4,0,-249172,1.05297e+08
Ag107_g0u0350,47,107,g0u0350,O9,5,4,1,-248876,1.05298e+08
Ag107_g0u0350,47,107,g0u0350,P10,6,5,0,-172801,1.05374e+08
Ag107_g0u0350,47,107,g0u0350,P11,6,5,1,-172687,1.05374e+08
Ag107_g0u0350,47,107,g0u0350,Q12,7,6,0,-126861,1.0542e+08
Ag107_g0u0350,47,107,g0u0350,Q13,7,6,1,-126810,1.0542e+08
Ag107_g0u0350,47,107,g0u0350,R14,8,7,0,-97085.2,1.05449e+08
Ag107_g0u0350,47,107,g0u0350,R15,8,7,1,-97059.7,1.05449e+08
Ag107_g0u0400,47,107,g0u0400,K1,1,0,1,-4.74641e+06,1.008e+08
Ag107_g0u0400,47,107,g0u0400,L2,2,1,0,-1.60043e+06,1.03946e+08
Ag107_g0u0400,47,107,g0u0400,L3,2,1,1,-1.56335e+06,1.03983e+08
Ag107_g0u0400,47,107,g0u0400,M4,3,2,0,-698856,1.04848e+08
Ag107_g0u0400,47,107,g0u0400,M5,3,2,1,-694215,1.04852e+08
Ag107_g0u0400,47,107,g0u0400,N6,4,3,0,-390400,1.05156e+08
Ag107_g0u0400,47,107,g0u0400,N7,4,3,1,-389432,1.05157e+08
Ag107_g0u0400,47,107,g0u0400,O8,5,4,0,-249172,1.05297e+08
Ag107_g0u0400,47,107,g0u0400,O9,5,4,1,-248876,1.05298e+08
Ag107_g0u0400,47,107,g0u0400,P10,6,5,0,-172801,1.05374e+08
Ag107_g0u0400,47,107,g0u0400,P11,6,5,1,-172687,1.05374e+08
Ag107_g0u0400,47,107,g0u0400,Q12,7,6,0,-126861,1.0542e+08
Ag107_g0u0400,47,107,g0u0400,Q13,7,6,1,-126810,1.0542e+08
Ag107_g0u0400,47,107,g0u0400,R14,8,7,0,-97085.2,1.05449e+08
Ag107_g0u0400,47,107,g0u0400,R15,8,7,1,-97059.7,1.05449e+08
Ag107_g0u0450,47,107,g0u0450,K1,1,0,1,-4.74641e+06,1.008e+08
Ag107_g0u0450,47,107,g0u0450,L2,2,1,0,-1.60043e+06,1.03946e+08
Ag107_g0u0450,47,107,g0u0450,L3,2,1,1,-1.56335e+06,1.03983e+08
Ag107_g0u0450,47,107,g0u0450,M4,3,2,0,-698856,1.04848e+08
Ag107_g0u0450,47,107,g0u0450,M5,3,2,1,-694215,1.04852e+08
Ag107_g0u0450,47,107,g0u0450,N6,4,3,0,-390400,1.05156e+08
Ag107_g0u0450,47,107,g0u0450,N7,4,3,1,-389432,1.05157e+08
Ag107_g0u0450,47,107,g0u0450,O8,5,4,0,-249172,1.05297e+08
Ag107_g0u0450,47,107,g0u0450,O9,5,4,1,-248876,1.05298e+08
Ag107_g0u0450,47,107,g0u0450,P10,6,5,0,-172801,1.05374e+08
Ag107_g0u0450,47,107,g0u0450,P11,6,5,1,-172687,1.05374e+08
Ag107_g0u0450,47,107,g0u0450,Q12,7,6,0,-126861,1.0542e+08
Ag107_g0u0450,47,107,g0u0450,Q13,7,6,1,-126810,1.0542e+08
Ag107_g0u0450,47,107,g0u0450,R14,8,7,0,-97085.2,1.05449e+08
Ag107_g0u0450,47,107,g0u0450,R15,8,7,1,-97059.7,1.05449e+08
Ag107_g0u0500,47,107,g0u0500,K1,1,0,1,-4.74642e+06,1.008e+08
Ag107_g0u0500,47,107,g0u0500,L2,2,1,0,-1.60043e+06,1.03946e+08
Ag107_g0u0500,47,107,g0u0500,L3,2,1,1,-1.56335e+06,1.03983e+08
Ag107_g0u0500,47,107,g0u0500,M4,3,2,0,-698856,1.04848e+08
Ag107_g0u0500,47,107,g0u0500,M5,3,2,1,-694215,1.04852e+08
Ag107_g0u0500,47,107,g0u0500,N6,4,3,0,-390400,1.05156e+08
Ag107_g0u0500,47,107,g0u0500,N7,4,3,1,-389432,1.05157e+08
Ag107_g0u0500,47,107,g0u0500,O8,5,4,0,-249172,1.05297e+08
Ag107_g0u0500,47,107,g0u0500,O9,5,4,1,-248876,1.05298e+08
Ag107_g0u0500,47,107,g0u0500,P10,6,5,0,-172801,1.05374e+08
Ag107_g0u0500,47,107,g0u0500,P11,6,5,1,-172687,1.05374e+08
Ag107_g0u0500,47,107,g0u0500,Q12,7,6,0,-126861,1.0542e+08
Ag107_g0u0500,47,107,g0u0500,Q13,7,6,1,-126810,1.0542e+08
Ag107_g0u0500,47,107,g0u0500,R14,8,7,0,-97085.2,1.05449e+08
Ag107_g0u0500,47,107,g0u0500,R15,8,7,1,-97059.7,1.05449e+08
Ag107_g0u0550,47,107,g0u0550,K1,1,0,1,-4.74642e+06,1.008e+08
Ag107_g0u0550,47,107,g0u0550,L2,2,1,0,-1.60043e+06,1.03946e+08
Ag107_g0u0550,47,107,g0u0550,L3,2,1,1,-1.56335e+06,1.03983e+08
Ag107_g0u0550,47,107,g0u0550,M4,3,2,0,-698856,1.04848e+08
Ag107_g0u0550,47,107,g0u0550,M5,3,2,1,-694215,1.04852e+08
Ag107_g0u0550,47,107,g0u0550,N6,4,3,0,-390400,1.05156e+08
Ag107_g0u0550,47,107,g0u0550,N7,4,3,1,-389432,1.05157e+08
Ag107_g0u0550,47,107,g0u0550,O8,5,4,0,-249172,1.05297e+08
Ag107_g0u0550,47,107,g0u0550,O9,5,4,1,-248876,1.05298e+08
Ag107_g0u0550,47,107,g0u0550,P10,6,5,0,-172801,1.05374e+08
Ag107_g0u0550,47,107,g0u0550,P11,6,5,1,-172687,1.05374e+08
Ag107_g0u0550,47,107,g0u0550,Q12,7,6,0,-126861,1.0542e+08
Ag107_g0u0550,47,107,g0u0550,Q13,7,6,1,-126810,1.0542e+08
Ag107_g0u0550,47,107,g0u0550,R14,8,7,0,-97085.2,1.05449e+08
Ag107_g0u0550,47,107,g0u0550,R15,8,7,1,-97059.7,1.05449e+08
Ag107_g0u0600,47,107,g0u0600,K1,1,0,1,-4.74642e+06,1.008e+08
Ag107_g0u0600,47,107,g0u0600,L2,2,1,0,-1.60043e+06,1.03946e+08
Ag107_g0u0600,47,107,g0u0600,L3,2,1,1,-1.56335e+06,1.03983e+08
Ag107_g0u0600,47,107,g0u0600,M4,3,2,0,-698856,1.04848e+08
Ag107_g0u0600,47,107,g0u0600,M5,3,2,1,-694215,1.04852e+08
Ag107_g0u0600,47,107,g0u0600,N6,4,3,0,-390400,1.05156e+08
Ag107_g0u0600,47,107,g0u0600,N7,4,3,1,-389432,1.05157e+08
Ag107_g0u0600,47,107,g0u0600,O8,5,4,0,-249172,1.05297e+08
Ag107_g0u0600,47,107,g0u0600,O9,5,4,1,-248876,1.05298e+08
Ag107_g0u0600,47,107,g0u0600,P10,6,5,0,-172801,1.05374e+08
Ag107_g0u0600,47,107,g0u0600,P11,6,5,1,-172687,1.05374e+08
Ag107_g0u0600,47,107,g0u0600,Q12,7,6,0,-126861,1.0542e+08
Ag107_g0u0600,47,107,g0u0600,Q13,7,6,1,-126810,1.0542e+08
Ag107_g0u0600,47,107,g0u0600,R14,8,7,0,-97085.2,1.05449e+08
Ag107_g0u0600,47,107,g0u0600,R15,8,7,1,-97059.7,1.05449e+08
Ag107_g0u0700,47,107,g0u0700,K1,1,0,1,-4.74642e+06,1.008e+08
Ag107_g0u0700,47,107,g0u0700,L2,2,1,0,-1.60043e+06,1.03946e+08
Ag107_g0u0700,47,107,g0u0700,L3,2,1,1,-1.56335e+06,1.03983e+08
Ag107_g0u0700,47,107,g0u0700,M4,3,2,0,-698856,1.04848e+08
Ag107_g0u0700,47,107,g0u0700,M5,3,2,1,-694216,1.04852e+08
Ag107_g0u0700,47,107,g0u0700,N6,4,3,0,-390400,1.05156e+08
Ag107_g0u0700,47,107,g0u0700,N7,4,3,1,-389432,1.05157e+08
Ag107_g0u0700,47,107,g0u0700,O8,5,4,0,-249172,1.05297e+08
Ag107_g0u0700,47,107,g0u0700,O9,5,4,1,-248876,1.05298e+08
Ag107_g0u0700,47,107,g0u0700,P10,6,5,0,-172801,1.05374e+08
Ag107_g0u0700,47,107,g0u0700,P11,6,5,1,-172687,1.05374e+08
Ag107_g0u0700,47,107,g0u0700,Q12,7,6,0,-126861,1.0542e+08
Ag107_g0u0700,47,107,g0u0700,Q13,7,6,1,-126810,1.0542e+08
Ag107_g0u0700,47,107,g0u0700,R14,8,7,0,-97085.2,1.05449e+08
Ag107_g0u0700,47,107,g0u0700,R15,8,7,1,-97059.7,1.05449e+08
Ag107_g0u0800,47,107,g0u0800,K1,1,0,1,-4.74642e+06,1.008e+08
Ag107_g0u0800,47,107,g0u0800,L2,2,1,0,-1.60043e+06,1.03946e+08
Ag107_g0u0800,47,107,g0u0800,L3,2,1,1,-1.56335e+06,1.03983e+08
Ag107_g0u0800,47,107,g0u0800,M4,3,2,0,-698856,1.04848e+08
Ag107_g0u0800,47,107,g0u0800,M5,3,2,1,-694216,1.04852e+08
Ag107_g0u0800,47,107,g0u0800,N6,4,3,0,-390400,1.05156e+08
Ag107_g0u0800,47,107,g0u0800,N7,4,3,1,-389432,1.05157e+08
Ag107_g0u0800,47,107,g0u0800,O8,5,4,0,-249172,1.05297e+08
Ag107_g0u0800,47,107,g0u0800,O9,5,4,1,-248876,1.05298e+08
Ag107_g0u0800,47,107,g0u0800,P10,6,5,0,-172801,1.05374e+08
Ag107_g0u0800,47,107,g0u0800,P11,6,5,1,-172687,1.05374e+08
Ag107_g0u0800,47,107,g0u0800,Q12,7,6,0,-126861,1.0542e+08
Ag107_g0u0800,47,107,g0u0800,Q13,7,6,1,-126810,1.0542e+08
Ag107_g0u0800,47,107,g0u0800,R14,8,7,0,-97085.2,1.05449e+08
Ag107_g0u0800,47,107,g0u0800,R15,8,7,1,-97059.7,1.05449e+08
Ag107_g0u0900,47,107,g0u0900,K1,1,0,1,-4.74642e+06,1.008e+08
Ag107_g0u0900,47,107,g0u0900,L2,2,1,0,-1.60043e+06,1.03946e+08
Ag107_g0u0900,47,107,g0u0900,L3,2,1,1,-1.56335e+06,1.03983e+08
Ag107_g0u0900,47,107,g0u0900,M4,3,2,0,-698856,1.04848e+08
Ag107_g0u0900,47,107,g0u0900,M5,3,2,1,-694216,1.04852e+08
Ag107_g0u0900,47,107,g0u0900,N6,4,3,0,-390400,1.05156e+08
Ag107_g0u0900,47,107,g0u0900,N7,4,3,1,-389432,1.05157e+08
Ag107_g0u0900,47,107,g0u0900,O8,5,4,0,-249172,1.05297e+08
Ag107_g0u0900,47,107,g0u0900,O9,5,4,1,-248876,1.05298e+08
Ag107_g0u0900,47,107,g0u0900,P10,6,5,0,-172801,1.05374e+08
Ag107_g0u0900,47,107,g0u0900,P11,6,5,1,-172687,1.05374e+08
Ag107_g0u0900,47,107,g0u0900,Q12,7,6,0,-126861,1.0542e+08
Ag107_g0u0900,47,107,g0u0900,Q13,7,6,1,-126810,1.0542e+08
Ag107_g0u0900,47,107,g0u0900,R14,8,7,0,-97085.2,1.05449e+08
Ag107_g0u0900,47,107,g0u0900,R15,8,7,1,-97059.7,1.05449e+08
Ag107_g0u1000,47,107,g0u1000,K1,1,0,1,-4.74642e+06,1.008e+08
Ag107_g0u1000,47,107,g0u1000,L2,2,1,0,-1.60043e+06,1.03946e+08
Ag107_g0u1000,47,107,g0u1000,L3,2,1,1,-1.56335e+06,1.03983e+08
Ag107_g0u1000,47,107,g0u1000,M4,3,2,0,-698856,1.04848e+08
Ag107_g0u1000,47,107,g0u1000,M5,3,2,1,-694216,1.04852e+08
Ag107_g0u1000,47,107,g0u1000,N6,4,3,0,-390400,1.05156e+08
Ag107_g0u1000,47,107,g0u1000,N7,4,3,1,-389432,1.05157e+08
Ag107_g0u1000,47,107,g0u1000,O8,5,4,0,-249172,1.05297e+08
Ag107_g0u1000,47,107,g0u1000,O9,5,4,1,-248876,1.05298e+08
Ag107_g0u1000,47,107,g0u1000,P10,6,5,0,-172801,1.05374e+08
Ag107_g0u1000,47,107,g0u1000,P11,6,5,1,-172687,1.05374e+08
Ag107_g0u1000,47,107,g0u1000,Q12,7,6,0,-126861,1.0542e+08
Ag107_g0u1000,47,107,g0u1000,Q13,7,6,1,-126810,1.0542e+08
Ag107_g0u1000,47,107,g0u1000,R14,8,7,0,-97085.2,1.05449e+08
Ag107_g0u1000,47,107,g0u1000,R15,8,7,1,-97059.7,1.05449e+08
Ag107_g0u1100,47,107,g0u1100,K1,1,0,1,-4.74642e+06,1.008e+08
Ag107_g0u1100,47,107,g0u1100,L2,2,1,0,-1.60043e+06,1.03946e+08
Ag107_g0u1100,47,107,g0u1100,L3,2,1,1,-1.56335e+06,1.03983e+08
Ag107_g0u1100,47,107,g0u1100,M4,3,2,0,-698856,1.04848e+08
Ag107_g0u1100,47,107,g0u1100,M5,3,2,1,-694216,1.04852e+08
Ag107_g0u1100,47,107,g0u1100,N6,4,3,0,-390400,1.05156e+08
Ag107_g0u1100,47,107,g0u1100,N7,4,3,1,-389432,1.05157e+08
Ag107_g0u1100,47,107,g0u1100,O8,5,4,0,-249172,1.05297e+08
Ag107_g0u1100,47,107,g0u1100,O9,5,4,1,-248876,1.05298e+08
Ag107_g0u1100,47,107,g0u1100,P10,6,5,0,-172801,1.05374e+08
Ag107_g0u1100,47,107,g0u1100,P11,6,5,1,-172687,1.05374e+08
Ag107_g0u1100,47,107,g0u1100,Q12,7,6,0,-126861,1.0542e+08
Ag107_g0u1100,47,107,g0u1100,Q13,7,6,1,-126810,1.0542e+08
Ag107_g0u1100,47,107,g0u1100,R14,8,7,0,-97085.2,1.05449e+08
Ag107_g0u1100,47,107,g0u1100,R15,8,7,1,-97059.7,1.05449e+08
Ag107_g0u1200,47,107,g0u1200,K1,1,0,1,-4.74642e+06,1.008e+08
Ag107_g0u1200,47,107,g0u1200,L2,2,1,0,-1.60043e+06,1.03946e+08
Ag107_g0u1200,47,107,g0u1200,L3,2,1,1,-1.56335e+06,1.03983e+08
Ag107_g0u1200,47,107,g0u1200,M4,3,2,0,-698856,1.04848e+08
Ag107_g0u1200,47,107,g0u1200,M5,3,2,1,-694216,1.04852e+08
Ag107_g0u1200,47,107,g0u1200,N6,4,3,0,-390400,1.05156e+08
Ag107_g0u1200,47,107,g0u1200,N7,4,3,1,-389432,1.05157e+08
Ag107_g0u1200,47,107,g0u1200,O8,5,4,0,-249172,1.05297e+08
Ag107_g0u1200,47,107,g0u1200,O9,5,4,1,-248876,1.05298e+08
Ag107_g0u1200,47,107,g0u1200,P10,6,5,0,-172801,1.05374e+08
Ag107_g0u1200,47,107,g0u1200,P11,6,5,1,-172687,1.05374e+08
Ag107_g0u1200,47,107,g0u1200,Q12,7,6,0,-126861,1.0542e+08
Ag107_g0u1200,47,107,g0u1200,Q13,7,6,1,-126810,1.0542e+08
Ag107_g0u1200,47,107,g0u1200,R14,8,7,0,-97085.2,1.05449e+08
Ag107_g0u1200,47,107,g0u1200,R15,8,7,1,-97059.7,1.05449e+08
Ag107_g0u1300,47,107,g0u1300,K1,1,0,1,-4.74642e+06,1.008e+08
Ag107_g0u1300,47,107,g0u1300,L2,2,1,0,-1.60043e+06,1.03946e+08
Ag107_g0u1300,47,107,g0u1300,L3,2,1,1,-1.56335e+06,1.03983e+08
Ag107_g0u1300,47,107,g0u1300,M4,3,2,0,-698856,1.04848e+08
Ag107_g0u1300,47,107,g0u1300,M5,3,2,1,-694216,1.04852e+08
Ag107_g0u1300,47,107,g0u1300,N6,4,3,0,-390400,1.05156e+08
Ag107_g0u1300,47,107,g0u1300,N7,4,3,1,-389432,1.05157e+08
Ag107_g0u1300,47,107,g0u1300,O8,5,4,0,-249172,1.05297e+08
Ag107_g0u1300,47,107,g0u1300,O9,5,4,1,-248876,1.05298e+08
Ag107_g0u1300,47,107,g0u1300,P10,6,5,0,-172801,1.05374e+08
Ag107_g0u1300,47,107,g0u1300,P11,6,5,1,-172687,1.05374e+08
Ag107_g0u1300,47,107,g0u1300,Q12,7,6,0,-126861,1.0542e+08
Ag107_g0u1300,47,107,g0u1300,Q13,7,6,1,-126810,1.0542e+08
Ag107_g0u1300,47,107,g0u1300,R14,8,7,0,-97085.2,1.05449e+08
Ag107_g0u1300,47,107,g0u1300,R15,8,7,1,-97059.7,1.05449e+08
Ag107_g0u1400,47,107,g0u1400,K1,1,0,1,-4.74642e+06,1.008e+08
Ag107_g0u1400,47,107,g0u1400,L2,2,1,0,-1.60043e+06,1.03946e+08
Ag107_g0u1400,47,107,g0u1400,L3,2,1,1,-1.56335e+06,1.03983e+08
Ag107_g0u1400,47,107,g0u1400,M4,3,2,0,-698856,1.04848e+08
Ag107_g0u1400,47,107,g0u1400,M5,3,2,1,-694216,1.04852e+08
Ag107_g0u1400,47,107,g0u1400,N6,4,3,0,-390400,1.05156e+08
Ag107_g0u1400,47,107,g0u1400,N7,4,3,1,-389432,1.05157e+08
Ag107_g0u1400,47,107,g0u1400,O8,5,4,0,-249172,1.05297e+08
Ag107_g0u1400,47,107,g0u1400,O9,5,4,1,-248876,1.05298e+08
Ag107_g0u1400,47,107,g0u1400,P10,6,5,0,-172801,1.05374e+08
Ag107_g0u1400,47,107,g0u1400,P11,6,5,1,-172687,1.05374e+08
Ag107_g0u1400,47,107,g0u1400,Q12,7,6,0,-126861,1.0542e+08
Ag107_g0u1400,47,107,g0u1400,Q13,7,6,1,-126810,1.0542e+08
Ag107_g0u1400,47,107,g0u1400,R14,8,7,0,-97085.2,1.05449e+08
Ag107_g0u1400,47,107,g0u1400,R15,8,7,1,-97059.7,1.05449e+08
Ag107_g0u1500,47,107,g0u1500,K1,1,0,1,-4.74642e+06,1.008e+08
Ag107_g0u1500,47,107,g0u1500,L2,2,1,0,-1.60043e+06,1.03946e+08
Ag107_g0u1500,47,107,g0u1500,L3,2,1,1,-1.56335e+06,1.03983e+08
Ag107_g0u1500,47,107,g0u1500,M4,3,2,0,-698856,1.04848e+08
Ag107_g0u1500,47,107,g0u1500,M5,3,2,1,-694216,1.04852e+08
Ag107_g0u1500,47,107,g0u1500,N6,4,3,0,-390400,1.05156e+08
Ag107_g0u1500,47,107,g0u1500,N7,4,3,1,-389432,1.05157e+08
Ag107_g0u1500,47,107,g0u1500,O8,5,4,0,-249172,1.05297e+08
Ag107_g0u1500,47,107,g0u1500,O9,5,4,1,-248876,1.05298e+08
Ag107_g0u1500,47,107,g0u1500,P10,6,5,0,-172801,1.05374e+08
Ag107_g0u1500,47,107,g0u1500,P11,6,5,1,-172687,1.05374e+08
Ag107_g0u1500,47,107,g0u1500,Q12,7,6,0,-126861,1.0542e+08
Ag107_g0u1500,47,107,g0u1500,Q13,7,6,1,-126810,1.0542e+08
Ag107_g0u1500,47,107,g0u1500,R14,8,7,0,-97085.2,1.05449e+08
Ag107_g0u1500,47,107,g0u1500,R15,8,7,1,-97059.7,1.05449e+08
Ag107_g0u1600,47,107,g0u1600,K1,1,0,1,-4.74637e+06,1.008e+08
Ag107_g0u1600,47,107,g0u1600,L2,2,1,0,-1.60043e+06,1.03946e+08
Ag107_g0u1600,47,107,g0u1600,L3,2,1,1,-1.56335e+06,1.03983e+08
Ag107_g0u1600,47,107,g0u1600,M4,3,2,0,-698856,1.04848e+08
Ag107_g0u1600,47,107,g0u1600,M5,3,2,1,-694216,1.04852e+08
Ag107_g0u1600,47,107,g0u1600,N6,4,3,0,-390400,1.05156e+08
Ag107_g0u1600,47,107,g0u1600,N7,4,3,1,-389432,1.05157e+08
Ag107_g0u1600,47,107,g0u1600,O8,5,4,0,-249172,1.05297e+08
Ag107_g0u1600,47,107,g0u1600,O9,5,4,1,-248876,1.05298e+08
Ag107_g0u1600,47,107,g0u1600,P10,6,5,0,-172801,1.05374e+08
Ag107_g0u1600,47,107,g0u1600,P11,6,5,1,-172687,1.05374e+08
Ag107_g0u1600,47,107,g0u1600,Q12,7,6,0,-126861,1.0542e+08
Ag107_g0u1600,47,107,g0u1600,Q13,7,6,1,-126810,1.0542e+08
Ag107_g0u1600,47,107,g0u1600,R14,8,7,0,-97085.2,1.05449e+08
Ag107_g0u1600,47,107,g0u1600,R15,8,7,1,-97059.7,1.05449e+08
Ag107_g0u1700,47,107,g0u1700,K1,1,0,1,-4.74614e+06,1.008e+08
Ag107_g0u1700,47,107,g0u1700,L2,2,1,0,-1.60041e+06,1.03946e+08
Ag107_g0u1700,47,107,g0u1700,L3,2,1,1,-1.56334e+06,1.03983e+08
Ag107_g0u1700,47,107,g0u1700,M4,3,2,0,-698856,1.04848e+08
Ag107_g0u1700,47,107,g0u1700,M5,3,2,1,-694215,1.04852e+08
Ag107_g0u1700,47,107,g0u1700,N6,4,3,0,-390400,1.05156e+08
Ag107_g0u1700,47,107,g0u1700,N7,4,3,1,-389432,1.05157e+08
Ag107_g0u1700,47,107,g0u1700,O8,5,4,0,-249172,1.05297e+08
Ag107_g0u1700,47,107,g0u1700,O9,5,4,1,-248876,1.05298e+08
Ag107_g0u1700,47,107,g0u1700,P10,6,5,0,-172801,1.05374e+08
Ag107_g0u1700,47,107,g0u1700,P11,6,5,1,-172687,1.05374e+08
Ag107_g0u1700,47,107,g0u1700,Q12,7,6,0,-126861,1.0542e+08
Ag107_g0u1700,47,107,g0u1700,Q13,7,6,1,-126810,1.0542e+08
Ag107_g0u1700,47,107,g0u1700,R14,8,7,0,-97085.2,1.05449e+08
Ag107_g0u1700,47,107,g0u1700,R15,8,7,1,-97059.7,1.05449e+08
Ag107_g0u1800,47,107,g0u1800,K1,1,0,1,-4.73591e+06,1.0081e+08
Ag107_g0u1800,47,107,g0u1800,L2,2,1,0,-1.5998e+06,1.03947e+08
Ag107_g0u1800,47,107,g0u1800,L3,2,1,1,-1.56288e+06,1.03984e+08
Ag107_g0u1800,47,107,g0u1800,M4,3,2,0,-698853,1.04848e+08
Ag107_g0u1800,47,107,g0u1800,M5,3,2,1,-694214,1.04852e+08
Ag107_g0u1800,47,107,g0u1800,N6,4,3,0,-390400,1.05156e+08
Ag107_g0u1800,47,107,g0u1800,N7,4,3,1,-389432,1.05157e+08
Ag107_g0u1800,47,107,g0u1800,O8,5,4,0,-249172,1.05297e+08
Ag107_g0u1800,47,107,g0u1800,O9,5,4,1,-248876,1.05298e+08
Ag107_g0u1800,47,107,g0u1800,P10,6,5,0,-172801,1.05374e+08
Ag107_g0u1800,47,107,g0u1800,P11,6,5,1,-172687,1.05374e+08
Ag107_g0u1800,47,107,g0u1800,Q12,7,6,0,-126861,1.0542e+08
Ag107_g0u1800,47,107,g0u1800,Q13,7,6,1,-126810,1.0542e+08
Ag107_g0u1800,47,107,g0u1800,R14,8,7,0,-97085.2,1.05449e+08
Ag107_g0u1800,47,107,g0u1800,R15,8,7,1,-97059.7,1.05449e+08
Ag107_g2u1000,47,107,g2u1000,K1,1,0,1,-4.74643e+06,1.008e+08
Ag107_g2u1000,47,107,g2u1000,L2,2,1,0,-1.60043e+06,1.03946e+08
Ag107_g2u1000,47,107,g2u1000,L3,2,1,1,-1.56335e+06,1.03983e+08
Ag107_g2u1000,47,107,g2u1000,M4,3,2,0,-698856,1.04848e+08
Ag107_g2u1000,47,107,g2u1000,M5,3,2,1,-694216,1.04852e+08
Ag107_g2u1000,47,107,g2u1000,N6,4,3,0,-390400,1.05156e+08
Ag107_g2u1000,47,107,g2u1000,N7,4,3,1,-389432,1.05157e+08
Ag107_g2u1000,47,107,g2u1000,O8,5,4,0,-249172,1.05297e+08
Ag107_g2u1000,47,107,g2u1000,O9,5,4,1,-248876,1.05298e+08
Ag107_g2u1000,47,107,g2u1000,P10,6,5,0,-172801,1.05374e+08
Ag107_g2u1000,47,107,g2u1000,P11,6,5,1,-172687,1.05374e+08
Ag107_g2u1000,47,107,g2u1000,Q12,7,6,0,-126861,1.0542e+08
Ag107_g2u1000,47,107,g2u1000,Q13,7,6,1,-126810,1.0542e+08
Ag107_g2u1000,47,107,g2u1000,R14,8,7,0,-97085.2,1.05449e+08
Ag107_g2u1000,47,107,g2u1000,R15,8,7,1,-97059.7,1.05449e+08
In115_g0u0050,49,115,g0u0050,K1,1,0,1,-5.06359e+06,1.00491e+08
In115_g0u0050,49,115,g0u0050,L2,2,1,0,-1.74139e+06,1.03813e+08
In115_g0u0050,49,115,g0u0050,L3,2,1,1,-1.69873e+06,1.03855e+08
In115_g0u0050,49,115,g0u0050,M4,3,2,0,-760386,1.04794e+08
In115_g0u0050,49,115,g0u0050,M5,3,2,1,-754897,1.04799e+08
In115_g0u0050,49,115,g0u0050,N6,4,3,0,-424557,1.0513e+08
In115_g0u0050,49,115,g0u0050,N7,4,3,1,-423413,1.05131e+08
In115_g0u0050,49,115,g0u0050,O8,5,4,0,-270921,1.05283e+08
In115_g0u0050,49,115,g0u0050,O9,5,4,1,-270572,1.05284e+08
In115_g0u0050,49,115,g0u0050,P10,6,5,0,-187866,1.05366e+08
In115_g0u0050,49,115,g0u0050,P11,6,5,1,-187732,1.05366e+08
In115_g0u0050,49,115,g0u0050,Q12,7,6,0,-137913,1.05416e+08
In115_g0u0050,49,115,g0u0050,Q13,7,6,1,-137853,1.05416e+08
In115_g0u0050,49,115,g0u0050,R14,8,7,0,-105540,1.05449e+08
In115_g0u0050,49,115,g0u0050,R15,8,7,1,-105510,1.05449e+08
In115_g0u0100,49,115,g0u0100,K1,1,0,1,-5.06397e+06,1.0049e+08
In115_g0u0100,49,115,g0u0100,L2,2,1,0,-1.7414e+06,1.03813e+08
In115_g0u0100,49,115,g0u0100,L3,2,1,1,-1.69874e+06,1.03855e+08
In115_g0u0100,49,115,g0u0100,M4,3,2,0,-760387,1.04794e+08
In115_g0u0100,49,115,g0u0100,M5,3,2,1,-754899,1.04799e+08
In115_g0u0100,49,115,g0u0100,N6,4,3,0,-424558,1.0513e+08
In115_g0u0100,49,115,g0u0100,N7,4,3,1,-423414,1.05131e+08
In115_g0u0100,49,115,g0u0100,O8,5,4,0,-270921,1.05283e+08
In115_g0u0100,49,115,g0u0100,O9,5,4,1,-270572,1.05284e+08
In115_g0u0100,49,115,g0u0100,P10,6,5,0,-187867,1.05366e+08
In115_g0u0100,49,115,g0u0100,P11,6,5,1,-187732,1.05366e+08
In115_g0u0100,49,115,g0u0100,Q12,7,6,0,-137913,1.05416e+08
In115_g0u0100,49,115,g0u0100,Q13,7,6,1,-137853,1.05416e+08
In115_g0u0100,49,115,g0u0100,R14,8,7,0,-105540,1.05449e+08
In115_g0u0100,49,115,g0u0100,R15,8,7,1,-105510,1.05449e+08
In115_g0u0150,49,115,g0u0150,K1,1,0,1,-5.06404e+06,1.0049e+08
In115_g0u0150,49,115,g0u0150,L2,2,1,0,-1.74141e+06,1.03813e+08
In115_g0u0150,49,115,g0u0150,L3,2,1,1,-1.69874e+06,1.03855e+08
In115_g0u0150,49,115,g0u0150,M4,3,2,0,-760388,1.04794e+08
In115_g0u0150,49,115,g0u0150,M5,3,2,1,-754899,1.04799e+08
In115_g0u0150,49,115,g0u0150,N6,4,3,0,-424558,1.0513e+08
In115_g0u0150,49,115,g0u0150,N7,4,3,1,-423414,1.05131e+08
In115_g0u0150,49,115,g0u0150,O8,5,4,0,-270921,1.05283e+08
In115_g0u0150,49,115,g0u0150,O9,5,4,1,-270572,1.05284e+08
In115_g0u0150,49,115,g0u0150,P10,6,5,0,-187867,1.05366e+08
In115_g0u0150,49,115,g0u0150,P11,6,5,1,-187732,1.05366e+08
In115_g0u0150,49,115,g0u0150,Q12,7,6,0,-137913,1.05416e+08
In115_g0u0150,49,115,g0u0150,Q13,7,6,1,-137853,1.05416e+08
In115_g0u0150,49,115,g0u0150,R14,8,7,0,-105540,1.05449e+08
In115_g0u0150,49,115,g0u0150,R15,8,7,1,-105510,1.05449e+08
In115_g0u0200,49,115,g0u0200,K1,1,0,1,-5.06406e+06,1.0049e+08
In115_g0u0200,49,115,g0u0200,L2,2,1,0,-1.74141e+06,1.03813e+08
In115_g0u0200,49,115,g0u0200,L3,2,1,1,-1.69874e+06,1.03855e+08
In115_g0u0200,49,115,g0u0200,M4,3,2,0,-760388,1.04794e+08
In115_g0u0200,49,115,g0u0200,M5,3,2,1,-754899,1.04799e+08
In115_g0u0200,49,115,g0u0200,N6,4,3,0,-424558,1.0513e+08
In115_g0u0200,49,115,g0u0200,N7,4,3,1,-423414,1.05131e+08
In115_g0u0200,49,115,g0u0200,O8,5,4,0,-270921,1.05283e+08
In115_g0u0200,49,115,g0u0200,O9,5,4,1,-270572,1.05284e+08
In115_g0u0200,49,115,g0u0200,P10,6,5,0,-187867,1.05366e+08
In115_g0u0200,49,115,g0u0200,P11,6,5,1,-187732,1.05366e+08
In115_g0u0200,49,115,g0u0200,Q12,7,6,0,-137913,1.05416e+08
In115_g0u0200,49,115,g0u0200,Q13,7,6,1,-137853,1.05416e+08
In115_g0u0200,49,115,g0u0200,R14,8,7,0,-105540,1.05449e+08
In115_g0u0200,49,115,g0u0200,R15,8,7,1,-105510,1.05449e+08
In115_g0u0250,49,115,g0u0250,K1,1,0,1,-5.06407e+06,1.0049e+08
In115_g0u0250,49,115,g0u0250,L2,2,1,0,-1.74141e+06,1.03813e+08
In115_g0u0250,49,115,g0u0250,L3,2,1,1,-1.69874e+06,1.03855e+08
In115_g0u0250,49,115,g0u0250,M4,3,2,0,-760388,1.04794e+08
In115_g0u0250,49,115,g0u0250,M5,3,2,1,-754900,1.04799e+08
In115_g0u0250,49,115,g0u0250,N6,4,3,0,-424559,1.0513e+08
In115_g0u0250,49,115,g0u0250,N7,4,3,1,-423414,1.05131e+08
In115_g0u0250,49,115,g0u0250,O8,5,4,0,-270921,1.05283e+08
In115_g0u0250,49,115,g0u0250,O9,5,4,1,-270572,1.05284e+08
In115_g0u0250,49,115,g0u0250,P10,6,5,0,-187867,1.05366e+08
In115_g0u0250,49,115,g0u0250,P11,6,5,1,-187732,1.05366e+08
In115_g0u0250,49,115,g0u0250,Q12,7,6,0,-137913,1.05416e+08
In115_g0u0250,49,115,g0u0250,Q13,7,6,1,-137853,1.05416e+08
In115_g0u0250,49,115,g0u0250,R14,8,7,0,-105540,1.05449e+08
In115_g0u0250,49,115,g0u0250,R15,8,7,1,-105510,1.05449e+08
In115_g0u0300,49,115,g0u0300,K1,1,0,1,-5.06408e+06,1.0049e+08
In115_g0u0300,49,115,g0u0300,L2,2,1,0,-1.74141e+06,1.03813e+08
In115_g0u0300,49,115,g0u0300,L3,2,1,1,-1.69874e+06,1.03855e+08
In115_g0u0300,49,115,g0u0300,M4,3,2,0,-760388,1.04794e+08
In115_g0u0300,49,115,g0u0300,M5,3,2,1,-754900,1.04799e+08
In115_g0u0300,49,115,g0u0300,N6,4,3,0,-424559,1.0513e+08
In115_g0u0300,49,115,g0u0300,N7,4,3,1,-423414,1.05131e+08
In115_g0u0300,49,115,g0u0300,O8,5,4,0,-270921,1.05283e+08
In115_g0u0300,49,115,g0u0300,O9,5,4,1,-270572,1.05284e+08
In115_g0u0300,49,115,g0u0300,P10,6,5,0,-187867,1.05366e+08
In115_g0u0300,49,115,g0u0300,P11,6,5,1,-187732,1.05366e+08
In115_g0u0300,49,115,g0u0300,Q12,7,6,0,-137913,1.05416e+08
In115_g0u0300,49,115,g0u0300,Q13,7,6,1,-137853,1.05416e+08
In115_g0u0300,49,115,g0u0300,R14,8,7,0,-105540,1.05449e+08
In115_g0u0300,49,115,g0u0300,R15,8,7,1,-105510,1.05449e+08
In115_g0u0350,49,115,g0u0350,K1,1,0,1,-5.06408e+06,1.0049e+08
In115_g0u0350,49,115,g0u0350,L2,2,1,0,-1.74141e+06,1.03813e+08
In115_g0u0350,49,115,g0u0350,L3,2,1,1,-1.69874e+06,1.03855e+08
In115_g0u0350,49,115,g0u0350,M4,3,2,0,-760388,1.04794e+08
In115_g0u0350,49,115,g0u0350,M5,3,2,1,-754900,1.04799e+08
In115_g0u0350,49,115,g0u0350,N6,4,3,0,-424559,1.0513e+08
In115_g0u0350,49,115,g0u0350,N7,4,3,1,-423414,1.05131e+08
In115_g0u0350,49,115,g0u0350,O8,5,4,0,-270922,1.05283e+08
In115_g0u0350,49,115,g0u0350,O9,5,4,1,-270572,1.05284e+08
In115_g0u0350,49,115,g0u0350,P10,6,5,0,-187867,1.05366e+08
In115_g0u0350,49,115,g0u0350,P11,6,5,1,-187732,1.05366e+08
In115_g0u0350,49,115,g0u0350,Q12,7,6,0,-137913,1.05416e+08
In115_g0u0350,49,115,g0u0350,Q13,7,6,1,-137853,1.05416e+08
In115_g0u0350,49,115,g0u0350,R14,8,7,0,-105540,1.05449e+08
In115_g0u0350,49,115,g0u0350,R15,8,7,1,-105510,1.05449e+08
In115_g0u0400,49,115,g0u0400,K1,1,0,1,-5.06408e+06,1.0049e+08
In115_g0u0400,49,115,g0u0400,L2,2,1,0,-1.74141e+06,1.03813e+08
In115_g0u0400,49,115,g0u0400,L3,2,1,1,-1.69874e+06,1.03855e+08
In115_g0u0400,49,115,g0u0400,M4,3,2,0,-760388,1.04794e+08
In115_g0u0400,49,115,g0u0400,M5,3,2,1,-754900,1.04799e+08
In115_g0u0400,49,115,g0u0400,N6,4,3,0,-424559,1.0513e+08
In115_g0u0400,49,115,g0u0400,N7,4,3,1,-423414,1.05131e+08
In115_g0u0400,49,115,g0u0400,O8,5,4,0,-270922,1.05283e+08
In115_g0u0400,49,115,g0u0400,O9,5,4,1,-270572,1.05284e+08
In115_g0u0400,49,115,g0u0400,P10,6,5,0,-187867,1.05366e+08
In115_g0u0400,49,115,g0u0400,P11,6,5,1,-187732,1.05366e+08
In115_g0u0400,49,115,g0u0400,Q12,7,6,0,-137913,1.05416e+08
In115_g0u0400,49,115,g0u0400,Q13,7,6,1,-137853,1.05416e+08
In115_g0u0400,49,115,g0u0400,R14,8,7,0,-105540,1.05449e+08
In115_g0u0400,49,115,g0u0400,R15,8,7,1,-105510,1.05449e+08
In115_g0u0450,49,115,g0u0450,K1,1,0,1,-5.06409e+06,1.0049e+08
In115_g0u0450,49,115,g0u0450,L2,2,1,0,-1.74141e+06,1.03813e+08
In115_g0u0450,49,115,g0u0450,L3,2,1,1,-1.69874e+06,1.03855e+08
In115_g0u0450,49,115,g0u0450,M4,3,2,0,-760388,1.04794e+08
In115_g0u0450,49,115,g0u0450,M5,3,2,1,-754900,1.04799e+08
In115_g0u0450,49,115,g0u0450,N6,4,3,0,-424559,1.0513e+08
In115_g0u0450,49,115,g0u0450,N7,4,3,1,-423414,1.05131e+08
In115_g0u0450,49,115,g0u0450,O8,5,4,0,-270922,1.05283e+08
In115_g0u0450,49,115,g0u0450,O9,5,4,1,-270572,1.05284e+08
In115_g0u0450,49,115,g0u0450,P10,6,5,0,-187867,1.05366e+08
In115_g0u0450,49,115,g0u0450,P11,6,5,1,-187732,1.05366e+08
In115_g0u0450,49,115,g0u0450,Q12,7,6,0,-137913,1.05416e+08
In115_g0u0450,49,115,g0u0450,Q13,7,6,1,-137853,1.05416e+08
In115_g0u0450,49,115,g0u0450,R14,8,7,0,-105540,1.05449e+08
In115_g0u0450,49,115,g0u0450,R15,8,7,1,-105510,1.05449e+08
In115_g0u0500,49,115,g0u0500,K1,1,0,1,-5.06409e+06,1.0049e+08
In115_g0u0500,49,115,g0u0500,L2,2,1,0,-1.74141e+06,1.03813e+08
In115_g0u0500,49,115,g0u0500,L3,2,1,1,-1.69874e+06,1.03855e+08
In115_g0u0500,49,115,g0u0500,M4,3,2,0,-760388,1.04794e+08
In115_g0u0500,49,115,g0u0500,M5,3,2,1,-754900,1.04799e+08
In115_g0u0500,49,115,g0u0500,N6,4,3,0,-424559,1.0513e+08
In115_g0u0500,49,115,g0u0500,N7,4,3,1,-423414,1.05131e+08
In115_g0u0500,49,115,g0u0500,O8,5,4,0,-270922,1.05283e+08
In115_g0u0500,49,115,g0u0500,O9,5,4,1,-270572,1.05284e+08
In115_g0u0500,49,115,g0u0500,P10,6,5,0,-187867,1.05366e+08
In115_g0u0500,49,115,g0u0500,P11,6,5,1,-187732,1.05366e+08
In115_g0u0500,49,115,g0u0500,Q12,7,6,0,-137913,1.05416e+08
In115_g0u0500,49,115,g0u0500,Q13,7,6,1,-137853,1.05416e+08
In115_g0u0500,49,115,g0u0500,R14,8,7,0,-105540,1.05449e+08
In115_g0u0500,49,115,g0u0500,R15,8,7,1,-105510,1.05449e+08
In115_g0u0550,49,115,g0u0550,K1,1,0,1,-5.06409e+06,1.0049e+08
In115_g0u0550,49,115,g0u0550,L2,2,1,0,-1.74141e+06,1.03813e+08
In115_g0u0550,49,115,g0u0550,L3,2,1,1,-1.69874e+06,1.03855e+08
In115_g0u0550,49,115,g0u0550,M4,3,2,0,-760388,1.04794e+08
In115_g0u0550,49,115,g0u0550,M5,3,2,1,-754900,1.04799e+08
In115_g0u0550,49,115,g0u0550,N6,4,3,0,-424559,1.0513e+08
In115_g0u0550,49,115,g0u0550,N7,4,3,1,-423414,1.05131e+08
In115_g0u0550,49,115,g0u0550,O8,5,4,0,-270922,1.05283e+08
In115_g0u0550,49,115,g0u0550,O9,5,4,1,-270572,1.05284e+08
In115_g0u0550,49,115,g0u0550,P10,6,5,0,-187867,1.05366e+08
In115_g0u0550,49,115,g0u0550,P11,6,5,1,-187732,1.05366e+08
In115_g0u0550,49,115,g0u0550,Q12,7,6,0,-137913,1.05416e+08
In115_g0u0550,49,115,g0u0550,Q13,7,6,1,-137853,1.05416e+08
In115_g0u0550,49,115,g0u0550,R14,8,7,0,-105540,1.05449e+08
In115_g0u0550,49,115,g0u0550,R15,8,7,1,-105510,1.05449e+08
In115_g0u0600,49,115,g0u0600,K1,1,0,1,-5.06409e+06,1.0049e+08
In115_g0u0600,49,115,g0u0600,L2,2,1,0,-1.74141e+06,1.03813e+08
In115_g0u0600,49,115,g0u0600,L3,2,1,1,-1.69874e+06,1.03855e+08
In115_g0u0600,49,115,g0u0600,M4,3,2,0,-760388,1.04794e+08
In115_g0u0600,49,115,g0u0600,M5,3,2,1,-754900,1.04799e+08
In115_g0u0600,49,115,g0u0600,N6,4,3,0,-424559,1.0513e+08
In115_g0u0600,49,115,g0u0600,N7,4,3,1,-423414,1.05131e+08
In115_g0u0600,49,115,g0u0600,O8,5,4,0,-270922,1.05283e+08
In115_g0u0600,49,115,g0u0600,O9,5,4,1,-270572,1.05284e+08
In115_g0u0600,49,115,g0u0600,P10,6,5,0,-187867,1.05366e+08
In115_g0u0600,49,115,g0u0600,P11,6,5,1,-187732,1.05366e+08
In115_g0u0600,49,115,g0u0600,Q12,7,6,0,-137913,1.05416e+08
In115_g0u0600,49,115,g0u0600,Q13,7,6,1,-137853,1.05416e+08
In115_g0u0600,49,115,g0u0600,R14,8,7,0,-105540,1.05449e+08
In115_g0u0600,49,115,g0u0600,R15,8,7,1,-105510,1.05449e+08
In115_g0u0700,49,115,g0u0700,K1,1,0,1,-5.06409e+06,1.0049e+08
In115_g0u0700,49,115,g0u0700,L2,2,1,0,-1.74141e+06,1.03813e+08
In115_g0u0700,49,115,g0u0700,L3,2,1,1,-1.69874e+06,1.03855e+08
In115_g0u0700,49,115,g0u0700,M4,3,2,0,-760388,1.04794e+08
In115_g0u0700,49,115,g0u0700,M5,3,2,1,-754900,1.04799e+08
In115_g0u0700,49,115,g0u0700,N6,4,3,0,-424559,1.0513e+08
In115_g0u0700,49,115,g0u0700,N7,4,3,1,-423414,1.05131e+08
In115_g0u0700,49,115,g0u0700,O8,5,4,0,-270922,1.05283e+08
In115_g0u0700,49,115,g0u0700,O9,5,4,1,-270572,1.05284e+08
In115_g0u0700,49,115,g0u0700,P10,6,5,0,-187867,1.05366e+08
In115_g0u0700,49,115,g0u0700,P11,6,5,1,-187732,1.05366e+08
In115_g0u0700,49,115,g0u0700,Q12,7,6,0,-137913,1.05416e+08
In115_g0u0700,49,115,g0u0700,Q13,7,6,1,-137853,1.05416e+08
In115_g0u0700,49,115,g0u0700,R14,8,7,0,-105540,1.05449e+08
In115_g0u0700,49,115,g0u0700,R15,8,7,1,-105510,1.05449e+08
In115_g0u0800,49,115,g0u0800,K1,1,0,1,-5.06409e+06,1.0049e+08
In115_g0u0800,49,115,g0u0800,L2,2,1,0,-1.74141e+06,1.03813e+08
In115_g0u0800,49,115,g0u0800,L3,2,1,1,-1.69874e+06,1.03855e+08
In115_g0u0800,49,115,g0u0800,M4,3,2,0,-760388,1.04794e+08
In115_g0u0800,49,115,g0u0800,M5,3,2,1,-754900,1.04799e+08
In115_g0u0800,49,115,g0u0800,N6,4,3,0,-424559,1.0513e+08
In115_g0u0800,49,115,g0u0800,N7,4,3,1,-423414,1.05131e+08
In115_g0u0800,49,115,g0u0800,O8,5,4,0,-270922,1.05283e+08
In115_g0u0800,49,115,g0u0800,O9,5,4,1,-270572,1.05284e+08
In115_g0u0800,49,115,g0u0800,P10,6,5,0,-187867,1.05366e+08
In115_g0u0800,49,115,g0u0800,P11,6,5,1,-187732,1.05366e+08
In115_g0u0800,49,115,g0u0800,Q12,7,6,0,-137913,1.05416e+08
In115_g0u0800,49,115,g0u0800,Q13,7,6,1,-137853,1.05416e+08
In115_g0u0800,49,115,g0u0800,R14,8,7,0,-105540,1.05449e+08
In115_g0u0800,49,115,g0u0800,R15,8,7,1,-105510,1.05449e+08
In115_g0u0900,49,115,g0u0900,K1,1,0,1,-5.06409e+06,1.0049e+08
In115_g0u0900,49,115,g0u0900,L2,2,1,0,-1.74141e+06,1.03813e+08
In115_g0u0900,49,115,g0u0900,L3,2,1,1,-1.69874e+06,1.03855e+08
In115_g0u0900,49,115,g0u0900,M4,3,2,0,-760388,1.04794e+08
In115_g0u0900,49,115,g0u0900,M5,3,2,1,-754900,1.04799e+08
In115_g0u0900,49,115,g0u0900,N6,4,3,0,-424559,1.0513e+08
In115_g0u0900,49,115,g0u0900,N7,4,3,1,-423414,1.05131e+08
In115_g0u0900,49,115,g0u0900,O8,5,4,0,-270922,1.05283e+08
In115_g0u0900,49,115,g0u0900,O9,5,4,1,-270572,1.05284e+08
In115_g0u0900,49,115,g0u0900,P10,6,5,0,-187867,1.05366e+08
In115_g0u0900,49,115,g0u0900,P11,6,5,1,-187732,1.05366e+08
In115_g0u0900,49,115,g0u0900,Q12,7,6,0,-137913,1.05416e+08
In115_g0u0900,49,115,g0u0900,Q13,7,6,1,-137853,1.05416e+08
In115_g0u0900,49,115,g0u0900,R14,8,7,0,-105540,1.05449e+08
In115_g0u0900,49,115,g0u0900,R15,8,7,1,-105510,1.05449e+08
In115_g0u1000,49,115,g0u1000,K1,1,0,1,-5.06409e+06,1.0049e+08
In115_g0u1000,49,115,g0u1000,L2,2,1,0,-1.74141e+06,1.03813e+08
In115_g0u1000,49,115,g0u1000,L3,2,1,1,-1.69874e+06,1.03855e+08
In115_g0u1000,49,115,g0u1000,M4,3,2,0,-760388,1.04794e+08
In115_g0u1000,49,115,g0u1000,M5,3,2,1,-754900,1.04799e+08
In115_g0u1000,49,115,g0u1000,N6,4,3,0,-424559,1.0513e+08
In115_g0u1000,49,115,g0u1000,N7,4,3,1,-423414,1.05131e+08
In115_g0u1000,49,115,g0u1000,O8,5,4,0,-270922,1.05283e+08
In115_g0u1000,49,115,g0u1000,O9,5,4,1,-270572,1.05284e+08
In115_g0u1000,49,115,g0u1000,P10,6,5,0,-187867,1.05366e+08
In115_g0u1000,49,115,g0u1000,P11,6,5,1,-187732,1.05366e+08
In115_g0u1000,49,115,g0u1000,Q12,7,6,0,-137913,1.05416e+08
In115_g0u1000,49,115,g0u1000,Q13,7,6,1,-137853,1.05416e+08
In115_g0u1000,49,115,g0u1000,R14,8,7,0,-105540,1.05449e+08
In115_g0u1000,49,115,g0u1000,R15,8,7,1,-105510,1.05449e+08
In115_g0u1100,49,115,g0u1100,K1,1,0,1,-5.06409e+06,1.0049e+08
In115_g0u1100,49,115,g0u1100,L2,2,1,0,-1.74141e+06,1.03813e+08
In115_g0u1100,49,115,g0u1100,L3,2,1,1,-1.69874e+06,1.03855e+08
In115_g0u1100,49,115,g0u1100,M4,3,2,0,-760388,1.04794e+08
In115_g0u1100,49,115,g0u1100,M5,3,2,1,-754900,1.04799e+08
In115_g0u1100,49,115,g0u1100,N6,4,3,0,-424559,1.0513e+08
In115_g0u1100,49,115,g0u1100,N7,4,3,1,-423414,1.05131e+08
In115_g0u1100,49,115,g0u1100,O8,5,4,0,-270922,1.05283e+08
In115_g0u1100,49,115,g0u1100,O9,5,4,1,-270572,1.05284e+08
In115_g0u1100,49,115,g0u1100,P10,6,5,0,-187867,1.05366e+08
In115_g0u1100,49,115,g0u1100,P11,6,5,1,-187732,1.05366e+08
In115_g0u1100,49,115,g0u1100,Q12,7,6,0,-137913,1.05416e+08
In115_g0u1100,49,115,g0u1100,Q13,7,6,1,-137853,1.05416e+08
In115_g0u1100,49,115,g0u1100,R14,8,7,0,-105540,1.05449e+08
In115_g0u1100,49,115,g0u1100,R15,8,7,1,-105510,1.05449e+08
In115_g0u1200,49,115,g0u1200,K1,1,0,1,-5.06409e+06,1.0049e+08
In115_g0u1200,49,115,g0u1200,L2,2,1,0,-1.74141e+06,1.03813e+08
In115_g0u1200,49,115,g0u1200,L3,2,1,1,-1.69874e+06,1.03855e+08
In115_g0u1200,49,115,g0u1200,M4,3,2,0,-760388,1.04794e+08
In115_g0u1200,49,115,g0u1200,M5,3,2,1,-754900,1.04799e+08
In115_g0u1200,49,115,g0u1200,N6,4,3,0,-424559,1.0513e+08
In115_g0u1200,49,115,g0u1200,N7,4,3,1,-423414,1.05131e+08
In115_g0u1200,49,115,g0u1200,O8,5,4,0,-270922,1.05283e+08
In115_g0u1200,49,115,g0u1200,O9,5,4,1,-270572,1.05284e+08
In115_g0u1200,49,115,g0u1200,P10,6,5,0,-187867,1.05366e+08
In115_g0u1200,49,115,g0u1200,P11,6,5,1,-187732,1.05366e+08
In115_g0u1200,49,115,g0u1200,Q12,7,6,0,-137913,1.05416e+08
In115_g0u1200,49,115,g0u1200,Q13,7,6,1,-137853,1.05416e+08
In115_g0u1200,49,115,g0u1200,R14,8,7,0,-105540,1.05449e+08
In115_g0u1200,49,115,g0u1200,R15,8,7,1,-105510,1.05449e+08
In115_g0u1300,49,115,g0u1300,K1,1,0,1,-5.06409e+06,1.0049e+08
In115_g0u1300,49,115,g0u1300,L2,2,1,0,-1.74141e+06,1.03813e+08
In115_g0u1300,49,115,g0u1300,L3,2,1,1,-1.69874e+06,1.03855e+08
In115_g0u1300,49,115,g0u1300,M4,3,2,0,-760388,1.04794e+08
In115_g0u1300,49,115,g0u1300,M5,3,2,1,-754900,1.04799e+08
In115_g0u1300,49,115,g0u1300,N6,4,3,0,-424559,1.0513e+08
In115_g0u1300,49,115,g0u1300,N7,4,3,1,-423414,1.05131e+08
In115_g0u1300,49,115,g0u1300,O8,5,4,0,-270922,1.05283e+08
In115_g0u1300,49,115,g0u1300,O9,5,4,1,-270572,1.05284e+08
In115_g0u1300,49,115,g0u1300,P10,6,5,0,-187867,1.05366e+08
In115_g0u1300,49,115,g0u1300,P11,6,5,1,-187732,1.05366e+08
In115_g0u1300,49,115,g0u1300,Q12,7,6,0,-137913,1.05416e+08
In115_g0u1300,49,115,g0u1300,Q13,7,6,1,-137853,1.05416e+08
In115_g0u1300,49,115,g0u1300,R14,8,7,0,-105540,1.05449e+08
In115_g0u1300,49,115,g0u1300,R15,8,7,1,-105510,1.05449e+08
In115_g0u1400,49,115,g0u1400,K1,1,0,1,-5.06409e+06,1.0049e+08
In115_g0u1400,49,115,g0u1400,L2,2,1,0,-1.74141e+06,1.03813e+08
In115_g0u1400,49,115,g0u1400,L3,2,1,1,-1.69874e+06,1.03855e+08
In115_g0u1400,49,115,g0u1400,M4,3,2,0,-760388,1.04794e+08
In115_g0u1400,49,115,g0u1400,M5,3,2,1,-754900,1.04799e+08
In115_g0u1400,49,115,g0u1400,N6,4,3,0,-424559,1.0513e+08
In115_g0u1400,49,115,g0u1400,N7,4,3,1,-423414,1.05131e+08
In115_g0u1400,49,115,g0u1400,O8,5,4,0,-270922,1.05283e+08
In115_g0u1400,49,115,g0u1400,O9,5,4,1,-270572,1.05284e+08
In115_g0u1400,49,115,g0u1400,P10,6,5,0,-187867,1.05366e+08
In115_g0u1400,49,115,g0u1400,P11,6,5,1,-187732,1.05366e+08
In115_g0u1400,49,115,g0u1400,Q12,7,6,0,-137913,1.05416e+08
In115_g0u1400,49,115,g0u1400,Q13,7,6,1,-137853,1.05416e+08
In115_g0u1400,49,115,g0u1400,R14,8,7,0,-105540,1.05449e+08
In115_g0u1400,49,115,g0u1400,R15,8,7,1,-105510,1.05449e+08
In115_g0u1500,49,115,g0u1500,K1,1,0,1,-5.06408e+06,1.0049e+08
In115_g0u1500,49,115,g0u1500,L2,2,1,0,-1.74141e+06,1.03813e+08
In115_g0u1500,49,115,g0u1500,L3,2,1,1,-1.69874e+06,1.03855e+08
In115_g0u1500,49,115,g0u1500,M4,3,2,0,-760388,1.04794e+08
In115_g0u1500,49,115,g0u1500,M5,3,2,1,-754900,1.04799e+08
In115_g0u1500,49,115,g0u1500,N6,4,3,0,-424559,1.0513e+08
In115_g0u1500,49,115,g0u1500,N7,4,3,1,-423414,1.05131e+08
In115_g0u1500,49,115,g0u1500,O8,5,4,0,-270922,1.05283e+08
In115_g0u1500,49,115,g0u1500,O9,5,4,1,-270572,1.05284e+08
In115_g0u1500,49,115,g0u1500,P10,6,5,0,-187867,1.05366e+08
In115_g0u1500,49,115,g0u1500,P11,6,5,1,-187732,1.05366e+08
In115_g0u1500,49,115,g0u1500,Q12,7,6,0,-137913,1.05416e+08
In115_g0u1500,49,115,g0u1500,Q13,7,6,1,-137853,1.05416e+08
In115_g0u1500,49,115,g0u1500,R14,8,7,0,-105540,1.05449e+08
In115_g0u1500,49,115,g0u1500,R15,8,7,1,-105510,1.05449e+08
In115_g0u1600,49,115,g0u1600,K1,1,0,1,-5.06419e+06,1.0049e+08
In115_g0u1600,49,115,g0u1600,L2,2,1,0,-1.74142e+06,1.03813e+08
In115_g0u1600,49,115,g0u1600,L3,2,1,1,-1.69875e+06,1.03855e+08
In115_g0u1600,49,115,g0u1600,M4,3,2,0,-760388,1.04794e+08
In115_g0u1600,49,115,g0u1600,M5,3,2,1,-754900,1.04799e+08
In115_g0u1600,49,115,g0u1600,N6,4,3,0,-424559,1.0513e+08
In115_g0u1600,49,115,g0u1600,N7,4,3,1,-423414,1.05131e+08
In115_g0u1600,49,115,g0u1600,O8,5,4,0,-270922,1.05283e+08
In115_g0u1600,49,115,g0u1600,O9,5,4,1,-270572,1.05284e+08
In115_g0u1600,49,115,g0u1600,P10,6,5,0,-187867,1.05366e+08
In115_g0u1600,49,115,g0u1600,P11,6,5,1,-187732,1.05366e+08
In115_g0u1600,49,115,g0u1600,Q12,7,6,0,-137913,1.05416e+08
In115_g0u1600,49,115,g0u1600,Q13,7,6,1,-137853,1.05416e+08
In115_g0u1600,49,115,g0u1600,R14,8,7,0,-105540,1.05449e+08
In115_g0u1600,49,115,g0u1600,R15,8,7,1,-105510,1.05449e+08
In115_g0u1700,49,115,g0u1700,K1,1,0,1,-5.06432e+06,1.0049e+08
In115_g0u1700,49,115,g0u1700,L2,2,1,0,-1.74142e+06,1.03813e+08
In115_g0u1700,49,115,g0u1700,L3,2,1,1,-1.69876e+06,1.03855e+08
In115_g0u1700,49,115,g0u1700,M4,3,2,0,-760388,1.04794e+08
In115_g0u1700,49,115,g0u1700,M5,3,2,1,-754900,1.04799e+08
In115_g0u1700,49,115,g0u1700,N6,4,3,0,-424559,1.0513e+08
In115_g0u1700,49,115,g0u1700,N7,4,3,1,-423414,1.05131e+08
In115_g0u1700,49,115,g0u1700,O8,5,4,0,-270922,1.05283e+08
In115_g0u1700,49,115,g0u1700,O9,5,4,1,-270572,1.05284e+08
In115_g0u1700,49,115,g0u1700,P10,6,5,0,-187867,1.05366e+08
In115_g0u1700,49,115,g0u1700,P11,6,5,1,-187732,1.05366e+08
In115_g0u1700,49,115,g0u1700,Q12,7,6,0,-137913,1.05416e+08
In115_g0u1700,49,115,g0u1700,Q13,7,6,1,-137853,1.05416e+08
In115_g0u1700,49,115,g0u1700,R14,8,7,0,-105540,1.05449e+08
In115_g0u1700,49,115,g0u1700,R15,8,7,1,-105510,1.05449e+08
In115_g0u1800,49,115,g0u1800,K1,1,0,1,-5.093e+06,1.00461e+08
In115_g0u1800,49,115,g0u1800,L2,2,1,0,-1.74355e+06,1.03811e+08
In115_g0u1800,49,115,g0u1800,L3,2,1,1,-1.70038e+06,1.03854e+08
In115_g0u1800,49,115,g0u1800,M4,3,2,0,-760400,1.04794e+08
In115_g0u1800,49,115,g0u1800,M5,3,2,1,-754906,1.04799e+08
In115_g0u1800,49,115,g0u1800,N6,4,3,0,-424559,1.0513e+08
In115_g0u1800,49,115,g0u1800,N7,4,3,1,-423414,1.05131e+08
In115_g0u1800,49,115,g0u1800,O8,5,4,0,-270922,1.05283e+08
In115_g0u1800,49,115,g0u1800,O9,5,4,1,-270572,1.05284e+08
In115_g0u1800,49,115,g0u1800,P10,6,5,0,-187867,1.05366e+08
In115_g0u1800,49,115,g0u1800,P11,6,5,1,-187732,1.05366e+08
In115_g0u1800,49,115,g0u1800,Q12,7,6,0,-137913,1.05416e+08
In115_g0u1800,49,115,g0u1800,Q13,7,6,1,-137853,1.05416e+08
In115_g0u1800,49,115,g0u1800,R14,8,7,0,-105540,1.05449e+08
In115_g0u1800,49,115,g0u1800,R15,8,7,1,-105510,1.05449e+08
In115_g2u1000,49,115,g2u1000,K1,1,0,1,-5.0641e+06,1.0049e+08
In115_g2u1000,49,115,g2u1000,L2,2,1,0,-1.74141e+06,1.03813e+08
In115_g2u1000,49,115,g2u1000,L3,2,1,1,-1.69875e+06,1.03855e+08
In115_g2u1000,49,115,g2u1000,M4,3,2,0,-760388,1.04794e+08
In115_g2u1000,49,115,g2u1000,M5,3,2,1,-754900,1.04799e+08
In115_g2u1000,49,115,g2u1000,N6,4,3,0,-424559,1.0513e+08
In115_g2u1000,49,115,g2u1000,N7,4,3,1,-423414,1.05131e+08
In115_g2u1000,49,115,g2u1000,O8,5,4,0,-270922,1.05283e+08
In115_g2u1000,49,115,g2u1000,O9,5,4,1,-270572,1.05284e+08
In115_g2u1000,49,115,g2u1000,P10,6,5,0,-187867,1.05366e+08
In115_g2u1000,49,115,g2u1000,P11,6,5,1,-187732,1.05366e+08
In115_g2u1000,49,115,g2u1000,Q12,7,6,0,-137913,1.05416e+08
In115_g2u1000,49,115,g2u1000,Q13,7,6,1,-137853,1.05416e+08
In115_g2u1000,49,115,g2u1000,R14,8,7,0,-105540,1.05449e+08
In115_g2u1000,49,115,g2u1000,R15,8,7,1,-105510,1.05449e+08
I127_g0u0050,53,127,g0u0050,K1,1,0,1,-5.70771e+06,9.98563e+07
I127_g0u0050,53,127,g0u0050,L2,2,1,0,-2.04049e+06,1.03524e+08
I127_g0u0050,53,127,g0u0050,L3,2,1,1,-1.98535e+06,1.03579e+08
I127_g0u0050,53,127,g0u0050,M4,3,2,0,-891485,1.04673e+08
I127_g0u0050,53,127,g0u0050,M5,3,2,1,-883957,1.0468e+08
I127_g0u0050,53,127,g0u0050,N6,4,3,0,-497227,1.05067e+08
I127_g0u0050,53,127,g0u0050,N7,4,3,1,-495656,1.05068e+08
I127_g0u0050,53,127,g0u0050,O8,5,4,0,-317165,1.05247e+08
I127_g0u0050,53,127,g0u0050,O9,5,4,1,-316687,1.05247e+08
I127_g0u0050,53,127,g0u0050,P10,6,5,0,-219890,1.05344e+08
I127_g0u0050,53,127,g0u0050,P11,6,5,1,-219706,1.05344e+08
I127_g0u0050,53,127,g0u0050,Q12,7,6,0,-161404,1.05403e+08
I127_g0u0050,53,127,g0u0050,Q13,7,6,1,-161321,1.05403e+08
I127_g0u0050,53,127,g0u0050,R14,8,7,0,-123507,1.05441e+08
I127_g0u0050,53,127,g0u0050,R15,8,7,1,-123466,1.05441e+08
I127_g0u0100,53,127,g0u0100,K1,1,0,1,-5.70815e+06,9.98559e+07
I127_g0u0100,53,127,g0u0100,L2,2,1,0,-2.04052e+06,1.03523e+08
I127_g0u0100,53,127,g0u0100,L3,2,1,1,-1.98537e+06,1.03579e+08
I127_g0u0100,53,127,g0u0100,M4,3,2,0,-891487,1.04673e+08
I127_g0u0100,53,127,g0u0100,M5,3,2,1,-883959,1.0468e+08
I127_g0u0100,53,127,g0u0100,N6,4,3,0,-497227,1.05067e+08
I127_g0u0100,53,127,g0u0100,N7,4,3,1,-495657,1.05068e+08
I127_g0u0100,53,127,g0u0100,O8,5,4,0,-317166,1.05247e+08
I127_g0u0100,53,127,g0u0100,O9,5,4,1,-316687,1.05247e+08
I127_g0u0100,53,127,g0u0100,P10,6,5,0,-219891,1.05344e+08
I127_g0u0100,53,127,g0u0100,P11,6,5,1,-219707,1.05344e+08
I127_g0u0100,53,127,g0u0100,Q12,7,6,0,-161404,1.05403e+08
I127_g0u0100,53,127,g0u0100,Q13,7,6,1,-161321,1.05403e+08
I127_g0u0100,53,127,g0u0100,R14,8,7,0,-123507,1.05441e+08
I127_g0u0100,53,127,g0u0100,R15,8,7,1,-123466,1.05441e+08
I127_g0u0150,53,127,g0u0150,K1,1,0,1,-5.70823e+06,9.98558e+07
I127_g0u0150,53,127,g0u0150,L2,2,1,0,-2.04052e+06,1.03523e+08
I127_g0u0150,53,127,g0u0150,L3,2,1,1,-1.98538e+06,1.03579e+08
I127_g0u0150,53,127,g0u0150,M4,3,2,0,-891487,1.04673e+08
I127_g0u0150,53,127,g0u0150,M5,3,2,1,-883959,1.0468e+08
I127_g0u0150,53,127,g0u0150,N6,4,3,0,-497228,1.05067e+08
I127_g0u0150,53,127,g0u0150,N7,4,3,1,-495657,1.05068e+08
I127_g0u0150,53,127,g0u0150,O8,5,4,0,-317166,1.05247e+08
I127_g0u0150,53,127,g0u0150,O9,5,4,1,-316687,1.05247e+08
I127_g0u0150,53,127,g0u0150,P10,6,5,0,-219891,1.05344e+08
I127_g0u0150,53,127,g0u0150,P11,6,5,1,-219707,1.05344e+08
I127_g0u0150,53,127,g0u0150,Q12,7,6,0,-161404,1.05403e+08
I127_g0u0150,53,127,g0u0150,Q13,7,6,1,-161321,1.05403e+08
I127_g0u0150,53,127,g0u0150,R14,8,7,0,-123507,1.05441e+08
I127_g0u0150,53,127,g0u0150,R15,8,7,1,-123466,1.05441e+08
I127_g0u0200,53,127,g0u0200,K1,1,0,1,-5.70825e+06,9.98558e+07
I127_g0u0200,53,127,g0u0200,L2,2,1,0,-2.04052e+06,1.03523e+08
I127_g0u0200,53,127,g0u0200,L3,2,1,1,-1.98538e+06,1.03579e+08
I127_g0u0200,53,127,g0u0200,M4,3,2,0,-891487,1.04673e+08
I127_g0u0200,53,127,g0u0200,M5,3,2,1,-883959,1.0468e+08
I127_g0u0200,53,127,g0u0200,N6,4,3,0,-497228,1.05067e+08
I127_g0u0200,53,127,g0u0200,N7,4,3,1,-495657,1.05068e+08
I127_g0u0200,53,127,g0u0200,O8,5,4,0,-317166,1.05247e+08
I127_g0u0200,53,127,g0u0200,O9,5,4,1,-316687,1.05247e+08
I127_g0u0200,53,127,g0u0200,P10,6,5,0,-219891,1.05344e+08
I127_g0u0200,53,127,g0u0200,P11,6,5,1,-219707,1.05344e+08
I127_g0u0200,53,127,g0u0200,Q12,7,6,0,-161404,1.05403e+08
I127_g0u0200,53,127,g0u0200,Q13,7,6,1,-161321,1.05403e+08
I127_g0u0200,53,127,g0u0200,R14,8,7,0,-123507,1.05441e+08
I127_g0u0200,53,127,g0u0200,R15,8,7,1,-123466,1.05441e+08
I127_g0u0250,53,127,g0u0250,K1,1,0,1,-5.70826e+06,9.98558e+07
I127_g0u0250,53,127,g0u0250,L2,2,1,0,-2.04052e+06,1.03523e+08
I127_g0u0250,53,127,g0u0250,L3,2,1,1,-1.98538e+06,1.03579e+08
I127_g0u0250,53,127,g0u0250,M4,3,2,0,-891488,1.04673e+08
I127_g0u0250,53,127,g0u0250,M5,3,2,1,-883960,1.0468e+08
I127_g0u0250,53,127,g0u0250,N6,4,3,0,-497228,1.05067e+08
I127_g0u0250,53,127,g0u0250,N7,4,3,1,-495657,1.05068e+08
I127_g0u0250,53,127,g0u0250,O8,5,4,0,-317166,1.05247e+08
I127_g0u0250,53,127,g0u0250,O9,5,4,1,-316687,1.05247e+08
I127_g0u0250,53,127,g0u0250,P10,6,5,0,-219891,1.05344e+08
I127_g0u0250,53,127,g0u0250,P11,6,5,1,-219707,1.05344e+08
I127_g0u0250,53,127,g0u0250,Q12,7,6,0,-161404,1.05403e+08
I127_g0u0250,53,127,g0u0250,Q13,7,6,1,-161321,1.05403e+08
I127_g0u0250,53,127,g0u0250,R14,8,7,0,-123507,1.05441e+08
I127_g0u0250,53,127,g0u0250,R15,8,7,1,-123466,1.05441e+08
I127_g0u0300,53,127,g0u0300,K1,1,0,1,-5.70827e+06,9.98557e+07
I127_g0u0300,53,127,g0u0300,L2,2,1,0,-2.04053e+06,1.03523e+08
I127_g0u0300,53,127,g0u0300,L3,2,1,1,-1.98538e+06,1.03579e+08
I127_g0u0300,53,127,g0u0300,M4,3,2,0,-891488,1.04673e+08
I127_g0u0300,53,127,g0u0300,M5,3,2,1,-883960,1.0468e+08
I127_g0u0300,53,127,g0u0300,N6,4,3,0,-497228,1.05067e+08
I127_g0u0300,53,127,g0u0300,N7,4,3,1,-495657,1.05068e+08
I127_g0u0300,53,127,g0u0300,O8,5,4,0,-317166,1.05247e+08
I127_g0u0300,53,127,g0u0300,O9,5,4,1,-316687,1.05247e+08
I127_g0u0300,53,127,g0u0300,P10,6,5,0,-219891,1.05344e+08
I127_g0u0300,53,127,g0u0300,P11,6,5,1,-219707,1.05344e+08
I127_g0u0300,53,127,g0u0300,Q12,7,6,0,-161404,1.05403e+08
I127_g0u0300,53,127,g0u0300,Q13,7,6,1,-161321,1.05403e+08
I127_g0u0300,53,127,g0u0300,R14,8,7,0,-123507,1.05441e+08
I127_g0u0300,53,127,g0u0300,R15,8,7,1,-123466,1.05441e+08
I127_g0u0350,53,127,g0u0350,K1,1,0,1,-5.70827e+06,9.98557e+07
I127_g0u0350,53,127,g0u0350,L2,2,1,0,-2.04053e+06,1.03523e+08
I127_g0u0350,53,127,g0u0350,L3,2,1,1,-1.98538e+06,1.03579e+08
I127_g0u0350,53,127,g0u0350,M4,3,2,0,-891488,1.04673e+08
I127_g0u0350,53,127,g0u0350,M5,3,2,1,-883960,1.0468e+08
I127_g0u0350,53,127,g0u0350,N6,4,3,0,-497228,1.05067e+08
I127_g0u0350,53,127,g0u0350,N7,4,3,1,-495657,1.05068e+08
I127_g0u0350,53,127,g0u0350,O8,5,4,0,-317166,1.05247e+08
I127_g0u0350,53,127,g0u0350,O9,5,4,1,-316687,1.05247e+08
I127_g0u0350,53,127,g0u0350,P10,6,5,0,-219891,1.05344e+08
I127_g0u0350,53,127,g0u0350,P11,6,5,1,-219707,1.05344e+08
I127_g0u0350,53,127,g0u0350,Q12,7,6,0,-161404,1.05403e+08
I127_g0u0350,53,127,g0u0350,Q13,7,6,1,-161321,1.05403e+08
I127_g0u0350,53,127,g0u0350,R14,8,7,0,-123507,1.05441e+08
I127_g0u0350,53,127,g0u0350,R15,8,7,1,-123466,1.05441e+08
I127_g0u0400,53,127,g0u0400,K1,1,0,1,-5.70827e+06,9.98557e+07
I127_g0u0400,53,127,g0u0400,L2,2,1,0,-2.04053e+06,1.03523e+08
I127_g0u0400,53,127,g0u0400,L3,2,1,1,-1.98538e+06,1.03579e+08
I127_g0u0400,53,127,g0u0400,M4,3,2,0,-891488,1.04673e+08
I127_g0u0400,53,127,g0u0400,M5,3,2,1,-883960,1.0468e+08
I127_g0u0400,53,127,g0u0400,N6,4,3,0,-497228,1.05067e+08
I127_g0u0400,53,127,g0u0400,N7,4,3,1,-495657,1.05068e+08
I127_g0u0400,53,127,g0u0400,O8,5,4,0,-317166,1.05247e+08
I127_g0u0400,53,127,g0u0400,O9,5,4,1,-316687,1.05247e+08
I127_g0u0400,53,127,g0u0400,P10,6,5,0,-219891,1.05344e+08
I127_g0u0400,53,127,g0u0400,P11,6,5,1,-219707,1.05344e+08
I127_g0u0400,53,127,g0u0400,Q12,7,6,0,-161404,1.05403e+08
I127_g0u0400,53,127,g0u0400,Q13,7,6,1,-161321,1.05403e+08
I127_g0u0400,53,127,g0u0400,R14,8,7,0,-123507,1.05441e+08
I127_g0u0400,53,127,g0u0400,R15,8,7,1,-123466,1.05441e+08
I127_g0u0450,53,127,g0u0450,K1,1,0,1,-5.70828e+06,9.98557e+07
I127_g0u0450,53,127,g0u0450,L2,2,1,0,-2.04053e+06,1.03523e+08
I127_g0u0450,53,127,g0u0450,L3,2,1,1,-1.98538e+06,1.03579e+08
I127_g0u0450,53,127,g0u0450,M4,3,2,0,-891488,1.04673e+08
I127_g0u0450,53,127,g0u0450,M5,3,2,1,-883960,1.0468e+08
I127_g0u0450,53,127,g0u0450,N6,4,3,0,-497228,1.05067e+08
I127_g0u0450,53,127,g0u0450,N7,4,3,1,-495657,1.05068e+08
I127_g0u0450,53,127,g0u0450,O8,5,4,0,-317166,1.05247e+08
I127_g0u0450,53,127,g0u0450,O9,5,4,1,-316687,1.05247e+08
I127_g0u0450,53,127,g0u0450,P10,6,5,0,-219891,1.05344e+08
I127_g0u0450,53,127,g0u0450,P11,6,5,1,-219707,1.05344e+08
I127_g0u0450,53,127,g0u0450,Q12,7,6,0,-161404,1.05403e+08
I127_g0u0450,53,127,g0u0450,Q13,7,6,1,-161321,1.05403e+08
I127_g0u0450,53,127,g0u0450,R14,8,7,0,-123507,1.05441e+08
I127_g0u0450,53,127,g0u0450,R15,8,7,1,-123466,1.05441e+08
I127_g0u0500,53,127,g0u0500,K1,1,0,1,-5.70828e+06,9.98557e+07
I127_g0u0500,53,127,g0u0500,L2,2,1,0,-2.04053e+06,1.03523e+08
I127_g0u0500,53,127,g0u0500,L3,2,1,1,-1.98538e+06,1.03579e+08
I127_g0u0500,53,127,g0u0500,M4,3,2,0,-891488,1.04673e+08
I127_g0u0500,53,127,g0u0500,M5,3,2,1,-883960,1.0468e+08
I127_g0u0500,53,127,g0u0500,N6,4,3,0,-497228,1.05067e+08
I127_g0u0500,53,127,g0u0500,N7,4,3,1,-495657,1.05068e+08
I127_g0u0500,53,127,g0u0500,O8,5,4,0,-317166,1.05247e+08
I127_g0u0500,53,127,g0u0500,O9,5,4,1,-316687,1.05247e+08
I127_g0u0500,53,127,g0u0500,P10,6,5,0,-219891,1.05344e+08
I127_g0u0500,53,127,g0u0500,P11,6,5,1,-219707,1.05344e+08
I127_g0u0500,53,127,g0u0500,Q12,7,6,0,-161404,1.05403e+08
I127_g0u0500,53,127,g0u0500,Q13,7,6,1,-161321,1.05403e+08
I127_g0u0500,53,127,g0u0500,R14,8,7,0,-123507,1.05441e+08
I127_g0u0500,53,127,g0u0500,R15,8,7,1,-123466,1.05441e+08
I127_g0u0550,53,127,g0u0550,K1,1,0,1,-5.70828e+06,9.98557e+07
I127_g0u0550,53,127,g0u0550,L2,2,1,0,-2.04053e+06,1.03523e+08
I127_g0u0550,53,127,g0u0550,L3,2,1,1,-1.98538e+06,1.03579e+08
I127_g0u0550,53,127,g0u0550,M4,3,2,0,-891488,1.04673e+08
I127_g0u0550,53,127,g0u0550,M5,3,2,1,-883960,1.0468e+08
I127_g0u0550,53,127,g0u0550,N6,4,3,0,-497228,1.05067e+08
I127_g0u0550,53,127,g0u0550,N7,4,3,1,-495657,1.05068e+08
I127_g0u0550,53,127,g0u0550,O8,5,4,0,-317166,1.05247e+08
I127_g0u0550,53,127,g0u0550,O9,5,4,1,-316687,1.05247e+08
I127_g0u0550,53,127,g0u0550,P10,6,5,0,-219891,1.05344e+08
I127_g0u0550,53,127,g0u0550,P11,6,5,1,-219707,1.05344e+08
I127_g0u0550,53,127,g0u0550,Q12,7,6,0,-161404,1.05403e+08
I127_g0u0550,53,127,g0u0550,Q13,7,6,1,-161321,1.05403e+08
I127_g0u0550,53,127,g0u0550,R14,8,7,0,-123507,1.05441e+08
I127_g0u0550,53,127,g0u0550,R15,8,7,1,-123466,1.05441e+08
I127_g0u0600,53,127,g0u0600,K1,1,0,1,-5.70828e+06,9.98557e+07
I127_g0u0600,53,127,g0u0600,L2,2,1,0,-2.04053e+06,1.03523e+08
I127_g0u0600,53,127,g0u0600,L3,2,1,1,-1.98538e+06,1.03579e+08
I127_g0u0600,53,127,g0u0600,M4,3,2,0,-891488,1.04673e+08
I127_g0u0600,53,127,g0u0600,M5,3,2,1,-883960,1.0468e+08
I127_g0u0600,53,127,g0u0600,N6,4,3,0,-497228,1.05067e+08
I127_g0u0600,53,127,g0u0600,N7,4,3,1,-495657,1.05068e+08
I127_g0u0600,53,127,g0u0600,O8,5,4,0,-317166,1.05247e+08
I127_g0u0600,53,127,g0u0600,O9,5,4,1,-316687,1.05247e+08
I127_g0u0600,53,127,g0u0600,P10,6,5,0,-219891,1.05344e+08
I127_g0u0600,53,127,g0u0600,P11,6,5,1,-219707,1.05344e+08
I127_g0u0600,53,127,g0u0600,Q12,7,6,0,-161404,1.05403e+08
I127_g0u0600,53,127,g0u0600,Q13,7,6,1,-161321,1.05403e+08
I127_g0u0600,53,127,g0u0600,R14,8,7,0,-123507,1.05441e+08
I127_g0u0600,53,127,g0u0600,R15,8,7,1,-123466,1.05441e+08
I127_g0u0700,53,127,g0u0700,K1,1,0,1,-5.70828e+06,9.98557e+07
I127_g0u0700,53,127,g0u0700,L2,2,1,0,-2.04053e+06,1.03523e+08
I127_g0u0700,53,127,g0u0700,L3,2,1,1,-1.98538e+06,1.03579e+08
I127_g0u0700,53,127,g0u0700,M4,3,2,0,-891488,1.04673e+08
I127_g0u0700,53,127,g0u0700,M5,3,2,1,-883960,1.0468e+08
I127_g0u0700,53,127,g0u0700,N6,4,3,0,-497228,1.05067e+08
I127_g0u0700,53,127,g0u0700,N7,4,3,1,-495657,1.05068e+08
I127_g0u0700,53,127,g0u0700,O8,5,4,0,-317166,1.05247e+08
I127_g0u0700,53,127,g0u0700,O9,5,4,1,-316687,1.05247e+08
I127_g0u0700,53,127,g0u0700,P10,6,5,0,-219891,1.05344e+08
I127_g0u0700,53,127,g0u0700,P11,6,5,1,-219707,1.05344e+08
I127_g0u0700,53,127,g0u0700,Q12,7,6,0,-161404,1.05403e+08
I127_g0u0700,53,127,g0u0700,Q13,7,6,1,-161321,1.05403e+08
I127_g0u0700,53,127,g0u0700,R14,8,7,0,-123507,1.05441e+08
I127_g0u0700,53,127,g0u0700,R15,8,7,1,-123466,1.05441e+08
I127_g0u0800,53,127,g0u0800,K1,1,0,1,-5.70828e+06,9.98557e+07
I127_g0u0800,53,127,g0u0800,L2,2,1,0,-2.04053e+06,1.03523e+08
I127_g0u0800,53,127,g0u0800,L3,2,1,1,-1.98538e+06,1.03579e+08
I127_g0u0800,53,127,g0u0800,M4,3,2,0,-891488,1.04673e+08
I127_g0u0800,53,127,g0u0800,M5,3,2,1,-883960,1.0468e+08
I127_g0u0800,53,127,g0u0800,N6,4,3,0,-497228,1.05067e+08
I127_g0u0800,53,127,g0u0800,N7,4,3,1,-495657,1.05068e+08
I127_g0u0800,53,127,g0u0800,O8,5,4,0,-317166,1.05247e+08
I127_g0u0800,53,127,g0u0800,O9,5,4,1,-316687,1.05247e+08
I127_g0u0800,53,127,g0u0800,P10,6,5,0,-219891,1.05344e+08
I127_g0u0800,53,127,g0u0800,P11,6,5,1,-219707,1.05344e+08
I127_g0u0800,53,127,g0u0800,Q12,7,6,0,-161404,1.05403e+08
I127_g0u0800,53,127,g0u0800,Q13,7,6,1,-161321,1.05403e+08
I127_g0u0800,53,127,g0u0800,R14,8,7,0,-123507,1.05441e+08
I127_g0u0800,53,127,g0u0800,R15,8,7,1,-123466,1.05441e+08
I127_g0u0900,53,127,g0u0900,K1,1,0,1,-5.70828e+06,9.98557e+07
I127_g0u0900,53,127,g0u0900,L2,2,1,0,-2.04053e+06,1.03523e+08
I127_g0u0900,53,127,g0u0900,L3,2,1,1,-1.98538e+06,1.03579e+08
I127_g0u0900,53,127,g0u0900,M4,3,2,0,-891488,1.04673e+08
I127_g0u0900,53,127,g0u0900,M5,3,2,1,-883960,1.0468e+08
I127_g0u0900,53,127,g0u0900,N6,4,3,0,-497228,1.05067e+08
I127_g0u0900,53,127,g0u0900,N7,4,3,1,-495657,1.05068e+08
I127_g0u0900,53,127,g0u0900,O8,5,4,0,-317166,1.05247e+08
I127_g0u0900,53,127,g0u0900,O9,5,4,1,-316687,1.05247e+08
I127_g0u0900,53,127,g0u0900,P10,6,5,0,-219891,1.05344e+08
I127_g0u0900,53,127,g0u0900,P11,6,5,1,-219707,1.05344e+08
I127_g0u0900,53,127,g0u0900,Q12,7,6,0,-161404,1.05403e+08
I127_g0u0900,53,127,g0u0900,Q13,7,6,1,-161321,1.05403e+08
I127_g0u0900,53,127,g0u0900,R14,8,7,0,-123507,1.05441e+08
I127_g0u0900,53,127,g0u0900,R15,8,7,1,-123466,1.05441e+08
I127_g0u1000,53,127,g0u1000,K1,1,0,1,-5.70828e+06,9.98557e+07
I127_g0u1000,53,127,g0u1000,L2,2,1,0,-2.04053e+06,1.03523e+08
I127_g0u1000,53,127,g0u1000,L3,2,1,1,-1.98538e+06,1.03579e+08
I127_g0u1000,53,127,g0u1000,M4,3,2,0,-891488,1.04673e+08
I127_g0u1000,53,127,g0u1000,M5,3,2,1,-883960,1.0468e+08
I127_g0u1000,53,127,g0u1000,N6,4,3,0,-497228,1.05067e+08
I127_g0u1000,53,127,g0u1000,N7,4,3,1,-495657,1.05068e+08
I127_g0u1000,53,127,g0u1000,O8,5,4,0,-317166,1.05247e+08
I127_g0u1000,53,127,g0u1000,O9,5,4,1,-316687,1.05247e+08
I127_g0u1000,53,127,g0u1000,P10,6,5,0,-219891,1.05344e+08
I127_g0u1000,53,127,g0u1000,P11,6,5,1,-219707,1.05344e+08
I127_g0u1000,53,127,g0u1000,Q12,7,6,0,-161404,1.05403e+08
I127_g0u1000,53,127,g0u1000,Q13,7,6,1,-161321,1.05403e+08
I127_g0u1000,53,127,g0u1000,R14,8,7,0,-123507,1.05441e+08
I127_g0u1000,53,127,g0u1000,R15,8,7,1,-123466,1.05441e+08
I127_g0u1100,53,127,g0u1100,K1,1,0,1,-5.70828e+06,9.98557e+07
I127_g0u1100,53,127,g0u1100,L2,2,1,0,-2.04053e+06,1.03523e+08
I127_g0u1100,53,127,g0u1100,L3,2,1,1,-1.98538e+06,1.03579e+08
I127_g0u1100,53,127,g0u1100,M4,3,2,0,-891488,1.04673e+08
I127_g0u1100,53,127,g0u1100,M5,3,2,1,-883960,1.0468e+08
I127_g0u1100,53,127,g0u1100,N6,4,3,0,-497228,1.05067e+08
I127_g0u1100,53,127,g0u1100,N7,4,3,1,-495657,1.05068e+08
I127_g0u1100,53,127,g0u1100,O8,5,4,0,-317166,1.05247e+08
I127_g0u1100,53,127,g0u1100,O9,5,4,1,-316687,1.05247e+08
I127_g0u1100,53,127,g0u1100,P10,6,5,0,-219891,1.05344e+08
I127_g0u1100,53,127,g0u1100,P11,6,5,1,-219707,1.05344e+08
I127_g0u1100,53,127,g0u1100,Q12,7,6,0,-161404,1.05403e+08
I127_g0u1100,53,127,g0u1100,Q13,7,6,1,-161321,1.05403e+08
I127_g0u1100,53,127,g0u1100,R14,8,7,0,-123507,1.05441e+08
I127_g0u1100,53,127,g0u1100,R15,8,7,1,-123466,1.05441e+08
I127_g0u1200,53,127,g0u1200,K1,1,0,1,-5.70828e+06,9.98557e+07
I127_g0u1200,53,127,g0u1200,L2,2,1,0,-2.04053e+06,1.03523e+08
I127_g0u1200,53,127,g0u1200,L3,2,1,1,-1.98538e+06,1.03579e+08
I127_g0u1200,53,127,g0u1200,M4,3,2,0,-891488,1.04673e+08
I127_g0u1200,53,127,g0u1200,M5,3,2,1,-883960,1.0468e+08
I127_g0u1200,53,127,g0u1200,N6,4,3,0,-497228,1.05067e+08
I127_g0u1200,53,127,g0u1200,N7,4,3,1,-495657,1.05068e+08
I127_g0u1200,53,127,g0u1200,O8,5,4,0,-317166,1.05247e+08
I127_g0u1200,53,127,g0u1200,O9,5,4,1,-316687,1.05247e+08
I127_g0u1200,53,127,g0u1200,P10,6,5,0,-219891,1.05344e+08
I127_g0u1200,53,127,g0u1200,P11,6,5,1,-219707,1.05344e+08
I127_g0u1200,53,127,g0u1200,Q12,7,6,0,-161404,1.05403e+08
I127_g0u1200,53,127,g0u1200,Q13,7,6,1,-161321,1.05403e+08
I127_g0u1200,53,127,g0u1200,R14,8,7,0,-123507,1.05441e+08
I127_g0u1200,53,127,g0u1200,R15,8,7,1,-123466,1.05441e+08
I127_g0u1300,53,127,g0u1300,K1,1,0,1,-5.70828e+06,9.98557e+07
I127_g0u1300,53,127,g0u1300,L2,2,1,0,-2.04053e+06,1.03523e+08
I127_g0u1300,53,127,g0u1300,L3,2,1,1,-1.98538e+06,1.03579e+08
I127_g0u1300,53,127,g0u1300,M4,3,2,0,-891488,1.04673e+08
I127_g0u1300,53,127,g0u1300,M5,3,2,1,-883960,1.0468e+08
I127_g0u1300,53,127,g0u1300,N6,4,3,0,-497228,1.05067e+08
I127_g0u1300,53,127,g0u1300,N7,4,3,1,-495657,1.05068e+08
I127_g0u1300,53,127,g0u1300,O8,5,4,0,-317166,1.05247e+08
I127_g0u1300,53,127,g0u1300,O9,5,4,1,-316687,1.05247e+08
I127_g0u1300,53,127,g0u1300,P10,6,5,0,-219891,1.05344e+08
I127_g0u1300,53,127,g0u1300,P11,6,5,1,-219707,1.05344e+08
I127_g0u1300,53,127,g0u1300,Q12,7,6,0,-161404,1.05403e+08
I127_g0u1300,53,127,g0u1300,Q13,7,6,1,-161321,1.05403e+08
I127_g0u1300,53,127,g0u1300,R14,8,7,0,-123507,1.05441e+08
I127_g0u1300,53,127,g0u1300,R15,8,7,1,-123466,1.05441e+08
I127_g0u1400,53,127,g0u1400,K1,1,0,1,-5.70828e+06,9.98557e+07
I127_g0u1400,53,127,g0u1400,L2,2,1,0,-2.04053e+06,1.03523e+08
I127_g0u1400,53,127,g0u1400,L3,2,1,1,-1.98538e+06,1.03579e+08
I127_g0u1400,53,127,g0u1400,M4,3,2,0,-891488,1.04673e+08
I127_g0u1400,53,127,g0u1400,M5,3,2,1,-883960,1.0468e+08
I127_g0u1400,53,127,g0u1400,N6,4,3,0,-497228,1.05067e+08
I127_g0u1400,53,127,g0u1400,N7,4,3,1,-495657,1.05068e+08
I127_g0u1400,53,127,g0u1400,O8,5,4,0,-317166,1.05247e+08
I127_g0u1400,53,127,g0u1400,O9,5,4,1,-316687,1.05247e+08
I127_g0u1400,53,127,g0u1400,P10,6,5,0,-219891,1.05344e+08
I127_g0u1400,53,127,g0u1400,P11,6,5,1,-219707,1.05344e+08
I127_g0u1400,53,127,g0u1400,Q12,7,6,0,-161404,1.05403e+08
I127_g0u1400,53,127,g0u1400,Q13,7,6,1,-161321,1.05403e+08
I127_g0u1400,53,127,g0u1400,R14,8,7,0,-123507,1.05441e+08
I127_g0u1400,53,127,g0u1400,R15,8,7,1,-123466,1.05441e+08
I127_g0u1500,53,127,g0u1500,K1,1,0,1,-5.70828e+06,9.98557e+07
I127_g0u1500,53,127,g0u1500,L2,2,1,0,-2.04053e+06,1.03523e+08
I127_g0u1500,53,127,g0u1500,L3,2,1,1,-1.98538e+06,1.03579e+08
I127_g0u1500,53,127,g0u1500,M4,3,2,0,-891488,1.04673e+08
I127_g0u1500,53,127,g0u1500,M5,3,2,1,-883960,1.0468e+08
I127_g0u1500,53,127,g0u1500,N6,4,3,0,-497228,1.05067e+08
I127_g0u1500,53,127,g0u1500,N7,4,3,1,-495657,1.05068e+08
I127_g0u1500,53,127,g0u1500,O8,5,4,0,-317166,1.05247e+08
I127_g0u1500,53,127,g0u1500,O9,5,4,1,-316687,1.05247e+08
I127_g0u1500,53,127,g0u1500,P10,6,5,0,-219891,1.05344e+08
I127_g0u1500,53,127,g0u1500,P11,6,5,1,-219707,1.05344e+08
I127_g0u1500,53,127,g0u1500,Q12,7,6,0,-161404,1.05403e+08
I127_g0u1500,53,127,g0u1500,Q13,7,6,1,-161321,1.05403e+08
I127_g0u1500,53,127,g0u1500,R14,8,7,0,-123507,1.05441e+08
I127_g0u1500,53,127,g0u1500,R15,8,7,1,-123466,1.05441e+08
I127_g0u1600,53,127,g0u1600,K1,1,0,1,-5.71099e+06,9.9853e+07
I127_g0u1600,53,127,g0u1600,L2,2,1,0,-2.04078e+06,1.03523e+08
I127_g0u1600,53,127,g0u1600,L3,2,1,1,-1.98558e+06,1.03578e+08
I127_g0u1600,53,127,g0u1600,M4,3,2,0,-891490,1.04673e+08
I127_g0u1600,53,127,g0u1600,M5,3,2,1,-883961,1.0468e+08
I127_g0u1600,53,127,g0u1600,N6,4,3,0,-497228,1.05067e+08
I127_g0u1600,53,127,g0u1600,N7,4,3,1,-495657,1.05068e+08
I127_g0u1600,53,127,g0u1600,O8,5,4,0,-317166,1.05247e+08
I127_g0u1600,53,127,g0u1600,O9,5,4,1,-316687,1.05247e+08
I127_g0u1600,53,127,g0u1600,P10,6,5,0,-219891,1.05344e+08
I127_g0u1600,53,127,g0u1600,P11,6,5,1,-219707,1.05344e+08
I127_g0u1600,53,127,g0u1600,Q12,7,6,0,-161404,1.05403e+08
I127_g0u1600,53,127,g0u1600,Q13,7,6,1,-161321,1.05403e+08
I127_g0u1600,53,127,g0u1600,R14,8,7,0,-123507,1.05441e+08
I127_g0u1600,53,127,g0u1600,R15,8,7,1,-123466,1.05441e+08
I127_g0u1700,53,127,g0u1700,K1,1,0,1,-5.70458e+06,9.98594e+07
I127_g0u1700,53,127,g0u1700,L2,2,1,0,-2.04019e+06,1.03524e+08
I127_g0u1700,53,127,g0u1700,L3,2,1,1,-1.98513e+06,1.03579e+08
I127_g0u1700,53,127,g0u1700,M4,3,2,0,-891486,1.04673e+08
I127_g0u1700,53,127,g0u1700,M5,3,2,1,-883959,1.0468e+08
I127_g0u1700,53,127,g0u1700,N6,4,3,0,-497228,1.05067e+08
I127_g0u1700,53,127,g0u1700,N7,4,3,1,-495657,1.05068e+08
I127_g0u1700,53,127,g0u1700,O8,5,4,0,-317166,1.05247e+08
I127_g0u1700,53,127,g0u1700,O9,5,4,1,-316687,1.05247e+08
I127_g0u1700,53,127,g0u1700,P10,6,5,0,-219891,1.05344e+08
I127_g0u1700,53,127,g0u1700,P11,6,5,1,-219707,1.05344e+08
I127_g0u1700,53,127,g0u1700,Q12,7,6,0,-161404,1.05403e+08
I127_g0u1700,53,127,g0u1700,Q13,7,6,1,-161321,1.05403e+08
I127_g0u1700,53,127,g0u1700,R14,8,7,0,-123507,1.05441e+08
I127_g0u1700,53,127,g0u1700,R15,8,7,1,-123466,1.05441e+08
I127_g0u1800,53,127,g0u1800,K1,1,0,1,-5.83166e+06,9.97324e+07
I127_g0u1800,53,127,g0u1800,L2,2,1,0,-2.05176e+06,1.03512e+08
I127_g0u1800,53,127,g0u1800,L3,2,1,1,-1.99392e+06,1.0357e+08
I127_g0u1800,53,127,g0u1800,M4,3,2,0,-891561,1.04672e+08
I127_g0u1800,53,127,g0u1800,M5,3,2,1,-884002,1.0468e+08
I127_g0u1800,53,127,g0u1800,N6,4,3,0,-497228,1.05067e+08
I127_g0u1800,53,127,g0u1800,N7,4,3,1,-495658,1.05068e+08
I127_g0u1800,53,127,g0u1800,O8,5,4,0,-317166,1.05247e+08
I127_g0u1800,53,127,g0u1800,O9,5,4,1,-316687,1.05247e+08
I127_g0u1800,53,127,g0u1800,P10,6,5,0,-219891,1.05344e+08
I127_g0u1800,53,127,g0u1800,P11,6,5,1,-219707,1.05344e+08
I127_g0u1800,53,127,g0u1800,Q12,7,6,0,-161404,1.05403e+08
I127_g0u1800,53,127,g0u1800,Q13,7,6,1,-161321,1.05403e+08
I127_g0u1800,53,127,g0u1800,R14,8,7,0,-123507,1.05441e+08
I127_g0u1800,53,127,g0u1800,R15,8,7,1,-123466,1.05441e+08
I127_g2u1000,53,127,g2u1000,K1,1,0,1,-5.70829e+06,9.98557e+07
I127_g2u1000,53,127,g2u1000,L2,2,1,0,-2.04053e+06,1.03523e+08
I127_g2u1000,53,127,g2u1000,L3,2,1,1,-1.98538e+06,1.03579e+08
I127_g2u1000,53,127,g2u1000,M4,3,2,0,-891488,1.04673e+08
I127_g2u1000,53,127,g2u1000,M5,3,2,1,-883960,1.0468e+08
I127_g2u1000,53,127,g2u1000,N6,4,3,0,-497228,1.05067e+08
I127_g2u1000,53,127,g2u1000,N7,4,3,1,-495657,1.05068e+08
I127_g2u1000,53,127,g2u1000,O8,5,4,0,-317166,1.05247e+08
I127_g2u1000,53,127,g2u1000,O9,5,4,1,-316687,1.05247e+08
I127_g2u1000,53,127,g2u1000,P10,6,5,0,-219891,1.05344e+08
I127_g2u1000,53,127,g2u1000,P11,6,5,1,-219707,1.05344e+08
I127_g2u1000,53,127,g2u1000,Q12,7,6,0,-161404,1.05403e+08
I127_g2u1000,53,127,g2u1000,Q13,7,6,1,-161321,1.05403e+08
I127_g2u1000,53,127,g2u1000,R14,8,7,0,-123507,1.05441e+08
I127_g2u1000,53,127,g2u1000,R15,8,7,1,-123466,1.05441e+08
Cs133_g0u0050,55,133,g0u0050,K1,1,0,1,-6.03859e+06,9.95297e+07
Cs133_g0u0050,55,133,g0u0050,L2,2,1,0,-2.1987e+06,1.0337e+08
Cs133_g0u0050,55,133,g0u0050,L3,2,1,1,-2.1366e+06,1.03432e+08
Cs133_g0u0050,55,133,g0u0050,M4,3,2,0,-961094,1.04607e+08
Cs133_g0u0050,55,133,g0u0050,M5,3,2,1,-952355,1.04616e+08
Cs133_g0u0050,55,133,g0u0050,N6,4,3,0,-535752,1.05033e+08
Cs133_g0u0050,55,133,g0u0050,N7,4,3,1,-533929,1.05034e+08
Cs133_g0u0050,55,133,g0u0050,O8,5,4,0,-341667,1.05227e+08
Cs133_g0u0050,55,133,g0u0050,O9,5,4,1,-341112,1.05227e+08
Cs133_g0u0050,55,133,g0u0050,P10,6,5,0,-236853,1.05331e+08
Cs133_g0u0050,55,133,g0u0050,P11,6,5,1,-236640,1.05332e+08
Cs133_g0u0050,55,133,g0u0050,Q12,7,6,0,-173844,1.05394e+08
Cs133_g0u0050,55,133,g0u0050,Q13,7,6,1,-173749,1.05395e+08
Cs133_g0u0050,55,133,g0u0050,R14,8,7,0,-133022,1.05435e+08
Cs133_g0u0050,55,133,g0u0050,R15,8,7,1,-132974,1.05435e+08
Cs133_g0u0100,55,133,g0u0100,K1,1,0,1,-6.03906e+06,9.95292e+07
Cs133_g0u0100,55,133,g0u0100,L2,2,1,0,-2.19873e+06,1.0337e+08
Cs133_g0u0100,55,133,g0u0100,L3,2,1,1,-2.13662e+06,1.03432e+08
Cs133_g0u0100,55,133,g0u0100,M4,3,2,0,-961096,1.04607e+08
Cs133_g0u0100,55,133,g0u0100,M5,3,2,1,-952357,1.04616e+08
Cs133_g0u0100,55,133,g0u0100,N6,4,3,0,-535753,1.05033e+08
Cs133_g0u0100,55,133,g0u0100,N7,4,3,1,-533930,1.05034e+08
Cs133_g0u0100,55,133,g0u0100,O8,5,4,0,-341668,1.05227e+08
Cs133_g0u0100,55,133,g0u0100,O9,5,4,1,-341112,1.05227e+08
Cs133_g0u0100,55,133,g0u0100,P10,6,5,0,-236853,1.05331e+08
Cs133_g0u0100,55,133,g0u0100,P11,6,5,1,-236640,1.05332e+08
Cs133_g0u0100,55,133,g0u0100,Q12,7,6,0,-173845,1.05394e+08
Cs133_g0u0100,55,133,g0u0100,Q13,7,6,1,-173749,1.05395e+08
Cs133_g0u0100,55,133,g0u0100,R14,8,7,0,-133022,1.05435e+08
Cs133_g0u0100,55,133,g0u0100,R15,8,7,1,-132974,1.05435e+08
Cs133_g0u0150,55,133,g0u0150,K1,1,0,1,-6.03914e+06,9.95291e+07
Cs133_g0u0150,55,133,g0u0150,L2,2,1,0,-2.19873e+06,1.0337e+08
Cs133_g0u0150,55,133,g0u0150,L3,2,1,1,-2.13662e+06,1.03432e+08
Cs133_g0u0150,55,133,g0u0150,M4,3,2,0,-961096,1.04607e+08
Cs133_g0u0150,55,133,g0u0150,M5,3,2,1,-952358,1.04616e+08
Cs133_g0u0150,55,133,g0u0150,N6,4,3,0,-535753,1.05033e+08
Cs133_g0u0150,55,133,g0u0150,N7,4,3,1,-533930,1.05034e+08
Cs133_g0u0150,55,133,g0u0150,O8,5,4,0,-341668,1.05227e+08
Cs133_g0u0150,55,133,g0u0150,O9,5,4,1,-341112,1.05227e+08
Cs133_g0u0150,55,133,g0u0150,P10,6,5,0,-236853,1.05331e+08
Cs133_g0u0150,55,133,g0u0150,P11,6,5,1,-236640,1.05332e+08
Cs133_g0u0150,55,133,g0u0150,Q12,7,6,0,-173845,1.05394e+08
Cs133_g0u0150,55,133,g0u0150,Q13,7,6,1,-173749,1.05395e+08
Cs133_g0u0150,55,133,g0u0150,R14,8,7,0,-133022,1.05435e+08
Cs133_g0u0150,55,133,g0u0150,R15,8,7,1,-132974,1.05435e+08
Cs133_g0u0200,55,133,g0u0200,K1,1,0,1,-6.03917e+06,9.95291e+07
Cs133_g0u0200,55,133,g0u0200,L2,2,1,0,-2.19874e+06,1.0337e+08
Cs133_g0u0200,55,133,g0u0200,L3,2,1,1,-2.13663e+06,1.03432e+08
Cs133_g0u0200,55,133,g0u0200,M4,3,2,0,-961096,1.04607e+08
Cs133_g0u0200,55,133,g0u0200,M5,3,2,1,-952358,1.04616e+08
Cs133_g0u0200,55,133,g0u0200,N6,4,3,0,-535753,1.05033e+08
Cs133_g0u0200,55,133,g0u0200,N7,4,3,1,-533930,1.05034e+08
Cs133_g0u0200,55,133,g0u0200,O8,5,4,0,-341668,1.05227e+08
Cs133_g0u0200,55,133,g0u0200,O9,5,4,1,-341112,1.05227e+08
Cs133_g0u0200,55,133,g0u0200,P10,6,5,0,-236854,1.05331e+08
Cs133_g0u0200,55,133,g0u0200,P11,6,5,1,-236640,1.05332e+08
Cs133_g0u0200,55,133,g0u0200,Q12,7,6,0,-173845,1.05394e+08
Cs133_g0u0200,55,133,g0u0200,Q13,7,6,1,-173749,1.05395e+08
Cs133_g0u0200,55,133,g0u0200,R14,8,7,0,-133022,1.05435e+08
Cs133_g0u0200,55,133,g0u0200,R15,8,7,1,-132974,1.05435e+08
Cs133_g0u0250,55,133,g0u0250,K1,1,0,1,-6.03918e+06,9.95291e+07
Cs133_g0u0250,55,133,g0u0250,L2,2,1,0,-2.19874e+06,1.0337e+08
Cs133_g0u0250,55,133,g0u0250,L3,2,1,1,-2.13663e+06,1.03432e+08
Cs133_g0u0250,55,133,g0u0250,M4,3,2,0,-961096,1.04607e+08
Cs133_g0u0250,55,133,g0u0250,M5,3,2,1,-952358,1.04616e+08
Cs133_g0u0250,55,133,g0u0250,N6,4,3,0,-535753,1.05033e+08
Cs133_g0u0250,55,133,g0u0250,N7,4,3,1,-533930,1.05034e+08
Cs133_g0u0250,55,133,g0u0250,O8,5,4,0,-341668,1.05227e+08
Cs133_g0u0250,55,133,g0u0250,O9,5,4,1,-341112,1.05227e+08
Cs133_g0u0250,55,133,g0u0250,P10,6,5,0,-236854,1.05331e+08
Cs133_g0u0250,55,133,g0u0250,P11,6,5,1,-236640,1.05332e+08
Cs133_g0u0250,55,133,g0u0250,Q12,7,6,0,-173845,1.05394e+08
Cs133_g0u0250,55,133,g0u0250,Q13,7,6,1,-173749,1.05395e+08
Cs133_g0u0250,55,133,g0u0250,R14,8,7,0,-133022,1.05435e+08
Cs133_g0u0250,55,133,g0u0250,R15,8,7,1,-132974,1.05435e+08
Cs133_g0u0300,55,133,g0u0300,K1,1,0,1,-6.03919e+06,9.95291e+07
Cs133_g0u0300,55,133,g0u0300,L2,2,1,0,-2.19874e+06,1.0337e+08
Cs133_g0u0300,55,133,g0u0300,L3,2,1,1,-2.13663e+06,1.03432e+08
Cs133_g0u0300,55,133,g0u0300,M4,3,2,0,-961096,1.04607e+08
Cs133_g0u0300,55,133,g0u0300,M5,3,2,1,-952358,1.04616e+08
Cs133_g0u0300,55,133,g0u0300,N6,4,3,0,-535753,1.05033e+08
Cs133_g0u0300,55,133,g0u0300,N7,4,3,1,-533930,1.05034e+08
Cs133_g0u0300,55,133,g0u0300,O8,5,4,0,-341668,1.05227e+08
Cs133_g0u0300,55,133,g0u0300,O9,5,4,1,-341112,1.05227e+08
Cs133_g0u0300,55,133,g0u0300,P10,6,5,0,-236854,1.05331e+08
Cs133_g0u0300,55,133,g0u0300,P11,6,5,1,-236640,1.05332e+08
Cs133_g0u0300,55,133,g0u0300,Q12,7,6,0,-173845,1.05394e+08
Cs133_g0u0300,55,133,g0u0300,Q13,7,6,1,-173749,1.05395e+08
Cs133_g0u0300,55,133,g0u0300,R14,8,7,0,-133022,1.05435e+08
Cs133_g0u0300,55,133,g0u0300,R15,8,7,1,-132974,1.05435e+08
Cs133_g0u0350,55,133,g0u0350,K1,1,0,1,-6.03919e+06,9.95291e+07
Cs133_g0u0350,55,133,g0u0350,L2,2,1,0,-2.19874e+06,1.0337e+08
Cs133_g0u0350,55,133,g0u0350,L3,2,1,1,-2.13663e+06,1.03432e+08
Cs133_g0u0350,55,133,g0u0350,M4,3,2,0,-961097,1.04607e+08
Cs133_g0u0350,55,133,g0u0350,M5,3,2,1,-952358,1.04616e+08
Cs133_g0u0350,55,133,g0u0350,N6,4,3,0,-535753,1.05033e+08
Cs133_g0u0350,55,133,g0u0350,N7,4,3,1,-533930,1.05034e+08
Cs133_g0u0350,55,133,g0u0350,O8,5,4,0,-341668,1.05227e+08
Cs133_g0u0350,55,133,g0u0350,O9,5,4,1,-341112,1.05227e+08
Cs133_g0u0350,55,133,g0u0350,P10,6,5,0,-236854,1.05331e+08
Cs133_g0u0350,55,133,g0u0350,P11,6,5,1,-236640,1.05332e+08
Cs133_g0u0350,55,133,g0u0350,Q12,7,6,0,-173845,1.05394e+08
Cs133_g0u0350,55,133,g0u0350,Q13,7,6,1,-173749,1.05395e+08
Cs133_g0u0350,55,133,g0u0350,R14,8,7,0,-133022,1.05435e+08
Cs133_g0u0350,55,133,g0u0350,R15,8,7,1,-132974,1.05435e+08
Cs133_g0u0400,55,133,g0u0400,K1,1,0,1,-6.03919e+06,9.95291e+07
Cs133_g0u0400,55,133,g0u0400,L2,2,1,0,-2.19874e+06,1.0337e+08
Cs133_g0u0400,55,133,g0u0400,L3,2,1,1,-2.13663e+06,1.03432e+08
Cs133_g0u0400,55,133,g0u0400,M4,3,2,0,-961097,1.04607e+08
Cs133_g0u0400,55,133,g0u0400,M5,3,2,1,-952358,1.04616e+08
Cs133_g0u0400,55,133,g0u0400,N6,4,3,0,-535753,1.05033e+08
Cs133_g0u0400,55,133,g0u0400,N7,4,3,1,-533930,1.05034e+08
Cs133_g0u0400,55,133,g0u0400,O8,5,4,0,-341668,1.05227e+08
Cs133_g0u0400,55,133,g0u0400,O9,5,4,1,-341112,1.05227e+08
Cs133_g0u0400,55,133,g0u0400,P10,6,5,0,-236854,1.05331e+08
Cs133_g0u0400,55,133,g0u0400,P11,6,5,1,-236640,1.05332e+08
Cs133_g0u0400,55,133,g0u0400,Q12,7,6,0,-173845,1.05394e+08
Cs133_g0u0400,55,133,g0u0400,Q13,7,6,1,-173749,1.05395e+08
Cs133_g0u0400,55,133,g0u0400,R14,8,7,0,-133022,1.05435e+08
Cs133_g0u0400,55,133,g0u0400,R15,8,7,1,-132974,1.05435e+08
Cs133_g0u0450,55,133,g0u0450,K1,1,0,1,-6.03919e+06,9.95291e+07
Cs133_g0u0450,55,133,g0u0450,L2,2,1,0,-2.19874e+06,1.0337e+08
Cs133_g0u0450,55,133,g0u0450,L3,2,1,1,-2.13663e+06,1.03432e+08
Cs133_g0u0450,55,133,g0u0450,M4,3,2,0,-961097,1.04607e+08
Cs133_g0u0450,55,133,g0u0450,M5,3,2,1,-952358,1.04616e+08
Cs133_g0u0450,55,133,g0u0450,N6,4,3,0,-535753,1.05033e+08
Cs133_g0u0450,55,133,g0u0450,N7,4,3,1,-533930,1.05034e+08
Cs133_g0u0450,55,133,g0u0450,O8,5,4,0,-341668,1.05227e+08
Cs133_g0u0450,55,133,g0u0450,O9,5,4,1,-341112,1.05227e+08
Cs133_g0u0450,55,133,g0u0450,P10,6,5,0,-236854,1.05331e+08
Cs133_g0u0450,55,133,g0u0450,P11,6,5,1,-236640,1.05332e+08
Cs133_g0u0450,55,133,g0u0450,Q12,7,6,0,-173845,1.05394e+08
Cs133_g0u0450,55,133,g0u0450,Q13,7,6,1,-173749,1.05395e+08
Cs133_g0u0450,55,133,g0u0450,R14,8,7,0,-133022,1.05435e+08
Cs133_g0u0450,55,133,g0u0450,R15,8,7,1,-132974,1.05435e+08
Cs133_g0u0500,55,133,g0u0500,K1,1,0,1,-6.0392e+06,9.95291e+07
Cs133_g0u0500,55,133,g0u0500,L2,2,1,0,-2.19874e+06,1.0337e+08
Cs133_g0u0500,55,133,g0u0500,L3,2,1,1,-2.13663e+06,1.03432e+08
Cs133_g0u0500,55,133,g0u0500,M4,3,2,0,-961097,1.04607e+08
Cs133_g0u0500,55,133,g0u0500,M5,3,2,1,-952358,1.04616e+08
Cs133_g0u0500,55,133,g0u0500,N6,4,3,0,-535754,1.05033e+08
Cs133_g0u0500,55,133,g0u0500,N7,4,3,1,-533930,1.05034e+08
Cs133_g0u0500,55,133,g0u0500,O8,5,4,0,-341668,1.05227e+08
Cs133_g0u0500,55,133,g0u0500,O9,5,4,1,-341113,1.05227e+08
Cs133_g0u0500,55,133,g0u0500,P10,6,5,0,-236854,1.05331e+08
Cs133_g0u0500,55,133,g0u0500,P11,6,5,1,-236640,1.05332e+08
Cs133_g0u0500,55,133,g0u0500,Q12,7,6,0,-173845,1.05394e+08
Cs133_g0u0500,55,133,g0u0500,Q13,7,6,1,-173749,1.05395e+08
Cs133_g0u0500,55,133,g0u0500,R14,8,7,0,-133022,1.05435e+08
Cs133_g0u0500,55,133,g0u0500,R15,8,7,1,-132974,1.05435e+08
Cs133_g0u0550,55,133,g0u0550,K1,1,0,1,-6.0392e+06,9.95291e+07
Cs133_g0u0550,55,133,g0u0550,L2,2,1,0,-2.19874e+06,1.0337e+08
Cs133_g0u0550,55,133,g0u0550,L3,2,1,1,-2.13663e+06,1.03432e+08
Cs133_g0u0550,55,133,g0u0550,M4,3,2,0,-961097,1.04607e+08
Cs133_g0u0550,55,133,g0u0550,M5,3,2,1,-952358,1.04616e+08
Cs133_g0u0550,55,133,g0u0550,N6,4,3,0,-535754,1.05033e+08
Cs133_g0u0550,55,133,g0u0550,N7,4,3,1,-533930,1.05034e+08
Cs133_g0u0550,55,133,g0u0550,O8,5,4,0,-341668,1.05227e+08
Cs133_g0u0550,55,133,g0u0550,O9,5,4,1,-341113,1.05227e+08
Cs133_g0u0550,55,133,g0u0550,P10,6,5,0,-236854,1.05331e+08
Cs133_g0u0550,55,133,g0u0550,P11,6,5,1,-236640,1.05332e+08
Cs133_g0u0550,55,133,g0u0550,Q12,7,6,0,-173845,1.05394e+08
Cs133_g0u0550,55,133,g0u0550,Q13,7,6,1,-173749,1.05395e+08
Cs133_g0u0550,55,133,g0u0550,R14,8,7,0,-133022,1.05435e+08
Cs133_g0u0550,55,133,g0u0550,R15,8,7,1,-132974,1.05435e+08
Cs133_g0u0600,55,133,g0u0600,K1,1,0,1,-6.0392e+06,9.95291e+07
Cs133_g0u0600,55,133,g0u0600,L2,2,1,0,-2.19874e+06,1.0337e+08
Cs133_g0u0600,55,133,g0u0600,L3,2,1,1,-2.13663e+06,1.03432e+08
Cs133_g0u0600,55,133,g0u0600,M4,3,2,0,-961097,1.04607e+08
Cs133_g0u0600,55,133,g0u0600,M5,3,2,1,-952358,1.04616e+08
Cs133_g0u0600,55,133,g0u0600,N6,4,3,0,-535754,1.05033e+08
Cs133_g0u0600,55,133,g0u0600,N7,4,3,1,-533930,1.05034e+08
Cs133_g0u0600,55,133,g0u0600,O8,5,4,0,-341668,1.05227e+08
Cs133_g0u0600,55,133,g0u0600,O9,5,4,1,-341113,1.05227e+08
Cs133_g0u0600,55,133,g0u0600,P10,6,5,0,-236854,1.05331e+08
Cs133_g0u0600,55,133,g0u0600,P11,6,5,1,-236640,1.05332e+08
Cs133_g0u0600,55,133,g0u0600,Q12,7,6,0,-173845,1.05394e+08
Cs133_g0u0600,55,133,g0u0600,Q13,7,6,1,-173749,1.05395e+08
Cs133_g0u0600,55,133,g0u0600,R14,8,7,0,-133022,1.05435e+08
Cs133_g0u0600,55,133,g0u0600,R15,8,7,1,-132974,1.05435e+08
Cs133_g0u0700,55,133,g0u0700,K1,1,0,1,-6.0392e+06,9.95291e+07
Cs133_g0u0700,55,133,g0u0700,L2,2,1,0,-2.19874e+06,1.0337e+08
Cs133_g0u0700,55,133,g0u0700,L3,2,1,1,-2.13663e+06,1.03432e+08
Cs133_g0u0700,55,133,g0u0700,M4,3,2,0,-961097,1.04607e+08
Cs133_g0u0700,55,133,g0u0700,M5,3,2,1,-952358,1.04616e+08
Cs133_g0u0700,55,133,g0u0700,N6,4,3,0,-535754,1.05033e+08
Cs133_g0u0700,55,133,g0u0700,N7,4,3,1,-533930,1.05034e+08
Cs133_g0u0700,55,133,g0u0700,O8,5,4,0,-341668,1.05227e+08
Cs133_g0u0700,55,133,g0u0700,O9,5,4,1,-341113,1.05227e+08
Cs133_g0u0700,55,133,g0u0700,P10,6,5,0,-236854,1.05331e+08
Cs133_g0u0700,55,133,g0u0700,P11,6,5,1,-236640,1.05332e+08
Cs133_g0u0700,55,133,g0u0700,Q12,7,6,0,-173845,1.05394e+08
Cs133_g0u0700,55,133,g0u0700,Q13,7,6,1,-173749,1.05395e+08
Cs133_g0u0700,55,133,g0u0700,R14,8,7,0,-133022,1.05435e+08
Cs133_g0u0700,55,133,g0u0700,R15,8,7,1,-132974,1.05435e+08
Cs133_g0u0800,55,133,g0u0800,K1,1,0,1,-6.0392e+06,9.95291e+07
Cs133_g0u0800,55,133,g0u0800,L2,2,1,0,-2.19874e+06,1.0337e+08
Cs133_g0u0800,55,133,g0u0800,L3,2,1,1,-2.13663e+06,1.03432e+08
Cs133_g0u0800,55,133,g0u0800,M4,3,2,0,-961097,1.04607e+08
Cs133_g0u0800,55,133,g0u0800,M5,3,2,1,-952358,1.04616e+08
Cs133_g0u0800,55,133,g0u0800,N6,4,3,0,-535754,1.05033e+08
Cs133_g0u0800,55,133,g0u0800,N7,4,3,1,-533930,1.05034e+08
Cs133_g0u0800,55,133,g0u0800,O8,5,4,0,-341668,1.05227e+08
Cs133_g0u0800,55,133,g0u0800,O9,5,4,1,-341113,1.05227e+08
Cs133_g0u0800,55,133,g0u0800,P10,6,5,0,-236854,1.05331e+08
Cs133_g0u0800,55,133,g0u0800,P11,6,5,1,-236640,1.05332e+08
Cs133_g0u0800,55,133,g0u0800,Q12,7,6,0,-173845,1.05394e+08
Cs133_g0u0800,55,133,g0u0800,Q13,7,6,1,-173749,1.05395e+08
Cs133_g0u0800,55,133,g0u0800,R14,8,7,0,-133022,1.05435e+08
Cs133_g0u0800,55,133,g0u0800,R15,8,7,1,-132974,1.05435e+08
Cs133_g0u0900,55,133,g0u0900,K1,1,0,1,-6.0392e+06,9.95291e+07
Cs133_g0u0900,55,133,g0u0900,L2,2,1,0,-2.19874e+06,1.0337e+08
Cs133_g0u0900,55,133,g0u0900,L3,2,1,1,-2.13663e+06,1.03432e+08
Cs133_g0u0900,55,133,g0u0900,M4,3,2,0,-961097,1.04607e+08
Cs133_g0u0900,55,133,g0u0900,M5,3,2,1,-952358,1.04616e+08
Cs133_g0u0900,55,133,g0u0900,N6,4,3,0,-535754,1.05033e+08
Cs133_g0u0900,55,133,g0u0900,N7,4,3,1,-533930,1.05034e+08
Cs133_g0u0900,55,133,g0u0900,O8,5,4,0,-341668,1.05227e+08
Cs133_g0u0900,55,133,g0u0900,O9,5,4,1,-341113,1.05227e+08
Cs133_g0u0900,55,133,g0u0900,P10,6,5,0,-236854,1.05331e+08
Cs133_g0u0900,55,133,g0u0900,P11,6,5,1,-236640,1.05332e+08
Cs133_g0u0900,55,133,g0u0900,Q12,7,6,0,-173845,1.05394e+08
Cs133_g0u0900,55,133,g0u0900,Q13,7,6,1,-173749,1.05395e+08
Cs133_g0u0900,55,133,g0u0900,R14,8,7,0,-133022,1.05435e+08
Cs133_g0u0900,55,133,g0u0900,R15,8,7,1,-132974,1.05435e+08
Cs133_g0u1000,55,133,g0u1000,K1,1,0,1,-6.0392e+06,9.95291e+07
Cs133_g0u1000,55,133,g0u1000,L2,2,1,0,-2.19874e+06,1.0337e+08
Cs133_g0u1000,55,133,g0u1000,L3,2,1,1,-2.13663e+06,1.03432e+08
Cs133_g0u1000,55,133,g0u1000,M4,3,2,0,-961097,1.04607e+08
Cs133_g0u1000,55,133,g0u1000,M5,3,2,1,-952358,1.04616e+08
Cs133_g0u1000,55,133,g0u1000,N6,4,3,0,-535754,1.05033e+08
Cs133_g0u1000,55,133,g0u1000,N7,4,3,1,-533930,1.05034e+08
Cs133_g0u1000,55,133,g0u1000,O8,5,4,0,-341668,1.05227e+08
Cs133_g0u1000,55,133,g0u1000,O9,5,4,1,-341113,1.05227e+08
Cs133_g0u1000,55,133,g0u1000,P10,6,5,0,-236854,1.05331e+08
Cs133_g0u1000,55,133,g0u1000,P11,6,5,1,-236640,1.05332e+08
Cs133_g0u1000,55,133,g0u1000,Q12,7,6,0,-173845,1.05394e+08
Cs133_g0u1000,55,133,g0u1000,Q13,7,6,1,-173749,1.05395e+08
Cs133_g0u1000,55,133,g0u1000,R14,8,7,0,-133022,1.05435e+08
Cs133_g0u1000,55,133,g0u1000,R15,8,7,1,-132974,1.05435e+08
Cs133_g0u1100,55,133,g0u1100,K1,1,0,1,-6.0392e+06,9.95291e+07
Cs133_g0u1100,55,133,g0u1100,L2,2,1,0,-2.19874e+06,1.0337e+08
Cs133_g0u1100,55,133,g0u1100,L3,2,1,1,-2.13663e+06,1.03432e+08
Cs133_g0u1100,55,133,g0u1100,M4,3,2,0,-961097,1.04607e+08
Cs133_g0u1100,55,133,g0u1100,M5,3,2,1,-952358,1.04616e+08
Cs133_g0u1100,55,133,g0u1100,N6,4,3,0,-535754,1.05033e+08
Cs133_g0u1100,55,133,g0u1100,N7,4,3,1,-533930,1.05034e+08
Cs133_g0u1100,55,133,g0u1100,O8,5,4,0,-341668,1.05227e+08
Cs133_g0u1100,55,133,g0u1100,O9,5,4,1,-341113,1.05227e+08
Cs133_g0u1100,55,133,g0u1100,P10,6,5,0,-236854,1.05331e+08
Cs133_g0u1100,55,133,g0u1100,P11,6,5,1,-236640,1.05332e+08
Cs133_g0u1100,55,133,g0u1100,Q12,7,6,0,-173845,1.05394e+08
Cs133_g0u1100,55,133,g0u1100,Q13,7,6,1,-173749,1.05395e+08
Cs133_g0u1100,55,133,g0u1100,R14,8,7,0,-133022,1.05435e+08
Cs133_g0u1100,55,133,g0u1100,R15,8,7,1,-132974,1.05435e+08
Cs133_g0u1200,55,133,g0u1200,K1,1,0,1,-6.0392e+06,9.95291e+07
Cs133_g0u1200,55,133,g0u1200,L2,2,1,0,-2.19874e+06,1.0337e+08
Cs133_g0u1200,55,133,g0u1200,L3,2,1,1,-2.13663e+06,1.03432e+08
Cs133_g0u1200,55,133,g0u1200,M4,3,2,0,-961097,1.04607e+08
Cs133_g0u1200,55,133,g0u1200,M5,3,2,1,-952358,1.04616e+08
Cs133_g0u1200,55,133,g0u1200,N6,4,3,0,-535754,1.05033e+08
Cs133_g0u1200,55,133,g0u1200,N7,4,3,1,-533930,1.05034e+08
Cs133_g0u1200,55,133,g0u1200,O8,5,4,0,-341668,1.05227e+08
Cs133_g0u1200,55,133,g0u1200,O9,5,4,1,-341113,1.05227e+08
Cs133_g0u1200,55,133,g0u1200,P10,6,5,0,-236854,1.05331e+08
Cs133_g0u1200,55,133,g0u1200,P11,6,5,1,-236640,1.05332e+08
Cs133_g0u1200,55,133,g0u1200,Q12,7,6,0,-173845,1.05394e+08
Cs133_g0u1200,55,133,g0u1200,Q13,7,6,1,-173749,1.05395e+08
Cs133_g0u1200,55,133,g0u1200,R14,8,7,0,-133022,1.05435e+08
Cs133_g0u1200,55,133,g0u1200,R15,8,7,1,-132974,1.05435e+08
Cs133_g0u1300,55,133,g0u1300,K1,1,0,1,-6.0392e+06,9.95291e+07
Cs133_g0u1300,55,133,g0u1300,L2,2,1,0,-2.19874e+06,1.0337e+08
Cs133_g0u1300,55,133,g0u1300,L3,2,1,1,-2.13663e+06,1.03432e+08
Cs133_g0u1300,55,133,g0u1300,M4,3,2,0,-961097,1.04607e+08
Cs133_g0u1300,55,133,g0u1300,M5,3,2,1,-952358,1.04616e+08
Cs133_g0u1300,55,133,g0u1300,N6,4,3,0,-535754,1.05033e+08
Cs133_g0u1300,55,133,g0u1300,N7,4,3,1,-533930,1.05034e+08
Cs133_g0u1300,55,133,g0u1300,O8,5,4,0,-341668,1.05227e+08
Cs133_g0u1300,55,133,g0u1300,O9,5,4,1,-341113,1.05227e+08
Cs133_g0u1300,55,133,g0u1300,P10,6,5,0,-236854,1.05331e+08
Cs133_g0u1300,55,133,g0u1300,P11,6,5,1,-236640,1.05332e+08
Cs133_g0u1300,55,133,g0u1300,Q12,7,6,0,-173845,1.05394e+08
Cs133_g0u1300,55,133,g0u1300,Q13,7,6,1,-173749,1.05395e+08
Cs133_g0u1300,55,133,g0u1300,R14,8,7,0,-133022,1.05435e+08
Cs133_g0u1300,55,133,g0u1300,R15,8,7,1,-132974,1.05435e+08
Cs133_g0u1400,55,133,g0u1400,K1,1,0,1,-6.0392e+06,9.95291e+07
Cs133_g0u1400,55,133,g0u1400,L2,2,1,0,-2.19874e+06,1.0337e+08
Cs133_g0u1400,55,133,g0u1400,L3,2,1,1,-2.13663e+06,1.03432e+08
Cs133_g0u1400,55,133,g0u1400,M4,3,2,0,-961097,1.04607e+08
Cs133_g0u1400,55,133,g0u1400,M5,3,2,1,-952358,1.04616e+08
Cs133_g0u1400,55,133,g0u1400,N6,4,3,0,-535754,1.05033e+08
Cs133_g0u1400,55,133,g0u1400,N7,4,3,1,-533930,1.05034e+08
Cs133_g0u1400,55,133,g0u1400,O8,5,4,0,-341668,1.05227e+08
Cs133_g0u1400,55,133,g0u1400,O9,5,4,1,-341113,1.05227e+08
Cs133_g0u1400,55,133,g0u1400,P10,6,5,0,-236854,1.05331e+08
Cs133_g0u1400,55,133,g0u1400,P11,6,5,1,-236640,1.05332e+08
Cs133_g0u1400,55,133,g0u1400,Q12,7,6,0,-173845,1.05394e+08
Cs133_g0u1400,55,133,g0u1400,Q13,7,6,1,-173749,1.05395e+08
Cs133_g0u1400,55,133,g0u1400,R14,8,7,0,-133022,1.05435e+08
Cs133_g0u1400,55,133,g0u1400,R15,8,7,1,-132974,1.05435e+08
Cs133_g0u1500,55,133,g0u1500,K1,1,0,1,-6.03912e+06,9.95292e+07
Cs133_g0u1500,55,133,g0u1500,L2,2,1,0,-2.19873e+06,1.0337e+08
Cs133_g0u1500,55,133,g0u1500,L3,2,1,1,-2.13662e+06,1.03432e+08
Cs133_g0u1500,55,133,g0u1500,M4,3,2,0,-961097,1.04607e+08
Cs133_g0u1500,55,133,g0u1500,M5,3,2,1,-952358,1.04616e+08
Cs133_g0u1500,55,133,g0u1500,N6,4,3,0,-535754,1.05033e+08
Cs133_g0u1500,55,133,g0u1500,N7,4,3,1,-533930,1.05034e+08
Cs133_g0u1500,55,133,g0u1500,O8,5,4,0,-341668,1.05227e+08
Cs133_g0u1500,55,133,g0u1500,O9,5,4,1,-341113,1.05227e+08
Cs133_g0u1500,55,133,g0u1500,P10,6,5,0,-236854,1.05331e+08
Cs133_g0u1500,55,133,g0u1500,P11,6,5,1,-236640,1.05332e+08
Cs133_g0u1500,55,133,g0u1500,Q12,7,6,0,-173845,1.05394e+08
Cs133_g0u1500,55,133,g0u1500,Q13,7,6,1,-173749,1.05395e+08
Cs133_g0u1500,55,133,g0u1500,R14,8,7,0,-133022,1.05435e+08
Cs133_g0u1500,55,133,g0u1500,R15,8,7,1,-132974,1.05435e+08
Cs133_g0u1600,55,133,g0u1600,K1,1,0,1,-6.03923e+06,9.9529e+07
Cs133_g0u1600,55,133,g0u1600,L2,2,1,0,-2.19874e+06,1.0337e+08
Cs133_g0u1600,55,133,g0u1600,L3,2,1,1,-2.13663e+06,1.03432e+08
Cs133_g0u1600,55,133,g0u1600,M4,3,2,0,-961097,1.04607e+08
Cs133_g0u1600,55,133,g0u1600,M5,3,2,1,-952358,1.04616e+08
Cs133_g0u1600,55,133,g0u1600,N6,4,3,0,-535754,1.05033e+08
Cs133_g0u1600,55,133,g0u1600,N7,4,3,1,-533930,1.05034e+08
Cs133_g0u1600,55,133,g0u1600,O8,5,4,0,-341668,1.05227e+08
Cs133_g0u1600,55,133,g0u1600,O9,5,4,1,-341113,1.05227e+08
Cs133_g0u1600,55,133,g0u1600,P10,6,5,0,-236854,1.05331e+08
Cs133_g0u1600,55,133,g0u1600,P11,6,5,1,-236640,1.05332e+08
Cs133_g0u1600,55,133,g0u1600,Q12,7,6,0,-173845,1.05394e+08
Cs133_g0u1600,55,133,g0u1600,Q13,7,6,1,-173749,1.05395e+08
Cs133_g0u1600,55,133,g0u1600,R14,8,7,0,-133022,1.05435e+08
Cs133_g0u1600,55,133,g0u1600,R15,8,7,1,-132974,1.05435e+08
Cs133_g0u1700,55,133,g0u1700,K1,1,0,1,-6.12426e+06,9.9444e+07
Cs133_g0u1700,55,133,g0u1700,L2,2,1,0,-2.20788e+06,1.0336e+08
Cs133_g0u1700,55,133,g0u1700,L3,2,1,1,-2.14369e+06,1.03425e+08
Cs133_g0u1700,55,133,g0u1700,M4,3,2,0,-961168,1.04607e+08
Cs133_g0u1700,55,133,g0u1700,M5,3,2,1,-952400,1.04616e+08
Cs133_g0u1700,55,133,g0u1700,N6,4,3,0,-535754,1.05033e+08
Cs133_g0u1700,55,133,g0u1700,N7,4,3,1,-533930,1.05034e+08
Cs133_g0u1700,55,133,g0u1700,O8,5,4,0,-341668,1.05227e+08
Cs133_g0u1700,55,133,g0u1700,O9,5,4,1,-341113,1.05227e+08
Cs133_g0u1700,55,133,g0u1700,P10,6,5,0,-236854,1.05331e+08
Cs133_g0u1700,55,133,g0u1700,P11,6,5,1,-236640,1.05332e+08
Cs133_g0u1700,55,133,g0u1700,Q12,7,6,0,-173845,1.05394e+08
Cs133_g0u1700,55,133,g0u1700,Q13,7,6,1,-173749,1.05395e+08
Cs133_g0u1700,55,133,g0u1700,R14,8,7,0,-133022,1.05435e+08
Cs133_g0u1700,55,133,g0u1700,R15,8,7,1,-132974,1.05435e+08
Cs133_g2u1000,55,133,g2u1000,K1,1,0,1,-6.03921e+06,9.95291e+07
Cs133_g2u1000,55,133,g2u1000,L2,2,1,0,-2.19874e+06,1.0337e+08
Cs133_g2u1000,55,133,g2u1000,L3,2,1,1,-2.13663e+06,1.03432e+08
Cs133_g2u1000,55,133,g2u1000,M4,3,2,0,-961097,1.04607e+08
Cs133_g2u1000,55,133,g2u1000,M5,3,2,1,-952358,1.04616e+08
Cs133_g2u1000,55,133,g2u1000,N6,4,3,0,-535754,1.05033e+08
Cs133_g2u1000,55,133,g2u1000,N7,4,3,1,-533930,1.05034e+08
Cs133_g2u1000,55,133,g2u1000,O8,5,4,0,-341668,1.05227e+08
Cs133_g2u1000,55,133,g2u1000,O9,5,4,1,-341113,1.05227e+08
Cs133_g2u1000,55,133,g2u1000,P10,6,5,0,-236854,1.05331e+08
Cs133_g2u1000,55,133,g2u1000,P11,6,5,1,-236640,1.05332e+08
Cs133_g2u1000,55,133,g2u1000,Q12,7,6,0,-173845,1.05394e+08
Cs133_g2u1000,55,133,g2u1000,Q13,7,6,1,-173749,1.05395e+08
Cs133_g2u1000,55,133,g2u1000,R14,8,7,0,-133022,1.05435e+08
Cs133_g2u1000,55,133,g2u1000,R15,8,7,1,-132974,1.05435e+08
Au197_g0u0050,79,197,g0u0050,K1,1,0,1,-1.00779e+07,9.55197e+07
Au197_g0u0050,79,197,g0u0050,L2,2,1,0,-4.48492e+06,1.01113e+08
Au197_g0u0050,79,197,g0u0050,L3,2,1,1,-4.31561e+06,1.01282e+08
Au197_g0u0050,79,197,g0u0050,M4,3,2,0,-2.01276e+06,1.03585e+08
Au197_g0u0050,79,197,g0u0050,M5,3,2,1,-1.9758e+06,1.03622e+08
Au197_g0u0050,79,197,g0u0050,N6,4,3,0,-1.11365e+06,1.04484e+08
Au197_g0u0050,79,197,g0u0050,N7,4,3,1,-1.10576e+06,1.04492e+08
Au197_g0u0050,79,197,g0u0050,O8,5,4,0,-708024,1.0489e+08
Au197_g0u0050,79,197,g0u0050,O9,5,4,1,-705635,1.04892e+08
Au197_g0u0050,79,197,g0u0050,P10,6,5,0,-490106,1.05107e+08
Au197_g0u0050,79,197,g0u0050,P11,6,5,1,-489191,1.05108e+08
Au197_g0u0050,79,197,g0u0050,Q12,7,6,0,-359430,1.05238e+08
Au197_g0u0050,79,197,g0u0050,Q13,7,6,1,-359020,1.05239e+08
Au197_g0u0050,79,197,g0u0050,R14,8,7,0,-274886,1.05323e+08
Au197_g0u0050,79,197,g0u0050,R15,8,7,1,-274681,1.05323e+08
Au197_g0u0100,79,197,g0u0100,K1,1,0,1,-1.00787e+07,9.55189e+07
Au197_g0u0100,79,197,g0u0100,L2,2,1,0,-4.48505e+06,1.01113e+08
Au197_g0u0100,79,197,g0u0100,L3,2,1,1,-4.31571e+06,1.01282e+08
Au197_g0u0100,79,197,g0u0100,M4,3,2,0,-2.01277e+06,1.03585e+08
Au197_g0u0100,79,197,g0u0100,M5,3,2,1,-1.97581e+06,1.03622e+08
Au197_g0u0100,79,197,g0u0100,N6,4,3,0,-1.11365e+06,1.04484e+08
Au197_g0u0100,79,197,g0u0100,N7,4,3,1,-1.10576e+06,1.04492e+08
Au197_g0u0100,79,197,g0u0100,O8,5,4,0,-708025,1.0489e+08
Au197_g0u0100,79,197,g0u0100,O9,5,4,1,-705636,1.04892e+08
Au197_g0u0100,79,197,g0u0100,P10,6,5,0,-490106,1.05107e+08
Au197_g0u0100,79,197,g0u0100,P11,6,5,1,-489192,1.05108e+08
Au197_g0u0100,79,197,g0u0100,Q12,7,6,0,-359430,1.05238e+08
Au197_g0u0100,79,197,g0u0100,Q13,7,6,1,-359021,1.05239e+08
Au197_g0u0100,79,197,g0u0100,R14,8,7,0,-274887,1.05323e+08
Au197_g0u0100,79,197,g0u0100,R15,8,7,1,-274681,1.05323e+08
Au197_g0u0150,79,197,g0u0150,K1,1,0,1,-1.00788e+07,9.55188e+07
Au197_g0u0150,79,197,g0u0150,L2,2,1,0,-4.48507e+06,1.01112e+08
Au197_g0u0150,79,197,g0u0150,L3,2,1,1,-4.31572e+06,1.01282e+08
Au197_g0u0150,79,197,g0u0150,M4,3,2,0,-2.01277e+06,1.03585e+08
Au197_g0u0150,79,197,g0u0150,M5,3,2,1,-1.97581e+06,1.03622e+08
Au197_g0u0150,79,197,g0u0150,N6,4,3,0,-1.11365e+06,1.04484e+08
Au197_g0u0150,79,197,g0u0150,N7,4,3,1,-1.10576e+06,1.04492e+08
Au197_g0u0150,79,197,g0u0150,O8,5,4,0,-708025,1.0489e+08
Au197_g0u0150,79,197,g0u0150,O9,5,4,1,-705637,1.04892e+08
Au197_g0u0150,79,197,g0u0150,P10,6,5,0,-490107,1.05107e+08
Au197_g0u0150,79,197,g0u0150,P11,6,5,1,-489192,1.05108e+08
Au197_g0u0150,79,197,g0u0150,Q12,7,6,0,-359430,1.05238e+08
Au197_g0u0150,79,197,g0u0150,Q13,7,6,1,-359021,1.05239e+08
Au197_g0u0150,79,197,g0u0150,R14,8,7,0,-274887,1.05323e+08
Au197_g0u0150,79,197,g0u0150,R15,8,7,1,-274682,1.05323e+08
Au197_g0u0200,79,197,g0u0200,K1,1,0,1,-1.00788e+07,9.55187e+07
Au197_g0u0200,79,197,g0u0200,L2,2,1,0,-4.48508e+06,1.01112e+08
Au197_g0u0200,79,197,g0u0200,L3,2,1,1,-4.31573e+06,1.01282e+08
Au197_g0u0200,79,197,g0u0200,M4,3,2,0,-2.01277e+06,1.03585e+08
Au197_g0u0200,79,197,g0u0200,M5,3,2,1,-1.97581e+06,1.03622e+08
Au197_g0u0200,79,197,g0u0200,N6,4,3,0,-1.11365e+06,1.04484e+08
Au197_g0u0200,79,197,g0u0200,N7,4,3,1,-1.10576e+06,1.04492e+08
Au197_g0u0200,79,197,g0u0200,O8,5,4,0,-708026,1.0489e+08
Au197_g0u0200,79,197,g0u0200,O9,5,4,1,-705637,1.04892e+08
Au197_g0u0200,79,197,g0u0200,P10,6,5,0,-490107,1.05107e+08
Au197_g0u0200,79,197,g0u0200,P11,6,5,1,-489192,1.05108e+08
Au197_g0u0200,79,197,g0u0200,Q12,7,6,0,-359430,1.05238e+08
Au197_g0u0200,79,197,g0u0200,Q13,7,6,1,-359021,1.05239e+08
Au197_g0u0200,79,197,g0u0200,R14,8,7,0,-274887,1.05323e+08
Au197_g0u0200,79,197,g0u0200,R15,8,7,1,-274682,1.05323e+08
Au197_g0u0250,79,197,g0u0250,K1,1,0,1,-1.00788e+07,9.55187e+07
Au197_g0u0250,79,197,g0u0250,L2,2,1,0,-4.48508e+06,1.01112e+08
Au197_g0u0250,79,197,g0u0250,L3,2,1,1,-4.31573e+06,1.01282e+08
Au197_g0u0250,79,197,g0u0250,M4,3,2,0,-2.01277e+06,1.03585e+08
Au197_g0u0250,79,197,g0u0250,M5,3,2,1,-1.97581e+06,1.03622e+08
Au197_g0u0250,79,197,g0u0250,N6,4,3,0,-1.11365e+06,1.04484e+08
Au197_g0u0250,79,197,g0u0250,N7,4,3,1,-1.10576e+06,1.04492e+08
Au197_g0u0250,79,197,g0u0250,O8,5,4,0,-708026,1.0489e+08
Au197_g0u0250,79,197,g0u0250,O9,5,4,1,-705637,1.04892e+08
Au197_g0u0250,79,197,g0u0250,P10,6,5,0,-490107,1.05107e+08
Au197_g0u0250,79,197,g0u0250,P11,6,5,1,-489192,1.05108e+08
Au197_g0u0250,79,197,g0u0250,Q12,7,6,0,-359430,1.05238e+08
Au197_g0u0250,79,197,g0u0250,Q13,7,6,1,-359021,1.05239e+08
Au197_g0u0250,79,197,g0u0250,R14,8,7,0,-274887,1.05323e+08
Au197_g0u0250,79,197,g0u0250,R15,8,7,1,-274682,1.05323e+08
Au197_g0u0300,79,197,g0u0300,K1,1,0,1,-1.00789e+07,9.55187e+07
Au197_g0u0300,79,197,g0u0300,L2,2,1,0,-4.48509e+06,1.01112e+08
Au197_g0u0300,79,197,g0u0300,L3,2,1,1,-4.31573e+06,1.01282e+08
Au197_g0u0300,79,197,g0u0300,M4,3,2,0,-2.01277e+06,1.03585e+08
Au197_g0u0300,79,197,g0u0300,M5,3,2,1,-1.97581e+06,1.03622e+08
Au197_g0u0300,79,197,g0u0300,N6,4,3,0,-1.11365e+06,1.04484e+08
Au197_g0u0300,79,197,g0u0300,N7,4,3,1,-1.10576e+06,1.04492e+08
Au197_g0u0300,79,197,g0u0300,O8,5,4,0,-708026,1.0489e+08
Au197_g0u0300,79,197,g0u0300,O9,5,4,1,-705637,1.04892e+08
Au197_g0u0300,79,197,g0u0300,P10,6,5,0,-490107,1.05107e+08
Au197_g0u0300,79,197,g0u0300,P11,6,5,1,-489192,1.05108e+08
Au197_g0u0300,79,197,g0u0300,Q12,7,6,0,-359430,1.05238e+08
Au197_g0u0300,79,197,g0u0300,Q13,7,6,1,-359021,1.05239e+08
Au197_g0u0300,79,197,g0u0300,R14,8,7,0,-274887,1.05323e+08
Au197_g0u0300,79,197,g0u0300,R15,8,7,1,-274682,1.05323e+08
Au197_g0u0350,79,197,g0u0350,K1,1,0,1,-1.00789e+07,9.55187e+07
Au197_g0u0350,79,197,g0u0350,L2,2,1,0,-4.48509e+06,1.01112e+08
Au197_g0u0350,79,197,g0u0350,L3,2,1,1,-4.31573e+06,1.01282e+08
Au197_g0u0350,79,197,g0u0350,M4,3,2,0,-2.01277e+06,1.03585e+08
Au197_g0u0350,79,197,g0u0350,M5,3,2,1,-1.97581e+06,1.03622e+08
Au197_g0u0350,79,197,g0u0350,N6,4,3,0,-1.11365e+06,1.04484e+08
Au197_g0u0350,79,197,g0u0350,N7,4,3,1,-1.10576e+06,1.04492e+08
Au197_g0u0350,79,197,g0u0350,O8,5,4,0,-708026,1.0489e+08
Au197_g0u0350,79,197,g0u0350,O9,5,4,1,-705637,1.04892e+08
Au197_g0u0350,79,197,g0u0350,P10,6,5,0,-490107,1.05107e+08
Au197_g0u0350,79,197,g0u0350,P11,6,5,1,-489192,1.05108e+08
Au197_g0u0350,79,197,g0u0350,Q12,7,6,0,-359430,1.05238e+08
Au197_g0u0350,79,197,g0u0350,Q13,7,6,1,-359021,1.05239e+08
Au197_g0u0350,79,197,g0u0350,R14,8,7,0,-274887,1.05323e+08
Au197_g0u0350,79,197,g0u0350,R15,8,7,1,-274682,1.05323e+08
Au197_g0u0400,79,197,g0u0400,K1,1,0,1,-1.00789e+07,9.55187e+07
Au197_g0u0400,79,197,g0u0400,L2,2,1,0,-4.48509e+06,1.01112e+08
Au197_g0u0400,79,197,g0u0400,L3,2,1,1,-4.31574e+06,1.01282e+08
Au197_g0u0400,79,197,g0u0400,M4,3,2,0,-2.01277e+06,1.03585e+08
Au197_g0u0400,79,197,g0u0400,M5,3,2,1,-1.97581e+06,1.03622e+08
Au197_g0u0400,79,197,g0u0400,N6,4,3,0,-1.11365e+06,1.04484e+08
Au197_g0u0400,79,197,g0u0400,N7,4,3,1,-1.10576e+06,1.04492e+08
Au197_g0u0400,79,197,g0u0400,O8,5,4,0,-708026,1.0489e+08
Au197_g0u0400,79,197,g0u0400,O9,5,4,1,-705637,1.04892e+08
Au197_g0u0400,79,197,g0u0400,P10,6,5,0,-490107,1.05107e+08
Au197_g0u0400,79,197,g0u0400,P11,6,5,1,-489192,1.05108e+08
Au197_g0u0400,79,197,g0u0400,Q12,7,6,0,-359430,1.05238e+08
Au197_g0u0400,79,197,g0u0400,Q13,7,6,1,-359021,1.05239e+08
Au197_g0u0400,79,197,g0u0400,R14,8,7,0,-274887,1.05323e+08
Au197_g0u0400,79,197,g0u0400,R15,8,7,1,-274682,1.05323e+08
Au197_g0u0450,79,197,g0u0450,K1,1,0,1,-1.00789e+07,9.55187e+07
Au197_g0u0450,79,197,g0u0450,L2,2,1,0,-4.48509e+06,1.01112e+08
Au197_g0u0450,79,197,g0u0450,L3,2,1,1,-4.31574e+06,1.01282e+08
Au197_g0u0450,79,197,g0u0450,M4,3,2,0,-2.01277e+06,1.03585e+08
Au197_g0u0450,79,197,g0u0450,M5,3,2,1,-1.97581e+06,1.03622e+08
Au197_g0u0450,79,197,g0u0450,N6,4,3,0,-1.11365e+06,1.04484e+08
Au197_g0u0450,79,197,g0u0450,N7,4,3,1,-1.10576e+06,1.04492e+08
Au197_g0u0450,79,197,g0u0450,O8,5,4,0,-708026,1.0489e+08
Au197_g0u0450,79,197,g0u0450,O9,5,4,1,-705637,1.04892e+08
Au197_g0u0450,79,197,g0u0450,P10,6,5,0,-490107,1.05107e+08
Au197_g0u0450,79,197,g0u0450,P11,6,5,1,-489192,1.05108e+08
Au197_g0u0450,79,197,g0u0450,Q12,7,6,0,-359430,1.05238e+08
Au197_g0u0450,79,197,g0u0450,Q13,7,6,1,-359021,1.05239e+08
Au197_g0u0450,79,197,g0u0450,R14,8,7,0,-274887,1.05323e+08
Au197_g0u0450,79,197,g0u0450,R15,8,7,1,-274682,1.05323e+08
Au197_g0u0500,79,197,g0u0500,K1,1,0,1,-1.00789e+07,9.55187e+07
Au197_g0u0500,79,197,g0u0500,L2,2,1,0,-4.48509e+06,1.01112e+08
Au197_g0u0500,79,197,g0u0500,L3,2,1,1,-4.31574e+06,1.01282e+08
Au197_g0u0500,79,197,g0u0500,M4,3,2,0,-2.01277e+06,1.03585e+08
Au197_g0u0500,79,197,g0u0500,M5,3,2,1,-1.97581e+06,1.03622e+08
Au197_g0u0500,79,197,g0u0500,N6,4,3,0,-1.11365e+06,1.04484e+08
Au197_g0u0500,79,197,g0u0500,N7,4,3,1,-1.10576e+06,1.04492e+08
Au197_g0u0500,79,197,g0u0500,O8,5,4,0,-708026,1.0489e+08
Au197_g0u0500,79,197,g0u0500,O9,5,4,1,-705637,1.04892e+08
Au197_g0u0500,79,197,g0u0500,P10,6,5,0,-490107,1.05107e+08
Au197_g0u0500,79,197,g0u0500,P11,6,5,1,-489192,1.05108e+08
Au197_g0u0500,79,197,g0u0500,Q12,7,6,0,-359430,1.05238e+08
Au197_g0u0500,79,197,g0u0500,Q13,7,6,1,-359021,1.05239e+08
Au197_g0u0500,79,197,g0u0500,R14,8,7,0,-274887,1.05323e+08
Au197_g0u0500,79,197,g0u0500,R15,8,7,1,-274682,1.05323e+08
Au197_g0u0550,79,197,g0u0550,K1,1,0,1,-1.00789e+07,9.55187e+07
Au197_g0u0550,79,197,g0u0550,L2,2,1,0,-4.48509e+06,1.01112e+08
Au197_g0u0550,79,197,g0u0550,L3,2,1,1,-4.31574e+06,1.01282e+08
Au197_g0u0550,79,197,g0u0550,M4,3,2,0,-2.01277e+06,1.03585e+08
Au197_g0u0550,79,197,g0u0550,M5,3,2,1,-1.97581e+06,1.03622e+08
Au197_g0u0550,79,197,g0u0550,N6,4,3,0,-1.11365e+06,1.04484e+08
Au197_g0u0550,79,197,g0u0550,N7,4,3,1,-1.10576e+06,1.04492e+08
Au197_g0u0550,79,197,g0u0550,O8,5,4,0,-708026,1.0489e+08
Au197_g0u0550,79,197,g0u0550,O9,5,4,1,-705637,1.04892e+08
Au197_g0u0550,79,197,g0u0550,P10,6,5,0,-490107,1.05107e+08
Au197_g0u0550,79,197,g0u0550,P11,6,5,1,-489192,1.05108e+08
Au197_g0u0550,79,197,g0u0550,Q12,7,6,0,-359430,1.05238e+08
Au197_g0u0550,79,197,g0u0550,Q13,7,6,1,-359021,1.05239e+08
Au197_g0u0550,79,197,g0u0550,R14,8,7,0,-274887,1.05323e+08
Au197_g0u0550,79,197,g0u0550,R15,8,7,1,-274682,1.05323e+08
Au197_g0u0600,79,197,g0u0600,K1,1,0,1,-1.00789e+07,9.55187e+07
Au197_g0u0600,79,197,g0u0600,L2,2,1,0,-4.48509e+06,1.01112e+08
Au197_g0u0600,79,197,g0u0600,L3,2,1,1,-4.31574e+06,1.01282e+08
Au197_g0u0600,79,197,g0u0600,M4,3,2,0,-2.01277e+06,1.03585e+08
Au197_g0u0600,79,197,g0u0600,M5,3,2,1,-1.97581e+06,1.03622e+08
Au197_g0u0600,79,197,g0u0600,N6,4,3,0,-1.11365e+06,1.04484e+08
Au197_g0u0600,79,197,g0u0600,N7,4,3,1,-1.10576e+06,1.04492e+08
Au197_g0u0600,79,197,g0u0600,O8,5,4,0,-708026,1.0489e+08
Au197_g0u0600,79,197,g0u0600,O9,5,4,1,-705637,1.04892e+08
Au197_g0u0600,79,197,g0u0600,P10,6,5,0,-490107,1.05107e+08
Au197_g0u0600,79,197,g0u0600,P11,6,5,1,-489192,1.05108e+08
Au197_g0u0600,79,197,g0u0600,Q12,7,6,0,-359430,1.05238e+08
Au197_g0u0600,79,197,g0u0600,Q13,7,6,1,-359021,1.05239e+08
Au197_g0u0600,79,197,g0u0600,R14,8,7,0,-274887,1.05323e+08
Au197_g0u0600,79,197,g0u0600,R15,8,7,1,-274682,1.05323e+08
Au197_g0u0700,79,197,g0u0700,K1,1,0,1,-1.00789e+07,9.55187e+07
Au197_g0u0700,79,197,g0u0700,L2,2,1,0,-4.48509e+06,1.01112e+08
Au197_g0u0700,79,197,g0u0700,L3,2,1,1,-4.31574e+06,1.01282e+08
Au197_g0u0700,79,197,g0u0700,M4,3,2,0,-2.01277e+06,1.03585e+08
Au197_g0u0700,79,197,g0u0700,M5,3,2,1,-1.97581e+06,1.03622e+08
Au197_g0u0700,79,197,g0u0700,N6,4,3,0,-1.11365e+06,1.04484e+08
Au197_g0u0700,79,197,g0u0700,N7,4,3,1,-1.10576e+06,1.04492e+08
Au197_g0u0700,79,197,g0u0700,O8,5,4,0,-708026,1.0489e+08
Au197_g0u0700,79,197,g0u0700,O9,5,4,1,-705637,1.04892e+08
Au197_g0u0700,79,197,g0u0700,P10,6,5,0,-490107,1.05107e+08
Au197_g0u0700,79,197,g0u0700,P11,6,5,1,-489192,1.05108e+08
Au197_g0u0700,79,197,g0u0700,Q12,7,6,0,-359430,1.05238e+08
Au197_g0u0700,79,197,g0u0700,Q13,7,6,1,-359021,1.05239e+08
Au197_g0u0700,79,197,g0u0700,R14,8,7,0,-274887,1.05323e+08
Au197_g0u0700,79,197,g0u0700,R15,8,7,1,-274682,1.05323e+08
Au197_g0u0800,79,197,g0u0800,K1,1,0,1,-1.00789e+07,9.55187e+07
Au197_g0u0800,79,197,g0u0800,L2,2,1,0,-4.48509e+06,1.01112e+08
Au197_g0u0800,79,197,g0u0800,L3,2,1,1,-4.31574e+06,1.01282e+08
Au197_g0u0800,79,197,g0u0800,M4,3,2,0,-2.01277e+06,1.03585e+08
Au197_g0u0800,79,197,g0u0800,M5,3,2,1,-1.97581e+06,1.03622e+08
Au197_g0u0800,79,197,g0u0800,N6,4,3,0,-1.11365e+06,1.04484e+08
Au197_g0u0800,79,197,g0u0800,N7,4,3,1,-1.10576e+06,1.04492e+08
Au197_g0u0800,79,197,g0u0800,O8,5,4,0,-708026,1.0489e+08
Au197_g0u0800,79,197,g0u0800,O9,5,4,1,-705637,1.04892e+08
Au197_g0u0800,79,197,g0u0800,P10,6,5,0,-490107,1.05107e+08
Au197_g0u0800,79,197,g0u0800,P11,6,5,1,-489192,1.05108e+08
Au197_g0u0800,79,197,g0u0800,Q12,7,6,0,-359431,1.05238e+08
Au197_g0u0800,79,197,g0u0800,Q13,7,6,1,-359021,1.05239e+08
Au197_g0u0800,79,197,g0u0800,R14,8,7,0,-274887,1.05323e+08
Au197_g0u0800,79,197,g0u0800,R15,8,7,1,-274682,1.05323e+08
Au197_g0u0900,79,197,g0u0900,K1,1,0,1,-1.00789e+07,9.55187e+07
Au197_g0u0900,79,197,g0u0900,L2,2,1,0,-4.48509e+06,1.01112e+08
Au197_g0u0900,79,197,g0u0900,L3,2,1,1,-4.31574e+06,1.01282e+08
Au197_g0u0900,79,197,g0u0900,M4,3,2,0,-2.01277e+06,1.03585e+08
Au197_g0u0900,79,197,g0u0900,M5,3,2,1,-1.97581e+06,1.03622e+08
Au197_g0u0900,79,197,g0u0900,N6,4,3,0,-1.11365e+06,1.04484e+08
Au197_g0u0900,79,197,g0u0900,N7,4,3,1,-1.10576e+06,1.04492e+08
Au197_g0u0900,79,197,g0u0900,O8,5,4,0,-708026,1.0489e+08
Au197_g0u0900,79,197,g0u0900,O9,5,4,1,-705637,1.04892e+08
Au197_g0u0900,79,197,g0u0900,P10,6,5,0,-490107,1.05107e+08
Au197_g0u0900,79,197,g0u0900,P11,6,5,1,-489192,1.05108e+08
Au197_g0u0900,79,197,g0u0900,Q12,7,6,0,-359431,1.05238e+08
Au197_g0u0900,79,197,g0u0900,Q13,7,6,1,-359021,1.05239e+08
Au197_g0u0900,79,197,g0u0900,R14,8,7,0,-274887,1.05323e+08
Au197_g0u0900,79,197,g0u0900,R15,8,7,1,-274682,1.05323e+08
Au197_g0u1000,79,197,g0u1000,K1,1,0,1,-1.00789e+07,9.55187e+07
Au197_g0u1000,79,197,g0u1000,L2,2,1,0,-4.48509e+06,1.01112e+08
Au197_g0u1000,79,197,g0u1000,L3,2,1,1,-4.31574e+06,1.01282e+08
Au197_g0u1000,79,197,g0u1000,M4,3,2,0,-2.01277e+06,1.03585e+08
Au197_g0u1000,79,197,g0u1000,M5,3,2,1,-1.97581e+06,1.03622e+08
Au197_g0u1000,79,197,g0u1000,N6,4,3,0,-1.11365e+06,1.04484e+08
Au197_g0u1000,79,197,g0u1000,N7,4,3,1,-1.10576e+06,1.04492e+08
Au197_g0u1000,79,197,g0u1000,O8,5,4,0,-708026,1.0489e+08
Au197_g0u1000,79,197,g0u1000,O9,5,4,1,-705637,1.04892e+08
Au197_g0u1000,79,197,g0u1000,P10,6,5,0,-490107,1.05107e+08
Au197_g0u1000,79,197,g0u1000,P11,6,5,1,-489192,1.05108e+08
Au197_g0u1000,79,197,g0u1000,Q12,7,6,0,-359431,1.05238e+08
Au197_g0u1000,79,197,g0u1000,Q13,7,6,1,-359021,1.05239e+08
Au197_g0u1000,79,197,g0u1000,R14,8,7,0,-274887,1.05323e+08
Au197_g0u1000,79,197,g0u1000,R15,8,7,1,-274682,1.05323e+08
Au197_g0u1100,79,197,g0u1100,K1,1,0,1,-1.00789e+07,9.55187e+07
Au197_g0u1100,79,197,g0u1100,L2,2,1,0,-4.48509e+06,1.01112e+08
Au197_g0u1100,79,197,g0u1100,L3,2,1,1,-4.31574e+06,1.01282e+08
Au197_g0u1100,79,197,g0u1100,M4,3,2,0,-2.01277e+06,1.03585e+08
Au197_g0u1100,79,197,g0u1100,M5,3,2,1,-1.97581e+06,1.03622e+08
Au197_g0u1100,79,197,g0u1100,N6,4,3,0,-1.11365e+06,1.04484e+08
Au197_g0u1100,79,197,g0u1100,N7,4,3,1,-1.10576e+06,1.04492e+08
Au197_g0u1100,79,197,g0u1100,O8,5,4,0,-708026,1.0489e+08
Au197_g0u1100,79,197,g0u1100,O9,5,4,1,-705637,1.04892e+08
Au197_g0u1100,79,197,g0u1100,P10,6,5,0,-490107,1.05107e+08
Au197_g0u1100,79,197,g0u1100,P11,6,5,1,-489192,1.05108e+08
Au197_g0u1100,79,197,g0u1100,Q12,7,6,0,-359431,1.05238e+08
Au197_g0u1100,79,197,g0u1100,Q13,7,6,1,-359021,1.05239e+08
Au197_g0u1100,79,197,g0u1100,R14,8,7,0,-274887,1.05323e+08
Au197_g0u1100,79,197,g0u1100,R15,8,7,1,-274682,1.05323e+08
Au197_g0u1200,79,197,g0u1200,K1,1,0,1,-1.00789e+07,9.55187e+07
Au197_g0u1200,79,197,g0u1200,L2,2,1,0,-4.48509e+06,1.01112e+08
Au197_g0u1200,79,197,g0u1200,L3,2,1,1,-4.31574e+06,1.01282e+08
Au197_g0u1200,79,197,g0u1200,M4,3,2,0,-2.01277e+06,1.03585e+08
Au197_g0u1200,79,197,g0u1200,M5,3,2,1,-1.97581e+06,1.03622e+08
Au197_g0u1200,79,197,g0u1200,N6,4,3,0,-1.11365e+06,1.04484e+08
Au197_g0u1200,79,197,g0u1200,N7,4,3,1,-1.10576e+06,1.04492e+08
Au197_g0u1200,79,197,g0u1200,O8,5,4,0,-708026,1.0489e+08
Au197_g0u1200,79,197,g0u1200,O9,5,4,1,-705637,1.04892e+08
Au197_g0u1200,79,197,g0u1200,P10,6,5,0,-490107,1.05107e+08
Au197_g0u1200,79,197,g0u1200,P11,6,5,1,-489192,1.05108e+08
Au197_g0u1200,79,197,g0u1200,Q12,7,6,0,-359431,1.05238e+08
Au197_g0u1200,79,197,g0u1200,Q13,7,6,1,-359021,1.05239e+08
Au197_g0u1200,79,197,g0u1200,R14,8,7,0,-274887,1.05323e+08
Au197_g0u1200,79,197,g0u1200,R15,8,7,1,-274682,1.05323e+08
Au197_g0u1300,79,197,g0u1300,K1,1,0,1,-1.00789e+07,9.55187e+07
Au197_g0u1300,79,197,g0u1300,L2,2,1,0,-4.48509e+06,1.01112e+08
Au197_g0u1300,79,197,g0u1300,L3,2,1,1,-4.31574e+06,1.01282e+08
Au197_g0u1300,79,197,g0u1300,M4,3,2,0,-2.01277e+06,1.03585e+08
Au197_g0u1300,79,197,g0u1300,M5,3,2,1,-1.97581e+06,1.03622e+08
Au197_g0u1300,79,197,g0u1300,N6,4,3,0,-1.11365e+06,1.04484e+08
Au197_g0u1300,79,197,g0u1300,N7,4,3,1,-1.10576e+06,1.04492e+08
Au197_g0u1300,79,197,g0u1300,O8,5,4,0,-708026,1.0489e+08
Au197_g0u1300,79,197,g0u1300,O9,5,4,1,-705637,1.04892e+08
Au197_g0u1300,79,197,g0u1300,P10,6,5,0,-490107,1.05107e+08
Au197_g0u1300,79,197,g0u1300,P11,6,5,1,-489192,1.05108e+08
Au197_g0u1300,79,197,g0u1300,Q12,7,6,0,-359431,1.05238e+08
Au197_g0u1300,79,197,g0u1300,Q13,7,6,1,-359021,1.05239e+08
Au197_g0u1300,79,197,g0u1300,R14,8,7,0,-274887,1.05323e+08
Au197_g0u1300,79,197,g0u1300,R15,8,7,1,-274682,1.05323e+08
Au197_g0u1400,79,197,g0u1400,K1,1,0,1,-1.0078e+07,9.55195e+07
Au197_g0u1400,79,197,g0u1400,L2,2,1,0,-4.48481e+06,1.01113e+08
Au197_g0u1400,79,197,g0u1400,L3,2,1,1,-4.3155e+06,1.01282e+08
Au197_g0u1400,79,197,g0u1400,M4,3,2,0,-2.01276e+06,1.03585e+08
Au197_g0u1400,79,197,g0u1400,M5,3,2,1,-1.9758e+06,1.03622e+08
Au197_g0u1400,79,197,g0u1400,N6,4,3,0,-1.11365e+06,1.04484e+08
Au197_g0u1400,79,197,g0u1400,N7,4,3,1,-1.10576e+06,1.04492e+08
Au197_g0u1400,79,197,g0u1400,O8,5,4,0,-708026,1.0489e+08
Au197_g0u1400,79,197,g0u1400,O9,5,4,1,-705637,1.04892e+08
Au197_g0u1400,79,197,g0u1400,P10,6,5,0,-490107,1.05107e+08
Au197_g0u1400,79,197,g0u1400,P11,6,5,1,-489192,1.05108e+08
Au197_g0u1400,79,197,g0u1400,Q12,7,6,0,-359431,1.05238e+08
Au197_g0u1400,79,197,g0u1400,Q13,7,6,1,-359021,1.05239e+08
Au197_g0u1400,79,197,g0u1400,R14,8,7,0,-274887,1.05323e+08
Au197_g0u1400,79,197,g0u1400,R15,8,7,1,-274682,1.05323e+08
Au197_g0u1500,79,197,g0u1500,K1,1,0,1,-1.00612e+07,9.55364e+07
Au197_g0u1500,79,197,g0u1500,L2,2,1,0,-4.47964e+06,1.01118e+08
Au197_g0u1500,79,197,g0u1500,L3,2,1,1,-4.31117e+06,1.01286e+08
Au197_g0u1500,79,197,g0u1500,M4,3,2,0,-2.0126e+06,1.03585e+08
Au197_g0u1500,79,197,g0u1500,M5,3,2,1,-1.97571e+06,1.03622e+08
Au197_g0u1500,79,197,g0u1500,N6,4,3,0,-1.11365e+06,1.04484e+08
Au197_g0u1500,79,197,g0u1500,N7,4,3,1,-1.10576e+06,1.04492e+08
Au197_g0u1500,79,197,g0u1500,O8,5,4,0,-708026,1.0489e+08
Au197_g0u1500,79,197,g0u1500,O9,5,4,1,-705637,1.04892e+08
Au197_g0u1500,79,197,g0u1500,P10,6,5,0,-490107,1.05107e+08
Au197_g0u1500,79,197,g0u1500,P11,6,5,1,-489192,1.05108e+08
Au197_g0u1500,79,197,g0u1500,Q12,7,6,0,-359431,1.05238e+08
Au197_g0u1500,79,197,g0u1500,Q13,7,6,1,-359021,1.05239e+08
Au197_g0u1500,79,197,g0u1500,R14,8,7,0,-274887,1.05323e+08
Au197_g0u1500,79,197,g0u1500,R15,8,7,1,-274682,1.05323e+08
Au197_g0u1600,79,197,g0u1600,K1,1,0,1,-1.12149e+07,9.43827e+07
Au197_g0u1600,79,197,g0u1600,L2,2,1,0,-4.89548e+06,1.00702e+08
Au197_g0u1600,79,197,g0u1600,L3,2,1,1,-4.66496e+06,1.00933e+08
Au197_g0u1600,79,197,g0u1600,M4,3,2,0,-2.02512e+06,1.03572e+08
Au197_g0u1600,79,197,g0u1600,M5,3,2,1,-1.9834e+06,1.03614e+08
Au197_g0u1600,79,197,g0u1600,N6,4,3,0,-1.11371e+06,1.04484e+08
Au197_g0u1600,79,197,g0u1600,N7,4,3,1,-1.10579e+06,1.04492e+08
Au197_g0u1600,79,197,g0u1600,O8,5,4,0,-708026,1.0489e+08
Au197_g0u1600,79,197,g0u1600,O9,5,4,1,-705637,1.04892e+08
Au197_g0u1600,79,197,g0u1600,P10,6,5,0,-490107,1.05107e+08
Au197_g0u1600,79,197,g0u1600,P11,6,5,1,-489192,1.05108e+08
Au197_g0u1600,79,197,g0u1600,Q12,7,6,0,-359431,1.05238e+08
Au197_g0u1600,79,197,g0u1600,Q13,7,6,1,-359021,1.05239e+08
Au197_g0u1600,79,197,g0u1600,R14,8,7,0,-274887,1.05323e+08
Au197_g0u1600,79,197,g0u1600,R15,8,7,1,-274682,1.05323e+08
Au197_g2u1000,79,197,g2u1000,K1,1,0,1,-1.00789e+07,9.55187e+07
Au197_g2u1000,79,197,g2u1000,L2,2,1,0,-4.48509e+06,1.01112e+08
Au197_g2u1000,79,197,g2u1000,L3,2,1,1,-4.31574e+06,1.01282e+08
Au197_g2u1000,79,197,g2u1000,M4,3,2,0,-2.01277e+06,1.03585e+08
Au197_g2u1000,79,197,g2u1000,M5,3,2,1,-1.97581e+06,1.03622e+08
Au197_g2u1000,79,197,g2u1000,N6,4,3,0,-1.11365e+06,1.04484e+08
Au197_g2u1000,79,197,g2u1000,N7,4,3,1,-1.10576e+06,1.04492e+08
Au197_g2u1000,79,197,g2u1000,O8,5,4,0,-708026,1.0489e+08
Au197_g2u1000,79,197,g2u1000,O9,5,4,1,-705637,1.04892e+08
Au197_g2u1000,79,197,g2u1000,P10,6,5,0,-490107,1.05107e+08
Au197_g2u1000,79,197,g2u1000,P11,6,5,1,-489192,1.05108e+08
Au197_g2u1000,79,197,g2u1000,Q12,7,6,0,-359431,1.05238e+08
Au197_g2u1000,79,197,g2u1000,Q13,7,6,1,-359021,1.05239e+08
Au197_g2u1000,79,197,g2u1000,R14,8,7,0,-274887,1.05323e+08
Au197_g2u1000,79,197,g2u1000,R15,8,7,1,-274682,1.05323e+08
Tl205_g0u0050,81,205,g0u0050,K1,1,0,1,-1.04254e+07,9.51745e+07
Tl205_g0u0050,81,205,g0u0050,L2,2,1,0,-4.70435e+06,1.00896e+08
Tl205_g0u0050,81,205,g0u0050,L3,2,1,1,-4.52462e+06,1.01075e+08
Tl205_g0u0050,81,205,g0u0050,M4,3,2,0,-2.11885e+06,1.03481e+08
Tl205_g0u0050,81,205,g0u0050,M5,3,2,1,-2.0781e+06,1.03522e+08
Tl205_g0u0050,81,205,g0u0050,N6,4,3,0,-1.1716e+06,1.04428e+08
Tl205_g0u0050,81,205,g0u0050,N7,4,3,1,-1.16287e+06,1.04437e+08
Tl205_g0u0050,81,205,g0u0050,O8,5,4,0,-744640,1.04855e+08
Tl205_g0u0050,81,205,g0u0050,O9,5,4,1,-741997,1.04858e+08
Tl205_g0u0050,81,205,g0u0050,P10,6,5,0,-515379,1.05085e+08
Tl205_g0u0050,81,205,g0u0050,P11,6,5,1,-514368,1.05086e+08
Tl205_g0u0050,81,205,g0u0050,Q12,7,6,0,-377935,1.05222e+08
Tl205_g0u0050,81,205,g0u0050,Q13,7,6,1,-377482,1.05222e+08
Tl205_g0u0050,81,205,g0u0050,R14,8,7,0,-289025,1.05311e+08
Tl205_g0u0050,81,205,g0u0050,R15,8,7,1,-288798,1.05311e+08
Tl205_g0u0100,81,205,g0u0100,K1,1,0,1,-1.04262e+07,9.51738e+07
Tl205_g0u0100,81,205,g0u0100,L2,2,1,0,-4.70449e+06,1.00895e+08
Tl205_g0u0100,81,205,g0u0100,L3,2,1,1,-4.52472e+06,1.01075e+08
Tl205_g0u0100,81,205,g0u0100,M4,3,2,0,-2.11885e+06,1.03481e+08
Tl205_g0u0100,81,205,g0u0100,M5,3,2,1,-2.0781e+06,1.03522e+08
Tl205_g0u0100,81,205,g0u0100,N6,4,3,0,-1.1716e+06,1.04428e+08
Tl205_g0u0100,81,205,g0u0100,N7,4,3,1,-1.16287e+06,1.04437e+08
Tl205_g0u0100,81,205,g0u0100,O8,5,4,0,-744641,1.04855e+08
Tl205_g0u0100,81,205,g0u0100,O9,5,4,1,-741999,1.04858e+08
Tl205_g0u0100,81,205,g0u0100,P10,6,5,0,-515380,1.05085e+08
Tl205_g0u0100,81,205,g0u0100,P11,6,5,1,-514369,1.05086e+08
Tl205_g0u0100,81,205,g0u0100,Q12,7,6,0,-377936,1.05222e+08
Tl205_g0u0100,81,205,g0u0100,Q13,7,6,1,-377483,1.05222e+08
Tl205_g0u0100,81,205,g0u0100,R14,8,7,0,-289025,1.05311e+08
Tl205_g0u0100,81,205,g0u0100,R15,8,7,1,-288798,1.05311e+08
Tl205_g0u0150,81,205,g0u0150,K1,1,0,1,-1.04263e+07,9.51736e+07
Tl205_g0u0150,81,205,g0u0150,L2,2,1,0,-4.70452e+06,1.00895e+08
Tl205_g0u0150,81,205,g0u0150,L3,2,1,1,-4.52474e+06,1.01075e+08
Tl205_g0u0150,81,205,g0u0150,M4,3,2,0,-2.11886e+06,1.03481e+08
Tl205_g0u0150,81,205,g0u0150,M5,3,2,1,-2.0781e+06,1.03522e+08
Tl205_g0u0150,81,205,g0u0150,N6,4,3,0,-1.1716e+06,1.04428e+08
Tl205_g0u0150,81,205,g0u0150,N7,4,3,1,-1.16287e+06,1.04437e+08
Tl205_g0u0150,81,205,g0u0150,O8,5,4,0,-744642,1.04855e+08
Tl205_g0u0150,81,205,g0u0150,O9,5,4,1,-741999,1.04858e+08
Tl205_g0u0150,81,205,g0u0150,P10,6,5,0,-515380,1.05085e+08
Tl205_g0u0150,81,205,g0u0150,P11,6,5,1,-514369,1.05086e+08
Tl205_g0u0150,81,205,g0u0150,Q12,7,6,0,-377936,1.05222e+08
Tl205_g0u0150,81,205,g0u0150,Q13,7,6,1,-377483,1.05222e+08
Tl205_g0u0150,81,205,g0u0150,R14,8,7,0,-289025,1.05311e+08
Tl205_g0u0150,81,205,g0u0150,R15,8,7,1,-288798,1.05311e+08
Tl205_g0u0200,81,205,g0u0200,K1,1,0,1,-1.04264e+07,9.51736e+07
Tl205_g0u0200,81,205,g0u0200,L2,2,1,0,-4.70453e+06,1.00895e+08
Tl205_g0u0200,81,205,g0u0200,L3,2,1,1,-4.52475e+06,1.01075e+08
Tl205_g0u0200,81,205,g0u0200,M4,3,2,0,-2.11886e+06,1.03481e+08
Tl205_g0u0200,81,205,g0u0200,M5,3,2,1,-2.07811e+06,1.03522e+08
Tl205_g0u0200,81,205,g0u0200,N6,4,3,0,-1.1716e+06,1.04428e+08
Tl205_g0u0200,81,205,g0u0200,N7,4,3,1,-1.16287e+06,1.04437e+08
Tl205_g0u0200,81,205,g0u0200,O8,5,4,0,-744642,1.04855e+08
Tl205_g0u0200,81,205,g0u0200,O9,5,4,1,-741999,1.04858e+08
Tl205_g0u0200,81,205,g0u0200,P10,6,5,0,-515380,1.05085e+08
Tl205_g0u0200,81,205,g0u0200,P11,6,5,1,-514369,1.05086e+08
Tl205_g0u0200,81,205,g0u0200,Q12,7,6,0,-377936,1.05222e+08
Tl205_g0u0200,81,205,g0u0200,Q13,7,6,1,-377483,1.05222e+08
Tl205_g0u0200,81,205,g0u0200,R14,8,7,0,-289025,1.05311e+08
Tl205_g0u0200,81,205,g0u0200,R15,8,7,1,-288798,1.05311e+08
Tl205_g0u0250,81,205,g0u0250,K1,1,0,1,-1.04264e+07,9.51736e+07
Tl205_g0u0250,81,205,g0u0250,L2,2,1,0,-4.70453e+06,1.00895e+08
Tl205_g0u0250,81,205,g0u0250,L3,2,1,1,-4.52475e+06,1.01075e+08
Tl205_g0u0250,81,205,g0u0250,M4,3,2,0,-2.11886e+06,1.03481e+08
Tl205_g0u0250,81,205,g0u0250,M5,3,2,1,-2.07811e+06,1.03522e+08
Tl205_g0u0250,81,205,g0u0250,N6,4,3,0,-1.1716e+06,1.04428e+08
Tl205_g0u0250,81,205,g0u0250,N7,4,3,1,-1.16287e+06,1.04437e+08
Tl205_g0u0250,81,205,g0u0250,O8,5,4,0,-744642,1.04855e+08
Tl205_g0u0250,81,205,g0u0250,O9,5,4,1,-741999,1.04858e+08
Tl205_g0u0250,81,205,g0u0250,P10,6,5,0,-515380,1.05085e+08
Tl205_g0u0250,81,205,g0u0250,P11,6,5,1,-514369,1.05086e+08
Tl205_g0u0250,81,205,g0u0250,Q12,7,6,0,-377936,1.05222e+08
Tl205_g0u0250,81,205,g0u0250,Q13,7,6,1,-377483,1.05222e+08
Tl205_g0u0250,81,205,g0u0250,R14,8,7,0,-289025,1.05311e+08
Tl205_g0u0250,81,205,g0u0250,R15,8,7,1,-288798,1.05311e+08
Tl205_g0u0300,81,205,g0u0300,K1,1,0,1,-1.04264e+07,9.51736e+07
Tl205_g0u0300,81,205,g0u0300,L2,2,1,0,-4.70453e+06,1.00895e+08
Tl205_g0u0300,81,205,g0u0300,L3,2,1,1,-4.52476e+06,1.01075e+08
Tl205_g0u0300,81,205,g0u0300,M4,3,2,0,-2.11886e+06,1.03481e+08
Tl205_g0u0300,81,205,g0u0300,M5,3,2,1,-2.07811e+06,1.03522e+08
Tl205_g0u0300,81,205,g0u0300,N6,4,3,0,-1.1716e+06,1.04428e+08
Tl205_g0u0300,81,205,g0u0300,N7,4,3,1,-1.16287e+06,1.04437e+08
Tl205_g0u0300,81,205,g0u0300,O8,5,4,0,-744642,1.04855e+08
Tl205_g0u0300,81,205,g0u0300,O9,5,4,1,-741999,1.04858e+08
Tl205_g0u0300,81,205,g0u0300,P10,6,5,0,-515380,1.05085e+08
Tl205_g0u0300,81,205,g0u0300,P11,6,5,1,-514369,1.05086e+08
Tl205_g0u0300,81,205,g0u0300,Q12,7,6,0,-377936,1.05222e+08
Tl205_g0u0300,81,205,g0u0300,Q13,7,6,1,-377483,1.05222e+08
Tl205_g0u0300,81,205,g0u0300,R14,8,7,0,-289025,1.05311e+08
Tl205_g0u0300,81,205,g0u0300,R15,8,7,1,-288798,1.05311e+08
Tl205_g0u0350,81,205,g0u0350,K1,1,0,1,-1.04264e+07,9.51735e+07
Tl205_g0u0350,81,205,g0u0350,L2,2,1,0,-4.70454e+06,1.00895e+08
Tl205_g0u0350,81,205,g0u0350,L3,2,1,1,-4.52476e+06,1.01075e+08
Tl205_g0u0350,81,205,g0u0350,M4,3,2,0,-2.11886e+06,1.03481e+08
Tl205_g0u0350,81,205,g0u0350,M5,3,2,1,-2.07811e+06,1.03522e+08
Tl205_g0u0350,81,205,g0u0350,N6,4,3,0,-1.1716e+06,1.04428e+08
Tl205_g0u0350,81,205,g0u0350,N7,4,3,1,-1.16287e+06,1.04437e+08
Tl205_g0u0350,81,205,g0u0350,O8,5,4,0,-744642,1.04855e+08
Tl205_g0u0350,81,205,g0u0350,O9,5,4,1,-741999,1.04858e+08
Tl205_g0u0350,81,205,g0u0350,P10,6,5,0,-515380,1.05085e+08
Tl205_g0u0350,81,205,g0u0350,P11,6,5,1,-514369,1.05086e+08
Tl205_g0u0350,81,205,g0u0350,Q12,7,6,0,-377936,1.05222e+08
Tl205_g0u0350,81,205,g0u0350,Q13,7,6,1,-377483,1.05222e+08
Tl205_g0u0350,81,205,g0u0350,R14,8,7,0,-289025,1.05311e+08
Tl205_g0u0350,81,205,g0u0350,R15,8,7,1,-288798,1.05311e+08
Tl205_g0u0400,81,205,g0u0400,K1,1,0,1,-1.04264e+07,9.51735e+07
Tl205_g0u0400,81,205,g0u0400,L2,2,1,0,-4.70454e+06,1.00895e+08
Tl205_g0u0400,81,205,g0u0400,L3,2,1,1,-4.52476e+06,1.01075e+08
Tl205_g0u0400,81,205,g0u0400,M4,3,2,0,-2.11886e+06,1.03481e+08
Tl205_g0u0400,81,205,g0u0400,M5,3,2,1,-2.07811e+06,1.03522e+08
Tl205_g0u0400,81,205,g0u0400,N6,4,3,0,-1.1716e+06,1.04428e+08
Tl205_g0u0400,81,205,g0u0400,N7,4,3,1,-1.16287e+06,1.04437e+08
Tl205_g0u0400,81,205,g0u0400,O8,5,4,0,-744642,1.04855e+08
Tl205_g0u0400,81,205,g0u0400,O9,5,4,1,-741999,1.04858e+08
Tl205_g0u0400,81,205,g0u0400,P10,6,5,0,-515380,1.05085e+08
Tl205_g0u0400,81,205,g0u0400,P11,6,5,1,-514369,1.05086e+08
Tl205_g0u0400,81,205,g0u0400,Q12,7,6,0,-377936,1.05222e+08
Tl205_g0u0400,81,205,g0u0400,Q13,7,6,1,-377483,1.05222e+08
Tl205_g0u0400,81,205,g0u0400,R14,8,7,0,-289025,1.05311e+08
Tl205_g0u0400,81,205,g0u0400,R15,8,7,1,-288798,1.05311e+08
Tl205_g0u0450,81,205,g0u0450,K1,1,0,1,-1.04264e+07,9.51735e+07
Tl205_g0u0450,81,205,g0u0450,L2,2,1,0,-4.70454e+06,1.00895e+08
Tl205_g0u0450,81,205,g0u0450,L3,2,1,1,-4.52476e+06,1.01075e+08
Tl205_g0u0450,81,205,g0u0450,M4,3,2,0,-2.11886e+06,1.03481e+08
Tl205_g0u0450,81,205,g0u0450,M5,3,2,1,-2.07811e+06,1.03522e+08
Tl205_g0u0450,81,205,g0u0450,N6,4,3,0,-1.1716e+06,1.04428e+08
Tl205_g0u0450,81,205,g0u0450,N7,4,3,1,-1.16287e+06,1.04437e+08
Tl205_g0u0450,81,205,g0u0450,O8,5,4,0,-744642,1.04855e+08
Tl205_g0u0450,81,205,g0u0450,O9,5,4,1,-741999,1.04858e+08
Tl205_g0u0450,81,205,g0u0450,P10,6,5,0,-515380,1.05085e+08
Tl205_g0u0450,81,205,g0u0450,P11,6,5,1,-514369,1.05086e+08
Tl205_g0u0450,81,205,g0u0450,Q12,7,6,0,-377936,1.05222e+08
Tl205_g0u0450,81,205,g0u0450,Q13,7,6,1,-377483,1.05222e+08
Tl205_g0u0450,81,205,g0u0450,R14,8,7,0,-289025,1.05311e+08
Tl205_g0u0450,81,205,g0u0450,R15,8,7,1,-288798,1.05311e+08
Tl205_g0u0500,81,205,g0u0500,K1,1,0,1,-1.04264e+07,9.51735e+07
Tl205_g0u0500,81,205,g0u0500,L2,2,1,0,-4.70454e+06,1.00895e+08
Tl205_g0u0500,81,205,g0u0500,L3,2,1,1,-4.52476e+06,1.01075e+08
Tl205_g0u0500,81,205,g0u0500,M4,3,2,0,-2.11886e+06,1.03481e+08
Tl205_g0u0500,81,205,g0u0500,M5,3,2,1,-2.07811e+06,1.03522e+08
Tl205_g0u0500,81,205,g0u0500,N6,4,3,0,-1.1716e+06,1.04428e+08
Tl205_g0u0500,81,205,g0u0500,N7,4,3,1,-1.16287e+06,1.04437e+08
Tl205_g0u0500,81,205,g0u0500,O8,5,4,0,-744642,1.04855e+08
Tl205_g0u0500,81,205,g0u0500,O9,5,4,1,-741999,1.04858e+08
Tl205_g0u0500,81,205,g0u0500,P10,6,5,0,-515380,1.05085e+08
Tl205_g0u0500,81,205,g0u0500,P11,6,5,1,-514369,1.05086e+08
Tl205_g0u0500,81,205,g0u0500,Q12,7,6,0,-377936,1.05222e+08
Tl205_g0u0500,81,205,g0u0500,Q13,7,6,1,-377483,1.05222e+08
Tl205_g0u0500,81,205,g0u0500,R14,8,7,0,-289025,1.05311e+08
Tl205_g0u0500,81,205,g0u0500,R15,8,7,1,-288798,1.05311e+08
Tl205_g0u0550,81,205,g0u0550,K1,1,0,1,-1.04264e+07,9.51735e+07
Tl205_g0u0550,81,205,g0u0550,L2,2,1,0,-4.70454e+06,1.00895e+08
Tl205_g0u0550,81,205,g0u0550,L3,2,1,1,-4.52476e+06,1.01075e+08
Tl205_g0u0550,81,205,g0u0550,M4,3,2,0,-2.11886e+06,1.03481e+08
Tl205_g0u0550,81,205,g0u0550,M5,3,2,1,-2.07811e+06,1.03522e+08
Tl205_g0u0550,81,205,g0u0550,N6,4,3,0,-1.1716e+06,1.04428e+08
Tl205_g0u0550,81,205,g0u0550,N7,4,3,1,-1.16287e+06,1.04437e+08
Tl205_g0u0550,81,205,g0u0550,O8,5,4,0,-744642,1.04855e+08
Tl205_g0u0550,81,205,g0u0550,O9,5,4,1,-741999,1.04858e+08
Tl205_g0u0550,81,205,g0u0550,P10,6,5,0,-515380,1.05085e+08
Tl205_g0u0550,81,205,g0u0550,P11,6,5,1,-514369,1.05086e+08
Tl205_g0u0550,81,205,g0u0550,Q12,7,6,0,-377936,1.05222e+08
Tl205_g0u0550,81,205,g0u0550,Q13,7,6,1,-377483,1.05222e+08
Tl205_g0u0550,81,205,g0u0550,R14,8,7,0,-289025,1.05311e+08
Tl205_g0u0550,81,205,g0u0550,R15,8,7,1,-288798,1.05311e+08
Tl205_g0u0600,81,205,g0u0600,K1,1,0,1,-1.04264e+07,9.51735e+07
Tl205_g0u0600,81,205,g0u0600,L2,2,1,0,-4.70454e+06,1.00895e+08
Tl205_g0u0600,81,205,g0u0600,L3,2,1,1,-4.52476e+06,1.01075e+08
Tl205_g0u0600,81,205,g0u0600,M4,3,2,0,-2.11886e+06,1.03481e+08
Tl205_g0u0600,81,205,g0u0600,M5,3,2,1,-2.07811e+06,1.03522e+08
Tl205_g0u0600,81,205,g0u0600,N6,4,3,0,-1.1716e+06,1.04428e+08
Tl205_g0u0600,81,205,g0u0600,N7,4,3,1,-1.16287e+06,1.04437e+08
Tl205_g0u0600,81,205,g0u0600,O8,5,4,0,-744642,1.04855e+08
Tl205_g0u0600,81,205,g0u0600,O9,5,4,1,-741999,1.04858e+08
Tl205_g0u0600,81,205,g0u0600,P10,6,5,0,-515380,1.05085e+08
Tl205_g0u0600,81,205,g0u0600,P11,6,5,1,-514369,1.05086e+08
Tl205_g0u0600,81,205,g0u0600,Q12,7,6,0,-377936,1.05222e+08
Tl205_g0u0600,81,205,g0u0600,Q13,7,6,1,-377483,1.05222e+08
Tl205_g0u0600,81,205,g0u0600,R14,8,7,0,-289025,1.05311e+08
Tl205_g0u0600,81,205,g0u0600,R15,8,7,1,-288798,1.05311e+08
Tl205_g0u0700,81,205,g0u0700,K1,1,0,1,-1.04264e+07,9.51735e+07
Tl205_g0u0700,81,205,g0u0700,L2,2,1,0,-4.70454e+06,1.00895e+08
Tl205_g0u0700,81,205,g0u0700,L3,2,1,1,-4.52476e+06,1.01075e+08
Tl205_g0u0700,81,205,g0u0700,M4,3,2,0,-2.11886e+06,1.03481e+08
Tl205_g0u0700,81,205,g0u0700,M5,3,2,1,-2.07811e+06,1.03522e+08
Tl205_g0u0700,81,205,g0u0700,N6,4,3,0,-1.1716e+06,1.04428e+08
Tl205_g0u0700,81,205,g0u0700,N7,4,3,1,-1.16287e+06,1.04437e+08
Tl205_g0u0700,81,205,g0u0700,O8,5,4,0,-744642,1.04855e+08
Tl205_g0u0700,81,205,g0u0700,O9,5,4,1,-741999,1.04858e+08
Tl205_g0u0700,81,205,g0u0700,P10,6,5,0,-515380,1.05085e+08
Tl205_g0u0700,81,205,g0u0700,P11,6,5,1,-514369,1.05086e+08
Tl205_g0u0700,81,205,g0u0700,Q12,7,6,0,-377936,1.05222e+08
Tl205_g0u0700,81,205,g0u0700,Q13,7,6,1,-377483,1.05222e+08
Tl205_g0u0700,81,205,g0u0700,R14,8,7,0,-289025,1.05311e+08
Tl205_g0u0700,81,205,g0u0700,R15,8,7,1,-288798,1.05311e+08
Tl205_g0u0800,81,205,g0u0800,K1,1,0,1,-1.04264e+07,9.51735e+07
Tl205_g0u0800,81,205,g0u0800,L2,2,1,0,-4.70454e+06,1.00895e+08
Tl205_g0u0800,81,205,g0u0800,L3,2,1,1,-4.52476e+06,1.01075e+08
Tl205_g0u0800,81,205,g0u0800,M4,3,2,0,-2.11886e+06,1.03481e+08
Tl205_g0u0800,81,205,g0u0800,M5,3,2,1,-2.07811e+06,1.03522e+08
Tl205_g0u0800,81,205,g0u0800,N6,4,3,0,-1.1716e+06,1.04428e+08
Tl205_g0u0800,81,205,g0u0800,N7,4,3,1,-1.16287e+06,1.04437e+08
Tl205_g0u0800,81,205,g0u0800,O8,5,4,0,-744642,1.04855e+08
Tl205_g0u0800,81,205,g0u0800,O9,5,4,1,-741999,1.04858e+08
Tl205_g0u0800,81,205,g0u0800,P10,6,5,0,-515380,1.05085e+08
Tl205_g0u0800,81,205,g0u0800,P11,6,5,1,-514369,1.05086e+08
Tl205_g0u0800,81,205,g0u0800,Q12,7,6,0,-377936,1.05222e+08
Tl205_g0u0800,81,205,g0u0800,Q13,7,6,1,-377483,1.05222e+08
Tl205_g0u0800,81,205,g0u0800,R14,8,7,0,-289025,1.05311e+08
Tl205_g0u0800,81,205,g0u0800,R15,8,7,1,-288798,1.05311e+08
Tl205_g0u0900,81,205,g0u0900,K1,1,0,1,-1.04264e+07,9.51735e+07
Tl205_g0u0900,81,205,g0u0900,L2,2,1,0,-4.70454e+06,1.00895e+08
Tl205_g0u0900,81,205,g0u0900,L3,2,1,1,-4.52476e+06,1.01075e+08
Tl205_g0u0900,81,205,g0u0900,M4,3,2,0,-2.11886e+06,1.03481e+08
Tl205_g0u0900,81,205,g0u0900,M5,3,2,1,-2.07811e+06,1.03522e+08
Tl205_g0u0900,81,205,g0u0900,N6,4,3,0,-1.1716e+06,1.04428e+08
Tl205_g0u0900,81,205,g0u0900,N7,4,3,1,-1.16287e+06,1.04437e+08
Tl205_g0u0900,81,205,g0u0900,O8,5,4,0,-744642,1.04855e+08
Tl205_g0u0900,81,205,g0u0900,O9,5,4,1,-741999,1.04858e+08
Tl205_g0u0900,81,205,g0u0900,P10,6,5,0,-515380,1.05085e+08
Tl205_g0u0900,81,205,g0u0900,P11,6,5,1,-514369,1.05086e+08
Tl205_g0u0900,81,205,g0u0900,Q12,7,6,0,-377936,1.05222e+08
Tl205_g0u0900,81,205,g0u0900,Q13,7,6,1,-377483,1.05222e+08
Tl205_g0u0900,81,205,g0u0900,R14,8,7,0,-289025,1.05311e+08
Tl205_g0u0900,81,205,g0u0900,R15,8,7,1,-288798,1.05311e+08
Tl205_g0u1000,81,205,g0u1000,K1,1,0,1,-1.04264e+07,9.51735e+07
Tl205_g0u1000,81,205,g0u1000,L2,2,1,0,-4.70454e+06,1.00895e+08
Tl205_g0u1000,81,205,g0u1000,L3,2,1,1,-4.52476e+06,1.01075e+08
Tl205_g0u1000,81,205,g0u1000,M4,3,2,0,-2.11886e+06,1.03481e+08
Tl205_g0u1000,81,205,g0u1000,M5,3,2,1,-2.07811e+06,1.03522e+08
Tl205_g0u1000,81,205,g0u1000,N6,4,3,0,-1.1716e+06,1.04428e+08
Tl205_g0u1000,81,205,g0u1000,N7,4,3,1,-1.16287e+06,1.04437e+08
Tl205_g0u1000,81,205,g0u1000,O8,5,4,0,-744642,1.04855e+08
Tl205_g0u1000,81,205,g0u1000,O9,5,4,1,-741999,1.04858e+08
Tl205_g0u1000,81,205,g0u1000,P10,6,5,0,-515380,1.05085e+08
Tl205_g0u1000,81,205,g0u1000,P11,6,5,1,-514369,1.05086e+08
Tl205_g0u1000,81,205,g0u1000,Q12,7,6,0,-377936,1.05222e+08
Tl205_g0u1000,81,205,g0u1000,Q13,7,6,1,-377483,1.05222e+08
Tl205_g0u1000,81,205,g0u1000,R14,8,7,0,-289025,1.05311e+08
Tl205_g0u1000,81,205,g0u1000,R15,8,7,1,-288798,1.05311e+08
Tl205_g0u1100,81,205,g0u1100,K1,1,0,1,-1.04264e+07,9.51735e+07
Tl205_g0u1100,81,205,g0u1100,L2,2,1,0,-4.70454e+06,1.00895e+08
Tl205_g0u1100,81,205,g0u1100,L3,2,1,1,-4.52476e+06,1.01075e+08
Tl205_g0u1100,81,205,g0u1100,M4,3,2,0,-2.11886e+06,1.03481e+08
Tl205_g0u1100,81,205,g0u1100,M5,3,2,1,-2.07811e+06,1.03522e+08
Tl205_g0u1100,81,205,g0u1100,N6,4,3,0,-1.1716e+06,1.04428e+08
Tl205_g0u1100,81,205,g0u1100,N7,4,3,1,-1.16287e+06,1.04437e+08
Tl205_g0u1100,81,205,g0u1100,O8,5,4,0,-744642,1.04855e+08
Tl205_g0u1100,81,205,g0u1100,O9,5,4,1,-741999,1.04858e+08
Tl205_g0u1100,81,205,g0u1100,P10,6,5,0,-515380,1.05085e+08
Tl205_g0u1100,81,205,g0u1100,P11,6,5,1,-514369,1.05086e+08
Tl205_g0u1100,81,205,g0u1100,Q12,7,6,0,-377936,1.05222e+08
Tl205_g0u1100,81,205,g0u1100,Q13,7,6,1,-377483,1.05222e+08
Tl205_g0u1100,81,205,g0u1100,R14,8,7,0,-289025,1.05311e+08
Tl205_g0u1100,81,205,g0u1100,R15,8,7,1,-288798,1.05311e+08
Tl205_g0u1200,81,205,g0u1200,K1,1,0,1,-1.04264e+07,9.51735e+07
Tl205_g0u1200,81,205,g0u1200,L2,2,1,0,-4.70454e+06,1.00895e+08
Tl205_g0u1200,81,205,g0u1200,L3,2,1,1,-4.52476e+06,1.01075e+08
Tl205_g0u1200,81,205,g0u1200,M4,3,2,0,-2.11886e+06,1.03481e+08
Tl205_g0u1200,81,205,g0u1200,M5,3,2,1,-2.07811e+06,1.03522e+08
Tl205_g0u1200,81,205,g0u1200,N6,4,3,0,-1.1716e+06,1.04428e+08
Tl205_g0u1200,81,205,g0u1200,N7,4,3,1,-1.16287e+06,1.04437e+08
Tl205_g0u1200,81,205,g0u1200,O8,5,4,0,-744642,1.04855e+08
Tl205_g0u1200,81,205,g0u1200,O9,5,4,1,-741999,1.04858e+08
Tl205_g0u1200,81,205,g0u1200,P10,6,5,0,-515380,1.05085e+08
Tl205_g0u1200,81,205,g0u1200,P11,6,5,1,-514369,1.05086e+08
Tl205_g0u1200,81,205,g0u1200,Q12,7,6,0,-377936,1.05222e+08
Tl205_g0u1200,81,205,g0u1200,Q13,7,6,1,-377483,1.05222e+08
Tl205_g0u1200,81,205,g0u1200,R14,8,7,0,-289025,1.05311e+08
Tl205_g0u1200,81,205,g0u1200,R15,8,7,1,-288798,1.05311e+08
Tl205_g0u1300,81,205,g0u1300,K1,1,0,1,-1.04264e+07,9.51736e+07
Tl205_g0u1300,81,205,g0u1300,L2,2,1,0,-4.70452e+06,1.00895e+08
Tl205_g0u1300,81,205,g0u1300,L3,2,1,1,-4.52475e+06,1.01075e+08
Tl205_g0u1300,81,205,g0u1300,M4,3,2,0,-2.11886e+06,1.03481e+08
Tl205_g0u1300,81,205,g0u1300,M5,3,2,1,-2.07811e+06,1.03522e+08
Tl205_g0u1300,81,205,g0u1300,N6,4,3,0,-1.1716e+06,1.04428e+08
Tl205_g0u1300,81,205,g0u1300,N7,4,3,1,-1.16287e+06,1.04437e+08
Tl205_g0u1300,81,205,g0u1300,O8,5,4,0,-744642,1.04855e+08
Tl205_g0u1300,81,205,g0u1300,O9,5,4,1,-741999,1.04858e+08
Tl205_g0u1300,81,205,g0u1300,P10,6,5,0,-515380,1.05085e+08
Tl205_g0u1300,81,205,g0u1300,P11,6,5,1,-514369,1.05086e+08
Tl205_g0u1300,81,205,g0u1300,Q12,7,6,0,-377936,1.05222e+08
Tl205_g0u1300,81,205,g0u1300,Q13,7,6,1,-377483,1.05222e+08
Tl205_g0u1300,81,205,g0u1300,R14,8,7,0,-289025,1.05311e+08
Tl205_g0u1300,81,205,g0u1300,R15,8,7,1,-288798,1.05311e+08
Tl205_g0u1400,81,205,g0u1400,K1,1,0,1,-1.04267e+07,9.51733e+07
Tl205_g0u1400,81,205,g0u1400,L2,2,1,0,-4.70463e+06,1.00895e+08
Tl205_g0u1400,81,205,g0u1400,L3,2,1,1,-4.52483e+06,1.01075e+08
Tl205_g0u1400,81,205,g0u1400,M4,3,2,0,-2.11886e+06,1.03481e+08
Tl205_g0u1400,81,205,g0u1400,M5,3,2,1,-2.07811e+06,1.03522e+08
Tl205_g0u1400,81,205,g0u1400,N6,4,3,0,-1.1716e+06,1.04428e+08
Tl205_g0u1400,81,205,g0u1400,N7,4,3,1,-1.16287e+06,1.04437e+08
Tl205_g0u1400,81,205,g0u1400,O8,5,4,0,-744642,1.04855e+08
Tl205_g0u1400,81,205,g0u1400,O9,5,4,1,-741999,1.04858e+08
Tl205_g0u1400,81,205,g0u1400,P10,6,5,0,-515380,1.05085e+08
Tl205_g0u1400,81,205,g0u1400,P11,6,5,1,-514369,1.05086e+08
Tl205_g0u1400,81,205,g0u1400,Q12,7,6,0,-377936,1.05222e+08
Tl205_g0u1400,81,205,g0u1400,Q13,7,6,1,-377483,1.05222e+08
Tl205_g0u1400,81,205,g0u1400,R14,8,7,0,-289025,1.05311e+08
Tl205_g0u1400,81,205,g0u1400,R15,8,7,1,-288798,1.05311e+08
Tl205_g2u1000,81,205,g2u1000,K1,1,0,1,-1.04264e+07,9.51735e+07
Tl205_g2u1000,81,205,g2u1000,L2,2,1,0,-4.70454e+06,1.00895e+08
Tl205_g2u1000,81,205,g2u1000,L3,2,1,1,-4.52476e+06,1.01075e+08
Tl205_g2u1000,81,205,g2u1000,M4,3,2,0,-2.11886e+06,1.03481e+08
Tl205_g2u1000,81,205,g2u1000,M5,3,2,1,-2.07811e+06,1.03522e+08
Tl205_g2u1000,81,205,g2u1000,N6,4,3,0,-1.1716e+06,1.04428e+08
Tl205_g2u1000,81,205,g2u1000,N7,4,3,1,-1.16287e+06,1.04437e+08
Tl205_g2u1000,81,205,g2u1000,O8,5,4,0,-744642,1.04855e+08
Tl205_g2u1000,81,205,g2u1000,O9,5,4,1,-741999,1.04858e+08
Tl205_g2u1000,81,205,g2u1000,P10,6,5,0,-515380,1.05085e+08
Tl205_g2u1000,81,205,g2u1000,P11,6,5,1,-514369,1.05086e+08
Tl205_g2u1000,81,205,g2u1000,Q12,7,6,0,-377936,1.05222e+08
Tl205_g2u1000,81,205,g2u1000,Q13,7,6,1,-377483,1.05222e+08
Tl205_g2u1000,81,205,g2u1000,R14,8,7,0,-289025,1.05311e+08
Tl205_g2u1000,81,205,g2u1000,R15,8,7,1,-288798,1.05311e+08
Pb208_g0u0050,82,208,g0u0050,K1,1,0,1,-1.0593e+07,9.50078e+07
Pb208_g0u0050,82,208,g0u0050,L2,2,1,0,-4.81459e+06,1.00786e+08
Pb208_g0u0050,82,208,g0u0050,L3,2,1,1,-4.62988e+06,1.00971e+08
Pb208_g0u0050,82,208,g0u0050,M4,3,2,0,-2.17295e+06,1.03428e+08
Pb208_g0u0050,82,208,g0u0050,M5,3,2,1,-2.13022e+06,1.03471e+08
Pb208_g0u0050,82,208,g0u0050,N6,4,3,0,-1.20114e+06,1.044e+08
Pb208_g0u0050,82,208,g0u0050,N7,4,3,1,-1.19197e+06,1.04409e+08
Pb208_g0u0050,82,208,g0u0050,O8,5,4,0,-763300,1.04837e+08
Pb208_g0u0050,82,208,g0u0050,O9,5,4,1,-760523,1.0484e+08
Pb208_g0u0050,82,208,g0u0050,P10,6,5,0,-528256,1.05073e+08
Pb208_g0u0050,82,208,g0u0050,P11,6,5,1,-527194,1.05074e+08
Pb208_g0u0050,82,208,g0u0050,Q12,7,6,0,-387363,1.05213e+08
Pb208_g0u0050,82,208,g0u0050,Q13,7,6,1,-386887,1.05214e+08
Pb208_g0u0050,82,208,g0u0050,R14,8,7,0,-296227,1.05305e+08
Pb208_g0u0050,82,208,g0u0050,R15,8,7,1,-295989,1.05305e+08
Pb208_g0u0100,82,208,g0u0100,K1,1,0,1,-1.05938e+07,9.5007e+07
Pb208_g0u0100,82,208,g0u0100,L2,2,1,0,-4.81474e+06,1.00786e+08
Pb208_g0u0100,82,208,g0u0100,L3,2,1,1,-4.62999e+06,1.00971e+08
Pb208_g0u0100,82,208,g0u0100,M4,3,2,0,-2.17296e+06,1.03428e+08
Pb208_g0u0100,82,208,g0u0100,M5,3,2,1,-2.13022e+06,1.03471e+08
Pb208_g0u0100,82,208,g0u0100,N6,4,3,0,-1.20114e+06,1.044e+08
Pb208_g0u0100,82,208,g0u0100,N7,4,3,1,-1.19197e+06,1.04409e+08
Pb208_g0u0100,82,208,g0u0100,O8,5,4,0,-763302,1.04837e+08
Pb208_g0u0100,82,208,g0u0100,O9,5,4,1,-760525,1.0484e+08
Pb208_g0u0100,82,208,g0u0100,P10,6,5,0,-528257,1.05073e+08
Pb208_g0u0100,82,208,g0u0100,P11,6,5,1,-527194,1.05074e+08
Pb208_g0u0100,82,208,g0u0100,Q12,7,6,0,-387363,1.05213e+08
Pb208_g0u0100,82,208,g0u0100,Q13,7,6,1,-386887,1.05214e+08
Pb208_g0u0100,82,208,g0u0100,R14,8,7,0,-296227,1.05305e+08
Pb208_g0u0100,82,208,g0u0100,R15,8,7,1,-295989,1.05305e+08
Pb208_g0u0150,82,208,g0u0150,K1,1,0,1,-1.05939e+07,9.50068e+07
Pb208_g0u0150,82,208,g0u0150,L2,2,1,0,-4.81476e+06,1.00786e+08
Pb208_g0u0150,82,208,g0u0150,L3,2,1,1,-4.63001e+06,1.00971e+08
Pb208_g0u0150,82,208,g0u0150,M4,3,2,0,-2.17296e+06,1.03428e+08
Pb208_g0u0150,82,208,g0u0150,M5,3,2,1,-2.13022e+06,1.03471e+08
Pb208_g0u0150,82,208,g0u0150,N6,4,3,0,-1.20114e+06,1.044e+08
Pb208_g0u0150,82,208,g0u0150,N7,4,3,1,-1.19197e+06,1.04409e+08
Pb208_g0u0150,82,208,g0u0150,O8,5,4,0,-763302,1.04837e+08
Pb208_g0u0150,82,208,g0u0150,O9,5,4,1,-760525,1.0484e+08
Pb208_g0u0150,82,208,g0u0150,P10,6,5,0,-528257,1.05073e+08
Pb208_g0u0150,82,208,g0u0150,P11,6,5,1,-527194,1.05074e+08
Pb208_g0u0150,82,208,g0u0150,Q12,7,6,0,-387363,1.05213e+08
Pb208_g0u0150,82,208,g0u0150,Q13,7,6,1,-386888,1.05214e+08
Pb208_g0u0150,82,208,g0u0150,R14,8,7,0,-296228,1.05305e+08
Pb208_g0u0150,82,208,g0u0150,R15,8,7,1,-295989,1.05305e+08
Pb208_g0u0200,82,208,g0u0200,K1,1,0,1,-1.0594e+07,9.50068e+07
Pb208_g0u0200,82,208,g0u0200,L2,2,1,0,-4.81477e+06,1.00786e+08
Pb208_g0u0200,82,208,g0u0200,L3,2,1,1,-4.63001e+06,1.00971e+08
Pb208_g0u0200,82,208,g0u0200,M4,3,2,0,-2.17296e+06,1.03428e+08
Pb208_g0u0200,82,208,g0u0200,M5,3,2,1,-2.13022e+06,1.03471e+08
Pb208_g0u0200,82,208,g0u0200,N6,4,3,0,-1.20115e+06,1.044e+08
Pb208_g0u0200,82,208,g0u0200,N7,4,3,1,-1.19197e+06,1.04409e+08
Pb208_g0u0200,82,208,g0u0200,O8,5,4,0,-763302,1.04837e+08
Pb208_g0u0200,82,208,g0u0200,O9,5,4,1,-760525,1.0484e+08
Pb208_g0u0200,82,208,g0u0200,P10,6,5,0,-528257,1.05073e+08
Pb208_g0u0200,82,208,g0u0200,P11,6,5,1,-527195,1.05074e+08
Pb208_g0u0200,82,208,g0u0200,Q12,7,6,0,-387363,1.05213e+08
Pb208_g0u0200,82,208,g0u0200,Q13,7,6,1,-386888,1.05214e+08
Pb208_g0u0200,82,208,g0u0200,R14,8,7,0,-296228,1.05305e+08
Pb208_g0u0200,82,208,g0u0200,R15,8,7,1,-295989,1.05305e+08
Pb208_g0u0250,82,208,g0u0250,K1,1,0,1,-1.0594e+07,9.50068e+07
Pb208_g0u0250,82,208,g0u0250,L2,2,1,0,-4.81478e+06,1.00786e+08
Pb208_g0u0250,82,208,g0u0250,L3,2,1,1,-4.63002e+06,1.00971e+08
Pb208_g0u0250,82,208,g0u0250,M4,3,2,0,-2.17296e+06,1.03428e+08
Pb208_g0u0250,82,208,g0u0250,M5,3,2,1,-2.13022e+06,1.03471e+08
Pb208_g0u0250,82,208,g0u0250,N6,4,3,0,-1.20115e+06,1.044e+08
Pb208_g0u0250,82,208,g0u0250,N7,4,3,1,-1.19197e+06,1.04409e+08
Pb208_g0u0250,82,208,g0u0250,O8,5,4,0,-763302,1.04837e+08
Pb208_g0u0250,82,208,g0u0250,O9,5,4,1,-760525,1.0484e+08
Pb208_g0u0250,82,208,g0u0250,P10,6,5,0,-528257,1.05073e+08
Pb208_g0u0250,82,208,g0u0250,P11,6,5,1,-527195,1.05074e+08
Pb208_g0u0250,82,208,g0u0250,Q12,7,6,0,-387363,1.05213e+08
Pb208_g0u0250,82,208,g0u0250,Q13,7,6,1,-386888,1.05214e+08
Pb208_g0u0250,82,208,g0u0250,R14,8,7,0,-296228,1.05305e+08
Pb208_g0u0250,82,208,g0u0250,R15,8,7,1,-295989,1.05305e+08
Pb208_g0u0300,82,208,g0u0300,K1,1,0,1,-1.0594e+07,9.50068e+07
Pb208_g0u0300,82,208,g0u0300,L2,2,1,0,-4.81478e+06,1.00786e+08
Pb208_g0u0300,82,208,g0u0300,L3,2,1,1,-4.63002e+06,1.00971e+08
Pb208_g0u0300,82,208,g0u0300,M4,3,2,0,-2.17296e+06,1.03428e+08
Pb208_g0u0300,82,208,g0u0300,M5,3,2,1,-2.13022e+06,1.03471e+08
Pb208_g0u0300,82,208,g0u0300,N6,4,3,0,-1.20115e+06,1.044e+08
Pb208_g0u0300,82,208,g0u0300,N7,4,3,1,-1.19197e+06,1.04409e+08
Pb208_g0u0300,82,208,g0u0300,O8,5,4,0,-763302,1.04837e+08
Pb208_g0u0300,82,208,g0u0300,O9,5,4,1,-760525,1.0484e+08
Pb208_g0u0300,82,208,g0u0300,P10,6,5,0,-528257,1.05073e+08
Pb208_g0u0300,82,208,g0u0300,P11,6,5,1,-527195,1.05074e+08
Pb208_g0u0300,82,208,g0u0300,Q12,7,6,0,-387363,1.05213e+08
Pb208_g0u0300,82,208,g0u0300,Q13,7,6,1,-386888,1.05214e+08
Pb208_g0u0300,82,208,g0u0300,R14,8,7,0,-296228,1.05305e+08
Pb208_g0u0300,82,208,g0u0300,R15,8,7,1,-295989,1.05305e+08
Pb208_g0u0350,82,208,g0u0350,K1,1,0,1,-1.0594e+07,9.50068e+07
Pb208_g0u0350,82,208,g0u0350,L2,2,1,0,-4.81478e+06,1.00786e+08
Pb208_g0u0350,82,208,g0u0350,L3,2,1,1,-4.63002e+06,1.00971e+08
Pb208_g0u0350,82,208,g0u0350,M4,3,2,0,-2.17296e+06,1.03428e+08
Pb208_g0u0350,82,208,g0u0350,M5,3,2,1,-2.13022e+06,1.03471e+08
Pb208_g0u0350,82,208,g0u0350,N6,4,3,0,-1.20115e+06,1.044e+08
Pb208_g0u0350,82,208,g0u0350,N7,4,3,1,-1.19197e+06,1.04409e+08
Pb208_g0u0350,82,208,g0u0350,O8,5,4,0,-763302,1.04837e+08
Pb208_g0u0350,82,208,g0u0350,O9,5,4,1,-760525,1.0484e+08
Pb208_g0u0350,82,208,g0u0350,P10,6,5,0,-528257,1.05073e+08
Pb208_g0u0350,82,208,g0u0350,P11,6,5,1,-527195,1.05074e+08
Pb208_g0u0350,82,208,g0u0350,Q12,7,6,0,-387363,1.05213e+08
Pb208_g0u0350,82,208,g0u0350,Q13,7,6,1,-386888,1.05214e+08
Pb208_g0u0350,82,208,g0u0350,R14,8,7,0,-296228,1.05305e+08
Pb208_g0u0350,82,208,g0u0350,R15,8,7,1,-295989,1.05305e+08
Pb208_g0u0400,82,208,g0u0400,K1,1,0,1,-1.0594e+07,9.50067e+07
Pb208_g0u0400,82,208,g0u0400,L2,2,1,0,-4.81478e+06,1.00786e+08
Pb208_g0u0400,82,208,g0u0400,L3,2,1,1,-4.63002e+06,1.00971e+08
Pb208_g0u0400,82,208,g0u0400,M4,3,2,0,-2.17296e+06,1.03428e+08
Pb208_g0u0400,82,208,g0u0400,M5,3,2,1,-2.13022e+06,1.03471e+08
Pb208_g0u0400,82,208,g0u0400,N6,4,3,0,-1.20115e+06,1.044e+08
Pb208_g0u0400,82,208,g0u0400,N7,4,3,1,-1.19197e+06,1.04409e+08
Pb208_g0u0400,82,208,g0u0400,O8,5,4,0,-763302,1.04837e+08
Pb208_g0u0400,82,208,g0u0400,O9,5,4,1,-760525,1.0484e+08
Pb208_g0u0400,82,208,g0u0400,P10,6,5,0,-528257,1.05073e+08
Pb208_g0u0400,82,208,g0u0400,P11,6,5,1,-527195,1.05074e+08
Pb208_g0u0400,82,208,g0u0400,Q12,7,6,0,-387363,1.05213e+08
Pb208_g0u0400,82,208,g0u0400,Q13,7,6,1,-386888,1.05214e+08
Pb208_g0u0400,82,208,g0u0400,R14,8,7,0,-296228,1.05305e+08
Pb208_g0u0400,82,208,g0u0400,R15,8,7,1,-295989,1.05305e+08
Pb208_g0u0450,82,208,g0u0450,K1,1,0,1,-1.0594e+07,9.50067e+07
Pb208_g0u0450,82,208,g0u0450,L2,2,1,0,-4.81478e+06,1.00786e+08
Pb208_g0u0450,82,208,g0u0450,L3,2,1,1,-4.63002e+06,1.00971e+08
Pb208_g0u0450,82,208,g0u0450,M4,3,2,0,-2.17296e+06,1.03428e+08
Pb208_g0u0450,82,208,g0u0450,M5,3,2,1,-2.13022e+06,1.03471e+08
Pb208_g0u0450,82,208,g0u0450,N6,4,3,0,-1.20115e+06,1.044e+08
Pb208_g0u0450,82,208,g0u0450,N7,4,3,1,-1.19197e+06,1.04409e+08
Pb208_g0u0450,82,208,g0u0450,O8,5,4,0,-763302,1.04837e+08
Pb208_g0u0450,82,208,g0u0450,O9,5,4,1,-760525,1.0484e+08
Pb208_g0u0450,82,208,g0u0450,P10,6,5,0,-528257,1.05073e+08
Pb208_g0u0450,82,208,g0u0450,P11,6,5,1,-527195,1.05074e+08
Pb208_g0u0450,82,208,g0u0450,Q12,7,6,0,-387363,1.05213e+08
Pb208_g0u0450,82,208,g0u0450,Q13,7,6,1,-386888,1.05214e+08
Pb208_g0u0450,82,208,g0u0450,R14,8,7,0,-296228,1.05305e+08
Pb208_g0u0450,82,208,g0u0450,R15,8,7,1,-295989,1.05305e+08
Pb208_g0u0500,82,208,g0u0500,K1,1,0,1,-1.0594e+07,9.50067e+07
Pb208_g0u0500,82,208,g0u0500,L2,2,1,0,-4.81478e+06,1.00786e+08
Pb208_g0u0500,82,208,g0u0500,L3,2,1,1,-4.63002e+06,1.00971e+08
Pb208_g0u0500,82,208,g0u0500,M4,3,2,0,-2.17296e+06,1.03428e+08
Pb208_g0u0500,82,208,g0u0500,M5,3,2,1,-2.13022e+06,1.03471e+08
Pb208_g0u0500,82,208,g0u0500,N6,4,3,0,-1.20115e+06,1.044e+08
Pb208_g0u0500,82,208,g0u0500,N7,4,3,1,-1.19197e+06,1.04409e+08
Pb208_g0u0500,82,208,g0u0500,O8,5,4,0,-763302,1.04837e+08
Pb208_g0u0500,82,208,g0u0500,O9,5,4,1,-760525,1.0484e+08
Pb208_g0u0500,82,208,g0u0500,P10,6,5,0,-528257,1.05073e+08
Pb208_g0u0500,82,208,g0u0500,P11,6,5,1,-527195,1.05074e+08
Pb208_g0u0500,82,208,g0u0500,Q12,7,6,0,-387363,1.05213e+08
Pb208_g0u0500,82,208,g0u0500,Q13,7,6,1,-386888,1.05214e+08
Pb208_g0u0500,82,208,g0u0500,R14,8,7,0,-296228,1.05305e+08
Pb208_g0u0500,82,208,g0u0500,R15,8,7,1,-295989,1.05305e+08
Pb208_g0u0550,82,208,g0u0550,K1,1,0,1,-1.0594e+07,9.50067e+07
Pb208_g0u0550,82,208,g0u0550,L2,2,1,0,-4.81478e+06,1.00786e+08
Pb208_g0u0550,82,208,g0u0550,L3,2,1,1,-4.63002e+06,1.00971e+08
Pb208_g0u0550,82,208,g0u0550,M4,3,2,0,-2.17296e+06,1.03428e+08
Pb208_g0u0550,82,208,g0u0550,M5,3,2,1,-2.13022e+06,1.03471e+08
Pb208_g0u0550,82,208,g0u0550,N6,4,3,0,-1.20115e+06,1.044e+08
Pb208_g0u0550,82,208,g0u0550,N7,4,3,1,-1.19197e+06,1.04409e+08
Pb208_g0u0550,82,208,g0u0550,O8,5,4,0,-763302,1.04837e+08
Pb208_g0u0550,82,208,g0u0550,O9,5,4,1,-760525,1.0484e+08
Pb208_g0u0550,82,208,g0u0550,P10,6,5,0,-528257,1.05073e+08
Pb208_g0u0550,82,208,g0u0550,P11,6,5,1,-527195,1.05074e+08
Pb208_g0u0550,82,208,g0u0550,Q12,7,6,0,-387363,1.05213e+08
Pb208_g0u0550,82,208,g0u0550,Q13,7,6,1,-386888,1.05214e+08
Pb208_g0u0550,82,208,g0u0550,R14,8,7,0,-296228,1.05305e+08
Pb208_g0u0550,82,208,g0u0550,R15,8,7,1,-295989,1.05305e+08
Pb208_g0u0600,82,208,g0u0600,K1,1,0,1,-1.0594e+07,9.50067e+07
Pb208_g0u0600,82,208,g0u0600,L2,2,1,0,-4.81478e+06,1.00786e+08
Pb208_g0u0600,82,208,g0u0600,L3,2,1,1,-4.63002e+06,1.00971e+08
Pb208_g0u0600,82,208,g0u0600,M4,3,2,0,-2.17296e+06,1.03428e+08
Pb208_g0u0600,82,208,g0u0600,M5,3,2,1,-2.13022e+06,1.03471e+08
Pb208_g0u0600,82,208,g0u0600,N6,4,3,0,-1.20115e+06,1.044e+08
Pb208_g0u0600,82,208,g0u0600,N7,4,3,1,-1.19197e+06,1.04409e+08
Pb208_g0u0600,82,208,g0u0600,O8,5,4,0,-763302,1.04837e+08
Pb208_g0u0600,82,208,g0u0600,O9,5,4,1,-760525,1.0484e+08
Pb208_g0u0600,82,208,g0u0600,P10,6,5,0,-528257,1.05073e+08
Pb208_g0u0600,82,208,g0u0600,P11,6,5,1,-527195,1.05074e+08
Pb208_g0u0600,82,208,g0u0600,Q12,7,6,0,-387363,1.05213e+08
Pb208_g0u0600,82,208,g0u0600,Q13,7,6,1,-386888,1.05214e+08
Pb208_g0u0600,82,208,g0u0600,R14,8,7,0,-296228,1.05305e+08
Pb208_g0u0600,82,208,g0u0600,R15,8,7,1,-295989,1.05305e+08
Pb208_g0u0700,82,208,g0u0700,K1,1,0,1,-1.0594e+07,9.50067e+07
Pb208_g0u0700,82,208,g0u0700,L2,2,1,0,-4.81478e+06,1.00786e+08
Pb208_g0u0700,82,208,g0u0700,L3,2,1,1,-4.63002e+06,1.00971e+08
Pb208_g0u0700,82,208,g0u0700,M4,3,2,0,-2.17296e+06,1.03428e+08
Pb208_g0u0700,82,208,g0u0700,M5,3,2,1,-2.13022e+06,1.03471e+08
Pb208_g0u0700,82,208,g0u0700,N6,4,3,0,-1.20115e+06,1.044e+08
Pb208_g0u0700,82,208,g0u0700,N7,4,3,1,-1.19197e+06,1.04409e+08
Pb208_g0u0700,82,208,g0u0700,O8,5,4,0,-763302,1.04837e+08
Pb208_g0u0700,82,208,g0u0700,O9,5,4,1,-760525,1.0484e+08
Pb208_g0u0700,82,208,g0u0700,P10,6,5,0,-528257,1.05073e+08
Pb208_g0u0700,82,208,g0u0700,P11,6,5,1,-527195,1.05074e+08
Pb208_g0u0700,82,208,g0u0700,Q12,7,6,0,-387363,1.05213e+08
Pb208_g0u0700,82,208,g0u0700,Q13,7,6,1,-386888,1.05214e+08
Pb208_g0u0700,82,208,g0u0700,R14,8,7,0,-296228,1.05305e+08
Pb208_g0u0700,82,208,g0u0700,R15,8,7,1,-295989,1.05305e+08
Pb208_g0u0800,82,208,g0u0800,K1,1,0,1,-1.0594e+07,9.50067e+07
Pb208_g0u0800,82,208,g0u0800,L2,2,1,0,-4.81478e+06,1.00786e+08
Pb208_g0u0800,82,208,g0u0800,L3,2,1,1,-4.63002e+06,1.00971e+08
Pb208_g0u0800,82,208,g0u0800,M4,3,2,0,-2.17296e+06,1.03428e+08
Pb208_g0u0800,82,208,g0u0800,M5,3,2,1,-2.13022e+06,1.03471e+08
Pb208_g0u0800,82,208,g0u0800,N6,4,3,0,-1.20115e+06,1.044e+08
Pb208_g0u0800,82,208,g0u0800,N7,4,3,1,-1.19197e+06,1.04409e+08
Pb208_g0u0800,82,208,g0u0800,O8,5,4,0,-763302,1.04837e+08
Pb208_g0u0800,82,208,g0u0800,O9,5,4,1,-760525,1.0484e+08
Pb208_g0u0800,82,208,g0u0800,P10,6,5,0,-528257,1.05073e+08
Pb208_g0u0800,82,208,g0u0800,P11,6,5,1,-527195,1.05074e+08
Pb208_g0u0800,82,208,g0u0800,Q12,7,6,0,-387363,1.05213e+08
Pb208_g0u0800,82,208,g0u0800,Q13,7,6,1,-386888,1.05214e+08
Pb208_g0u0800,82,208,g0u0800,R14,8,7,0,-296228,1.05305e+08
Pb208_g0u0800,82,208,g0u0800,R15,8,7,1,-295989,1.05305e+08
Pb208_g0u0900,82,208,g0u0900,K1,1,0,1,-1.0594e+07,9.50067e+07
Pb208_g0u0900,82,208,g0u0900,L2,2,1,0,-4.81478e+06,1.00786e+08
Pb208_g0u0900,82,208,g0u0900,L3,2,1,1,-4.63002e+06,1.00971e+08
Pb208_g0u0900,82,208,g0u0900,M4,3,2,0,-2.17296e+06,1.03428e+08
Pb208_g0u0900,82,208,g0u0900,M5,3,2,1,-2.13022e+06,1.03471e+08
Pb208_g0u0900,82,208,g0u0900,N6,4,3,0,-1.20115e+06,1.044e+08
Pb208_g0u0900,82,208,g0u0900,N7,4,3,1,-1.19197e+06,1.04409e+08
Pb208_g0u0900,82,208,g0u0900,O8,5,4,0,-763302,1.04837e+08
Pb208_g0u0900,82,208,g0u0900,O9,5,4,1,-760525,1.0484e+08
Pb208_g0u0900,82,208,g0u0900,P10,6,5,0,-528257,1.05073e+08
Pb208_g0u0900,82,208,g0u0900,P11,6,5,1,-527195,1.05074e+08
Pb208_g0u0900,82,208,g0u0900,Q12,7,6,0,-387363,1.05213e+08
Pb208_g0u0900,82,208,g0u0900,Q13,7,6,1,-386888,1.05214e+08
Pb208_g0u0900,82,208,g0u0900,R14,8,7,0,-296228,1.05305e+08
Pb208_g0u0900,82,208,g0u0900,R15,8,7,1,-295989,1.05305e+08
Pb208_g0u1000,82,208,g0u1000,K1,1,0,1,-1.0594e+07,9.50067e+07
Pb208_g0u1000,82,208,g0u1000,L2,2,1,0,-4.81478e+06,1.00786e+08
Pb208_g0u1000,82,208,g0u1000,L3,2,1,1,-4.63002e+06,1.00971e+08
Pb208_g0u1000,82,208,g0u1000,M4,3,2,0,-2.17296e+06,1.03428e+08
Pb208_g0u1000,82,208,g0u1000,M5,3,2,1,-2.13022e+06,1.03471e+08
Pb208_g0u1000,82,208,g0u1000,N6,4,3,0,-1.20115e+06,1.044e+08
Pb208_g0u1000,82,208,g0u1000,N7,4,3,1,-1.19197e+06,1.04409e+08
Pb208_g0u1000,82,208,g0u1000,O8,5,4,0,-763302,1.04837e+08
Pb208_g0u1000,82,208,g0u1000,O9,5,4,1,-760525,1.0484e+08
Pb208_g0u1000,82,208,g0u1000,P10,6,5,0,-528257,1.05073e+08
Pb208_g0u1000,82,208,g0u1000,P11,6,5,1,-527195,1.05074e+08
Pb208_g0u1000,82,208,g0u1000,Q12,7,6,0,-387363,1.05213e+08
Pb208_g0u1000,82,208,g0u1000,Q13,7,6,1,-386888,1.05214e+08
Pb208_g0u1000,82,208,g0u1000,R14,8,7,0,-296228,1.05305e+08
Pb208_g0u1000,82,208,g0u1000,R15,8,7,1,-295989,1.05305e+08
Pb208_g0u1100,82,208,g0u1100,K1,1,0,1,-1.0594e+07,9.50067e+07
Pb208_g0u1100,82,208,g0u1100,L2,2,1,0,-4.81478e+06,1.00786e+08
Pb208_g0u1100,82,208,g0u1100,L3,2,1,1,-4.63002e+06,1.00971e+08
Pb208_g0u1100,82,208,g0u1100,M4,3,2,0,-2.17296e+06,1.03428e+08
Pb208_g0u1100,82,208,g0u1100,M5,3,2,1,-2.13022e+06,1.03471e+08
Pb208_g0u1100,82,208,g0u1100,N6,4,3,0,-1.20115e+06,1.044e+08
Pb208_g0u1100,82,208,g0u1100,N7,4,3,1,-1.19197e+06,1.04409e+08
Pb208_g0u1100,82,208,g0u1100,O8,5,4,0,-763302,1.04837e+08
Pb208_g0u1100,82,208,g0u1100,O9,5,4,1,-760525,1.0484e+08
Pb208_g0u1100,82,208,g0u1100,P10,6,5,0,-528257,1.05073e+08
Pb208_g0u1100,82,208,g0u1100,P11,6,5,1,-527195,1.05074e+08
Pb208_g0u1100,82,208,g0u1100,Q12,7,6,0,-387363,1.05213e+08
Pb208_g0u1100,82,208,g0u1100,Q13,7,6,1,-386888,1.05214e+08
Pb208_g0u1100,82,208,g0u1100,R14,8,7,0,-296228,1.05305e+08
Pb208_g0u1100,82,208,g0u1100,R15,8,7,1,-295989,1.05305e+08
Pb208_g0u1200,82,208,g0u1200,K1,1,0,1,-1.0594e+07,9.50067e+07
Pb208_g0u1200,82,208,g0u1200,L2,2,1,0,-4.81478e+06,1.00786e+08
Pb208_g0u1200,82,208,g0u1200,L3,2,1,1,-4.63002e+06,1.00971e+08
Pb208_g0u1200,82,208,g0u1200,M4,3,2,0,-2.17296e+06,1.03428e+08
Pb208_g0u1200,82,208,g0u1200,M5,3,2,1,-2.13022e+06,1.03471e+08
Pb208_g0u1200,82,208,g0u1200,N6,4,3,0,-1.20115e+06,1.044e+08
Pb208_g0u1200,82,208,g0u1200,N7,4,3,1,-1.19197e+06,1.04409e+08
Pb208_g0u1200,82,208,g0u1200,O8,5,4,0,-763302,1.04837e+08
Pb208_g0u1200,82,208,g0u1200,O9,5,4,1,-760525,1.0484e+08
Pb208_g0u1200,82,208,g0u1200,P10,6,5,0,-528257,1.05073e+08
Pb208_g0u1200,82,208,g0u1200,P11,6,5,1,-527195,1.05074e+08
Pb208_g0u1200,82,208,g0u1200,Q12,7,6,0,-387363,1.05213e+08
Pb208_g0u1200,82,208,g0u1200,Q13,7,6,1,-386888,1.05214e+08
Pb208_g0u1200,82,208,g0u1200,R14,8,7,0,-296228,1.05305e+08
Pb208_g0u1200,82,208,g0u1200,R15,8,7,1,-295989,1.05305e+08
Pb208_g0u1300,82,208,g0u1300,K1,1,0,1,-1.05939e+07,9.50069e+07
Pb208_g0u1300,82,208,g0u1300,L2,2,1,0,-4.81472e+06,1.00786e+08
Pb208_g0u1300,82,208,g0u1300,L3,2,1,1,-4.62997e+06,1.00971e+08
Pb208_g0u1300,82,208,g0u1300,M4,3,2,0,-2.17296e+06,1.03428e+08
Pb208_g0u1300,82,208,g0u1300,M5,3,2,1,-2.13022e+06,1.03471e+08
Pb208_g0u1300,82,208,g0u1300,N6,4,3,0,-1.20115e+06,1.044e+08
Pb208_g0u1300,82,208,g0u1300,N7,4,3,1,-1.19197e+06,1.04409e+08
Pb208_g0u1300,82,208,g0u1300,O8,5,4,0,-763302,1.04837e+08
Pb208_g0u1300,82,208,g0u1300,O9,5,4,1,-760525,1.0484e+08
Pb208_g0u1300,82,208,g0u1300,P10,6,5,0,-528257,1.05073e+08
Pb208_g0u1300,82,208,g0u1300,P11,6,5,1,-527195,1.05074e+08
Pb208_g0u1300,82,208,g0u1300,Q12,7,6,0,-387363,1.05213e+08
Pb208_g0u1300,82,208,g0u1300,Q13,7,6,1,-386888,1.05214e+08
Pb208_g0u1300,82,208,g0u1300,R14,8,7,0,-296228,1.05305e+08
Pb208_g0u1300,82,208,g0u1300,R15,8,7,1,-295989,1.05305e+08
Pb208_g0u1400,82,208,g0u1400,K1,1,0,1,-1.05892e+07,9.50116e+07
Pb208_g0u1400,82,208,g0u1400,L2,2,1,0,-4.81306e+06,1.00788e+08
Pb208_g0u1400,82,208,g0u1400,L3,2,1,1,-4.62855e+06,1.00972e+08
Pb208_g0u1400,82,208,g0u1400,M4,3,2,0,-2.1729e+06,1.03428e+08
Pb208_g0u1400,82,208,g0u1400,M5,3,2,1,-2.13018e+06,1.03471e+08
Pb208_g0u1400,82,208,g0u1400,N6,4,3,0,-1.20115e+06,1.044e+08
Pb208_g0u1400,82,208,g0u1400,N7,4,3,1,-1.19197e+06,1.04409e+08
Pb208_g0u1400,82,208,g0u1400,O8,5,4,0,-763302,1.04837e+08
Pb208_g0u1400,82,208,g0u1400,O9,5,4,1,-760525,1.0484e+08
Pb208_g0u1400,82,208,g0u1400,P10,6,5,0,-528257,1.05073e+08
Pb208_g0u1400,82,208,g0u1400,P11,6,5,1,-527195,1.05074e+08
Pb208_g0u1400,82,208,g0u1400,Q12,7,6,0,-387363,1.05213e+08
Pb208_g0u1400,82,208,g0u1400,Q13,7,6,1,-386888,1.05214e+08
Pb208_g0u1400,82,208,g0u1400,R14,8,7,0,-296228,1.05305e+08
Pb208_g0u1400,82,208,g0u1400,R15,8,7,1,-295989,1.05305e+08
Pb208_g2u1000,82,208,g2u1000,K1,1,0,1,-1.05941e+07,9.50067e+07
Pb208_g2u1000,82,208,g2u1000,L2,2,1,0,-4.81479e+06,1.00786e+08
Pb208_g2u1000,82,208,g2u1000,L3,2,1,1,-4.63003e+06,1.00971e+08
Pb208_g2u1000,82,208,g2u1000,M4,3,2,0,-2.17296e+06,1.03428e+08
Pb208_g2u1000,82,208,g2u1000,M5,3,2,1,-2.13022e+06,1.03471e+08
Pb208_g2u1000,82,208,g2u1000,N6,4,3,0,-1.20115e+06,1.044e+08
Pb208_g2u1000,82,208,g2u1000,N7,4,3,1,-1.19197e+06,1.04409e+08
Pb208_g2u1000,82,208,g2u1000,O8,5,4,0,-763302,1.04837e+08
Pb208_g2u1000,82,208,g2u1000,O9,5,4,1,-760525,1.0484e+08
Pb208_g2u1000,82,208,g2u1000,P10,6,5,0,-528257,1.05073e+08
Pb208_g2u1000,82,208,g2u1000,P11,6,5,1,-527195,1.05074e+08
Pb208_g2u1000,82,208,g2u1000,Q12,7,6,0,-387363,1.05213e+08
Pb208_g2u1000,82,208,g2u1000,Q13,7,6,1,-386888,1.05214e+08
Pb208_g2u1000,82,208,g2u1000,R14,8,7,0,-296228,1.05305e+08
Pb208_g2u1000,82,208,g2u1000,R15,8,7,1,-295989,1.05305e+08
