run,Z,A,kind,level,status,rc,err_bytes,wall_s,input_sha256
He6_rminus,2,6,rminus,0,RAN,0,0,0.656,4708d301bb34a6a0dde8d88888c8f62b7f303ad616a7b1e811441ff5b54637d5
He6_grid0,2,6,grid,0,RAN,0,0,0.573,ae8a800efbe3b27c702d3aed0d8637506308a3773efb70753f4e1ee1021cb14b
He6_grid1,2,6,grid,1,RAN,0,0,2.531,86ca89d1f8175e6ef619b4dc6f1592f1fda03177a15768b01217be1f39c36ed2
He6_grid2,2,6,grid,2,RAN,0,0,12.316,8b2b9937c55556b30ca5a4c119e0cc6f26e92c4783c636749db3f3e70516d825
Li6_rminus,3,6,rminus,0,RAN,0,0,0.713,b55ed969993e426633d9acb28f36550072cb24e952d4a6528adab9bd4d776a99
Li6_grid0,3,6,grid,0,RAN,0,0,0.843,aec0eba73929988d20ec88547a6d70ff43403aa0705418cdfb9621a84a71074e
Li6_grid1,3,6,grid,1,RAN,0,0,2.901,7c85a831ebd1f9cae801bae4da463a172b6efea3adc7036454ceddca92839b3c
Li6_grid2,3,6,grid,2,RAN,0,0,14.204,9280d14b1dda362af46a9f79ee2a61b8d5275e3d18f642f98ddb181310434857
Li6_grid3,3,6,grid,3,RAN,0,968,149.092,01fc503f70c61a1ff401e82abdcdc8b50e21a500d0f1c72cd98ee64c04607e5e
Li6_grid4,3,6,grid,4,RAN,0,1144,695.352,e16465c05261e4d687e6e472db552c077f25e17e93025bef9a0c0c6f28765133
Li7_rminus,3,7,rminus,0,RAN,0,0,0.731,6485e161fc98866b1fea6fdfef7f41c270c21832aa2adff31c23eeac3f0405c4
Li7_grid0,3,7,grid,0,RAN,0,0,0.851,0d6741b2050dd6c89361aee1faa26f44d136efeac231e602d2da6e85dd851070
Li7_grid1,3,7,grid,1,RAN,0,0,3.156,2c59e3d332bb4f149a1714c31a81fff612f8c875671cfdfd803eb3844f4c7273
Li7_grid2,3,7,grid,2,RAN,0,0,12.760,c6a8e537ac1d6c1bbb62531a360609571278e20077d9da8b3467a3301e74b5c9
Li8_rminus,3,8,rminus,0,RAN,0,0,0.674,2594eee292af5bc3c005b3e6847a6baade215c18551043f24de51c54c6d9eae6
Li8_grid0,3,8,grid,0,RAN,0,0,0.795,12a47c255f27524091e88be2e4d25426c9b8d0774849d8a3642976be03f4e464
Li8_grid1,3,8,grid,1,RAN,0,0,3.041,17d9513913faa83605537f530ab558edd6555580433d821bb3fb62fa4ab10bfa
Li8_grid2,3,8,grid,2,RAN,0,0,13.909,5b36e959cd4b857a35321c503cd1a89630d116d5596df2c92294e44f57210782
Li9_rminus,3,9,rminus,0,RAN,0,0,0.729,1c1355be064ae193eb7ff837756d0bf0ea6a487e06757daead1e8f5a5f77d77b
Li9_grid0,3,9,grid,0,RAN,0,0,0.765,b5f0014735a08c08b2fb2f0c9f1a3778cc7fa9f7d343f23e52505d7cdef0454c
Li9_grid1,3,9,grid,1,RAN,0,0,3.258,8bd6927f9bad3064ba286abfd73afddd5fd6d450a6c9984545969b631e175ce5
Li9_grid2,3,9,grid,2,RAN,0,0,13.123,543bb1592e55c4054a8fefe886ea31aaefa61847474632cf92afa26609d03226
Li11_rminus,3,11,rminus,0,RAN,0,0,0.707,fc00c2d7e45a15c34461994f21d29c96cb0823c970f84eb1b192d32ffcb4836a
Li11_grid0,3,11,grid,0,RAN,0,0,0.830,203c4ba289649f079893d1d001bb57bcfdd7a98fe1bc488984e36288d5f88f59
Li11_grid1,3,11,grid,1,RAN,0,0,3.158,cee5b497c69720242ae13b6f58925c258267e31b088aa8d01bdaa3140e0a61bc
Li11_grid2,3,11,grid,2,RAN,0,0,12.935,5056da19999de82d73e4c1d4951011e1d7dd9916486d40d8a86bebe5850f5cb5
Be7_rminus,4,7,rminus,0,RAN,0,0,0.747,3c4b88788decf82f8927b051cbd0723f070cb59187d2a8c56cd8516370e38efd
Be7_grid0,4,7,grid,0,RAN,0,0,0.838,8ab86be1bea6164b38a0807248c794b1bcc154a6b66f56a52430097c187d0b9f
Be7_grid1,4,7,grid,1,RAN,0,0,3.426,b5e1e3baeed596dd15e7efaadab05872273ade28f3bba7c352e1110bf66ec315
Be7_grid2,4,7,grid,2,RAN,0,0,14.731,eb33ec63d5877c46d8f13ef94ded92f344d60a1f8a813aad60b94aec9a06bb37
Be9_rminus,4,9,rminus,0,RAN,0,0,0.754,4b75d170e408621b300777634a1d9ec777a5674f8e45acae68da842cbb418ac3
Be9_grid0,4,9,grid,0,RAN,0,0,0.855,d86e7adba5b37404ba18e2e28eab37bcf70e2e4819255b48da9aa16204b55183
Be9_grid1,4,9,grid,1,RAN,0,0,3.375,9d1884d6c6f9aacccf7bbf9ea24ae884a1858caf6c4bc9d0ea32510eaa0cde7d
Be9_grid2,4,9,grid,2,RAN,0,0,16.780,9d51ecf8fe00dce571b70ae208d000ac967bc4b21c9a60716555bced268b5bfc
Be10_rminus,4,10,rminus,0,RAN,0,0,0.803,2f12dff6a9a407fa2529c58781c222464c752b0f1a4e99faf22f8f4ba0c4b803
Be10_grid0,4,10,grid,0,RAN,0,0,0.740,97a2275ecb590a0ece7b90884e6688a7dc7ea0ea03ab6573c24d7e2c54361446
Be10_grid1,4,10,grid,1,RAN,0,0,3.137,67a48b59df95d6b1df89418af2928e9697c6cff53e054242fd147bb249ff35b0
Be10_grid2,4,10,grid,2,RAN,0,0,14.514,1b53b44ad3788c548a41f6a14087076d2425a9653725e9fd7024077bd77fd347
Be11_rminus,4,11,rminus,0,RAN,0,0,0.795,94700b1820c246d49fdbbb74172cd8587dc19d2b99a880d340f3ec146b007f7a
Be11_grid0,4,11,grid,0,RAN,0,0,0.776,563845a1d96df986da60a96ac1937d5ef3c6b00403f74bf444056978f04c381b
Be11_grid1,4,11,grid,1,RAN,0,0,3.484,74a979e87ecc53da79799bcdf71b24e981d17cf44c18e1d82317dc952d69fcb4
Be11_grid2,4,11,grid,2,RAN,0,0,14.841,da300f51c6dc5a8bede0979e33271bc06f82e6cc007104b910b2a3fd33eb28fc
B10_rminus,5,10,rminus,0,RAN,0,0,0.827,3b21125a14f2739bbf4f6d3f0fab5f74e512e357fc4df954ac230755932b9381
B10_grid0,5,10,grid,0,RAN,0,0,0.868,451e684a15c08c67edd5267342b861f153522d57c0fbac20f4093f66f73f72ef
B10_grid1,5,10,grid,1,RAN,0,0,3.500,e950e8824abd2fb1cf448d89c23e2ad027ca2a8ba54c5d185376e3d3ae96108c
B10_grid2,5,10,grid,2,RAN,0,0,15.620,7a5d0652f4523290b10908737343e3a3398f92dfd5b0ecf584125fa9d67b1ca9
B11_rminus,5,11,rminus,0,RAN,0,0,0.832,2c396d428faeb3c18db374b308a94fb7096ffb4af893b3842bd83694329a9cd9
B11_grid0,5,11,grid,0,RAN,0,0,0.856,f2cd404600ae2b18feee650fef26aa58c9aeed78ef9b53abf223b43f8a9b7851
B11_grid1,5,11,grid,1,RAN,0,0,3.553,221e803b97173241933441b4def0032e39ef3016e9129b2aa29d4aeb38cf1935
B11_grid2,5,11,grid,2,RAN,0,0,16.892,61a291a668b107a7bbc8a7a7bccec01ec7daa179c29cd5731b5f180286042034
C12_rminus,6,12,rminus,0,RAN,0,0,0.834,85f6927a36f278c319ea40ba8960b48485d11692ca8cf000bbf363590e0a8413
C12_grid0,6,12,grid,0,RAN,0,0,0.880,0deabf0851cb84f769a9a43257570a3f64001c7b8cfc55b8cac7f0f93f6ba2ee
C12_grid1,6,12,grid,1,RAN,0,0,3.642,0e4d3ecc1b9c7b5ed56b9cc720c085602f8f3b713558693c5a407607ed4cf8ab
C12_grid2,6,12,grid,2,RAN,0,0,14.935,65fc0f07bf12016b51814a63b0334d0021058e94eeae767707f62162ae5a66ec
C13_rminus,6,13,rminus,0,RAN,0,0,0.894,7e0a60268b3a89b0fe0fc966d7ef53a720be6e0cf6f391ce1dc406867e431b94
C13_grid0,6,13,grid,0,RAN,0,0,0.851,ef858bdeadd3d133772edb88f37bea2508d9dbd10c2c1cae2e6479a37df8680c
C13_grid1,6,13,grid,1,RAN,0,0,3.510,3c09a807a828ad6e2958157c461d09587e4638aea20d04a333fc662445442b6a
C13_grid2,6,13,grid,2,RAN,0,0,15.626,a2499713335b17101f006f27439147d5caef3ec8a6141175a04943734386f072
C14_rminus,6,14,rminus,0,RAN,0,0,0.793,7766bee2612b4840360512f2a5f851875dd9750b7cd6791ee3bc3a88c10f4ce0
C14_grid0,6,14,grid,0,RAN,0,0,0.879,10cb2d69bad75701d687da0f60fd05fc8a8cd080d99b09a03f481cc1e768ed55
C14_grid1,6,14,grid,1,RAN,0,0,3.502,7ed3450fb4ae65e0994b7f7d889e991603b7b6cfccec67b597e3f495dc53cb6b
C14_grid2,6,14,grid,2,RAN,0,0,17.090,4e1e2a73d29c4522ca77ffc199f1a0a23341ff3b4ca652930bc0f37c59e6cb5f
N14_rminus,7,14,rminus,0,RAN,0,0,1.005,22a455268c1b4e6c91219d570692e61019841a115de0e4114c307b50ba98b01e
N14_grid0,7,14,grid,0,RAN,0,0,1.017,80dcc7b229eaec609affa0477664e8de0b2282e81000f0fd132029e2874d067a
N14_grid1,7,14,grid,1,RAN,0,0,4.202,027e47752d37a9026357fdfb3a0322c581fd54c49a3c40d1a4fa8cfb7bc3f3f4
N14_grid2,7,14,grid,2,RAN,0,0,18.454,695a15dcedd90ccfda77db57adaf0918e419dfdc9773af7465a9d45b69389191
N15_rminus,7,15,rminus,0,RAN,0,0,0.999,bdf3dd4d663900b9ff774107aa8fb54d5d83f7dd16a3899d105cedc7d2982e4b
N15_grid0,7,15,grid,0,RAN,0,0,0.902,4ab1b0c75dd1dd72b70b31096ca14f062fd9b053e7d57b0eb415386be1b40d0b
N15_grid1,7,15,grid,1,RAN,0,0,4.048,82b23c907c24f07ae51d95db5819339281a59686c1ef814571d18d7cf5f619cb
N15_grid2,7,15,grid,2,RAN,0,0,18.117,760564a17f3903b6840b64940df2563e1a76875b3b5d32eba98a66ccf8ef93e6
O16_rminus,8,16,rminus,0,RAN,0,0,1.071,fb0effd4afd3340cd204e544417ba72c610da8e7963a7dc48aea652af28c6c36
O16_grid0,8,16,grid,0,RAN,0,0,1.109,dfefc888ddd47fb00cacde016fd3db867ef286b3010b1bbd8202b81b96c02b03
O16_grid1,8,16,grid,1,RAN,0,0,4.301,18a90a1afdf56361c7b43457bcbc1221a64c4717059f473aef773ec8afd3855e
O16_grid2,8,16,grid,2,RAN,0,0,18.390,ad7285edaede00bda7fc5534c6f10c3473aa8611e5af6f0ef8550967698a4608
O17_rminus,8,17,rminus,0,RAN,0,0,1.143,b1a803faa84891049cde64990e4aead7630a60262c3b72956b8960edba7706de
O17_grid0,8,17,grid,0,RAN,0,0,1.071,69ba9fcd3b7017890304077a9b7d0e97b12d48703b7eee08b6dfb4dee53e88ab
O17_grid1,8,17,grid,1,RAN,0,0,4.098,11227ee1dbd3b1fc0c76f38a762e4717351f66d6acaace892f81c7c6c241aae0
O17_grid2,8,17,grid,2,RAN,0,0,20.292,5664ff0a32efc8ecee71e7aa7e44583519263d35ba4332bd715e6b029a6dbf2f
O18_rminus,8,18,rminus,0,RAN,0,0,1.076,6d944c8a2f289cdbdbfd08a4713f9474fdf3fef9e1678e84e84cad9f0446c7f8
O18_grid0,8,18,grid,0,RAN,0,0,1.076,63c7dc21e0f7a029e0ff830b5545c8a5dc8b14d60c422e5c49f90f36b54b4a88
O18_grid1,8,18,grid,1,RAN,0,0,4.609,48ec21019eea946bee00f409b4b61bb57f6ef86c17e58cb8eac6e52ba2da9c14
O18_grid2,8,18,grid,2,RAN,0,0,19.168,d21f581fbdcc30b6a5457b04e0ef77a1cc20fe40bd268da13f34b58aab221b97
F19_rminus,9,19,rminus,0,RAN,0,0,1.113,02d3d6b1b4593897c454dc8cd8f9e1c82bfc191cf2d641f8fd20c9a235bf6ff5
F19_grid0,9,19,grid,0,RAN,0,0,1.036,76ab9239e2de980cf3133cfba5bf02b9884ed81f8ae4e1091278762448777603
F19_grid1,9,19,grid,1,RAN,0,0,4.382,faab9c7953ab517b4d3ac571cc4957f12a288bc82d6ec8a8c5273adfdf5eb0f1
F19_grid2,9,19,grid,2,RAN,0,0,18.985,1df894ec558dce6efaf45f5be0aefd87d89e107fc4ccff8d75b267a5f6a0a774
Ne17_rminus,10,17,rminus,0,RAN,0,0,1.208,0c1843fb3a0736dd2bc6e67b66cd7c4c69d2f248f191e486c1bfdf1ec99c2e83
Ne17_grid0,10,17,grid,0,RAN,0,0,1.297,5e9d193952ad7efa20452be516694a2fb32e622d90324131e366ff9525a63be7
Ne17_grid1,10,17,grid,1,RAN,0,0,4.677,98a3ad61ad88d918b49704e298f7e83b21bb01a26edef91ea79691988419f975
Ne17_grid2,10,17,grid,2,RAN,0,0,19.935,271e3b3b938aae74a6f89a97935c6253bc24a20bb1b3d719cd87cb54aa7f28cc
Ne18_rminus,10,18,rminus,0,RAN,0,0,1.229,72de496b056f016d52e4e02d5e136d472904ef9fc741528a1344d78a6f7bba89
Ne18_grid0,10,18,grid,0,RAN,0,0,1.244,8ca6c94093e73277e78ed00711603c8baaeed061e610b636781de10c969b381a
Ne18_grid1,10,18,grid,1,RAN,0,0,4.844,73db72bfabba8d2203e7b121a1b47ae8c6312a09b5fb7004c9c57dfd3891d236
Ne18_grid2,10,18,grid,2,RAN,0,0,19.584,077cb2b1c29c1de9f03b2dff3a1e66dea96f399614cad176fcbe0c5686f41485
Ne19_rminus,10,19,rminus,0,RAN,0,0,1.142,ad7cf06b4e8f007efa96261583e49804831f9d12582e49a735def97f63b75f16
Ne19_grid0,10,19,grid,0,RAN,0,0,1.254,f7f4fa150dcd6a400446f9b9c355fb661ec63f4387028a5b875f5879b2d0b6d5
Ne19_grid1,10,19,grid,1,RAN,0,0,4.851,cd0f60239575b64590038a7ecb416c9395efcdebceb8e28befd2b9b7a767c313
Ne19_grid2,10,19,grid,2,RAN,0,0,19.902,a3f151f4e8374ddbfc10f0692ff18d0f6abfec48bf81b54aabd5eb7a5f84e690
Ne20_rminus,10,20,rminus,0,RAN,0,0,1.141,5da72245ee4c7cd24144faa987311b8f7ea3802e648830077e00632baff7ca3d
Ne20_grid0,10,20,grid,0,RAN,0,0,1.262,80ab2b97d5b1401aa70083efa72c97244ee3d7a17d2c60f1f10904ede5081171
Ne20_grid1,10,20,grid,1,RAN,0,0,5.009,d6d9f56845a311bd87d708924050088631548d4256368aefc4d7313a9bf4c300
Ne20_grid2,10,20,grid,2,RAN,0,0,20.356,564bd54d89b01287c5d2849ccfcd624896c373e48bf2e9d79c754727c7d160a4
Ne21_rminus,10,21,rminus,0,RAN,0,0,1.132,ca3129def59205c94dc165c7182a63237b2c2cc98a5c295a7596b77bfa2438be
Ne21_grid0,10,21,grid,0,RAN,0,0,1.241,0c2c60ebc1e52cbefaf5da2c0bedf9e77284f0667937e0b8570bebb3ed80b4ca
Ne21_grid1,10,21,grid,1,RAN,0,0,4.712,abb5f75fedf1221631616ae54b318a10340e56c46b8f1a85e7548e2cbb66998e
Ne21_grid2,10,21,grid,2,RAN,0,0,19.680,9f9b19074ce283bd6fdf5f54421ef989f2c8305a660ba9452809c22f14b88730
Ne22_rminus,10,22,rminus,0,RAN,0,0,1.180,db664fbb05db02739d6a842a40ff6d108bb78953af974d7260e8af7217d4c451
Ne22_grid0,10,22,grid,0,RAN,0,0,1.274,d540f5777dc3b9160dffcf62c7d6695d7b271fa46fb4259e596e2ba41654cc47
Ne22_grid1,10,22,grid,1,RAN,0,0,4.669,fd2a409b13788f91eb57f79d07c168dd2d4e4c424d2a2e799889fbf1bd06f9f5
Ne22_grid2,10,22,grid,2,RAN,0,0,22.462,0547396bfe56710eeaa0e8e5a145d870947a44433d9fa840dee79c1ef4a1e2ea
Ne23_rminus,10,23,rminus,0,RAN,0,0,1.181,ecaecb1561fb3c76f639cb79bd43349c96c4b1716237b4ab427714f3928f9ff6
Ne23_grid0,10,23,grid,0,RAN,0,0,1.342,6619e3830cad549ffef72e7141725727994810e14f1c0e642cd3dbe3f258c971
Ne23_grid1,10,23,grid,1,RAN,0,0,5.119,e86b34fba92390020b3fd37156868fbad8d35f1404a31f4694c9a2272443bf9b
Ne23_grid2,10,23,grid,2,RAN,0,0,20.818,747d21be52c1863101c07c070640fdc56ebebae9952d06b08f9feb252c9190d7
Ne24_rminus,10,24,rminus,0,RAN,0,0,1.227,e3102abe98d200432cdb017deadd805cbf6610254748fa443c3b87bfc044aa00
Ne24_grid0,10,24,grid,0,RAN,0,0,1.298,003e5a29a278404aedc9951a842279bdd2e4deb5a0fe30fd5430276a2929a538
Ne24_grid1,10,24,grid,1,RAN,0,0,4.850,ea15c08ed948c5dc68ec4d8ea0f1ad7308033d34f34c86a1f66cd1d3dbb2e68b
Ne24_grid2,10,24,grid,2,RAN,0,0,20.461,776f11099b0cd30b117c18ad520738857897d651a029cc0920b032732f15609e
Ne25_rminus,10,25,rminus,0,RAN,0,0,1.163,c9ca4d102e3fadda9a33d95cdf88a594a48833f28bfc14b677c3bb956e30a2a7
Ne25_grid0,10,25,grid,0,RAN,0,0,1.349,38a96364c303c94f6781915f1b3836960e0b2b75b3c8791d23d9a2dc4a917fdc
Ne25_grid1,10,25,grid,1,RAN,0,0,4.536,9f9258440e9706b8e8d4f172213112cdf2a72fc460219339ce2962d9aec8adb5
Ne25_grid2,10,25,grid,2,RAN,0,0,20.206,eda34923e824a0d224ab0bff1591c2b9b6ce4e9ea843523a81bb779c6c52a4c8
Ne26_rminus,10,26,rminus,0,RAN,0,0,1.241,542b8b311d829659d024dfcf7b5364bf59288119a633541426e80e8187e185e7
Ne26_grid0,10,26,grid,0,RAN,0,0,1.321,494dd88175285f891caebb79daa58099c3cdee667dc34f552c17d6f941412c4e
Ne26_grid1,10,26,grid,1,RAN,0,0,4.716,b080c14b561531b023dcbfd8a56de259d5e15f55e91c308b93e76e49a515f076
Ne26_grid2,10,26,grid,2,RAN,0,0,20.111,6b39b61a275c4026d0dc2d7c2aa75173704f9bdeba0692bc349b922acfc4e73f
Ne28_rminus,10,28,rminus,0,RAN,0,0,1.246,ea133747247260fec11263be895697cd63986cdef4a0b4f50469af0a9f3c08a6
Ne28_grid0,10,28,grid,0,RAN,0,0,1.295,380c80972d8bea9f9ce35dd4f1f614268924c6dfa848eec0c6bc37d82301a73d
Ne28_grid1,10,28,grid,1,RAN,0,0,5.021,5669593c0b3baa8131355690132596f01c7ed2923e3bc3baa0942993e3df6e12
Ne28_grid2,10,28,grid,2,RAN,0,0,19.553,1a3b9214870a23af2b6a2facd00afc1e3bd6629fd9ae30321b35e74d53466227
Na20_rminus,11,20,rminus,0,RAN,0,0,1.121,e9977acdaa42ec19a4b34b1d1a70b01dd3a9604a26c9ab722bd132ddd6308dc0
Na20_grid0,11,20,grid,0,RAN,0,0,1.097,913e6b9d588c08527df2a70f82034a122feb35901e3ec64e1d892d56fc8dae92
Na20_grid1,11,20,grid,1,RAN,0,0,4.644,c3e639b808d4217a98353e3ec39e4eaf9b77673dcac7e4d3e3971b7fdf5a3c9f
Na20_grid2,11,20,grid,2,RAN,0,0,19.949,93aea2364e41e41b6c350f613ac84173e1f4a06f6c48de48ad6a5f530ed7be99
Na21_rminus,11,21,rminus,0,RAN,0,0,1.213,95d84ba058109c28c85ebeba2550aae4de990df0cc380420500022e3d9c2ec53
Na21_grid0,11,21,grid,0,RAN,0,0,1.192,55ead9f2cb509c5d10010e69439c2d8132e78038eeccdffac0a0878b8580030f
Na21_grid1,11,21,grid,1,RAN,0,0,5.191,ea99237aca81fe16fa53d0e95ddef8c652d25836d3935481a963e22948fb81ed
Na21_grid2,11,21,grid,2,RAN,0,0,20.489,63a0f3cd91a769e4ce0c4830734f2262bb46b8642e717c2bfa88c0540a363050
Na22_rminus,11,22,rminus,0,RAN,0,0,1.152,70063cabe530730824eefa490e74ed759748ffe83aa3676774c54e3362655d8e
Na22_grid0,11,22,grid,0,RAN,0,0,1.124,afe0e34518aea643ead2dd40ca50f58a2bccb45869cae3b616a729dc73046388
Na22_grid1,11,22,grid,1,RAN,0,0,4.533,18b54537791a3d2e64abb5bd12af62001606d03a8b231b85361fabc6261a28ae
Na22_grid2,11,22,grid,2,RAN,0,0,20.633,ee099b4bdf04527a9e0d094334d41f4e075693088593790bf547cb3ab69bf19d
Na23_rminus,11,23,rminus,0,RAN,0,0,1.200,fdfc8ceef1c212b48ec82ab6f5caff43a7e217e418605a99448d1324ef7f440f
Na23_grid0,11,23,grid,0,RAN,0,0,1.095,338cdd2e0a24e26fb2a04ab072a98a123f3b3feffad255bea9248e15dbca1ebe
Na23_grid1,11,23,grid,1,RAN,0,0,4.565,0f05110fe08134ad01700ebb6c8a4e72c0c6563033793a68dbcdc95ba259e8f8
Na23_grid2,11,23,grid,2,RAN,0,0,20.652,c285838da6428bdb283c16ed7270edf17905ed1e9a8f27b9c058d23e441a93a5
Na24_rminus,11,24,rminus,0,RAN,0,0,1.163,1ae7a1e87df9e6f34c1c319139abdd6af62501f264f20aca9b61ac866c335b66
Na24_grid0,11,24,grid,0,RAN,0,0,1.095,2e97c4be59fe6a3042e83757740d99e3acb5282d698f1f22048bc58749c46c0e
Na24_grid1,11,24,grid,1,RAN,0,0,4.784,19176524eeef52bcce4e11f858fbe5f5aed5334a55ad65bab7193c659933cace
Na24_grid2,11,24,grid,2,RAN,0,0,21.861,16de2c0e59d177b698651f92536c21ed5d9d34d3dec3ed85f700d1a24f3124cf
Na25_rminus,11,25,rminus,0,RAN,0,0,1.105,a9b7db8fd3d013253cae64a3635a6c7d7cc3334d884b3897fd7d7c3271aa5f2e
Na25_grid0,11,25,grid,0,RAN,0,0,1.120,c5057f4fe7e603903c5606c0d42dcd472354cd7354d7d261f145979788963ce1
Na25_grid1,11,25,grid,1,RAN,0,0,4.781,47a6c703adc25deb85732792c09907a20ae6ab997cb3cd0c834b82db321e88aa
Na25_grid2,11,25,grid,2,RAN,0,0,21.057,8928f737dd1ac9a1f40d3fe0d96cd80d542a018bbf4c0445dadb36a8e0c8bb69
Na26_rminus,11,26,rminus,0,RAN,0,0,1.141,39996f483f0ae1a36997a79e82af2597b98c40e68db2f3921139d7c851ad230d
Na26_grid0,11,26,grid,0,RAN,0,0,1.139,3173fd1132841dff779db6b03a0c8528f04060733a7926c9822dfb95c8d48ba2
Na26_grid1,11,26,grid,1,RAN,0,0,4.902,b689c2f62ec9d7935ddd93c5c55e3fe5e497a93e7c9749835c932cda13db2946
Na26_grid2,11,26,grid,2,RAN,0,0,20.356,d4dd698cca4f389d85e430fbde181180abf575cb5aed5cccb009e53874961c56
Na27_rminus,11,27,rminus,0,RAN,0,0,1.154,fea7f64d09013919cca0b6b111d986866f84a5f92b21c8283098ee99dd836d4e
Na27_grid0,11,27,grid,0,RAN,0,0,1.099,f0b9b420f82015eab21e05159544da82947157dc1ccd686cbb4d2a7344602a54
Na27_grid1,11,27,grid,1,RAN,0,0,4.539,9b5014acab57a9d322ce7873873817d9bb094c11010eb21198072e59e6d42d12
Na27_grid2,11,27,grid,2,RAN,0,0,21.106,6fd00a9c8cbbeb6876fa400693310a830d6a1d9ebc0e70d40c149478e4ac2d68
Na28_rminus,11,28,rminus,0,RAN,0,0,1.100,46308facd050bc2bf274d2e885f97f9d821768006e0b0889c5a52eb507bc7eef
Na28_grid0,11,28,grid,0,RAN,0,0,1.083,48b5059aef749ea6c9ef5a6690cf717df22fdf0956245ebcc966df2f47264833
Na28_grid1,11,28,grid,1,RAN,0,0,4.949,e78168cea997c58689e7b8746849aa3a17f712c961d7c83e35a4f9f3a1038c77
Na28_grid2,11,28,grid,2,RAN,0,0,22.050,eee6559fb7478e619e27471966f8d81d01d8f04707a22e6e6f20abc6b80e92c9
Na29_rminus,11,29,rminus,0,RAN,0,0,1.282,e8793e7d908e87bc41546ca088734bda0c60ec1c1221856e3f7d732c91606f8d
Na29_grid0,11,29,grid,0,RAN,0,0,1.157,e055bcafdd14c406b68e06943fb29021ca0c03d16ab7fe39adf93c8f9d6b4084
Na29_grid1,11,29,grid,1,RAN,0,0,4.807,b60723de45e41b47fcfcfe9831cb064af2890f885d30e2b423023cd3ac909f07
Na29_grid2,11,29,grid,2,RAN,0,0,20.240,6de00f0e3f7bd0fcfd47ddae921c0bf368e66721bd91e3a3ab45f29c359d6d2f
Na30_rminus,11,30,rminus,0,RAN,0,0,1.119,b3061c0cd979096678ac51f19047dffacfe2ae2ec697eb3e84c14988623842f4
Na30_grid0,11,30,grid,0,RAN,0,0,1.147,8840a53af1bfddb6f501f439390b85820bdc11df7daee6843f1ccec52300478d
Na30_grid1,11,30,grid,1,RAN,0,0,4.669,8e2f3361aeb281de8db830855b5a373735b04e9d92fecd9ffddab0b2adc0b7da
Na30_grid2,11,30,grid,2,RAN,0,0,21.157,cce4fc7593943e88fa05640b746f0ab1128fb92f785f91372d58c1a871245602
Na31_rminus,11,31,rminus,0,RAN,0,0,1.182,88659ccc700fe49af029f6d423bf02df28dfbf65e8e16a743deef8d408aaa518
Na31_grid0,11,31,grid,0,RAN,0,0,1.113,61f3f1dd9f4ac0ff9cd80fda123e22263c3317133ff7051ea2b2971065be420e
Na31_grid1,11,31,grid,1,RAN,0,0,4.973,8e155bb94364b426d679034054af1ffe41cb18f7642698211a1efad14b9df8e2
Na31_grid2,11,31,grid,2,RAN,0,0,21.256,066e8c960e2e566f965e00b906d0df7eb66310be06338782d85baecfa1dfdd4e
Mg24_rminus,12,24,rminus,0,RAN,0,0,1.159,c18e1137681a3a770ff7559c883c41bf1f3bd4f4ac26c0c796d065183eaad844
Mg24_grid0,12,24,grid,0,RAN,0,0,1.238,8584a36b16b228f4973f3c56f80e7441dc9571150ab7d298b06ffea5633341d4
Mg24_grid1,12,24,grid,1,RAN,0,0,5.284,dbaf0a874008d89293b4a86faed42df5a2d52d807eb5146791a2f8433da86df3
Mg24_grid2,12,24,grid,2,RAN,0,0,20.653,4bf47e7f81fb4457f7a7a8e7bebdd1bc7120bc5776ff67f3ce6a834085a86849
Mg25_rminus,12,25,rminus,0,RAN,0,0,1.124,3a9dced029ae9f3cf6b5fa8175d739fe0aaaead330ea2c50c66f6406bc8dd104
Mg25_grid0,12,25,grid,0,RAN,0,0,1.096,0960da3004f5945631ddac41ede2f846e4e096a2152854d653e981c9a59a3a39
Mg25_grid1,12,25,grid,1,RAN,0,0,4.896,a7d3081fb83620750e2b5fc4625f2b16e1e354a7b24b21a8f9a021496032f9b7
Mg25_grid2,12,25,grid,2,RAN,0,0,22.450,989b7bc8056f3bd39d53af7f37b655e5280917a039ad13662f56c024ead23ea3
Mg26_rminus,12,26,rminus,0,RAN,0,0,1.112,40a727854db39c3b49f5c0664f04452762e9a5638b842c81825e5990c6102c9f
Mg26_grid0,12,26,grid,0,RAN,0,0,1.216,7b2e99eef1cd3b1bacff76fa38b116df117cfa4f5e460eb5ab04bb4a4a7bb7e5
Mg26_grid1,12,26,grid,1,RAN,0,0,5.080,47c6efb8853389fe2a5241149d2b75fd69b12b712645c1c07f80205c5a83b1b2
Mg26_grid2,12,26,grid,2,RAN,0,0,21.193,2fccaaec480396b969ee91a6aec84b4c78a24c97d8a223508526edbc4f98bf2d
Al27_rminus,13,27,rminus,0,RAN,0,0,1.152,0e052465b40e5fdda39d3c9fc975929450b01a044820ff08e83bf3967c8b796d
Al27_grid0,13,27,grid,0,RAN,0,0,1.210,8b6f38401a6729b13829a920f588a35512b6de67e72efef0e19c362e68e89e79
Al27_grid1,13,27,grid,1,RAN,0,0,5.414,9dcf5a14014cf33c87ba6d3bc83663e2671e179198498c31d271defad79e1c60
Al27_grid2,13,27,grid,2,RAN,0,0,21.991,c33c900fa1fc18c0bea74801d3a6700383f000e54d7a75c56e8edc73f0c8e2db
Si28_rminus,14,28,rminus,0,RAN,0,0,1.209,9ea014bfd15878b4e6649c4a7b4b65c0c47a9cb77d7668e66c171aad2ef75f39
Si28_grid0,14,28,grid,0,RAN,0,0,1.213,c78a1144b776a1954849931cc707312fb4e919d8b38f151da9c580116eb63ca5
Si28_grid1,14,28,grid,1,RAN,0,0,5.702,e0dcefb0da1cfbeef9c7fe7c4975943812a420cd512a85c4baf332e21cfe293f
Si28_grid2,14,28,grid,2,RAN,0,0,23.349,58ee5959bced11fdad62a0f08443d05e614ed13320dc46be2cca5807f70278db
Si29_rminus,14,29,rminus,0,RAN,0,0,1.130,a6c272a9cfb5832ebfc4c91d6b07a695a4634698702b0e76aba5a5a5f14c8a55
Si29_grid0,14,29,grid,0,RAN,0,0,1.183,fa1970fe3bfbde5c4caa3680aa7b45b3126693d873d0ccfc50991d1bf7c26d9e
Si29_grid1,14,29,grid,1,RAN,0,0,4.949,7c043c9621f3ec6b9f1ae289836437ee78b29b894607aa60526b996520ab2967
Si29_grid2,14,29,grid,2,RAN,0,0,23.620,e539ae2ead48931a07ee81c04bd051e0874c78277be7229b1a9e45f950559b95
Si30_rminus,14,30,rminus,0,RAN,0,0,1.081,f56ff46e29771619510e5074b7679d5ef11265cf3c3b7f87aa18c4e0cd5dd2c7
Si30_grid0,14,30,grid,0,RAN,0,0,1.178,4260d0e3e10f1e5c284f59e8182d681aa46cbc391b145d10cc3ea192f9b4971f
Si30_grid1,14,30,grid,1,RAN,0,0,5.413,8e316ae4adb943f550728451ed7c714c2eb83d520ff4a616209bfa462eec214d
Si30_grid2,14,30,grid,2,RAN,0,0,21.619,2ef30fe236dca2b34ab56578636e503c4c0b45b82077fe6c4db78b5820170929
P31_rminus,15,31,rminus,0,RAN,0,0,1.256,e5e182683ef16b2e1bc8a1fb5f8833a9e91d5ba0ed89e3194e3f99143f2f121b
P31_grid0,15,31,grid,0,RAN,0,0,1.269,40b1823678c89cfd23aff522534e124517bf3d2ab510b01240d05b395af7daef
P31_grid1,15,31,grid,1,RAN,0,0,5.267,ff587665911ae45a95612280f07205951721d58861919a4f4821ecda965babcb
P31_grid2,15,31,grid,2,RAN,0,0,22.224,0ec4fa2220612d54d772c5054c567f23378bf00252441ade11c965ea23295b56
S32_rminus,16,32,rminus,0,RAN,0,0,1.163,044ce46b08d7a2855e2e78bbda0b43b4d651ba70ade52964ba87358cf5927819
S32_grid0,16,32,grid,0,RAN,0,0,1.242,6e875eec9419403585284cb485ab560a0073ba28e879653f477ab014d5bd0931
S32_grid1,16,32,grid,1,RAN,0,0,6.146,6da0292370f517d48a6da156de83c48a7bf8edb5e543a707db06fe29800d7447
S32_grid2,16,32,grid,2,RAN,0,0,22.644,dafbc67ff6dce0f1b5dce65c367a406c52763eca5946531b08910d4f38adfd49
S34_rminus,16,34,rminus,0,RAN,0,0,1.194,d852dcf32d489d48fd137c710f11f82c38323b89e3ce488ec7ff7cfc20020f50
S34_grid0,16,34,grid,0,RAN,0,0,1.255,79e6aa6c709428796f0cb6d5b1afe337a0d4fbdfcb45dfadf8fde507ed457e85
S34_grid1,16,34,grid,1,RAN,0,0,5.535,fdba0b79e5108e81f035f0ceb790b784f0b217f6cc5542fff0ceb94872fc9137
S34_grid2,16,34,grid,2,RAN,0,0,23.506,85cfcf9b0d11fcbe920cff0bfdf2a585eaed073bbc88afc9e71504f5f38d6f15
S36_rminus,16,36,rminus,0,RAN,0,0,1.207,ec80faedb98e6bd05246798e30bddc486573e072c2ca120e67f7e7adc68267ad
S36_grid0,16,36,grid,0,RAN,0,0,1.232,9f703aae95d09894613cffed7a0f2432f2ae2f7b479f7f2a8cb751d3f24d45a2
S36_grid1,16,36,grid,1,RAN,0,0,5.569,8e7a595293efe34a31f8248f40c55ff5ba0715d641e553a73dc9b8e8eef8381d
S36_grid2,16,36,grid,2,RAN,0,0,23.144,c474dc1b3a73f2058c053a9611726c57eb7579b164193a6bc10eb45ca583f303
Cl35_rminus,17,35,rminus,0,RAN,0,0,1.309,fb0756e7d690485ca1c85adaef32fb0f746ea8d97bbb99bfa00072cab0064641
Cl35_grid0,17,35,grid,0,RAN,0,0,1.399,25cbe478768fbfe2898dc8d369cf66b5527acc17ae377b6e2bd18748ed38febd
Cl35_grid1,17,35,grid,1,RAN,0,0,5.277,a3394b948b851212f09640f006cefb17bd278d2b3cf3498cf21b1f70a2be7ca4
Cl35_grid2,17,35,grid,2,RAN,0,0,23.388,2438a0b1c448dc05157fef675dec5ae9db1b3052c557746e89dbeb50fe5d0b73
Cl37_rminus,17,37,rminus,0,RAN,0,0,1.302,d0e7c8ab9dea02ad16b53eea59dd64976390f922d5179ef23a87e5f146cb40a0
Cl37_grid0,17,37,grid,0,RAN,0,0,1.358,e0a8dece97d504975259d130923ff937a12e22321d1f0cfc8ecfe7bfa42798b9
Cl37_grid1,17,37,grid,1,RAN,0,0,5.522,6128cb0f7751dbdda006f9b5e684628b603cfc6cc8f8bac8babc6747e215907b
Cl37_grid2,17,37,grid,2,RAN,0,0,23.398,a762b64c0667ed41741bb9502865ae94d1e82333685b6ac6d276e47e3bfedcd0
Ar32_rminus,18,32,rminus,0,RAN,0,0,1.302,8fb3757d7a75d36f3fae4d5dd326b64404b70be0cf9f0abc38f8b6a29aea91bd
Ar32_grid0,18,32,grid,0,RAN,0,0,1.245,0571b59a1cc454e04659ed384f9baa40755d3f522fe618bf05694c899d3c5168
Ar32_grid1,18,32,grid,1,RAN,0,0,5.636,6809f57355ca89a6997fa83df55b1f007b04a05aa44cc0bba087b930076a1365
Ar32_grid2,18,32,grid,2,RAN,0,0,23.894,3e091dbc76da80aa1ddbf55115aed1c6401048f2df1f1e164962a976b7d964a6
Ar33_rminus,18,33,rminus,0,RAN,0,0,1.329,6d07b15a36ddb212af2146082e88b17c7a5fb03b12d21c50a0e929c11a9a1a58
Ar33_grid0,18,33,grid,0,RAN,0,0,1.252,56c5026c119f41191fa2a2248dddb8d27415bed6592fc52be76cc271f43c8df4
Ar33_grid1,18,33,grid,1,RAN,0,0,5.674,737315e5ce3993cb22203918358298e9ba9a25b84961c213735ffe0ea1253fdb
Ar33_grid2,18,33,grid,2,RAN,0,0,23.872,c7dbad2542ff03ea78cab51da3e6fd882e6831891072f5bf0be9e4d832ba8ef6
Ar34_rminus,18,34,rminus,0,RAN,0,0,1.349,8c68943c37576e40864d64133b3096ea96e2dcd4d44c9b059743a1f48685db8c
Ar34_grid0,18,34,grid,0,RAN,0,0,1.450,ae1571c6a9673545dfdaf8a0fb256c8d8a6c188ec4be78706a147eb81276d472
Ar34_grid1,18,34,grid,1,RAN,0,0,5.918,800ba49060ae6241d5cf3b8e402c46108c861795c206bc5cb3b3eb951b6bbf16
Ar34_grid2,18,34,grid,2,RAN,0,0,22.430,d13c84a4c70542b5eb6baeec73c1e12adc2a5c98d0fb940ca4866624dab05d79
Ar35_rminus,18,35,rminus,0,RAN,0,0,1.345,33f30f80966b58854b6d04b88d18cea2388765ba169fbbdd7f7abcb1ab4847b3
Ar35_grid0,18,35,grid,0,RAN,0,0,1.375,85c185e3b9fa4eb9500923f561b5273c2aa9b25b8acf3268fd6bb0c53c11c33b
Ar35_grid1,18,35,grid,1,RAN,0,0,5.734,7b77c94ea783dc17cdb87ad7eb2c44a9df65d84861757a75ef15d6cdec8c9b99
Ar35_grid2,18,35,grid,2,RAN,0,0,23.499,579799ad75a6af86283f798247620d18b2860683d5f00146e65baa1fb91d9734
Ar36_rminus,18,36,rminus,0,RAN,0,0,1.313,c337aa94904a1d1f021149ca61b35491ba9065b7d0e35eda747730ff5d3c164a
Ar36_grid0,18,36,grid,0,RAN,0,0,1.305,55a62e867c5f15bc83c3b4996d89ced0c5f154b269166a6c8ce860773f8ca2c9
Ar36_grid1,18,36,grid,1,RAN,0,0,5.416,fa0e61bc0251243a0458b6956f56f608652a1ae99f7d5469352c7b4ee8637919
Ar36_grid2,18,36,grid,2,RAN,0,0,23.206,934c595930d47a4201242d0ebedc62cffb343c093ee9860e5d1d9efdaa403774
Ar37_rminus,18,37,rminus,0,RAN,0,0,1.251,e41d9328d04314ae160f1cfdd8fa2010a342ee068f15120a50f9efcce0281d23
Ar37_grid0,18,37,grid,0,RAN,0,0,1.500,3d8716c304bf1ef3c5e746456df5064776886c5bad67b42e575f5622f4dae0a1
Ar37_grid1,18,37,grid,1,RAN,0,0,5.731,43b28c44b582573908beb1e93c3b0c122691d629bcca1e31f8cceb391e3bcb66
Ar37_grid2,18,37,grid,2,RAN,0,0,24.886,678d9d4931ad4edce857d89009f8c584cd47892175e4fd5cd3dc6d2d98d61913
Ar38_rminus,18,38,rminus,0,RAN,0,0,1.307,41a5450b4a72afef0588b997e31d8374142ca6f72625db76c609ef53aa94823c
Ar38_grid0,18,38,grid,0,RAN,0,0,1.247,34a2ea532ad77d9a91264d940935d639e067bfbcfc34e5ff1ba44414c9461f53
Ar38_grid1,18,38,grid,1,RAN,0,0,5.761,6e4ce5dbaef6a4170e5cb4db3307ef1fd8453f21a8da0b2ce7bec8e333523521
Ar38_grid2,18,38,grid,2,RAN,0,0,23.965,5644f19919b4a221709b594c434e1142ea49dbf0c3e89d64d1b81c736308e598
Ar39_rminus,18,39,rminus,0,RAN,0,0,1.400,4a0cfac4aafc7e1527bd333cde319589ff372bc07d763ba3a10b744bd8663066
Ar39_grid0,18,39,grid,0,RAN,0,0,1.205,26e16f2661a1164ae1961b18fff53c64c22cb93456268d34c5ecf22b10aa1d36
Ar39_grid1,18,39,grid,1,RAN,0,0,6.080,24142cc8b94e35a2e12162d2f002bf796c11242172dbbad3510e1bb137a0adf9
Ar39_grid2,18,39,grid,2,RAN,0,0,26.162,669a7bf6eef59099ab2083548f7d087b36ec6e7944fcb162b9c3c81424ac9ca0
Ar40_rminus,18,40,rminus,0,RAN,0,0,1.218,1b5db695f605583087fe3f6700995d450d6db67bc4ade6b7f2610a55964afa48
Ar40_grid0,18,40,grid,0,RAN,0,0,1.317,9eab0ae9dfea4848e43e190fe1745beca629d6a7b94c258eff192a0825b782d7
Ar40_grid1,18,40,grid,1,RAN,0,0,5.514,cb3561c2c3b27b5ea7d82465d96bcde16b2273d8f78a77f8c2ddf9cb64d92373
Ar40_grid2,18,40,grid,2,RAN,0,0,23.915,7c168963e10fbac446a812dbf864d5cb2db8950b6e73a6a81c70ea051e5cd56d
Ar41_rminus,18,41,rminus,0,RAN,0,0,1.291,73b5c56c428c640fdd4cf8f0bdc6bcb7d02e16cd9ee9339b7a133c6193599291
Ar41_grid0,18,41,grid,0,RAN,0,0,1.339,9c410772792614f8378d624797a9ee22fdec7123eae47c8cb1c8800a74d9cd9f
Ar41_grid1,18,41,grid,1,RAN,0,0,5.545,cc1811c40ff9b2a55c82fd10ea8621f5895ac590c5b494c6085f68f9153bb64f
Ar41_grid2,18,41,grid,2,RAN,0,0,25.860,79a442b8b9aa5e8dd1cff3969afac6d9d39e2c7d4109659297d792b42bcb9db7
Ar42_rminus,18,42,rminus,0,RAN,0,0,1.283,741b06d4766a37a6200fe9f4d5d6094c992ebc3446d8248a89954929306fded3
Ar42_grid0,18,42,grid,0,RAN,0,0,1.433,c70c980669dabe967f4917d69ae9ef9417b0dd5d033aff2b758ed6a36cea67c0
Ar42_grid1,18,42,grid,1,RAN,0,0,5.929,5b96c29b00a1507b184ea8e7bf1f2f8cd5d28b2e2578943222fcb9d7c5862523
Ar42_grid2,18,42,grid,2,RAN,0,0,23.051,d793d61c71288f455832e587ac003344a1c5dbaa4bc6a349f073b93f7be231ca
Ar43_rminus,18,43,rminus,0,RAN,0,0,1.246,44490f53648207aa7977752bd3e99675c00dcfae2d22dcf4928b8cbce0ec6ff8
Ar43_grid0,18,43,grid,0,RAN,0,0,1.299,8c5456b07fe97b02f6999b2afe5a6c28cdf6fe551654d0d34ff0b1c7da587444
Ar43_grid1,18,43,grid,1,RAN,0,0,5.832,a9ae34b53faff372da03fac71ed6b5c808b0064caef6183bd5d77eaabbf1b0ea
Ar43_grid2,18,43,grid,2,RAN,0,0,24.004,f923b01d27a7924a24470e5c093557063cfbc7f6d3c4989f7385a236680aecc4
Ar44_rminus,18,44,rminus,0,RAN,0,0,1.351,41f02886b44b5ea3bc6db596a45aa27cd3b074347a79752f5f3a990244509c15
Ar44_grid0,18,44,grid,0,RAN,0,0,1.356,5b3f3097d9cf39013ca005742d9288cf978c005d1ae1c00fdda015a9e9442223
Ar44_grid1,18,44,grid,1,RAN,0,0,5.440,4894fe12e1c961b806768204dfbd692ebd640602ac1f6cb8fecfa2ee91486d78
Ar44_grid2,18,44,grid,2,RAN,0,0,24.103,26a99228b9cdbf3ae51f6af41f1cb66df598d926ed85d600ce99d53435802628
Ar46_rminus,18,46,rminus,0,RAN,0,0,1.276,8aba27899f88d22663f63bc05f6860814fae1fa2901ac14b1534c6103b7d9f38
Ar46_grid0,18,46,grid,0,RAN,0,0,1.353,ef0d9aaca2c7ac3e47469b9d28feaa3997b2c59b4ffcf60de349e4edaee79e32
Ar46_grid1,18,46,grid,1,RAN,0,0,5.804,4bd5cf2c16b06ea992f316196fb8b7e0bb4e4e7993849883c62f8b251de3a237
Ar46_grid2,18,46,grid,2,RAN,0,0,23.475,6adba96736538f6dfbdc666b199c0315e75e55c2e5d82f7a6baa9516156e3697
K38_rminus,19,38,rminus,0,RAN,0,0,1.243,1c764343f42ee6855c847699d64ddadee939bc3b2af0352b2e30b39e77ebf19b
K38_grid0,19,38,grid,0,RAN,0,0,1.425,258f2206604f75cc89ac513381eac9789493a21390d6f47205276dcc9aac822a
K38_grid1,19,38,grid,1,RAN,0,0,5.699,993acbb2bbb1f0701011113689a747871226697a8a95829d104ff11b0a2e2b9c
K38_grid2,19,38,grid,2,RAN,0,0,24.506,8483396e5a2b538b9e22a616a76442e6e4eae7de8d24430533f5ab43e3c8c758
K39_rminus,19,39,rminus,0,RAN,0,0,1.291,04db7c0feccb9ae3d78f5e11c073e0fa55c1a23ae313091cb33f96b5df659421
K39_grid0,19,39,grid,0,RAN,0,0,1.384,351bfe4942708264930715d85c88aa56611b4d5423eb92b92ebfa8a27388b066
K39_grid1,19,39,grid,1,RAN,0,0,5.695,2e9995739d6afa38aca52256e17ef272b4d2d443643a4e37adc48b8dfb997603
K39_grid2,19,39,grid,2,RAN,0,0,23.948,bc2ddb9de8d7ec74fa5ceb081f77c1ec3c67022ba4a4c9749d17a311836c89c8
K40_rminus,19,40,rminus,0,RAN,0,0,1.353,ec62ad7852d157b220779d4fb7591ff8e83f54f10a5a69b9bb18e453c1aa8c08
K40_grid0,19,40,grid,0,RAN,0,0,1.340,c33955b6385c45eb445641d1dfcac5861799c425ccd5e8e75c3a8a7ec31874b4
K40_grid1,19,40,grid,1,RAN,0,0,5.808,2978c455bed70625c1c21b0e8aa57f9c5e5e084e6bce10353c08929284688473
K40_grid2,19,40,grid,2,RAN,0,0,22.804,26d90b24511238ca1ff266734ba6b25bc7b8e0ffeb26f5c6c182339716de9c31
K41_rminus,19,41,rminus,0,RAN,0,0,1.327,8963198b417a73219f220519f8334b3c470dfcf86d509ff5e50776b482a22366
K41_grid0,19,41,grid,0,RAN,0,0,1.388,1ff88de7a9677d752087cd5b63d82533a7a52408feb73e93ef147b89196f5231
K41_grid1,19,41,grid,1,RAN,0,0,5.635,0124daface9bd60d554c78736997cd6dde39c27e91e3de4676203b3f49bc9a0e
K41_grid2,19,41,grid,2,RAN,0,0,23.665,31e55ba1583426fef727f5d56393947e89e3be79d5763507deebf3b5c6f73427
K42_rminus,19,42,rminus,0,RAN,0,0,1.359,05968c97ac958ff88e426f3bc15972aedfd3c39c80a7ae0a5402b9f0659a805b
K42_grid0,19,42,grid,0,RAN,0,0,1.382,2c9fd054306a40b4553f1a630238d88019690566fa0f298dab6b88d12e6740fe
K42_grid1,19,42,grid,1,RAN,0,0,5.677,6d832f8a02098fef41b8cb59a1fc01be9f95c86316676bd8fd0526cf2ac046a1
K42_grid2,19,42,grid,2,RAN,0,0,23.905,f10aadca306c2a000706209468a9af5b68c0be779143b7ba922291b6cced182e
K43_rminus,19,43,rminus,0,RAN,0,0,1.318,1b0f680a65e95a6fd19ae6e48117a25977da24f1e0aa9eb968acf7a8488c6d13
K43_grid0,19,43,grid,0,RAN,0,0,1.485,3fe61e7f1c7e16394a97a370de4f2597d50fd99e7d91eadd65c62dbb06843750
K43_grid1,19,43,grid,1,RAN,0,0,5.574,563612791aa9b3855c6970c26b81b781cb6423a24b6ea8362a7eb3845004bb83
K43_grid2,19,43,grid,2,RAN,0,0,25.331,61ad64d686325b7ab7bafbeac7320cf0cb5e9f3542444a78e9512850df27424a
K44_rminus,19,44,rminus,0,RAN,0,0,1.367,5a2743a1a66c70c7df635c9ce4508e6efd7f8a6ba32f47a6f8951c783dec0daf
K44_grid0,19,44,grid,0,RAN,0,0,1.398,da26765bcc43a56ddef8d0ea0e70f45a7067fbe7c7ce42494a53e604061883e8
K44_grid1,19,44,grid,1,RAN,0,0,5.998,f83a899cf7aace59d264102a80157d06f2992d64371ed8a4ae1a76832313dc68
K44_grid2,19,44,grid,2,RAN,0,0,23.710,ab3a7eb07f7311ab858e05273cec19b4df5168575e65aa021b740b9cc4106ca4
K45_rminus,19,45,rminus,0,RAN,0,0,1.357,46143e0f3db3bbaf036b1eaf03fe93a09e09ec5e032ba44310919be5e2282d54
K45_grid0,19,45,grid,0,RAN,0,0,1.384,61597c04349e9558c9c5e1609cec92e8bd2163852d90a8103e7677fe29e65262
K45_grid1,19,45,grid,1,RAN,0,0,5.644,0daa9be76fba100f6a3abd7e20c70fa7166be6e861efbe783e0281993723167d
K45_grid2,19,45,grid,2,RAN,0,0,23.565,34badf4b3e59e98db3e7ab1128e511dee9d7ef5d634a88385a05827c15473201
K46_rminus,19,46,rminus,0,RAN,0,0,1.202,aa50833b488485d912876502815eb17dfa28976c00fbfe72ba9ea096bea22177
K46_grid0,19,46,grid,0,RAN,0,0,1.484,1c157c1bdd631a0810006e11d93b04f3b442a3afd31ac16e26dc647ed411abd7
K46_grid1,19,46,grid,1,RAN,0,0,5.704,19abb98599816cb88de6443324869ee725575ed168190e871afa669b7eff1598
K46_grid2,19,46,grid,2,RAN,0,0,23.852,e1d23c011416e53fd1367e845e296b105b2e230f1081c632dd0422c4f382aa15
K47_rminus,19,47,rminus,0,RAN,0,0,1.282,14d7feef479b36d9aa7e71d6edf4f35649b79900e3cbc3f5e8e8a6610aa5b52a
K47_grid0,19,47,grid,0,RAN,0,0,1.433,f15352d3d45039824e4b0800eaa2be4b2ab86f5c989be19f8dbfa8a1679354aa
K47_grid1,19,47,grid,1,RAN,0,0,5.467,a7c91a616f86a71757b09957af7f4e846cbce38f7e820a56f1aeb5955c956913
K47_grid2,19,47,grid,2,RAN,0,0,24.499,76d7e2dae8cc1d9557449e858a231e7e0fff1c9c7e6768de36d89ac819e99b74
Ca39_rminus,20,39,rminus,0,RAN,0,0,1.393,f11c41355bd882bd1a48edfdb90bf35c6127f1157d8d32216738c7adb53e0aaa
Ca39_grid0,20,39,grid,0,RAN,0,0,1.349,cb9d7d203293eee6055430e03860f41d33ef3864f9e77875dbb82e89e71a13da
Ca39_grid1,20,39,grid,1,RAN,0,0,5.552,e8cde41a54ea9e03164a63b96a152b57aec7bfae9db3e841769676a589a84abd
Ca39_grid2,20,39,grid,2,RAN,0,0,23.336,dc49f58978aec2254df3e87e46542a3535a68b80fdb9b31e62b3b4e47fb5e37e
Ca40_rminus,20,40,rminus,0,RAN,0,0,1.431,9c4eb1c608ef5bbbd62c7e1b7db85585e3e57812440305469d0ea90f324c397d
Ca40_grid0,20,40,grid,0,RAN,0,0,1.414,60341740c74f8513828d959c40f3eee37f9c1d7c0295796c5592f85ee4b69100
Ca40_grid1,20,40,grid,1,RAN,0,0,5.485,e44497f7ceea3e28f68c558372b90ac13a124831877de2e74cb46057ccc23004
Ca40_grid2,20,40,grid,2,RAN,0,0,24.730,cafd824a814d903be2459a8515e899e36671cf8b01e0cb28c237d2e1c50e0db8
Ca41_rminus,20,41,rminus,0,RAN,0,0,1.321,427f350e6dc7da3cd21a4229144ae538e72fc933b2760ad0a4f121eb18f747dc
Ca41_grid0,20,41,grid,0,RAN,0,0,1.287,dfaeab4a79a2f192009977e4a8ca0c74c5d6dc040de2365278425d90b7652860
Ca41_grid1,20,41,grid,1,RAN,0,0,5.592,abc039c4c2289a2994014933d6bcc4400c8f46946e20fe4686aa941542434758
Ca41_grid2,20,41,grid,2,RAN,0,0,26.061,8cec6bf523dfb71c205b4aa686d4bf1e141dfd5b9b9d683d170fd288695571ec
Ca42_rminus,20,42,rminus,0,RAN,0,0,1.311,a4b1faf627ad1f72c83c1e737ae006918dd2aa3e32a1f9cc417ce6cd311f7fa5
Ca42_grid0,20,42,grid,0,RAN,0,0,1.402,fcdd9486b080dec6b5892ede8aeb5fe0ca3ffa8d69803ccc4f20b8855959006e
Ca42_grid1,20,42,grid,1,RAN,0,0,5.402,dd3e1087931717bf6a13fd29a2e4996ec852c747076c6069aad2f7ad1fed79b5
Ca42_grid2,20,42,grid,2,RAN,0,0,24.205,8086d2e1bb47490096b59e93037f7cc1afe4be42c0f63b580d95affb8d5eab3b
Ca43_rminus,20,43,rminus,0,RAN,0,0,1.368,c9b37176f645ebc8bb31df0e5cf695cd4ae2b5c67236bd5240953db6eaf928dc
Ca43_grid0,20,43,grid,0,RAN,0,0,1.359,36125683929c021b2844e3df205ff058e1f79045e6a37ac0dfbc5d6978e20ec7
Ca43_grid1,20,43,grid,1,RAN,0,0,5.458,bac70955faec326544432e222e0a7726be5292b131d60445827667eeee47c583
Ca43_grid2,20,43,grid,2,RAN,0,0,23.062,0e85d55079f7ff62c9e13a0e5ec5771d60592c9de927a843bf8a9f9a2ac062aa
Ca44_rminus,20,44,rminus,0,RAN,0,0,1.360,2ec51ddc7f29cb73f5213ee667852c5d2278ece7cdd390ea5778b7c500020b4d
Ca44_grid0,20,44,grid,0,RAN,0,0,1.437,e15947b95e84661076097db10b456057aeef5df33dccf3c6449172cc2e2af68e
Ca44_grid1,20,44,grid,1,RAN,0,0,5.597,1fd7feeb428af0ecd8be72e2a4decf6b0964f1eeaa5be910d7311a7a25bbf215
Ca44_grid2,20,44,grid,2,RAN,0,0,23.995,2f215fc1e4d7255b4f8f9d105417a4f48195aab77b43c89dbcf1b83f250ed3fe
Ca45_rminus,20,45,rminus,0,RAN,0,0,1.386,f9493bc2149d4782492ddecd37a386cf483b43996f23f76c596bdc43a6ae4fc3
Ca45_grid0,20,45,grid,0,RAN,0,0,1.393,f6a9f2bb11f1777d8ae455716a74a56bf3bd33506cc18acab3a9651145052739
Ca45_grid1,20,45,grid,1,RAN,0,0,5.734,57071ec0b79e2401d206f5315150092a33d0c741ab9963cc839443f57fa3eb1b
Ca45_grid2,20,45,grid,2,RAN,0,0,23.922,1468fdeac0457b877cd90f7786e77ebb839c57091979a54ecb90384799f3669f
Ca46_rminus,20,46,rminus,0,RAN,0,0,1.365,a42d45d21b8211357ab476d8e478382bcc0d442820d23da0210d99ad85c2baad
Ca46_grid0,20,46,grid,0,RAN,0,0,1.460,e241b961fb93368670a507e814c602097b3e2bf5410418ed1e9c43de3e48a475
Ca46_grid1,20,46,grid,1,RAN,0,0,5.426,e17fbe62fbb5e9827a607fd6a3252ca5e28706fd3c7fa8a7fa79b55cb64b3761
Ca46_grid2,20,46,grid,2,RAN,0,0,24.099,3ef9e33fdbdb66c6f444c83fc9cdd20088710da6422fca534bc71e7e42ea52dd
Ca47_rminus,20,47,rminus,0,RAN,0,0,1.349,9fb2df0b690e5eec088ca3b7687657f769cee545167b64fc497141c3689148b8
Ca47_grid0,20,47,grid,0,RAN,0,0,1.422,db66efeaef3b187c70be5b80787ae154728cb36efd6969c5636b0b7cb27f605c
Ca47_grid1,20,47,grid,1,RAN,0,0,5.341,e83d0bd95cf8500b8e25eb7e13f22fde26c53a13c2404a286bc48daf4c8f9397
Ca47_grid2,20,47,grid,2,RAN,0,0,24.062,df8c0a1c7ab5792fdc50239ca0491c95c35424866e9322e3aeb3f2d7eab1d0e4
Ca48_rminus,20,48,rminus,0,RAN,0,0,1.388,fb87d1f436bbff9e4d0543e46746e2f34f3799bc8b4b648ff67d908a8eadd514
Ca48_grid0,20,48,grid,0,RAN,0,0,1.418,33faf053a2f7ffc0b7dbc456fce3f2b0023237dc18806efa030a5574960f1734
Ca48_grid1,20,48,grid,1,RAN,0,0,5.566,453c93982a4327b98c38d4c0a27b82f03fa6ee2b3708fae1a30c65bc0ce0f780
Ca48_grid2,20,48,grid,2,RAN,0,0,23.140,5bfa5331f1ba32d39ecbd6046784925ce88361e06fa8a973cb29eecbb4b705ca
Ca50_rminus,20,50,rminus,0,RAN,0,0,1.320,0c97fffb2e77f252629c47b83d9d34ba6715fa60435d56b409bcaa1147992cca
Ca50_grid0,20,50,grid,0,RAN,0,0,1.404,2be222e63e22f38fcdaa3070b60e945069ba7b2ae0c83ab77c3ec95c6bf53d69
Ca50_grid1,20,50,grid,1,RAN,0,0,5.957,782ea03c56966a40b5180f32e30c412ae093cbc4fa9a47073eac889f69e8c1f4
Ca50_grid2,20,50,grid,2,RAN,0,0,26.091,12fda51622a5db753c3bc1159c42e288225645054bbc298f4edce2165315c6b7
Sc42_rminus,21,42,rminus,0,RAN,0,0,1.314,692887941b8fda3065e3cdea07ac1e7ad99eb4e11c464cae6e00db037038642f
Sc42_grid0,21,42,grid,0,RAN,0,0,1.403,e52121c28beb50791a1ac84d8e4049ce91dfcf4af2fa50161c853bcfba517485
Sc42_grid1,21,42,grid,1,RAN,0,0,5.529,355d8fbb848f1fa7188bde1f79d508534cac92e4502a5a9a739a119f2ec0c455
Sc42_grid2,21,42,grid,2,RAN,0,0,26.359,c31bb26646c440d1a49cd64a11d203b7f53b59b7f870cf4d053430df11a2a4e9
Sc43_rminus,21,43,rminus,0,RAN,0,0,1.261,60d63eeb89827e66648e9de2cf11d3b97d99b53a3c6401babe4bd67199bbd6fb
Sc43_grid0,21,43,grid,0,RAN,0,0,1.282,c23493d480ede3cb80248defc6bcf68545409fe4ad784af4653ca688266b3630
Sc43_grid1,21,43,grid,1,RAN,0,0,6.206,f17ef9c384c9e03400014112adf126d184f59440c2388549fd6bc728ce8fb1f0
Sc43_grid2,21,43,grid,2,RAN,0,0,23.869,a0f536a7f7dd1f7a6df9d8afb9a270fb185ed0d1cc27ae5fc1da1976d52f89e4
Sc44_rminus,21,44,rminus,0,RAN,0,0,1.398,babb1b91c029ad9fc09de87890341ff45b886d21ea33fde20f48e42b3a2d6481
Sc44_grid0,21,44,grid,0,RAN,0,0,1.225,69cc6c15c898732d87ffec171b12e11bfb4ef282bef1215a158d8699ae953c59
Sc44_grid1,21,44,grid,1,RAN,0,0,5.554,3c474420a848b00a10b536487ddc4cc22f2693fad9cf1559fe694363a8f93875
Sc44_grid2,21,44,grid,2,RAN,0,0,24.706,20387f728fed38dc75f2f3b6485c4320e3e1628daa48eb421b0873c712f6ebd9
Sc45_rminus,21,45,rminus,0,RAN,0,0,1.362,40953ce3a56a36c97e47850c45dade3a19e946b85d653548b8db6fd650943b3a
Sc45_grid0,21,45,grid,0,RAN,0,0,1.357,ae5ce83db3611133f8c90edd4f1f32a80ef06108357028469182432537bbc2f4
Sc45_grid1,21,45,grid,1,RAN,0,0,6.689,e40ecf7ffa84c599b64e73cbc3a5c6584a28693268de69caa8dcbf29c97c862c
Sc45_grid2,21,45,grid,2,RAN,0,0,24.915,7fb2d045dc02c1d27632916432a293ed65e29f42593a9a4390d0a353159eae2b
Sc46_rminus,21,46,rminus,0,RAN,0,0,1.376,984847763d4ebdf61eb26c8b62a0e712a4b5083006e7589ef374ce06b1c3bc48
Sc46_grid0,21,46,grid,0,RAN,0,0,1.256,7f7aa288a0588023bc23636fafe8089cd0fc1f79dea13b72dcf416cf4b3cf8a0
Sc46_grid1,21,46,grid,1,RAN,0,0,5.644,c7945ca372e603ba7a7a4860d489e5e6ec0ed582a5cbfb9768feadb5cb526177
Sc46_grid2,21,46,grid,2,RAN,0,0,23.981,ea1746c6039529db2bd201a68af654b5bd98d07c410a421ce7b858033d9d8a37
Ti44_rminus,22,44,rminus,0,RAN,0,0,1.444,66671ba8ca95d2f9ec85c40fc522edfc164317589bab1e0ad0d3845b651b6e27
Ti44_grid0,22,44,grid,0,RAN,0,0,1.444,1f486217ed317fb00aad837f5d51bd33a36bc52abcc843eb799397d25869c06c
Ti44_grid1,22,44,grid,1,RAN,0,0,6.108,459298ec72ba7c7fc0e13fe37e6e6cfe432e522e946502a7665326030ae20c9f
Ti44_grid2,22,44,grid,2,RAN,0,0,25.226,cde9b271c1816ecff779017bdbf8e78435a97ac6cf8501e418f916b2534560a8
Ti45_rminus,22,45,rminus,0,RAN,0,0,1.463,6acf4dbe65b25a46bc1083fb82dfcf63008ac4b975bb56f36a2d3ae6d86986ae
Ti45_grid0,22,45,grid,0,RAN,0,0,1.322,5e358fda6dc67d455ff15b292460947ce37b7e695acd2afa7e3f13ec247a5334
Ti45_grid1,22,45,grid,1,RAN,0,0,5.794,eff94b283e3629dccf854a6d4b158a641e700a1a89dc38098fdf7081d6ef6c36
Ti45_grid2,22,45,grid,2,RAN,0,0,23.491,efdf87d55cf8056d42c1877fdf33e9cbc0344603fb66c7cb37ab62601203daa0
Ti46_rminus,22,46,rminus,0,RAN,0,0,1.482,7bcf925344bd0804cee49fb38ecbde052190ac20b439280356b859639d080ed2
Ti46_grid0,22,46,grid,0,RAN,0,0,1.319,80a86943dcc9ec6b9bdcf78cfaea714bb8801aa0d4295aff62388b848e0d654e
Ti46_grid1,22,46,grid,1,RAN,0,0,5.942,5cedb248b9a9cee723d5bda162ade978042ccd483b56888f6dbb4d9f4d973ec2
Ti46_grid2,22,46,grid,2,RAN,0,0,23.533,2cbe74cd565a7025643eca964ceec86954d899b357dd91b1d579622a15b97d7c
Ti47_rminus,22,47,rminus,0,RAN,0,0,1.465,bd4e01e015245e04a70c3e3e6651279231c0da7052654c90b6ec80a11d32d7f3
Ti47_grid0,22,47,grid,0,RAN,0,0,1.244,1b68f97fd0e782510e149d221792b4112c8add35b96fb89ab40377cc1512a2ca
Ti47_grid1,22,47,grid,1,RAN,0,0,6.574,01cbdec28c3d0cf04c9ebad84a33f2ca33e23d1372074f5509394340ad8955f0
Ti47_grid2,22,47,grid,2,RAN,0,0,25.083,35a4f6b7a37592730410286e29e570610198659d95686a5c3c3f49168ec4e082
Ti48_rminus,22,48,rminus,0,RAN,0,0,1.559,6e6f6039b0c7a972368d39fceb17b6e984183c4a980bc025a4cf174e7ae416a0
Ti48_grid0,22,48,grid,0,RAN,0,0,1.306,15877d4279798e5b794d2f6709dddfe96adfe1d5313a40a920251a3e08a3923b
Ti48_grid1,22,48,grid,1,RAN,0,0,5.935,40c36b50768292662b6683728cde9568623a5e366587a662112169e5147806f9
Ti48_grid2,22,48,grid,2,RAN,0,0,26.439,98c84c22bc6ee8b4b03eaf43ea96e3c205667d1e3f6bfc909f393a09fcec21cf
Ti49_rminus,22,49,rminus,0,RAN,0,0,1.526,0d4a5645560cfdbc1581f8305ce4b3d2f2b199ce0f86a15ae8d869688db9887a
Ti49_grid0,22,49,grid,0,RAN,0,0,1.333,813df643bf7108c1b4ff5238a6edcfb5819235c4b791c6ea91c50ae87bbb82df
Ti49_grid1,22,49,grid,1,RAN,0,0,6.046,ae3ccf1cfc7fd3c77d4dbacb01e7653340251290f97101243b43009da1837134
Ti49_grid2,22,49,grid,2,RAN,0,0,23.946,1fe651e3a2a80a686b588d098f35a405f9c7c43e5e9e44cf2d258aac73347adf
Ti50_rminus,22,50,rminus,0,RAN,0,0,1.398,2220c2923f9bc41954cdcbbc601b1e1be7f7c81e2e4c37533bb459f833c5f87f
Ti50_grid0,22,50,grid,0,RAN,0,0,1.306,2620b260e85fa90620c6b8d1b20716f95929392c6d41a361dde26cee745e1cae
Ti50_grid1,22,50,grid,1,RAN,0,0,5.998,09e88b08631d3ccff09bb48afe70a09e983dcf9d1e3ebd529628c8b5ad82cf03
Ti50_grid2,22,50,grid,2,RAN,0,0,24.742,878dea26575bd2f827b3b30bdb92b325d982f1149e128665fbb7bf9bc46dbaa3
V51_rminus,23,51,rminus,0,RAN,0,0,1.517,47ef80069d617d392ce754b6b5c4bd29146684b5dacf85052b24276e6f556813
V51_grid0,23,51,grid,0,RAN,0,0,1.499,31c3b34468029f89ecd133837a0d855b1cdd7d5a248707c18d9d61880ffa5a2b
V51_grid1,23,51,grid,1,RAN,0,0,5.838,2d586131199afdec1df1302476146ab2a448b0c4f8f652da42d86b056ed3588e
V51_grid2,23,51,grid,2,RAN,0,0,24.481,4e9a481f5d07eebf2bde9384d972d5698a8d39130b4d1f0fad968a016dc83637
Cr50_rminus,24,50,rminus,0,RAN,0,0,1.464,f89edc088b6a07eea227a69885955340850d320dea4cf6d7a8e6f16033334392
Cr50_grid0,24,50,grid,0,RAN,0,0,1.474,e4a2e6228d52c513469f6941da5ce717ecf022961dab1c26644002cc3973dc9e
Cr50_grid1,24,50,grid,1,RAN,0,0,5.727,07121621c915f96dec3fed976dd3679e6df1ef7c89fcc613408608852e88ea2e
Cr50_grid2,24,50,grid,2,RAN,0,0,25.959,140a45a004af80c9c1c366a00eb2473e2aa0fdf81cad31751dac4a44e38c5936
Cr52_rminus,24,52,rminus,0,RAN,0,0,1.462,8089bcb1277575483a88174636f16b74df303a914b5259e84c53b471d23487dd
Cr52_grid0,24,52,grid,0,RAN,0,0,1.564,e807494ec6224fdef8563af5ded6eb9e66cbcb9aca9cd476902507eee3ba5b1d
Cr52_grid1,24,52,grid,1,RAN,0,0,5.801,79e633b7020d7cd32445cc036b3f21e4209b5da33f277d02e98ed73013de780d
Cr52_grid2,24,52,grid,2,RAN,0,0,24.144,19b46cb7128c0f8d61079368ed6c7932db79fb87bb89ee86c791c503e1986a90
Cr53_rminus,24,53,rminus,0,RAN,0,0,1.467,5679e30b0e0f7e576ca8cbfc27f1f1e3d639581572f8c8d365e73e689a01c9cd
Cr53_grid0,24,53,grid,0,RAN,0,0,1.546,c60993ce45744da1f424137dc48d35963156016b61f908840e39e0d20e0492db
Cr53_grid1,24,53,grid,1,RAN,0,0,5.886,8440ee1550edbdb1c6c49e6444e9147f51dee32dc22f92c5dcd92576ec0a8473
Cr53_grid2,24,53,grid,2,RAN,0,0,25.422,34e977ceff85231fd83da1e6d205c30c6b57e9c3df0773bcac47aa08a85bd300
Cr54_rminus,24,54,rminus,0,RAN,0,0,1.449,18d0db81eb95064497606d160ebb1a4a64554f79b97db462170ee472cfd9998b
Cr54_grid0,24,54,grid,0,RAN,0,0,1.603,b047e045ebe7d00ae597f4384438486ef1522e1d5a05e817a4b673f9e1b628e9
Cr54_grid1,24,54,grid,1,RAN,0,0,5.943,ec1d9e59828bd51bd67ed752128774babe40d2cb8378f78f8a5950c6059f9b05
Cr54_grid2,24,54,grid,2,RAN,0,0,25.963,76747e8f219b652d7be99c2a3a99336c3d6a5227540f84b3bd8ac461ffe7f53f
Mn50_rminus,25,50,rminus,0,RAN,0,0,1.543,a82fc5e8799dea235b64d0e429798df1ec87ca9cb87f713ed5d41ec82b079633
Mn50_grid0,25,50,grid,0,RAN,0,0,1.375,4ff6f3ab762cb1f807199bb871c2bbb38b50d751451f6a0111f0596aa6d1b731
Mn50_grid1,25,50,grid,1,RAN,0,0,5.940,2320d50f9c909333262e6bf52a1ae6a7b406dae41fd4dc46eb48b568f4800c6b
Mn50_grid2,25,50,grid,2,RAN,0,0,25.309,c75ab2bb5cb5530f2771c13c6c3f0de3f5bdf9607e43bdd87f481d804aefe94c
Mn51_rminus,25,51,rminus,0,RAN,0,0,1.614,3eef34a04429c271d9a9b1fd56dc8a4b130ed3ea7ef36dfcd3b37cde4b280b2d
Mn51_grid0,25,51,grid,0,RAN,0,0,1.413,74d9e5d02a8b6554c672042b21fd05c248196df982e36ec5edaa533ba0fef54f
Mn51_grid1,25,51,grid,1,RAN,0,0,6.287,75610fe22af9c5e4458604d96cca82a1b3ddaa12663e7e6d615635789db9d546
Mn51_grid2,25,51,grid,2,RAN,0,0,26.265,41299bf5a04e5fb7c6f4c420fce0f3d69238cd9848b88f2102c0e6258db1a853
Mn52_rminus,25,52,rminus,0,RAN,0,0,1.708,0553149ac276560af22a516cf6e2367c70ce482cc87ed8d78d9e8f74d5f9154a
Mn52_grid0,25,52,grid,0,RAN,0,0,1.445,4d9c9aa8aafe243bee5ed961183c0f86820ad086a7cf942fc921aa584ccd0bd3
Mn52_grid1,25,52,grid,1,RAN,0,0,6.124,6dd2cfb6e1bb15157bc21fb5397d95299c7cdaf6bd2a350f005f124afa2e0e2f
Mn52_grid2,25,52,grid,2,RAN,0,0,25.719,d8f32a6e9fa3e0b6d0d369c7075d1fe8710055977c90a4c550dbf8910ef83f69
Mn53_rminus,25,53,rminus,0,RAN,0,0,1.671,91b585758815f6475090de628171e9f5f6c5af29a8aaf8b39d2418085b2386d4
Mn53_grid0,25,53,grid,0,RAN,0,0,1.376,a792a18ecd869f790ec6d8a2bd27ab715ce9ca8056a0b39aa4bba18fe92b601f
Mn53_grid1,25,53,grid,1,RAN,0,0,5.988,e74c927e16aaf9fc0da75cd8a7665aee6110f257720931259f11e9d862daac1a
Mn53_grid2,25,53,grid,2,RAN,0,0,26.031,07c64ec135ad77ac0c323015fc8c711ed7937e56613f1fecdc69c8325ce0bf18
Mn54_rminus,25,54,rminus,0,RAN,0,0,1.732,2f60ef567ad491ca96c600503893790813d301c514aae897bbe07690713ebd87
Mn54_grid0,25,54,grid,0,RAN,0,0,1.389,a78801589ebe27ce35b95ba4f64d8b0f22d6325a516f66674d8101a7688fb96a
Mn54_grid1,25,54,grid,1,RAN,0,0,6.153,3ba3133a015c10d4d45cfa43b44a5b605aceca3b5609fa8b2643e68ae52181a3
Mn54_grid2,25,54,grid,2,RAN,0,0,27.736,88d7b16f25b8862ad5c7fc41d0b9e1a5a0b1e6bd7a2b5defdd15d899f89b15ea
Mn55_rminus,25,55,rminus,0,RAN,0,0,1.809,6133488949025459a7df7216abc3694636a983cbe5f55dca6cea1f3e4fcdc006
Mn55_grid0,25,55,grid,0,RAN,0,0,1.487,04002599af40b6b8bdaa040d7ccfe6131104f675c4c2385fa3e2ec93a68962e0
Mn55_grid1,25,55,grid,1,RAN,0,0,6.616,297d6e4535a9f4f491f79e397e4e7c876340c54691045522d06db4ffcedeb703
Mn55_grid2,25,55,grid,2,RAN,0,0,24.929,c9239486d776884e591d8585076ff0c0fe7b26f2b66902862929d7d2ee9ae258
Mn56_rminus,25,56,rminus,0,RAN,0,0,1.793,53a26fac025a1011d58f1170643c6584bcb2d0cc796e66aa084bfe31ab50b924
Mn56_grid0,25,56,grid,0,RAN,0,0,1.485,8a08c05b3fb834d8e50a84863bb5513f8d547e3f311b79b9b737b3dbb2194544
Mn56_grid1,25,56,grid,1,RAN,0,0,6.252,c8294f42db4831c1862e96e065e052e581d17cdf0017e636b0db0fac00c554d6
Mn56_grid2,25,56,grid,2,RAN,0,0,26.188,8b9f3991d26d6c3768fa1d0cb7ad48b7169365686eb3b6eb83758db8d5cea747
Fe54_rminus,26,54,rminus,0,RAN,0,0,1.379,a4528a28a5b6344792d977c450e1ca11268b15d954b8c0d974be928345d2f54a
Fe54_grid0,26,54,grid,0,RAN,0,0,1.410,34d5849c7acf08e6c6e540c8b5974c7bee6f17565328727cea2940fc0a8fb32b
Fe54_grid1,26,54,grid,1,RAN,0,0,6.310,8497170431bbd151ce8aa74ef27ae84a51d6e8f30ae02c95c44e07a58857aecd
Fe54_grid2,26,54,grid,2,RAN,0,0,26.153,8e3c0a16176b5f4f9fb60614d6f414672df6fbd88b9a80dca8e06629f2d0ca2d
Fe56_rminus,26,56,rminus,0,RAN,0,0,1.485,6920257dbfb14bfe3552f3285743723979b9dfd85675288ee9036aa03a1aeec8
Fe56_grid0,26,56,grid,0,RAN,0,0,1.486,485882eb7117fe7ad01a37533e89792e64b5328748a77d677c49b65c27b1f9d7
Fe56_grid1,26,56,grid,1,RAN,0,0,6.111,5e06a7061dee72beb5d88536fcbe2e6da0d824de03d59afcad481a16d87a6b93
Fe56_grid2,26,56,grid,2,RAN,0,0,25.136,ac31cfcf9480fc94db8089683cbde155e3de27c737adfcb8a98bde0967466cd9
Fe57_rminus,26,57,rminus,0,RAN,0,0,1.467,544f6052cde41f73373635ae451b8c775eb49202a6c433a94a39299e85cdb429
Fe57_grid0,26,57,grid,0,RAN,0,0,1.593,1cbd3fd80e3429eaca8fff31657b4328ca4ec77e4eee4ba4710f1afdc5dde561
Fe57_grid1,26,57,grid,1,RAN,0,0,6.231,304b68fb2d190f1f7a8d8bd0e91829fc13952635c6f802444b9e460564c22f90
Fe57_grid2,26,57,grid,2,RAN,0,0,27.419,8ebb39d3a2c347fbf5c294e07688ff69e821c599d92dc4208048144251290ac3
Fe58_rminus,26,58,rminus,0,RAN,0,0,1.374,0918df95c9ee994d2094ca237052ad888b875a1ae8734cb6a8739a960e67e101
Fe58_grid0,26,58,grid,0,RAN,0,0,1.363,15dff5854e90c36fcd9cce781eb9cb97454143e172796bc6a4f114c4caa714ae
Fe58_grid1,26,58,grid,1,RAN,0,0,6.190,a447d755e419317876fe5f56edad20ed04e241433e8700dd862ba2dd43c1df48
Fe58_grid2,26,58,grid,2,RAN,0,0,26.475,b837cede6a9512392f382a600dbf26232209597f8a96bd9ec98e21f7ef3cda3b
Co59_rminus,27,59,rminus,0,RAN,0,0,1.441,166099cf0f3ba100b25c3c2866b9264513f7bd6887c52e1e5983e93ad3d625eb
Co59_grid0,27,59,grid,0,RAN,0,0,1.620,ada8c4c0da8f8ae3b4e7e8123c5a5f3d155155e20181e0469ea8ee556a3b2b8c
Co59_grid1,27,59,grid,1,RAN,0,0,6.200,abd1c35c280ff7f0b6a41d72e98961c85f45ed7825db91ba1941e040b18cfe39
Co59_grid2,27,59,grid,2,RAN,0,0,28.476,a2b1e9b5fe8eb39456eecc6918e2e41edb8f6bfa34d5f29021196c44fe1903f4
Ni58_rminus,28,58,rminus,0,RAN,0,0,1.649,46291ca13dcbdc78d4b49c2ef8a0ea22952745a455b06de495292f422d8147ab
Ni58_grid0,28,58,grid,0,RAN,0,0,1.729,90903c17211028d53616426c6a4eacc5dd987b02399ef1e17b8d5a4adba3f4bb
Ni58_grid1,28,58,grid,1,RAN,0,0,6.306,35c2861311ce30012026276d8e03f8082bd61f501a8c89adf5d7d60aed7f4200
Ni58_grid2,28,58,grid,2,RAN,0,0,27.376,8ae68be10c858af84df0945c6720e5279b16ad83ca88f06322a16d05851fb2d7
Ni60_rminus,28,60,rminus,0,RAN,0,0,1.721,840a54a521286736a44e1b31d1addd12ebe29782aed055a169a7d8304ae0dbec
Ni60_grid0,28,60,grid,0,RAN,0,0,1.728,e33f1821b44e0751944428ade07df64d6c28a324b0ab1d723ff2ed4b5575f6d4
Ni60_grid1,28,60,grid,1,RAN,0,0,6.239,bbd48e30ad2c61cc1eed28e91fd069be6c2d3927f703eb2ed22b0ed21987562e
Ni60_grid2,28,60,grid,2,RAN,0,0,26.453,6c123de54a9a085db4d06f06fc95bdf657eb77f152451a0c1a79795f7cda815c
Ni61_rminus,28,61,rminus,0,RAN,0,0,1.592,bd86af414838a5cad9fbd49fcc1ead75f293f34c734f56c99c33c371f81bb069
Ni61_grid0,28,61,grid,0,RAN,0,0,1.647,135ef8cc9e7a0b1f621696f02dc69297fab7eec926c0a92c4dbc481c66800596
Ni61_grid1,28,61,grid,1,RAN,0,0,6.295,526163e13037f588c0bb3386ac150b05950077e1d95ba43610478bed1bc649c1
Ni61_grid2,28,61,grid,2,RAN,0,0,25.692,4fc6e44a059e2c95d2c25f8e0f1cca6e8d42fb6591bb5c2d91ea9443b8e0c10e
Ni62_rminus,28,62,rminus,0,RAN,0,0,1.704,edd6a086a7c1ad23b4128b98824d635f9ca4c5a4d780fa83481b069bcdc18acc
Ni62_grid0,28,62,grid,0,RAN,0,0,1.664,f677fc05b9fa64ba535dde1c697ebe0cdfa607d1bf1a3012d0d0df6ed961b8cd
Ni62_grid1,28,62,grid,1,RAN,0,0,6.706,7304e7e932cbabd4498771abc64879478b1e88c3385796bd76232f93cf4855ca
Ni62_grid2,28,62,grid,2,RAN,0,0,26.526,1e72e0c0ea6b1cfc8ab149ab3dbae7978812b0a0b2e0b4d3bd84f48e90bdf3af
Ni64_rminus,28,64,rminus,0,RAN,0,0,1.723,11ec76633b9a37591f587d94561a8115dcbbbc17d3a6b62bddbc53775ae7f42c
Ni64_grid0,28,64,grid,0,RAN,0,0,1.724,394037ff2dba431ed68ebcf4a32fe1e87cf97797cf9a1984f94412e00bfb4a83
Ni64_grid1,28,64,grid,1,RAN,0,0,6.050,843656b989fa15e6c386c3d5d1d893815f01b169110c287e990d6c9bc4f072b7
Ni64_grid2,28,64,grid,2,RAN,0,0,26.675,86c317a67dd553226076bb749a9a17ce456e3d29d35794c0c89ffea5b8a88d9f
Cu63_rminus,29,63,rminus,0,RAN,0,0,1.481,ef22433a886cd2ca5c38bb73a34a53a8491b8b2105dcc88152c5ab7e63c46fda
Cu63_grid0,29,63,grid,0,RAN,0,0,1.557,2d7920840b710cde6082610d23d4b552ae4eb773275b59cfd94b59af1945f3c2
Cu63_grid1,29,63,grid,1,RAN,0,0,6.211,8a4c8435a7a3018610f8949800969f7a36f562632d482bc207ebb8612bed2913
Cu63_grid2,29,63,grid,2,RAN,0,0,26.602,d74f540bd4c488a0e7a725f631739ef31ef8b1da3ba3ce9fbd7192ab2fe50c71
Cu63_grid3,29,63,grid,3,RAN,0,792,160.876,a36aad802767dfc4460b1bf306719c0d0e7444e29092fe69ffc3d78043ebab24
Cu63_grid4,29,63,grid,4,RAN,0,1144,858.202,f085763137b294925d29374fc4e48d694c855e2845993d18c1e4185299e1c8a8
Cu65_rminus,29,65,rminus,0,RAN,0,0,1.523,4cc61c3b6c47bb571e7a0bc6f738f52a9963e852af9eb08ef5d824b1d177c2f7
Cu65_grid0,29,65,grid,0,RAN,0,0,1.459,8323a36cf505d151e15a2f836d029001cb62569c5c5ff6912a497cb050ca754e
Cu65_grid1,29,65,grid,1,RAN,0,0,6.327,eb2a8ac29db270c91b22adc0226318c6692e2ab6279a481f56d4abe631f47c61
Cu65_grid2,29,65,grid,2,RAN,0,0,26.946,c26ebec3c4f04b476cb9520b11004e1872d492ba31548f1b1b02661c5a48c66f
Zn64_rminus,30,64,rminus,0,RAN,0,0,1.545,e83e5413cbe8e26648678dfdfbbaad6fcc2208416c01eba2a735250a9bc67992
Zn64_grid0,30,64,grid,0,RAN,0,0,1.428,70bd581254e696da0fef9cbc76178e94a69d918d0dd16fcb5edee71f470f64e3
Zn64_grid1,30,64,grid,1,RAN,0,0,6.349,fcd400e4e2ac033ba6b3265ecd878fa17ce181c68463a135a1ad8445a86a5217
Zn64_grid2,30,64,grid,2,RAN,0,0,24.317,d63c779270ee2b20a9943ef37b017f24ce2aee8625a88beea510b7f6f8056b50
Zn66_rminus,30,66,rminus,0,RAN,0,0,1.569,39bd0cc5f9c5b848cb40d51515d07965cbc770ecdcafd14aa2895b9a6d571d43
Zn66_grid0,30,66,grid,0,RAN,0,0,1.274,9433fd43c48172d3fe04593a159c94ff7b878c2b709e55c0e11710dcd0e07bf0
Zn66_grid1,30,66,grid,1,RAN,0,0,5.940,637e4f7aa1ae21bb190d8f32e656e96cd161a441d4187a811e58e312c556947a
Zn66_grid2,30,66,grid,2,RAN,0,0,23.923,d1457fd5cd5ff1d7c29da30404705ae0f8c325152b7232a2168cfb2ce42bc8f1
Zn67_rminus,30,67,rminus,0,RAN,0,0,1.647,c5f5751fb0e446d428f165c9de1bffffea0d529c72201bce2ca92c26a71d5342
Zn67_grid0,30,67,grid,0,RAN,0,0,1.427,4d5678f1f12376bae2ad63d944596e17307fa82ad1452b4936702a5d0b41f96c
Zn67_grid1,30,67,grid,1,RAN,0,0,6.114,cbe9539fcc0ab20072bd5bf1b49a51cd045d19c0be55e563e4c752752a906d8c
Zn67_grid2,30,67,grid,2,RAN,0,0,24.863,6a15e5814a84b62c9999aad120d3e7ea0379874967c02910e114448877a5724e
Zn68_rminus,30,68,rminus,0,RAN,0,0,1.633,0c34e5fd0a0a59ba191203b9ef9b10d60f3358e96e7ea75f28ad65a71d5bb889
Zn68_grid0,30,68,grid,0,RAN,0,0,1.528,6930ca457f7cc37f4960a766b247c9b25031a338e761dc28fbe8b84a42c42cc0
Zn68_grid1,30,68,grid,1,RAN,0,0,6.683,8d0f683f3ab43c6fe6122db2d9d16b23002a190487cebf92969e8d3caa659e73
Zn68_grid2,30,68,grid,2,RAN,0,0,24.153,4e1d375ddb0be79ea06f16c3b9deac22789c28d2f8bd5007fdba08d7260409c2
Zn70_rminus,30,70,rminus,0,RAN,0,0,1.632,0afc8c7e3b11fc1e0a04ef8affead4302252afc71647c6762b26794695ee1432
Zn70_grid0,30,70,grid,0,RAN,0,0,1.459,3882d7b5da485157020d7478cd65de13d9fdcfe409ffc3bc5080625e358813b9
Zn70_grid1,30,70,grid,1,RAN,0,0,6.155,5c18828d291d1b4f1635400aac98e80144b059786d21c58c3eed4b354644ebcf
Zn70_grid2,30,70,grid,2,RAN,0,0,23.378,f9b657252943bda21f1b16348703054cd6d3818c0122c62c60a3905ce6016ffd
Ga69_rminus,31,69,rminus,0,RAN,0,0,1.540,0893db531b73eff9703550181941cfd1f055fc43f7d2d1293ccecfd4f4292472
Ga69_grid0,31,69,grid,0,RAN,0,0,1.598,2363c3918c2aae5f94fa5e70fe4d42e1434a658c925930670d2bbbaefa10bd3e
Ga69_grid1,31,69,grid,1,RAN,0,0,6.591,9df21e4865582ed8e7ae3f7d6b181e2d7c892132f56fee084002526734bdb6bf
Ga69_grid2,31,69,grid,2,RAN,0,0,26.693,343aa0fa46dbcd9ba3fd46d0649db6ee678cace755ebaeb73a993efefdf9cc37
Ga71_rminus,31,71,rminus,0,RAN,0,0,1.415,cb052d26c2e55dc437279d7af8226db6af591db7e6a53553358a919ad1a1c8e9
Ga71_grid0,31,71,grid,0,RAN,0,0,1.563,a268fe934323d55a2cdc0820a22ce61eba7c47a89e9e9ba9d875ea932d0b1cdf
Ga71_grid1,31,71,grid,1,RAN,0,0,6.583,4c6541a7e216d40bc36ca703783e61d722055510dc1e870fc2ed74712a94d700
Ga71_grid2,31,71,grid,2,RAN,0,0,26.771,f7905fdfba1fa9d010515237332fbaab97bebcc579b50b0efd9ca0c35a5a4549
Ge70_rminus,32,70,rminus,0,RAN,0,0,1.481,2f511df9776b715b4c92510dbe1fba24090afc2712ad636f5b57d6ba59dc8208
Ge70_grid0,32,70,grid,0,RAN,0,0,1.521,b33acc3b6bea641fd278d63f890faabe21ab4c8f39d5725129039ff06d153c51
Ge70_grid1,32,70,grid,1,RAN,0,0,6.533,58161b5dc29ce3fb12d8e3933c1dc2ffffd7757440c2b4fcd12621d9857718b1
Ge70_grid2,32,70,grid,2,RAN,0,0,26.280,6f1444764fda22e7dfd70788e6aaec00e08d961f6c13b2a59b6b31cacce13a6a
Ge72_rminus,32,72,rminus,0,RAN,0,0,1.471,970a8db845dc4c5eeee2f5736f98c306088f51d7b9b882d94d851c4cdf49b423
Ge72_grid0,32,72,grid,0,RAN,0,0,1.602,917208633ceb5869780243ff84c2ec7e1b4c54c0b0b3ac0bbc2d0ac8ab7a9a8b
Ge72_grid1,32,72,grid,1,RAN,0,0,6.485,56f917e0c52f66a634157f0aa6b3b98b045565da473443c64deab4ca89d2a292
Ge72_grid2,32,72,grid,2,RAN,0,0,28.078,989d2555c2aafb2c501e9d3ba1e23151f4d1b532a99b7946aea571e53cc30f5a
Ge73_rminus,32,73,rminus,0,RAN,0,0,1.498,738f1c16014f7ea7a6ed3b4330f62254c39c9681bb8d45906ec0153c3e07c310
Ge73_grid0,32,73,grid,0,RAN,0,0,1.626,3a25b769b52f358cef3e3e5b81ca2e139c7a4dffe1676b0d927c6072c9960402
Ge73_grid1,32,73,grid,1,RAN,0,0,6.540,fbce77593d4ed3da1e6e0073781a59f19aee047ca0ecdf0fbc12a8c300172693
Ge73_grid2,32,73,grid,2,RAN,0,0,26.416,d1ce8c86c37debbc504dc0c017bd565d50e571e9ed1abf0ac0063b03dddb6001
Ge74_rminus,32,74,rminus,0,RAN,0,0,1.588,594c25ae5bfd66784e73fbe67978db9ac045f4db5bac4da29ee18adc6168b745
Ge74_grid0,32,74,grid,0,RAN,0,0,1.635,c2430dbc5c225d1439ba6175dd987bfc49930fc1b919be443c68d5078048957f
Ge74_grid1,32,74,grid,1,RAN,0,0,6.380,22948b1949cdd480deb6abda9f16f8cc6db8648217485d97ee9fcb76d084fa97
Ge74_grid2,32,74,grid,2,RAN,0,0,26.938,4711f16cde14af1878e0d3f6ad6f31725276f4a56b8990d280cb29ce601dac97
Ge76_rminus,32,76,rminus,0,RAN,0,0,1.581,2ab70a7f23597409a0dee7fe980e24459714a95bec31dfd99612f01e1de0f9d6
Ge76_grid0,32,76,grid,0,RAN,0,0,1.554,2cecd101bce4ed41ca44ecac14e4e78d07742b2b5ae1f2b840ebd7d685cc5713
Ge76_grid1,32,76,grid,1,RAN,0,0,6.633,f0c49d6d86651be22cd78bed93bced3cf5d3a902eb7538ddbeb04a5ab8372ae2
Ge76_grid2,32,76,grid,2,RAN,0,0,26.874,ef1653a5a38099f8a700f86d08afcb712c6a37ffe33790823b0dd4aa9ffaff9f
As75_rminus,33,75,rminus,0,RAN,0,0,1.613,d36baa4d9c54996628abff69456265ee7734f8c14ea26428e1f20f1e81c4375a
As75_grid0,33,75,grid,0,RAN,0,0,1.613,7136df3afbb0c0d89b1c3b3697d0411d135a2ff7eadd7365c8c5053e3a3e7ed4
As75_grid1,33,75,grid,1,RAN,0,0,6.670,a281ff76b123cce605d2917bc668e7e9f86ee58a54822cdb4548b394f52f7976
As75_grid2,33,75,grid,2,RAN,0,0,26.819,0b5b754df16eed3759969031371dc8a2021aad5ee1914d5a80853992fffdfaf1
Se74_rminus,34,74,rminus,0,RAN,0,0,1.575,0b03ccce0de5363a7444da83f09804d52066a199c3a07377b259d65168a19a9e
Se74_grid0,34,74,grid,0,RAN,0,0,1.471,a627836ffa74874fe4a0e35011284e0fbe8a0735c0f58aa04e25f20c45cdfd69
Se74_grid1,34,74,grid,1,RAN,0,0,7.075,486b98daaf2ccd2751a29da656d15d490a543eeabd42f5ad99d043963f6d7af3
Se74_grid2,34,74,grid,2,RAN,0,0,27.351,0c194a66621227f46cc17d36d7c755cf1178fb3358ac6eab50d3596cbe91de97
Se76_rminus,34,76,rminus,0,RAN,0,0,1.523,f6a26380bed66c9b7fe561367694447ed524064ab5244162b7cffe36ba133e56
Se76_grid0,34,76,grid,0,RAN,0,0,1.553,f1fa9c2ba47bf092ab5d0cf86c8063fa5d307922039c4bed495dde0678d79c2f
Se76_grid1,34,76,grid,1,RAN,0,0,6.155,21b892d0437c7654637080ba0ccf424f6efca1b811290f87a7140fcf5685687d
Se76_grid2,34,76,grid,2,RAN,0,0,28.046,04b1c70a4840bf4206805eeabe9788ff0e9eb63831cff0fea456cae2df698ed0
Se77_rminus,34,77,rminus,0,RAN,0,0,1.513,408bc114b6ddbc136828346917a70ff468e96aeaf4399c8dd5aa096cecb1f57b
Se77_grid0,34,77,grid,0,RAN,0,0,1.483,f49b05dcdb05b47326d98b853d60929ed4d61b8ac269bfb6c659b43b569c080d
Se77_grid1,34,77,grid,1,RAN,0,0,8.065,b984f9d86f4548a5524fdc829c857595e84786d5bce177d996261e73d3dad0a1
Se77_grid2,34,77,grid,2,RAN,0,0,27.795,4c50a991f66779d40b81aa5068266ff34b72b6541dd1b1c17cedac1d29123feb
Se78_rminus,34,78,rminus,0,RAN,0,0,1.461,3a4fa967bc8a0e197459b2dc1fb3c0b5dd7608bd0cc33578dfe9f2a665c43e31
Se78_grid0,34,78,grid,0,RAN,0,0,1.580,de7b768aeb966aafa6ee5d7033add2dd4eb2003d88e2a6014e9313cb505791c0
Se78_grid1,34,78,grid,1,RAN,0,0,6.291,b61ced3ecea4614218082c1e453290ae5d373641176e987e36afdf891ee00626
Se78_grid2,34,78,grid,2,RAN,0,0,27.879,fa8b0d9fdd2ce01522cd22476da0289750667b324f3f48c2ddd9bccb9c8fdc6f
Se80_rminus,34,80,rminus,0,RAN,0,0,1.495,c8400fd5e89ace3ff62c3fb48412c050703a09f79c604ec95b26b9e3d8afaa8f
Se80_grid0,34,80,grid,0,RAN,0,0,1.556,adb6b3214283050369b09cba0013d9182a472cad4a00544138158eef47db366a
Se80_grid1,34,80,grid,1,RAN,0,0,7.183,0a8dcdbd0842fb37d88df771fa5cfa95c88dd4791e1afa1acf8ede7da0aa46da
Se80_grid2,34,80,grid,2,RAN,0,0,28.517,260f5b1718358afe6047afcb2e11d99a43a0fa7090e8a2e75e94de229a32eb1f
Se82_rminus,34,82,rminus,0,RAN,0,0,1.433,bdcfc5ddd1088ac5bb79b43e8542fdf5e81a9baa0aeded5298920208e1972ad0
Se82_grid0,34,82,grid,0,RAN,0,0,1.585,1bef14c5a1250c1299b33f79fc6d1225bbe48b09ec4dc2c2f3f0058dfc273ddc
Se82_grid1,34,82,grid,1,RAN,0,0,6.273,3df78b0437fb0061dce4a838242bbea9f26e13d5152e786607ee048750e398b6
Se82_grid2,34,82,grid,2,RAN,0,0,28.116,989a4e0db4c847cfffd651a79e86324c924026b57e21e6af2bf76bad38ba5130
Br79_rminus,35,79,rminus,0,RAN,0,0,1.512,84001fe011f4d19d264bff3e5f6dc87228b57d6247340d652b2032cab3549bb4
Br79_grid0,35,79,grid,0,RAN,0,0,1.568,c5ac0fc2396055645d03d0f27732fa2b10803b506b9868a63d7bc08de9872c9e
Br79_grid1,35,79,grid,1,RAN,0,0,6.383,3f5fd7e08b87895349750c19eb2fa190fb11057974c095f430c3c447e6e630cd
Br79_grid2,35,79,grid,2,RAN,0,0,28.310,9e26ea6f61c2f0b897f2a745837be30f8f3b1b9f56e2bdbd360fb318d4a4c3bc
Br81_rminus,35,81,rminus,0,RAN,0,0,1.547,5fdd19a0f2a08865541c404b31727ea36712ad3e687797b43c1e5c47ca8a7a88
Br81_grid0,35,81,grid,0,RAN,0,0,1.594,a033750d1a7a4098e3d5d5714a372e59ea5f36796b8f2c54fe7497190645cc53
Br81_grid1,35,81,grid,1,RAN,0,0,6.359,e1a9642584b17b0ed519ed541865bb2ca773de6fee1bc37e323d5951ef6ba9ac
Br81_grid2,35,81,grid,2,RAN,0,0,28.348,0435533db0b8f8a029f0d7419fdb25e7e271735578eda858af4ca9581acf106b
Kr72_rminus,36,72,rminus,0,RAN,0,0,1.551,2554c7aafef0bf270c1bdab79d1da525b60f453ed88e3d5974df5614fc509efa
Kr72_grid0,36,72,grid,0,RAN,0,0,1.634,b7efb8053ffd7e2e59a041dd6060d18652ead97678dc7683e9b4b3a7de91a7a5
Kr72_grid1,36,72,grid,1,RAN,0,0,6.631,d5edcea6e3b8498bc92bcc373c897b76ae724b5051f6cf67785740a0d88d8760
Kr72_grid2,36,72,grid,2,RAN,0,0,27.728,36486ddbd4ce9a12bd61ab2c9c9fcfe5b9d6add744d83ca4303f9b0f0bd6ea44
Kr74_rminus,36,74,rminus,0,RAN,0,0,1.524,18313e904c06944de51f62246d1366ed9757ef4e907050b7f55a2efe46bba888
Kr74_grid0,36,74,grid,0,RAN,0,0,1.644,9359809f91ee21f598a1ae42238b09c2c7b5f591f11f47b2d3f6ad46bd7071ff
Kr74_grid1,36,74,grid,1,RAN,0,0,6.661,90022101c249f3f81ee05e381748aade19643e9d7c13d96420e785107a788275
Kr74_grid2,36,74,grid,2,RAN,0,0,28.944,e7e71578ceed2e6c23151c69dc9b20694df3d2531264cae0f4d6899e1f6b847c
Kr75_rminus,36,75,rminus,0,RAN,0,0,1.535,336e7b57dc508a24b603267dca4b49654f817c7561b230dafa98f74126c5ad52
Kr75_grid0,36,75,grid,0,RAN,0,0,1.610,a08d3784526c18e3e506eb0aae6c918fa1dd5b3414f2cf2263b94b9ad56553e0
Kr75_grid1,36,75,grid,1,RAN,0,0,6.736,43c2ab7e691488944938b32b2369252f2e8a058fd3f04f4bea08b72f3aab3001
Kr75_grid2,36,75,grid,2,RAN,0,0,28.252,5f6d86422691c5c7c76b7dc95d87d305370a72a551fe3dff9a1b6196f213055f
Kr76_rminus,36,76,rminus,0,RAN,0,0,1.620,468eccbb3b7958f68200bb06dbc6142e571618462f7bd72f7f2d9b4477eae61a
Kr76_grid0,36,76,grid,0,RAN,0,0,1.607,49859498230c8d821641b9ce0890df8d2416d23983c28a8a8bebe6f094c9ed3a
Kr76_grid1,36,76,grid,1,RAN,0,0,6.426,128615314bf16cf166e2f46acb73e19cdd1a52bd196174cce3e7b41fc1c2d357
Kr76_grid2,36,76,grid,2,RAN,0,0,28.109,d2eeef173698286572d348b11b1a69ffd761a20a043d2512890f863934160386
Kr77_rminus,36,77,rminus,0,RAN,0,0,1.501,de2385d32c60e5963a566717bc53d218772e31cf23d020c7e37114ac76b39a95
Kr77_grid0,36,77,grid,0,RAN,0,0,1.557,b7adfc8591d94ac7cb637e7396a89b7c916b3f0b72a934e1b1441c45f14006bb
Kr77_grid1,36,77,grid,1,RAN,0,0,7.025,3924c2abafa489d55559e5d3940572176480c12df1eca381ea607d263735725d
Kr77_grid2,36,77,grid,2,RAN,0,0,28.316,9040cb90f3cc460dc2ff405f73f78a5fdae64baec31ec3166840e14f29b30fbb
Kr78_rminus,36,78,rminus,0,RAN,0,0,1.615,e549f8e388a7a07aa9643e2e8cdc988ef9fe6bfc05c530281a08d5597fe1243c
Kr78_grid0,36,78,grid,0,RAN,0,0,1.707,706675e282c47da4a7d294fd6255ecdf5d58115ebc29cb2a07a9e2de36737956
Kr78_grid1,36,78,grid,1,RAN,0,0,6.568,2a913877b6d635aeffaa56ff5b8575ff158ab3484f98840a94a306a0e943bc20
Kr78_grid2,36,78,grid,2,RAN,0,0,28.204,4f21d8fedfe619918b4ba797451c63ff966343030b5b53d5f7ce76c858a73557
Kr79_rminus,36,79,rminus,0,RAN,0,0,1.561,d55a3217dd98c7941c2dae85f167a69573012a75ee91477ab8eb9d1ccc76dcc8
Kr79_grid0,36,79,grid,0,RAN,0,0,1.642,c47742a26444bdf714d580a940e906143794a58582e2e2b470391b2a6d28da80
Kr79_grid1,36,79,grid,1,RAN,0,0,6.793,da565357e4ed79ee974f260a6464f946fb5b32b7fc597c7dbbf35ba163cca388
Kr79_grid2,36,79,grid,2,RAN,0,0,28.266,4b87be638aec5ab1d3fa34b00802a097f51f92643530cd72fc7474ac05e0c33a
Kr80_rminus,36,80,rminus,0,RAN,0,0,1.553,8e3cc4a772a88ad693f3452f9dcdd29039668b09916ed8cf06ded8732b21df68
Kr80_grid0,36,80,grid,0,RAN,0,0,1.664,d1a897ad2f8088aeccd1f89bff045c0a0887f3feaad22df5df78ed46341884d3
Kr80_grid1,36,80,grid,1,RAN,0,0,7.003,91936b99b6d6f5d099df5d21083da6c3983b229f6684c778c29cc49d4bf2d4ba
Kr80_grid2,36,80,grid,2,RAN,0,0,29.189,6dd018301196d62a87f1e6c569435576a5143737f4f7c736df8139839f728c63
Kr81_rminus,36,81,rminus,0,RAN,0,0,1.660,bd5df22f462e3bfe06ad3ba2801c29adafcbb7d63cfe4020478d9c31577fa6d6
Kr81_grid0,36,81,grid,0,RAN,0,0,1.655,9f4707358442d6b5f723b18cee93d5602e89aa347c2cf11d6df508a98a141e9e
Kr81_grid1,36,81,grid,1,RAN,0,0,6.887,8251da260abf34541dfe03bb80e2107ecc7b7868845123feafda79122efb75ce
Kr81_grid2,36,81,grid,2,RAN,0,0,28.315,eaf8095ed2e89ab84eb4b3b6f85de25d1ae0e0582ba5b962387b7ef3d93ffa54
Kr82_rminus,36,82,rminus,0,RAN,0,0,1.591,d224c3f2193fddd161390ab6506f8d3fa2b8fe2ba11e16631f5418fdc3a0b25e
Kr82_grid0,36,82,grid,0,RAN,0,0,1.690,0bd262d6964d2a18a59d9ac240ec48c1599a647dc8ca1fd58ec43707d68f0d0c
Kr82_grid1,36,82,grid,1,RAN,0,0,6.398,b04b55d2df7379b5e3ce2f564c92c77606c7da2912fb1ffcfbff1d5f1285648b
Kr82_grid2,36,82,grid,2,RAN,0,0,27.597,9499da991bdfcbebbfbe305a86b82e94667af35a099da82d7e6e1fda68a3cf51
Kr83_rminus,36,83,rminus,0,RAN,0,0,1.539,a0600939070e13772d38957b5eb9074f8269a9c1092353922221c8b8ae7b9511
Kr83_grid0,36,83,grid,0,RAN,0,0,1.594,0eebec562e34f2a306bdd97e6a397319386841c9de51354cb62cc947fdac8daa
Kr83_grid1,36,83,grid,1,RAN,0,0,6.918,cc5ecc1a9ab5ddab53a6f4270c9e7ca3c004d237d84e69667b6d34443fd2f89d
Kr83_grid2,36,83,grid,2,RAN,0,0,27.559,92a413bd08d7fed2947b53bd62f56e79323ed6f320db801bb8c07bc3d9e9085f
Kr84_rminus,36,84,rminus,0,RAN,0,0,1.623,53dd31128aee77b2dc6cdee2c46618e8acff51d0cc9dc7decff7e0f90c5a923e
Kr84_grid0,36,84,grid,0,RAN,0,0,1.737,f4436ee83c67a9f441ba2f562f3d30ec7293f5a21f8c0c1cc89324bf97bb0915
Kr84_grid1,36,84,grid,1,RAN,0,0,6.404,0f02b441e2f4b495f230df40dbdc2bd3218e671daaafef78a32f1f4a39e602dd
Kr84_grid2,36,84,grid,2,RAN,0,0,29.303,90de48bc4028ce297ec0e9d468cb2c685e603b5f6bcd7984baf25663f7fa2f73
Kr85_rminus,36,85,rminus,0,RAN,0,0,1.481,a306a1df9a240524279fd463786294565525783ac968794549c05a8c46431cb0
Kr85_grid0,36,85,grid,0,RAN,0,0,1.755,3278d0abab40438851509da36e1f9d75b9e427df812d0f347b0bb4a0671518df
Kr85_grid1,36,85,grid,1,RAN,0,0,7.050,7594ec0253f0f0ec724f9c452b9e630c0e5da1b0b945e716d17f8db6233eb41d
Kr85_grid2,36,85,grid,2,RAN,0,0,27.497,4bc2bd183e9736f8ea3e6d9b582d98551bfbc62984cb6ef53067993a89fa4499
Kr86_rminus,36,86,rminus,0,RAN,0,0,1.517,8205908087854965327ab4fd15603abc117f18ee68c552dad4e664dd9927baf3
Kr86_grid0,36,86,grid,0,RAN,0,0,1.681,034d37fec3ef5885c6759d6c33f6d47e5a0a99f3f0b72936787e99c705b5ca98
Kr86_grid1,36,86,grid,1,RAN,0,0,6.410,08488bccb142fd61ade8f118eef064ae1cb90f32f090c466cdf3cf1eb7ca595a
Kr86_grid2,36,86,grid,2,RAN,0,0,28.258,56b4447a777e6a13503973f76caf9d16bf272a8938ac137fa01137f6cb2fbc54
Kr87_rminus,36,87,rminus,0,RAN,0,0,1.667,3e8f8e3986369f75e9bfd67e37688770221a7b76b71b32c5bc2d0b47198a790f
Kr87_grid0,36,87,grid,0,RAN,0,0,1.729,69450306ed293d51f2a963b95b49a7edcc33a5b06109976ec515300546564cb3
Kr87_grid1,36,87,grid,1,RAN,0,0,6.561,28dfc7cd644d595c120beb21294240baabaed41deac81402f8155f126aa76b21
Kr87_grid2,36,87,grid,2,RAN,0,0,28.650,0b3cd4e1c2bd5609671e4d0337aaf3d71e67ed2fade80cc5c874ee203edd3c5e
Kr88_rminus,36,88,rminus,0,RAN,0,0,1.459,54fe638cd47f8fd5b20ba81edfb4bd70240b3ab54229543149baa6f5c4b398d5
Kr88_grid0,36,88,grid,0,RAN,0,0,1.693,25a2103da97dd1454d3349b6f4133878e4df0148dae56d1caa799fef265f260c
Kr88_grid1,36,88,grid,1,RAN,0,0,6.461,f25fdd4062b2a1070d9949990e1e86bf77f5f31c5988780f5fcf3229a6b605c3
Kr88_grid2,36,88,grid,2,RAN,0,0,28.075,a5870317c8afd15da1855b125321e9f4d7ceb210e0c77d8b6a7558d1e98615ac
Kr89_rminus,36,89,rminus,0,RAN,0,0,1.613,6c72550640c7a60131136fd5ccce9a7771412905a7f26a754f9926fb0f9b3e7a
Kr89_grid0,36,89,grid,0,RAN,0,0,1.819,5901950bd2203e80fe0e4e978641e025d8bdfe8d53bac77b9640b6667551ac24
Kr89_grid1,36,89,grid,1,RAN,0,0,6.820,f137e293aa6eb4ab40e03f51e8001c0076cf7784fab03a224b9ceeef3e17e91d
Kr89_grid2,36,89,grid,2,RAN,0,0,27.094,dbfb7f3161aa98c096a6cab58b3a72b7b6f641d7acd769212e372b4bf594bc15
Kr90_rminus,36,90,rminus,0,RAN,0,0,1.583,8193888218626bc0f7b43b0814395c7421a2b55a974620cba597823c43d00fb5
Kr90_grid0,36,90,grid,0,RAN,0,0,1.809,fa7dd51794fbede22ffd360668b5a3cff3dfb2d172484e020c4ba03f33b125ac
Kr90_grid1,36,90,grid,1,RAN,0,0,6.536,7e518b3ee2d67f87dba21b651fedc36c790392adb541975a34c33bef0bb45216
Kr90_grid2,36,90,grid,2,RAN,0,0,29.714,3fd829ebb3e5231c7b6d9d61c700a9fedb06ddb283358abf71b3f035c01fd13c
Kr91_rminus,36,91,rminus,0,RAN,0,0,1.523,b9ccb6b96feed8a759d777ff61376a42d14bcc254c926a6c39a5c3c9e525164b
Kr91_grid0,36,91,grid,0,RAN,0,0,1.856,1177bb7ce169d76a0168278de0ec5fb38b57f3e34743e78d3b3a7d1d2fc2867f
Kr91_grid1,36,91,grid,1,RAN,0,0,6.784,29d73c291454fd35bcb11c73422769a6651a520d511c4751a903240e89edf017
Kr91_grid2,36,91,grid,2,RAN,0,0,28.074,5c094636488cd2bd914cb0a93b5e682c918108d236b79be243b75af27f83bc39
Kr92_rminus,36,92,rminus,0,RAN,0,0,1.556,ec0f177f7532a230520190f6e0697ab41176d391c6a0313766359e0658805559
Kr92_grid0,36,92,grid,0,RAN,0,0,1.874,a8bdfc09d04690c8352da5aa4f7c7d86f6b936f84bf20f21496a6f0d411f3d31
Kr92_grid1,36,92,grid,1,RAN,0,0,6.307,be5ac63701abd69f281fb478bdf0135872ebcafd6b6c3b990f9a8a2edd80b597
Kr92_grid2,36,92,grid,2,RAN,0,0,28.184,f11f7c0cf1075faf9e102ce06054dc94567679117e244c16483c35d78fb04878
Kr93_rminus,36,93,rminus,0,RAN,0,0,1.572,0b5b755b32bbeb40085622eb2ae3aba8c3b3d394a7ffdd734a443fb78404a061
Kr93_grid0,36,93,grid,0,RAN,0,0,1.916,dd04f17f1a06fd54c2b16a8d7ff7b7b934feee432c1b0c1d30b55fa24a2c4974
Kr93_grid1,36,93,grid,1,RAN,0,0,6.887,6cb8b8522f32b294374558905fa74c5d05703f01566ed86d5f255d5d44d8b6cd
Kr93_grid2,36,93,grid,2,RAN,0,0,28.318,c214bca9a147d757098a700a7e73e455688baa92a70188f7778754d1f8d44bc8
Kr94_rminus,36,94,rminus,0,RAN,0,0,1.571,118a38f2ab29825196fac04ae931b46cb2d17e691f9c37673fbf533caf592736
Kr94_grid0,36,94,grid,0,RAN,0,0,1.875,8ede29c36aab721c858127f6abca4c246f0706354601285296afff21b7591be1
Kr94_grid1,36,94,grid,1,RAN,0,0,6.533,68bf2ead63eb6e3f8bd2ee4b8305dcf80835283554a98a240db401b1d6d41a39
Kr94_grid2,36,94,grid,2,RAN,0,0,27.830,63876c4813f865747d783fb2e75e3117bca8d8c9a7367106c576db9bb3f3a539
Kr95_rminus,36,95,rminus,0,RAN,0,0,1.492,742f84c0124ac11beeae6457885eafafc1f51be3d3d3f595b434a2c1cbb9cccd
Kr95_grid0,36,95,grid,0,RAN,0,0,1.847,12f7e400d4d7f80db404080401e4c801a1a8840b63110660792c1c1e9a1d9cb3
Kr95_grid1,36,95,grid,1,RAN,0,0,6.749,3bc1c56b3844e2b3a8e816bbed0cf58b9a27349248c427957602f5ca1b871e89
Kr95_grid2,36,95,grid,2,RAN,0,0,28.690,fdf70fab3a1983f0d41f9272ed85435af6b3b4b58a9b453c266a8963807a8964
Kr96_rminus,36,96,rminus,0,RAN,0,0,1.530,f8cc7c0be056d400cac27c816d023d5f98a46f0b67ebf8fb69b6422b1e800e32
Kr96_grid0,36,96,grid,0,RAN,0,0,1.799,9c28984bee2d6b1d49ea1cc5520934392bc6f12d88949aecf4e2da115878d66b
Kr96_grid1,36,96,grid,1,RAN,0,0,6.316,7efaa466e1b0baf19441e435a7336c21822906aa77e12abc192f42f6c6676ed2
Kr96_grid2,36,96,grid,2,RAN,0,0,29.438,b371ac428ef1f3ffe116a650f69ba2d4973e39d8984509f638f09f0e3b3e4c0f
Rb76_rminus,37,76,rminus,0,RAN,0,0,1.695,8230a09185f3ad8854cc31bc1138e5caba759f8961c5cff215b425c914443fff
Rb76_grid0,37,76,grid,0,RAN,0,0,1.688,227339d14f525b4c9765448576c17fefc9060714f491b5402f7bcedfa1d204b9
Rb76_grid1,37,76,grid,1,RAN,0,0,6.474,9515b40a45f1b9346fd2d17ad3341cd23f7dde7cbec188a96900e69e11864b27
Rb76_grid2,37,76,grid,2,RAN,0,0,28.219,34f49cb4bc505adb7b138354c3bbc160fa5165641cc81c232c741714ebc924c2
Rb77_rminus,37,77,rminus,0,RAN,0,0,1.630,bac8146cfd37b89d18acde00920b7d139424e3711e07600fc63ce7867293a995
Rb77_grid0,37,77,grid,0,RAN,0,0,1.725,6ea6d774968a74085e3a39944378152e50cf1adaf8d4e632c2e1112b7aad9c38
Rb77_grid1,37,77,grid,1,RAN,0,0,6.836,f8ac34f126942daa33803001fd4b50e5609528bb4c6c03a2f4cd7e3f56396c80
Rb77_grid2,37,77,grid,2,RAN,0,0,27.900,60ab5332c48d0f758d9a06cad4c796db5553bf4b7f618d816d434c933dc67c20
Rb78_rminus,37,78,rminus,0,RAN,0,0,1.780,e7c574b34e065a21802207c07a9c440f335d602e152cae2e38d55bddba2ffcf6
Rb78_grid0,37,78,grid,0,RAN,0,0,1.654,295580f51f05497b1ea5599f3b01ef69a79c1b6c3614bd7ab910a31dc8461025
Rb78_grid1,37,78,grid,1,RAN,0,0,6.923,ab404b257bb08ac0e9c880a6a020e7269d06e6a0ab5f58c367e83e27b5f11615
Rb78_grid2,37,78,grid,2,RAN,0,0,29.233,376407b5d39df426f74e9ba24f9f26e9d130eabe7192ed84a2047a8202f0ab64
Rb79_rminus,37,79,rminus,0,RAN,0,0,1.614,c78a30fa46f3d69ed90908b623d7cfaa835ec6a2e6252c0e58f9064b8522a1e0
Rb79_grid0,37,79,grid,0,RAN,0,0,1.579,c0d1a7c47f676888d2bd044a5de8a9328739a41ae123e02843a992afb0bbc0bf
Rb79_grid1,37,79,grid,1,RAN,0,0,6.749,ae91d82ced73b7f0e5be0f6babc64f11100ab2b6aa1ecea4f8567bdcf3971534
Rb79_grid2,37,79,grid,2,RAN,0,0,27.211,13f6f2acd3f103d4591dd402337618d8b73aefe0cf4009e349030c17d70bb9d6
Rb80_rminus,37,80,rminus,0,RAN,0,0,1.723,31641e86872da016c8eff30133c63af02b7a4f608b086521459a848794fc7139
Rb80_grid0,37,80,grid,0,RAN,0,0,1.543,f0f9fcd5e3fcb24a990fa36e9a04d8a1037e15ffa0530107f8a22e829a90b0bf
Rb80_grid1,37,80,grid,1,RAN,0,0,6.542,1a407e55ebd8d6432bd06d237b2ca10b55c5d0748c2f14f2cc04046d09948795
Rb80_grid2,37,80,grid,2,RAN,0,0,29.903,b5fe432c031f22cffe113200bcf2a992cb49af28e8e5015ed47bbf7e865b347b
Rb81_rminus,37,81,rminus,0,RAN,0,0,1.668,78e2e6ff49d97602f3edf208bf0d60e9a77c7981a8a44f45c017f197333e0792
Rb81_grid0,37,81,grid,0,RAN,0,0,1.611,13a77c08058213086e4184ba98f9cb096d92e4ce88c32cdbc39dc5e2ce829e51
Rb81_grid1,37,81,grid,1,RAN,0,0,6.845,93a71923596685754203765bd6126cdd9ec39084050f8b4e238590d0c678d961
Rb81_grid2,37,81,grid,2,RAN,0,0,30.700,e6e8388ce5803116d1769fae76c33ae56255bb4f348ecdb15e679634b8e79977
Rb82_rminus,37,82,rminus,0,RAN,0,0,1.546,793a9bb19c12c471ab15b34972589e8ed48449fb147e301aafe8ffe2c5fb6ece
Rb82_grid0,37,82,grid,0,RAN,0,0,1.597,09fecce8255cb589ffc20b0a0098f8f5d2ea4b2c1b8a6718429c0fb84f1e4c00
Rb82_grid1,37,82,grid,1,RAN,0,0,6.983,1e5ebc197fbb1551e928c23b237a9d9877d1825a715d54e8bab1ce9d7894c6a7
Rb82_grid2,37,82,grid,2,RAN,0,0,27.705,8fee512cfdfad2d8a751e9f872914ff19f4306c6147be4580a7853ce1c42d627
Rb83_rminus,37,83,rminus,0,RAN,0,0,1.578,b430d983646bd1bd4a9e38a64685dd3f1eca82d525da89c156b5c604f1a839f8
Rb83_grid0,37,83,grid,0,RAN,0,0,1.473,7ddfaaf6e7e24d9b13fd6093c8fbb1f96fc2a73795e0437d608d401ad3f83acd
Rb83_grid1,37,83,grid,1,RAN,0,0,6.591,b34abfb5785de77c19efb3c17d608be5f85673eeef894741e229bcaf7aef8495
Rb83_grid2,37,83,grid,2,RAN,0,0,27.662,e49bbd6e10b728457c81d94f69d5f14fca324911acf36da335aab566d72e7e15
Rb84_rminus,37,84,rminus,0,RAN,0,0,1.682,eed282e9a444671b654dd6595d2251e491081291a355058ae768a6daf8a65976
Rb84_grid0,37,84,grid,0,RAN,0,0,1.549,a9f91d9cab2a7cec6500fb85325da6e438502c87d1b289d58db16bc6dc235a87
Rb84_grid1,37,84,grid,1,RAN,0,0,6.518,6c8d3eff6f8d54b587a3440efd912cb7483ff0dd1fa548a7bad13c8b71752a99
Rb84_grid2,37,84,grid,2,RAN,0,0,27.979,3aa5c1484d2ae90aadcf30e4ecd90281d3b1247eafc71dca01b45dafe9b4eb61
Rb85_rminus,37,85,rminus,0,RAN,0,0,1.693,a4e8fa5bf1ecb5dc3014e4c446b9e490c6ece23b1e226479dbe3bcab97e964f3
Rb85_grid0,37,85,grid,0,RAN,0,0,1.546,6e305ff885bad7ae74f1de4a3e33b0121826ae294b136a94abb67bb224425686
Rb85_grid1,37,85,grid,1,RAN,0,0,6.722,dfaa9bd70d60ac08e1c83dd41040b475a81a6951d1bc1ac76b2b48e46d6230d2
Rb85_grid2,37,85,grid,2,RAN,0,0,26.984,42d4f92080a94571f2b0afc4a481887a00d5ed4df1fb7a933aca8f163638d71a
Rb86_rminus,37,86,rminus,0,RAN,0,0,1.680,d688eb2ae45bd4cb2f1ba7c4d6191000affa8f557da811310cd277f5c3b3d0e2
Rb86_grid0,37,86,grid,0,RAN,0,0,1.467,ff79888828cd091fddccc669243f3920b2d0fbf4907f5e3678b14ca8d9be7da0
Rb86_grid1,37,86,grid,1,RAN,0,0,6.959,068cb7c176c27d458ede4f723525b58606755b41f76f85a6d921f153eccabff9
Rb86_grid2,37,86,grid,2,RAN,0,0,28.219,dc9730e19f2eb076180db195193bbedbbb5b73f6a1b1befd3ead7f5e68106ebf
Rb87_rminus,37,87,rminus,0,RAN,0,0,1.569,33df8442f0ca7871c58edb9d7f315b42a1639a2f821811c39510d79881e1ab1b
Rb87_grid0,37,87,grid,0,RAN,0,0,1.495,b8174d143247254ee0a15a9b82fcfd8a8f8b12f89627cfad5ba7eb83fde30599
Rb87_grid1,37,87,grid,1,RAN,0,0,6.253,ab6832815b1d01a702cb0f7dfb58063bf0c0ee37da09291ed55cf5445fd1da76
Rb87_grid2,37,87,grid,2,RAN,0,0,28.549,327985072598ef9b3b2da1d12dd62c58e06ce83345bec2f68b16055d028200ac
Rb88_rminus,37,88,rminus,0,RAN,0,0,1.677,48454fcb95983cd5533c3a91d4f002f8da03ecbe09934d3f3cd392a646406193
Rb88_grid0,37,88,grid,0,RAN,0,0,1.548,342e052c6d99f6a30c9ffc886055a3eb8124f74bc59400cef4d68a8a2cdc7aca
Rb88_grid1,37,88,grid,1,RAN,0,0,6.506,876f28df9502f396be52305948cb3cd4170b0bd9e4a1a9550f303da815503a1e
Rb88_grid2,37,88,grid,2,RAN,0,0,27.598,43cd32d99a02046a1658b5f7660aaae13c16981033aa307f903d85da03ad77cc
Rb89_rminus,37,89,rminus,0,RAN,0,0,1.642,ce79f179ff4a779804cd5645dd35374f97cd2d81d66995a26fb28888bc1bec31
Rb89_grid0,37,89,grid,0,RAN,0,0,1.524,f940dfdefab1825ddb0fc9ce8bd7d62885df0327e59c65a8ffb046f851f343de
Rb89_grid1,37,89,grid,1,RAN,0,0,6.679,b2d0c85ab062aa3816d60ee5db7ce33fd7cb3a3ccea9fb15cf7aa166d19b22b5
Rb89_grid2,37,89,grid,2,RAN,0,0,27.512,38dce7ec1ad687dd19a6fae423f0569833300e5ebbe0978bb536ae5cfff4c079
Rb90_rminus,37,90,rminus,0,RAN,0,0,1.537,4994d8e66ccefa2d68f2ce64bf0bcdd91ed2c2710e4158ed0f4d87b64578cb75
Rb90_grid0,37,90,grid,0,RAN,0,0,1.469,411c5170398c84e56db690dfc4256737357a8ab46e7a1f9256366e0ce7ac25e4
Rb90_grid1,37,90,grid,1,RAN,0,0,6.870,9fbd9084e31c385a6451031747f1ade3ed07b7839401078a214de32704bac6d2
Rb90_grid2,37,90,grid,2,RAN,0,0,28.352,e58c3857c0a3245665b3a6f2cb7b6b96382449c263049592c2c164cbe0cd6956
Rb91_rminus,37,91,rminus,0,RAN,0,0,1.589,caa1147b41b792790e3b765946ca28b913e1c002b988983089e1cccc1a7340b9
Rb91_grid0,37,91,grid,0,RAN,0,0,1.660,edcd6ffb1e4464ae7519353e69e8820e92018141292408f5e98426c33bdbddca
Rb91_grid1,37,91,grid,1,RAN,0,0,6.321,fac767fd497ad165d64a37fc2b42ea351ee3f79c3a4ab9b779afdb155775332a
Rb91_grid2,37,91,grid,2,RAN,0,0,27.127,5188eff479456205e66e59cf2abb0bbe1f43afd01a5b10425eacc679ecea8b80
Rb92_rminus,37,92,rminus,0,RAN,0,0,1.539,2f3b617906f9ada8e51fc4f48aa3da339a6fe9b977dd4b54410c8034679727ab
Rb92_grid0,37,92,grid,0,RAN,0,0,1.442,fdc3e2b32630852ef30ca63f75e974b92962aa7295f0f3c93e9cb2397aec0fa6
Rb92_grid1,37,92,grid,1,RAN,0,0,6.357,399de76a6d7fe568352da806345efd31dd79e1369e6f4ad529f39217d9b14db4
Rb92_grid2,37,92,grid,2,RAN,0,0,29.414,bdb6420a9f2b224b1d32b29329d04bc5973614b3f544e6c12440e4de7baf86f9
Rb93_rminus,37,93,rminus,0,RAN,0,0,1.533,df09f40fc21d4b1444c1684b8129735b933f153313dc98651d866ce10208ce52
Rb93_grid0,37,93,grid,0,RAN,0,0,1.548,22ff090a8310a75132a844e0fb5607ff7fa02715d40d89e8846e6b3352ba5d1b
Rb93_grid1,37,93,grid,1,RAN,0,0,6.688,2cea42ba2bd596bb650442f45eecf4d78f851b168e5b7235e0b7399f144214a7
Rb93_grid2,37,93,grid,2,RAN,0,0,30.653,dbbc6906bd4e3486449a96aa66231f2732ee836b30ea4e189987cbb1f787f738
Rb94_rminus,37,94,rminus,0,RAN,0,0,1.575,ef9bdda5644ec40bc5a87828f334fcd7c9eb651181260ffc1d0c6cab665453bd
Rb94_grid0,37,94,grid,0,RAN,0,0,1.431,23956f6609328073f8e642e4643e2373400dd6b1798d91f5b981e2f848f45eb3
Rb94_grid1,37,94,grid,1,RAN,0,0,6.940,8989e4c4b089bdcd221f4d70d92123de592b375e736f04ba2aadfc90c9b9801a
Rb94_grid2,37,94,grid,2,RAN,0,0,27.425,fe3b88d05cc71f18aeb6ba9965724e6b24e83ecc53f20a663d4ce5dac4afb244
Rb95_rminus,37,95,rminus,0,RAN,0,0,1.521,8fd4b2150be44da3d175ea5deea65ca57c1c84822465d763c95fcd37da90edf4
Rb95_grid0,37,95,grid,0,RAN,0,0,1.518,2a790435c7062f6911dcabc94e5d6c8ef30a0b50eff16a731679480550de49ec
Rb95_grid1,37,95,grid,1,RAN,0,0,6.115,ac7d1d197a35d93d2e8cc11718ba4aa26ffc515676a91f3c83471aa10ade7b2f
Rb95_grid2,37,95,grid,2,RAN,0,0,27.532,b1405f1e447cac55342221be63fe8a6f2ac982676b824613971dc9b1c2a21c29
Rb96_rminus,37,96,rminus,0,RAN,0,0,1.448,f5d7c149d444f732c6ee65a3b4a2bb95feb7bf688d148de6c77a399397e7c04f
Rb96_grid0,37,96,grid,0,RAN,0,0,1.411,b50d5216b485372b07c850f0234be32aa55469051eb58dc70acb63f8c02da502
Rb96_grid1,37,96,grid,1,RAN,0,0,6.431,25d1221ff4f7078e9a45b0af898d4e949d689f0b167c43a7b0342a2b06affb1a
Rb96_grid2,37,96,grid,2,RAN,0,0,28.474,eea3baf1ea1bab914466de40a04e0d7cfcdc7a62f906ab6cb7087a889b35f1af
Rb97_rminus,37,97,rminus,0,RAN,0,0,1.506,104108d6aae78f2419f44fc92b96c56725e48b4888c961262173fa13d2dafb5e
Rb97_grid0,37,97,grid,0,RAN,0,0,1.554,7c652c236308e7869d1b62d4d258077b0853491efac7a8bcbf34e3167f18d56b
Rb97_grid1,37,97,grid,1,RAN,0,0,6.861,98025851b6b65b4b24483dfab48cfb908072c05eef96ff934c7678847b08a6b9
Rb97_grid2,37,97,grid,2,RAN,0,0,27.434,923c05baacc967291c9b12f867fa92b8aaa9f056fd6a11e73886439f695726d5
Rb98_rminus,37,98,rminus,0,RAN,0,0,1.545,6a16bb4c8cce596a95e2d40efafcdcf0f6db901563d96c24eb2db3c2a8be7f4e
Rb98_grid0,37,98,grid,0,RAN,0,0,1.722,e8392c456decdbc14dc38f253e21d92f61c17c8c2371b4a530740d4804e0df4d
Rb98_grid1,37,98,grid,1,RAN,0,0,6.932,330c45e712f3ecf7332a4abec7a24d705c58d092f4f1f1900720a09064edac62
Rb98_grid2,37,98,grid,2,RAN,0,0,27.787,701b2ec9661f289b331f824ef9de4a83e5717d57e5d284b85b13aecd812c20ea
Sr77_rminus,38,77,rminus,0,RAN,0,0,1.603,881fe1142360b09dd00f0b8ebd108d1067620820a2b856797819c5c60fcaa281
Sr77_grid0,38,77,grid,0,RAN,0,0,1.438,3d92d856532cbd99d10b90829a9e61f523c4cb9ca9034ea718451b14bc2778c3
Sr77_grid1,38,77,grid,1,RAN,0,0,7.381,0c316ca2925c8bf31a0ddd43c3f903163ddd7e02542e72b919032ec89001e99b
Sr77_grid2,38,77,grid,2,RAN,0,0,28.830,8cd5a1be2fbde32736a38e10ade69dcbf599aef3d76a2b079baab5a0d7d34620
Sr78_rminus,38,78,rminus,0,RAN,0,0,1.840,49901713c28217e1df016da90d25c2a1f4074829ce8b76e77b91e52b2352c9d5
Sr78_grid0,38,78,grid,0,RAN,0,0,1.544,6df3d67278db11c3edfaebdb2f93b92fc7b84ec856fbf5fd5124d3b54f3077a6
Sr78_grid1,38,78,grid,1,RAN,0,0,6.347,f59b28c7f98402acb7b7744f8b6c9152515cd57ce15260ec96f5f3a595dbf60c
Sr78_grid2,38,78,grid,2,RAN,0,0,29.374,2c1ec4d0e49af955647b12c3decd22b0b0c8bc6a8301579b39137e7b504646b1
Sr79_rminus,38,79,rminus,0,RAN,0,0,1.804,2504b46cf9f7506527d43367b8af3b42a221efbe231be84cd73fa038233455d7
Sr79_grid0,38,79,grid,0,RAN,0,0,1.494,f200d8cafb26fdbac0d1a552dce6bd95a077956e5189996f9edd41aaf308da28
Sr79_grid1,38,79,grid,1,RAN,0,0,6.766,11375f3f31fba9e26ae6a5b4730d63aa8f8eb79363611ac11762a0c7374877d3
Sr79_grid2,38,79,grid,2,RAN,0,0,29.837,4c8d2f4e17b15d71a55e30530171c2214469d645b65025d31e183cc7c480cd23
Sr80_rminus,38,80,rminus,0,RAN,0,0,1.816,ffc70e320fff2f6b7d9ccd6e89e9a1886cbbd2dc9c5d760c71304f9cd1ae5ba3
Sr80_grid0,38,80,grid,0,RAN,0,0,1.578,ee523826dc780866e29606e6fefd32528aee22d9735a6bacfd7071ed865e3b96
Sr80_grid1,38,80,grid,1,RAN,0,0,6.820,9f41276216cb24628d6abbcbd1dc54e0443cc65f34c07d7d680da3c2256220fc
Sr80_grid2,38,80,grid,2,RAN,0,0,29.718,6411b5d95e8c9859e376d1697f0e947d0fc523fcf1aa379df7b90f18ef88a9e2
Sr81_rminus,38,81,rminus,0,RAN,0,0,1.824,eeae2edf60f0eb5f891029aab9440643b801098cbf5099713619c27669d616a1
Sr81_grid0,38,81,grid,0,RAN,0,0,1.557,f1537905d257de5196b5a1e0fc2da68a58d96ebd2534582931b3448dd34c8415
Sr81_grid1,38,81,grid,1,RAN,0,0,7.257,33a152ede3fc4ad4e1e20f1938e98869131b6d88edea50abcd4accdbef1f9b9e
Sr81_grid2,38,81,grid,2,RAN,0,0,27.530,b605025369f7e2a24fe9af656031ea675796756ef9fbcda0cd9ba78cffa60abd
Sr82_rminus,38,82,rminus,0,RAN,0,0,1.828,368dc5391d9503e7772391e2ad21a1f25e492f586bd147dbd72a10331766a153
Sr82_grid0,38,82,grid,0,RAN,0,0,1.542,d5062807a8336c9aabdb2a4cfe05a6ae233a29281fbd626ce4e7bfe006a2fa45
Sr82_grid1,38,82,grid,1,RAN,0,0,6.294,d091b749937b4be3b9c1f991922e18ad6c2b5b825baf5b8174dbe95c1fda7946
Sr82_grid2,38,82,grid,2,RAN,0,0,28.511,55adeb4cc0fe1da7a1be09047658b7c4913637a9ea3f95065073cb794d151bd7
Sr83_rminus,38,83,rminus,0,RAN,0,0,1.708,363513943da2e0580bc8e1e502c6dd59e88b4736e24b62cbd11e629055c17773
Sr83_grid0,38,83,grid,0,RAN,0,0,1.475,6b33a049661ca60735b4177c31b2fd4d8ca58797cb879be7e752a1f8ef7e5acc
Sr83_grid1,38,83,grid,1,RAN,0,0,6.526,554c969ee201bec09430f271a1d6a0b33c889ff90d8fdb071b6df7dbec9a11bf
Sr83_grid2,38,83,grid,2,RAN,0,0,28.262,64be511b8b9505ff8d07ee04d425681fb1884c5d4e1be3485035f5011b3e9b75
Sr84_rminus,38,84,rminus,0,RAN,0,0,1.759,5875b82ac0c5555b247a26a1fc63a0bf4c0d033748abb5c59aece0abdde873f6
Sr84_grid0,38,84,grid,0,RAN,0,0,1.396,d49256ef2ccf5d0767e7da7b54513f8c3ffd72a7f467616a30b8b5f1826d607c
Sr84_grid1,38,84,grid,1,RAN,0,0,6.741,5590ca46c92ea1725f1875a61d215c85d7bb301d07a2a4849de2a8ba70475d8e
Sr84_grid2,38,84,grid,2,RAN,0,0,25.842,27163ebf05a1d9257e6dadcd0f0deba2b8c50c3e1a8e8057ff47c75be40d03fd
Sr85_rminus,38,85,rminus,0,RAN,0,0,1.667,66f3bbf2891db1c7ce009c33c36559fc52113fc8edd042192528ab622c09e766
Sr85_grid0,38,85,grid,0,RAN,0,0,1.567,2d08acdeceaeff5fbd2a61997448dbf62d2afb6fe15f332f27a3dd3da791f400
Sr85_grid1,38,85,grid,1,RAN,0,0,7.305,540b267e63d517e699191ad4a11508ce6bdd17898dc51d3308c5e8fb77c0d56c
Sr85_grid2,38,85,grid,2,RAN,0,0,28.292,65a18a8a400cceff6da31354d21374f6cb23de9d9d1af67b1f94478c9eb8a13b
Sr86_rminus,38,86,rminus,0,RAN,0,0,1.673,a079d64bbfb891bac280e35e6489a6b6911f50e56a36dce22d2033cd9a7bbbc2
Sr86_grid0,38,86,grid,0,RAN,0,0,1.596,1672402611002a2c527a39664f469968dd242707969e4615a69f96bb1f9c97ab
Sr86_grid1,38,86,grid,1,RAN,0,0,6.580,c36d1665f984f603bda446fa8774c242f7da06d4eae81ca2646016c2a2d6e756
Sr86_grid2,38,86,grid,2,RAN,0,0,28.779,410a286fc407eab6a607d9b1ec4dff7dc106ac941195cca6403c2046c26f6e42
Sr87_rminus,38,87,rminus,0,RAN,0,0,1.619,0772b661f25fb348aeb709ad2dfc0b5581ecaa1b8c0227b2773dac0c0a19fdc5
Sr87_grid0,38,87,grid,0,RAN,0,0,1.489,64026fa4a8bcc98436c22329155e3bffeced18c8408654b68b1d7979ce80088f
Sr87_grid1,38,87,grid,1,RAN,0,0,6.370,b8d0db0e98a5c77500cc07cef41528435031c86009ad171dd7f26194df9e5cae
Sr87_grid2,38,87,grid,2,RAN,0,0,27.959,347b43a8a885cec11938512d756cc392f267581a3db4c1fc35421f9d7dfcba03
Sr88_rminus,38,88,rminus,0,RAN,0,0,1.577,eb309bbd3bb3a02bfdf83093417b6ce80b3e26143982b8c9269ecee2bb8521f5
Sr88_grid0,38,88,grid,0,RAN,0,0,1.293,6f9a713a497d87041c535a5525df740ce1a9bc17f067f54e6f72b4bb6f2f6f3c
Sr88_grid1,38,88,grid,1,RAN,0,0,6.744,83f7b26a8acd952b63763e84389f7ef7146b37ba8a9f5e6c619daf562f051126
Sr88_grid2,38,88,grid,2,RAN,0,0,28.991,db401164da6957caa4f2cc1f19d577bd0275c06e52dce64dff457720a6ddddcb
Sr89_rminus,38,89,rminus,0,RAN,0,0,1.592,313e57747eea7cdcea7825aa1f69e6ded422de457cfd6f7ad5af0ca09ace688d
Sr89_grid0,38,89,grid,0,RAN,0,0,1.503,21483e02a523cd6bf5adcca9c74196150f327484c28694fce7c570622ea1ad36
Sr89_grid1,38,89,grid,1,RAN,0,0,7.105,0528a62579aa3397dbd9474a205464db33e86a55c1951a2d926e20f9cfa9826f
Sr89_grid2,38,89,grid,2,RAN,0,0,28.704,f0e83ead5cb903f34984a3edc53249fb3d3d6f02fbec93dc509f8889ca108152
Sr90_rminus,38,90,rminus,0,RAN,0,0,1.647,5630d19533d77e450b15481a99f531a684f17cd6985dec1f7cb9bc5d452ef82d
Sr90_grid0,38,90,grid,0,RAN,0,0,1.492,a3664595ce6a53dd79d8b63fc60faaf772f57cbb21e226a02cc6574674856cea
Sr90_grid1,38,90,grid,1,RAN,0,0,6.558,e32b9f7d2f8319d398476515534c7ed659b56b62e91fff2d4e57945407a30052
Sr90_grid2,38,90,grid,2,RAN,0,0,28.825,0e30773230bdc302109f789094f6cfe47c3a9a4ad802498d0a6a8c1697b5e3d7
Sr91_rminus,38,91,rminus,0,RAN,0,0,1.703,0ac531b4fc4d10842d46f076d68b671e6fe76cc6678ed067653c3c8771f355d3
Sr91_grid0,38,91,grid,0,RAN,0,0,1.469,cfd77bb035945ed7281eb7512be06af6c509f123bc9f444e9d382cacc3bb2aa3
Sr91_grid1,38,91,grid,1,RAN,0,0,6.357,0a9c8124ac93bea024e8824d7427689e9ebcdb4920d096d37730af4c89346a11
Sr91_grid2,38,91,grid,2,RAN,0,0,30.010,bc1efa1307664bd97076f7e906657b3a34d44e3f20d1beb6c5a7dd3069bf9b06
Sr92_rminus,38,92,rminus,0,RAN,0,0,1.711,867966c84faaa7ffd971c91b8132c59500ec7341c2591b282c944f719a68d822
Sr92_grid0,38,92,grid,0,RAN,0,0,1.554,bd175009c930833abbcdcb14e954a1fd71db540719b463e5a97496fd7871af3c
Sr92_grid1,38,92,grid,1,RAN,0,0,6.970,a054458b571d06f926fb3eca2746f1a66c3d15a78b864e33362eccbe154858f3
Sr92_grid2,38,92,grid,2,RAN,0,0,29.890,f8da431119163abd6f66aa55cb9b9315885fd2d91f8f1c77634c4d3cfef6a7ae
Sr93_rminus,38,93,rminus,0,RAN,0,0,1.751,dddb2c559eed192e45cfcddd8a31a3af8948a04cd32d9402cc8d0b47304ac3b5
Sr93_grid0,38,93,grid,0,RAN,0,0,1.337,27e43402ca7633f1a98a249ee233d1189b47a3c4c57e69585796f78f52f68736
Sr93_grid1,38,93,grid,1,RAN,0,0,7.357,a08e8dfda179b07994b5cc8d6ac38aab5198da3fd80912027c831e3a88d4f98b
Sr93_grid2,38,93,grid,2,RAN,0,0,28.430,de4730bf9aaab76c74386b3320f4809336661d155c769132800ab349f86a9b6f
Sr94_rminus,38,94,rminus,0,RAN,0,0,1.724,8a30abd3a9314edb4dfee68ec4ac9e259332322ee7b8b50880d60cef6ad58dd8
Sr94_grid0,38,94,grid,0,RAN,0,0,1.614,d78f94e81e3c24742d77b3e93547b51944276e356b3963149822de56a75b169c
Sr94_grid1,38,94,grid,1,RAN,0,0,6.318,6dc768570aadff3dd1072f2f6af6ae070d4830412dc6e4c315c5f899bb09bb71
Sr94_grid2,38,94,grid,2,RAN,0,0,28.837,a6e4be3220ade2194fc78b5178f6daf9661f9f76718af93530302fd7a6f98147
Sr95_rminus,38,95,rminus,0,RAN,0,0,1.612,eb99f7c1b4961220c9116d72406f40403745510905232c357cb14b583b8c6d18
Sr95_grid0,38,95,grid,0,RAN,0,0,1.522,60d9b548410fb230d9b7a4803b4efc10355e4abf88f71f45b0349cbe0906a52f
Sr95_grid1,38,95,grid,1,RAN,0,0,6.575,cc5d2783e9dc3f182909d3ab077ad6d255968ab6a15d985e969aa79d59c267c8
Sr95_grid2,38,95,grid,2,RAN,0,0,28.641,08c09b2f9486bfbe705866935884276bb347bec1ac8509bcee1e9ce2fd1a1b31
Sr96_rminus,38,96,rminus,0,RAN,0,0,1.600,fcc9bf3fcc343f1b4942c97437857dd37b72902f11bf7027a82e5a560f61d058
Sr96_grid0,38,96,grid,0,RAN,0,0,1.487,4b60759d7d8a97c1c21eb76e4c20803ad1a2541f47ff0eb5f3c994f63f5fcc08
Sr96_grid1,38,96,grid,1,RAN,0,0,7.069,66c56b5e8fe38fe724b5bb8251773e38db779524aef6fcf7248ec58b8e7e000f
Sr96_grid2,38,96,grid,2,RAN,0,0,28.396,d9e9b2d135050aea6ccb92968aa85a111434f38e7063d4e9b545306792f397be
Sr97_rminus,38,97,rminus,0,RAN,0,0,1.697,deb12dcbed25549cd9b61ec217b51c8961ceaaaffbfc13aa467910765cb491a5
Sr97_grid0,38,97,grid,0,RAN,0,0,1.540,7656f93bbd2b4be86efda7c4415cfece2d72ca5c4d64a8fff47f6fd28faef620
Sr97_grid1,38,97,grid,1,RAN,0,0,7.231,92808939a7d523ff595fd7e472ff2ab3ed2c2f4fe2ef16315257069099ee4ad6
Sr97_grid2,38,97,grid,2,RAN,0,0,28.289,5d80f94cbd7b28d121efc4a6ec8d8d79009f1f50524a1604eba6767dca6f1025
Sr98_rminus,38,98,rminus,0,RAN,0,0,1.608,c953943d1771349447af0349bcac46a92588cb16c94644073f9ba03a9d0c3495
Sr98_grid0,38,98,grid,0,RAN,0,0,1.508,97dc68a41d80005aaa6f2c92bef16d973c19e3b548eb962ae9d52b0e5e9d36be
Sr98_grid1,38,98,grid,1,RAN,0,0,6.079,d0ff951763eb84f199188df455b88688cd0c9b75a2f5ba39a9b8bd90985469c8
Sr98_grid2,38,98,grid,2,RAN,0,0,29.102,c6adfda4c536faf612bd21f9ae19c1e4349a5665d6cc82e429ef14a294df7f70
Sr99_rminus,38,99,rminus,0,RAN,0,0,1.669,458bffd0c8c82e2f008be01edd0ed4eb8a6896c39f552da3dc4182d3219d6c29
Sr99_grid0,38,99,grid,0,RAN,0,0,1.627,356d291f727e202becf1696f9bc3a10cadc281779cec400d4dbc7e002ecadc44
Sr99_grid1,38,99,grid,1,RAN,0,0,6.720,bf3fd106ad16c18dd238cf3013c360639e21cad22160234ed53690fb2926a38f
Sr99_grid2,38,99,grid,2,RAN,0,0,27.032,aaa44bc17344301d483b71ed328bbc68a4ad7037cd2139ddbb8e5038ba14f75d
Sr100_rminus,38,100,rminus,0,RAN,0,0,1.601,c8189e63aa8ab1d46cac8cb7940ec081ab6aef0a1be8c133c46f00c3cbd1e911
Sr100_grid0,38,100,grid,0,RAN,0,0,1.494,c2807ffd35a9c8973cc018c206e04dca33744c50f0a8d74dc9adbd1d2e1c2007
Sr100_grid1,38,100,grid,1,RAN,0,0,6.809,57e8ce70ef5d837be79629f1fd50ec82f2f265262c6d1c9dccb47ae85043c4ac
Sr100_grid2,38,100,grid,2,RAN,0,0,29.686,aab9d6fac07210c0a2b289134fbc4441214addc52f511791fe53bee0a19d7bae
Y86_rminus,39,86,rminus,0,RAN,0,0,1.688,e831b651be3f721681a16a88e880d38c6ebbd10fc9740d42129ba44558e14974
Y86_grid0,39,86,grid,0,RAN,0,0,1.646,da93f6ef725443c0487b91725a2321d0508488b3880b5cbbcd60defa121acb07
Y86_grid1,39,86,grid,1,RAN,0,0,7.217,2cc9772153c9147fd4a7aaf47bd3386772fe6b93974a7adda23cf22e3d8a558c
Y86_grid2,39,86,grid,2,RAN,0,0,27.791,40effda3508b5e47857668ddf6013d596242d7b8caca549d5adaaf4ea7d79fff
Y87_rminus,39,87,rminus,0,RAN,0,0,1.661,b9a003bfa242f5902bd39cf6d1cfa154cb534643bca442dc61220605b806436a
Y87_grid0,39,87,grid,0,RAN,0,0,1.685,42a0181ecca1ed4c695fe26e0954ef251d306ac1cc9939b9d046e6643e5dd675
Y87_grid1,39,87,grid,1,RAN,0,0,6.741,6f5f0634729e476a4d001564f604238ab245ff86ca20e106b6236c3672a32d2e
Y87_grid2,39,87,grid,2,RAN,0,0,27.063,5cbd13734e4b4f4a061c08c6e4dcdc69d2ad1ac29c1f56f0224115f39a25bc6f
Y88_rminus,39,88,rminus,0,RAN,0,0,1.751,5c06e4ccd5a34dc326d8c7cfebe71d8350717539599eb716bf464b9d3254c13e
Y88_grid0,39,88,grid,0,RAN,0,0,1.610,963b0656c13f4cb06806137d3e338e90b9af6f881a2bc7237d3b9051c4f77df5
Y88_grid1,39,88,grid,1,RAN,0,0,6.715,fe7fd4abcaec2906ab18467515ed3926d27783971a07996d5a5842475099b718
Y88_grid2,39,88,grid,2,RAN,0,0,27.360,853910355c8b7074b6411e06acfef226db3dfe6fd75fe964eb6aed87aec4d743
Y89_rminus,39,89,rminus,0,RAN,0,0,1.767,0d6ec7b4db9011610b19a248d506fdfd573dc23149eda2d15bffad882b1a1bc5
Y89_grid0,39,89,grid,0,RAN,0,0,1.592,2d1882c78fce0aae4966c8eba7c610918506bd9d1f6c9ba88870585168edb407
Y89_grid1,39,89,grid,1,RAN,0,0,6.496,e40e7eea356ca90d128c388a705ec972e7e481a878eb31b1c053efa270407513
Y89_grid2,39,89,grid,2,RAN,0,0,26.058,dd60b0daca912ccdf16db37676e90da0f05b2e5f815e16f4ac104a99a3fc49c7
Y90_rminus,39,90,rminus,0,RAN,0,0,1.708,9ed8f2695717f324ac765c6efa3c3c4aebf954ce2b3c060f5326549c16477534
Y90_grid0,39,90,grid,0,RAN,0,0,1.631,66284b2e0a57f6378f732b5f0678942210711a344957f2a42f2dcb7a589a0223
Y90_grid1,39,90,grid,1,RAN,0,0,6.967,2637d826f9666d244f7ca972fbd77ab4b1d49c92eba4ec9b28f35363c721c617
Y90_grid2,39,90,grid,2,RAN,0,0,27.308,9805c68b8b84dfd24cfac61703b8be2dc33b8a54e5525e003b00df5498fbcd45
Y92_rminus,39,92,rminus,0,RAN,0,0,1.840,ead843cb646a19332c867826f9ab6e7c137c40c6facc6a594bb52616177b67e5
Y92_grid0,39,92,grid,0,RAN,0,0,1.531,60795f3d1837b7441fd0b1700f36bef098fe0cb70ccfbd15cb08e5584b56a7ac
Y92_grid1,39,92,grid,1,RAN,0,0,6.517,56c0b8b993a304a91e1f0e3d8abdb3b20734f7effe4cb8ea34dbb562e27d49dc
Y92_grid2,39,92,grid,2,RAN,0,0,27.883,8b601a8271778e43a42e5d4d3bc30704e3af4ff286ef31bcdab44051cdb40f64
Y93_rminus,39,93,rminus,0,RAN,0,0,1.643,111b49df46c9c906361cadcec47c0758a2c6c3dae80bf2bd4199e70ecaf8cf32
Y93_grid0,39,93,grid,0,RAN,0,0,1.534,c5294f84d35325d475b60383078dd439ac8fc0603cdb275826b1132c99b9b750
Y93_grid1,39,93,grid,1,RAN,0,0,6.869,d98f30f812beff34e4d3c0bf0bc55df77f5b347a2892a7c42e5fd50b1645ac4f
Y93_grid2,39,93,grid,2,RAN,0,0,27.492,479e2c621d156168c85c2e823aeb0b949b92ef9e27103b72ab43fec99badd95f
Y94_rminus,39,94,rminus,0,RAN,0,0,1.715,0b189ce1a724f1443d70a3e1be20063d4f1641a15d2945afa4e12ccf433d3fd4
Y94_grid0,39,94,grid,0,RAN,0,0,1.531,f050b04d7b934f5e2d2a84b1661ba9f3a49264f31a411e06974b4fed31b06848
Y94_grid1,39,94,grid,1,RAN,0,0,6.649,763723f838de129b8c28b3396cbb64c22823bb43764d43dc8d82abf5263e5bd0
Y94_grid2,39,94,grid,2,RAN,0,0,29.653,829095f4a888d9a9b6b6865c0508e2e565e8f0833aec6e247f50c8d3876cadf6
Y95_rminus,39,95,rminus,0,RAN,0,0,1.684,19ae870326f50b5cb0107f26b5394e0e329897fc4fc38c05c5627b1d0543bb0a
Y95_grid0,39,95,grid,0,RAN,0,0,1.668,7956bcc87441b9e75bf65dc56048418d1a499190f16b844613123f95d7472f22
Y95_grid1,39,95,grid,1,RAN,0,0,7.234,0e28d2dbe58cc3d4c4fb64a1cf7771bfdb233210e46526e51ccbdecb27337c0c
Y95_grid2,39,95,grid,2,RAN,0,0,27.709,6e575c34a7b01156fdf2974eac1446ed2bad7efa809fcfbaa3cd9cb75dee1c0f
Y96_rminus,39,96,rminus,0,RAN,0,0,1.682,4dcfb2892e0f97b58c0d9219d8a08984107fa465ffe28c6d5b802fb9e49a25b4
Y96_grid0,39,96,grid,0,RAN,0,0,1.587,3fd7dce44b58addf180b57b7378110baeda1a2ca672bbd9db6e7d22538f1f8ec
Y96_grid1,39,96,grid,1,RAN,0,0,6.945,7679349a3b05d84466e2ff311ee9463b5935a0bec7f025dabbeb13ab94d98bb7
Y96_grid2,39,96,grid,2,RAN,0,0,28.323,2995febf1b0a8e9e7df9cadd3c31bf2b70b817ca810d79b643595a0caeb974a6
Y97_rminus,39,97,rminus,0,RAN,0,0,1.616,b3a097c5fd0bc5882d92cb0015d52d0b8c1f07f9736235d6bcdcf4e4d9690af4
Y97_grid0,39,97,grid,0,RAN,0,0,1.526,3c29fc8f6a1a5e65c51de15c5d1cc9066106e21cd8db1fe1113147a012a2a91a
Y97_grid1,39,97,grid,1,RAN,0,0,6.716,1efc2f50e055544ecfa73e9abf7c18a589af6fb06850e1ccc5845d4768f29af8
Y97_grid2,39,97,grid,2,RAN,0,0,29.929,20fe4f7fc7f58c8f4a9994bbf244ef682c13aacc19b348ed6bec87c3f6f9ebaa
Y98_rminus,39,98,rminus,0,RAN,0,0,1.613,1fae4c3d147e74238a1c8ba9e253407208898d955b23bb8aae745580d4367ff5
Y98_grid0,39,98,grid,0,RAN,0,0,1.600,a65233364e21805ed4e78eb2dcac87d433672aa82db040045616a2c60ad3abec
Y98_grid1,39,98,grid,1,RAN,0,0,7.082,0c9df35562e5c0c899d67f6075ea1e4f305d3452af7a3a944507877cd67e0897
Y98_grid2,39,98,grid,2,RAN,0,0,27.389,a746541badedd51ac0cb80b1064a8bd7be1f327d48814475df1128fb4bca13b5
Y99_rminus,39,99,rminus,0,RAN,0,0,1.579,717e9bf3489b970af3196a2b9b93a7b184f834e09045e778cf195664c2f74971
Y99_grid0,39,99,grid,0,RAN,0,0,1.576,f36416239ae8876f978573dfef3e590d08d3c67d9a2dc40b7610becf45db8c13
Y99_grid1,39,99,grid,1,RAN,0,0,7.070,f5842c0a5a70f2e3d31ec0f3a4d35c3e55b03ac09a15e64281b7f3ce73c4d4b6
Y99_grid2,39,99,grid,2,RAN,0,0,27.769,1c9e75f5942702009af089c2ea5c073b0dd9eca5c0eac78f1a19f3b9263d8aa0
Y100_rminus,39,100,rminus,0,RAN,0,0,1.666,09ce90dcc1e4eef385a26365b2b1b62b433a1a9ef7bbf5d192bb9c3de7862f6b
Y100_grid0,39,100,grid,0,RAN,0,0,1.822,bcf5ab92ca9d284306953d21700f4b31b2d90c1d3abe702ce1eb1ce426a030f8
Y100_grid1,39,100,grid,1,RAN,0,0,6.975,cf26337d12419f55920d9bb1fa088d77eaa2227456f3bf5256b5e3c3c203f179
Y100_grid2,39,100,grid,2,RAN,0,0,28.244,e26611ca4a3fb0c8b360ae3495a7b4ad3d8df27e42cd07445d4832a994ab663d
Y101_rminus,39,101,rminus,0,RAN,0,0,1.614,fb19297542e3e01a27e048444f9d76f2c17054fd9a0b98c3a360af105e0c715d
Y101_grid0,39,101,grid,0,RAN,0,0,1.609,9153e119504741259e3a35655972cbb8c34772ef64bbab63317046fb86367745
Y101_grid1,39,101,grid,1,RAN,0,0,7.042,d5d90cbb5ce5aed49fcca6d0a089eacd94b7ea4a308cccc8c1330cbc99bd0e7f
Y101_grid2,39,101,grid,2,RAN,0,0,31.044,f7bca3dff1a5df943c096eb585bbb8ead124143cdda407aae3bec13c794b86b1
Y102_rminus,39,102,rminus,0,RAN,0,0,1.545,b0b63871234d186e0a4ff120afedf50155b9e2d2a10d5aa56dd6bb669e8c993e
Y102_grid0,39,102,grid,0,RAN,0,0,1.679,b42d9a44a5c0d7a4e239698c0f429ce0428819a6c7309c2c9e65f7c20dd74e02
Y102_grid1,39,102,grid,1,RAN,0,0,6.629,de88b86c9da899264dbae35d602c9710cb3d0ce6ab6944a469c44212aca62a9d
Y102_grid2,39,102,grid,2,RAN,0,0,28.168,e57e25de274b67c99f822fad432ceb91105d7d6e5cd24be60441ef58b3c8918f
Zr87_rminus,40,87,rminus,0,RAN,0,0,1.815,19e58ffc536996ef052870e1c0e3fdb336a011be1afc030f7c867b86cebf0cc9
Zr87_grid0,40,87,grid,0,RAN,0,0,1.503,3a60d147cdd47971d3c69078923d6589268388ed2c41e76a91ff52e32ebf2d05
Zr87_grid1,40,87,grid,1,RAN,0,0,6.170,82c53d44e2f84b432b57915240dc65004fb7a9bbd90b20741c655c3f62af9918
Zr87_grid2,40,87,grid,2,RAN,0,0,25.193,8c1e1eb2121fcfc2602fa77b8a497b7be79ead6826b0716a8b99bc1d759cfbc5
Zr88_rminus,40,88,rminus,0,RAN,0,0,1.695,f36ac2d946034d72cb6e3c8053380a6fea7cf08b0276d3617fcf37e5d65646fe
Zr88_grid0,40,88,grid,0,RAN,0,0,1.585,77ba372c8a037a73d39817ffd5f1ec8c30e0a29627b1471e2a341cce01442261
Zr88_grid1,40,88,grid,1,RAN,0,0,9.655,9dc9d430621a96f874c33cbdd02bf4fe5d63c98041fe06a4161de4637631075b
Zr88_grid2,40,88,grid,2,RAN,0,0,26.641,897646693dd56238f81da5d300642d26bf9641ab096f36b68374c4c93803d8b9
Zr89_rminus,40,89,rminus,0,RAN,0,0,1.651,7502be0fecfed0ae1dd3451c421f20ce1e9d08ee6664c5e929e5f3a31ffd7114
Zr89_grid0,40,89,grid,0,RAN,0,0,1.553,25270658d02c9e199051b7f414cdcbc6630fdf8f0bb1077a7f9a1457d1d6c6e0
Zr89_grid1,40,89,grid,1,RAN,0,0,6.071,ec3eadfaf5fcf9a3003b6b44b1b52bdfa822f8dcde4dd6b0b4943ab92207c15f
Zr89_grid2,40,89,grid,2,RAN,0,0,22.844,77865e1c0d9d2200a0f731c8e918bfd15d6c9346dddc3b121c000a7435ed60a8
Zr90_rminus,40,90,rminus,0,RAN,0,0,1.588,bc0f18d02ab943970198219ab3362f86bf856776ef4b780da5b1622b93310adc
Zr90_grid0,40,90,grid,0,RAN,0,0,1.548,73a601d627e7630f2c857b7e502efa9f6c37e23977573e779d13be03df86249e
Zr90_grid1,40,90,grid,1,RAN,0,0,6.329,4e9a32a0174e6d6aaa68010bd2d2f0000d338d588aa80fa179c55a9e45cd9e63
Zr90_grid2,40,90,grid,2,RAN,0,0,23.661,bb32f278dfec9685ea8e2a35b60d5f61481b743308ab4219f7a10dd719041f10
Zr91_rminus,40,91,rminus,0,RAN,0,0,1.699,5d0f2affb75ecb26ffbf5272a17c3ba1d6bc272d73383af956a19cc116976b48
Zr91_grid0,40,91,grid,0,RAN,0,0,1.596,84a8b94cfb86bb713562161020adb39ba21fe3dc3052f92c4deb488b2129b214
Zr91_grid1,40,91,grid,1,RAN,0,0,6.219,e0e1f800882ee79c3e0fd4d2dd9cf42d3398dbb873667af337b8a7839ec8c697
Zr91_grid2,40,91,grid,2,RAN,0,0,25.146,4bf22224f50f873e7178e88039a4f3f5c688ed5285df56e5fe385374bb447341
Zr92_rminus,40,92,rminus,0,RAN,0,0,1.662,db9501f9f3ad85d1a425058bfcf0fdf7e519814c6f7753ac8de97fa1121876ea
Zr92_grid0,40,92,grid,0,RAN,0,0,1.534,71ed830ed449d373c7bc3d1f759a191c8b8d3e0339b80f775386a16f1c433ee2
Zr92_grid1,40,92,grid,1,RAN,0,0,6.037,3671cad207ee0a46908ec7088f79a2749acfdf632935acbe375dd2bfd796617a
Zr92_grid2,40,92,grid,2,RAN,0,0,24.738,52676fc373c47c2c54a0b69c525ca46b309af8af59ee5653a2207b72d821e23a
Zr94_rminus,40,94,rminus,0,RAN,0,0,1.662,b197b7aacabf771a29ff97179ac4e8e9546d83565843229a1f9904efabbffa01
Zr94_grid0,40,94,grid,0,RAN,0,0,1.549,21052669514a6b5acbe32713a0bbd01b899a402b09a5d30b26ee98515a2bc1b9
Zr94_grid1,40,94,grid,1,RAN,0,0,5.868,6cfdb01e4639854673beab758a360d6e7250793ae3fd6aba6c50ad3220d6bd11
Zr94_grid2,40,94,grid,2,RAN,0,0,23.778,3ef9960ead79488df40fa053cbcf8dac7d368eeded5b180b1e07616f9840114e
Zr96_rminus,40,96,rminus,0,RAN,0,0,1.602,7e7646a8086fb7c88a48b2d1021c2f156319209f82c4a6ef7a54502b473890ca
Zr96_grid0,40,96,grid,0,RAN,0,0,1.433,43a4820349b2f3b04397dda0067d0bebaa667b877c3715f2407ce3ac5bddc201
Zr96_grid1,40,96,grid,1,RAN,0,0,6.220,eb8a97e7de41a237a83274614b77a5197571317338448e333cbea7c5a84a690f
Zr96_grid2,40,96,grid,2,RAN,0,0,25.342,036ed0fec426428e40a1ddcc8cc8c8be89ea16e2a178de4c80182ac7792c8cb5
Zr97_rminus,40,97,rminus,0,RAN,0,0,1.582,1340e00620789121ecbe44c4a87c7170565bbd81a0901e16ac32497c7b343d3e
Zr97_grid0,40,97,grid,0,RAN,0,0,1.372,7684f5c8b4d42b74b8878c98c8b8cdadcf3262344f467817c69cc0d3e1af8dec
Zr97_grid1,40,97,grid,1,RAN,0,0,5.922,754bd35be95f44817223bcd060e74c7901ef4ff83a8b9d309bc32279fc92aa88
Zr97_grid2,40,97,grid,2,RAN,0,0,23.999,07ef34d85f5d6de281356176595bf1c08673701e00dc90bbe6762ba8051d38bf
Zr98_rminus,40,98,rminus,0,RAN,0,0,1.561,ebe8bd92c5fe87cfd72100b0a89c172e79597a7e5db2bb5c4797302698d46814
Zr98_grid0,40,98,grid,0,RAN,0,0,1.374,9da119cab6bab6555cd3e19a4bdc538a20e8210907ac068b5f2549aa0dadc4d9
Zr98_grid1,40,98,grid,1,RAN,0,0,5.655,b0637859b56337be620b0fa02cc959ecd10c8ce8884e5d8b08347b5a7a5a9580
Zr98_grid2,40,98,grid,2,RAN,0,0,22.773,3872c174ca074fa220d1f8483aa65f9afc23f38af136ad8d17fd3eb50a1c264b
Zr99_rminus,40,99,rminus,0,RAN,0,0,1.506,298ae3e2bd3116571c60b72ad1de6e6e8ea9f56de66a5ff59169e05762978db0
Zr99_grid0,40,99,grid,0,RAN,0,0,1.296,2a019806b8df05cb5aedba89bf7072a46c2f7e3293265ee266856e586f73e631
Zr99_grid1,40,99,grid,1,RAN,0,0,5.267,86b06781b0a2e4c2c2d2883fe208c22b7ecebec22775dfe798bce4ea413b6353
Zr99_grid2,40,99,grid,2,RAN,0,0,24.879,8099ded77cc63d4545f63f0481d7d6636f5ada511613e4125b9013988512cda4
Zr100_rminus,40,100,rminus,0,RAN,0,0,1.665,ab8f520a8fd99a00afc907e7c5f6200ed20eb4be21ba64bfcc10523d92f93ed5
Zr100_grid0,40,100,grid,0,RAN,0,0,1.597,32b6486c9bce07414fb643c97403c164a95bcfc9559bb5b99fc0b96ff40f8cd6
Zr100_grid1,40,100,grid,1,RAN,0,0,6.150,1b82c8a28e402ff23b6242e6803a5a6dd6d44cea114c59569414471924855e44
Zr100_grid2,40,100,grid,2,RAN,0,0,23.648,591289b27259144e6191d9e14188de89e3b1481f7bcad4ca73c5f3eed78a0bdd
Zr101_rminus,40,101,rminus,0,RAN,0,0,1.664,9922ee3c8b3e9c8caad19b50328902a563eee83849efe7c9696913a098c58aa1
Zr101_grid0,40,101,grid,0,RAN,0,0,1.524,52cf615187946552cc5cf10667ac2ee3e493cd4c52e165cc293dee6f6820d463
Zr101_grid1,40,101,grid,1,RAN,0,0,6.717,239238b4704899dd4235156f57a6cc07d9207ddf4f6623de2b9681c30d55e1a6
Zr101_grid2,40,101,grid,2,RAN,0,0,26.597,30148607b32ed212f623d6ba5f40895daa79de35669e30378b22a82ec0597241
Zr102_rminus,40,102,rminus,0,RAN,0,0,1.747,489d5046c3d2edf440d1c941e040e48ccc4ac6d6595f78684b1604d91e3c998a
Zr102_grid0,40,102,grid,0,RAN,0,0,1.550,5245392f2ca65d8f6091f7b91b218447addd9df3b9f64edb4f790f8e868c2650
Zr102_grid1,40,102,grid,1,RAN,0,0,6.736,169a3b411e4477961a72e485dc61655c6ffa7775a6041942f45b38f6918bcc64
Zr102_grid2,40,102,grid,2,RAN,0,0,21.918,382d303d9f13862c9c7078a895cb4257e4ba97cb12699ac8df33bd627b0e4964
Nb90_rminus,41,90,rminus,0,RAN,0,0,1.750,8d937a61f4a850a223ca50ccb779bfcb5da0358615199e2577afa5ae7a953b5e
Nb90_grid0,41,90,grid,0,RAN,0,0,1.761,47f22e141ffd8a2dc303d1bde21c0feca207ea20c7ed7372b6aa940d216650f6
Nb90_grid1,41,90,grid,1,RAN,0,0,6.875,f9c6f308f97e8fb26837c39cebf4228ac3965c030a68a0193b44ca5fe7c9e6e7
Nb90_grid2,41,90,grid,2,RAN,0,0,29.523,d6be284f9b0c424d0c15b73474be286932416aa5e79586774c8d0a4b690958c6
Nb91_rminus,41,91,rminus,0,RAN,0,0,1.734,7ea16045151b75de0d688a778f7cd204226d67351f9d3906b3ccaabbd58c61a6
Nb91_grid0,41,91,grid,0,RAN,0,0,1.565,21d74d58d1cf6d5bb1cc298ae0257e6b371009fbc594a60bda9b7908b9886994
Nb91_grid1,41,91,grid,1,RAN,0,0,6.945,6c1e729b90e717f29567ba2449381c447568d420c2fdfccb10e7c87483c4a67e
Nb91_grid2,41,91,grid,2,RAN,0,0,29.248,2c3649165d75c4d3144fb0a5736b1b0b82e63931f103679cf4b00a9aa7ddb797
Nb92_rminus,41,92,rminus,0,RAN,0,0,1.723,b7bed080c5c33a8e6fc6c75d4ceaabd0721b7a2c8a10683d6847c9c07bac670f
Nb92_grid0,41,92,grid,0,RAN,0,0,1.686,9530348fbcfd23656e811e14e01b984ef04a7bf60a15cadc2bc003bd695cbcfb
Nb92_grid1,41,92,grid,1,RAN,0,0,6.786,4a8e8668edb9cabf9944f3d11251d917037a1e7d098dc0b8ac14c86d1397a3d6
Nb92_grid2,41,92,grid,2,RAN,0,0,32.436,f4208d29c78dec3fb6d381686b23927578237c0857c2a332721f9ca25e6e500a
Nb93_rminus,41,93,rminus,0,RAN,0,0,1.856,e8b66cf345d9db0ab4ee342c358410ff17482543db968be8cad13e5f496ebb73
Nb93_grid0,41,93,grid,0,RAN,0,0,1.622,aff194e90fe077a13c9c03f38666c2f7028712df28fd2d01ad555f7258c84eb6
Nb93_grid1,41,93,grid,1,RAN,0,0,7.097,e1d1b54a156077b1893c0703f4adfa12996a6c294026961e0ba4642f71e7b8d6
Nb93_grid2,41,93,grid,2,RAN,0,0,30.226,9f01fbbbca7153aef817c1d925e8c8046c3d515d1e9eb73295b2befd46ef2d7f
Nb99_rminus,41,99,rminus,0,RAN,0,0,1.739,c1afacb091c672f00f91f6472827e437d37528e9cf02adf31098cc3d26cd8a1c
Nb99_grid0,41,99,grid,0,RAN,0,0,1.761,e31921971dbd966f8d1e01efd7afa19aab6f6fea9f3ba5b24fb38ef073f85331
Nb99_grid1,41,99,grid,1,RAN,0,0,7.060,e559abdf1769ea19139785fbf8d736dec6e20b53fce8414f56ba1ebc43d0c6fc
Nb99_grid2,41,99,grid,2,RAN,0,0,29.247,a73277d2903d154c8fe42f38091ad92d903592b1ba88832c7358487b99304baf
Nb101_rminus,41,101,rminus,0,RAN,0,0,1.711,62cbeaeee8f268ea1b36b82afa2f9a01fb9563833180e4ea1cc533ce5fe111a1
Nb101_grid0,41,101,grid,0,RAN,0,0,1.664,95c586903f08f5869e6fcae45a15177c6372177001b3a71e9d6d6835c6bf83da
Nb101_grid1,41,101,grid,1,RAN,0,0,7.201,0df4a5896c37196898919e9bff6628e379873a52db4248f07e7807e9bc7f02d4
Nb101_grid2,41,101,grid,2,RAN,0,0,29.158,0e6e56d5abdb81337223986555efc9e953c61cb44976ec47d471685517eb90d2
Nb103_rminus,41,103,rminus,0,RAN,0,0,1.737,98f1f9053092ec7fe8b102df052d0814f3e008d09addf5771f78e16aee3f37a0
Nb103_grid0,41,103,grid,0,RAN,0,0,1.656,8dfc57bfb1bfa93fd36a51dd4f33aaf6471f2a111f609ae48cf9e46703dd9bb1
Nb103_grid1,41,103,grid,1,RAN,0,0,7.086,d30f29fa2c3a0152c74e7860562ac5ef591388e524090ca1431e174cc48403ad
Nb103_grid2,41,103,grid,2,RAN,0,0,29.909,238cc87b8805a4410bcacb943681bfc5613bb59360cabb1c68750d581a43ce22
Mo90_rminus,42,90,rminus,0,RAN,0,0,2.040,1811da83da0f0e989d795ff91c1801c3b3236d26630003d70a0a526e88d9c54d
Mo90_grid0,42,90,grid,0,RAN,0,0,1.774,3d8215d1ba1883c36baab08bfc3d16f16b2581e21d877ba45169482f33eca1ba
Mo90_grid1,42,90,grid,1,RAN,0,0,6.834,69e46789f1dbfa29ced6e94c8727ffe532bf00701d25e5ac0ef12694dd3b7db6
Mo90_grid2,42,90,grid,2,RAN,0,0,29.876,f5ebc8cde7fe9e5239767b657887f4fb3f75ea00e917bd5fdbe8676d312baf35
Mo91_rminus,42,91,rminus,0,RAN,0,0,2.106,e889c0285f20d13bf218cde9d7c192d122bc24144f2a9219f816a789856f3d40
Mo91_grid0,42,91,grid,0,RAN,0,0,1.800,7d6ab3c42347de143148255a12cd48c7cc803fd6c1e78a1cafc02fdd055a721c
Mo91_grid1,42,91,grid,1,RAN,0,0,6.931,c00265c1b43cfc020d13f329599f4fa03fe71cfa0f505cbcd7240cad099c4556
Mo91_grid2,42,91,grid,2,RAN,0,0,30.046,c82dc7a6e65698421f965ae39179bc02f70aaca41eca6818d6e66ce1ada54b6e
Mo92_rminus,42,92,rminus,0,RAN,0,0,2.068,cd7b0206ede7669fb832a37e101e218be9af6c5d689f9297180833057f520e28
Mo92_grid0,42,92,grid,0,RAN,0,0,1.834,a06ce53daa84885db65c3478e5fe7485d8c282817be3dda60d8f67d0bc20f7dc
Mo92_grid1,42,92,grid,1,RAN,0,0,6.775,62a66d6a0f9006e66c693fa9bb1179e7aeb9a14486209b45c6b60da91050c89b
Mo92_grid2,42,92,grid,2,RAN,0,0,32.673,829e29dad2c741d54fed253e9a5715946a6c44a292a98552f728a073c5fb6884
Mo94_rminus,42,94,rminus,0,RAN,0,0,1.955,70f03ea163581f9042c1298c9e56233b0754f248e0072fa18d05584b59866f74
Mo94_grid0,42,94,grid,0,RAN,0,0,1.859,88f0f08c3d5681066f5de635363c79ab927ba312caad30bd36615d9442f432d6
Mo94_grid1,42,94,grid,1,RAN,0,0,7.255,2fa50081c6d8c79eb09af62ad0882dd8ae4fa2b3aac15ace478e08866714999b
Mo94_grid2,42,94,grid,2,RAN,0,0,30.015,c97cd23e848d18d3862f59bc59999762a057081693bc6a290b58b475d05de601
Mo95_rminus,42,95,rminus,0,RAN,0,0,2.032,6368dc846c008ae0efd3878c3bd70ba97b7bfd264d8534602108da407be4d7bf
Mo95_grid0,42,95,grid,0,RAN,0,0,1.799,853ba0f202dcd17b3729d5dbebe472c83d70a8047cdd7bc72363b7534b377363
Mo95_grid1,42,95,grid,1,RAN,0,0,6.968,6c61363e597db9647fcce56b96166d63b5c62922fcc7b8bae2e049e359f1e0fc
Mo95_grid2,42,95,grid,2,RAN,0,0,29.210,d7141a5c29c0abfcef4183d1a46f67a92830e87b6c161c6ab2f7ad8649497f27
Mo96_rminus,42,96,rminus,0,RAN,0,0,1.758,27f0ef9f481981311ad8a60a682f67719f230466ac1985e22c035aa00b7bc0e4
Mo96_grid0,42,96,grid,0,RAN,0,0,1.888,98dea2ea8643695967abcfeffa9adcb727f580ef3067241026f8e2c1dfef4a21
Mo96_grid1,42,96,grid,1,RAN,0,0,6.712,b2878af4c1dcaf3538163e9812ca01ec54368cab8396f7fbd8bea46f16711d25
Mo96_grid2,42,96,grid,2,RAN,0,0,30.202,97e3c0d977684ed94a6aa3ae0930c2860131d1a11b29e914457e58295f8ea400
Mo97_rminus,42,97,rminus,0,RAN,0,0,1.832,5fee109fec8b30de8a9e3bf71ac37249cdf9f3e55bfb5fc69e1c8453e967c8ef
Mo97_grid0,42,97,grid,0,RAN,0,0,1.768,28ca930ab9cae84578593cdc14c4e4622fdba91b571fd05cd5fd5905df840758
Mo97_grid1,42,97,grid,1,RAN,0,0,6.662,2d62cf9ee23a5ff11c8f193c7b6f34fb0702ac4ad974320ebbc3a6483e1627ca
Mo97_grid2,42,97,grid,2,RAN,0,0,30.515,af165c8dcc4696273b369029879ab22ed98290e0e9671623b96f078277f200d7
Mo98_rminus,42,98,rminus,0,RAN,0,0,1.877,96b9950209a4c57ae8e875ae663f585115ac57e8df77d19b7bcc0440c9012a62
Mo98_grid0,42,98,grid,0,RAN,0,0,1.820,349a4b3592c168f1b8ca6f21abb5cce4a6eafbf972e4c969a02192158b85de55
Mo98_grid1,42,98,grid,1,RAN,0,0,7.314,0a07b5f6ce5d4199ba6a53b33450afeed7592967c4a246a8af4e4f0dbe3906e2
Mo98_grid2,42,98,grid,2,RAN,0,0,29.089,5efe6956337b525e5178c14ce737c91a6be977452065b28d359a2de7add49157
Mo100_rminus,42,100,rminus,0,RAN,0,0,2.081,336c9b5cfa4a3ddf9f0b2033b14b4e96e1397276191a57c1bcaae1e349f2267d
Mo100_grid0,42,100,grid,0,RAN,0,0,1.668,439a2105bf9982fcedfa1af78d7bc798ddadd79f03debf409f3a62d46f90535d
Mo100_grid1,42,100,grid,1,RAN,0,0,7.075,284e76e38df92960ff3432347bb83d064c1fc8cde97c8bde467ae92b5498a35c
Mo100_grid2,42,100,grid,2,RAN,0,0,30.915,ae9b02ff5839d0cd10c0cd9c18f4379bd9e769b29dc603e78b4e71a582dfc29c
Mo102_rminus,42,102,rminus,0,RAN,0,0,1.927,f8b9aac978dd80c7e25a4435a6fc4d6fc47bb211bc308edba51db7b061ccb61d
Mo102_grid0,42,102,grid,0,RAN,0,0,1.676,8478122e3a2a9a08a0e8a1479652ace364010f0398070f3d23c7397a29cde7d0
Mo102_grid1,42,102,grid,1,RAN,0,0,6.746,a547579c4ac22e6f67825138ea4c543f74999015e39329d9b6e7e1ac7718f24e
Mo102_grid2,42,102,grid,2,RAN,0,0,30.292,3479a7b0f1c6f4bf5900f6e777c1c8d0c1a291360cf8b281b7c9fc47d7ec6285
Mo103_rminus,42,103,rminus,0,RAN,0,0,1.915,97c7b2d5474b929a353a053bb503b5a2141b21f7bacdaeb2c7958dda106ccb6a
Mo103_grid0,42,103,grid,0,RAN,0,0,1.677,d5aa19472d48f089d0d010739bf060fc412e626a7f53901b2d8ba2b8d61e8c28
Mo103_grid1,42,103,grid,1,RAN,0,0,7.418,81a1f4142d26f777b177ce7105da2c3775a401b0a9179b7634dfedcc677a0de5
Mo103_grid2,42,103,grid,2,RAN,0,0,29.572,4fdecc93ac08e5875914c81765ae8b259bc99094843c7142bd2f9cac115fc9da
Mo104_rminus,42,104,rminus,0,RAN,0,0,1.858,5e6eac403cf78068c5aff23a9e01b8add4e7d6cf2e3efe18c8ef2b0705aada84
Mo104_grid0,42,104,grid,0,RAN,0,0,1.691,986b16d802fcdb80d0719933d988df1c76e195be70e39952e80b3d575649fcfa
Mo104_grid1,42,104,grid,1,RAN,0,0,7.254,a3c854258e01bfe491dc455b195d8df851499996c8f2711cb690bfd24a4c7aab
Mo104_grid2,42,104,grid,2,RAN,0,0,31.356,2d40dc320d94bf5da7048bf3de9046227347ed01508c4a24b547a711dd46ac25
Mo105_rminus,42,105,rminus,0,RAN,0,0,1.910,a25897199a65cb9be29c93ec66dd762c11c989811c7621f2337bfbc668bee366
Mo105_grid0,42,105,grid,0,RAN,0,0,1.713,62feb0c389998ed0ad6d983992a58eefbe272387bce953734cb087767031ed1f
Mo105_grid1,42,105,grid,1,RAN,0,0,6.770,147f9bbc8044905530d4908dbfa887c387b759223e8ad4cf4074d2134682686d
Mo105_grid2,42,105,grid,2,RAN,0,0,29.619,084a4ec0a95da3f5e46d0a1b9af38db8e4edc5a901bbcda7a23e2c319c7e7a69
Mo106_rminus,42,106,rminus,0,RAN,0,0,1.879,55b4900f5637621953bad689c638d5f2726cd8c84507ce4990fbfdc32968efb8
Mo106_grid0,42,106,grid,0,RAN,0,0,1.781,4ba23ac941022736037ca8e989f0cb8aa256cf2c451170b272e820d7bb37b5ad
Mo106_grid1,42,106,grid,1,RAN,0,0,7.135,2c685bd3eb1bc19dd869c1d49a80b72ac8d4ddb9e8905a8e9a08d916a9fe6f9c
Mo106_grid2,42,106,grid,2,RAN,0,0,29.757,d7e6c01293fe7fc2f76d0e55ddf51014f4d6faf1da121ba7bf68a6a112a1afb2
Mo108_rminus,42,108,rminus,0,RAN,0,0,2.170,828e964b3297c485e8040064bd8371be37999a028c3738f009cc11abe02d05dc
Mo108_grid0,42,108,grid,0,RAN,0,0,1.799,27aec539967d037f0aa84ec1cbd573f38d9df9e05bf66bf8c3672ff522e36846
Mo108_grid1,42,108,grid,1,RAN,0,0,7.684,48a0c24ce5712dbeb96797a237d6a55127686ed290bc166e1881ce1c283453f0
Mo108_grid2,42,108,grid,2,RAN,0,0,29.903,266bee461861c5e4204e975259708861c49b660b386aa53ef83784b6e502ebb2
Ru96_rminus,44,96,rminus,0,RAN,0,0,1.673,74eefb9c5101e0e60c2922cb555c41f8a3efbbe3fa24d1f634bc4f5a91383123
Ru96_grid0,44,96,grid,0,RAN,0,0,1.634,865716218107e77e1000af705e3853022fd01613b3068e67e420a89052ab7c38
Ru96_grid1,44,96,grid,1,RAN,0,0,7.128,fca796979ebb902edc012da83e4ed0b58c4bf52d67ad6d289372117d1fe0335a
Ru96_grid2,44,96,grid,2,RAN,0,0,28.253,a6223c7f5c6cbd9c639bca27a21b84db68065e883abf0de97717424533045179
Ru98_rminus,44,98,rminus,0,RAN,0,0,1.671,815aeb4e72ceda4bfe0de25fb5b5cdc7623c643c70737d4e1cc94075c5084c92
Ru98_grid0,44,98,grid,0,RAN,0,0,1.610,702f5c5a45da7fc4b94ab38832d8e6cf02f722547c05db8a9c249d19b44983fa
Ru98_grid1,44,98,grid,1,RAN,0,0,7.423,5c8c5d6be4d55c28078f0cbd8f2d200fd75fd4fe4ec8c37f9bcfcea3de28a415
Ru98_grid2,44,98,grid,2,RAN,0,0,30.457,c8db53f855f6121f13015b73dce0be348c602ff84fd6880611585a96ec3e98bb
Ru99_rminus,44,99,rminus,0,RAN,0,0,1.609,45c93b27fc7775d57966642e1c3c3042c7921a47cadece768060c61ee7bdc2da
Ru99_grid0,44,99,grid,0,RAN,0,0,1.651,1dafac02199e21edb3ee9a5363dc3c8c857dc4e64dfc576ebaf0a8b788b5d1d0
Ru99_grid1,44,99,grid,1,RAN,0,0,6.706,fc7c9e2c7cd7f327a1ea459570a93faebb8fef859205b83fc6b266191e4f7466
Ru99_grid2,44,99,grid,2,RAN,0,0,29.854,b36628e7e465d41f54634e484f6fa1c69569e57fe744d014b86bbe0cac378269
Ru100_rminus,44,100,rminus,0,RAN,0,0,1.838,fbca5357aa137608e2a467b2a90003f3d2b8cbaa1ff4ecc5d50900e328dec00d
Ru100_grid0,44,100,grid,0,RAN,0,0,1.670,3f9c9e68d2418818ec14c39bc35fa97cd71265626506df13e0bf1292ca1f1f6a
Ru100_grid1,44,100,grid,1,RAN,0,0,7.210,5b649b94f769f5d86214c20585d23727b3164d38a1d692196dd23d4e34d38695
Ru100_grid2,44,100,grid,2,RAN,0,0,33.857,2107c6582ebefdb31b0ced2d3e35fb1e4193c452f9586174502fd9ec5ed1edfd
Ru101_rminus,44,101,rminus,0,RAN,0,0,1.779,2c15a2f3cf9140314a704ec955dcf0613cce007adfaa1c217d2d7ddf8d35957e
Ru101_grid0,44,101,grid,0,RAN,0,0,1.640,24ef85c0098891e58e7fc47d66d39b75ebf367ae7d069b5abb616da2b59e2af9
Ru101_grid1,44,101,grid,1,RAN,0,0,7.296,62fbb604a73d0d62067fb1ecc0d7cd9f1fbc35236a53e39d96658f8169544b0f
Ru101_grid2,44,101,grid,2,RAN,0,0,29.739,b0e76912c2b5200630b5114b081de23c0907a0d2b258df5dad78e1b639b5b538
Ru102_rminus,44,102,rminus,0,RAN,0,0,1.835,c9452eed92f7fda8c2d4b5e524bfc4c22aafaefb8cbaf6ca8aca3c97a89a5eaf
Ru102_grid0,44,102,grid,0,RAN,0,0,1.668,506967d3092e08ae9ebb860db95fe9ec099843b3ef53b24d16f66080225ea8cc
Ru102_grid1,44,102,grid,1,RAN,0,0,6.941,dde3422b2b4fcfd4b3696c508699c606875779ad2266093e8cb8602cfd431592
Ru102_grid2,44,102,grid,2,RAN,0,0,30.017,e9183f2a369fe151aa25e04980b9bf3e88233ed30060f070d1bd2c16233bd2b3
Ru104_rminus,44,104,rminus,0,RAN,0,0,1.754,4bd89e90a6eee364e44e35faac690c0db270b98e312bff925643170051d31cad
Ru104_grid0,44,104,grid,0,RAN,0,0,1.605,89e44c7d8997b00863346ce86d8e25c76f4866d266a919b66fa52b8f5dff17a8
Ru104_grid1,44,104,grid,1,RAN,0,0,8.050,610dfcaea7537b41222b6916068804689c3eec2553c7fc3f3db0c1b640d80e0b
Ru104_grid2,44,104,grid,2,RAN,0,0,30.297,f96921e2b077eafb4a8a9a0c986cf52b90eaf05050aecbb83f2fbae938174f62
Rh103_rminus,45,103,rminus,0,RAN,0,0,1.709,c3eec3b8f8fc49701994fcdd1457ee485c28e642a15ad4e41ed152727ca54cd1
Rh103_grid0,45,103,grid,0,RAN,0,0,1.754,41d0bee4fccd743de140c09d58eb637799351a9090f5e016315307cca03053fd
Rh103_grid1,45,103,grid,1,RAN,0,0,7.261,3647671c38475456bb281fa8de6c9a9be70fbf85e17f3b0ec661f0552a08c1cf
Rh103_grid2,45,103,grid,2,RAN,0,0,30.533,652a131e6a19ffaad07769086d94c4358e7ad1a993657ab4bf283482db4c6f78
Pd102_rminus,46,102,rminus,0,RAN,0,0,2.014,eeb2ac1101c930b873545482f039e6ecef951682b8016dd1a621f5e57d0e08ef
Pd102_grid0,46,102,grid,0,RAN,0,0,1.863,b91e6143e5a44d9994003164f3a4cffc61d78b714daf68f353b4e5146d995c21
Pd102_grid1,46,102,grid,1,RAN,0,0,7.412,1701befc7b4a127e038208abadb8b3a76e347129e0691c6c58b13f6fa5e0363a
Pd102_grid2,46,102,grid,2,RAN,0,0,30.503,8c2dcdd5a8de6decbe2ce615c9cefaad2f9d0ad71bf7f741e2aead7751ba65d7
Pd104_rminus,46,104,rminus,0,RAN,0,0,2.105,82ca88cad41cce9b45c2d727790e0f99ca7dacdb3f62955b5c906c5f600fcbed
Pd104_grid0,46,104,grid,0,RAN,0,0,1.841,5d463b047a1a006294b5059d2f7098d030890c0338b0fb9e4a019e4bc1413c5d
Pd104_grid1,46,104,grid,1,RAN,0,0,7.830,18641c38765991943ac3505a14c7b11b18bae69934263f7f5af14e3298af689e
Pd104_grid2,46,104,grid,2,RAN,0,0,33.157,180522071d7df6935f208693afdae138775525180b4d5d8baa11bd0c83513db8
Pd104_grid3,46,104,grid,3,RAN,0,704,169.218,9f5b095415bcdcfc6252f5afc05c2966865d748630be7c65af3b9c52be48297b
Pd104_grid4,46,104,grid,4,RAN,0,1144,919.806,20c1613a8d1d0f4b282b1f44dbdbc96593cad27a43dc6a95d6a727ca39540021
Pd105_rminus,46,105,rminus,0,RAN,0,0,1.967,4a3e924c4fbef2428fe5de455cf9478b45bd5c61b602c52d647ee66cba24c0bc
Pd105_grid0,46,105,grid,0,RAN,0,0,1.716,d65a47a6b8d4b134744dc2103ec7bc0c4980fb37f1323b7f3b76146080e0dff5
Pd105_grid1,46,105,grid,1,RAN,0,0,7.136,1520904dc351531834f45f038a653a002f00608af62693939af9a088bcdd52f8
Pd105_grid2,46,105,grid,2,RAN,0,0,29.984,e06e1c3f0f1e5fd3b22aae9d89b9de134f6f927a5f84a268f06379a36234ea0b
Pd106_rminus,46,106,rminus,0,RAN,0,0,2.003,522493c4d4e6fbc87f9f35c575df55f3e4ef13abeace4c8435cc229cb7da6c9c
Pd106_grid0,46,106,grid,0,RAN,0,0,1.917,5e2758b569d48c7d6326a9de32bea4e7e834d4c2e0c9d0a57b07f40805168479
Pd106_grid1,46,106,grid,1,RAN,0,0,7.839,db1fc23f7439b783bb7525e6d0e72868eb3c34d236bd9f14f4477723846da2ed
Pd106_grid2,46,106,grid,2,RAN,0,0,32.844,84829bc833c8b167a0402a6ea5220fa7e1f812c2ddeeee40c5c1af82810e6a26
Pd108_rminus,46,108,rminus,0,RAN,0,0,2.006,5d6b4c792d9e5fec4db239324aa90d4a9ff5ceca9b1584cfb5be768fc2d3b09d
Pd108_grid0,46,108,grid,0,RAN,0,0,1.815,604084c1a9ddf3cda5be50734ee0d1cd011fa2dfe01b3d2a491e50c7aa9374c0
Pd108_grid1,46,108,grid,1,RAN,0,0,7.358,3e96a1ff5cd1cdf1b2273837944543a5359497a42dc0347fd4f0fcaa2b1b7251
Pd108_grid2,46,108,grid,2,RAN,0,0,31.748,22a0c8b18db0173c6254c4e768304585b645981138e2cbf5a58389320abb87ba
Pd110_rminus,46,110,rminus,0,RAN,0,0,1.901,8f9bf9bae67129a271fec7791035890442626e039d42f360d8a4525f2ab9d259
Pd110_grid0,46,110,grid,0,RAN,0,0,1.726,a15976fd12d5ba8b696e0d7159908b8ad7c8f5080246efdf1bbd9c6b9c7e0337
Pd110_grid1,46,110,grid,1,RAN,0,0,7.744,dfa8508a1303ba1039ad8a998c414a6ba44e4d35c35d04e9418b08196211d548
Pd110_grid2,46,110,grid,2,RAN,0,0,32.806,1e7de71bde821f500d85fbb6fe9c1b199584a1a71eb6d7e726198855d0863d85
Ag101_rminus,47,101,rminus,0,RAN,0,0,1.669,e60ec2cf17e174f635b0d646bceae96eb494a603e67ba1368e0f6800cf34e430
Ag101_grid0,47,101,grid,0,RAN,0,0,1.967,a1f1cbb3b774aa46a2fa15bd1c220bc3d30e0619f0fca212f2fe93a36662cceb
Ag101_grid1,47,101,grid,1,RAN,0,0,7.698,65ecccc9e6a1323298b7c8aa902a64a2e0d641385510f697c2300405a9f47dcc
Ag101_grid2,47,101,grid,2,RAN,0,0,32.913,1fcd492b536a87f80c1db096b73f54f547edf6d9786584ae1888b0cdb606c1e0
Ag103_rminus,47,103,rminus,0,RAN,0,0,1.795,b0e2526d9d9fcdbf5c8854f45225292d02809088d858756e64e16d335a6a64ee
Ag103_grid0,47,103,grid,0,RAN,0,0,1.890,60905ae95a2b621d05272889c42a4d0a7c8d697cde69d83b513795ae375d917a
Ag103_grid1,47,103,grid,1,RAN,0,0,7.593,eca10ad3366fcab4203f3bc1c326bace7c7c1dacc29595ac0880c97470295e1f
Ag103_grid2,47,103,grid,2,RAN,0,0,30.882,4f9ba4530b58702317336943029c56ad3d5b7760e61e0810e6c760cd2751afb9
Ag104_rminus,47,104,rminus,0,RAN,0,0,1.764,fe0c74fa36b42a1935114ee8e218b977f00fa1752d2ea092679c6f1ed29bd9f2
Ag104_grid0,47,104,grid,0,RAN,0,0,1.933,008152552b4ee81d175c0eb28f72009679f5c9e241285697c0e95e948e63c24c
Ag104_grid1,47,104,grid,1,RAN,0,0,7.553,06ad755780c76e2c2537dbe10721a67eb97b62e5844b30fb942026bd9fe3798e
Ag104_grid2,47,104,grid,2,RAN,0,0,33.305,dc461d2f2b4fcc1c42c484eb51da5aaeebeb1042a2ac127652e6e126a1f249d3
Ag105_rminus,47,105,rminus,0,RAN,0,0,1.753,5e4dbf163a8d90c2064b5b9bce64273eb910a47715446a7faf0e3d065dd5090f
Ag105_grid0,47,105,grid,0,RAN,0,0,1.850,cedd8777862d9e5ec3f2a00c5db08d9d1aa9f60872f46e8f7c90dc475147ebf5
Ag105_grid1,47,105,grid,1,RAN,0,0,7.147,28953416303c11f4dc07b33285267654adabec5278dc6c2bf8de4a07aedc61db
Ag105_grid2,47,105,grid,2,RAN,0,0,30.823,e7607dbc56bc024adba39a503e735d8768710bcb91d40ffc984a9217c989d6f0
Ag107_rminus,47,107,rminus,0,RAN,0,0,1.797,fdc6c9d428ef9a9eb456db73da68ba521de75b7a45f2348fd9ab5f46f1f895c9
Ag107_grid0,47,107,grid,0,RAN,0,0,1.914,6450445ebbdd024a668eb52598d876e088be03365704db8f97650ac4395674ab
Ag107_grid1,47,107,grid,1,RAN,0,0,7.686,33c0d3d5bff6eb40311ae7c12c3bbd8d79504eda5af0adf30f494953f9a09697
Ag107_grid2,47,107,grid,2,RAN,0,0,33.557,83c59f83323c61ab1f4e1bad00f9a5765f6284fa5be08b620d7f4e4ab5f3bf4a
Ag109_rminus,47,109,rminus,0,RAN,0,0,1.895,dc38cf11e82076098edd5269a7b802a04b87e24fc5e4104831a3af76c1dde668
Ag109_grid0,47,109,grid,0,RAN,0,0,1.849,d2eee3ea41cf0cbd81e3d82817d8d7c62bb00334b8f09ac7440459eaa4fdb697
Ag109_grid1,47,109,grid,1,RAN,0,0,7.403,3b8f4599e4de08acb7b7c689fdebacfa16c9174cfd6f0a73aad644c3e977f5c3
Ag109_grid2,47,109,grid,2,RAN,0,0,29.546,cad0ca5b895334c53110b614f15d0a55b8232257ff5153399761102a9bbcb181
Cd102_rminus,48,102,rminus,0,RAN,0,0,1.726,004fc339f64e90e53924e50f8fe95e67ff546d5afcb8b459ee01b236a72bb5fa
Cd102_grid0,48,102,grid,0,RAN,0,0,1.870,287432ca55747699e844664b6a7839ecb738aef69c97b5f852f3eda9d573bdd8
Cd102_grid1,48,102,grid,1,RAN,0,0,7.377,c88ecbc6faeb23232a4fce74015fff09c6f520d339fa40202740f9587ef932c6
Cd102_grid2,48,102,grid,2,RAN,0,0,32.913,bddb4d7c6c35bd170da989c082282ebe9c86cafc2788a90147080a53f0e394b0
Cd103_rminus,48,103,rminus,0,RAN,0,0,1.795,1019039d2ea933856a41ed078644fde9a72f56c40671e5ddb31938268d81497d
Cd103_grid0,48,103,grid,0,RAN,0,0,1.769,b44e3cc33ffe45ab0a0110237c0658be285e05c777addb1502a45a17c6981478
Cd103_grid1,48,103,grid,1,RAN,0,0,7.052,0675aa0b5e77a4d54a63ae5e2d0068158f8bbfee9eaa6d3afa53e5c83c154fcb
Cd103_grid2,48,103,grid,2,RAN,0,0,29.880,d231f52e80229975dee57abd53c37821412ddfa4289a0b539af1970504f1cd59
Cd104_rminus,48,104,rminus,0,RAN,0,0,1.724,8eadac85998853af2611b19d8080d692f6a10b74d6a897f1bf3a9ef09997473f
Cd104_grid0,48,104,grid,0,RAN,0,0,1.844,8ea126abaf6b9bec51e5311670533a7280dcd3bbfe3a6cf1dd65964c0fe34393
Cd104_grid1,48,104,grid,1,RAN,0,0,7.297,03804bd98309863ded728bb18a272c8db6c378be7108883b8a9507cbea3bdbf7
Cd104_grid2,48,104,grid,2,RAN,0,0,31.687,f48941d10dd57a2b60d4fe0c3af7628203fc602392742fbc8fc021ede9fb1971
Cd105_rminus,48,105,rminus,0,RAN,0,0,1.751,6e6995d0a90464f99d7cb665bc8bcb9e9e64cbb3385d19e8420a213fd2d7a8d5
Cd105_grid0,48,105,grid,0,RAN,0,0,1.878,5cb8049a07a0a06d7151060ddebe177a5e835494f4465e998b076f463d39b1d1
Cd105_grid1,48,105,grid,1,RAN,0,0,7.295,17c0c6b65fb3872459242559fa5caf53356ea1d920b5eeb91dbc39252b7f67ce
Cd105_grid2,48,105,grid,2,RAN,0,0,33.824,c0da5684539f95895fab230b50af102effb9d28f86c4bfd707f25ea1d6aabb7f
Cd106_rminus,48,106,rminus,0,RAN,0,0,1.780,f5299d8e64dc193b2446136085209ebef7ff2050413856a054755bd2dd59e217
Cd106_grid0,48,106,grid,0,RAN,0,0,1.593,7bce859d52f99e3d37f4d912e51ba60c6803430c3cacfbf4a1849467134fba2d
Cd106_grid1,48,106,grid,1,RAN,0,0,7.615,efa6a98aa4b9afa292044bb45425c437e369cc0064b868c7c0c94744c9e9302c
Cd106_grid2,48,106,grid,2,RAN,0,0,30.788,d13a4604864e876a62ab6362c68c42cbb28ddbd8229c37744b91fa0adb4c2fae
Cd107_rminus,48,107,rminus,0,RAN,0,0,1.830,9d4a39eb68b0b659f57f15e27bb4979badd6e34abba739e0aff9b24fa0caa40a
Cd107_grid0,48,107,grid,0,RAN,0,0,1.815,04ea228cc12200dc3ba911edc0b830fe5e127bb0389536788b2c1c4b5563a52e
Cd107_grid1,48,107,grid,1,RAN,0,0,6.969,1541cc83968807699304b0eb4bcff1e0120decd6b2e44e68672dcf3927449699
Cd107_grid2,48,107,grid,2,RAN,0,0,29.685,3b290e32c6c13c111f248319e723956e1c08ab1f9ffc4c1ef7db49936921d3e7
Cd108_rminus,48,108,rminus,0,RAN,0,0,1.784,7386905c1cf80ba03ac9cfbfe01e34aa252feb224fd0026f9f9be86cc7a60e17
Cd108_grid0,48,108,grid,0,RAN,0,0,1.764,1b962dc353f3718fdc5813278d8035aa3129381606bb7e935ccdbd4a99ff7a0f
Cd108_grid1,48,108,grid,1,RAN,0,0,7.279,f23430955b5cf339c4dd93c784338550cc6a5019125be07f6b48fc71a70f03f9
Cd108_grid2,48,108,grid,2,RAN,0,0,30.739,4813b53d35e8f61d53ad807131012e8eec612057cf4274f1ff2abbddb3b6951d
Cd109_rminus,48,109,rminus,0,RAN,0,0,1.670,5640427c0fbd01cc4894b7920e4f551a8a50f779d63098ca6ef633ba53e4095c
Cd109_grid0,48,109,grid,0,RAN,0,0,1.843,b657c8b42ab6b0cb9cb33fc7b5f83b0efdeeeda0ef5920a3e897dbc3f0a2c97f
Cd109_grid1,48,109,grid,1,RAN,0,0,7.389,31cfa74db5e7fe8c44a9341c27afac755f5c29a86d7475b04f3e764a38acd3cb
Cd109_grid2,48,109,grid,2,RAN,0,0,31.546,545843408b0717b0e966c8f45c4c673c5cce5e3e52280f0b7526d527f50af737
Cd110_rminus,48,110,rminus,0,RAN,0,0,1.686,cf5ddab422015ce8202d700b532259decb19b9e6ed1e7343e0427a793d7cde22
Cd110_grid0,48,110,grid,0,RAN,0,0,1.772,d7157a7abc1cbdac42681ddd75e780409b4d4efc4ea2b23a00508d898bb05b64
Cd110_grid1,48,110,grid,1,RAN,0,0,7.586,5c573f445b07b252909b9eedf513e123f6672b227d93ef3e87db1f29d94a2219
Cd110_grid2,48,110,grid,2,RAN,0,0,31.745,91f7cd618dc71ef19ef0a47d42faa0ec13c3bf04fac1639ada7761e63c0e44ef
Cd111_rminus,48,111,rminus,0,RAN,0,0,1.760,ac6a1244cb38d9ddf9da7a503ca1581ba8fd101cb5388908e31f8acf43381d63
Cd111_grid0,48,111,grid,0,RAN,0,0,1.765,d141a78e1a56a2115d55c439ccebd8b975fdd88a61bbff85bc585ccd00314a63
Cd111_grid1,48,111,grid,1,RAN,0,0,6.934,6ac5fe9618077e42f203fc47b1ff56067bd39b7e3f59dd7fadd177f31d92e075
Cd111_grid2,48,111,grid,2,RAN,0,0,31.153,9c8b946a12547986314b4d332b251b14bb6185dee985ab4d783bc87314cccac5
Cd112_rminus,48,112,rminus,0,RAN,0,0,1.596,521cd32c6aeeb66534ef88bb56ad17814a99c07e93e3492a17004b38ef38160f
Cd112_grid0,48,112,grid,0,RAN,0,0,1.721,2e33e3e04c0f169794a70a88f0839548b759f39229ee6df678401bdbb3775759
Cd112_grid1,48,112,grid,1,RAN,0,0,7.690,83e77f359934c4fe50fb50a57cbae0a3d178176f0f0e76ca2f06406ccbc05a23
Cd112_grid2,48,112,grid,2,RAN,0,0,29.885,3298066fba03f1040b76831080b1158840849060c243ecbab4cc9fea95ea799a
Cd113_rminus,48,113,rminus,0,RAN,0,0,1.801,ae7ff39e5f5f8b883ff8f5106dac969185f2e33576e39b63d3acc09160b09fd1
Cd113_grid0,48,113,grid,0,RAN,0,0,1.823,4150b019ef8a125fb739826c60b876506e307e2bfe08831dae153b479430aaca
Cd113_grid1,48,113,grid,1,RAN,0,0,7.251,18c990ad5e5d77d88e21b3b2b0a499278be46d2c6c242863f20567ef69df9eb8
Cd113_grid2,48,113,grid,2,RAN,0,0,34.201,52624e2103d8128c3694d08f2924e939fa3152506cdf6479731e1f9a596bc7d7
Cd114_rminus,48,114,rminus,0,RAN,0,0,1.760,7d986300c6b3761e57cf7848e6c7df645eab52f58d51ba5172fa97dafd894aa1
Cd114_grid0,48,114,grid,0,RAN,0,0,1.846,676696f865221a24e483dbf3070dff8d22d68cb8ffc7b90816c3732fd02e5104
Cd114_grid1,48,114,grid,1,RAN,0,0,7.786,6a037eab9e752da3c2fbbe9a79ac2cdd5747eed94e8504f4f7be7477224c8722
Cd114_grid2,48,114,grid,2,RAN,0,0,33.201,b01fc7c9f3055be1b8d65815fc5c18764aa32ef213e20b9e8a8266573d92bccf
Cd115_rminus,48,115,rminus,0,RAN,0,0,1.831,21d649f2518ed24749184fd8548a787ffe1225917d871eecea5906c7c1c14660
Cd115_grid0,48,115,grid,0,RAN,0,0,1.717,ade36f315951301b3a9b7dd64c8b21f704a118ba75b0d8650f8d561200e07ccd
Cd115_grid1,48,115,grid,1,RAN,0,0,6.922,425381de93fd6c7f41e75682e335eef59d10ca4a90c88bd73e24edd1468b9b09
Cd115_grid2,48,115,grid,2,RAN,0,0,30.383,7f0343d691390a931c8e382fd8d8ba6fd3bcf1fc97e98359b36b5b66c3c16013
Cd116_rminus,48,116,rminus,0,RAN,0,0,1.717,2ad374d7e31a79d6a7afd4fff00483119d8cd4109bd056f65ef09da856983a11
Cd116_grid0,48,116,grid,0,RAN,0,0,1.791,3d2fb146d07c93e6aa2ba801a9a73c96ebd8fd225fee40ab38624ebeb60cc98d
Cd116_grid1,48,116,grid,1,RAN,0,0,7.576,ef9ed962ebcd9580b818a5b192075c38d38d1a983a4d2ed61df2c973ed7a6691
Cd116_grid2,48,116,grid,2,RAN,0,0,31.664,3568dcbf0246d3834ce15d907f28e6196e02737cb0260f0bde7e6b438eaa591c
Cd117_rminus,48,117,rminus,0,RAN,0,0,1.741,567b7572525f4c0fb98cbdf6e5057205105f1ac08bc5a6801838313944ea6ec6
Cd117_grid0,48,117,grid,0,RAN,0,0,1.819,b8fcfb5378843215fe52b4de20dc6644e9f25453d57b28eba3efee9769bc616d
Cd117_grid1,48,117,grid,1,RAN,0,0,7.538,032f5e5ddac33c68edac7c65400170a2600e76ca347d7598f335e092144af255
Cd117_grid2,48,117,grid,2,RAN,0,0,34.236,d12d8c9f1d48355459a30dade6aedaa18a0e6fb3479a4f038053d34342357a60
Cd118_rminus,48,118,rminus,0,RAN,0,0,1.791,f5c9805e1a9530ffc8b58f0dcae4fcfe13a04893f54b417d1cb97c6a2046ad88
Cd118_grid0,48,118,grid,0,RAN,0,0,1.831,8f848d0825f4c3555bff4e8dacaee69c73a08467e09d84e26d48bf040c2f648c
Cd118_grid1,48,118,grid,1,RAN,0,0,7.808,96e5eee120d121629c877f838c922cb8c02ee83967377c2913f9ee7ce1ccf59d
Cd118_grid2,48,118,grid,2,RAN,0,0,30.769,638c418075cd98c4815af93b9a77d4ba98d1967ab1bcc29b428b8cd0537fc5f7
Cd120_rminus,48,120,rminus,0,RAN,0,0,1.712,8fb5636ed233cc56b24d42ff9dfc96d321854fa32ff7785f933461c7e6c5b6fa
Cd120_grid0,48,120,grid,0,RAN,0,0,1.830,42f27a328427d267d3af469c2acea6577460378b19ea48179be205e1cdadab6f
Cd120_grid1,48,120,grid,1,RAN,0,0,6.903,27e40dd0412e2a1a4363bd7344b228fa0969376f7902aeacd5f4fa3da09b70b6
Cd120_grid2,48,120,grid,2,RAN,0,0,30.983,9f6b49c720a434d5eb8b7b761ad039cbfb0cfc649a0a57ba43dc9adeec6ca3e5
In104_rminus,49,104,rminus,0,RAN,0,0,1.868,31d5a31d3391ffb69006880ad89faf355697f52b038ee7e422c4a63c0f1c4cd1
In104_grid0,49,104,grid,0,RAN,0,0,1.856,18be2dec2121effd1fcb2a350b1c879c7fee33f5f8710bd02a4ba177af8a0148
In104_grid1,49,104,grid,1,RAN,0,0,7.774,ccbfae081c596750207c7010eee9c1631f600262e56ff6373121d982b6379920
In104_grid2,49,104,grid,2,RAN,0,0,29.380,2c855b1189ea28f7e3b16e12e01e7a5f78d8790d477daf206672511ecd2f9dcd
In105_rminus,49,105,rminus,0,RAN,0,0,1.940,7034f8df8c55ea3fe0f47199745f84fd1991865295cf2c10af359c516cdbc687
In105_grid0,49,105,grid,0,RAN,0,0,1.848,9598ef50ad0fd23e61d9e50ef11bd34a2a40ab43a2f2d30742e261774912bf6b
In105_grid1,49,105,grid,1,RAN,0,0,7.362,8446aa9032e9627cc8aef58db60b344723d52d7532b3579bdd1b625175bef1ae
In105_grid2,49,105,grid,2,RAN,0,0,30.305,e354a823b828c466563b5c1bb53f400958768767469543620cdac26c93a4241a
In106_rminus,49,106,rminus,0,RAN,0,0,1.809,ed4835b209c156c31d3802d4092a98c72f8913e105eda17063078f4f014fc3fa
In106_grid0,49,106,grid,0,RAN,0,0,1.893,a425768b0031969cb61ab41fbd63762a13ea89ece166b2a99b9137ca2a8e843c
In106_grid1,49,106,grid,1,RAN,0,0,7.346,27c9c92d1c61d489115455508782afa21867520a025430570bfd2d19674d66f2
In106_grid2,49,106,grid,2,RAN,0,0,31.289,9bdb827f798a7ddc10ba33ec42cdec1572590195943e55e8f96b0f3133517846
In107_rminus,49,107,rminus,0,RAN,0,0,1.881,154a4a8a336369f23209a02f9c96046ff889fb2ca29d2eb7387e799ac1c042be
In107_grid0,49,107,grid,0,RAN,0,0,1.789,989500ea6aa5345b9cc0795e232f8efc85606fc42cac2d47a7dbb807dee4f0da
In107_grid1,49,107,grid,1,RAN,0,0,7.265,a524679948433eb5df8bfc1461b1c9975bb2de1af32d2e88e0d96b53963b188c
In107_grid2,49,107,grid,2,RAN,0,0,32.468,10785538aaa35b271b450bb846640d4d307c49f8c0841df413fe876ad99a0eec
In108_rminus,49,108,rminus,0,RAN,0,0,1.842,76d62e3db7fbbc1f1ee4ce3e1a23acf3b15544ac0a05048a77d97d5769eeeebe
In108_grid0,49,108,grid,0,RAN,0,0,1.858,e0e91599ec712391c3852d68e5c54910cd7d1330723cd70bf189d077baec4993
In108_grid1,49,108,grid,1,RAN,0,0,7.584,f35054bd2a8d37d266b25cceaf13d71c7631f004ade4e89b7c325e4e93c86c17
In108_grid2,49,108,grid,2,RAN,0,0,30.119,858d771fe8472afa38cb2b345aa1de9b5be835a53f4a2f598764a1a35831a697
In109_rminus,49,109,rminus,0,RAN,0,0,1.888,0793608046276e33e2f29e5f5a6ac60465c83622dbd09cc9dea5e977c7957466
In109_grid0,49,109,grid,0,RAN,0,0,1.755,d275753c8e6e8a032a743eb4ad1ea89737743848c88cb5afebfbe970bb3a93a2
In109_grid1,49,109,grid,1,RAN,0,0,7.248,d5a2b20b8fcd4803cf65b1f3dfb61bc39cdf418900de59422c2c0a6b25485f81
In109_grid2,49,109,grid,2,RAN,0,0,31.370,e28aa0f89109aa21e58d0a84c953d06e5f4f3ea7deea8c3df85ccd07aa85dda6
In110_rminus,49,110,rminus,0,RAN,0,0,1.819,3287abc8e3603e20568bfd4997d2d612be7555528a5fe5bed4538dd354479560
In110_grid0,49,110,grid,0,RAN,0,0,1.751,7562f0957f8556c5971b54fa2eb6e304bd19472ced2cacfdc3c7acafd430eaae
In110_grid1,49,110,grid,1,RAN,0,0,7.002,ca8b781ae39fdb249167d2990d29b48574c18e6b0f279e67b33743870eae9ac8
In110_grid2,49,110,grid,2,RAN,0,0,31.689,f5a8bc11a4a03444edfe885181420e8a1e319d7fe9784b5651e6b2e5d9cc9af1
In111_rminus,49,111,rminus,0,RAN,0,0,1.907,8b1e4942e5b2702b592bd2f49e91fbc4e6be2b747650f1d13f16f7aad3547995
In111_grid0,49,111,grid,0,RAN,0,0,1.890,96e9171cd029418b312ac22456dad063da6db36d522df2936a0e414ef103a4e2
In111_grid1,49,111,grid,1,RAN,0,0,7.344,3b18c1b7259a8630e6c281ec9669dd337b54ff34f5699267e875534a2e3e5f39
In111_grid2,49,111,grid,2,RAN,0,0,32.579,3156539b5acfa9bec2a9ade20d9db670727a4d7e387249dd8bb44d749f2cd348
In112_rminus,49,112,rminus,0,RAN,0,0,1.792,31c2f11c59f94164c750c6734ae8e656330f8c7bbb67bd71e1113bae5c1332e5
In112_grid0,49,112,grid,0,RAN,0,0,1.905,2dac52767e67dabee25743d0c94cfe22af3aafce8d3985e4041b6fc14e0e69e2
In112_grid1,49,112,grid,1,RAN,0,0,7.554,5f77162a99f837ec8f7a0a30b6df935647d957be004a6c44d42bdca968153495
In112_grid2,49,112,grid,2,RAN,0,0,30.787,2b927c7f5ad2d654a21f649c9c1ddc2449ecd1621a6abf507fc0312ae0f665de
In113_rminus,49,113,rminus,0,RAN,0,0,1.824,de7b5086708f8d0a5a794869d5732447521ab948d3aa9ebce4309a76c65651ad
In113_grid0,49,113,grid,0,RAN,0,0,1.830,cbfe00ae8e71a2710ef4905373cc3389df4ff6e54c7ce0006730156389a62ac5
In113_grid1,49,113,grid,1,RAN,0,0,7.130,3f5e905cde95e4378bc4b058e1b05aa26cc53f4bb0194f1836aebc0a923cd3d6
In113_grid2,49,113,grid,2,RAN,0,0,31.864,7efdd4194d00daa0449ec26f149d7d86a22e0462adaaa4abb1730efb5f488f0b
In114_rminus,49,114,rminus,0,RAN,0,0,1.850,4c41f98e23fc8a7c3c02821713e184c5128bc4f8a7217463cc45a244a547b399
In114_grid0,49,114,grid,0,RAN,0,0,1.903,1f5fd862523888c7635df9343faf369814433e1c8e52437b3dc3e16eb49c838b
In114_grid1,49,114,grid,1,RAN,0,0,7.341,cadc2dd86a4af88a10dc7a6079628327525d2565a467e0e06800af30c8a46187
In114_grid2,49,114,grid,2,RAN,0,0,32.103,65fd03ffa4a560b0cc48e71a8629f394a242355ed9030f6ba9333739a181766d
In115_rminus,49,115,rminus,0,RAN,0,0,1.757,ad6eb9977930891bb09400f8225035da5dd96bc76c8983006c8a5543788d5645
In115_grid0,49,115,grid,0,RAN,0,0,1.795,e9217a438a4af3e7a31c94333306c4f9d89eb0dd1ec4407bb42225a9c636d424
In115_grid1,49,115,grid,1,RAN,0,0,7.249,38e8044228fb19492d563d259c915ea0cfecd80e9460d84386a01ed5fe6d17b5
In115_grid2,49,115,grid,2,RAN,0,0,31.272,fcb2c664ac142975146e211be9becae032f0c5282ad93f1bdf92e2cac82d49c1
In116_rminus,49,116,rminus,0,RAN,0,0,1.795,57ce76226775a8e9ab3e7d1e9b431c59932d07ae9874dd059e2bec912667c67d
In116_grid0,49,116,grid,0,RAN,0,0,1.821,fee956190d92a1122d60e69a98bf148640cf0b40ea420aff90a1f75e76ec0619
In116_grid1,49,116,grid,1,RAN,0,0,7.672,ca612f15be0270d099e2920f046db26a2edfc65a01e950c7651044e5914e676a
In116_grid2,49,116,grid,2,RAN,0,0,30.305,5ffea7747247100dc02788c4cc1146257f372c3f27863e2aff65e6613c229f94
In117_rminus,49,117,rminus,0,RAN,0,0,1.831,6f216d94faab456f398aa9aeb8b7e2c8d670cf25e02fa16fecf9e383f2ef473a
In117_grid0,49,117,grid,0,RAN,0,0,1.866,ac861e060e0bbbd846233e79417a558ea796e41f30437c107e250b83e04a1e7d
In117_grid1,49,117,grid,1,RAN,0,0,7.508,26f2b291366250c795e213af34f486610121751b3f6665a9aa051a1f4a9b933c
In117_grid2,49,117,grid,2,RAN,0,0,31.059,458a98487df1a57add4e7d5897235c47b65b1b352587f81e75ba9f8cf2d1e3ac
In118_rminus,49,118,rminus,0,RAN,0,0,1.894,da4f06ca23032fc8f50361bef473befdd54cb1907595e9a8dc9b3c7d3a13079c
In118_grid0,49,118,grid,0,RAN,0,0,1.804,f943a50cb9afd1f69e5e2347884958675e650d3a5f166a50c9be070471aee80d
In118_grid1,49,118,grid,1,RAN,0,0,7.465,c1bb165a05c5deb9bb7ed1c3d09b592b3db341edfa0a73b6bbb267406fdc7407
In118_grid2,49,118,grid,2,RAN,0,0,31.774,04d9bec7b7d3ae3463b18bd340c2a0fa9f902d860c563fa0d38a17cdd6c076ee
In119_rminus,49,119,rminus,0,RAN,0,0,1.827,191ac91bc48c4ed949878e0aaed87a500292fc5a124937a1f09a8c30086d085f
In119_grid0,49,119,grid,0,RAN,0,0,1.893,c503e090be1aec8af324280c679e7fe7e731e372df05894a62e1288a32d76940
In119_grid1,49,119,grid,1,RAN,0,0,7.651,d56bd21728258d8babf81671fcf49c7e54d3892187b91d3ad1754d80248c1f79
In119_grid2,49,119,grid,2,RAN,0,0,32.771,f1d26b22efad9130c8d01256c1d5aa9ab3a57b529af99ba819a7fe084d3138ed
In120_rminus,49,120,rminus,0,RAN,0,0,1.819,b4b629b3f178a7e926ae99c1c2ad67afa70b91688599996233aa7dfda07748e8
In120_grid0,49,120,grid,0,RAN,0,0,1.870,9910c2073fe8e0eba272a7eca0b72678da6483b72a4cb7432c7d15456185f7e5
In120_grid1,49,120,grid,1,RAN,0,0,7.905,ef8f3c76a8e48613495cee747af082f5c5309686ab503c1b0026e6b6bd5b9735
In120_grid2,49,120,grid,2,RAN,0,0,29.983,2910cecfd26386894534d0d407cb28b5f823f2e79af7fae9ed804dbfadf1c385
In121_rminus,49,121,rminus,0,RAN,0,0,1.751,a12723994f59f7e9d016f7cc4d3877fd7be72cf06188f84a381201501dd327de
In121_grid0,49,121,grid,0,RAN,0,0,1.941,1e3e0a15e9e6735016c7b7d597de6d2bdcee79b5534ca8b1d61e832dd9894611
In121_grid1,49,121,grid,1,RAN,0,0,7.474,2445fc70da010f0d7ebc53c6df65803fee2b5740d757a4e046eb6f8d4f00c7e8
In121_grid2,49,121,grid,2,RAN,0,0,32.120,e1c993c211b4b1d6ddfe68b8368e9839bddecf290965f6ddb5a77a122c8da0cf
In122_rminus,49,122,rminus,0,RAN,0,0,1.804,b60836171d0edc1feb9feb72f62ce3cce72605bbd2f91af630629a4ae2cc186f
In122_grid0,49,122,grid,0,RAN,0,0,1.824,946abb52772f67232c537ed052c9869d4b157401dbbcf8801167d945d79351cf
In122_grid1,49,122,grid,1,RAN,0,0,7.587,0acdea51b74f825fb475d8c1f3a22b40a2b1ecb17efb6f0c78c5ca1fa0f1a1a5
In122_grid2,49,122,grid,2,RAN,0,0,31.310,3210e0937bcde29f8bd7e6b0f80fef4e1f29e1ea3b04f0cfd3e5ce3614bdb790
In123_rminus,49,123,rminus,0,RAN,0,0,1.848,1bb4863307839fb594c4706bc3ea53b714aa394a25ffdab67a58967613941059
In123_grid0,49,123,grid,0,RAN,0,0,1.827,ef122414959edcbb2218eed05f7e92d7bfeb771cca6d1d0c4460027aa5eb4e5c
In123_grid1,49,123,grid,1,RAN,0,0,7.204,612406a7d0902414796edfb86140678273235faaf3d018bd444736e766093c40
In123_grid2,49,123,grid,2,RAN,0,0,32.636,1f9941d48fd67bd8b0e264a54e98dc1f65a9724e3ab00de8e86faf9f2fcf595f
In124_rminus,49,124,rminus,0,RAN,0,0,1.876,022e83fcf9156f7767066e85da8c930d6d0f014aa9997dec527d64cf29e23e4b
In124_grid0,49,124,grid,0,RAN,0,0,1.829,78b5f8c69b59bc0202825c670bdafdf12740fb5713998637e547a7f1b87e8cc7
In124_grid1,49,124,grid,1,RAN,0,0,7.877,f6614a7443646f733371beacdfb7c38a9de06982199f74bddd05cf9237a1669f
In124_grid2,49,124,grid,2,RAN,0,0,30.371,11b117609af7dcb2ce3d911b3be939e09fb650f72f7a185174d6355a0ba7fb2d
In125_rminus,49,125,rminus,0,RAN,0,0,1.766,2ff1b384eada704e6e80a0bbd5f8bf6a46d6b9dd0f1f92e5ea16255c3d979bdd
In125_grid0,49,125,grid,0,RAN,0,0,1.766,f88aac32d826cb5db8afd8cffe9b70a2314436f30b4c24682c9f449e3d3de05c
In125_grid1,49,125,grid,1,RAN,0,0,7.553,4a4ca3c301600fd222be4af791bec6c2e7e0bb392041fdda00aa7e565cad7e07
In125_grid2,49,125,grid,2,RAN,0,0,31.588,ba6301f22bc3245483e84e53a373acaad101e65787bc291b99f64c7f97188d9b
In126_rminus,49,126,rminus,0,RAN,0,0,1.711,91750c8391bd8748823e9718a8c8ccb638ebb7f0066e5dd39ba14f8096e7754a
In126_grid0,49,126,grid,0,RAN,0,0,1.893,f3b6fa0f2ab807fec94ceaceba097dbc4ebc5706176cf3e0c9619e932d51b78c
In126_grid1,49,126,grid,1,RAN,0,0,7.777,4ba2ae8c803ea150fd75e053310d183bd45359e5b2aae995d2796d5f9b4faeb3
In126_grid2,49,126,grid,2,RAN,0,0,31.369,43adf49b548b798169151f29685b1bdfe1f9dc15717b72fd23f84003b038130a
In127_rminus,49,127,rminus,0,RAN,0,0,1.794,8792391d61c5be6734629ba020341bb40864f551990a166fb45d8e1820ba0300
In127_grid0,49,127,grid,0,RAN,0,0,1.871,17bf622f44bf00999b645000f701f5960891489a06a31ddd1fc286f79dee9c2a
In127_grid1,49,127,grid,1,RAN,0,0,7.097,d5abbebd18096f65ecd5350c09edb7d4a39387fde5c4ed643adf5533b8db2c57
In127_grid2,49,127,grid,2,RAN,0,0,31.285,fe85bb68fd831dcb116272fb8fcb6eec449cf4d5e982eb635dfaad4c7a000cd8
Sn108_rminus,50,108,rminus,0,RAN,0,0,1.698,6e123a576cdfe91c06ad43e9ffab6c95ce0615ee3a557cf57045054a27d52a79
Sn108_grid0,50,108,grid,0,RAN,0,0,1.696,fd3e06a890f58d9ba55b56aebade8217840c3a9f5c49ca0067ec2b936c2cba41
Sn108_grid1,50,108,grid,1,RAN,0,0,7.760,a2427d73f1893d27ea566db54e94504f49676c03bb74d9c21b825ad66539194f
Sn108_grid2,50,108,grid,2,RAN,0,0,32.041,0c9ead53bbe121d0f7460b74e6b885f4955f05fcbe4cbe86ca14fb46323f780d
Sn109_rminus,50,109,rminus,0,RAN,0,0,1.813,beabc9ae74da730bdf3568f814bbb2395c7cc615d511795ceaac27f72e61d5ef
Sn109_grid0,50,109,grid,0,RAN,0,0,1.614,9af2c3db00275d30a7f06087cd5c894878dbc399d9ba02260a49550cefe96ccf
Sn109_grid1,50,109,grid,1,RAN,0,0,7.598,c9be362926bbedb15f915516a8a1b7629d381d20f4a558ca4b2731166affc90f
Sn109_grid2,50,109,grid,2,RAN,0,0,32.828,4dd5a37961b221203068c421df2f5e8613a59051901e823f54d52e35e7b8bbdc
Sn110_rminus,50,110,rminus,0,RAN,0,0,1.610,6d5590d343549d95d03a0f4b5e721fc3b89585af615c04d38debd55e50ff3848
Sn110_grid0,50,110,grid,0,RAN,0,0,1.650,7d33f6bf95a9c62d56e0b9d8b7705d5747c594de19f78731ff00bf0bcb90126b
Sn110_grid1,50,110,grid,1,RAN,0,0,8.172,b9b4e5c9055586ef4caeed148758cd223fb116b65b9ac81105c133a0dc26b10b
Sn110_grid2,50,110,grid,2,RAN,0,0,32.025,1146b8c296ea1eb4c5934efbcf6f26d4271c97b2de136617a74dac37e13f4642
Sn111_rminus,50,111,rminus,0,RAN,0,0,1.700,342594fb40924dc4a293ae1abb162a583fc3edf178f2bb98dae1f350658332ec
Sn111_grid0,50,111,grid,0,RAN,0,0,1.624,4680f133e1bbbb693f2b71d85c42c72816cbca9edbdb4ad574d5bdc1ca3d7adc
Sn111_grid1,50,111,grid,1,RAN,0,0,6.840,824af7741e4a7546765e2c747061650e36b962bff309d3fa761df03a47c110ae
Sn111_grid2,50,111,grid,2,RAN,0,0,33.286,f5b8964ac3745a76c3a6f36cbf8171fbc5331bc171d01838ab8e4ee8cda471c8
Sn112_rminus,50,112,rminus,0,RAN,0,0,1.762,808debbd9060d71924f5ea34f5a41000263fbbccb659517059c05c60fb316205
Sn112_grid0,50,112,grid,0,RAN,0,0,1.714,f6d396724ee6c5dcd738f5f9256ecf122e75bdf51a1f69bcde32f4e1822bfcdf
Sn112_grid1,50,112,grid,1,RAN,0,0,7.835,64665cc299ee23c45cd02548c6f0d4b935e2bd9e1bc973fbc4a31ecb205a7bc5
Sn112_grid2,50,112,grid,2,RAN,0,0,33.355,cfaf7d560b6356994b6cde843aac4262d95f41b0f0c46457010e46c6a403537a
Sn113_rminus,50,113,rminus,0,RAN,0,0,1.777,1850b341c7c70defb05734b49980ee88e4fba5c5170163139aad5ad5edf31c27
Sn113_grid0,50,113,grid,0,RAN,0,0,1.642,81ac4e1e08326d3014e30db43b42ab274b33ab3e1218cbcedfc91e5f059d2ebd
Sn113_grid1,50,113,grid,1,RAN,0,0,7.398,d26d6b8174e249c7a9828b319e1e6913f9c2004d4bc3e2b188640ff54185682a
Sn113_grid2,50,113,grid,2,RAN,0,0,34.242,1a7abb63026d664453d7d53cf4c1e52e8b36c5442cd36d44d4723dd4a6b1c92d
Sn114_rminus,50,114,rminus,0,RAN,0,0,1.760,5eb99a556213b1f44154ada01a19af2cfeb9bfd2656de2ee04d3bf4a3f7a0643
Sn114_grid0,50,114,grid,0,RAN,0,0,1.732,2a3e128979e0fef2a38e2692e8188a9c262c2e717dd9868d05075e06272e22b3
Sn114_grid1,50,114,grid,1,RAN,0,0,7.994,51ce34887fecac23b184b3366442d235b293f594997fa18d01ea9274385aa332
Sn114_grid2,50,114,grid,2,RAN,0,0,31.196,6741900f9bbb9413cce2ee359b2c5c500fd8111504bf4eb34c50c2b04d6b8034
Sn115_rminus,50,115,rminus,0,RAN,0,0,1.741,009f56a43f67729dfdfcfc0c18ad8fc91f629a1dfef54a37efdb16568fb46e8f
Sn115_grid0,50,115,grid,0,RAN,0,0,1.638,f12b93313e3a144b87e6bae7bac43581369b6143e01d4379cdc1bd176aab71b2
Sn115_grid1,50,115,grid,1,RAN,0,0,7.281,57ec4ec8824329c9ee3fdabb423a4d21426a0a8815515fab69de9107d5bcde69
Sn115_grid2,50,115,grid,2,RAN,0,0,32.338,1ba6646fead8503074542b47cff0c4743c49b3d24ae968de59d139a5552d9eca
Sn116_rminus,50,116,rminus,0,RAN,0,0,1.687,94477b2cc5953e1b946dad6ef0b32506032edb05825291260a20daf4136d3083
Sn116_grid0,50,116,grid,0,RAN,0,0,1.702,1ffe4edce5de81d1380ac57e01c7f23823e342a07ce0fb9863cc6ee5d009f4dc
Sn116_grid1,50,116,grid,1,RAN,0,0,7.508,84cce92c4a4c1e022ee75212b3e50b084a9f9737490e6ee7199068bc5b01520f
Sn116_grid2,50,116,grid,2,RAN,0,0,32.237,f3ef185a7872cee7cff63163c644cd1ccdd9ebba33cbb409175e977ce91880cd
Sn117_rminus,50,117,rminus,0,RAN,0,0,1.643,063e60ed4124532d187c3e9da120042cd5ebad50201e5ee39e4db00b92202ede
Sn117_grid0,50,117,grid,0,RAN,0,0,1.638,80c2fd5a96cd92e6c517b22c98433e1e1cc2af9abd079bbcc0920568b7b10e97
Sn117_grid1,50,117,grid,1,RAN,0,0,7.481,6ed34076a31dfe4694f8c50d124699768bec1122df0b3266fee87ac6fafe3b2a
Sn117_grid2,50,117,grid,2,RAN,0,0,30.226,9a49ca92f9a72c2d939eb749a257a9787b1ef1cefebf9a9ea5119ec691415026
Sn118_rminus,50,118,rminus,0,RAN,0,0,1.810,dfde21cc9d67ce6bf432312da925961478355dc00be5e3474611a7a4cda2c760
Sn118_grid0,50,118,grid,0,RAN,0,0,1.632,f48a1c8afb020ef7208e2c63053e65fa1ed2b25695df19784862354e52f2451b
Sn118_grid1,50,118,grid,1,RAN,0,0,8.095,dcd6aba5df68f65007fdf8bdda0701a4e06a8f4530b2d6b3bffe3f338490a903
Sn118_grid2,50,118,grid,2,RAN,0,0,31.358,93021ea2d2f7bf4c4b19c4f852c33031065a97dcd8a4554092f8d4feaf53ab96
Sn119_rminus,50,119,rminus,0,RAN,0,0,1.705,9bac9445a748408089e0b9b1c76122b2cf8037e14f602977ca392489c238de0b
Sn119_grid0,50,119,grid,0,RAN,0,0,1.750,266ebe814e8c75f41bc40a369d14c76d8443438b0023b8bb450ba8b6204269cd
Sn119_grid1,50,119,grid,1,RAN,0,0,7.424,311715edf68869f7577e2b99efb8cb1a9174f203c43123429e54413ae86d1db4
Sn119_grid2,50,119,grid,2,RAN,0,0,31.991,d765ea618fc5981281ecfb20f9ad020256cbadcaecbafd5abf25582d3b751641
Sn120_rminus,50,120,rminus,0,RAN,0,0,1.786,75c9d47ef2273929b0e7b71f80524fd8fa32a374bf58bd22e7bc180d23f9daf2
Sn120_grid0,50,120,grid,0,RAN,0,0,1.826,d7808837b93d1be3cb75f150c36b3c3e0f7d6c207cc49163f3404d92ddf7eb5a
Sn120_grid1,50,120,grid,1,RAN,0,0,7.719,ade9758f8fe32bec3b0a50affcbdd5fa3ba91b18833c8a474ea3618556433798
Sn120_grid2,50,120,grid,2,RAN,0,0,30.888,66d44679fdb6a9df9d9649a745aa9ce70a97af37100f1fd02aa7ab868f990736
Sn121_rminus,50,121,rminus,0,RAN,0,0,1.663,6b4406283864edc0f1595d0cd04faf5dd715718078d0bae8dd09bc45e83c0cab
Sn121_grid0,50,121,grid,0,RAN,0,0,1.716,43b1e227806ee5de01efa5b5ef50ed47babab5b671e8ab36a73c4332416a247f
Sn121_grid1,50,121,grid,1,RAN,0,0,7.648,c83e0a7e743b2c9fd7d137b93e9386815d56fea026ed6dc860b38ab37fd37954
Sn121_grid2,50,121,grid,2,RAN,0,0,32.254,35d3a697f172528f78d552dc04c880555137f7ba548e20c7e03327c5d10d5e56
Sn122_rminus,50,122,rminus,0,RAN,0,0,1.755,e144b3ee3742cc5401e2273306aaeb06f5c08557580f648c94cdbdcc5ee19a50
Sn122_grid0,50,122,grid,0,RAN,0,0,1.730,97b49c5bcdf0ab6cb629545791ddea9cdab8558de5c0492c5e0550dbb4dfd193
Sn122_grid1,50,122,grid,1,RAN,0,0,8.125,a4b69e507237e4898300334305925869746d0c275e5da3a758243077ef09888d
Sn122_grid2,50,122,grid,2,RAN,0,0,32.274,21ac3d951583568039ee7d49811c675b5d8dfde9ed17c3fd2adcac48407911e4
Sn123_rminus,50,123,rminus,0,RAN,0,0,1.759,3862c96e0480efd8b833c0161e81fe80480605ebe295ece88c8442a8ffa818d5
Sn123_grid0,50,123,grid,0,RAN,0,0,1.646,57e7f527b4bd451425608a64e7cdcaba7c61ffd4db9751799820aa31e81e01a6
Sn123_grid1,50,123,grid,1,RAN,0,0,6.938,49250d9800d9498a5a90f1804ce3b716b0d09f3554a21b9c8113a2296c1ab925
Sn123_grid2,50,123,grid,2,RAN,0,0,31.905,51c78f0b4d97e7d085a71495f86a444688b91ed22de424634ef23c05bd25198c
Sn124_rminus,50,124,rminus,0,RAN,0,0,1.837,c60580c0f121095cefc5ffcc4bb680c923ec1f574a649369c359bbbf8a0c70e7
Sn124_grid0,50,124,grid,0,RAN,0,0,1.605,f71bd73c1407e74973e068c39bbfb4864c703f9117fbad787c028212d8d8a484
Sn124_grid1,50,124,grid,1,RAN,0,0,7.475,af3360a3b4f5d83325c542530d734ca22151f0b3c29d55741247688d07728789
Sn124_grid2,50,124,grid,2,RAN,0,0,33.342,da850349d624bb6fddf9a253f1c49b68633515d6e11c32917d6d7951add2b20c
Sn125_rminus,50,125,rminus,0,RAN,0,0,1.654,443a19421e12e84f85933491740147785303134a6d7d3082cbd0869f344cf3d5
Sn125_grid0,50,125,grid,0,RAN,0,0,1.549,944d757ecb360fb5b320d4578053abe765dd471ba118a4a556f91a2e4ccc8316
Sn125_grid1,50,125,grid,1,RAN,0,0,7.590,a790fed2150b282d8b5ecfd12e311a7e1c594694a508d8087ad0ae600762df2e
Sn125_grid2,50,125,grid,2,RAN,0,0,33.272,f0f2c6c73cae17650700fff5272844a6ad7275f3e488189bc1c972b5e35c20be
Sn126_rminus,50,126,rminus,0,RAN,0,0,1.763,a389655f92f9596f6c0b90e714793b4e96d8312bf1943f46880bfb7cbc46a49c
Sn126_grid0,50,126,grid,0,RAN,0,0,1.692,8cce3a4a7e471085c6b1b5c1d58d687b09a45a235ad8579b74e9ac5298b29431
Sn126_grid1,50,126,grid,1,RAN,0,0,8.173,8910f562a09779936946e606a2e97608ecb692ffd954b9eced09d8f5b913ca66
Sn126_grid2,50,126,grid,2,RAN,0,0,30.891,3a257ce3bfbb2d8da9909a7e7d71d6f98b23c7d0a8f5f12025d69e0bf53ed252
Sn127_rminus,50,127,rminus,0,RAN,0,0,1.747,d5caa19189d3d89b1235ea30fa946e4e1e00b18163b0336cbe2e7498e64cbeb4
Sn127_grid0,50,127,grid,0,RAN,0,0,1.617,75e6d4bd76a58d7ba3d8a87b6760f677416a52e96f44345850a10098bc96e85a
Sn127_grid1,50,127,grid,1,RAN,0,0,6.967,d2cfeea4b6116348f05f5ebee4e4e357d5a182b1c9c860128eed71ca9ca2d7a8
Sn127_grid2,50,127,grid,2,RAN,0,0,32.154,e29bd0d69d9b1cd2b53ba511c64a02cf01f86d46450704e4bf3f26f82c7f76a3
Sn128_rminus,50,128,rminus,0,RAN,0,0,1.758,02f23122c7a10e262243a2bd82dea782906b68dec78a963faf2e415f8d9f427f
Sn128_grid0,50,128,grid,0,RAN,0,0,1.759,9cebbaa3e4e18fdb664f8857fc814815a9d377bc9a4f9ab2ddc92247b719213f
Sn128_grid1,50,128,grid,1,RAN,0,0,7.590,a392053a7b3a9c63cdc57f41f8a9fd0f0ee888dcb4c33708a43f57b95b6b08b0
Sn128_grid2,50,128,grid,2,RAN,0,0,31.367,54c7e96b4e71d062002e0809c0f25d91cc5b2d01ca0b2f009bb677f2772ef0c4
Sn129_rminus,50,129,rminus,0,RAN,0,0,1.699,b9c0779125350d444d99d915611c879d0fafb097cb5fb25e96e37142f56d19e6
Sn129_grid0,50,129,grid,0,RAN,0,0,1.870,8ce1446cb5a6fe4b12152faeac25722e7c709797c584706b9d7f11e0afa85e6c
Sn129_grid1,50,129,grid,1,RAN,0,0,7.615,c59ec6e34fe035d2f71bbe757b7fd7fc25fc7b548f708785fa60ddb99f392eae
Sn129_grid2,50,129,grid,2,RAN,0,0,29.910,ada18c0e4ac8f0180a828b82f3fb09f162d36b33a84200714924875c25d310f5
Sn130_rminus,50,130,rminus,0,RAN,0,0,1.820,3de0419e673f7f79b48782fe7bcc71c5731d7a9d8965be8330b36d52c6a1399b
Sn130_grid0,50,130,grid,0,RAN,0,0,1.642,f8b9b8c525dd7af8888db3f413b7a64139c49211a8cca3bce0cb2cc76b719dad
Sn130_grid1,50,130,grid,1,RAN,0,0,8.243,a5c2dd6b1256c5a29037d843e6039edb20b5a73618c363aa1374053673eb523d
Sn130_grid2,50,130,grid,2,RAN,0,0,31.249,f32a456b8d6a5f0de565134a6755c876b7dac2c004bccef8b96edf6f0da2447a
Sn131_rminus,50,131,rminus,0,RAN,0,0,1.692,204cfb8cefde06ceee60e3993f5bcf4f13068abde23da0c5db234783b70602b6
Sn131_grid0,50,131,grid,0,RAN,0,0,1.704,50e051fad14d339ee772ba4f6ff5dbce40466509e2ca68d99c8098e4a76ebb25
Sn131_grid1,50,131,grid,1,RAN,0,0,7.078,160429cf10fe6709b728fb8c277ddc0a122375a32dce0fd5a9b1034438db8b25
Sn131_grid2,50,131,grid,2,RAN,0,0,33.393,5e3dd76c243ba366cabc9b9313e8e3b119413f819c1cd60c4d0a2500c691fb7d
Sn132_rminus,50,132,rminus,0,RAN,0,0,1.707,bc473e2f177fc1f6376859edaf48c4a8d1b7b5ea8d0c486a0aff26661f634bb3
Sn132_grid0,50,132,grid,0,RAN,0,0,1.621,58cd71136c4f318cb833c9cd093eaf54ec6ed421f7a7a923a3c48fd14dbbee4d
Sn132_grid1,50,132,grid,1,RAN,0,0,7.182,f7c9e8a6fb25d0cda5e31516224ea79c0f31b7234f04c751bfac96064a65b9dd
Sn132_grid2,50,132,grid,2,RAN,0,0,30.066,a46fbaace503356ac4feb8e29a318424118f80e943fbd33150863cffbbe3ebf6
Sb121_rminus,51,121,rminus,0,RAN,0,0,1.807,9ad355239da6ad7a3166768127991f5b14b5698ccd4268d4b60918a022a031fc
Sb121_grid0,51,121,grid,0,RAN,0,0,1.760,17f5a4b0666f17e7c9f270b302cda2a909401014ea305658cdabeb87d5781cdd
Sb121_grid1,51,121,grid,1,RAN,0,0,7.341,34a93ad88e99dbaf3864219fce9101d1fff8ba3d77c33071d2a4447a20f82aa1
Sb121_grid2,51,121,grid,2,RAN,0,0,32.081,661dece7c924e9e9fefe17bc4c9cacb77b55ae17b4e0c3dff90d51ac868dd8af
Sb123_rminus,51,123,rminus,0,RAN,0,0,1.817,60a6fc6647f854c73fe1c11b69004a323ad428cbfdce29168fdd05a8635544c0
Sb123_grid0,51,123,grid,0,RAN,0,0,1.842,6cebbc5ad35d5c60e73526c22525c2b5858f6a6537daee207304a86c0aaebc98
Sb123_grid1,51,123,grid,1,RAN,0,0,8.936,6edeb7495e24480fd0124a91f52729559d6b2549f23630710ac7d68240849e0c
Sb123_grid2,51,123,grid,2,RAN,0,0,33.765,1d251b9c3e7903055f8b0e940a160534ee6084d7251ab3709e48e65d5178ab7f
Te116_rminus,52,116,rminus,0,RAN,0,0,1.954,26dbdd8e71b709e98ffee80b313e071f91fe8966b19bee45c7329ae8e7f2c695
Te116_grid0,52,116,grid,0,RAN,0,0,1.839,6549fa4a18d394e092a096c5959fad67240f51ec8e8d7021c584e369d95ff9a0
Te116_grid1,52,116,grid,1,RAN,0,0,7.720,f16cdccc6a5a40d5d4ba45d3be09e38435531136d1a8fa0fe0bfb6174d996c1e
Te116_grid2,52,116,grid,2,RAN,0,0,33.190,226ab2639ec59b73bac00edc2134cb4892d7ffb2f0741ba2baabc12361a758ab
Te118_rminus,52,118,rminus,0,RAN,0,0,1.927,7a9126c0c39e163870e3efd8b0c1b7a62ed5cba238805c52eef5cc1161256fa9
Te118_grid0,52,118,grid,0,RAN,0,0,1.789,351d0a68ee2c76850d61dfad67797239c4b75e6549ac1112f29d12f3322afa99
Te118_grid1,52,118,grid,1,RAN,0,0,8.314,91153b547e6a49403e5cc4729da412d3ba5122c2abcb932cbff67c11e598f256
Te118_grid2,52,118,grid,2,RAN,0,0,32.787,b29a12811bc01ee7f23651f3e6eda44003cd0bf2d9248bd4105ec0b85b7d12f2
Te120_rminus,52,120,rminus,0,RAN,0,0,1.876,a557d0ea3177907ec01dd0a09cb86da9c3d8e55180e30709d126dc6fbac5c6e0
Te120_grid0,52,120,grid,0,RAN,0,0,1.794,6788401c081cb2c66b5f797c596c7ba6ac1859d9d6b42592aff3aa99a7afb1e1
Te120_grid1,52,120,grid,1,RAN,0,0,7.769,26feb147267f7038bbfea409c137ec8b6f8e154ed115fa20857cc67cc3eb220a
Te120_grid2,52,120,grid,2,RAN,0,0,32.918,4379316bfdb7fe8df8e145115baa784cc18523e49e97dfb79725429a1b752a72
Te122_rminus,52,122,rminus,0,RAN,0,0,2.102,786e5ca33c094e504e3bdb79de92621538b8599421e62ac16bbf462728e865d0
Te122_grid0,52,122,grid,0,RAN,0,0,1.634,30b55e03aa5720a82f676f49f60cda51c79f7e29efe0de98683d98c77bca3e73
Te122_grid1,52,122,grid,1,RAN,0,0,7.408,69bcc407ceb13d10b8061fb935607f8d4fc79c3f0c8b01af04ba79b4f0d2f72f
Te122_grid2,52,122,grid,2,RAN,0,0,34.149,c99234624c676a64f02fcc49b384090b6b2a5c8df343e83d375564f5ce9e071c
Te123_rminus,52,123,rminus,0,RAN,0,0,1.972,d473e4ff73e97751e60938f5e8b104a5dfb166426920cde60366a165d406b7b8
Te123_grid0,52,123,grid,0,RAN,0,0,1.597,095b1d41cdf2f7403a5dc50f607843f732dfa04a2dc315c95f42292c43f02a54
Te123_grid1,52,123,grid,1,RAN,0,0,7.638,6577835d34509b125f73731b242b5dbc6ade1b2bcf90f52856ec0486856fbfe5
Te123_grid2,52,123,grid,2,RAN,0,0,33.514,43f88bfdeea3ea8846af6e7aeea4edb30c3e32ae92fc56d7eb2af9ec288f029c
Te124_rminus,52,124,rminus,0,RAN,0,0,1.870,dba03e0c63d9c8d61d485d5a1a90d34f0de919f23d40d9c771f039fbc85e4112
Te124_grid0,52,124,grid,0,RAN,0,0,1.732,289465d8d0acc9e7add4a9a3d632dc7457bbd8dddb85fde58181d5e74b554627
Te124_grid1,52,124,grid,1,RAN,0,0,8.498,3f8243efeb69b7ecc2af1851ad5639b22c412353341b2b572619cd751162ce7b
Te124_grid2,52,124,grid,2,RAN,0,0,31.268,8487531bd37ca92f0ddd70024d87a9ba38f4be416f6920915e030bcaa56f17a1
Te125_rminus,52,125,rminus,0,RAN,0,0,1.955,a83d3f597889440ff2c0ce9fa2e611c93191dd950e1bc24c36a74cd1b6dd41bd
Te125_grid0,52,125,grid,0,RAN,0,0,1.810,b911965d1719bce2f66e5fe56713f2e9314553eccf5bb5f02d90477c3a132d7c
Te125_grid1,52,125,grid,1,RAN,0,0,7.585,fd94258d9d059277ec17b565d8ba80a465359b6b08e493f51b0d003a49fb4d83
Te125_grid2,52,125,grid,2,RAN,0,0,32.019,8f39cc3bfb3a30081f4fc379efed0bced76d8e4ecd9db9360ee3b6f9f8ddb23f
Te126_rminus,52,126,rminus,0,RAN,0,0,1.796,88771e1c7f3ad49e05ba215ee3e232a90b8055d16b6fa2754e99b756b33d3ced
Te126_grid0,52,126,grid,0,RAN,0,0,1.663,ef4dea71e55334c1886502655ad37d2a970127b84f168756c6e7d7972229c3ca
Te126_grid1,52,126,grid,1,RAN,0,0,7.645,aedd5364008da5c2fa61ab5adf52265d1fabee7ac3e7b1b47660762e124a14f9
Te126_grid2,52,126,grid,2,RAN,0,0,31.127,48f9a67bff4650a04380e56a0e6b8599a1501fd08363338aa2455865871e4fcc
Te128_rminus,52,128,rminus,0,RAN,0,0,1.952,f64d80583e1784b2c6f5b4fd4807eeac93021d9f416668b2aa4a40827f781800
Te128_grid0,52,128,grid,0,RAN,0,0,1.683,b26a71569258dbf94a94197e9c30dd8a2ff36c798e7272d81af2199aca7fa9d1
Te128_grid1,52,128,grid,1,RAN,0,0,7.684,52ace2b1aefaeae756b1d14c7340e901ff227b5efd55b84ae494f36dd907e2f1
Te128_grid2,52,128,grid,2,RAN,0,0,31.487,0c18c40e3a8624a733b70edbe509acfb6d191a6dea25558e5c7fe1fb85ac0798
Te130_rminus,52,130,rminus,0,RAN,0,0,1.855,bde5b085ec11254f8de4714d46e2d4c9e0526ddf3f4ad2617a329a8b5768157f
Te130_grid0,52,130,grid,0,RAN,0,0,1.734,cad48828d79a740d0df9dd9ab26bafdd541fb9e803556ca54444e21cc0b59515
Te130_grid1,52,130,grid,1,RAN,0,0,8.568,722b6c1b0bbee1fec3a4656957a15e9901443133186af6dd140189b58678db58
Te130_grid2,52,130,grid,2,RAN,0,0,32.328,3427593b245334e31b4c352b7222511d5b18caf303a1474f59878e44bbe952cf
Te132_rminus,52,132,rminus,0,RAN,0,0,1.989,3e9421f1ae0c94f1c22f5d4cb8662e6c9430c9e251e5bfc14c0f13c6bea1c6fd
Te132_grid0,52,132,grid,0,RAN,0,0,1.715,1f015e66876bb61a51d953689b4a68da253977e51a5ecd52320a084e052d9176
Te132_grid1,52,132,grid,1,RAN,0,0,7.752,9e31641f754bc9371dde884142bffa1cd80d1e5533e5553beac955cf74a5f3c7
Te132_grid2,52,132,grid,2,RAN,0,0,33.848,f9e00d3707e7b115de030cb730f3df54058808a254a29335ade65113110f384e
Te134_rminus,52,134,rminus,0,RAN,0,0,1.914,8efe64b82de53b0e2a2700aa38198a2e8944b06edec6c26ad9e9e227b56f991d
Te134_grid0,52,134,grid,0,RAN,0,0,1.642,6f8c52178c7815efc8986f558224fb1c3c9e1bf9d174fe2cdca1c97a2565fd68
Te134_grid1,52,134,grid,1,RAN,0,0,7.591,54ea7cd961b00530b9d862ad8a2e5c0c51c5c6bd603466502ba83003564d5c40
Te134_grid2,52,134,grid,2,RAN,0,0,31.456,123328b4637843f0dfeb4672529a0899815748acf7a54ecdc8717dcbd7c4f7f5
Te136_rminus,52,136,rminus,0,RAN,0,0,1.950,a4d679af2f614e5ce951d003a9c04f384b2ccf064b0dca9f2f083005ae160172
Te136_grid0,52,136,grid,0,RAN,0,0,1.758,c986d27eb381a9e0c5f69e7503e50149874c36bfc61e2960dbbcb85adfc3edfa
Te136_grid1,52,136,grid,1,RAN,0,0,8.117,4f31165ef742239b51c7cbd9b286d89fd5121709035cbaeac28603ce1f80cc9a
Te136_grid2,52,136,grid,2,RAN,0,0,32.888,dba4f0ecdd53122c6faaefcfa23e28a4d6baca40ac622cba0455c7c5fa5a9150
I127_rminus,53,127,rminus,0,RAN,0,0,1.867,db73b9a5391ce339ae75f642bacc67be9bcd25fd45e44c7babea4543e3264a51
I127_grid0,53,127,grid,0,RAN,0,0,1.958,789181de082a1866ff14af21dfc09f41889c63f365eb86adc03ff7ac8103a5f1
I127_grid1,53,127,grid,1,RAN,0,0,7.530,19a28de1428df6eb32a98d722cb1929e17784987192c3adb0a8a1aa75f8035ac
I127_grid2,53,127,grid,2,RAN,0,0,33.135,111d3d4d275c92a34bae2cfb1626b44053a967ba719969475adb4e9aa2831145
Xe116_rminus,54,116,rminus,0,RAN,0,0,1.989,2b3afa6033254f29156063a6903d2bf3aab766883fe65c55a00fc34bea8dd8b3
Xe116_grid0,54,116,grid,0,RAN,0,0,1.657,16bc75754c270bea5af767471415c1797f70fc9eb7878a48634160ace6562e1c
Xe116_grid1,54,116,grid,1,RAN,0,0,7.705,fe96640b06f9e716e5992e87a29403f8f805e4f026b75b66065755b25e0c38a9
Xe116_grid2,54,116,grid,2,RAN,0,0,34.462,91ee949e8bac616fa6cd28aa83a57cbc8248d8230a95849fae720b8656164637
Xe118_rminus,54,118,rminus,0,RAN,0,0,2.088,4954315350955867e66e6eb8e7e9d194d5accc5dcfe54c3fe843b9a41503674a
Xe118_grid0,54,118,grid,0,RAN,0,0,1.786,fce73ca151179f3da340c746ded1627fad0ce08cd6158f3948c06c1c89180574
Xe118_grid1,54,118,grid,1,RAN,0,0,7.752,5dc817754f362f5862c02b331cc0ca51725260d1421850d73ee60e806f971126
Xe118_grid2,54,118,grid,2,RAN,0,0,35.552,eaecf5818c825949524ff3f891b10fa34e0e58c339fe134acbde7ddfd357dde4
Xe120_rminus,54,120,rminus,0,RAN,0,0,2.069,5aeb017715da2aefcdd3fdf30a4320b8cf29bc3dcd8b70e284616084291e75d4
Xe120_grid0,54,120,grid,0,RAN,0,0,1.765,a59584138b62998ecc2453010f9341f66983175c8480cb9c2ca238f2ecd92a07
Xe120_grid1,54,120,grid,1,RAN,0,0,7.743,a02589c2caba1327078a9c44a6660c47f1db66937c21d074c582a4f5423157a5
Xe120_grid2,54,120,grid,2,RAN,0,0,32.585,7d40c1f3bbced84001d74201d33e325c9b1db6a8f6dc25ead30a30aa73c2ee68
Xe122_rminus,54,122,rminus,0,RAN,0,0,2.169,f793fe263a98dc5837467842e856968c3f010149e2181c7225aad13e51f90a11
Xe122_grid0,54,122,grid,0,RAN,0,0,1.724,11ee6d9c6e05e5f8081fe40f0ee8ccea60af590038e3369528e4ed093777e4d0
Xe122_grid1,54,122,grid,1,RAN,0,0,8.223,d094d8c6bcf4bcd972bcfdf8b458d7a456d668f47c9d9ed65a9ba4bc46545f0f
Xe122_grid2,54,122,grid,2,RAN,0,0,31.740,f07d946111d8569f335dbf166c8202a11237840aa1c5210d391fe5c232a588f1
Xe124_rminus,54,124,rminus,0,RAN,0,0,2.079,e9ffa8128a942f5fbcc7a1b8a4b620c638194f543c46465affd26d5a19e38754
Xe124_grid0,54,124,grid,0,RAN,0,0,1.805,3e2d53f505c53a4c4429ebbfa040d5e72906cfc9d8f39716f8789489ab27a9aa
Xe124_grid1,54,124,grid,1,RAN,0,0,7.724,07bce9c4507ad662f75d8a83d1f78ef78e6f49307d9eb44ba1924a2e1f3083cc
Xe124_grid2,54,124,grid,2,RAN,0,0,32.984,293d1c689dc06a63c46d6d56e6446e664957166bfa0ec08baffb562e493a7d3a
Xe126_rminus,54,126,rminus,0,RAN,0,0,2.098,9f7e9932f43bdca21b817023ac60c4b52a1165f4b51b5dcc840bab02c1b90740
Xe126_grid0,54,126,grid,0,RAN,0,0,1.779,21c3ad8f5f571e9b015e6d9708730fecdfa81a476a13d920a22002a03ae7f1ff
Xe126_grid1,54,126,grid,1,RAN,0,0,8.254,5571396fe92c37cd4aec8fbabba93449b67fef320c810ada927d21be5534ffc1
Xe126_grid2,54,126,grid,2,RAN,0,0,33.589,23539783261443f55dd15afae1523e6b7b77e8d141814343b0e4c2295d58da02
Xe127_rminus,54,127,rminus,0,RAN,0,0,2.058,b836947a6bfa589639d85d90d57b1afaac6eda20b96fa3e7c90325d484efb701
Xe127_grid0,54,127,grid,0,RAN,0,0,1.672,9c0c304a6f960ee4f90bfebb2f78e38e81472edc75041c5bac63ad0c9adda917
Xe127_grid1,54,127,grid,1,RAN,0,0,7.589,1dffccf8be38419096518431072562b2db888af12ad0eac8c53951d6952965f7
Xe127_grid2,54,127,grid,2,RAN,0,0,31.725,425fbc06267372adec222bd870bb44040e766131dfe97928ecd5c39139d158ae
Xe128_rminus,54,128,rminus,0,RAN,0,0,2.009,ed650637c27d4e29aea73e612ffdaf4f57b27def630314a9f6158a4d716fdea5
Xe128_grid0,54,128,grid,0,RAN,0,0,1.702,241fc83a49c8b1ad1906e184fe2c5c5544e179e2e5c30f03fa46c0b453ad69dd
Xe128_grid1,54,128,grid,1,RAN,0,0,8.471,d51d1214ba70e0fa65059ad3b4f135fcc807611060e872e675e0a56a41b16ef4
Xe128_grid2,54,128,grid,2,RAN,0,0,32.392,fe8497803f6ee44feeabc30af75d651da33740d52e11c8c0cb85086c92e03785
Xe129_rminus,54,129,rminus,0,RAN,0,0,1.953,98a25a23e9b759b3159d46f26cf27acfbb92cfe37d51ae66aeecb46e55ee8279
Xe129_grid0,54,129,grid,0,RAN,0,0,1.861,e57e74de31e956db0f6484a46dbaff264c97ee8c6430caac37b1e64fb0e1f999
Xe129_grid1,54,129,grid,1,RAN,0,0,7.600,94d811dee59f645fb94005996a1de1d496dfe96d15eb52914c5bfa207d1b5c61
Xe129_grid2,54,129,grid,2,RAN,0,0,33.058,4c2afd47d7e1413719ac6e24f0577e8b497a4b3fbfbd94bbba51e4912bdf9de0
Xe130_rminus,54,130,rminus,0,RAN,0,0,1.910,887124a23be47f2a7a8681713e1f13cb69cb54f41398132d0183b20e7cfe7196
Xe130_grid0,54,130,grid,0,RAN,0,0,1.760,0dda9beca07548bd9aeb56acd4a00869ce07df34bb6c7926f85072047cb894f8
Xe130_grid1,54,130,grid,1,RAN,0,0,7.996,02843ae5f75dea3bc8cf6a4dfce211ef50cd2849728a83d14d572c9e39f4e0fe
Xe130_grid2,54,130,grid,2,RAN,0,0,30.789,5651b3a161c29bd4d02675db09642c28d566ef7a53aaf185e39abe591045fbe8
Xe131_rminus,54,131,rminus,0,RAN,0,0,1.864,27ea760368f423d13338828cf07fe73bc363e2b3a9f2af3aaff476aff4596e97
Xe131_grid0,54,131,grid,0,RAN,0,0,1.847,cceeccebf4731163f78ee380d804091d8f28bd30ea4bbef6782361d673466117
Xe131_grid1,54,131,grid,1,RAN,0,0,7.873,80e72836840184161ef0294971a959796d2c3321f64d2a83e39a4b5934d1c047
Xe131_grid2,54,131,grid,2,RAN,0,0,33.968,7128e6fe3e793869df3b36e1228527e2aa3bbd3be4ecdd885eead186101be643
Xe132_rminus,54,132,rminus,0,RAN,0,0,1.778,189c9c568c21bf069832c5c89058970c82c13157c259174f3494b757b6fd27b6
Xe132_grid0,54,132,grid,0,RAN,0,0,1.780,1f80953545d499c9b69665feab1e7bfbd1c9d9389d5903a60130f0e581564497
Xe132_grid1,54,132,grid,1,RAN,0,0,8.443,e02bcc4e323e8b3657aa2d5d3e4865596ab25784a6c142aad35c18a0d0b22aa5
Xe132_grid2,54,132,grid,2,RAN,0,0,32.290,0cb0862efa408e0223da946197a61840261f1c32d825e5b8df0c730a39943b11
Xe133_rminus,54,133,rminus,0,RAN,0,0,1.995,bbae271b9028ae7545d0e8a6e5c47654b36907ddf6f8286157c1c39e728b73bc
Xe133_grid0,54,133,grid,0,RAN,0,0,1.912,79655c66cfd921ebde0186f0ad6f9ebdd0ce14bdebc8be5d61d71649e94d4753
Xe133_grid1,54,133,grid,1,RAN,0,0,7.846,a8f50df8dbb4193d572e9d55ce276401766aa15c8b8a56dad202045a4f0498b4
Xe133_grid2,54,133,grid,2,RAN,0,0,33.165,cf783a0eadef5bda74fb559dbfe6ec85c1c8abdb3dadd66210b39db5144cea0c
Xe134_rminus,54,134,rminus,0,RAN,0,0,1.898,4b744a87029001b9e2c8c0d414349106b1b84a21e017a1f4c9ef5a531f5472ac
Xe134_grid0,54,134,grid,0,RAN,0,0,1.618,812de69e47f13a56c98f26591c43036a84f75178aeb58e41d3a606e95d59b6d0
Xe134_grid1,54,134,grid,1,RAN,0,0,8.197,219e09b6804c1a538cca38803838988c67cbee3ac042b75e6a38110988f71e1f
Xe134_grid2,54,134,grid,2,RAN,0,0,35.857,68d67f15b60c6dd42b2ab9bb18e40882edda238c06057d6fb94a710c91a90c35
Xe136_rminus,54,136,rminus,0,RAN,0,0,2.030,cdf133d18d506207f4faa852566ed27f0a202cbc09abab9f237f686f9699506e
Xe136_grid0,54,136,grid,0,RAN,0,0,1.844,f4147211286a9310430afc8aef140b0e9fdf995823fe94d9360c52b39211f6f6
Xe136_grid1,54,136,grid,1,RAN,0,0,7.729,156ca844a24f6c7cc98ba9a587dd81bc3f5b637f1622a003ec592befdd7fe5c2
Xe136_grid2,54,136,grid,2,RAN,0,0,31.237,47e2730fd475ef89b719da8c999faabde49a2d895189df3635bf8e7310678d2d
Xe137_rminus,54,137,rminus,0,RAN,0,0,1.996,3b866f5915665b1745374f38162c2f542e21d5e3d5b63dae41022392ddde2dfb
Xe137_grid0,54,137,grid,0,RAN,0,0,1.812,a3bd78e828308f208ec3618ef3f994c5af2f76a5c6e60c699a5a4206c9e7de4b
Xe137_grid1,54,137,grid,1,RAN,0,0,8.154,e4d16e87c513b716a681a1cceeabc82a387e1f0e75af0a83847a0a9c3632e5a7
Xe137_grid2,54,137,grid,2,RAN,0,0,31.590,c99dff6d150bd98e0befde8047f78bdd55bf4b5b7856122cfccdfadc41d27d0d
Xe138_rminus,54,138,rminus,0,RAN,0,0,1.957,433228568510fb8d75492982e5e493cad723e0d5d8321f0426bc8184d388490d
Xe138_grid0,54,138,grid,0,RAN,0,0,1.779,376348ec411006f21cd24fa71349301b6be511e469e72d6d2b010b9f8da4ae79
Xe138_grid1,54,138,grid,1,RAN,0,0,7.673,57e67edb528e251f9ab88877802bfe334436ccc03ae3e97e15a95b96ec3a01d2
Xe138_grid2,54,138,grid,2,RAN,0,0,32.801,c40548fe04bbf39436178f9f414eeaf5e2cf9f6e7290f92f2a7cc4568d1d9034
Xe139_rminus,54,139,rminus,0,RAN,0,0,2.019,844a2e87151ee6b0042770a70b4f7572363f7044939ef3c09e040aecf31bb7a8
Xe139_grid0,54,139,grid,0,RAN,0,0,1.821,efa211d1bcdc48aff923a2032cd37c89dce36a3704d551ba746cbc4c92af2d9b
Xe139_grid1,54,139,grid,1,RAN,0,0,7.730,f02aed6081e171e4c30660ae6d58aa75d84d0aa0174acb0b4258bced9ec71732
Xe139_grid2,54,139,grid,2,RAN,0,0,32.541,c3113955f2133dcadd8f791f0282c3f3a04695b38b3ba82f3285baf0e449e62d
Xe140_rminus,54,140,rminus,0,RAN,0,0,2.042,7f5cbbe7d01c388b05665c290889f8bb5ab23818b3dacea79243d3ad45196220
Xe140_grid0,54,140,grid,0,RAN,0,0,1.944,7515067fdfab94afee078b87c81149adf7c0d897348d295a02fa7e49ef50ec89
Xe140_grid1,54,140,grid,1,RAN,0,0,7.736,184783bc96bed7af237de5530e21684ad483a714a0f9d010b6bcaafc479eeb2f
Xe140_grid2,54,140,grid,2,RAN,0,0,31.848,294a91e7e03e5c17f960f05e99bdb569bcbf7ee704903f594c31ec660f9ff582
Xe141_rminus,54,141,rminus,0,RAN,0,0,1.923,7050bd7bbdb8a1834647d94470321dd533edbfdb99b75ce665e5dc6fbf1aae92
Xe141_grid0,54,141,grid,0,RAN,0,0,1.865,a90ac0bc563602077e01915030965c8e079fb2d821687f04472fd753fd02a696
Xe141_grid1,54,141,grid,1,RAN,0,0,8.158,f1bdefc3a36a2083f819b38e35545b1f80dc27f6a0a98365cdb1e141f3fa56df
Xe141_grid2,54,141,grid,2,RAN,0,0,32.328,c90f558458cf32738248a0c34ebc7c351c174fc8a88c4714b70ccebb32b85257
Xe142_rminus,54,142,rminus,0,RAN,0,0,1.948,dd04c6d3c5b4a6e580c2cc65e07c138e917b5af8aeb73376429676e089ed53ef
Xe142_grid0,54,142,grid,0,RAN,0,0,1.813,e079555505f2e2df3439abb329802d10125e283bb6bf3be4b5d15da7e139a2ab
Xe142_grid1,54,142,grid,1,RAN,0,0,7.624,9f90e97fe93ade1ac00b2f1538ce982b5faf64655aeee8447f09ea171d2356df
Xe142_grid2,54,142,grid,2,RAN,0,0,33.020,892da38664bc23ba9149e074a65ec95ca351d00a043c536822b610a89fc4934d
Xe143_rminus,54,143,rminus,0,RAN,0,0,1.906,8f68bea2ab3f0dab07c6a65cfa6d747a506c8723f1f8fd1849dd95107958c009
Xe143_grid0,54,143,grid,0,RAN,0,0,1.834,97d8fffb170c03efde40d10080b8f4fb01078314b6d3d92baf9cf145d4cb9e7e
Xe143_grid1,54,143,grid,1,RAN,0,0,8.168,62abf3883937c940abb75f5f4ef70835ce3e6bf66e7dadca7d8914800b9ec26e
Xe143_grid2,54,143,grid,2,RAN,0,0,31.308,631d9d56de75285139f2167088bf1157069ac51d2998d75c77b10c371d40b6a4
Xe144_rminus,54,144,rminus,0,RAN,0,0,1.892,a2bd66a808e1946cf8b062f24aab1181e32f289cb002728d9e3c836f391bf31d
Xe144_grid0,54,144,grid,0,RAN,0,0,1.787,e63496954856b2494d09a266ed12352ff4bd74e04d96ca33d1f8d31f09a2ad65
Xe144_grid1,54,144,grid,1,RAN,0,0,7.703,50ae21a9261040928a57e13ff8276af9ad98107f61d9638a6f6e74d37f717605
Xe144_grid2,54,144,grid,2,RAN,0,0,34.551,ad23159229172c9bbdade7deb3c902d69bee18bee684ff7fe39aaf13244fbe53
Xe146_rminus,54,146,rminus,0,RAN,0,0,1.848,2d1b159558ac20024daecde852895481b8cd5493d8fcf1b5284b732485cee5e8
Xe146_grid0,54,146,grid,0,RAN,0,0,1.969,b26761fb0bdfdcce9433cb58e0e214e12b39488acadf916b5c905c96f3fa275e
Xe146_grid1,54,146,grid,1,RAN,0,0,8.386,8623f5a1a53f27410312766f230ed9ae1c4058c6270604dd3117e8d19bf9f46e
Xe146_grid2,54,146,grid,2,RAN,0,0,33.285,f140d26d5bfd45cf38f3a38e543e7dcca053d4b440ab73e61f3b4416b620feec
Cs118_rminus,55,118,rminus,0,RAN,0,0,1.958,16da2c21c0a7aaabe6b307045292417a932f6aca400ce3600a2685da9fe758ea
Cs118_grid0,55,118,grid,0,RAN,0,0,1.998,be1da9c6435cebe6a383add8f7a9dfd44bd6b1bd0c19c551d3fea4fa6a02033c
Cs118_grid1,55,118,grid,1,RAN,0,0,7.574,f7f5960490801365c1c901048f61105317f8b010e7a478bbbc75180be54d53ee
Cs118_grid2,55,118,grid,2,RAN,0,0,33.220,c53e677eb7c43ace1791fe79ed47be6d53397654d26cf2e216ba16fed8974993
Cs119_rminus,55,119,rminus,0,RAN,0,0,1.976,68af2eebf9ead672f94d5d527635824f45ffde46961bac8fb18073305ca25214
Cs119_grid0,55,119,grid,0,RAN,0,0,1.944,50e925fae9d6af683ccf9d8448ca9a4eeef752dfe9da9fde4a01b98ce60ee670
Cs119_grid1,55,119,grid,1,RAN,0,0,7.284,84d6faa84b3903a069c0c94f5958c8f89c72dd5dc25b8f9d4bb424f0ad0b9595
Cs119_grid2,55,119,grid,2,RAN,0,0,32.859,57f82a68a6ca6e4afe6a0f9cb186dce5a1ae6ad1c192ff795653d525a7a56342
Cs120_rminus,55,120,rminus,0,RAN,0,0,1.870,22df854a298ad6e66d3b8838f83056b1460aaf01ad50a693196aa8bb4ddedebf
Cs120_grid0,55,120,grid,0,RAN,0,0,1.916,3cefde84c272a225488a176d34fd3a07647fccd9202289250ba4c66935ed9d15
Cs120_grid1,55,120,grid,1,RAN,0,0,7.818,f1e4cb1ffbbb6a1189f7592a4bf4d9c52a06ce2ce6350f428d7d490574ed049c
Cs120_grid2,55,120,grid,2,RAN,0,0,32.727,e6f7a205cfd959d9820dcffddd225b7797034373ff95f62d2ae8664f99ddab25
Cs121_rminus,55,121,rminus,0,RAN,0,0,1.833,1e1eb28970f87a72abeb8de373bfb2b90814f5e0f380491d24fc31cb3b04c81f
Cs121_grid0,55,121,grid,0,RAN,0,0,1.891,a0f3eb821d0030c3fdde3d8b3b75fbb6e558b64e686210a2faf64e382d635e8e
Cs121_grid1,55,121,grid,1,RAN,0,0,7.746,1d17acbee23f4ef1a0c563fc286b5c7fa37641a314336ff6e6b17fe7cf6b5def
Cs121_grid2,55,121,grid,2,RAN,0,0,36.407,0a0fa441e8289a0f043bc7e366f1decd1394e9da7c0fa90c53a41fd9332dcce2
Cs122_rminus,55,122,rminus,0,RAN,0,0,1.895,454c390aabd6401cf1d704b045eb4e133072693aabd9d5afa97b7232e46c6e2b
Cs122_grid0,55,122,grid,0,RAN,0,0,1.709,6a2357de2a8e45090495443994f59f0669eeb97debe9aaf41fab0a8c4edd1d5e
Cs122_grid1,55,122,grid,1,RAN,0,0,7.861,632db86b05e4cdeb32f0e941c5295d67f67dac11a872d57fddd8d76e28a80bbf
Cs122_grid2,55,122,grid,2,RAN,0,0,34.859,a9c330a51409e7a48486ae79ab449784227d4ff1e2df227bd961aeb919980c91
Cs123_rminus,55,123,rminus,0,RAN,0,0,1.862,0bfd17c9ef4d79090944610a5c644993cce3e425b2b9168a39d81554060ad922
Cs123_grid0,55,123,grid,0,RAN,0,0,1.943,fd5797302097188b77bfa464360ba877af469766d8589e93803024b831688f20
Cs123_grid1,55,123,grid,1,RAN,0,0,7.818,598c91430fcab1ed5993dd52d5926f6e88e66f99ecf83202143f6861aaed03ec
Cs123_grid2,55,123,grid,2,RAN,0,0,32.384,299099676169d7e1bd2609eccae3dbf1cbdc8929ccb62ca60f74e43c3a4682cd
Cs124_rminus,55,124,rminus,0,RAN,0,0,1.861,d62dcdcac8b4134253bf878feb3c50adb8fa9ee3186ab372c548c90b4f8069f2
Cs124_grid0,55,124,grid,0,RAN,0,0,1.797,0601791f138ee17d13212270dc510f2d528d92e4e7531f1d8464e72d088304e4
Cs124_grid1,55,124,grid,1,RAN,0,0,7.987,36cffef32b5d628a3a2d71fbd2d661102292a0ae7dcb0cd597be55866a42af20
Cs124_grid2,55,124,grid,2,RAN,0,0,33.306,11241f5df98194095e7284b9866125c10a5f17cb530f1e8af2ff636d11f0da2b
Cs125_rminus,55,125,rminus,0,RAN,0,0,1.839,9c5a8605d5d8b13bc55609a81fb025cf11bb6002ec1bed95f52e7d348e979f95
Cs125_grid0,55,125,grid,0,RAN,0,0,2.036,e3028cb5096bba8d568c013f073122a17548dd9cf9c1348b3e5069a8e9026aef
Cs125_grid1,55,125,grid,1,RAN,0,0,7.616,a8ddc7dc69e00fdf104f13e452d517a7c9ebe08f169c5d6e1cc05f557544b4f5
Cs125_grid2,55,125,grid,2,RAN,0,0,35.833,d455ccb0384de467f492defe0364288d73277da5e0625432ef7f0fea94ad37f3
Cs126_rminus,55,126,rminus,0,RAN,0,0,1.902,c4f67699ff460e845b0a9e5101dedb31cbc5b274ed4211465f61b4d4461a3b2d
Cs126_grid0,55,126,grid,0,RAN,0,0,1.890,654b272565231a6fd79e9ccb9ce20c143caf6a8d0a305f0a7e8049ea7ed192e0
Cs126_grid1,55,126,grid,1,RAN,0,0,7.955,46d4fd32c90dd525c356b4abc5bb1e9ef54e0dfcdbb6e972dffd2263b3c36f51
Cs126_grid2,55,126,grid,2,RAN,0,0,33.510,e87b0eac7449046591312e897fceaa1986d7881ed623a8282a225783af90cd80
Cs127_rminus,55,127,rminus,0,RAN,0,0,1.880,48dd6c0d0755716b8f3ad8a63f2149d98e444edfc0178094dd19dc94df55cc85
Cs127_grid0,55,127,grid,0,RAN,0,0,1.884,4ab0773b50fb8e0a2c186282f4ea8f70349bcfa27b4006fd16300b518a3b3228
Cs127_grid1,55,127,grid,1,RAN,0,0,7.681,6b5e46e3468acc25da80cced74e1c6e8b3d9e0806c89c6146514ae837d09203d
Cs127_grid2,55,127,grid,2,RAN,0,0,32.968,5bc9b80a0469005f9376a0d55c258c8592903d71d7abfe3fa1ced0d035509cf1
Cs128_rminus,55,128,rminus,0,RAN,0,0,1.841,bacef6e6f061d0149724dd716300327c9b527c7ca46eaebe887aaad25cb287e5
Cs128_grid0,55,128,grid,0,RAN,0,0,1.865,16ac516a99a894032bcd0db6844956abe7345e7488f56f10fcf9657de7e7b673
Cs128_grid1,55,128,grid,1,RAN,0,0,7.842,c5fb525a4c4bd3322da3aad52534f1a4617344728e95017db5de757b7ad4cdde
Cs128_grid2,55,128,grid,2,RAN,0,0,32.083,b2fa228127155d1aab13aa98a4257be5baa0640ecd074f9d70b499044ca94e95
Cs129_rminus,55,129,rminus,0,RAN,0,0,1.930,cd7e9e9c97c424b2c05648c25faf1c73723d2a828616e73ce8c00420ad2a74c4
Cs129_grid0,55,129,grid,0,RAN,0,0,1.817,be7a85ce151f1c72c2c29576df898bf0a51eb22e44f50d1fd873e5f1de7f6569
Cs129_grid1,55,129,grid,1,RAN,0,0,7.593,75a3dfcad7cca900e676110a0440c2beedc1e4e63b8c923180774a19f0726096
Cs129_grid2,55,129,grid,2,RAN,0,0,32.616,67ad0c24fb7a49f4acd12a921dae7129937e5c587962a3b952a0468194905bf0
Cs130_rminus,55,130,rminus,0,RAN,0,0,1.943,5eabe58df302ac71075599a2c97aec3b8f5aedad4a8fcbd9253bbc5dc0cdc9c8
Cs130_grid0,55,130,grid,0,RAN,0,0,1.883,45f255022e5eaa4c02088e407ac599c9c45514e1d418e8c2680660d3f1fba8f8
Cs130_grid1,55,130,grid,1,RAN,0,0,7.868,a229356112b984252aa54b76eb49c8a0b4b88812a8578345666d68d0528ff75b
Cs130_grid2,55,130,grid,2,RAN,0,0,33.295,1f22d20f65372aa1193cf79654843eea27d2f69b464b6a05d9a1153c782faffd
Cs131_rminus,55,131,rminus,0,RAN,0,0,1.815,3949ef7f37631a2e52d12803bab46e0922b842a23471f2e9a2918e746cc2f7d2
Cs131_grid0,55,131,grid,0,RAN,0,0,1.852,1551e3a32c70004d959d7d2d72b7ead8afca2a6b230143a91c9e6b6b6f8df83c
Cs131_grid1,55,131,grid,1,RAN,0,0,8.211,740be925bd0d6db09f7e2bfc63e5a6304336ac44329075c9f7cd85e023b1a41e
Cs131_grid2,55,131,grid,2,RAN,0,0,34.343,83626343372b90409dc1694122e8542ee61ea06e0e7bd73295536c2956b950e9
Cs132_rminus,55,132,rminus,0,RAN,0,0,1.810,f0cec13c791246494a31552a71bd54b6475d8b1b0bcf8808e2b60907f0882971
Cs132_grid0,55,132,grid,0,RAN,0,0,1.850,84ff42872cafd96a6ea79d76e73e6e37a5af1e8fbca2dbd983ddce6b4b11b564
Cs132_grid1,55,132,grid,1,RAN,0,0,7.881,6798d158f5feea702d8df8ff061f20bf4d1e8e5394be94c2cd2a688bcab0486e
Cs132_grid2,55,132,grid,2,RAN,0,0,31.532,c86779d2868952326c30247f614ff819b81d10e14d09c37f2510cd89a25b1748
Cs133_rminus,55,133,rminus,0,RAN,0,0,1.941,45e71322b44fb6c6f510dc441d115e8c2bbf0de6585981689b66d4752898f96d
Cs133_grid0,55,133,grid,0,RAN,0,0,1.913,b3cd7dd15b4d638b7b54462b72ce180d0b420b26aebe05c86eba25050cafa658
Cs133_grid1,55,133,grid,1,RAN,0,0,7.752,4de181b9a568a7d5c98770e94bdff5ad8c25666c955b35d1acae33d606421c4e
Cs133_grid2,55,133,grid,2,RAN,0,0,36.385,1db07cb0ab22c02d7e50b74aee1c88ec459ef45c02ac6f87529d2bb5916f2c0c
Cs134_rminus,55,134,rminus,0,RAN,0,0,1.866,aa7cdfb57f3780ccc8daf222153d37b6dc98c58a2b6f3c28904b6aa980b54c57
Cs134_grid0,55,134,grid,0,RAN,0,0,1.877,6e49cc61391c5cc8a972664e6fd037e328875f1df16bdb86b58809717bf89e90
Cs134_grid1,55,134,grid,1,RAN,0,0,7.538,7160b16836c1dd6fb82da5b34131d63e959f261057ea752a2ab141804c0ccfb7
Cs134_grid2,55,134,grid,2,RAN,0,0,34.603,2eb37bd2532edea1edcafd1bf5d0ebe661a3977174b11384b029d4c861cb63e3
Cs135_rminus,55,135,rminus,0,RAN,0,0,1.971,0f339fe3183a7036eba8fee7163c062a66b99beec6bd581926f351aa9330c68e
Cs135_grid0,55,135,grid,0,RAN,0,0,1.864,fa60597771a1ae2accc8815ccf4ff0f7d40f703d8abd9de9d6f23be019dc5b62
Cs135_grid1,55,135,grid,1,RAN,0,0,8.254,1f1e1405f59500316a6d170ea39d6902448850a0b0492c4eda172ed86b14b55b
Cs135_grid2,55,135,grid,2,RAN,0,0,32.772,c8e5f9f1e91a1ce8832de1d0c4d5589beefd0ff913ca375b7ac52da011d6b162
Cs136_rminus,55,136,rminus,0,RAN,0,0,1.913,4b94b3b961f57bd324d41d44b43029a7422804279c16ee4746507c27c7c44e90
Cs136_grid0,55,136,grid,0,RAN,0,0,1.851,71b95b47ab9982b1b0145b6cd9ea5ef48a4a10d65c4b3092a0e97d0df12410c2
Cs136_grid1,55,136,grid,1,RAN,0,0,7.562,a6389a925b9c6386436b54a5de32213255de666a9b4d9ffef3641014abfe5b46
Cs136_grid2,55,136,grid,2,RAN,0,0,33.215,87a25a9ca49129ac50a8b56fa76fd164e44e93319f3fff6f4c17647e19ba71ee
Cs137_rminus,55,137,rminus,0,RAN,0,0,1.950,eee6ffe47106a5e2d4043dad63e836ebd03187db2f5bcaffa741b8ca5ab8071b
Cs137_grid0,55,137,grid,0,RAN,0,0,1.952,96ae9acbb7bd76d7e24e61d6c3f50eeb7875e1b473cf7576720591145e7ea605
Cs137_grid1,55,137,grid,1,RAN,0,0,7.940,afa5eb20d30200446313999030661a61af9d50ff375e8d59291862bbe77ae06a
Cs137_grid2,55,137,grid,2,RAN,0,0,34.550,1c5d72690522610ebf6e28eca11bf548d8c8b9fcd60d9d1ad078c730c733372a
Cs138_rminus,55,138,rminus,0,RAN,0,0,1.968,df5fa8972bc8e5d93a4e9389d31a4c5e763e25b7231703bef903494f004dfcbe
Cs138_grid0,55,138,grid,0,RAN,0,0,1.965,21d81bc9da5129c3e0bf8aeb23c23501ea5cdeb6f6621159b4f0299f483b3b08
Cs138_grid1,55,138,grid,1,RAN,0,0,7.661,acc26d44f578cb7f991f7c411f5e9665c8d0914a1bbea0728081937e705b8951
Cs138_grid2,55,138,grid,2,RAN,0,0,32.628,59bc2b8584555050f6b672d94f534644b327bac2fae8ebb4ca29bffcfb8acfad
Cs139_rminus,55,139,rminus,0,RAN,0,0,2.007,9188992af5aa4565f2c8d78faa4c537cbf4dbfd232250533585427eba9af2fa3
Cs139_grid0,55,139,grid,0,RAN,0,0,1.861,fa8d38800d0d97780b2dfb50fa9d74bca75cfbe2f504fabacea2ce2378c4785f
Cs139_grid1,55,139,grid,1,RAN,0,0,8.193,1448eee8a5096d2475aaab34f531c37c4bba66b2515804adeff35be0a8a6156e
Cs139_grid2,55,139,grid,2,RAN,0,0,33.360,5292544de8c1ee2a49223249d6f9fdfaa248dd0edae3d60c47e752cee91bc8b4
Cs140_rminus,55,140,rminus,0,RAN,0,0,1.898,54bd77ccd9913aceebba0d41e6f14e20ca3398b21bd8d4cf3c6cf289d72d06ab
Cs140_grid0,55,140,grid,0,RAN,0,0,1.900,48bf7e7bf97f6ac9f88c025a8758b7a5b282306b7daf568df18179b1e350d87b
Cs140_grid1,55,140,grid,1,RAN,0,0,7.824,db563c4c8970423148a0a4a2044fe363fe0815e33760a30ba8157f2323bd5317
Cs140_grid2,55,140,grid,2,RAN,0,0,33.179,4d36cbc1ae1d2932590643e0f0784b677b94befc0d6eb7285e143224d13008e1
Cs141_rminus,55,141,rminus,0,RAN,0,0,2.011,9738b4aa9e91f50aa75e6f1df472f5f308991df215b56717751d7ffbebfea67c
Cs141_grid0,55,141,grid,0,RAN,0,0,1.873,e102aae0cc965eea633ffa01c994b22413cd33c231ac9ec24f52c471773a3cd6
Cs141_grid1,55,141,grid,1,RAN,0,0,7.917,5947d8a6666239701d2b8eab9917ba38baebf933c11407c97ec848656fbdc511
Cs141_grid2,55,141,grid,2,RAN,0,0,32.242,62e48e645f88477652d8e18cdda78a94e5c15e6f414df15cfd2071232b27a58e
Cs142_rminus,55,142,rminus,0,RAN,0,0,1.970,b840fd18124440eaaf167bb3b4fc1f4b8c72f485a2241fc43946e720d33f7412
Cs142_grid0,55,142,grid,0,RAN,0,0,2.004,01fc225837644dfe67d73bb6652fcc2a40e62d72f4561f0155c17ed8693477d1
Cs142_grid1,55,142,grid,1,RAN,0,0,7.511,a01177eb110df4ecb1c6cfaea5a79586547a4bdfb0b42e5ffa74df83f425a469
Cs142_grid2,55,142,grid,2,RAN,0,0,32.217,a238dc9adf8828fd14986cfe7e08c46a3b454f5cb0806350fc10e659f06b8283
Cs143_rminus,55,143,rminus,0,RAN,0,0,2.025,f21350d1eac935882bf3cd6868a0e7e27ef6cdf7001047433666b110adc6f1d5
Cs143_grid0,55,143,grid,0,RAN,0,0,1.971,40d84b0866ef1c56cab7ed685aad5283e0168d10c8bc92ec857816334774507e
Cs143_grid1,55,143,grid,1,RAN,0,0,8.177,0a8823c2e5c0e114cd1a3f85eb6ac46d1d83b6df056848465b564eaf76d5cec3
Cs143_grid2,55,143,grid,2,RAN,0,0,33.928,f16a6848d86c495e36a243266bfc6f14493a6afbeacbe26e6bd0af2d0f68333a
Cs144_rminus,55,144,rminus,0,RAN,0,0,1.977,818fb4f0948a1f9164ae8b392d3b4d87f67728256710ccd045a5552736eaf813
Cs144_grid0,55,144,grid,0,RAN,0,0,1.967,59de093a69e303b7d77fd68ad04c93e7d79fe692e3c454aa3b9124b0578f01ac
Cs144_grid1,55,144,grid,1,RAN,0,0,7.546,01081d8a00af5759a23e3232ac903336166797d6ca42d6b451de3d6d0e58c2e2
Cs144_grid2,55,144,grid,2,RAN,0,0,31.553,0fcef429173a39ae9cc5f31eb6e5117e0e97a7355ffcce9d4a4cd3929b45a019
Cs145_rminus,55,145,rminus,0,RAN,0,0,1.884,9f71ab69ce42ade1bccdebce3f16be7c20077ff62f5bf5da6e45a6d3054577ba
Cs145_grid0,55,145,grid,0,RAN,0,0,1.924,8fd7ce3b4204b335a88557cd578aa50d701bb98100f95b7db57c3979a2a144e9
Cs145_grid1,55,145,grid,1,RAN,0,0,7.822,491e8b848de44628b2f1ab788b3100e6f94b5a7cab7da4b70884bea2ef8d48a7
Cs145_grid2,55,145,grid,2,RAN,0,0,34.152,d31d7a343d7b78494e7244e007454244780e4af3b2f09c2d7ce535f5bc32d995
Cs146_rminus,55,146,rminus,0,RAN,0,0,1.915,409a7d24077f6f566c59c236e4ee7d53f412a0fb7c284bab2dd1e21c72388aff
Cs146_grid0,55,146,grid,0,RAN,0,0,1.922,67da62ed29d31bf2ad276e53acb319a354dc306550ce655a3e71a13bfddde027
Cs146_grid1,55,146,grid,1,RAN,0,0,7.540,e3313b593d7d333742a2d85fe89bc54582e88a306e3be84a54a1f88258d9250f
Cs146_grid2,55,146,grid,2,RAN,0,0,34.085,f3e4552ac727aa22fdbc63b6b3219e1bfe0a46a18acb96a36d8341bf35029e55
Ba120_rminus,56,120,rminus,0,RAN,0,0,1.854,93dbacf983404f591498188a7a9fcd922a4d97f4fca35896a5ca0d4714f6724c
Ba120_grid0,56,120,grid,0,RAN,0,0,1.855,5c30b60307a4c9ee557e4128b5705372a5b70e04664473297dc9a86e5a7e0f54
Ba120_grid1,56,120,grid,1,RAN,0,0,7.443,b40f7f1b7adb414280400ca6109858df9831e946f2b165c9178cc1e7ba0ddf80
Ba120_grid2,56,120,grid,2,RAN,0,0,32.231,f2f8ccb6dba24f2d4e1a67c2d24a7df82a7599a16911ab4f6606253ff58f4a06
Ba121_rminus,56,121,rminus,0,RAN,0,0,2.049,8879d9a31d4ec9af0a6b78d89ccb65ea56c185cbb06d282615d1b68741e4aa0b
Ba121_grid0,56,121,grid,0,RAN,0,0,1.899,b3dac14e836a532e8eb7b36d2ef9c5554d58c29e1512ecf90023db4c19c9ee66
Ba121_grid1,56,121,grid,1,RAN,0,0,7.743,9ef3dc56b9bfbc23d5230108cd596273426c3ac8345dc11b8cb9dfaeffd20252
Ba121_grid2,56,121,grid,2,RAN,0,0,33.432,3b9f2be861a64817b8992f24928b009544073858777dd85dbeb0ec323aea86ff
Ba122_rminus,56,122,rminus,0,RAN,0,0,1.813,6c6419c9aa72c1f252fb2ed80603332b9fb6dc62884b62a07c0c1b51f2166c82
Ba122_grid0,56,122,grid,0,RAN,0,0,1.912,e608bdd77634e8e8a292beab21cab94da02dc0c92c496ef93548aa42a09f594f
Ba122_grid1,56,122,grid,1,RAN,0,0,7.715,143356bff018d66e9422442085c76c9ffb5a7f245a360e5eba4e5e7c3c69c10e
Ba122_grid2,56,122,grid,2,RAN,0,0,34.014,e356d1bfe028102b7330b1a5066e68b2a8db9630d28d907110378f3ec9be111f
Ba123_rminus,56,123,rminus,0,RAN,0,0,2.013,8d5e2012504c81bf2ef379c9ac0d54f0fe7e4c4176f1dbb90e1df7d8331dd12d
Ba123_grid0,56,123,grid,0,RAN,0,0,1.926,8a7c14f5a68de9f0c6af332c30e638527b251f999930a3384799441a80a0abde
Ba123_grid1,56,123,grid,1,RAN,0,0,7.620,1f6afde60b10c9ac8e1ecdd2b3cdcb477fe0e2e145439da79d2e5e957512be24
Ba123_grid2,56,123,grid,2,RAN,0,0,33.904,25ad69c9c4063d29444d6c32e42b520e86f44eeaf15daaa30939f54349935945
Ba124_rminus,56,124,rminus,0,RAN,0,0,1.804,ab0c57d4de726e42b4135efb61428ab887d9d01c5023c1ea9d9627f0367fe4ce
Ba124_grid0,56,124,grid,0,RAN,0,0,1.828,3585195c720101f354b4854b81fbeb0c3f64ddfb4ca29c6db695bf27ca01bb44
Ba124_grid1,56,124,grid,1,RAN,0,0,7.833,2cefeacb02b1802d5d5e28c00ef8c80fc09617ac158ab21ac41f1c1224649d4e
Ba124_grid2,56,124,grid,2,RAN,0,0,31.660,fe2fa04d3699b1fd4a70285fdf67a82ca07dfeb3cf8af991358bf75346fa508a
Ba125_rminus,56,125,rminus,0,RAN,0,0,1.949,476979efa485edc0d0f0aa9bae557543de22d9bcc08eadc42d412b00755f2bcb
Ba125_grid0,56,125,grid,0,RAN,0,0,1.913,21ba2617e5ad9a5a24707aa051bbce645d0e420be7db6032ce4c448d6525859e
Ba125_grid1,56,125,grid,1,RAN,0,0,8.211,fa29e657a8803aceaf297d234ac631e3bef2cdd2e95504527cd46265e12793b8
Ba125_grid2,56,125,grid,2,RAN,0,0,33.923,3c016ba702b937f70433c7dfafadbe40e7dd2ee93937c2cccd6daa6a26f82d7c
Ba126_rminus,56,126,rminus,0,RAN,0,0,1.821,f090aae835ac43ea9e04cfeccc8802c5ab57314ae5f164caa1c7d74ab80d5098
Ba126_grid0,56,126,grid,0,RAN,0,0,1.842,2b0d9892d37b5939134a2b0a725f2920667363a22e077c73b10d3b95c6cc8930
Ba126_grid1,56,126,grid,1,RAN,0,0,7.751,2093f4e4b0782300e84984b740f5d5b5ade5001904b0f16e631d6312ca02fbce
Ba126_grid2,56,126,grid,2,RAN,0,0,33.153,5d686e7586330246605d030df8030d7850471db59b739affdfabd06c464c95ec
Ba127_rminus,56,127,rminus,0,RAN,0,0,1.858,d8306e59a970b41cb79c6c6927d83134280a3ab2adcbd01841f10da05661d419
Ba127_grid0,56,127,grid,0,RAN,0,0,1.989,f2aa23162bca58ab776fdab5dd5088781d03289fdd6326f2abe21b8866124327
Ba127_grid1,56,127,grid,1,RAN,0,0,7.574,44434fe9fd114ae19ed1be4a2d017ef5683cc5445112eca04642d5aca5b5e8d2
Ba127_grid2,56,127,grid,2,RAN,0,0,36.184,1d297feb1260bf50b9259bb96b125fcb1038c10125b8220cd90bff1dfeaefb1e
Ba128_rminus,56,128,rminus,0,RAN,0,0,1.907,b12b75f46f4cbb3288b1170b4f8690687d62ac7c5020964b89c334b3491c9e64
Ba128_grid0,56,128,grid,0,RAN,0,0,1.826,7c775d0ce3fdca9f76267f763cba2e30b6e6629d33d23bca78e9dd41f4c423e0
Ba128_grid1,56,128,grid,1,RAN,0,0,7.591,059b3a38975f6d38b15a351eee48033d39d0c5c6264bcc58dcd570178e84f033
Ba128_grid2,56,128,grid,2,RAN,0,0,33.996,a71d41ab590e5b397ec90168a09f7a3f380dac5d87352546a25f2e59d8c029f4
Ba129_rminus,56,129,rminus,0,RAN,0,0,1.956,817d6acbf96c2e58ad3915ba3fa3c8059fba05bf8197ca76fb80f2cea731c398
Ba129_grid0,56,129,grid,0,RAN,0,0,1.902,ba21fbab92fa6cde8cd1b759750877a33390861f39c3b7e97cc9e7926474b06b
Ba129_grid1,56,129,grid,1,RAN,0,0,7.912,691709cbf7c9092a24fa90bc364d4e98325c4cf2adbf5ecd5727bef4fde832d3
Ba129_grid2,56,129,grid,2,RAN,0,0,35.845,43918b7dfb031dfc2fbc864db810600bca311a6c9d512b820183593a06b0ecd7
Ba130_rminus,56,130,rminus,0,RAN,0,0,1.783,a8dc633eafc1b06d42b1ea340a7ada7ac160ff546142e961987ba50dca4b818a
Ba130_grid0,56,130,grid,0,RAN,0,0,1.817,d4751e8f5998339e5925a49533b79360cf0430fa77b42b98dfef3edbc3148da6
Ba130_grid1,56,130,grid,1,RAN,0,0,7.847,3827805f879c48cb38ff3ec2af4632360109aaf19426ebb50759a51d168fd896
Ba130_grid2,56,130,grid,2,RAN,0,0,33.870,6d2bd067c408438a7e0fe9ae0023171a16a6c077843451a884cbd611d957bcca
Ba131_rminus,56,131,rminus,0,RAN,0,0,1.834,e7870143684ad407d6a7daeb081c089a9fd894b0120e9a64a32cd5161697f1c4
Ba131_grid0,56,131,grid,0,RAN,0,0,1.991,fb5675c2d7e43c4288b28e01213c492a887ec8db2cc111241e1fc3615595b067
Ba131_grid1,56,131,grid,1,RAN,0,0,7.419,dff73c1c09d39616c466b87bf2599d429b90a2c1127c08f1be27fb52a9038901
Ba131_grid2,56,131,grid,2,RAN,0,0,35.375,55070c30553b5596f2c282c483808739add31968c2280d6ab750bdaf960f7474
Ba132_rminus,56,132,rminus,0,RAN,0,0,1.836,86d02bc6119647747292bbdb39448cd54edb82c7cd9c6b244e2e552f0259b04d
Ba132_grid0,56,132,grid,0,RAN,0,0,2.038,9821a8a3693a1b0fcc058a109246aabe681ae122ef522c44f16d5c3e875bea49
Ba132_grid1,56,132,grid,1,RAN,0,0,7.626,eecd28b6df130b2271c8a6bbea2fd519d39f77789bbc7607ed151ebe1887cd48
Ba132_grid2,56,132,grid,2,RAN,0,0,32.211,242a2423c7c199d4bf303313836e46d1fbbffae445de61ffdcabb67a9a9625bd
Ba133_rminus,56,133,rminus,0,RAN,0,0,1.810,08a2ba8b02440799484b0d6d6d26e063856595d2f424a67f2bb3c6ef123b21bc
Ba133_grid0,56,133,grid,0,RAN,0,0,2.115,1779ee54aca866a9ea6ec5aed5eec9d1277b1b5dcb717115b19e75d248b54b3e
Ba133_grid1,56,133,grid,1,RAN,0,0,8.071,48c159ee29421bba970a5ef7f3b729c8e7d5fa0d7a59f413899200e04abe4b30
Ba133_grid2,56,133,grid,2,RAN,0,0,33.837,79d81d01f1cabcc4f2f92608810ab15672553c8141ce864f152f891d42cce99a
Ba134_rminus,56,134,rminus,0,RAN,0,0,1.903,a2210fc6c68079b69eb8d072b37deb21d8c47598cbe7e24954d77ce0deb0b696
Ba134_grid0,56,134,grid,0,RAN,0,0,2.050,2086327f28b2901758923bb95681a173d27f63a50b9725cecf2fff543ea4f169
Ba134_grid1,56,134,grid,1,RAN,0,0,7.918,134c1147bcee4801fe8377142b3e3668239ee236e500e3164a78cbab0c96aea7
Ba134_grid2,56,134,grid,2,RAN,0,0,34.509,622668f31d756fcbd04ce51ea02323a0f9de264ac57d3f7f997fda95b1427aa3
Ba135_rminus,56,135,rminus,0,RAN,0,0,1.965,f1bf53084cfc9ebafbb9f8695e84c6cea2a32881c8056f798e5ee245d0c81b0a
Ba135_grid0,56,135,grid,0,RAN,0,0,2.019,362aa80cfc50d9028ff2216ea9c272724e50b28650c196695e133b3a9e7bca71
Ba135_grid1,56,135,grid,1,RAN,0,0,7.432,75e6543cbc1899aa077076ba4bd4c4f4965d6ee8529045c4feca09eb9b1e8ef7
Ba135_grid2,56,135,grid,2,RAN,0,0,33.165,83e8c2ea89c6812636e14b573de4645fcdf587600f4c991873402f07342438f0
Ba136_rminus,56,136,rminus,0,RAN,0,0,1.951,6e633d017a46397c4caee01d8feb8e18ac89b45a53ecff30b7207fb9426ceea5
Ba136_grid0,56,136,grid,0,RAN,0,0,2.059,fd6b53e381fd1ba834ea59d2404eed60600d139850ca9549fc24538e2b2d363c
Ba136_grid1,56,136,grid,1,RAN,0,0,7.438,d494931c669fbacf7160cb83d75bea49e2b8360b3ca79e174eca669b722aa35b
Ba136_grid2,56,136,grid,2,RAN,0,0,31.565,56e0be99561c4834f9ef7528add6de1d264015b69329f77ef21ae79a2bcc9156
Ba137_rminus,56,137,rminus,0,RAN,0,0,1.781,7420253da80692a6430385fffd9abf507828c8f85f7f9062b1cdcdaca5507a44
Ba137_grid0,56,137,grid,0,RAN,0,0,2.026,621a42f738d2c7ecc5d19d63881b7bccabbba465d3eae49bd3141cdecd837b43
Ba137_grid1,56,137,grid,1,RAN,0,0,8.153,23757af4eeefc734c2bf0a92e58488a37a01c6d2278d332035580b28700039d9
Ba137_grid2,56,137,grid,2,RAN,0,0,34.060,ab00747f19084ad233fa9ee93432a84f6dc73de2842af54c204a7e5da510b9c3
Ba138_rminus,56,138,rminus,0,RAN,0,0,1.868,792f6d1f5b498afa43a6100abae0bf9f13b5ec1812db33a88dfe1e68e73ee53c
Ba138_grid0,56,138,grid,0,RAN,0,0,2.036,71a19fc9095363b4c4f5d26f4ead217820dd0cede5a4122fa26e361292a364aa
Ba138_grid1,56,138,grid,1,RAN,0,0,7.790,9d7d6eb6e40ecef65e263f484b9e44d5402e24f91f31bed96523892e403efc9f
Ba138_grid2,56,138,grid,2,RAN,0,0,32.357,289d2ddf0a2f58ad30a23f362feeaea527913e6eb2ac2bff7f70c703fd0a4cd9
Ba139_rminus,56,139,rminus,0,RAN,0,0,1.824,4e8d377a51df3b853e9b232d22c145e072dc47a8ec5c1ce2e0cd4365e5f2d710
Ba139_grid0,56,139,grid,0,RAN,0,0,1.966,a0e9404d78b49715fdc0dfca6e1a880a32d0f31ce7706d410784b93b974a5d94
Ba139_grid1,56,139,grid,1,RAN,0,0,7.657,0a1af77f229e2388940be795767d81224aab0c56fc080ab70c1c97b4f7083609
Ba139_grid2,56,139,grid,2,RAN,0,0,36.032,14c368d7826063464adde625943ca47362f329aa099bf255ebfc17b2d4035478
Ba140_rminus,56,140,rminus,0,RAN,0,0,1.779,a25c56f10ceea4c9a0b22a1776666134aa2d07ad60dcee903f7485daf73373d2
Ba140_grid0,56,140,grid,0,RAN,0,0,2.070,0f5e6c87fb6e1abc038133ab50598ed0d847a835ced96a9aed667362922c5418
Ba140_grid1,56,140,grid,1,RAN,0,0,7.732,8f1103134e8e9d2bda98cd611fa36ce0c0eb7c63e9e748c652fd95069717f82e
Ba140_grid2,56,140,grid,2,RAN,0,0,34.156,2cbabdfc1525821f6e11c1fd47b22ae2cfe15ed9683409c3f424a882ac2f098f
Ba141_rminus,56,141,rminus,0,RAN,0,0,1.854,3cb24828b630c1c51175ec32a96a77ec0641cfe43c3150a67e2ba741a2112d33
Ba141_grid0,56,141,grid,0,RAN,0,0,1.948,893df894bc7b912c70b6b2c34f942c5d1cedbd70ed8fbf526076535a5d9a1625
Ba141_grid1,56,141,grid,1,RAN,0,0,7.964,c7739c468e2e2e9dfe3d0d167742755667ab66fbf4f2463060b388abb5630627
Ba141_grid2,56,141,grid,2,RAN,0,0,36.704,41f4841094fb0d407c6c544b7c439cd2b3d0658a5976d10a011436d1bad7f6e1
Ba142_rminus,56,142,rminus,0,RAN,0,0,1.951,b680c2796a03fb038cf6bd63fe1a116bbe3687f341493e91db9cf8c041ba8202
Ba142_grid0,56,142,grid,0,RAN,0,0,2.012,9de07391da80c7a0978d5b6d4eb3e65c3bfd5ce8551712249e104dffcdf40562
Ba142_grid1,56,142,grid,1,RAN,0,0,7.752,610a7d5a26a04b8a77d231a33bdc324080a1452af4edbe3820f056611e013e39
Ba142_grid2,56,142,grid,2,RAN,0,0,33.793,44dd67fc7b9520c5b939fb1639fc0f216c240e39d8f223809396e8b8925f93e6
Ba143_rminus,56,143,rminus,0,RAN,0,0,1.796,52d66eb300adf96c50d6a44569e6a9ef7ce2dc97098f93e1a407b4d3b0e895f4
Ba143_grid0,56,143,grid,0,RAN,0,0,1.833,58ff729c923d1e5ed8a8227726a24eb955e96d49ae3ee8aff63345dfa97bd7fd
Ba143_grid1,56,143,grid,1,RAN,0,0,7.341,b191b4ed8932b62969b31b36aab7fd568ba358f3a11bf90a804ccff8e0279922
Ba143_grid2,56,143,grid,2,RAN,0,0,35.753,cfaad70c30413dd7a8083d3691cf889d05a4a2575ac1f4174cfab646d2f519c7
Ba144_rminus,56,144,rminus,0,RAN,0,0,1.937,56f7455d4c91e3a4d8713ba12a7e2e8121e12e70ba9cba337738419e8e7b29fc
Ba144_grid0,56,144,grid,0,RAN,0,0,1.847,64e3e511f3e0a3a3a21a9c0fd60eef09f52e9270fc620fdf750ab4ff106afa22
Ba144_grid1,56,144,grid,1,RAN,0,0,7.268,c5c8b538ac86096054ddee841c1bdd73b38903ee690201dd3f4a7c5c369b3968
Ba144_grid2,56,144,grid,2,RAN,0,0,33.070,74614abf1f00fbb82dca4f4fc96ea447b58ac327ba2087a75ded4b8dfadde94e
Ba145_rminus,56,145,rminus,0,RAN,0,0,1.992,763c0e4a8a719a2d79ec9348814a0914847291e3db24dfa8f266fe65c4070f57
Ba145_grid0,56,145,grid,0,RAN,0,0,1.978,9770f614df1903a877e7a10fac8ad2e684eff59787f04ff86d9d22ab2391dc34
Ba145_grid1,56,145,grid,1,RAN,0,0,8.084,bdee01a01dc1e58dfc32679d4f6b66fa01607a6b51fb24768862e8944ec38343
Ba145_grid2,56,145,grid,2,RAN,0,0,33.983,7d4617f848f6fe77d377e846a5a61fefbf50862771a4899e2f608122237ded34
Ba146_rminus,56,146,rminus,0,RAN,0,0,1.861,223aba2c481117974d26cc2a933046ebb49a454e29eacc47509fa4df8e55718d
Ba146_grid0,56,146,grid,0,RAN,0,0,1.900,97fa3f3dba1b799004cbe1f96eb1e7dcc58053975312cf1d265899c8532d7d62
Ba146_grid1,56,146,grid,1,RAN,0,0,7.899,192ce42a6e212fe49440e4a00161b91308b89c9d0ed9200f661262309a00084f
Ba146_grid2,56,146,grid,2,RAN,0,0,34.180,e72f7c5eb6ed94232958c754e5b49be3b76ff6e4533598160eb3cbbc5d0273a0
Ba148_rminus,56,148,rminus,0,RAN,0,0,1.876,d73e0138e42ef73e6bde4601faf293b8f5ccaca11d9e7f8745a8bc4b95e9c2b4
Ba148_grid0,56,148,grid,0,RAN,0,0,1.951,cf916ad9c9566d244bd4527fa6329f68a1401f13b80a1d5e0e22366c8ce61da9
Ba148_grid1,56,148,grid,1,RAN,0,0,7.357,5ce3f86425ddc44f0a4c225127ecf3817d32e8e79b944478860584933ba31067
Ba148_grid2,56,148,grid,2,RAN,0,0,33.515,d9f53a03a11526d9717fd0275e4bbe90080e6ca162b077ca33ed09398470c08f
La135_rminus,57,135,rminus,0,RAN,0,0,1.891,d0c76412090dc17f9c8bf0ed5e47b000a182ace0a8e6381552c016663f1df573
La135_grid0,57,135,grid,0,RAN,0,0,2.224,6e334c700113dd3d6272ef6a7fd4b51bfda169ac2dc1bd4386014ce1b27a9a52
La135_grid1,57,135,grid,1,RAN,0,0,8.439,3daec59d892bf55ef096255dc6699b73c24b4350e3aa3f494a2fcba717c311ba
La135_grid2,57,135,grid,2,RAN,0,0,33.193,2b1f64a91c9a5606d0c6f2339fe45f679c2f3f34c2183172186384a8a1767e40
La137_rminus,57,137,rminus,0,RAN,0,0,1.839,1f68faf5b723923db3243509d13c7d776cc09de82d76ee1fab610551f10fff58
La137_grid0,57,137,grid,0,RAN,0,0,2.282,83b9d1e79b81eeb1ff796a89aa50067051172d31cb2e06b232eae2b911a22492
La137_grid1,57,137,grid,1,RAN,0,0,7.975,f6cdf0412463bd6430ffe4349049a40ac86120bee835b4fe49fcdbb6da541481
La137_grid2,57,137,grid,2,RAN,0,0,33.554,b46b996ab9c7c9784877ea83c662fbf3b621c0aac3292836e75144a9a011bc36
La138_rminus,57,138,rminus,0,RAN,0,0,1.885,d595507cff99268d559728d243046b098f414642c703d71e88a0a96de0770ecd
La138_grid0,57,138,grid,0,RAN,0,0,2.167,392167eec55e7f554923e11940cc03a557a04f0cccae2b7607c4101ec3f004e5
La138_grid1,57,138,grid,1,RAN,0,0,8.315,4c4a3edbbc2dd89f9e9055a57002e8cf8f6d5f84bfaa3b0a69fd005580d8dee3
La138_grid2,57,138,grid,2,RAN,0,0,34.845,4d0af704a614b91b24b9cbf3620c38f07ea051406bbc9fec3a9e91a40152da4a
La139_rminus,57,139,rminus,0,RAN,0,0,1.835,2bdc87f1b1931d8c68ada34545cb03910a530a705af1c6da31fd4f402cddb09c
La139_grid0,57,139,grid,0,RAN,0,0,2.155,5932cf1fe3b534c7a1fc9dc97cec0acd82b3b780a21756c071a3cba303802669
La139_grid1,57,139,grid,1,RAN,0,0,7.820,7d072d4929e22b2733e8df72bb8dda3502925047dcd8e709c4f2187d45ec1c6a
La139_grid2,57,139,grid,2,RAN,0,0,33.438,ebf37a8445d410589522f329371ceb1f2e4426a750753b99e6706cc67f0d4d17
Ce136_rminus,58,136,rminus,0,RAN,0,0,1.780,c8202da15ef463e4c49e0cb290ddcddbeb6df38c385c901f57a20053cce19551
Ce136_grid0,58,136,grid,0,RAN,0,0,1.883,609c4cb4d14c21b0232ca27eb2452f6a54c9a2baccba995ccca4df6464c9a26b
Ce136_grid1,58,136,grid,1,RAN,0,0,8.093,0c031e86ca172b204bdd9e1c4dfa05a4c919bb3a6bf3078c2771b53e18ec5cb7
Ce136_grid2,58,136,grid,2,RAN,0,0,33.719,dbba49d2ec351bb6e9aca5477d50b0acd774276e6e37cc0c7a0f975674646614
Ce138_rminus,58,138,rminus,0,RAN,0,0,1.936,fef28bc3214835567a7aa1564777bd46dd85082049a37a8f97ba8ceb0eb5534a
Ce138_grid0,58,138,grid,0,RAN,0,0,1.975,9f59e77d11d49603287094eafddafc0a4d8ca4c4637a882f882d739f6289c9fb
Ce138_grid1,58,138,grid,1,RAN,0,0,8.213,eedc66b02aff1aa945641525dd88d3c738078aec53eb1061af79f050919d1bb4
Ce138_grid2,58,138,grid,2,RAN,0,0,33.238,3279e069913cdeea14ab38509f0918eb300d1b7d3aec5bb5fb2854289e72e950
Ce140_rminus,58,140,rminus,0,RAN,0,0,1.931,bac163bcc1be451b61df033aca6f9a2c3daf1a1a385573e6cff0598bb29c0856
Ce140_grid0,58,140,grid,0,RAN,0,0,1.867,6c2094e21aea4c8cc184a27ede003f227a0a0da3c7d56f2290e04fee2280d5c7
Ce140_grid1,58,140,grid,1,RAN,0,0,8.044,75a121bbe28d19658d3872f3c0fbf6b2fc927c43d2e7e5f65ccbcfe1ef704200
Ce140_grid2,58,140,grid,2,RAN,0,0,33.452,6f014c00875a316148a0bbcc3053b98b9e396dabbaf7df4d7c81b19b442dfd79
Ce142_rminus,58,142,rminus,0,RAN,0,0,1.958,f61e471ec1781c859e4f8c3ed9e885c736af2007f56389677a7774ffedd00d00
Ce142_grid0,58,142,grid,0,RAN,0,0,2.067,1d9a7b28c313b8a1e2f9fb7c4ba73af01864823bd1b23db2b086c16df803bec6
Ce142_grid1,58,142,grid,1,RAN,0,0,7.806,995d28a798209ab684558c78e0596ea74e55276e1099fc45d492d5283a9a3220
Ce142_grid2,58,142,grid,2,RAN,0,0,33.531,d70bd926438af820fbd20110c7291952c0f76b67b48a336b58efa22cb9c5b4a2
Ce144_rminus,58,144,rminus,0,RAN,0,0,1.927,6da1943cd0d411591be4bd436785adf032d58ed03bcb5237bd01a72ba615b651
Ce144_grid0,58,144,grid,0,RAN,0,0,1.923,dbce2032aa1baf5ab7b0e748c69f495e6420917fa14fa299f7b5e69db9d0a2c0
Ce144_grid1,58,144,grid,1,RAN,0,0,8.033,ba86d3148ab5497d5ce6aa6a2103503e7e57b3905830ce464ecaee5ff2aa35a0
Ce144_grid2,58,144,grid,2,RAN,0,0,32.519,2219c456ada2700ce0b7c89e835dea43d6be77e36de34d24dc287bff05396cbd
Ce146_rminus,58,146,rminus,0,RAN,0,0,1.950,6911b87304e22708c3980aeb8a6ebf0e53e0171116dc5227a5b2bdd90306e691
Ce146_grid0,58,146,grid,0,RAN,0,0,2.010,da8032448427ed99977300afc22295075fc2fdb505ef48187c6ac89eac564c61
Ce146_grid1,58,146,grid,1,RAN,0,0,8.340,e81fb2ee62cf2037b8826971387b38696174232c2c257e88cd136e1df85b895a
Ce146_grid2,58,146,grid,2,RAN,0,0,36.815,4d85ba8752a7f4cd210d70a8fb4aa16654e2d1e6226e3572a7e3cc615380dc13
Ce148_rminus,58,148,rminus,0,RAN,0,0,1.902,7874ea4e55777c74131010f558e99d43f5fbdd73d4a974eef9c5f06d6b504837
Ce148_grid0,58,148,grid,0,RAN,0,0,2.080,b3ac12adae29f5880dd54c830cad04b430f303d8769e9076dc7cf56be960af6b
Ce148_grid1,58,148,grid,1,RAN,0,0,7.956,d0f406b06dfd999206e0a9a27ad59ae497a832a8d372dbb75bf7e60831f1b54c
Ce148_grid2,58,148,grid,2,RAN,0,0,36.079,dc91de4e788228128d61f0d5f6624880397af7de97b2c6210fb9ca4f5762dd35
Pr141_rminus,59,141,rminus,0,RAN,0,0,2.137,4a4431c3ee9cfc49fc62d1504bf691513057b0987bfa5174daea101f406cfb3e
Pr141_grid0,59,141,grid,0,RAN,0,0,2.045,204267b80b4a349328147a422da7dbf1b88a404fabfcce93ffbfaee6e56bb16a
Pr141_grid1,59,141,grid,1,RAN,0,0,8.058,97275efbc3121ca5d33092b1800a1d286b1fe0df868057ee4d564446dab25a34
Pr141_grid2,59,141,grid,2,RAN,0,0,34.936,f8ef7a32250ff58c0a7755015941261257942d9e31d9b918095bae673047934b
Nd132_rminus,60,132,rminus,0,RAN,0,0,2.086,f06a3cb4e0c972b2a5afced437d02420c1d235bec21fc9f72d553810d7f24a89
Nd132_grid0,60,132,grid,0,RAN,0,0,2.042,acacb67f6fcf959508eecff0887e391691df18087fea593c1ff889fe0f42a355
Nd132_grid1,60,132,grid,1,RAN,0,0,8.251,dc2b214a6fccff2b9d6d414b227bdf742fd090067d2c3c75f2eeea644d1a797a
Nd132_grid2,60,132,grid,2,RAN,0,0,34.493,50e334cdf9a8b537445bdfc44253a2f8fc2774f704befcae31a1934fe1c56c06
Nd134_rminus,60,134,rminus,0,RAN,0,0,1.975,bb32ad6805e824becee022633ec50a1a6265935875463f2b55e07f38c85d9b21
Nd134_grid0,60,134,grid,0,RAN,0,0,2.009,af418def8f8ac82a5a31653a17098a80c0d45586f4c6e31de5d4b46085490e57
Nd134_grid1,60,134,grid,1,RAN,0,0,7.935,2f84433a38204a31234f60be0073418e8911bc775d4c96e1875b82b13a9e2fb6
Nd134_grid2,60,134,grid,2,RAN,0,0,35.419,7e8be3548b8dde8733e4d9f22cfeb510d39ac861db3f0a8af8a31c59092c6803
Nd135_rminus,60,135,rminus,0,RAN,0,0,2.023,1af767cd874717119615784a55f3b2e7ee7ea4e0bd98c1b957126a4a7a81ab94
Nd135_grid0,60,135,grid,0,RAN,0,0,2.016,f0d0aadbd0cc12a99fa0d3d54b1e3623f1f105cb41d0bae8518d40bee8c57807
Nd135_grid1,60,135,grid,1,RAN,0,0,8.183,7eaf544110bf72dc4b225ba3db7de7ca25cf3261b53543b713a03ba2caec113d
Nd135_grid2,60,135,grid,2,RAN,0,0,33.353,4a45fe9a70ff1442b11c95c458f50cc6e4086f911ca6dff97bfe8bac7bca1904
Nd136_rminus,60,136,rminus,0,RAN,0,0,2.103,650e2d09e52c91c0670ee9243be2adc8409c3b8764f7ac35e43a61719d0205fb
Nd136_grid0,60,136,grid,0,RAN,0,0,2.114,419032df9a3f773fac7be6c2ff1443694db64dc902b79abfe770951e2c7d4ffc
Nd136_grid1,60,136,grid,1,RAN,0,0,8.178,aae28bcf0f4ad8fbc35cf9d8facbca8d1149bbe2eea8775fda61c8a8f8463589
Nd136_grid2,60,136,grid,2,RAN,0,0,35.355,50812396ff1b59f2159fc7815859877f8ea33d57e76120fafbfc79b53613026a
Nd137_rminus,60,137,rminus,0,RAN,0,0,2.036,54a862a72c2f5d23f8517c4503ca52efc1d9f9a46604d55a1f4e65e401b1b344
Nd137_grid0,60,137,grid,0,RAN,0,0,2.114,768930168a4b70111f23afaedd7e249cc6e9aae4dd427cb119f5a244f8281f20
Nd137_grid1,60,137,grid,1,RAN,0,0,8.153,a2462284168a3a82be5db2f47ce2d2c4e6906f2aea8524ba5d8dfa5c865f1ec6
Nd137_grid2,60,137,grid,2,RAN,0,0,34.934,1fac1b6cc3b8ce26d1becc4eb1adde125643a5ccad33b942aec76d370290b290
Nd138_rminus,60,138,rminus,0,RAN,0,0,2.107,1c3133cdcead5508bbc73069fc792369706441f14b889e61784e90668e1f6ffd
Nd138_grid0,60,138,grid,0,RAN,0,0,2.151,d962b178b476471a9196f6592d99d8a53b43eff50d4662fa2966ad74ee718757
Nd138_grid1,60,138,grid,1,RAN,0,0,7.778,5029a52dee19a3d6537d2e6187097e4e3523244a5cb16525ee6d57c8cbd55424
Nd138_grid2,60,138,grid,2,RAN,0,0,32.878,1c3f482be81796fb976b035e2fb448338da93d214799e458d1fc60b2591ac2fa
Nd139_rminus,60,139,rminus,0,RAN,0,0,2.105,2a79564926b721308f85414e57abfaffee24b7cc1924adee80a83220f780452f
Nd139_grid0,60,139,grid,0,RAN,0,0,2.134,77b7b06510030d23efcedbef655126c8921f5457f27dbbdb5ec559de578e5b24
Nd139_grid1,60,139,grid,1,RAN,0,0,8.132,4e5cea1339a064a5857f10245273da30dbff68a0a900e913f872c40b9ed475d4
Nd139_grid2,60,139,grid,2,RAN,0,0,34.175,24e7dedeb556184a37ba671f6bf60c8704a9c58b3db2d9b7bc3683baee5d8437
Nd140_rminus,60,140,rminus,0,RAN,0,0,2.013,9d5e29d7482e9bf666991456504e748a260f3ed573ae580722b91bb41cd26d27
Nd140_grid0,60,140,grid,0,RAN,0,0,2.168,a3d365f89120c9494c64773dc67721969d0dbbb33c7418e36eaa4000e2b38dc1
Nd140_grid1,60,140,grid,1,RAN,0,0,8.641,c100f8d9cff81bb06b4cb99a4f3e53d6f7a049dfca53331c6e9a09e6f09e512d
Nd140_grid2,60,140,grid,2,RAN,0,0,34.012,b1ce228c616c819003cfca212c47e2a26f872490a9ac42a35d66eb09ba335223
Nd141_rminus,60,141,rminus,0,RAN,0,0,1.947,b44cffb7b8a97f5fffbc58258ca486e55ebe9e73284a16a14dcc8600a3fc42bc
Nd141_grid0,60,141,grid,0,RAN,0,0,2.067,b808b96fda71f08eec103e7caa70054bebb1663c194ceb01dfa1172dacde1bcc
Nd141_grid1,60,141,grid,1,RAN,0,0,8.096,737ce41d5c7e18a244a1c14f0c44f41d9f827d82f16d755ed6b7897997e7c625
Nd141_grid2,60,141,grid,2,RAN,0,0,35.411,339d8045288fe9da52c54e072f6d6d9c87b3e66eb5899a299d0dbc697809f27e
Nd142_rminus,60,142,rminus,0,RAN,0,0,2.046,06c5dce1229bfdd476818285e4e984f51070041fc0732b5ea9ecc867a816adb2
Nd142_grid0,60,142,grid,0,RAN,0,0,2.155,145383082cd14fe06a6b8843e51748434fb0d0673a19fcbd71d40ca983b299b0
Nd142_grid1,60,142,grid,1,RAN,0,0,8.230,dced27f674c773efdd845b0afe9a1cef8ab9da8d928cce70ad6eb4385bf81b3c
Nd142_grid2,60,142,grid,2,RAN,0,0,37.042,efc24e8b9b9727e2c9e4f0827fa23501c96a0ad349cc018f43951419b1be545b
Nd143_rminus,60,143,rminus,0,RAN,0,0,1.896,14e771d4c2d80a35862d372abd9dc8f5042a17544789bf5365d18d18830a40d4
Nd143_grid0,60,143,grid,0,RAN,0,0,2.140,94bef4677d08d3258b05bab2393a2a1c85286748f93425951b7407bb261550c0
Nd143_grid1,60,143,grid,1,RAN,0,0,8.252,100d2dbcc01b4c2c3e32b674045e20085caaf9727e1ee81f0a153757a1240020
Nd143_grid2,60,143,grid,2,RAN,0,0,34.908,1b05cb7cd98c83e377242459b86fec17cc0f8a1d3b25d0cee18e3ecfa888e674
Nd144_rminus,60,144,rminus,0,RAN,0,0,1.871,5d38554e2faff0ebba5caabd1abc627cb313f67e12fefeb08fa4b4682f689cd6
Nd144_grid0,60,144,grid,0,RAN,0,0,2.183,047692a2119dfa2fcd26e556a4a13f4364118e3927fa14bae4cbfb9928aedefb
Nd144_grid1,60,144,grid,1,RAN,0,0,8.134,243fda4e5cc630b8771737018700e8aa486efbb57a3fffafb7a01227675d0ffc
Nd144_grid2,60,144,grid,2,RAN,0,0,34.709,f662427fa54fb1d1deb31b68bae621c404ce417f9ac281c24e21d53efa6d8a7d
Nd145_rminus,60,145,rminus,0,RAN,0,0,2.104,689e4c67084739e1e62998d76339554adc672537d1c1e577b7ad06b36aef0a96
Nd145_grid0,60,145,grid,0,RAN,0,0,2.193,fb11f2f0b2303cd72c4a091439928000d2deb65f83c1065899615674cad2d9a7
Nd145_grid1,60,145,grid,1,RAN,0,0,8.007,504c38201516656799f266d9b84dfdb4ee8ff6cb9e87723472f3ca92d5de334e
Nd145_grid2,60,145,grid,2,RAN,0,0,34.884,8d9708f63c33e74563e2de70d592ae53dd51d0736d02e6691585140735925c82
Nd146_rminus,60,146,rminus,0,RAN,0,0,1.969,4950db610d7d01786d3894a304960e62f34c884fd063aa7d3b4f658593f4f317
Nd146_grid0,60,146,grid,0,RAN,0,0,2.229,6f7f46e80b05fde3ea50302034317717e7091f2c15ebe438c0c3f9769f8cbf14
Nd146_grid1,60,146,grid,1,RAN,0,0,8.316,f7b13eaee821119aac6664d84233c01889d6d2677ee2b64edc629312835b6c2d
Nd146_grid2,60,146,grid,2,RAN,0,0,35.200,4a5b79b7987a13be4a934c6b598ff0805cfbfeecd5a582528b6f4f343fa23b7d
Nd148_rminus,60,148,rminus,0,RAN,0,0,2.054,d792c43d74999d6ba1c2a21a7d8b8daa59714e4335403205963ab7770773bccb
Nd148_grid0,60,148,grid,0,RAN,0,0,2.157,8602f7ebf9ab3c63e904c01ce0eb6d56e32d78abb262cc53ba4f09379ed8b63a
Nd148_grid1,60,148,grid,1,RAN,0,0,8.532,bddecd8a5c7df03f95326f6068aed20c609e82fc96ebcfe6531340daa5c1a6ba
Nd148_grid2,60,148,grid,2,RAN,0,0,33.519,fbc169e525fbd8108264e3be3fb6495eaceab4be82d214bdc2067350a24cf8a1
Nd150_rminus,60,150,rminus,0,RAN,0,0,2.078,40b056969f2f18bfb2a04b6b1bd5a3e5f1cc06a65294d5d27d42d475373e6bd4
Nd150_grid0,60,150,grid,0,RAN,0,0,2.207,1472fb7fec239f2d5e84af1f9770bfd3f13ea26a16f336f55a1d80aad3902cae
Nd150_grid1,60,150,grid,1,RAN,0,0,8.353,f63ea90f518b61c8edc436e9c8cb6566d0eca80cd4634569f84e2bf76be26ef1
Nd150_grid2,60,150,grid,2,RAN,0,0,35.165,bcbc64cfab0e268a8545ed6fe3f9659ef039c9a88f231558eb2b3199381dc1ca
Sm138_rminus,62,138,rminus,0,RAN,0,0,2.036,0607109f3936aea33d3fc20f4ddf1e219f6e7fc778e23b748bbcc9a02c162d23
Sm138_grid0,62,138,grid,0,RAN,0,0,2.010,f3c9bbebc4a2b00c456cd7edc8b0e67ee02da5a039044591ee822235c090b5fb
Sm138_grid1,62,138,grid,1,RAN,0,0,7.676,81634f3216f0032dfbf9f3567b42ca671a185b6c25943feb8abc30fd8410fe67
Sm138_grid2,62,138,grid,2,RAN,0,0,35.006,a88def6fb3965898f0aa2a501657921b6137e7bff9b3cf58f7da67d618c0f4fd
Sm139_rminus,62,139,rminus,0,RAN,0,0,1.893,879fd12a20ec479b6cf7060a7383740e7c64088a9fd6b110edb336c2b75463f8
Sm139_grid0,62,139,grid,0,RAN,0,0,1.906,0a2f313a8b230e20a58bf2090e3614d1b658a8d8b98200793ec6a5ecdbcaf0d1
Sm139_grid1,62,139,grid,1,RAN,0,0,8.979,cd398b53b27953e89864c4dbe0042ff8f0c133b2fec47dfd966a8657ceee572a
Sm139_grid2,62,139,grid,2,RAN,0,0,35.777,b01865dd2ac11f0d94e0b62c8bdd48b54ab8c3da74c81f202739bb662fc6b23c
Sm140_rminus,62,140,rminus,0,RAN,0,0,2.130,1a6fa08b6c343143dbfd5cb6fabaee9c05f9902f9142ba319666695f1806e12a
Sm140_grid0,62,140,grid,0,RAN,0,0,1.884,c46dd406f418361dad89b650928824c7e1ddf4b23cfd91b5f809d19a73dc9da5
Sm140_grid1,62,140,grid,1,RAN,0,0,8.165,7848d076b556e06ed2ef505bb8b93459a4f12d7d477a357153ffb5c1ea987db9
Sm140_grid2,62,140,grid,2,RAN,0,0,32.456,d6755e69b563f75d078b9b2b3c46d657605b08288215d9d1b07adef25919ec71
Sm141_rminus,62,141,rminus,0,RAN,0,0,2.054,21c2903945ae0a55bdebdb4438f418a3378aa8ba46209f54479ad1468935d799
Sm141_grid0,62,141,grid,0,RAN,0,0,2.037,fe201c68a8d8e09779218f80e9ab196a34c9c28a5ac66ed8a113529252084827
Sm141_grid1,62,141,grid,1,RAN,0,0,8.981,8ba0c6267c32ab4bf2629da56dc171a3473e2bb59ddef991b065608c8c74aba8
Sm141_grid2,62,141,grid,2,RAN,0,0,34.730,0064cbe6e55bbaa994cfd597c263fcb7824a047cb86ba66a6867ffe4dd33171b
Sm142_rminus,62,142,rminus,0,RAN,0,0,2.022,a253f636a56cc62c2abdacf78fb582f67eccea539535af848b7ecc0359a2b6f1
Sm142_grid0,62,142,grid,0,RAN,0,0,2.031,4bd609110581e1b7f328b323afeeb3f9e772a82da5527836a60b109af12760fc
Sm142_grid1,62,142,grid,1,RAN,0,0,7.485,b6c7ef7249d2cbb271c3dc3d35897c5db4caaf9e32ba54147642362aff9ef677
Sm142_grid2,62,142,grid,2,RAN,0,0,35.236,408268a4a4dfc64134c5f0aa00895ede7f7962310049c82f5a7064ea3009c436
Sm143_rminus,62,143,rminus,0,RAN,0,0,1.883,4ab61d378e5d53bc9f85dae7797cb5b1503a48b00b13056c6306bb075e38c682
Sm143_grid0,62,143,grid,0,RAN,0,0,1.934,b07717e18211331b614eafc8957d6e0bc206a26fb310af0b640004a56ee37658
Sm143_grid1,62,143,grid,1,RAN,0,0,9.329,9758024dfabab24bb56c4c4ee0ca621ecb7b0704e70ed3d1fdd6c055a035130d
Sm143_grid2,62,143,grid,2,RAN,0,0,33.974,1de3a13947396a4baa3fd20afb1a55b211f3f30187a3626bc0ad148b507b786b
Sm144_rminus,62,144,rminus,0,RAN,0,0,2.014,bb7ecd6960a6ab2922c98c15b30c304ab1c71e502b3f6e1adb80f27600b2d39f
Sm144_grid0,62,144,grid,0,RAN,0,0,1.925,352f0ff3a1bb30598dfad2953f579f085cc2767015d761b32c13568a90c5eaa5
Sm144_grid1,62,144,grid,1,RAN,0,0,8.309,e6fbbf47e65b3163f716901b7106a09c2bdbbe5de246345acf9007a83428b292
Sm144_grid2,62,144,grid,2,RAN,0,0,35.842,003484c83c6dd0055db6e4aa72fe5860ac50fd68d205eb2a6501338d2efe976c
Sm145_rminus,62,145,rminus,0,RAN,0,0,2.012,5166794c5b8fe6810cbd56e01ab3fe7d841ce813e92140339a8ed36c942b71d7
Sm145_grid0,62,145,grid,0,RAN,0,0,2.010,544c39b7d93dd688e47d69f52a454703777c8bf26c475b7c87f2a58bc9d362dc
Sm145_grid1,62,145,grid,1,RAN,0,0,8.869,975ecfdbfa617482bf7d8e5a3700a5e19860e39c3bb8a17a9580f1072ecd5cf7
Sm145_grid2,62,145,grid,2,RAN,0,0,34.790,09bbb823e09301852f9f033622790d6cb9ff2e824e18cdd7440a2b72e92b99fc
Sm146_rminus,62,146,rminus,0,RAN,0,0,2.003,a793f4fed445564e7a15550e1c691950a236b28b4ff853b8371dc77f3ef1d975
Sm146_grid0,62,146,grid,0,RAN,0,0,1.852,813fc3561939642aa8e20a5261c444811ea88333cfed0529667947afad0e5b1e
Sm146_grid1,62,146,grid,1,RAN,0,0,7.840,5cc1643ecd036a08f69da81bb9663554a7429e05077851a01bce451f0d1f5b75
Sm146_grid2,62,146,grid,2,RAN,0,0,34.828,90ef15787850cafb30d18e30ffef13cceecb6d5f0f431645ee5fe2fb7bcf58e3
Sm147_rminus,62,147,rminus,0,RAN,0,0,2.110,5949e3f12bc0ccd38242e379b2c6295b3dc186721d2ec70819b11b97aaaa3162
Sm147_grid0,62,147,grid,0,RAN,0,0,1.740,0eb5784345103532dbb16cf5a68726af8f8bf64cef4f35d3eb209c15e3052d4d
Sm147_grid1,62,147,grid,1,RAN,0,0,9.114,bf2790fbca2b4baa863b310f61ed2e69e57412dc9062c1c8787315f977b0476b
Sm147_grid2,62,147,grid,2,RAN,0,0,36.620,401b80bef4cf1303abd9e408c67157e0d184b396d7f5920f826d4fbd8a2bfdcf
Sm148_rminus,62,148,rminus,0,RAN,0,0,1.993,7f4f842ac780f5b162486b16108c22861e1cf038d23bbe7b4afb4c8d54fa24a9
Sm148_grid0,62,148,grid,0,RAN,0,0,1.881,59604ea16e7125b4516a3d0439c98fafa95a44ba2e22b89e8a0de39f94699426
Sm148_grid1,62,148,grid,1,RAN,0,0,7.926,7599e3e335014cf21987895728f744845f9c549bf2d53e0cd22e0afd24ed7fa7
Sm148_grid2,62,148,grid,2,RAN,0,0,36.970,839d17515372074c050b339f4f20970150e2ccdd3c4fa31e41122205876dcc70
Sm149_rminus,62,149,rminus,0,RAN,0,0,2.009,f6d311cc3d4a3c15539dd76248790b1b46bb7876eda86ea83810c773fa7e5101
Sm149_grid0,62,149,grid,0,RAN,0,0,1.805,a05fe1861dace38b26fe8d5af6e010c01dbb0d95fa2090ac569a1286decb6118
Sm149_grid1,62,149,grid,1,RAN,0,0,8.766,4d190b4661a034480d1d01ce56fccea6f7bb039d258b4592cf16d7ace9b452af
Sm149_grid2,62,149,grid,2,RAN,0,0,34.029,3a959921b1f9b1048ddecd2b93dfedb518f4523c5e559853f880e8fd0d315889
Sm150_rminus,62,150,rminus,0,RAN,0,0,1.983,70a5ac34a85b384e59a321f4b6d043aab3035311dd7f6223fbc9e76efe8ac594
Sm150_grid0,62,150,grid,0,RAN,0,0,1.984,55604d0a0e9cd5fbf90fc5717bc8bbe5b9df624c6d21e840b4e660329c5ea92c
Sm150_grid1,62,150,grid,1,RAN,0,0,7.861,508bda5d739b86e222ff0163b5d9cfcddfc81b7a66a8377f2f9bd600e99120f8
Sm150_grid2,62,150,grid,2,RAN,0,0,34.756,6d5f6f8ccd81bf18ac3280fa97181bd6f697ed91f733cf91d8a25bc009da471b
Sm151_rminus,62,151,rminus,0,RAN,0,0,2.035,4084e1e309ca0ac63732ea83015f27939f7c8191893958043ddd4a500668d044
Sm151_grid0,62,151,grid,0,RAN,0,0,2.024,2f07e3c2ef73193ba614d29dac438c046079d35cd0f8a0e105858110042367a3
Sm151_grid1,62,151,grid,1,RAN,0,0,8.592,d9d5184db055e47f5bf79791ce71f3cc2ec99e7382a382e1b4cae84ece118414
Sm151_grid2,62,151,grid,2,RAN,0,0,35.820,888db6d191ec7fd39fac0ca4b349b2a8f7fdb015cefaa60473a8298f6f43f3b3
Sm152_rminus,62,152,rminus,0,RAN,0,0,1.920,28084db0d927e66695304d7f75a96213d737bc51c090a20ac12e042559ec7231
Sm152_grid0,62,152,grid,0,RAN,0,0,1.849,2df47bcfbfb49443e9b76f958ec703d4e74e9cea0ed7e2204ad0f309dd4289ba
Sm152_grid1,62,152,grid,1,RAN,0,0,7.915,27e8e7a5d47049a50317d4c0c055be835f87de02fdce2872b0f803ecac7b2fb0
Sm152_grid2,62,152,grid,2,RAN,0,0,33.522,b73a259621ab0e8f2de428ffcd5f619aab91b6c46d0019f58036ddf330758c99
Sm153_rminus,62,153,rminus,0,RAN,0,0,1.854,957fd9124d6972a41d54d25af80252c191fe6156f13524e59f1febf25a8c1aee
Sm153_grid0,62,153,grid,0,RAN,0,0,1.934,449b043356ca55e85d61083e37c4c234e84c97834fbf329d153cd1b532a49c37
Sm153_grid1,62,153,grid,1,RAN,0,0,8.834,edda71d99067e8ea7cceeb9c8910715edddfb5cefd73ff7fa82882c8f25df181
Sm153_grid2,62,153,grid,2,RAN,0,0,34.152,6765169b4e5bbb745e2dc891d5a7e18faa75d183e8f2d0d8aed739fe305b3270
Sm154_rminus,62,154,rminus,0,RAN,0,0,1.940,8994642add7e781dcf748d46aec212004ac78e55ba2a6b800bad6c6e6c76944d
Sm154_grid0,62,154,grid,0,RAN,0,0,1.789,9aa77716897895a317fa14fac07b1818038df69be2b7623760d47356a9f8a4f7
Sm154_grid1,62,154,grid,1,RAN,0,0,8.174,3dc8480da835f9a536af00532131b4faf93025970fede5e8c37b3022b373761f
Sm154_grid2,62,154,grid,2,RAN,0,0,35.892,263083a7b1a8b5a4cd57f31049e60fb4f2baa77e4608bc58a4e8c45a2dada16d
Eu137_rminus,63,137,rminus,0,RAN,0,0,2.020,8b270af7a3fdd59729f52df4d1d0c9f29d687750d44a80a39e1405156c776992
Eu137_grid0,63,137,grid,0,RAN,0,0,2.084,ce834484d304a2449a361086f0beb94b761dce4a6599bf3582bb14193961bbe5
Eu137_grid1,63,137,grid,1,RAN,0,0,8.134,99ca9a4c55097d0ea198c7a5479bb5c845b46bca8c5a2417c5bdeadda221f5c5
Eu137_grid2,63,137,grid,2,RAN,0,0,36.056,32b1017379380d1a1f5b802aabc28c1704c0c3fcc74431a50038b9c9c0f09ded
Eu138_rminus,63,138,rminus,0,RAN,0,0,2.093,5ec7d536fa14fc15e7d57a209ccf89fb013ebfea07168ef77330e5db084b168b
Eu138_grid0,63,138,grid,0,RAN,0,0,2.041,10ded0e491eb36b5e70f84d63ff41b058c3ed4bf4f2cdafe7857e4748bde364b
Eu138_grid1,63,138,grid,1,RAN,0,0,8.741,3f416d46e26ae260a6bf35d875f6697ae8c0f6908eba2312f9f0b85d158529cd
Eu138_grid2,63,138,grid,2,RAN,0,0,33.103,e432da2ccd3d3ec5f8aa04f80350f95864054fe84ad00e34df23919c255f7523
Eu139_rminus,63,139,rminus,0,RAN,0,0,2.106,71b8c814a1b4e1983861e83431e4670c049a8e0b24c770867b46764ed9a61a18
Eu139_grid0,63,139,grid,0,RAN,0,0,2.002,0bf6e090d04b736c2847bf649ffb1706218e3e30ba93fb654c789e585909d318
Eu139_grid1,63,139,grid,1,RAN,0,0,8.295,797a284ed30fb0dd3c0d36c2db093fe9e8a1fd3ea4b41721fd824fafd1d38b79
Eu139_grid2,63,139,grid,2,RAN,0,0,36.583,b4c82b2170d7611f4b4b6838aba2f84f502aa3961edf00ec2d5ee9d2d00d5436
Eu140_rminus,63,140,rminus,0,RAN,0,0,2.047,8861eabccd4deef78099610229c76fff9b7c67bad4889d77e499f117d3cef9e7
Eu140_grid0,63,140,grid,0,RAN,0,0,1.936,1eb46b8295b6dd3371f1cf847f75e4254d0afc33e2aba456287063e8f24140d8
Eu140_grid1,63,140,grid,1,RAN,0,0,8.292,3bb61bc4a258c2b721d848efacbacb7b15fb39665309edb0f0fb4c07791703fd
Eu140_grid2,63,140,grid,2,RAN,0,0,35.977,f53da96a507af04af95e74c6ca8fd9f7ebe3cb7c2c29c854eff01f86beee1c95
Eu141_rminus,63,141,rminus,0,RAN,0,0,1.962,e85c95ae869c234939e42f3b009acbc707ed01980022e1dae26eb0f34e86364f
Eu141_grid0,63,141,grid,0,RAN,0,0,1.950,bf6ed07b26937d6acd2066ed6f780f31892e026a58972ffdfca0665cd71ac701
Eu141_grid1,63,141,grid,1,RAN,0,0,8.813,56a6c17b4801fc03c02afd2c83acad1a4c19fd1e410522155a638ef79208ba0b
Eu141_grid2,63,141,grid,2,RAN,0,0,34.904,7c464f1e480e6d11340d48b4c6671b641d14c3fa88574a4f75f4acb064c0ce8f
Eu142_rminus,63,142,rminus,0,RAN,0,0,2.145,0f09a04ab9b31a1a3e337cb20a89fd1f84739101e54b140fa874b1d69480a96f
Eu142_grid0,63,142,grid,0,RAN,0,0,1.967,a09d732c87ba3b0c5b5656501e5d6295b0de94226f2d8fe239d2bb7c7cf5a19a
Eu142_grid1,63,142,grid,1,RAN,0,0,8.553,77a4dfb1835fa4f82ea2f22166be7e6c93561f1f71be60ff00c16733c3c84c4e
Eu142_grid2,63,142,grid,2,RAN,0,0,35.415,1a61738dc441d20c277e0f4723e5d53d3e4708ff4b0e64872c6c60684a6f03c5
Eu143_rminus,63,143,rminus,0,RAN,0,0,2.028,a9e8cf41829602654fdb091577485ab244668af6202b7c86a650e2b4454b99db
Eu143_grid0,63,143,grid,0,RAN,0,0,1.909,b8023950f32892ee16711465ea0f1d8e4a6dbb3b828509133d6a4917f5e0e6f6
Eu143_grid1,63,143,grid,1,RAN,0,0,8.487,92277a36f640457e6754ed0bd1bead8521f3f6078fadfd4ebc94e2c51b5726ac
Eu143_grid2,63,143,grid,2,RAN,0,0,37.577,ce994d3670439053645a08f298bf5672d917c72eb341ac0c04fa490673cef3e2
Eu144_rminus,63,144,rminus,0,RAN,0,0,2.129,e65496209b158ab3cf656dcf9e67d8096b923cb731579f560ebca89185fc367a
Eu144_grid0,63,144,grid,0,RAN,0,0,2.082,7e75359330e5c3b7dcbf1fd0fd6fcad78e4736135fdd4fc1f5e579812fc3b3ee
Eu144_grid1,63,144,grid,1,RAN,0,0,8.301,712df29e94bba4bb9044470dcef5715474055821e62d86f228b37a00a6cd075f
Eu144_grid2,63,144,grid,2,RAN,0,0,34.410,7fa08c87bc9c92b620e911785977be528dad3a474539b55f571320a69a365bad
Eu145_rminus,63,145,rminus,0,RAN,0,0,2.113,135233a45561274a9f39f8899de030b96778d72f81caade9ebf0e72fdea7828c
Eu145_grid0,63,145,grid,0,RAN,0,0,2.108,e719aa01705a7c27aa5a43c2bca859d1d831e07d4e06b37fc9d6e6b3bfa2ac48
Eu145_grid1,63,145,grid,1,RAN,0,0,8.492,479516f53d9ec3d84dbc5893cdfbf130e751bdaceb382d4720f86546e298929e
Eu145_grid2,63,145,grid,2,RAN,0,0,35.502,85b95b9b7190c59d39e26e2c6b3dfef2186fbc2f374179361bd8f689944426ea
Eu146_rminus,63,146,rminus,0,RAN,0,0,2.090,b04f7a0f75bbb1a00b798d76fc3a943563fa8e8f090212f71a79e3aaf5ab64a1
Eu146_grid0,63,146,grid,0,RAN,0,0,1.990,b3658697f8475507cc5cf7949f777659dbc1d9fb883dde1f6049f24d9629c51f
Eu146_grid1,63,146,grid,1,RAN,0,0,8.526,6add096df2572f2106ed162a0e220dfa9855e3895dd7843a0326f87f4e7abf93
Eu146_grid2,63,146,grid,2,RAN,0,0,35.246,db32759e11651ce0f16fee254b21aaecd40d01f2442417a31d6b6843a2e320d9
Eu147_rminus,63,147,rminus,0,RAN,0,0,2.105,262591c251929e461c5dddcaaeec8469c9aeb3cb1e0e30a94e9210a26ec628c5
Eu147_grid0,63,147,grid,0,RAN,0,0,1.953,d64e032774a07e7fd1b4f17e8d3f96292ce12ad88613abc4b30a925401442c2f
Eu147_grid1,63,147,grid,1,RAN,0,0,8.219,2c358fc0f701a1e3182fa7fe70b3d9beb96604897e28bdb77605f9f148162ad7
Eu147_grid2,63,147,grid,2,RAN,0,0,35.112,3ca3eb84843ba35888482819c320557a67cbfb6e701474606d506905aadfa8b1
Eu148_rminus,63,148,rminus,0,RAN,0,0,2.012,80dcde4ffd7cd301673a49d6c18eb3fe8d12e40d0b858ca35b0c20e819722c03
Eu148_grid0,63,148,grid,0,RAN,0,0,2.056,c810e4bc347f9586aa4e76d5681c72e43f26c48160cb1c6fd6f29004f8325c59
Eu148_grid1,63,148,grid,1,RAN,0,0,8.337,b92b16720793964a962318d46d6bb4e8f41d1ae449d7e5962b2beea54045e1f6
Eu148_grid2,63,148,grid,2,RAN,0,0,33.429,adc802ae8032f792ca72960533a296f5c74243269ad7b8f29029a35021e6ce3c
Eu149_rminus,63,149,rminus,0,RAN,0,0,1.963,e839e67437d2b368d8e28174bb0de82641dc76c6e11308659185220f71e9f28d
Eu149_grid0,63,149,grid,0,RAN,0,0,2.087,0f089f19dd3cc8ae498fdc404c1e01004a79c9adc1d4b8ec4ccf5d39f41e2db1
Eu149_grid1,63,149,grid,1,RAN,0,0,8.626,b365574ad35da45017d8b790c04307bf7032e79cfae83e9405909c1011ef8740
Eu149_grid2,63,149,grid,2,RAN,0,0,36.335,3e9f9d85ea1edc2a52c88afdef21f859a815ece1e2ab8499a517441169a3a2c7
Eu150_rminus,63,150,rminus,0,RAN,0,0,1.928,a553dd198a287dcc42471c920dabd2328646217069771830c019954fd407c4b5
Eu150_grid0,63,150,grid,0,RAN,0,0,2.006,8eb42a6fb20a985b9bf0f107a0e0671b5686e655a0558be3210c63c319765ee8
Eu150_grid1,63,150,grid,1,RAN,0,0,8.585,765378b6d71a4cbc93f8572fa017796f71ed503910d825188d63fc4cf2d9cc75
Eu150_grid2,63,150,grid,2,RAN,0,0,34.611,eb6b13799227cc99848872fa2aed52b8c9721bc4318b87299dfa7b847426cd8c
Eu151_rminus,63,151,rminus,0,RAN,0,0,1.985,05a0c4d089bbb55d51b99c336c5dad87d60159402367d06b72203239a6326772
Eu151_grid0,63,151,grid,0,RAN,0,0,1.951,e266195fe21bb82ffe68c2dda6865215b9605db811993755450a871a54361409
Eu151_grid1,63,151,grid,1,RAN,0,0,8.349,d8a638c900a95ccf5544a9f368342eb93e0a34f61cbc7960c5b14414ac472f5c
Eu151_grid2,63,151,grid,2,RAN,0,0,36.792,2fc97f99bba194b061903d2a7e799dd2461673d7b140a6aefb17a21b4b607831
Eu152_rminus,63,152,rminus,0,RAN,0,0,2.002,e59a04359a9c754ab932658e7d63100ec914b2517bed6aa64708d5d2f6ed2ccd
Eu152_grid0,63,152,grid,0,RAN,0,0,2.039,a0ddae12d448ad22e0124ca4efeef806f204ef68c15c7d394916d7310672f793
Eu152_grid1,63,152,grid,1,RAN,0,0,8.622,026518e1ac4a9e06a8658f4c9033facf3e73043cac9ac220e2786c7fbb2dda9e
Eu152_grid2,63,152,grid,2,RAN,0,0,38.248,a9aa8aa6ceb5e253b34539a4d5a3782343de31a717be479b3f4fb4e1288f9f93
Eu153_rminus,63,153,rminus,0,RAN,0,0,1.914,bfde99eeeea8dffdbd12bf78415b311604d0f783e3823c60ba54873b16b246a6
Eu153_grid0,63,153,grid,0,RAN,0,0,2.001,e60687c1d7222e3f0abe523d902e3b0ca207b2b8335cb9caa7b1449d459322cb
Eu153_grid1,63,153,grid,1,RAN,0,0,8.580,077c69b6e68d9517a6750acbd89539f737f11ca1252f34a39ea4ed0ea8604fb1
Eu153_grid2,63,153,grid,2,RAN,0,0,35.251,95f3b34185fbe09cc2df35d2e9978751476685d4c8d1cb7398db1d3e75342584
Eu154_rminus,63,154,rminus,0,RAN,0,0,2.058,dc7e1477cb5904bf6c9b8733247bcc207849989609bca7852c2249b26dd12189
Eu154_grid0,63,154,grid,0,RAN,0,0,2.012,eb2abaad8df4ff54f0d274673b2a1072927829dc5036057e8c2d502307810f76
Eu154_grid1,63,154,grid,1,RAN,0,0,8.503,d9814decb30d59de4ea20d35ad61c17ba5f7f6e037dd6e32156ee0dde256742d
Eu154_grid2,63,154,grid,2,RAN,0,0,35.815,2fbaa235eeb1119630c133e2b18f76681820b42824f2d178aa5cc1af52b02140
Eu155_rminus,63,155,rminus,0,RAN,0,0,2.007,41103fa85eb7d434492c0f0bd2d06b5307dfed512475939f4d479113a6cac29c
Eu155_grid0,63,155,grid,0,RAN,0,0,2.066,19a5583a227c2f63b973d94553405ed275ca4796988b3ea7b555c04cdf905ad5
Eu155_grid1,63,155,grid,1,RAN,0,0,8.289,c14c788c9dcfc6723eb03d552a4a7338f59144d6524e027c7378a002345d917e
Eu155_grid2,63,155,grid,2,RAN,0,0,38.637,7f00f4354454ddc6a7d352850f7164d9d9a7fc05bedee30a53fbc8160a7dd530
Eu156_rminus,63,156,rminus,0,RAN,0,0,2.046,0074643aa4f591c0b53095c2d55bc634210a57d1ee2b460592d456980ef8eb1f
Eu156_grid0,63,156,grid,0,RAN,0,0,1.937,326819b5ea12faab10e76dfb5383a1d1625f8803904f76e7c93b82a2beea02b6
Eu156_grid1,63,156,grid,1,RAN,0,0,8.367,a20f7f4209c88b422ae359ee1367e7641e9c285ea9f533c3dc79aa1675238ace
Eu156_grid2,63,156,grid,2,RAN,0,0,36.502,d5a4b8477e54f9db5cc386e08a967a1772e9107728a772dc816f8b38b0bba91c
Eu157_rminus,63,157,rminus,0,RAN,0,0,1.990,c26b31388d09cc976c16a8cf5565aa7fdc672bb978a65843af033f36dc455ecd
Eu157_grid0,63,157,grid,0,RAN,0,0,1.998,de5c6438e6b6dbed72e36f0af48992ccb6ab4cd8880fb60a27dc0c6b70b0c66a
Eu157_grid1,63,157,grid,1,RAN,0,0,8.765,4b10a230c023358287ec94f26def3873f12e56d07834142f7573ad2b1597dcf5
Eu157_grid2,63,157,grid,2,RAN,0,0,34.833,ed04583c3cbc3ed4b5997cddeb9e1d8da262881dbea5e8095b5bf680363b523a
Eu158_rminus,63,158,rminus,0,RAN,0,0,2.005,2e42be03690b28b4352ffcf5e6467a07b624314cd329b7f1e1249bb1fb031a51
Eu158_grid0,63,158,grid,0,RAN,0,0,1.994,d33323c47be74198f2520db850d48606bbaa19d81fa37ea8dc94344772bcb230
Eu158_grid1,63,158,grid,1,RAN,0,0,8.726,5ee6c784a029d6b733295ec92fa75e46e09a44f228547e365d723d946024393f
Eu158_grid2,63,158,grid,2,RAN,0,0,34.940,08be8a0dd759ad2da240fc72182bf6875f184ec8ef0c20f5f0f5b2fe6b2bfec0
Eu159_rminus,63,159,rminus,0,RAN,0,0,2.046,44fe2355a97051cf897a7aa05cd41179b21cdf1827376862cee7337af1792628
Eu159_grid0,63,159,grid,0,RAN,0,0,1.920,4eac801fc30776469cd3735d4b13bd6c557184041c14f12c3e61e468f3b2a22a
Eu159_grid1,63,159,grid,1,RAN,0,0,8.484,df11f429d2f47e2bea8ed5f7a1e1ff62a5ec8e5ff92146702900108fed2a2dd5
Eu159_grid2,63,159,grid,2,RAN,0,0,35.765,093c162f0d78e165a19df7d29ffb5ae172e02d6213d502f39c49102e459081d9
Gd145_rminus,64,145,rminus,0,RAN,0,0,1.946,2f7661a9c63b9e9d750dfa3ff5fb6b61850df9b3390c15811e5bd05e6f2c7904
Gd145_grid0,64,145,grid,0,RAN,0,0,2.018,96c3a75e62f2dc31872fcbe00457c49aa5ac843f49a7285381818032636a7f26
Gd145_grid1,64,145,grid,1,RAN,0,0,8.258,61adc63738ef858620866ee0c26977cec74bf2deca6df7e9b6a37f8cc17cda43
Gd145_grid2,64,145,grid,2,RAN,0,0,34.650,bf23ea4c31344b8c5e8becdd2f32b132386c7aea65491832f2667dffd3a80ea1
Gd146_rminus,64,146,rminus,0,RAN,0,0,2.009,6c08d2d72490134e3702e1a4f0efda73bae9a5da36222eb3264b690814f89c28
Gd146_grid0,64,146,grid,0,RAN,0,0,1.965,2cb0698f5edd16a5e3608401b280a995f1b0c869083dfffdce9a6f49a87c820c
Gd146_grid1,64,146,grid,1,RAN,0,0,7.953,b3ff91d68706ca16bcc55d863b8a2501c045c0d4e20973eca35e7feddb8d6826
Gd146_grid2,64,146,grid,2,RAN,0,0,34.134,8fc440b4f416e2d0bd2034ce39c6e28e2b447faba65b9f99e52632ea83e90f0c
Gd148_rminus,64,148,rminus,0,RAN,0,0,1.931,ba7df8cc915ee5aa20be4179e55bccd3687117d30fcdb9c40076ee7263cc52ca
Gd148_grid0,64,148,grid,0,RAN,0,0,2.095,c12318036cf4c97493ed19bc6963a37a5159e409caaa7625a42b59cc11c2d34e
Gd148_grid1,64,148,grid,1,RAN,0,0,8.510,7fb21631a54942602b58543a86990ecf171fdee67f0333dbec6d69cd3bac186e
Gd148_grid2,64,148,grid,2,RAN,0,0,34.488,fae2ff4e11614143a0371d4e612edcc10fada841251257a9b9cb8301dd7ef98f
Gd150_rminus,64,150,rminus,0,RAN,0,0,1.894,a35014d6fda8a2c5c1af0e83b09bd14a58efe62ada93ba063818e436e5646c6a
Gd150_grid0,64,150,grid,0,RAN,0,0,1.892,501dcb7bf81d185374e13751395de880564cb5a623adc325e0c74b5605b84bf7
Gd150_grid1,64,150,grid,1,RAN,0,0,8.306,415ec4a37d2d78f3e764f20c181a58107d399271093bf8cbc85774cdabc75143
Gd150_grid2,64,150,grid,2,RAN,0,0,33.627,05e85ebec9280b6849a40b117be69d057cb50d39e86af361a9b02bb2eb279e93
Gd152_rminus,64,152,rminus,0,RAN,0,0,1.933,3a23f78df6d80c307271de4571ead06c0b771c10c7362fa4f4ae0dc4a4d4b00a
Gd152_grid0,64,152,grid,0,RAN,0,0,1.930,98f0083e6e46d911e12bf3d6c38921e9a5bd8673d2be7ea60481a49626259b41
Gd152_grid1,64,152,grid,1,RAN,0,0,8.342,e3b0c07a0ef72d381fc6988876bff1b955a674b1ed950ead7b6e9dc8f6294b6a
Gd152_grid2,64,152,grid,2,RAN,0,0,37.259,7983369afca3610a36f791f14c75f0f2ee32298e45944c9eced1ddd84980ddd4
Gd154_rminus,64,154,rminus,0,RAN,0,0,2.025,bc4f3eebddd7b3461789275a93da018eb126cd1f93a206716e9a566bc4306d07
Gd154_grid0,64,154,grid,0,RAN,0,0,1.976,de8c9c7db01e23c586af639a7844506ed37a57f3f6eba57fe524de033f159e5e
Gd154_grid1,64,154,grid,1,RAN,0,0,7.975,7376ae9394fba3d4a2a6f65829a8a4379aeab57fbbb751c12785f5da35326449
Gd154_grid2,64,154,grid,2,RAN,0,0,38.219,03e3b5101924aeeef43fad8d4e85d94296205a74d25244667f794df427f3b143
Gd155_rminus,64,155,rminus,0,RAN,0,0,1.987,a4babb31ff1abf35250314ecdfa3d89fad6a2588b9a60af4d99c3a1e462fc1f4
Gd155_grid0,64,155,grid,0,RAN,0,0,2.083,751d4cbdb8ce3d5b606c9ddb8067c8893259044841a9af5c2c8087cc903ccc45
Gd155_grid1,64,155,grid,1,RAN,0,0,8.396,b35acf1ea227037ec2726d2c4564eb78bd14f66d82b1d8cb39d5733b557629ad
Gd155_grid2,64,155,grid,2,RAN,0,0,34.033,1c3e3d43dee021e98b4db29e26570d40988641ac8a21794d6a19d8bd677afc5a
Gd156_rminus,64,156,rminus,0,RAN,0,0,1.930,35696028dcb10443ba001afae0ffc5cbd78be0ddb4758afcc36e62b654f06f4f
Gd156_grid0,64,156,grid,0,RAN,0,0,2.043,8cc2b44048c9b7b1576b4adb511f19e8a8bba4ff3107a41a2a4a5f351ee13543
Gd156_grid1,64,156,grid,1,RAN,0,0,8.557,18d4ea30073c8f43ff0876c02a7dc6a98bffeeb642fcb190e2ef1a80427137ce
Gd156_grid2,64,156,grid,2,RAN,0,0,35.469,f135c1bfd9340ef03fa60a1ef4d226b090df006bee7a0f1b38b0b8e7fc97803d
Gd157_rminus,64,157,rminus,0,RAN,0,0,2.097,3333aeae696408b1e0829343445dc44298e5291040fb89c19cd821a99c650466
Gd157_grid0,64,157,grid,0,RAN,0,0,1.989,1c796e3eead6db776196e05f71e0d053538f802d2952882cfac956355b11c6c8
Gd157_grid1,64,157,grid,1,RAN,0,0,8.442,bd425a5c8a1524b71a6e5985267e70d95927834aa1c7e0bdebf20ada924cf487
Gd157_grid2,64,157,grid,2,RAN,0,0,39.076,3a7e8da06022cb1d9451b6ced0f44d0ee269a7d2e0a815199e39bfad87b1d3a6
Gd158_rminus,64,158,rminus,0,RAN,0,0,1.965,4792a45549bb8d6b2b8a982721c026d66778fae8a0894f576447348a186bdc32
Gd158_grid0,64,158,grid,0,RAN,0,0,2.073,3b97e2ef63c40d8209aaa1790cdbd06a858b3d0df9acaf830dfd1a66ea2ba496
Gd158_grid1,64,158,grid,1,RAN,0,0,8.517,d9557a6e9497feae94994cb47cbf613ced49fa4c8b44c05cc6e2b39c6633a069
Gd158_grid2,64,158,grid,2,RAN,0,0,37.167,3922f60f0be4de2501e2ff202af2b7f3ab4b21645a7c12eb446773716039d7b5
Gd160_rminus,64,160,rminus,0,RAN,0,0,2.006,10153e5e17fbef8b4a217105ff561a4002a332af630a39330ff20c7329d04536
Gd160_grid0,64,160,grid,0,RAN,0,0,2.009,68ec2cbe89a02c9eb5e88d2e834c144c326eb5a4bbebfb95fb71afe43da378e3
Gd160_grid1,64,160,grid,1,RAN,0,0,8.676,bede144e4dbef56b884bae32a0780e56895704c2408eab276937ff861af72e8a
Gd160_grid2,64,160,grid,2,RAN,0,0,33.656,96cf98ea1bbf08ad8ed75c8114f11a2b71de0733a475ebeec7b83586a63899e9
Tb147_rminus,65,147,rminus,0,RAN,0,0,1.936,f70c1cc281e663ddeac1034638ca738ba1b1f6c13a42f49b459a8f813f91cde4
Tb147_grid0,65,147,grid,0,RAN,0,0,1.783,02ec2a90f8c002a97572aaaae914a6872989544e1dcc691b8b531bef141e6170
Tb147_grid1,65,147,grid,1,RAN,0,0,9.240,2110c93d7ea2a64691635ae4e4171dd36a1e86177defa8d4f577e9d422834f8e
Tb147_grid2,65,147,grid,2,RAN,0,0,35.942,ae4a02c53936274278ba0b7169a5ec2b154de9c6bbdfc5ee9627d0ff9ebdb2d7
Tb148_rminus,65,148,rminus,0,RAN,0,0,1.994,6c28a5266b1121d41510429c7b62305cd1f2cce22063624f615c7baa4296ebc8
Tb148_grid0,65,148,grid,0,RAN,0,0,1.864,604ced3cc70c12866d24c0e13f7aabaec12ede4b187e7b6c463911bfc8e8c617
Tb148_grid1,65,148,grid,1,RAN,0,0,7.985,a5406d0c25c6ba41798242e60858c7f4523b238855da82ae08b7775941a42daf
Tb148_grid2,65,148,grid,2,RAN,0,0,34.270,34e75368395d64866bf35985e430ae0386e4774f44e65ab42712bb7f336356f1
Tb149_rminus,65,149,rminus,0,RAN,0,0,2.089,90be9ac5bc126ecdc576e52b318dd59373fd6e9804c754eaa6970963bc117767
Tb149_grid0,65,149,grid,0,RAN,0,0,2.066,6211fb4987f099ffe37be7e06710d49cb6a527a613299311b69260345d71aa71
Tb149_grid1,65,149,grid,1,RAN,0,0,8.146,97d2877aa7b7129bbe71f2883d7401e65404845c1ddc2ba81ceea56493a0890c
Tb149_grid2,65,149,grid,2,RAN,0,0,36.410,6844a509dfac66e15bcb77a8ab6b99751c0c6e0cb5afeb2441d310eb43f842e7
Tb150_rminus,65,150,rminus,0,RAN,0,0,1.965,0595fa146d71e788e6fe415ba11153258d2129b789ef038f4507a815c2c73d34
Tb150_grid0,65,150,grid,0,RAN,0,0,1.964,e2e636df26e0150912f1f6f6f132bfb55c5e310dff5fc7ec2b9f7ded32efb917
Tb150_grid1,65,150,grid,1,RAN,0,0,8.492,3474c143f047a031064775d279cc9a56e8d182cd624c5f3c550a074e04620161
Tb150_grid2,65,150,grid,2,RAN,0,0,37.307,a757ac0f03ebbfb2e2205a2b8d47d2f51e1ebb47f1035fad56491cd745ab87a8
Tb151_rminus,65,151,rminus,0,RAN,0,0,2.040,e57784bed4af8e765c4ad5f40607280ff9fd0333f45d6df0876fd9056ab60469
Tb151_grid0,65,151,grid,0,RAN,0,0,1.883,df8f8de86dd04526f8f826e63cab58be626d74848cf16010fd4f7373e2b6ff11
Tb151_grid1,65,151,grid,1,RAN,0,0,8.900,9ebd1c5bbec9cc15f1eda399dda110e98bbeeb7eebfd6fff728cc1fc30acd793
Tb151_grid2,65,151,grid,2,RAN,0,0,34.689,75ee63362e714309a9400beb23b44e170157855321e5eea4306945866e3f0aed
Tb152_rminus,65,152,rminus,0,RAN,0,0,1.974,4325028fdbba09f5a34ded2df899f0f8f3476008cd4b318e56601ce082723fb7
Tb152_grid0,65,152,grid,0,RAN,0,0,1.821,79b1d45aa36ad108789a3565c9e831860f409e2c63a031445c68122c188d6546
Tb152_grid1,65,152,grid,1,RAN,0,0,8.328,6a155ee8145062e39a26cd5e17a6908c23d31e6f70ca870a9e164244fdd4e005
Tb152_grid2,65,152,grid,2,RAN,0,0,34.845,b89e495cd49ad4cefe90192582aadaaa6ee9b4dd8e96118580d91658b43d1c43
Tb153_rminus,65,153,rminus,0,RAN,0,0,2.070,37241eac841c1b3c613b7d049c25cba0e74f1f2e29375604e537a01d50bd6919
Tb153_grid0,65,153,grid,0,RAN,0,0,1.804,edafe893a686727a80c80b4c1935e06e262068207fdc42880dc41a7e45c0aae5
Tb153_grid1,65,153,grid,1,RAN,0,0,8.268,eb4331119eb5f46a2cf9bda920074172397af9665ed9ac996d5e2ae577503ed6
Tb153_grid2,65,153,grid,2,RAN,0,0,34.086,99a8fe44f0d9820700b108594ac26e738aa896f265a5f82ddd40477ab5328e51
Tb154_rminus,65,154,rminus,0,RAN,0,0,2.034,c9dbc8229c387403d5247e52dc12f95754e4335dc04faf492e6f00e91d77457c
Tb154_grid0,65,154,grid,0,RAN,0,0,1.859,f8e7700636f88d57cb0d1d5ee8b88202a2c8590ff4e25a605540d8333095f001
Tb154_grid1,65,154,grid,1,RAN,0,0,8.847,9d3712a6e2a4e57b897b9440f89741ec8c211a3ec2e360d4b5bdb91dec8d14b6
Tb154_grid2,65,154,grid,2,RAN,0,0,33.730,1c072658cde3e9a8c32636015f545b04fe5055c9dfd2de4bee0979323f8c8209
Tb155_rminus,65,155,rminus,0,RAN,0,0,1.945,be9137ce36340afce8f4e8fe40266ca860352df98eb5e3de6959f682d24f960f
Tb155_grid0,65,155,grid,0,RAN,0,0,1.897,a03f63df58995c1f3b459b36f9a6ec637d8db0ab92adb939bb76dea19284bd2d
Tb155_grid1,65,155,grid,1,RAN,0,0,8.868,4289e26f8fb340e54efaa6848e8ac044f5287419bb3399138d8460a171492366
Tb155_grid2,65,155,grid,2,RAN,0,0,34.821,b5c988e0348fdc37d73d6d42b52234190e9b43dc0caefca9c17e93fb8cee3eba
Tb157_rminus,65,157,rminus,0,RAN,0,0,1.991,62cf4addd841d75ade6e91d3fb0eea1e699962e73a0cd0a23c2a4eda0fc74a4a
Tb157_grid0,65,157,grid,0,RAN,0,0,1.958,22f920d1fd8034ef6bf7a927fc24a34a1ef5aaa4b84b0020cd57929a285cd7bc
Tb157_grid1,65,157,grid,1,RAN,0,0,8.291,ee275c22436057ac5427352c3785b4c2f09107f1d1f031f45e4c7445f370f67d
Tb157_grid2,65,157,grid,2,RAN,0,0,36.518,2b1451cc730c3b964e8c4667d9c8f8e9e5ffa5851c1ae85bbf9c114552b4145a
Tb159_rminus,65,159,rminus,0,RAN,0,0,2.022,0c21ceb175cc5c65d7e458711faa176b4bd6afd3035baddc345a7533c71dfa27
Tb159_grid0,65,159,grid,0,RAN,0,0,1.899,b37684136c4a2bb681e9248ce624707f71e30f305b8806edaa2ac811e16e486d
Tb159_grid1,65,159,grid,1,RAN,0,0,8.138,4ab313fde70866cbef6516b63fd8e910871a8b9c57a115ce71cf6809e65cfce6
Tb159_grid2,65,159,grid,2,RAN,0,0,34.083,c004bfd7ace3dd796e9f117bbb28146d915e295bd6359f220b85ce8440218443
Dy146_rminus,66,146,rminus,0,RAN,0,0,2.006,b54b1428769334f5a899195947b637a16b8c9600235cb92aaa80a95e8b2afd63
Dy146_grid0,66,146,grid,0,RAN,0,0,2.087,ea19abe95edc9d5dd42cadfee52a5503d93e4c1520c1c26d188d14ea9dbd8029
Dy146_grid1,66,146,grid,1,RAN,0,0,8.206,34b697935c9acdcc08bb88bc276c08a76000dcaf0c22c3f03d1ad71bdafb9fb4
Dy146_grid2,66,146,grid,2,RAN,0,0,38.375,26abd884e039526d0cba9b4120080a6b935a201e67c3f12cfe5608e805d5145d
Dy148_rminus,66,148,rminus,0,RAN,0,0,2.070,bca572044e36f2fdb0b9381cf696cdaa17134218efd054dc8544b2a7d0723160
Dy148_grid0,66,148,grid,0,RAN,0,0,2.011,6ce88ba23cdfad823711b1a41a12b0b7b02dfb8af2148f4ccb5424d6eda33503
Dy148_grid1,66,148,grid,1,RAN,0,0,8.072,247b3f5b009df4424f7c045e5fd70d44052e8631ba69d6bafea3911a5a7afa5c
Dy148_grid2,66,148,grid,2,RAN,0,0,35.454,baf4bda6452f4a7c9b61d88355abf75fce5c1ea58832cc6b91e036f888a367f9
Dy149_rminus,66,149,rminus,0,RAN,0,0,2.032,5b335a926e0956855b9a3b6f1cf9e28d936082a804611340dcb4e9ebd84c95bb
Dy149_grid0,66,149,grid,0,RAN,0,0,1.985,5364831b76adbfc5bba6aa17c56707c7c6ed558e19c0f24067bf71aa5cd8ad71
Dy149_grid1,66,149,grid,1,RAN,0,0,8.500,287e04b0c8fccd775e9d721767fe712125a26fc10a0061780659cbb491b14d3f
Dy149_grid2,66,149,grid,2,RAN,0,0,36.623,ac8e78b1ea84c9ab63032e5e602b06fc4c0e063315ce8fbb6a2e608905077f43
Dy150_rminus,66,150,rminus,0,RAN,0,0,1.958,3e115323b001e81b13b561ae680656ecdb3f41813791b75bd4d24552004b5706
Dy150_grid0,66,150,grid,0,RAN,0,0,2.040,bd2eb726f7e9fba9f7c1e63d0ce853e3745a2bd8ad3c8ca116c6a74ab7f3ef8a
Dy150_grid1,66,150,grid,1,RAN,0,0,8.545,36514dd3e76991126ed0aacaa02c7baa5dce70f7a5d1b02bfa1b1ac194d05d6e
Dy150_grid2,66,150,grid,2,RAN,0,0,35.859,008f83f70b6e9206bba7eb8a8ec6b632a0c2e0adba7a86142b60fe171b60b64b
Dy151_rminus,66,151,rminus,0,RAN,0,0,1.904,e5947bba0678ebfcde3c32e9bf41cfcf352139117bbb65d9e281d50d3f62d265
Dy151_grid0,66,151,grid,0,RAN,0,0,2.121,ae1ea4b7bab1cc5ccb5d0056f72addd66d7b183090eb4fcee072dca546af4037
Dy151_grid1,66,151,grid,1,RAN,0,0,8.330,0b05236cce37add79ad45374fe866b90ca43663c7ad6547cbfa95dc0ca246529
Dy151_grid2,66,151,grid,2,RAN,0,0,36.071,396e9b14802b4ea1c2d24b53d4b348e5c4ab77e62b10f20f98ae3763a432f717
Dy152_rminus,66,152,rminus,0,RAN,0,0,2.004,a6bc484770a4768a4cdbb21173d756111d47a76055eca9a3a838534effd91f26
Dy152_grid0,66,152,grid,0,RAN,0,0,2.112,c928c955afda943d839774106347ecdd60e6e67b88d350289b35082904a4aa73
Dy152_grid1,66,152,grid,1,RAN,0,0,8.267,7094bd4a54d51106c4909031eab8abcb49dd7903d66899d9c7a7088d644b6b9f
Dy152_grid2,66,152,grid,2,RAN,0,0,34.587,f29d1ce8bce80bef2de158deb219a2fbbd9030313c5b58dcd231ea3a344ca273
Dy153_rminus,66,153,rminus,0,RAN,0,0,2.036,bba30303aa75051a363ca444870ea1ff945de2f9c7baa04f33f6a6f3f5a4cf73
Dy153_grid0,66,153,grid,0,RAN,0,0,2.187,9fcf23a0cf21a804fd541b8d63a804c75c919ff712b8a4482cf6167e3885da3b
Dy153_grid1,66,153,grid,1,RAN,0,0,8.507,c694e28435ae2a1b4fab6610fdf7d2cd530a008ac7b9f1f397a8fe4af356c03f
Dy153_grid2,66,153,grid,2,RAN,0,0,37.003,16f02994bd4381007010dfe99e2eb55a954ebf5f6aeb7e9afbe094bd954e13fd
Dy154_rminus,66,154,rminus,0,RAN,0,0,2.081,94d710df60a8937e25ad409c35461f7b7c6f1b6a9ee4a7b598458d63121bd95c
Dy154_grid0,66,154,grid,0,RAN,0,0,2.166,dfebf57202ef3752d77935d37d14865fbd052808fd4ab7b352b2c36e21afa846
Dy154_grid1,66,154,grid,1,RAN,0,0,8.760,53f8d7ed16a5e8dc06d18beb0b8105ab5b03c7f00f1aac9c54524770804a9804
Dy154_grid2,66,154,grid,2,RAN,0,0,34.305,a9e2359dcf88c157bdc29704c7a4f6a5c0aec1b81e42a2b63763d834507aec48
Dy155_rminus,66,155,rminus,0,RAN,0,0,2.215,fed0ebf1c29965b6240010745a1a81c5104bd391f56e5153a027407062ce4ab0
Dy155_grid0,66,155,grid,0,RAN,0,0,2.207,fff39c5b7232d1a8c8ddf759717a84deac668552fca0bbfa1370d9175588fcb8
Dy155_grid1,66,155,grid,1,RAN,0,0,8.775,03394695a0c4d59a3fbbd85f9d5add51b89bde31c016d852a47e7a383ea2417b
Dy155_grid2,66,155,grid,2,RAN,0,0,37.239,14494c60a8422144b78d87bffea9e0ca4ec136c1cb0fdd61fa187cb28f0fd727
Dy156_rminus,66,156,rminus,0,RAN,0,0,1.980,6ba3e6fd5dd3f9bfc4398bcaceeed6dd0e625d4a77ae4f9f29387e5c1651b01a
Dy156_grid0,66,156,grid,0,RAN,0,0,2.032,f4874416d556795dbdd8fb68aee038c89dc2f6a0711481f0a4f25728e7587ba8
Dy156_grid1,66,156,grid,1,RAN,0,0,8.239,ad388e1e120ec0a1d76427a173c18f5a58fd372496c6616ee4b336932d344e1b
Dy156_grid2,66,156,grid,2,RAN,0,0,37.311,f2d9d2477bfafabb509f6a46235bd35493182f877de57de199b1d9e7f5ebb570
Dy157_rminus,66,157,rminus,0,RAN,0,0,1.983,9650c853f433f4ae691382c1430581a449f847350c3173257b5cd8e9aae54a82
Dy157_grid0,66,157,grid,0,RAN,0,0,2.114,4e09a46af9cd8fe19ddc6e9ef963b5fb278f04edca972a407b118f9971b80568
Dy157_grid1,66,157,grid,1,RAN,0,0,8.419,2c3348eee903f6ca7060a2d96d35857e10a0cf07e72896616ea0f6df152fbd43
Dy157_grid2,66,157,grid,2,RAN,0,0,35.033,a242ea4fe7f5e136c3deb655785fe8dfb0c398c7a6f941d8f98f3710a5cc7ce9
Dy158_rminus,66,158,rminus,0,RAN,0,0,2.044,afcee604228962540c1ecaedbbe457cd4675e5c26a34fcc4d790c20693210580
Dy158_grid0,66,158,grid,0,RAN,0,0,2.069,dbe561731560a926f521b17ccdd0150fa39709d635dc8eea608eb95d1786fa23
Dy158_grid1,66,158,grid,1,RAN,0,0,8.557,9fbb554c8e863b2fe6b2207cff2a00dccbb74aae99d4e888536858af5fafea0f
Dy158_grid2,66,158,grid,2,RAN,0,0,36.249,ce3534ded9ffcdbccf409dfbd095b43bc12a700261c69faf50aca3cff2ec3026
Dy159_rminus,66,159,rminus,0,RAN,0,0,1.958,170917205e69cca16e78f1c20694246b0d874eefda20dbf1c4a9e04e4278fb35
Dy159_grid0,66,159,grid,0,RAN,0,0,1.979,ef34f72d0f86b971536ed6d6069c94fb1fc2aef8408cbf757f589f66154ee623
Dy159_grid1,66,159,grid,1,RAN,0,0,8.611,950fcbcf59db52c5c0d3adbaf13758b452252e317d08df843847de403985b7d3
Dy159_grid2,66,159,grid,2,RAN,0,0,38.816,6c886ffa260304f2f162fe12f12c58aae035d623766dae67f3cf2dbab93edb11
Dy160_rminus,66,160,rminus,0,RAN,0,0,1.992,7cd172be7f6e0e96bc3400ef2fb94e90e37bcb7759e267a26ca62f90c986226a
Dy160_grid0,66,160,grid,0,RAN,0,0,1.905,0669a6ffc9c8f12846fedc38f65b5ce564071f6df8b465b098ba1c790a9ad8ff
Dy160_grid1,66,160,grid,1,RAN,0,0,8.292,f5a48d29dcdf823cf76adcde2760ee5f73fc03c4897244212edd60c236584225
Dy160_grid2,66,160,grid,2,RAN,0,0,35.374,ed0e4da2027a7446ed54a17819795c855e163c49b03cc66c6a38e4241e147432
Dy161_rminus,66,161,rminus,0,RAN,0,0,2.059,96868c3d804d5d19f5dfcecb09e3b4bdf27cc97d758e88889928f8a15bd13e40
Dy161_grid0,66,161,grid,0,RAN,0,0,2.112,eb384b7e3adb3e90778bc241db9bf3816fb82a0da25e8423e80f095809c4a504
Dy161_grid1,66,161,grid,1,RAN,0,0,8.558,7d02c31062f806fc29dda0a9a6979ce6e0e1a719c08039127bf569dc426b5c72
Dy161_grid2,66,161,grid,2,RAN,0,0,37.008,020475cf5a01995c3da153ca8783e4b4f63f3b1c2d9bf527fffdf80dfb68014f
Dy162_rminus,66,162,rminus,0,RAN,0,0,2.055,720104d244f530a3c1f15a51f7881297af4c26bc0a1fa54104170a50b279e465
Dy162_grid0,66,162,grid,0,RAN,0,0,2.085,1a65335e7da3ee1f2d61be3eb45d54a21ee3062bfcbcefc97f75616e4969aeab
Dy162_grid1,66,162,grid,1,RAN,0,0,8.214,ec9008010c9d9a7b9e2394d715c231c751e8c02fa51a4396913dee670c330f18
Dy162_grid2,66,162,grid,2,RAN,0,0,35.891,4dd7bfb2f089ed45c1d7d640b0657103662c720ad4c45f4da4877765bcd35581
Dy163_rminus,66,163,rminus,0,RAN,0,0,2.001,ba180e2f6bfb83c5ace6bfec6d29780a8c292b388a8431b56235f6a0a999c3bd
Dy163_grid0,66,163,grid,0,RAN,0,0,2.095,9fea62f6d6cc297ee0615f1ea7485a160828a25214c738ffb1584063eb6a332a
Dy163_grid1,66,163,grid,1,RAN,0,0,8.292,367c629e90cd1d33698a55b5a7163bbf6322ccc97787587a1afe867e048b6c2b
Dy163_grid2,66,163,grid,2,RAN,0,0,35.826,0c16623e8f8d46089663ecb62e6cc87ad01c2b8621502b45e197289d32967d55
Dy164_rminus,66,164,rminus,0,RAN,0,0,2.067,9ada85ae46878909419aecdfce6fd60e24b7f3905b07bcd9e2060629c599ca3b
Dy164_grid0,66,164,grid,0,RAN,0,0,1.987,b0e201666f23eb5c0fa0eddf204b1020d948bf2cae78e2a66881299ecf7019d7
Dy164_grid1,66,164,grid,1,RAN,0,0,8.531,eb8fafcbe1b31095e62c70c4ef74e10f55c9ad46ef9f19d3b17786468be594d7
Dy164_grid2,66,164,grid,2,RAN,0,0,35.150,e4f23240a0d780c525a69978eea320b71f9c0be7efec40c8de215384b0dde9ff
Ho151_rminus,67,151,rminus,0,RAN,0,0,2.142,e6f2ae62041a8305c3cd16fda1039db791969bef0f1f28572cebbad403d9a401
Ho151_grid0,67,151,grid,0,RAN,0,0,2.106,96960006d94f90d5e86292ca44c57da3e27e59b23e19d72103392d1db71a1afd
Ho151_grid1,67,151,grid,1,RAN,0,0,8.233,d99288984e89fb093e383c7eecf0e8505e3cb23c3e2e44f297eeef1a0e3015d4
Ho151_grid2,67,151,grid,2,RAN,0,0,36.363,df2c3b8a729365ff088527ae908221bdcc001f0796a0d0bd1a144428a765c724
Ho152_rminus,67,152,rminus,0,RAN,0,0,2.143,4d5efecc9028b3282baff97ce68cc18fd458bd5c9202551bf5ab0a1d14ed966d
Ho152_grid0,67,152,grid,0,RAN,0,0,2.147,2d9545cf1a96173627364e5129066a9397501bed8d47293e74009c18a37f4943
Ho152_grid1,67,152,grid,1,RAN,0,0,8.394,9673d73288f9cd803cfdc5103dabcc0a3e8f251ce0173dcd205169df2243574c
Ho152_grid2,67,152,grid,2,RAN,0,0,37.335,9e81746099190984951b348d21902270b68c9748d9b75968c4aa9ba41c6cf8a6
Ho153_rminus,67,153,rminus,0,RAN,0,0,2.167,0b6ab76d119e9abd2fa6513be42b88380dc82957c86147a6b2f0b00ceb0c0c02
Ho153_grid0,67,153,grid,0,RAN,0,0,2.115,74018bb10245e3136b433f3ce715794be0dc8adffd32130ef5a5fe0a7158dd3a
Ho153_grid1,67,153,grid,1,RAN,0,0,8.584,a8d63ad484d252015b6755753fb0e8c68a47637613361a11f29f3c814cf1f82f
Ho153_grid2,67,153,grid,2,RAN,0,0,35.632,84b628e3507ccb708e18a7282a3571a936f6fcc506050fda18b9a35dc0fe4bc9
Ho154_rminus,67,154,rminus,0,RAN,0,0,2.077,a1ed1c2ec71d66b1247b084b10cae43e45a6177ef18f4d2baa7f8ba94a325733
Ho154_grid0,67,154,grid,0,RAN,0,0,2.113,b027cee15398e53f4c3a1bb0387b976767854a4ae6439da7a1a29e4be7b58b91
Ho154_grid1,67,154,grid,1,RAN,0,0,9.381,9cab7037912f37d1019d483c64ca1bd215bfb9d81791983e568481a0f68c62f9
Ho154_grid2,67,154,grid,2,RAN,0,0,34.711,effaa4ab9af8a014d5335a73b79d5cd520b6f89d629cefa8887b87020678489f
Ho155_rminus,67,155,rminus,0,RAN,0,0,2.095,c22418bc29168f57ea19a22b7cded38fcf3324684db83079e759b878f804f4f6
Ho155_grid0,67,155,grid,0,RAN,0,0,2.115,4bd20b9900b66c6e9b1dcbd3570af09d792655bc7cb4bddc75f53a53626d846a
Ho155_grid1,67,155,grid,1,RAN,0,0,8.792,708452dd781c6e174a95f4553ef08d4531ce5a90f7b2d19938c6f06a899b455d
Ho155_grid2,67,155,grid,2,RAN,0,0,34.292,93574e7c710691ef127bba2439b4481fecbd42eec082d07f40d869c036ff6403
Ho156_rminus,67,156,rminus,0,RAN,0,0,2.046,ec31d3f9fc5ef067351f60ca410eb9851f3b7f75661d88af2ff17f490812f301
Ho156_grid0,67,156,grid,0,RAN,0,0,2.152,7150923d3b6d9376a6c60dbae86bbc3bd9417f729a68f19c1594c5204ece80a0
Ho156_grid1,67,156,grid,1,RAN,0,0,8.440,06967988608185a9b418631526decff7a38573cbe2371fb36955f6da2c26d159
Ho156_grid2,67,156,grid,2,RAN,0,0,36.212,076015329e5c64220f9ebf238aefb186a1734d4addb79a1eaf99a8a9d1358c0e
Ho157_rminus,67,157,rminus,0,RAN,0,0,1.995,8ec1e2e178132e8ca3f1371794ffb9d604eed473b27456cbd961518630f75f2e
Ho157_grid0,67,157,grid,0,RAN,0,0,2.148,9dafa5466476ea48bd39e956ae3d2dfe5b0e22ae02e511950e1fd15dac702e6e
Ho157_grid1,67,157,grid,1,RAN,0,0,8.351,f911d194c209cfe5e714abbf2df1c7c0ffa538f391408fbacf10d9c32bbbaddb
Ho157_grid2,67,157,grid,2,RAN,0,0,36.669,159a3f8dcb9dd9db852a2f2c520de792aa6fd5fad85d30b1443b4b3d1b773f37
Ho158_rminus,67,158,rminus,0,RAN,0,0,2.059,9897209a0480f0b8e666bdd101255694366314e4c6688d4ccc9b9d9b5e4aa23a
Ho158_grid0,67,158,grid,0,RAN,0,0,2.049,803abe9ecd0173360465b4b4ef40692c7f4a2c2022f11e5ed7e93fa11977bf85
Ho158_grid1,67,158,grid,1,RAN,0,0,8.924,85c02e5cdb08ab5c89d6b9ea88efc4f5ddf6e60a9839539e0a9705d36391c473
Ho158_grid2,67,158,grid,2,RAN,0,0,34.017,3202b50af4ae7853bc4dccfcfeb24ccd244b35e466906fc08a0fd48aa992d621
Ho159_rminus,67,159,rminus,0,RAN,0,0,2.084,365b607c15dbaf1f4a8f8c0829cdece76c896a3afaac85488425f025165d30c8
Ho159_grid0,67,159,grid,0,RAN,0,0,2.136,dc801a97a8c0ebfb746bff99a30f9771b17ebcc1145cfa11296e8f9a0b604529
Ho159_grid1,67,159,grid,1,RAN,0,0,8.522,6e51ec837490dd326bfbd452817f46c6041c523e347e1cbfca10a51147a1f45d
Ho159_grid2,67,159,grid,2,RAN,0,0,36.820,5d707141e2b90080848d12009f817d9e192043a8ff1420b3b4cb643c2cee19af
Ho160_rminus,67,160,rminus,0,RAN,0,0,2.037,d86af5c9ead01414a8f5f44749411f33b9bf05e9a157c60f204b32a29dccc9b9
Ho160_grid0,67,160,grid,0,RAN,0,0,2.223,fe9a44ad025598b0d759b46572271a99eb98c2011e28552c6b24900fb25f2065
Ho160_grid1,67,160,grid,1,RAN,0,0,8.450,fc2ccf005dcde47896745a8bb0b4788965ed1bb6cc9901e39d13ec78a8c0c657
Ho160_grid2,67,160,grid,2,RAN,0,0,37.273,9d79bf9676dfe57acaa4234e3b8dc7326b4ec2f7f258654813a9f3d973dc8d8e
Ho161_rminus,67,161,rminus,0,RAN,0,0,2.079,08a151459f9435ea865fec3561bb43be6f562efe12448c34264919fbe45e26c7
Ho161_grid0,67,161,grid,0,RAN,0,0,2.119,074c50b204af36f5a3b8899e2088c9db8476c67059a7aafe3fd82bfed6e51c07
Ho161_grid1,67,161,grid,1,RAN,0,0,8.168,be715d7d9ef3c897ea77ea170d2bb1b5fe1a6888630ff968eec24f13441b9c78
Ho161_grid2,67,161,grid,2,RAN,0,0,37.342,0db6c10ad23c48aeeff09e9f1fd347f7acfc56e43bcdf171f9580a26f0dc23e7
Ho162_rminus,67,162,rminus,0,RAN,0,0,2.000,91d9d33c9f4bcec60ce7d6d88ebf0e4ab849b42da6b6ba883cb858886c6cbc06
Ho162_grid0,67,162,grid,0,RAN,0,0,2.070,abc1e2138ee4ff7027100c765bee5183f76fdf3b41cd18e29ef43893739dc6d3
Ho162_grid1,67,162,grid,1,RAN,0,0,9.059,0bc378399db610578969bfa2810b417e274c312f9093a3270fe456e524ad5eeb
Ho162_grid2,67,162,grid,2,RAN,0,0,34.561,fb1761e7d3018d80015a1b1cce0d41ef99fd85bd4e34bf1ae31306e0abf3c169
Ho163_rminus,67,163,rminus,0,RAN,0,0,2.096,9adf8b5b7ea37384e7497bf88cdb35ef27afa45d6d2c234d21ac21921bcb5579
Ho163_grid0,67,163,grid,0,RAN,0,0,2.162,15343aafcd2a9c466b96f91dda825ec831fb937f5a822a4efdea4336466f7c3d
Ho163_grid1,67,163,grid,1,RAN,0,0,8.343,d285c0a2b7cc7ef4a35a97a4ef671766d1f6852e1274593d8466cdfee56ff5fb
Ho163_grid2,67,163,grid,2,RAN,0,0,36.360,76f38f3c1e3f9c85e90c5dd8c334b391fce0a7f3b82c7515d505dd494e84aff2
Ho165_rminus,67,165,rminus,0,RAN,0,0,2.102,091b08ba43c820e0c1272e7e83bf3eca31d7816da6b4b3d4520709ba96d62ca3
Ho165_grid0,67,165,grid,0,RAN,0,0,2.106,474941fc65550e2448e831d212f693579e7aab47401d0b9b27113f5555b9db7b
Ho165_grid1,67,165,grid,1,RAN,0,0,8.307,9321c47a2100901f5c4c06dd9335dc769dd5afa6a0b8a03ecfd0031ec3adb8c9
Ho165_grid2,67,165,grid,2,RAN,0,0,36.266,a3943317636cc1219f60966a4ea1a282412a8c20edfe6ad64b98ec99ee474bd8
Er150_rminus,68,150,rminus,0,RAN,0,0,1.904,dfea2ee0b29bf260cc064c0bf5f3b1dbaab16ebf32f24d36d01049cb0f3174f0
Er150_grid0,68,150,grid,0,RAN,0,0,2.100,751807a9031e59f466142b1e258ab86a3940d21a82921f797d8c61e34fe51b80
Er150_grid1,68,150,grid,1,RAN,0,0,8.723,7a7510e3a40104e918cf4d1adb94f5e3673c02f44dd07959268f0e659af4e76f
Er150_grid2,68,150,grid,2,RAN,0,0,37.023,aedb21f6a5f8f0f55af29848a7bef83dd42fc33e4755303d6ce0161e2d064b02
Er152_rminus,68,152,rminus,0,RAN,0,0,1.934,558ed5b6f686c08f88cdb89fc046786c60d62a23599e6c0cc15aeb92f9bf0d19
Er152_grid0,68,152,grid,0,RAN,0,0,2.139,5e8027b41a0c4e5f52fd662f88d8c351424d36a8ccab8c8b61e5d4279dfb96f7
Er152_grid1,68,152,grid,1,RAN,0,0,8.548,e23ccf838e719bd87261991473da716ecf11b2ea3b077986f08369aa662a103d
Er152_grid2,68,152,grid,2,RAN,0,0,34.255,bb89b43744e313d319ddbdfb0db57459ccebbb0a8f9c28468190161de9a9aeac
Er154_rminus,68,154,rminus,0,RAN,0,0,2.109,64f0fb6f4d91de5049670eb79627c4d37e244908fcc9354984de717886be57d8
Er154_grid0,68,154,grid,0,RAN,0,0,2.101,79a14dc40427260b72e95fed47a2aa8f9984e60e35dd3d6fbbfb928a504de0cc
Er154_grid1,68,154,grid,1,RAN,0,0,8.346,0acd2139c08f1369e2132cdfa0eae43790f5dcf83d6c62a6055d142605e01bcf
Er154_grid2,68,154,grid,2,RAN,0,0,37.804,b340c67d54e3841aefa94137f57645a54fc623a7c20a3d93fe8a219d38e99395
Er156_rminus,68,156,rminus,0,RAN,0,0,2.081,18adeb75da2961ba6852040f4d8009285623ec0223d541a31b9d0a1ec18e916f
Er156_grid0,68,156,grid,0,RAN,0,0,2.257,bd87609d7e6a6780927db921c1280ac71d43fc6deb1a06c117b442d11334555b
Er156_grid1,68,156,grid,1,RAN,0,0,8.632,863cddd9d183200504808cddff0416ddd68c0998166a48464796c96561f05e2a
Er156_grid2,68,156,grid,2,RAN,0,0,37.493,4688628044c35431bdd36ecbe0911145c82eaa67d15e3f5500429e2bf3911d79
Er158_rminus,68,158,rminus,0,RAN,0,0,2.078,cccefc719eef6e34e6801cf84aa199ba6770d3f45415ae7c1ae20e24667533e8
Er158_grid0,68,158,grid,0,RAN,0,0,2.194,258ad9388087e6f9e417ad45fad581f85537c77408278b63828c9972861dd447
Er158_grid1,68,158,grid,1,RAN,0,0,8.813,d8fe8e8303eae28d70b4ad0451620401108eb2344e4732363e0bd5ae581b708e
Er158_grid2,68,158,grid,2,RAN,0,0,35.653,7e2f8ce19eab7b30dab566165b26795e051484740b6ff763d2740d433f5184a1
Er160_rminus,68,160,rminus,0,RAN,0,0,1.982,a330f555dc6ac90b22f67dd9f07f41b863dd9aad6fd58bbbe6040bc6589bcf0d
Er160_grid0,68,160,grid,0,RAN,0,0,2.173,49893fec0f7f2a9ccb074e95bf51b7ff100484ea0529b26384367d6815fa388d
Er160_grid1,68,160,grid,1,RAN,0,0,8.817,dce0a9c648a87e1646db8da14af8848815c0f4a26c4a386a2fa0bb93fc64124b
Er160_grid2,68,160,grid,2,RAN,0,0,35.844,5d1aa78a5c2e7cd1f695a5c0651c3a345403bf1d09fb5686e49c6198c3615cce
Er162_rminus,68,162,rminus,0,RAN,0,0,2.051,fda2f4423ea4533ad6d0a888e5d1c3a63412236755ea4699349b8adead4f6408
Er162_grid0,68,162,grid,0,RAN,0,0,2.201,837d5c6c02f33f0bc03d6b0cd39ea954eec448c7b071bd7beb9113ae8207f7a3
Er162_grid1,68,162,grid,1,RAN,0,0,8.323,0785d94e9c9ed5efd0bf519df9f78310fef18fef846f44a5090dc4b411bdd820
Er162_grid2,68,162,grid,2,RAN,0,0,40.045,fcf33615dba4345139895b42bf342448e1c4e309c002c911be1d5648f0d3e173
Er164_rminus,68,164,rminus,0,RAN,0,0,2.138,2f960c0cd90924b1e9f67578f5605442f2670cdecd94aaa3f488bc2ae7cd33cd
Er164_grid0,68,164,grid,0,RAN,0,0,2.186,8584c27c66f747664a06320738bb19abea190b0919b849ed5ff0097828c17910
Er164_grid1,68,164,grid,1,RAN,0,0,8.658,e48f81f908cb3fa621e18a106154acf435533ba2515bc660e487ba137a75f5b2
Er164_grid2,68,164,grid,2,RAN,0,0,35.533,3d915a0333ff7d4d30166cc7c3dbee05b8fe67126a7331047df1a6830268162a
Er166_rminus,68,166,rminus,0,RAN,0,0,2.048,c38008afea0c54f56228f5b625c1d11787321d420e5afa6745fd3aca1d3788a4
Er166_grid0,68,166,grid,0,RAN,0,0,2.193,24e88f3847143218f519a2ac293fb3d9661280131ca481dd509bbd29d2c6e32b
Er166_grid1,68,166,grid,1,RAN,0,0,8.548,78402e149a391787d91128cffd50e40ccb92a175a3ec21f14c67243aaccdff0c
Er166_grid2,68,166,grid,2,RAN,0,0,37.279,bd0df6495c59350e6842cb504632e7ef297e3f44a861df3b993abfa81c8f9bdb
Er167_rminus,68,167,rminus,0,RAN,0,0,2.037,b29eeb6c50192231b98c44374eccd8c4ad4f23b02cc347894693ed6b6697d517
Er167_grid0,68,167,grid,0,RAN,0,0,2.130,2ca4c9545e8f5245371b10ace15fea32ee1936315b736265d6c3707b591bdb84
Er167_grid1,68,167,grid,1,RAN,0,0,9.088,1d4cb04fb0a56bef76bd99b7d8f4aee989a97dbcf2f921501f00f7ab598335e0
Er167_grid2,68,167,grid,2,RAN,0,0,36.343,4a465ad1bbdf15c9f4c549f476bd0256d30c47bb1d1a6ff3ac64fb763bc3c28b
Er168_rminus,68,168,rminus,0,RAN,0,0,2.055,7011b81384ba055157179a65aeb8b7466df05857819754a00d5430a1d87b8b19
Er168_grid0,68,168,grid,0,RAN,0,0,2.109,d9d28278c77a7c805b5b88bf2a6c1d200a3c5d54733d74583fbc3546d1897b04
Er168_grid1,68,168,grid,1,RAN,0,0,8.346,71c17ef499fe9ac756c40e79fbf980ec2d0b7f08158ef295fd11032011badecd
Er168_grid2,68,168,grid,2,RAN,0,0,35.734,5d9ca7954eacea516d2009d9baf793b1b82d2a9ff4d1de9dec7065ce8bb638d4
Er170_rminus,68,170,rminus,0,RAN,0,0,1.951,ad4953395f5b49defe30df88df36c9a809157dda443097c7a8f5e3bbcfb19b13
Er170_grid0,68,170,grid,0,RAN,0,0,2.155,48f8ac8d54bdd1e6996223a5d9b4d559de6d851dbc980044f3e5c8c82a4ef85c
Er170_grid1,68,170,grid,1,RAN,0,0,8.814,b0b1d7c95c690461eee7258a9bfc0913b9c1bb9874b5ed8a2084001a512d5540
Er170_grid2,68,170,grid,2,RAN,0,0,35.820,5b85b38ba97913c9b174fbd0accbee96fc08b361a0dd868907fea1596b8d3d63
Tm153_rminus,69,153,rminus,0,RAN,0,0,2.453,9242bcb728220a937153c1bca9104e9bfa5a897042f5fbb378d2a16638aa6d91
Tm153_grid0,69,153,grid,0,RAN,0,0,2.028,db8e59f50cf3ffe58a4529e7c208549dacec394f03c22928f57222a509f636ea
Tm153_grid1,69,153,grid,1,RAN,0,0,8.476,cb54d4479b3888dc5f408d7f694f65c35dfab509bd27f472bc5a7dc009774eec
Tm153_grid2,69,153,grid,2,RAN,0,0,35.668,b3f765c748d43995ce4c82317cbb90ad94c076cf54fd86ee06d1ec8c7744c5fe
Tm154_rminus,69,154,rminus,0,RAN,0,0,2.297,11fb05af08111c4d1919c616e593394bcee51f013a17af2bf844d69bbd4819ea
Tm154_grid0,69,154,grid,0,RAN,0,0,1.926,4a37509184b5274ec354a60e3cf54d019476bb5e5e936ea042019be704249d28
Tm154_grid1,69,154,grid,1,RAN,0,0,9.162,0f04035f7f7b8f9269369fde15939ca58d12f0db886907b2a8c5d5e3cf2822ad
Tm154_grid2,69,154,grid,2,RAN,0,0,36.215,d984cc64d4a9c827d4b3b5fe5f5e72ca1423620da447939da6714b9693eec040
Tm156_rminus,69,156,rminus,0,RAN,0,0,2.344,5bb4de05fd4b3669e6e0efe59f86e9a279a4fb43176105832eca64c058ea98cf
Tm156_grid0,69,156,grid,0,RAN,0,0,1.998,9b019f872a909883f5d5c266a2d5387a1b21ebfe55656386416cd8d1513c86c6
Tm156_grid1,69,156,grid,1,RAN,0,0,8.792,19a0d016edaf7b1de2bea0aa329e6f81bccf224c35d3cb35deef2b29c2feecb6
Tm156_grid2,69,156,grid,2,RAN,0,0,38.161,66303a51ac05ad09e56d14c1ebb9a03446b6825a0a51e71e16e4c8ded780ecb3
Tm157_rminus,69,157,rminus,0,RAN,0,0,2.297,cc475348194fdef653b53ad7c5e9a2dcade12f63acc22f060af5b6f3df7bd5cb
Tm157_grid0,69,157,grid,0,RAN,0,0,1.927,2c2c815ba9b3d3055036dea7f6f54568b5b95b2b9bd0aacad1a1d226c38c1068
Tm157_grid1,69,157,grid,1,RAN,0,0,8.806,dd9779a7298ca77fc149e44488da28e5c78633fadd8a99ef9423c39a2d3fdc0d
Tm157_grid2,69,157,grid,2,RAN,0,0,35.000,3b30c57a5b51c758046d50d1e585251b2878d2d5e1d50a99535229c1070974f3
Tm158_rminus,69,158,rminus,0,RAN,0,0,2.341,f96948246a66449335f9025480a56080f4b5ff8b2f0dd203a2e4a1bb8632573c
Tm158_grid0,69,158,grid,0,RAN,0,0,1.880,87d1b808be3193eec5c456b5afcb919b8758083d13400d9fa513a146dbe1850d
Tm158_grid1,69,158,grid,1,RAN,0,0,8.372,b68111fffac2a6cbf272c663d2c6a257ac9e07c06d2010415a15f057d540efc1
Tm158_grid2,69,158,grid,2,RAN,0,0,36.676,7a7eb930b859504fa25ed6d8582733ff29b6174d4f7c3261b5eda8289f6bce7a
Tm159_rminus,69,159,rminus,0,RAN,0,0,2.259,abc1c2d2166cc37c33a9e822a7e494512937f022af0ea24251f00c48fddbc7e9
Tm159_grid0,69,159,grid,0,RAN,0,0,1.887,30401ec0cc880b9aad4027a659c111f4b7a802e7c379a2df863de6ae0476d21d
Tm159_grid1,69,159,grid,1,RAN,0,0,8.765,621407605f761dea175fa49f93a38d00f8bd273befb5711aa3dca92612d29122
Tm159_grid2,69,159,grid,2,RAN,0,0,36.754,ac83f589cf210ab1c2e2939aa9fbc528f0cb34bbd0fbdce184b95ca860851521
Tm160_rminus,69,160,rminus,0,RAN,0,0,2.215,181000aa74163eca4cf10b239775235164ff5369316fbc01987eec08c1b59f95
Tm160_grid0,69,160,grid,0,RAN,0,0,2.033,3fa0c37565eea50c437cb886abf9c17990042731b7c33ed18c3054949b592ada
Tm160_grid1,69,160,grid,1,RAN,0,0,8.892,30e67bd4ec9aa9e4313a4f4d3a24040248f5ee505e59626d5a6d9b19fc824a19
Tm160_grid2,69,160,grid,2,RAN,0,0,37.537,dfb093ce79ef59620eb238a084ee6ef23335bf1566eba6efe22004503f8ae44d
Tm161_rminus,69,161,rminus,0,RAN,0,0,2.394,27696a46be1a9525cc6a214a9c85119b2dc4877b0f38383002e373b9f8fb00c5
Tm161_grid0,69,161,grid,0,RAN,0,0,1.901,7549653d000baed0db97e1c2946ac1c58835656ae0134d0ed6693b491bd6fc17
Tm161_grid1,69,161,grid,1,RAN,0,0,8.330,5fe1e531074458753e841722c748a564e5d6b574d5c734e03e3465d843f837fa
Tm161_grid2,69,161,grid,2,RAN,0,0,39.558,77213024779f113f762458e653e7ebd8a2ee2757091b9a3d69b4dc5e0b85942a
Tm162_rminus,69,162,rminus,0,RAN,0,0,2.293,036dfa230012200409acf48efa493f8649cbaf8f4c0444f66f5bdfdc72ffa290
Tm162_grid0,69,162,grid,0,RAN,0,0,1.953,246a2fce717555e0d5664ef08c8812e9de35346bc11362ca930d98ec6dcf4745
Tm162_grid1,69,162,grid,1,RAN,0,0,8.419,9f6b0ef13897ae36b5a2509d7ea8b620c6d09058d941ba620e8a758e222df4db
Tm162_grid2,69,162,grid,2,RAN,0,0,37.107,59a03926cf175dc9848e7671f0f6dad923ac3f9ed5b0df3408b8965267a4dff2
Tm163_rminus,69,163,rminus,0,RAN,0,0,2.435,5ebc66d279b72593a18e961bca9c29624406657f67a4ae0ec23944aaa0334107
Tm163_grid0,69,163,grid,0,RAN,0,0,1.987,6bd3b1acf37e915b9a3398dd1bffeffdecbd4fb6ded1b73ea1c1a68fdbb8b043
Tm163_grid1,69,163,grid,1,RAN,0,0,8.964,91537d5cf76ea4fb3a634a71d76c8df696f2d79810e9b30fec5ce2a5a1e3c32b
Tm163_grid2,69,163,grid,2,RAN,0,0,35.177,786f772970704110d64930e9de48cc05aeb661563415b8076bf57a7653ab89ee
Tm164_rminus,69,164,rminus,0,RAN,0,0,2.328,b904ee10537e62842ef1129762168a950722d984c8ea784a49e66ff3b84557d6
Tm164_grid0,69,164,grid,0,RAN,0,0,1.924,a76122514f6b4090d2c8c46cb912ed49e323a6f340297ccc22707cf6064b6db4
Tm164_grid1,69,164,grid,1,RAN,0,0,9.118,48a15f9973dfc032893c67f966cd875f100335a2771d1ced400466685d5381bd
Tm164_grid2,69,164,grid,2,RAN,0,0,36.599,fc4aa30dfaf898aef7627816ef2321d32d60952ffb8f5938a430c2732ecd0d33
Tm165_rminus,69,165,rminus,0,RAN,0,0,2.483,417cd0b7e0f866018f554f2cd40338003d32209f28d13172d16cf9bff150aeab
Tm165_grid0,69,165,grid,0,RAN,0,0,1.960,ee99c7dcfa2b121d8c6a95af8136e349a89069539dafe5d2707d7277b21a0474
Tm165_grid1,69,165,grid,1,RAN,0,0,8.194,62267590b233eddfa05fffc7672e155c0933d66464f49b35e33885d1f0972f13
Tm165_grid2,69,165,grid,2,RAN,0,0,36.190,04e9f586a4f36795014595a5385a2da4fbca31e2ea4d599dc26437324e69cfec
Tm166_rminus,69,166,rminus,0,RAN,0,0,2.330,668aa01dd68abf15fb6b4eaa1cf2955b53c66a0dc7d35ddb7ddb3dd6d108d288
Tm166_grid0,69,166,grid,0,RAN,0,0,2.128,51710a3e6eeabad984b170a2954d20fd0e106eb3a488321dd25b9ce11e1ad646
Tm166_grid1,69,166,grid,1,RAN,0,0,8.303,39c1fe838019bd34e75316b75e3256794c15157f1bb8e7ab40c189d41bf4df2b
Tm166_grid2,69,166,grid,2,RAN,0,0,35.897,b0149985a9eb0b449df744c0606549bbb60281e50e894e5ab476636e8e3be94c
Tm167_rminus,69,167,rminus,0,RAN,0,0,2.374,08226c0b356ca022b025ce9f1822bfbddf39f426673357746f43f94f71b95b4e
Tm167_grid0,69,167,grid,0,RAN,0,0,1.937,c3dbb5ddfccd2f11f3f52928a0e01f141aa484c0b41435a88438902882be9e7e
Tm167_grid1,69,167,grid,1,RAN,0,0,9.286,81ae6cf427cfd0e50feacc9bb33247fb1bcfc91fe40f8c44901b0813aea48bde
Tm167_grid2,69,167,grid,2,RAN,0,0,36.932,e1ad50bda83fc1fe4c8969e013a683c2d7cfeb11d918751700da91004b147fa1
Tm168_rminus,69,168,rminus,0,RAN,0,0,2.351,91d8221448f14c648c44767771df1a3feabf065e47d171285a65d2788421a3e6
Tm168_grid0,69,168,grid,0,RAN,0,0,2.221,4be4c86e44a9f6d139f3b50c1e8d93676595672c1d6f9e6725c534cf1a568363
Tm168_grid1,69,168,grid,1,RAN,0,0,8.916,8d4c6e1a963f67aabb8d9a70716edfb14d0888f9df6b0858eb2a60dbaf764a33
Tm168_grid2,69,168,grid,2,RAN,0,0,37.524,925458a7393ece41338996562994c539ffd777ad7ed3ed19b9a2c7b0fd9fc0af
Tm169_rminus,69,169,rminus,0,RAN,0,0,2.204,971177ca90267fecb77bd87826b94f55e7630367d81a9d453e5f54c88fcf8605
Tm169_grid0,69,169,grid,0,RAN,0,0,2.250,82b4b34e97a5fd089e2d09490e3869964ba704f3f6cc3cf285577ac4576ec1ba
Tm169_grid1,69,169,grid,1,RAN,0,0,8.222,b088f5f2615177378572fb2ed6c5b602369d71e89426d413dd85c4f3099e310c
Tm169_grid2,69,169,grid,2,RAN,0,0,34.025,ee98bf3e882444a261c9972727021711f4e5ddf81247ddd87ec3a573f1df3605
Tm170_rminus,69,170,rminus,0,RAN,0,0,2.263,47bd46349ee8617f1eb0db20ac9f23ecaccb265f3ceec72063d8e6bb09a8e951
Tm170_grid0,69,170,grid,0,RAN,0,0,2.183,749d272579db4f4b63fd95ecb6af2923a8c9380394732d7c03c4598f0e3c663d
Tm170_grid1,69,170,grid,1,RAN,0,0,8.512,bdee2b08b05a52fc5808d43cb1b4aad1f7e192bf72f9fd20da5e3ac51360ac70
Tm170_grid2,69,170,grid,2,RAN,0,0,37.537,50a11074aed6c861b23dfcaf6fcb41f204c626cc2fbdf68cef1b1af11e49c7a9
Tm171_rminus,69,171,rminus,0,RAN,0,0,2.259,5f04b5967b43bd52267f57ac5bdf6016f82033490949b104860b9ceab1716150
Tm171_grid0,69,171,grid,0,RAN,0,0,2.364,577aec08350e576381ef6f8ff7b152f87d35a8168adf42098258aeea7d35d34c
Tm171_grid1,69,171,grid,1,RAN,0,0,9.006,127bf7de9e7fbc790c8ca215ae586c6eda7afbcf3a0ece75cac4c54cb736da82
Tm171_grid2,69,171,grid,2,RAN,0,0,36.473,ad3daa7636b92d5feb773dd13167dd70a8e866618cff037e9b2369d7172b441f
Tm172_rminus,69,172,rminus,0,RAN,0,0,2.206,b070e7894a002fcdf3562c9c8d0c477eb12647f2d6901eb257c56f2be7d25616
Tm172_grid0,69,172,grid,0,RAN,0,0,2.353,fe520e686904139a7a23f604d6bb81e99a9ed6f0db1356888dab0cafd3129ff1
Tm172_grid1,69,172,grid,1,RAN,0,0,8.554,2c7c8cf2abaf1c9f87e9b06f34e63ac4b5ea5d8c2dcf4fa3daed40fc26751a66
Tm172_grid2,69,172,grid,2,RAN,0,0,37.647,80d10d29ab827785a4f6ce6e6f6d22a8647412c47882c13b4a936cce352e4d4f
Yb152_rminus,70,152,rminus,0,RAN,0,0,2.046,b28875f288d3c378ca5aa49f000bad6fe2b28e6d66bc562f2dc5c674d77775fc
Yb152_grid0,70,152,grid,0,RAN,0,0,2.051,b9780ce8d169aae78581fb9b9513b4c33a96945360b39a4e18d69f767c79a4c4
Yb152_grid1,70,152,grid,1,RAN,0,0,8.511,ed27496751af1f1fd42df7d853131cc2dd7ef66421238cd4a33f34e7010019a1
Yb152_grid2,70,152,grid,2,RAN,0,0,32.744,18d9f37db2785e44e2e6120b953f4f346895e91d4d9e86b01ddcdbc91f45cbf0
Yb154_rminus,70,154,rminus,0,RAN,0,0,2.074,6ab7c9eff26c6be6695e9beef5b542b6ffece6298085fd73cc5219ecc96a92d4
Yb154_grid0,70,154,grid,0,RAN,0,0,2.049,a227fb16c0eb44d3d9d6d1e6fbb457a25caa3f646d7260c7d1bd4c37de878305
Yb154_grid1,70,154,grid,1,RAN,0,0,8.230,fac23843ad172aa3cc2c0d1d646084f71a5faac50c0742b050e912ef96706402
Yb154_grid2,70,154,grid,2,RAN,0,0,33.696,5bb8fd8d11e8bc3977413e4b5b4572550bca8dd9068ed35cfd78042cbc1ed602
Yb155_rminus,70,155,rminus,0,RAN,0,0,2.138,5b50825b00ac597d5995a95ca32428fff640b283ed22246f7acd93a0c902794e
Yb155_grid0,70,155,grid,0,RAN,0,0,2.150,352ddf0f8741f820a4d226b349873fcfa72a437131052f9de1c33bc21b6de770
Yb155_grid1,70,155,grid,1,RAN,0,0,8.524,91daec49c6b92d118048bf72ca66582a78c3027091ae8b667c89eda536344551
Yb155_grid2,70,155,grid,2,RAN,0,0,31.700,2c45dfc4aca9970535fc107a922c382c9391c46e30711b8dc3456cef55223baa
Yb156_rminus,70,156,rminus,0,RAN,0,0,2.039,3bf99f8e5199e5927d82d849ac313ade11021e1d080608f34adef03398f19d2a
Yb156_grid0,70,156,grid,0,RAN,0,0,2.316,c1799629ed5491569a93ca54fd09c7ada493cea781b6422a3c1befc46309e7b6
Yb156_grid1,70,156,grid,1,RAN,0,0,8.950,d2f68ce2123204814a536e75c0ffc95d065634c5f1003c9dbf3d9d9886bfec39
Yb156_grid2,70,156,grid,2,RAN,0,0,33.757,daa78c29e59e22e718d89f426633201fa3ae84deee3769fde5ea5ba3f1e3f081
Yb157_rminus,70,157,rminus,0,RAN,0,0,2.149,846d3b106374c1363f252b786eeff442db475dfb9be2efd3ec5855e4c085fc61
Yb157_grid0,70,157,grid,0,RAN,0,0,2.502,a43593666ee14361441b4272c17c7f8ce4103a588c42daf080fe0f4907fb4a99
Yb157_grid1,70,157,grid,1,RAN,0,0,8.706,ce657ce4187c627c5112259a5535bd1ec39546d0d007558cef92427d91003435
Yb157_grid2,70,157,grid,2,RAN,0,0,33.824,e5d8dd7e82e9d79a528b8dbde6517b5e79dae2fba0494c3d95456b79460bce1d
Yb158_rminus,70,158,rminus,0,RAN,0,0,1.987,d637f7a9fb468d79fb96e166d477e2d283d3b86a46f2f4a6046c6605b67bec32
Yb158_grid0,70,158,grid,0,RAN,0,0,2.425,77a688fd0ce4f37caf67c1cd57059f546494bbd0dcb94885d7d8ee3a08e9644e
Yb158_grid1,70,158,grid,1,RAN,0,0,8.726,f378d9e736a59d8e9c3532cc7e8d0ca6b5139ac4d3e08150f3464cf9690e9a34
Yb158_grid2,70,158,grid,2,RAN,0,0,31.795,1a8aa6ca91cfdc03e61788ebe15ffed09ba2a5e790b496d95471695757d7962f
Yb159_rminus,70,159,rminus,0,RAN,0,0,2.161,1266cc8ec3f51dec43146e46c57233d2a460906e6800623bc798517beb570922
Yb159_grid0,70,159,grid,0,RAN,0,0,2.452,8fa14fd2ce160e2d3e818ca653d77b88c6e3d4b2dcb015cfbedd2369ca7aa4b3
Yb159_grid1,70,159,grid,1,RAN,0,0,8.725,463e05aadf98348c0b1a8ee6e8bf4fe4ac9087d33f26ad8360b9f2c80da61900
Yb159_grid2,70,159,grid,2,RAN,0,0,35.744,e29ab55508322c5d2a5120ecb72208fab671ee33b9eb34a6d1dcac6c90cbfaef
Yb160_rminus,70,160,rminus,0,RAN,0,0,2.214,f0f7b09a7fce294cc9ac640d4e39b43cbde50f1e96bb9e95ab14a1fc34c83a9d
Yb160_grid0,70,160,grid,0,RAN,0,0,2.564,b13766b96d6c552f8cd92887dd97d5c043cfc4345320c8c6e28e6546d4bb1522
Yb160_grid1,70,160,grid,1,RAN,0,0,9.069,e20ea19d8867258f62e317d15523a73172487ec2b07528a44d590ca0ae7c0a74
Yb160_grid2,70,160,grid,2,RAN,0,0,32.434,49816ed102f039bd3a4d7aed46db75638bb529e2d9a6a63ecadb1826efb08863
Yb161_rminus,70,161,rminus,0,RAN,0,0,2.280,50521edb02ab5ff53a70185ecd8b6a33369e92fd0635f310c24910bb69d21472
Yb161_grid0,70,161,grid,0,RAN,0,0,2.574,268bbcf6fdc897d5b86204a292c94f3bf82737c8b1592f715026c647e9f6bf24
Yb161_grid1,70,161,grid,1,RAN,0,0,8.462,40d8254a77b2bdfa05a98738a938dabf3c37205e9f820f41859d19134512d97c
Yb161_grid2,70,161,grid,2,RAN,0,0,33.566,b0ea321787cec658e528bd3c295466333f6ae2ca461398c2aa1154bbc6cab705
Yb162_rminus,70,162,rminus,0,RAN,0,0,2.279,d91b067e27cc830856eaa8e3d6cd8ba528dac82b5d3dec5ca238cb45cbe06498
Yb162_grid0,70,162,grid,0,RAN,0,0,2.355,0cd83db06141d7380904972c8a2840e04804faa72a749e9ccea75ffe2aa51996
Yb162_grid1,70,162,grid,1,RAN,0,0,8.650,e9b88e8732020a458151a49b43ffe19989cb5c4e66d91841a867101085ac4199
Yb162_grid2,70,162,grid,2,RAN,0,0,34.853,d17060e29b8e514e6cecd95993f71216858ea42fc2573aa4eb4f3fcb246e66f1
Yb163_rminus,70,163,rminus,0,RAN,0,0,2.273,06f511a17e074e8f17e487f2cdbfb0d5648a4cd29161d8e82ff4c3da5196427c
Yb163_grid0,70,163,grid,0,RAN,0,0,2.174,f5d04b1dc96492d66a861ccb85a3b3fdfa3aec44b4bec791ac06dafdb1602d16
Yb163_grid1,70,163,grid,1,RAN,0,0,8.553,74dec107b9c0e33d993c2af26e3a83cf4233b41b6ddffdd36c0674d3b8f7ab01
Yb163_grid2,70,163,grid,2,RAN,0,0,32.124,6f775f2709e43e68dc029bed00edf7279bb0480d30647d7b4a9f9ce11cdd8aed
Yb164_rminus,70,164,rminus,0,RAN,0,0,2.313,73ba4907300f2cc376f5bec02ea688d904ae2c345deb306204391e52d50fd049
Yb164_grid0,70,164,grid,0,RAN,0,0,2.253,c2825d57a218cab46e9939161277cfedf96d9e80bb6e702e2c5629a52931c54e
Yb164_grid1,70,164,grid,1,RAN,0,0,9.260,9ada61a73076bf26ccb3a7a57a3c22914086e501fa105c2d7c96e96a88c8d63b
Yb164_grid2,70,164,grid,2,RAN,0,0,32.872,2578a43c34ab89a6f13071f5f1648e7a3de57e96ae32e3d2ee591b6796f6deca
Yb165_rminus,70,165,rminus,0,RAN,0,0,2.292,a748dc93b8e5fdcaa3491bd32f9f6bfdfb02fe7bf50cd62361766cd0c44864c2
Yb165_grid0,70,165,grid,0,RAN,0,0,2.068,52fffa137781d9caf18c7fe29df37ede1140aabb0976d8d161e80a81faee3f79
Yb165_grid1,70,165,grid,1,RAN,0,0,8.394,bb3066991335a9d765c2420a9308ec8daa6c5a42e6059477983f607011588f57
Yb165_grid2,70,165,grid,2,RAN,0,0,32.627,9ba00b1300562c028dd0a32cc7f06a03c61a9f95dd39e53b197385ce957d0863
Yb166_rminus,70,166,rminus,0,RAN,0,0,2.241,1e902ad80bac4cf4bdb12a3c85a76eefd6005ba6541a689514d04251f56ce30f
Yb166_grid0,70,166,grid,0,RAN,0,0,2.013,b401724ebc439d8321301d8f27d0ee2c1dfdefe78d1f99e6588aae705195284e
Yb166_grid1,70,166,grid,1,RAN,0,0,8.224,0847f882d3b0476a53423956554eba15e4047c945821292e42e51b7e8e667b37
Yb166_grid2,70,166,grid,2,RAN,0,0,33.458,84ac59e963b107aac4d52a072d75560581a54778d87357eead50330dd9437032
Yb167_rminus,70,167,rminus,0,RAN,0,0,2.207,bb5fba548ed59ee2697891640a44450441608009f4caa1e4697389a0f5a87e9d
Yb167_grid0,70,167,grid,0,RAN,0,0,1.975,884720eca70c2b31e0f8b801249e00aacafcb49828f750b952708b94b6bfc269
Yb167_grid1,70,167,grid,1,RAN,0,0,8.697,3655d3986a448ca4c40d800e5ebb7ec6b918015ff8bac1ebb48103856093725d
Yb167_grid2,70,167,grid,2,RAN,0,0,32.174,c09dad27ebee9b43d67963cd994a9a0a73338eb5373a3ad5c894084b52640e76
Yb168_rminus,70,168,rminus,0,RAN,0,0,2.238,6e19b852180613f8f2394058e82226581877b673eebe1bd209d457af125fc503
Yb168_grid0,70,168,grid,0,RAN,0,0,2.002,0a09f59597655d304aa329746b34670669addabbc2679113ca304908d9b900a2
Yb168_grid1,70,168,grid,1,RAN,0,0,9.247,aeea0e4ece7a75782f92e06d44fc4e2207f4ee9740a42dd41e4c3c6c1943b726
Yb168_grid2,70,168,grid,2,RAN,0,0,32.133,de52c3b544e4b838eed7d52d3d13fed428615a81fc5eea6d708dcf0264396273
Yb169_rminus,70,169,rminus,0,RAN,0,0,2.104,01d9c76dea6e237027cb5e4bb10de8e2770fd2cfc0d84eab8555d29411b98b0c
Yb169_grid0,70,169,grid,0,RAN,0,0,1.902,eb405b2c62a0d1688c38337d08d59e43c7f44bbd31da7e785a2249d6f4badfd8
Yb169_grid1,70,169,grid,1,RAN,0,0,8.686,baf91eb485983cc96f8a14cd5eeaca9f2f70a86c45a74483856ba3eaa175ed13
Yb169_grid2,70,169,grid,2,RAN,0,0,33.887,eb4d78b15fbf65b5ed57c832ac0d16336eb90538b5929daf87b2b58adeddde46
Yb170_rminus,70,170,rminus,0,RAN,0,0,2.026,3487dcb33bbf94f6e67db419a4e32cb4adf3ef4d4b0a650c4adadb4a8d7f2add
Yb170_grid0,70,170,grid,0,RAN,0,0,1.982,a2c108a8c8c5f697c4564c213c71ee1bd103a6dfc8eab126d902ed256b6fc1b8
Yb170_grid1,70,170,grid,1,RAN,0,0,8.284,27c1e7e11824c80a37d7e0c1e071a2812837f87fabdfc83c8b35723353f4ed7d
Yb170_grid2,70,170,grid,2,RAN,0,0,32.329,49f37b6116c575886aa1aec3e142aa3b7a7a4ddc6e1565abd4ca76df59fac393
Yb171_rminus,70,171,rminus,0,RAN,0,0,2.095,390cbba965216809c463644c40f5f8dcd9b80269c8f0124545a5eee1af7564b2
Yb171_grid0,70,171,grid,0,RAN,0,0,1.994,b9556d1994dcce5434631fe7bf4948136601ad6eb8fb224e5134d416890f561c
Yb171_grid1,70,171,grid,1,RAN,0,0,8.909,b73d0d764fa517f02108744b468dbc54b1d978935815fec9981a01aaf904081b
Yb171_grid2,70,171,grid,2,RAN,0,0,31.798,42ad4ae2639d49f130886ee3a630c10e1c7b9a1e6636b024d6830dc89d06e2f1
Yb172_rminus,70,172,rminus,0,RAN,0,0,2.087,0911154c846aacdb5fe371dffb345bba327233a2bf25cfff1cfadc416768792c
Yb172_grid0,70,172,grid,0,RAN,0,0,1.823,9dd8625cfef533eec836d7e68f33c2ced1653d5220921318cf3a35e5195b0140
Yb172_grid1,70,172,grid,1,RAN,0,0,9.289,aef7646920a9faceb0d521a509184236c7f76e1dde747620525b86ea57b34ed9
Yb172_grid2,70,172,grid,2,RAN,0,0,30.273,4365205e5d602954bdd026afa3cdd06354e321638e9c734efdeaf6552647bd77
Yb173_rminus,70,173,rminus,0,RAN,0,0,1.990,41d07495e0fa46782eb20135079df327d018aeb3c967450b1aa10e1e3704207f
Yb173_grid0,70,173,grid,0,RAN,0,0,1.840,27aada02673f048b8172a412d3d1f0b2329e60ad4bd659c0da41ef93adaee217
Yb173_grid1,70,173,grid,1,RAN,0,0,9.048,a8bc3b3739a99b6ff9b10bb1d687896e81c08628a2ae6a14683a95dcb2ad4ad2
Yb173_grid2,70,173,grid,2,RAN,0,0,31.199,e45e51447476832709cbb40bf9b363203eb171886a0c23b95e39b65389c0a3b8
Yb174_rminus,70,174,rminus,0,RAN,0,0,2.058,1a0c84cfbc922d867795acac42db0574c8977ca61386b9991dbc354c45947a8f
Yb174_grid0,70,174,grid,0,RAN,0,0,2.167,53973b217252dea9b0303fb409f598ad5ba28ca034ebf703fd19f76b61456d23
Yb174_grid1,70,174,grid,1,RAN,0,0,8.375,a55da490139c8681df154996561edbd79156c24eb66bfce2e84168302a573292
Yb174_grid2,70,174,grid,2,RAN,0,0,34.181,64a373c29cc2b30219aeb28994643c09c2751e778cf621e4f1e0c57d32d275a9
Yb175_rminus,70,175,rminus,0,RAN,0,0,2.068,fc01a35d35e471e2bcf95231c14a3409f39871b48914d64d79d9c2c59f42880b
Yb175_grid0,70,175,grid,0,RAN,0,0,1.995,648f9bad02304d81c573c72f67dc0e050d5e0dfd9a3a50fa18e809fbe5dcc5c6
Yb175_grid1,70,175,grid,1,RAN,0,0,8.560,db8375bc1ec6faa2bc1fdece958d1d4e365d77250f2051f8415f59650a59ad03
Yb175_grid2,70,175,grid,2,RAN,0,0,26.850,155f001c99b1e2652da0ead5ea41c93af9d6a56775b003ea18603aa5a18d932e
Yb176_rminus,70,176,rminus,0,RAN,0,0,2.098,d2863e561e753292b5c51d423217a38f9f5c4944cf3125f13e232d89a5fb5560
Yb176_grid0,70,176,grid,0,RAN,0,0,2.082,9b0e6699286bdb2b6c7d82a2938bfa4eb963a81ba54fa1811d5e9929a40b7d08
Yb176_grid1,70,176,grid,1,RAN,0,0,9.113,60aa99ecab2f79ae6b985e032561331f011a044bd9e5196fd3edf0f3258edfca
Yb176_grid2,70,176,grid,2,RAN,0,0,27.779,866fbc1c4c78434695f183a008f7203fbc02ddb6155c0650fcabe08ae77951cb
Lu161_rminus,71,161,rminus,0,RAN,0,0,2.086,96a9b289101d9f873cb92b97cb4a08418f2ea3bfb60489408ca7fb04721cf236
Lu161_grid0,71,161,grid,0,RAN,0,0,2.331,17364a2157687d7e2a901505225ad5286216c1ece0d994719ba85c11698a1ffe
Lu161_grid1,71,161,grid,1,RAN,0,0,8.602,6b79f4f145678786114a90656098a47dcd543c102f1b689766626cfe44a5fb61
Lu161_grid2,71,161,grid,2,RAN,0,0,37.047,0cb7e10da37f5eea21b305610543284911449cf8547d1b75dc21a0b3466c45cc
Lu162_rminus,71,162,rminus,0,RAN,0,0,2.183,311e4c1c9ff308458fa4a70fee329c275a9e52a87ac98e865b6ab2672000090d
Lu162_grid0,71,162,grid,0,RAN,0,0,2.208,064fd13a7fb9f95a9a8fb2f0f8f9bdba40ee37969f2d812338b876588d979e5d
Lu162_grid1,71,162,grid,1,RAN,0,0,9.185,c6172e606e5fce9891e8d19559310b3f28dc75bb4d88d1d9f2af540b9e98042c
Lu162_grid2,71,162,grid,2,RAN,0,0,36.484,5901669e7a76c7dc2df1b75bec492fcd25083ffe221b28875ead3b8ac8e50544
Lu163_rminus,71,163,rminus,0,RAN,0,0,2.055,a809bfeb6bb298ae80bea1d11fae28b85c2b44a9d08d66e64d82fc53460bddda
Lu163_grid0,71,163,grid,0,RAN,0,0,2.316,d4b3227a0b16a9d74335f6309dc2de24b9218ba4ebb692bd85001fbb88f59e42
Lu163_grid1,71,163,grid,1,RAN,0,0,8.514,b62b5ec9a3675187b24880496382ea572571a32b16e08ea33f04d2514c0674f9
Lu163_grid2,71,163,grid,2,RAN,0,0,40.526,c65c0eea7c7b9408a9fb6aaa6af1353dfba1ad25f67a67066731e7da9638acc9
Lu164_rminus,71,164,rminus,0,RAN,0,0,2.154,cded7f1ecee7fc73a4202d8dc8d11e504894064f8a736b84455d71d861aa5dde
Lu164_grid0,71,164,grid,0,RAN,0,0,2.219,dd3e01aad4a488fa467aea57918a91c6ac4189ac8dffd1668f57388a9b6e5936
Lu164_grid1,71,164,grid,1,RAN,0,0,8.903,0b2bd0b6dfde87d93555ad2461643ca32d72f93e99f8fa5aa7d4e8e1ae4dad70
Lu164_grid2,71,164,grid,2,RAN,0,0,36.647,97f6cb7664d7f429d6b54e7df0d79a0f8d84aa2b5c73ab1d7722e9415fe57fd1
Lu165_rminus,71,165,rminus,0,RAN,0,0,2.132,0923004c6201e807e0e6581c8eaf3950fc3969ba2d06c12a620fcddfb44f22dc
Lu165_grid0,71,165,grid,0,RAN,0,0,2.093,5744dbfdd4475a0456c22fecb75f3784880af4bbd9645e33fb7a668189f6220f
Lu165_grid1,71,165,grid,1,RAN,0,0,8.545,9a812f110cf569ac7e2f6db83c439d7d374825c1d1b5eb83fdc8e6db5f7140da
Lu165_grid2,71,165,grid,2,RAN,0,0,37.956,81d833d604fb817e5fa5569ab5e77de68b6634c1d2efcd20440051d2c83746b7
Lu166_rminus,71,166,rminus,0,RAN,0,0,2.104,296a59b93ab381eeaf6898e5d9a193c5754fb2fe5f82c03493584d53aca522cb
Lu166_grid0,71,166,grid,0,RAN,0,0,2.214,1e1836dd6c1dde3637768db2ea8aa082b81546ea72ab0e460dbceb1c6a4d519f
Lu166_grid1,71,166,grid,1,RAN,0,0,9.011,abb4c3ea0cab376ec9e6d53795d3e218b4ee72d8fa8a395b52b0bffa54109698
Lu166_grid2,71,166,grid,2,RAN,0,0,37.540,6389d14c28b2b3decc3733b6c9c3243ca1b6475bd7b86cf61cee197ab5d959cb
Lu167_rminus,71,167,rminus,0,RAN,0,0,2.081,efdd6b1192d14b990f7d6e7a92ad94da82f078ce57b2dc9f8af690aad3a6e368
Lu167_grid0,71,167,grid,0,RAN,0,0,2.031,1afb8e7a07169233ca6e0e1682b36c12793258b0a1eb32e7e95b73e35f7d7dad
Lu167_grid1,71,167,grid,1,RAN,0,0,8.706,d03b71a46505aff9d726f928826312d11701ba697849eb0e700cb8ace14f43e4
Lu167_grid2,71,167,grid,2,RAN,0,0,37.430,0de9bd400303b4859ff0313633b2e1b3f18ef5fcfec3c29fd758d112421efa98
Lu168_rminus,71,168,rminus,0,RAN,0,0,2.097,dcafce7e944b27f75f90fbacacbd9b73c92a88eb7e1d7e8b61069545851d4739
Lu168_grid0,71,168,grid,0,RAN,0,0,2.173,e616b634f136d643bace99d6b0b56077fc90e0af39ea1b98729e3c27b1e67df6
Lu168_grid1,71,168,grid,1,RAN,0,0,9.088,6924e4be3b35cb63b43ad460333c80df7cf40274e9c151b1d4c2c49f2edf4473
Lu168_grid2,71,168,grid,2,RAN,0,0,35.417,f6e5b6005128c39997f63c883ce7b0900a0803b00ef189be00f563e103fe3c16
Lu169_rminus,71,169,rminus,0,RAN,0,0,2.078,fdd01e97b867139c98f4da27651006f997d83e01b57a132e2e5705933f862edc
Lu169_grid0,71,169,grid,0,RAN,0,0,2.116,66991689d8b09bdf450bfd74ce1a7722c3462fc778c795517e7da22ba1ffe85f
Lu169_grid1,71,169,grid,1,RAN,0,0,8.653,eda965d4ef56d822242df2c7b138b37b0e84517184e470be36626748a596ab9d
Lu169_grid2,71,169,grid,2,RAN,0,0,38.585,662b03c8c112f8956a300338418accfd92ade1eda22116df59cb97414608052b
Lu170_rminus,71,170,rminus,0,RAN,0,0,2.129,27cc2a8632f59f0062e0eba8c346074d3a6d20a82052587a3c2a89e02232d449
Lu170_grid0,71,170,grid,0,RAN,0,0,2.157,e72c521afc8b60251087a0c08c05e8a858272eaba80ee8683c59e85015c9d51d
Lu170_grid1,71,170,grid,1,RAN,0,0,8.935,c6119014ec7f5388dd160885e5a90e9008ad0897e3acc6c6a1046e5ce3ea4d24
Lu170_grid2,71,170,grid,2,RAN,0,0,37.524,e12bc6a6cb3e1e649aa1becb18f5809d72fded86c0bdbce8dc3d618a4ed515f4
Lu171_rminus,71,171,rminus,0,RAN,0,0,2.180,984f8707efbe3e4a84d0ef9fa6600aaf54cd0c69d6ef08ef11535ecfcd82fc70
Lu171_grid0,71,171,grid,0,RAN,0,0,2.105,50d9a222287ac24b358241d822af7d44d53e50bcb70c544d55183d17c29898ba
Lu171_grid1,71,171,grid,1,RAN,0,0,8.691,a9db0caa4b04ee45076eb01754845b48655d17fafa48af890e0b0d48fe32d1b1
Lu171_grid2,71,171,grid,2,RAN,0,0,36.245,4830020b82e19f4c1a20fe25460141b9c114d69a9190cda5fd6b0abd60fee4f0
Lu172_rminus,71,172,rminus,0,RAN,0,0,2.013,7c23aaa96af18cc487a729c8976ee3aff936133d2a5d34b52f6234efc55da434
Lu172_grid0,71,172,grid,0,RAN,0,0,2.191,6ae0b2c76184e23ee9be7a8da6559534a052d6b46f11eafad9ef74a128efff30
Lu172_grid1,71,172,grid,1,RAN,0,0,9.181,bc00ad1221c22b13cfc11d6e8506e5da0ed29e695f71e7b211f2508eaa55962e
Lu172_grid2,71,172,grid,2,RAN,0,0,36.695,76645998ea3f5c768b05997daa2efe36e94b317f35837d7ac949c8a3be383ffb
Lu173_rminus,71,173,rminus,0,RAN,0,0,2.079,2b753fe439f0d060d164c403b68c143b14d14c2c9cbf0ebbea138641070c2864
Lu173_grid0,71,173,grid,0,RAN,0,0,2.057,f070a28c3870283e7f4790cd685770c943605ad1a7a29a77c0eba61ed433e088
Lu173_grid1,71,173,grid,1,RAN,0,0,8.784,decf67872b9cac1ef71d87d5959e71baab4181fe13bf74b8cb13cb145cf64e16
Lu173_grid2,71,173,grid,2,RAN,0,0,36.145,04e1b8031980849ca2868bbef7d1e769f43eb364ecccb23937549e7b7052e86a
Lu174_rminus,71,174,rminus,0,RAN,0,0,2.102,21ea3f7e7f13ac38a2a2b951214bb410586b3a519bfdf98f1d21276251480a34
Lu174_grid0,71,174,grid,0,RAN,0,0,2.182,516eac2c21af6ff57cef2f6d5a4c9790f75d0cda1e3146a2af4444b0635c41e5
Lu174_grid1,71,174,grid,1,RAN,0,0,8.907,7cd936d8526ff1d70d7e063c5b6711a47f1ddeee0c5cbf7f92ebead4188ff4f0
Lu174_grid2,71,174,grid,2,RAN,0,0,36.184,95db60f5885e2661d932f62e620e421ca22012d83ee568a1bcddffe3008e5394
Lu175_rminus,71,175,rminus,0,RAN,0,0,2.074,92ee5ae01f994707aadb98ee2d682aeef87117ca5e42552155075492e52946bd
Lu175_grid0,71,175,grid,0,RAN,0,0,2.098,5dc18c9668c0ba25f47d0339b5ae745dbf6a398ce4130a82e7abc12b39f3dba6
Lu175_grid1,71,175,grid,1,RAN,0,0,8.564,78e62b06eb69451c80843209f7faf1eff0b3ed7ba5ffe025fbb87a8065bd4376
Lu175_grid2,71,175,grid,2,RAN,0,0,39.968,bbc70270e9689d2f4df982b06f7513f5d78d73e09630c30c3808bbb2b122e3b4
Lu176_rminus,71,176,rminus,0,RAN,0,0,2.035,f884d0de97deead23ebdf0a75c372787a4db45b0c1f4c9245a0153fbea10438c
Lu176_grid0,71,176,grid,0,RAN,0,0,2.050,686739b538ec5d91ea364fd940b618d63ba270cb095c7d00152b64efbf2ffe39
Lu176_grid1,71,176,grid,1,RAN,0,0,9.099,ba7c660b20897db322fe01cc1c63f9d712136266a3525a73274f378a5078fde8
Lu176_grid2,71,176,grid,2,RAN,0,0,38.432,5e9ab567cd35cf7097cf16b299ecea9ae47f5678b6ad1dc3861bc53d8e55b745
Lu177_rminus,71,177,rminus,0,RAN,0,0,1.983,c9fd8120c4ee9d68b739c9ca469ba2b3f31ceaa9919009ddeacf80d20deeaa1d
Lu177_grid0,71,177,grid,0,RAN,0,0,2.143,67337b490c10cf82732d71546342d100a4f960bbbbd59b7350a176b24059280f
Lu177_grid1,71,177,grid,1,RAN,0,0,8.607,86fc0ee322eb86b293c51cd82de5df59c78ac716b387fd276e04d95d49b9211d
Lu177_grid2,71,177,grid,2,RAN,0,0,37.117,72215ecdf0fcd391d0f382dc1b5d98638cd449636522b89a55146eb12b1409ff
Lu178_rminus,71,178,rminus,0,RAN,0,0,1.969,d80b200016131d757e4cd5b6dec58c343238182b7621d4d0d8ff50b685b1d73c
Lu178_grid0,71,178,grid,0,RAN,0,0,1.976,0bcf5dda316081083d39d3d30ab9874b6e76121d8794a4670f030bc1716df271
Lu178_grid1,71,178,grid,1,RAN,0,0,8.857,0bd7f0b5b45f801cdcdd735c1a9981dec42078b33012a424591e84e02abeb924
Lu178_grid2,71,178,grid,2,RAN,0,0,37.410,367085ef9b50acad0ed5f19b4f85de3408fd541e509fb49159f0bb621a64f49d
Lu179_rminus,71,179,rminus,0,RAN,0,0,2.102,31b76e3b87f2a2b9801fee75610c11dac31499d4d3129fde371fa999ab971438
Lu179_grid0,71,179,grid,0,RAN,0,0,2.069,3c1744a566d1ff9a4352da122159170a49f5a76c3145bfa1b8f4e90cd110bccc
Lu179_grid1,71,179,grid,1,RAN,0,0,8.827,807f6ca13c1b51f14c84effc05dcdd963c4929dd9dc9173dbf3d4aede33747a1
Lu179_grid2,71,179,grid,2,RAN,0,0,38.043,c35419a06e761b57ef2f156a243d3f8dcd3542bfc9533adfc4219bca267a1f5d
Hf170_rminus,72,170,rminus,0,RAN,0,0,2.072,01db07883a15872a73799c5bf9dcae2bdb2955f45f5a901762f4d9fd35f9b862
Hf170_grid0,72,170,grid,0,RAN,0,0,2.053,69fd18166107029abf6d30853f935f82dc25bf3551b2770c44bd56f5f4ee9375
Hf170_grid1,72,170,grid,1,RAN,0,0,8.493,2b34ddef50df4a39c41971f0dbe4621905eb1d6d1c8cd6899b79415190eac867
Hf170_grid2,72,170,grid,2,RAN,0,0,40.783,dbffd32fa3a2401599ff65b5a236f11d0b308f407b65b390d0225509ceeb36c1
Hf171_rminus,72,171,rminus,0,RAN,0,0,2.205,b39ca27ac0d02332d57f12756957693641b3f7ab0b24bc94219d9cd015185f17
Hf171_grid0,72,171,grid,0,RAN,0,0,2.145,9f2168968f2f64491b5b7e86d86be18d22609dfc23b7305097d15873c7ffa0db
Hf171_grid1,72,171,grid,1,RAN,0,0,8.876,790affa7295b32532d1dec70756cc4ab000fcf74335fd514a6ea5d9cc6130fb5
Hf171_grid2,72,171,grid,2,RAN,0,0,35.788,dcd5b32c002315729f28b08f8b2e4ee68045a43ea4c9609b758a1e7822e4d841
Hf172_rminus,72,172,rminus,0,RAN,0,0,2.128,4afb984ee6e0777fa02d18e5472c9f933f009ce2731f5e0135ea69e86ca7919f
Hf172_grid0,72,172,grid,0,RAN,0,0,2.123,884aa0ef1e3d71276072d43aaf9cd11b077c5acf79062d291b41ab2e8f76321a
Hf172_grid1,72,172,grid,1,RAN,0,0,8.920,6d419c1b9ba21a587c171ce7e6d92ced6bc494f2aaaf9e51977905df5a75f147
Hf172_grid2,72,172,grid,2,RAN,0,0,37.022,9045da1d03870e95af5704c48d9aca3b8756cdf638abb34efd0387d696f4f3c4
Hf173_rminus,72,173,rminus,0,RAN,0,0,2.228,ba18b95788a9937f782343b9b6ffa343966b098ff10d0a1e74385b6b755b0e63
Hf173_grid0,72,173,grid,0,RAN,0,0,2.107,733ae99e07a0c22bdc7c208e7c51442affb46473ac0a771dea335c4533439e53
Hf173_grid1,72,173,grid,1,RAN,0,0,8.882,ea729ba961ba0671be781a6e70023e353c689074c6e3b8104ac186a543113a68
Hf173_grid2,72,173,grid,2,RAN,0,0,40.953,e74b01183090486b3b12a794e1ef1a27c478ca5cd8ad415b48e531eab500f85b
Hf174_rminus,72,174,rminus,0,RAN,0,0,2.285,5030262e51d9710ab913a66c19d4c47fade5920a79596ef2b40e6bb5a0a432d4
Hf174_grid0,72,174,grid,0,RAN,0,0,2.126,6c172f79ad9d53fde054df00912bffe16fc3adaf9376c665e81d8c340b800211
Hf174_grid1,72,174,grid,1,RAN,0,0,8.802,0af1eb3b0a14552ba625a84ab5b1e2e8740211b79dfd73012b0897077183b6fd
Hf174_grid2,72,174,grid,2,RAN,0,0,38.834,f9f7cc2012ff90b0020f3ada5a91e423485d9bac20f3d60fbfcea7b0b195d683
Hf175_rminus,72,175,rminus,0,RAN,0,0,2.180,481c7d1451b751dae05e4e1d6856f2f3b893ff01199a251b79b5a28799d7a291
Hf175_grid0,72,175,grid,0,RAN,0,0,2.130,582eb005ab420a17d95aebbcd995b1fea9aac98117e776dfb5a9549e60d362fa
Hf175_grid1,72,175,grid,1,RAN,0,0,8.724,438de793a4b83ac1662b159d43a5f3e33e2d23a1505b47a5d6ba6b04f5e2d5cb
Hf175_grid2,72,175,grid,2,RAN,0,0,34.536,65b8eb92c3d8655f8af4765980fad8dacabd011eff014b97252ae6d856e9e474
Hf176_rminus,72,176,rminus,0,RAN,0,0,2.153,8b5fcc509b1d4d6e529146d63cb37acfd1d8030f00e7920e52138cc994ff2fa2
Hf176_grid0,72,176,grid,0,RAN,0,0,2.151,af9660a76829bdce17db485c2a9f516ed32d6806c5c04a01f466f6394e7613b4
Hf176_grid1,72,176,grid,1,RAN,0,0,8.769,b2dd54a67d1ca83c11d91b5214153d4e3dd51e2845e8a2ddf1a9ead0480f2496
Hf176_grid2,72,176,grid,2,RAN,0,0,35.742,3620160fdd15ae3d131cf0fbd2ad10f1cab470f8325cbff0c22588f2a29f12f3
Hf177_rminus,72,177,rminus,0,RAN,0,0,2.105,dc5a9439cb61d9eb857d0672b2cef4b59b89bada7a9d88a0b1be5b507006727b
Hf177_grid0,72,177,grid,0,RAN,0,0,2.146,48fe7437b001afb64d394dc4b08c51cc928f23a4389bd5d9d1a3adfe82999b3d
Hf177_grid1,72,177,grid,1,RAN,0,0,8.734,d0aedecf4f53bb1023ce5a254017d60f6b7e0f9671df12610b38f4160490172e
Hf177_grid2,72,177,grid,2,RAN,0,0,38.244,9c6b8e7a248f97506f956851f1a5e00ca15eb436ac542ebdb39ca5ad56dc4c98
Hf178_rminus,72,178,rminus,0,RAN,0,0,2.084,16e41841f40cd224340aeaf1d859873b6580fdbf2820e7eefc89a1202267dae9
Hf178_grid0,72,178,grid,0,RAN,0,0,2.144,6f8913c485034559dd95096453c4ccbe512d777452944e33fce0e6ed18e8c8fa
Hf178_grid1,72,178,grid,1,RAN,0,0,8.883,acf14959169e8852974612bdcc46c74caae0fd5028791ae5a36c54dcac8155c5
Hf178_grid2,72,178,grid,2,RAN,0,0,36.234,17807c46f7b31df8d815da38c7a5abc7fe0b3696f34ebd7650497c653eae1773
Hf179_rminus,72,179,rminus,0,RAN,0,0,2.164,c3082fe735a1da21d3b2f7948946f227659f9da905a7b1f1bba566c72a5c7ac9
Hf179_grid0,72,179,grid,0,RAN,0,0,2.141,2805467e7d4d0d3929a7859730ca339bdcd11a4f93422858f69b622b0225e8d8
Hf179_grid1,72,179,grid,1,RAN,0,0,8.754,aa2cd410ce4db4e1b7f9f67dae7f90a44066941b5fc390d1676152ce15cf9efa
Hf179_grid2,72,179,grid,2,RAN,0,0,35.972,a0ca80a5ed92fa7f6f81feb511e6d3102b5568ca019cbde8f616740549e43759
Hf180_rminus,72,180,rminus,0,RAN,0,0,2.172,7284bfd191189526ff151e956cf716c0fdac5eac9c1e0edee72ef4f02b7109ad
Hf180_grid0,72,180,grid,0,RAN,0,0,2.094,ea7ca01cd8dce950941ae63fa0f209d6b3bcb362629ac2fd606a412f148f16ae
Hf180_grid1,72,180,grid,1,RAN,0,0,8.424,0d7017017c7a09c24b44bca2156256d8474ab31fec561b6e8f3251416697cb51
Hf180_grid2,72,180,grid,2,RAN,0,0,36.529,f0070a6ffac760f57ad6617f7320ef3a40e7cff4c22f3149f35273e23a0ded6f
Hf182_rminus,72,182,rminus,0,RAN,0,0,2.187,b3a3176989cbfd69b8cd38364d1598445aceac38ee379e19460731693a1f01ad
Hf182_grid0,72,182,grid,0,RAN,0,0,2.174,3ef4278d0228864e46590a266c4633451bb047e19ede21e38f1f24615643a2df
Hf182_grid1,72,182,grid,1,RAN,0,0,8.898,2299fc1a6eda76a0f0cdd870575afb59f776984b408c25629c96f45400f8eda4
Hf182_grid2,72,182,grid,2,RAN,0,0,38.900,e7def17cffd977be96ddc4067d24d779852d0128fd0a02ecf3d15e00bf9efa94
Ta181_rminus,73,181,rminus,0,RAN,0,0,2.258,1b622bea8654070847840795904268bfd91a31184b62c03750323530225b800a
Ta181_grid0,73,181,grid,0,RAN,0,0,2.065,d74abbdf2ec7f0cb98d1b7a31133faecd50c4bbf15cb4f323abb803c5976a6f5
Ta181_grid1,73,181,grid,1,RAN,0,0,9.172,c30bf0a78b66f54ce228e86115d4e9e1d9143d616c0403211a4bbd47ca0bd903
Ta181_grid2,73,181,grid,2,RAN,0,0,38.186,55028411240bf4ccbfd47ebfa435ea7f2fdf63debf841ffeee28eedac475693b
W180_rminus,74,180,rminus,0,RAN,0,0,2.351,67d1ace69974efd27b4c7e22e635d53c8411c7caa1dd8de6f2c930dd53073b61
W180_grid0,74,180,grid,0,RAN,0,0,2.029,4ef8a66a9aa33a888120cdd5fe224f4da5de85965e332d8a9aec852fd6536169
W180_grid1,74,180,grid,1,RAN,0,0,9.705,e3ff3b6e8ee109994f9ed3b8ba9f59ddcdde8be81964c33df136ac2e0e5ed833
W180_grid2,74,180,grid,2,RAN,0,0,37.969,2560bc45cec0fbaaa12002312ad1fdad2f61878677f779906a9f93fbb509f9e2
W182_rminus,74,182,rminus,0,RAN,0,0,2.235,3f39e10ca0901ba99aa0f2ee3932910c06ab23c8b18445047f92380a0e0f5443
W182_grid0,74,182,grid,0,RAN,0,0,2.162,a20b4df2121e2482561586bcc3ba2860667a3e029d03670b644717467f3b2ec3
W182_grid1,74,182,grid,1,RAN,0,0,8.772,2388287790d91588eb5b28e98533bdde3052fb54419388cd3b15823051904f1a
W182_grid2,74,182,grid,2,RAN,0,0,37.671,88539820bdccf7d729bc4bbb475e580121c4556e0d61f23b63fa0da6aeb038ef
W183_rminus,74,183,rminus,0,RAN,0,0,2.341,0b32ef1183e453f100279530b415e91d070625a8c2492b054b6ee680838acc4a
W183_grid0,74,183,grid,0,RAN,0,0,2.027,8f1e75116b470a49bae2ec5f6dd1c4a49c63a5be8e3e20b304cea3ad59f6795d
W183_grid1,74,183,grid,1,RAN,0,0,8.765,3cf6e878677efb768651f18b3486ffd0dc49da3a89cd604a916f823367e6fdce
W183_grid2,74,183,grid,2,RAN,0,0,35.957,f2aa99340a0ede245e9c802a72d49ac07ff54bd83e2d02d90d522d9b9d3a56ef
W184_rminus,74,184,rminus,0,RAN,0,0,2.226,64e4c29989e20a66ee598810f1fe398dba6aabff39a13cec5a0a97e46f174356
W184_grid0,74,184,grid,0,RAN,0,0,2.002,1522382e724513cbee6f90b0f73ae6eb355148b86aeb194e5df4e65ff57ac440
W184_grid1,74,184,grid,1,RAN,0,0,9.052,5029bf0ddad860fef46f5241810478473cbd8fcd81375e3b150e4efa9a1e9701
W184_grid2,74,184,grid,2,RAN,0,0,38.928,b803c6e6e17bf6f9088e09765bdb05015c9de402a01869f65f9ab9ab685c5ea1
W186_rminus,74,186,rminus,0,RAN,0,0,2.255,fa3c6d26382c11c843c2e368be77cbb2e03fa8b6a91e5ff8a2960ea7eee35b3e
W186_grid0,74,186,grid,0,RAN,0,0,2.137,04da543105b9977f3c80b69b159a5c8b48ee55271390c2964798e5b342745e54
W186_grid1,74,186,grid,1,RAN,0,0,9.478,243a0fd05c49507414bb99aed920c778e0365b4f436fda8db5e1d753fc7b2a1a
W186_grid2,74,186,grid,2,RAN,0,0,38.161,4bac660b2172c2bb622975056be53a83b960f167936345f41ef4cbd251114c9c
Re185_rminus,75,185,rminus,0,RAN,0,0,2.067,611d6c3cf64032b54a8658eb4a3902acf4cbc1a58f92ab712fe06e3f71762539
Re185_grid0,75,185,grid,0,RAN,0,0,2.099,de348f956b8618523ef70e570ea978842afdff31330c978d32a7276d599bb59a
Re185_grid1,75,185,grid,1,RAN,0,0,8.492,295d625e27ee90eab6c3b53e9e054ed5b14512378b906b6d4d7b7b715226d96f
Re185_grid2,75,185,grid,2,RAN,0,0,38.338,edf44fe702d9881a6792492a399fa11798a1bd88f63339d74330ac28234b2519
Re187_rminus,75,187,rminus,0,RAN,0,0,2.046,3d7c3c3eb34bf89dd07f51a90145794e7ed1b5c24933f19e42323f74a563c35f
Re187_grid0,75,187,grid,0,RAN,0,0,2.075,2c0667d792aab4162fa19fbf0489d50f8f5ad347c869c418aa4e66986b9fb1be
Re187_grid1,75,187,grid,1,RAN,0,0,8.854,309bcfd58a590186ea705427baa9ba69226b8a9623429f90aa246fd2a0f97005
Re187_grid2,75,187,grid,2,RAN,0,0,38.178,30ae418f8fc32116d51b7755c81963c4ec09e083334810a850c4ffe140671efb
Os184_rminus,76,184,rminus,0,RAN,0,0,2.117,c0478bd83d36ea5ceac4953daa84a3ab5dcb532eb951ad9e1d02d830fa20a516
Os184_grid0,76,184,grid,0,RAN,0,0,2.300,4aa81842de16e29fde678e02b0e07978505763f47bb5323419487b6871789d8b
Os184_grid1,76,184,grid,1,RAN,0,0,8.787,87933a35ff0d7845a913fed6304bd785efccf1e71cef93e3fd9af1ad66a39df0
Os184_grid2,76,184,grid,2,RAN,0,0,38.105,3ad8913859fb161cac67aed845684d2c3d5f1ae3c7159edcfa9a62a72b9de894
Os186_rminus,76,186,rminus,0,RAN,0,0,2.282,14a0ea390ddb25de70515c4e100900fedf93fcd1f3e4785ad4a6e259a92973d4
Os186_grid0,76,186,grid,0,RAN,0,0,2.317,444f144cae7b78c17f7efc4ab1d5ac10d1a323df11e69372bf605b6fd9b14a84
Os186_grid1,76,186,grid,1,RAN,0,0,8.687,d46c9ae7e54b23493c0911c45c6236fce09b78a02391061553dc2be93967e92a
Os186_grid2,76,186,grid,2,RAN,0,0,37.728,dac69ada20d909880a7a90ff4b8dfb3fc884556cd0df514e6dd2d1cc59ace79d
Os187_rminus,76,187,rminus,0,RAN,0,0,2.221,a68885ea9a04baaa30168adea5e2ed0066054dc51f7edc66aa00b0448d0e6ae4
Os187_grid0,76,187,grid,0,RAN,0,0,2.284,8b0bd5d043fb34cf9edcc79ecbb6ecdf28635672afde684eea702026160569a5
Os187_grid1,76,187,grid,1,RAN,0,0,9.043,de2d831203f79b7921617db74c15c7f14b145ce212ace8f3c6a8516918cfb78c
Os187_grid2,76,187,grid,2,RAN,0,0,37.754,582d1edc65a3c61607b9e9c2837ed541687fe9314aa9adb30ae5d93651364c4c
Os188_rminus,76,188,rminus,0,RAN,0,0,2.109,4ca02915cd81548d107c5bf7af03827490f3154d8b795aa0dfc77d57dbdc025d
Os188_grid0,76,188,grid,0,RAN,0,0,2.249,6ca1949f359c58fca60a26f32d1de67526239ab31bac9efbcf95ee3ed11f565a
Os188_grid1,76,188,grid,1,RAN,0,0,9.782,606471a15c14011d19b286262772e56e5abf2db49d038e57b5190b2e29e8cf19
Os188_grid2,76,188,grid,2,RAN,0,0,36.774,1c8958e6f0f8aab073123d39d84f807bc98a125e2f48686b1b42c4db643103e0
Os189_rminus,76,189,rminus,0,RAN,0,0,2.144,ad6b555d66abf97c5f17f7b6eadb2b2f853dee8ccb7ed23b3590d85def064bbf
Os189_grid0,76,189,grid,0,RAN,0,0,2.197,8af4c0daae605adfb9a251f5d1b059897ec526b806958eac04fd3334ead911e8
Os189_grid1,76,189,grid,1,RAN,0,0,8.957,2936b6eeca957373070ff8c385767b7df0981927c9c341d0177bafcf7ced85dc
Os189_grid2,76,189,grid,2,RAN,0,0,38.836,d499cc3a958838330110a8e1e3a30455b2eb921db340793b7c8065b8c23949aa
Os190_rminus,76,190,rminus,0,RAN,0,0,2.318,3a5d1020e65e51407428ed47bc96ea32f68fd487322fc2ce103ada9ac7f2e4b7
Os190_grid0,76,190,grid,0,RAN,0,0,2.266,d803a79a5069b10c9b60e037b73e747ff5e4929e4f1e555230057da163284765
Os190_grid1,76,190,grid,1,RAN,0,0,8.757,dface6131a97d1a0942c3bb2adb571eb49a2ad9f6b46a4e96c76bacc4faa8a89
Os190_grid2,76,190,grid,2,RAN,0,0,38.378,34cb4a90deffb521f1594c3c3f2d3a13d446f5828409f33417eed2f0210598b8
Os192_rminus,76,192,rminus,0,RAN,0,0,2.181,497d99b84a8319ec7baa1821ae86aed85aafdd885ef3b33a084931a411d17a23
Os192_grid0,76,192,grid,0,RAN,0,0,2.272,5b441c7d53839b68dafa0c3532f5df6832c38fc9fe73ee66d1008201ed45bcad
Os192_grid1,76,192,grid,1,RAN,0,0,9.315,4a87fa479585b9510054d19ebbda260318c1f232fef702fa77859a228353f1c2
Os192_grid2,76,192,grid,2,RAN,0,0,37.140,9f0d040564106ac55d61ebb6ed2a3e325ffc2e4518df2a1e88d6584fd885adee
Ir182_rminus,77,182,rminus,0,RAN,0,0,2.173,2e9fbd43eb451bd45c8879a2fbeb99d307c831ac4fd54f28df7c866fca304127
Ir182_grid0,77,182,grid,0,RAN,0,0,2.231,2c1a04a04805ebb8d5c70e8c53ebf4102322ef04ae70d45183c6aaf1633a6ab7
Ir182_grid1,77,182,grid,1,RAN,0,0,9.211,1bc22b160d8f1555f76048083b549ef6ee4ec4a638b9de9b5a60210a82ffc357
Ir182_grid2,77,182,grid,2,RAN,0,0,35.846,3cb69ce38f8b9a2485cfa384da4e112987568c9e698a0ade7696a310ddad4430
Ir183_rminus,77,183,rminus,0,RAN,0,0,2.124,0d561e35f8cb79e93309997365cfded2718ae2317b2ea5e4b15a0d0e4a20ddc3
Ir183_grid0,77,183,grid,0,RAN,0,0,2.207,1b2e317083297740c5764261df54c5c26041f2a29c73eb2c4b2008e9a83eda8b
Ir183_grid1,77,183,grid,1,RAN,0,0,9.154,9669342e2d5231ebfdb3efd9f8419439d214cb5484b91537bd466f95fa3e939a
Ir183_grid2,77,183,grid,2,RAN,0,0,39.176,0f02f637be20f3d82538edc230fd8f92eea021bb8c6ef12611a26064700c0101
Ir184_rminus,77,184,rminus,0,RAN,0,0,2.232,337d5a3d5b50e812d164e6c04a0f33e93fd496267114d3b937b3e7ab8c501915
Ir184_grid0,77,184,grid,0,RAN,0,0,2.152,51c95cbe9f9b32657448b896ce85ae2947fc16c7c779e7e6d2c506025573f05a
Ir184_grid1,77,184,grid,1,RAN,0,0,9.114,91d16867e870cfeeb681926bc8522d1fbb15adae45628e602c552c015fc45590
Ir184_grid2,77,184,grid,2,RAN,0,0,38.420,6304c4fd338bffe25c81ea64c62552ec3da1d4f1b2a0f0fa3eafebe99780303b
Ir185_rminus,77,185,rminus,0,RAN,0,0,2.254,d769ba2fa46015d8059208e1fd8d5c1e37d976b4330489a25c947420a3cc8626
Ir185_grid0,77,185,grid,0,RAN,0,0,2.220,922e6a28a509bb39436b5da00e30b44eb4fa1e7ad548a42ee43115ec4eda9820
Ir185_grid1,77,185,grid,1,RAN,0,0,9.170,192f0261d3c6190604632654c09c283e41fc0bcfd16beff9565495a4453bb0a4
Ir185_grid2,77,185,grid,2,RAN,0,0,39.484,b141e65ff00f111cc3e249290259973d3c597e39db658287b8a4ddb45fc9b68b
Ir186_rminus,77,186,rminus,0,RAN,0,0,2.188,7059bda15b99e2dfa59537e11357b44fce70c754a79069e6200b5657da5d6898
Ir186_grid0,77,186,grid,0,RAN,0,0,2.240,b3807f4f88ea3b6cefadfcc3efc7a747e8edd094226a7549a3d9eab83f8469b7
Ir186_grid1,77,186,grid,1,RAN,0,0,9.428,a9c13bda5b6faf0a5e25f3a1fda9f37174426ca6f79fb9701a9608cf28e3ce47
Ir186_grid2,77,186,grid,2,RAN,0,0,37.373,ea49f3359a55ba1e49f8875702d848f33a0cf29f4b8340ab0279d20a6677ccf1
Ir187_rminus,77,187,rminus,0,RAN,0,0,2.037,a91ed5ca2462fcbba41967193c473d5c79e0c5d902352de36e5f948428e85aa0
Ir187_grid0,77,187,grid,0,RAN,0,0,2.239,004b63edfda68bc3595c03782814478e6f420f3b4fd3679300d2a8ce558ae801
Ir187_grid1,77,187,grid,1,RAN,0,0,9.203,f00bb0376ca52c807a62c8a89384da876c344b0d5576658ccbb1b3143f182536
Ir187_grid2,77,187,grid,2,RAN,0,0,37.175,59a293689f04baa96050996de2e5c2d6d9d3f97eee52327544653bf5c00ca794
Ir188_rminus,77,188,rminus,0,RAN,0,0,2.089,c0e2098e0cefec8b269fde5468013c829fed5ef7d481560b05b82a0a0645b1eb
Ir188_grid0,77,188,grid,0,RAN,0,0,2.261,f4110543902c1c13718d1f3acd3af4dd9768134bc4f2c40d88a2c31eb0d745c3
Ir188_grid1,77,188,grid,1,RAN,0,0,9.148,e0ecb0d9763b1d58243eb13f664c9b9815b467b3b8b60d13f85f4e558f28cf0f
Ir188_grid2,77,188,grid,2,RAN,0,0,39.123,45367c6ad6684fec251df49e7bfa086bd058e96af07b5a6aeab94c73f354d432
Ir189_rminus,77,189,rminus,0,RAN,0,0,2.064,d4dd92c4ff7921d4faca3935b8d5a883fb4ef10f7db96c93de2c9d18192aa59d
Ir189_grid0,77,189,grid,0,RAN,0,0,2.328,1d0866296a581d7b90581284ab2b117c568dca0c79575feca5363eff62b36fdb
Ir189_grid1,77,189,grid,1,RAN,0,0,8.748,dcec4e37f6bf277ae1c1162148de006eb5b7a23f9563358e63fe822bb780276e
Ir189_grid2,77,189,grid,2,RAN,0,0,39.018,e7f974e3886ddcb1e91384a8f17758528dadbcbe1c9bde076c62948219eeaf0f
Ir191_rminus,77,191,rminus,0,RAN,0,0,2.147,82ea2f8168fe1eb17521189c96480183bd33d574b55dd23f6df1b4fa13a4c243
Ir191_grid0,77,191,grid,0,RAN,0,0,2.136,ca4591dc8b389f545639dddc58fe37ac68bb8864874c726a28d64a08b2ec87b0
Ir191_grid1,77,191,grid,1,RAN,0,0,9.398,debf614e0e256ea09fe02d91cb8e22c1e88d66262ef555ee77d0232d1cd73d2a
Ir191_grid2,77,191,grid,2,RAN,0,0,36.811,bcc9b2733d72bf40929d6700d1220a2e69d9dfeb79785bff2058026767622962
Ir193_rminus,77,193,rminus,0,RAN,0,0,2.059,d59ec5c557b0a474d88b1f75c1ecb4c509f90f09fd5b40d29f23da1ae3c49e9a
Ir193_grid0,77,193,grid,0,RAN,0,0,2.191,eac94cedfeb512f2195fa78af4192ce040671d450ab29f4bbea7e7d2c28815a2
Ir193_grid1,77,193,grid,1,RAN,0,0,9.204,ee5d013e3c3862ca64895c89c2d383159f6c150f3b42653e0e1d4fe6434fbc23
Ir193_grid2,77,193,grid,2,RAN,0,0,38.203,f7cab50fd55cc48361a1d9a87dcb494b8f1deda9a2c0bc48e76bc2fbab40c59d
Pt178_rminus,78,178,rminus,0,RAN,0,0,2.253,e08f761199b11a13ff3307c8323e4abe7f2a81faba3c3458d734f8bb23c30e10
Pt178_grid0,78,178,grid,0,RAN,0,0,2.245,687a68d5f7383f6ae9406e79917de0a1b6b4e5eaab5b38d015f5f38901a284bc
Pt178_grid1,78,178,grid,1,RAN,0,0,9.031,763cf9d2aecdfa6ba7efb4aa1930a095210a6506b3df2bdbc93db421a09ef5e5
Pt178_grid2,78,178,grid,2,RAN,0,0,37.149,fa56462e078f1d95fb23b56e9ed4cd88b83f9375a9d88c4f9aa8885fa1b0e9a6
Pt179_rminus,78,179,rminus,0,RAN,0,0,2.190,0a1397ddba2f5438d9e2cc7a30e879168a12168f77bd313e681f72d855748117
Pt179_grid0,78,179,grid,0,RAN,0,0,2.279,f146c53f4720f35b53e9c66917270f37c888eac3c59f473810ecffb97859cc06
Pt179_grid1,78,179,grid,1,RAN,0,0,9.966,6a370879750c6f637694f700836a49892776520f867d46bd41621a786cf746b2
Pt179_grid2,78,179,grid,2,RAN,0,0,38.408,35ac5e5203e3541d76db3d5ff27746fa4b85cccea2f376aa0fdd6bd372382602
Pt180_rminus,78,180,rminus,0,RAN,0,0,2.145,09b70ba6364ebc382f0bdf101257923ca607bca2190484bacdd81428d8f41c73
Pt180_grid0,78,180,grid,0,RAN,0,0,2.304,590ca39779f19028b973ea58873042024271f9613d907a07002b97bd04307632
Pt180_grid1,78,180,grid,1,RAN,0,0,8.916,2ac2718a5f59bbea21026c4f56e55507dc96d42adab7e5f121a2b7acbd35d956
Pt180_grid2,78,180,grid,2,RAN,0,0,39.583,e972bc9e4098c0dbfac6975e57b27f18c4aa95895410d855cc76e0e8f03422f9
Pt181_rminus,78,181,rminus,0,RAN,0,0,2.213,bdc337e0827454856a4a9313383ecc308c1be940ebc987d0bac850b79c9a43f7
Pt181_grid0,78,181,grid,0,RAN,0,0,2.292,0abe8c28963096e88ef814208f074bf2518c35e704deb5e2a6d72daed7750587
Pt181_grid1,78,181,grid,1,RAN,0,0,8.902,078259fb15dbab80864d839cba400c906b5db13114ec660752b6f1922d7cfb1e
Pt181_grid2,78,181,grid,2,RAN,0,0,38.752,ead53976302e913211694674c0c5eb268a263670d336b8de4dd2138e5537b70d
Pt182_rminus,78,182,rminus,0,RAN,0,0,2.220,bf4aa4aa372bd6b88566e695049b54f1685edd9d3146221a8a630a006285049b
Pt182_grid0,78,182,grid,0,RAN,0,0,2.295,12b579621902d86c90e2989a7203f6f833df84546a9076ac8f1cd2710a189476
Pt182_grid1,78,182,grid,1,RAN,0,0,9.033,dd7164ed48dba7eb2fca6dd519f048c78dda57b5d67e649514d3618c4e79f6e3
Pt182_grid2,78,182,grid,2,RAN,0,0,38.219,19edb3986bedc60189d0b982616e3db252384e87c8cb282efa1aa464c5b46c88
Pt183_rminus,78,183,rminus,0,RAN,0,0,2.234,4ffdd6f003a27067652a9b1bfe08e7dfbbc25666e678182b9c430e47e601b9f5
Pt183_grid0,78,183,grid,0,RAN,0,0,2.287,e4c1072303c8fa77d72eff7ff300c37a70fe37ac1fcbf9d1ca411b20f5624943
Pt183_grid1,78,183,grid,1,RAN,0,0,9.695,acc959863b0f9dd0992bff9d30f583503e48887fbc8bfc4c9e528263667cacae
Pt183_grid2,78,183,grid,2,RAN,0,0,38.377,7ac06eab4aa1b0f0faa15320e5d77bc859a494cb89d0b8bd59d562d8dc4cd7c3
Pt184_rminus,78,184,rminus,0,RAN,0,0,2.215,beb6e40daeefdf02ea3b48de27986023ba9babf1a4d0ee908bbcbdf42480cb3c
Pt184_grid0,78,184,grid,0,RAN,0,0,2.423,1cea4199897e8a22ef5fc856528b9d7025bf4766c339e139680ed0527c48d567
Pt184_grid1,78,184,grid,1,RAN,0,0,8.555,cd352dfa00bff7bd850b28f97efd60bb119e8d87b2da472c655f762d730eaa86
Pt184_grid2,78,184,grid,2,RAN,0,0,37.661,f504b7e28d116743f17a038c5a6865a53b357c4c5dda82edb3bd985f43435f3e
Pt185_rminus,78,185,rminus,0,RAN,0,0,2.135,ea1eb847be2f2b28e48f1a612259647a621ac7b0bb72a039a0cd2ce103c7a5f0
Pt185_grid0,78,185,grid,0,RAN,0,0,2.389,bde0007c58e3d05cc52ba8f8cf75596d254c1d42c9f35da5619bac2445f9536c
Pt185_grid1,78,185,grid,1,RAN,0,0,8.705,eee9e31ee98c24e4d4cd4d955383f06bf3211e3a9a1842c6444a3364cc534ee2
Pt185_grid2,78,185,grid,2,RAN,0,0,39.038,59cff0840d1fbd059d9143c24872e9d26c54afe08cb3f426bf42c31b806b1acd
Pt186_rminus,78,186,rminus,0,RAN,0,0,2.198,ef4205700934450caa82c2d447b8c58275a3265152d980fd03113899d67a7f60
Pt186_grid0,78,186,grid,0,RAN,0,0,2.297,f8c170e3a5e99430067de9038a291ff162856c720cea90f5bc503da75a3d733c
Pt186_grid1,78,186,grid,1,RAN,0,0,9.220,6ab9e6bf10ea147064ef3582378870244c3406210bdadcc7862c69c3178d4e7e
Pt186_grid2,78,186,grid,2,RAN,0,0,42.322,d403e3db6f44f43199368fc2e1e8de1ab5b5ef643af290282ea3c64b01606a93
Pt187_rminus,78,187,rminus,0,RAN,0,0,2.160,ef25e631f18b8735e8eb6edc22be6e2eb01c8766401ef5a46fd8e3826ad0f774
Pt187_grid0,78,187,grid,0,RAN,0,0,2.335,1b8b7f26b666a13397c60738db697aa87d355f69e1863aae829903f294767441
Pt187_grid1,78,187,grid,1,RAN,0,0,9.513,594682016075f3d72e2ef39189fbea0e5d08ef7319ae28f68739279822a5597f
Pt187_grid2,78,187,grid,2,RAN,0,0,37.775,5485a163bba7165648bdd22338f11ab50918a8f4c13e8ee135074ce35915cb20
Pt188_rminus,78,188,rminus,0,RAN,0,0,2.151,204685f7771b9095721adf0c68a8ba6799e199811eb49ee508a21b989cba214e
Pt188_grid0,78,188,grid,0,RAN,0,0,2.255,6655ef51e0098ed20999c4854a3f32861a6cbee18957d6b8031576d459a12a20
Pt188_grid1,78,188,grid,1,RAN,0,0,8.614,6d3392d8f50f66f08054d67138de6778b7f377300b33608d2ef655f4ef3afc53
Pt188_grid2,78,188,grid,2,RAN,0,0,37.811,4946566364da7855b04ad759a34d227f2ec4b24bf3d058d72d8e04355b723c04
Pt189_rminus,78,189,rminus,0,RAN,0,0,2.079,87d0dbfdea941e728c5536a54c3d3cfc1df5b7974d294e27369e7808f0c228de
Pt189_grid0,78,189,grid,0,RAN,0,0,2.285,a8686aa8be9267b7aa3b8a4c0fea148413a22d22a4980048c912b166a2a2b1d6
Pt189_grid1,78,189,grid,1,RAN,0,0,9.024,b74d98a1ede12da6fc412d6ccce8a80cd097f20f17e87e655dd55a76c51b4741
Pt189_grid2,78,189,grid,2,RAN,0,0,38.348,6da5f8ed927f6d6a4ad3bd4c20579cc2906845c784f8dd18eed8e571e751325a
Pt190_rminus,78,190,rminus,0,RAN,0,0,2.226,c02b8894a3576a397a22cb3a3d7fd4dc269c0adeea382d3ffd012f7369c555a7
Pt190_grid0,78,190,grid,0,RAN,0,0,2.268,bf28d3d2bfad257cf5e8d0ab57640ef8cb4d3161aa144b5fa848c148dadc7d57
Pt190_grid1,78,190,grid,1,RAN,0,0,9.303,d78ea682b424cf4a92752773f5c716f59537d7838cd10d370f51bc9f28632abe
Pt190_grid2,78,190,grid,2,RAN,0,0,37.034,cd612a41dbf59d4c034f015de7b34503cc6ca39b022cab2e313dc06fbca3370c
Pt191_rminus,78,191,rminus,0,RAN,0,0,2.187,e4a4fe820881fa7c2244ed2870beec1ff5a9c10045edef464edd7c682028fe4c
Pt191_grid0,78,191,grid,0,RAN,0,0,2.303,5c2d14ee2f1c329a48be0d86e4e9ae6bfddc74acc2e70c47cd2db3badcd25614
Pt191_grid1,78,191,grid,1,RAN,0,0,9.613,07962cf48abfdfc37442685b3a0483d4d601163af16b4e8cab132f6fc676bb8a
Pt191_grid2,78,191,grid,2,RAN,0,0,38.983,cd283fc8836881875adba83f93f48727746628f9f8e770efda6f905132471541
Pt192_rminus,78,192,rminus,0,RAN,0,0,2.082,51a68037e667ae800ce8edba5e18c712631043015c841e5500bc0d4ac921f19d
Pt192_grid0,78,192,grid,0,RAN,0,0,2.192,351102ded487050ebfa066b06c7ec5294c95c94862b60e611814ddcfa5c1b7ff
Pt192_grid1,78,192,grid,1,RAN,0,0,8.610,0926ddf94d30ab8e8eee9a8f569ebe18b9c778040b8f5bf1917bd6eb33e02a94
Pt192_grid2,78,192,grid,2,RAN,0,0,38.691,b32662661fe3050b7ad6dd7f4d98f9f2be6c00ddda5277a71624e80501986fba
Pt193_rminus,78,193,rminus,0,RAN,0,0,2.153,99ab48e5bb7ff5faf34067e269e148b14568c5061a53de9b14b181e90078fbc9
Pt193_grid0,78,193,grid,0,RAN,0,0,2.150,b6caf2047699f424c97e3fb00e147f406606c5712c7b1682e3e2a1235aea4923
Pt193_grid1,78,193,grid,1,RAN,0,0,8.973,145d5e58498896fcd452d5aa653b132bb57f3fc96e0b6de6c5916c38d604d21e
Pt193_grid2,78,193,grid,2,RAN,0,0,38.455,d5861a653989afc82d62ea1be15bf77d27bd02072df84a8a719a33b98f645cc5
Pt194_rminus,78,194,rminus,0,RAN,0,0,2.133,4b5e5b00496003740d3047356738aa8552c23503c688c77403ed08fb4de6aede
Pt194_grid0,78,194,grid,0,RAN,0,0,2.182,5b14ea85de5ec46fe826c5adcce4dcb04ff4a20bcf34c3a22c8520ddc90fd116
Pt194_grid1,78,194,grid,1,RAN,0,0,9.255,802daccc804134686b8e627621bb66604fd8d5fb5c8284f8e0f70b9092917a41
Pt194_grid2,78,194,grid,2,RAN,0,0,39.091,43a81359e6239c922184b3b2bedb9d4320e6cbc980561e51c5749692c2ff7f56
Pt195_rminus,78,195,rminus,0,RAN,0,0,2.160,79d63bad4bb119f162adade8ddc532b67e9d122eb01d097b245b6dcd4bb2bb4b
Pt195_grid0,78,195,grid,0,RAN,0,0,2.325,b77f15caac23faf171a93ee14f0ac3ea1a4a46b81cde91df02a3624c14e37daf
Pt195_grid1,78,195,grid,1,RAN,0,0,9.636,d2a7731f0c01cb52ce245c18fe5c258ecbcdeca7a66ee329e0669055dba9fef0
Pt195_grid2,78,195,grid,2,RAN,0,0,38.648,a6548dd3d217c575011b1bebe64ba11086de740e53512affa8337303432863a8
Pt196_rminus,78,196,rminus,0,RAN,0,0,2.095,217bd8da290dcd8eeaa48820c9151a63a862988667538b0c2f0df05270bdcfff
Pt196_grid0,78,196,grid,0,RAN,0,0,2.267,99a3dc796a9fbbf5b6d95bd19f7738a88da37f599a903c46eeef6fc5126521da
Pt196_grid1,78,196,grid,1,RAN,0,0,8.927,26711fee8e9c4fbd798adf3d35a962876b855a7d16f593d821f5c6e2b5cca479
Pt196_grid2,78,196,grid,2,RAN,0,0,38.134,9656a05bdba2950f7585776caf9cbe27b5f39d5de7246e76678ca23be71cf06f
Pt198_rminus,78,198,rminus,0,RAN,0,0,2.167,5691009713e62b6f8a3e57e44f7b5f7fe56b5f355e797d81aad6ee4c975a169c
Pt198_grid0,78,198,grid,0,RAN,0,0,2.430,2c9a637e3039022e373b18e469136976ec6be5b63bf20e35d9122f471563508d
Pt198_grid1,78,198,grid,1,RAN,0,0,9.490,7f5d35592b014b8e946f55b3e3c52804e23c113345a76842201fd8faa2d985e1
Pt198_grid2,78,198,grid,2,RAN,0,0,40.310,26cd95d6412444aa75a1174162891a5b8f99fa1a7a55b8dd05dc803a6877a040
Au183_rminus,79,183,rminus,0,RAN,0,0,2.186,09061943cbe6395db2fa36591c90a149404231f087fa86e03cb2d37ea2cf1c7b
Au183_grid0,79,183,grid,0,RAN,0,0,2.259,2d77baa615022fc9186218c3e6cd56879e79c12a5f261b782240562a8e8f7f01
Au183_grid1,79,183,grid,1,RAN,0,0,9.677,73355cf55e532d447668e7ddf6971d3c7318a0e69080ab2f84a68367f815592e
Au183_grid2,79,183,grid,2,RAN,0,0,39.038,24667a8e75be0c76182c9a359fd2aa99cb5e64204ba2146cc62e4c6389253bb8
Au184_rminus,79,184,rminus,0,RAN,0,0,2.224,d4d4743ca0e9d1c134eebae1550b6ba433f3c0f65070cb9213c01aac04317b9e
Au184_grid0,79,184,grid,0,RAN,0,0,2.134,c03574c70b2b33899826c80e124246ee7fd86ec96c0d7e3db12d095f2210e595
Au184_grid1,79,184,grid,1,RAN,0,0,9.254,fe5f63db147dae47609ad0104bfb1eaaa4379dac77d752a03efbb898bdd5db5b
Au184_grid2,79,184,grid,2,RAN,0,0,38.568,2816e46de5048fb3da48a0fdd4a6ac7ee365f444c4358c174888f37018f3446e
Au185_rminus,79,185,rminus,0,RAN,0,0,2.186,f5675404036f966eb7a2700a18b7e568d3c3baeff9ea44eea48d16784f91d959
Au185_grid0,79,185,grid,0,RAN,0,0,2.236,34a2b60cb12219655204890c1481896e17c6cd1de6f09a67db4ad87cb296caac
Au185_grid1,79,185,grid,1,RAN,0,0,9.381,c66874edfefca56363e3040716ce1e6b91ba1d2b32e7739d4155d35b6b8b6a40
Au185_grid2,79,185,grid,2,RAN,0,0,41.677,540f6a726e8fb5bb0faf286e82c8206e341a63deafe15f32645e51b87272d641
Au186_rminus,79,186,rminus,0,RAN,0,0,2.302,bd0d77e796360b1131078cbdc39dda0ae834820c70009629cf71d300ecdce5af
Au186_grid0,79,186,grid,0,RAN,0,0,2.377,7fa48a90971cd8381d3a1d06b431042250ffcf7e296f3697f07630c6c8a03ceb
Au186_grid1,79,186,grid,1,RAN,0,0,8.930,709a513d30006cee41efff24380a37f588731a308ceb9274486b455fe78c43be
Au186_grid2,79,186,grid,2,RAN,0,0,39.228,968a9e681c139e567b852088b356b4269ee595eb5ab7fd17fab390a000c2ef03
Au187_rminus,79,187,rminus,0,RAN,0,0,2.254,8ecd82290f7556e434e473cecabeaf8ff99f98ff0af307bbd8b583b0ca0732e8
Au187_grid0,79,187,grid,0,RAN,0,0,2.302,f3825bda960b25d8bab75784801cf2b4e438371e3fe6d1e6251da7f925aec378
Au187_grid1,79,187,grid,1,RAN,0,0,9.359,0068fc566dcd874b094f967069307223ecc806437a629881ca0bc237959c2786
Au187_grid2,79,187,grid,2,RAN,0,0,41.309,1ee6392d8b3fa201a3a2369c4dfe92c195df2f3b5d60dbe2b15a72e4c2120d3f
Au188_rminus,79,188,rminus,0,RAN,0,0,2.296,ba5418a15e1fd6cca158e01d42d7fb23bc784456a2ada5ae29c83f98d73ebe97
Au188_grid0,79,188,grid,0,RAN,0,0,2.273,172e251f4027f3be676d9856c2b561f35ecd1bbffa4bb25eed15d0f2568ad76d
Au188_grid1,79,188,grid,1,RAN,0,0,9.114,93b0627a59bc25931ae46e3241a3a103731e29d510939fc504f0f9043d0c7fa2
Au188_grid2,79,188,grid,2,RAN,0,0,38.799,35d433014e3203c35ce124db21c3959fc8fc19e6ee9db3bb5bf30514e2dad7c2
Au189_rminus,79,189,rminus,0,RAN,0,0,2.267,9cec33901876ce72b3fad637a7508dcfe45c96c3b86cd8040d3bc7312fa297be
Au189_grid0,79,189,grid,0,RAN,0,0,2.394,bd2d4c439a4cdc7c4ddcf2d668c0706e07942a21e25b81e70ef23201659106cd
Au189_grid1,79,189,grid,1,RAN,0,0,9.154,33481762bde57bf8765da59c42ba31abc1b21587f07c5354c8d342981f037962
Au189_grid2,79,189,grid,2,RAN,0,0,41.511,d39190b633e25bb2d64bb4e5ed84734634ad38654c490d7ca6208c93a79631b6
Au190_rminus,79,190,rminus,0,RAN,0,0,2.338,7b2d5898ad73ee3f17ed77d95193177553e25cd5cedb30525e13725329c5690d
Au190_grid0,79,190,grid,0,RAN,0,0,2.279,952a76c3adb39033abc45b4da433fcbe4f0ac20386f708aa07991420933a8bda
Au190_grid1,79,190,grid,1,RAN,0,0,9.222,aac9dc45b55fbef846f82fe4bc44f4d60525599ed2a0f32cbec023929308c33d
Au190_grid2,79,190,grid,2,RAN,0,0,36.850,dfdcf4936d57f54e451bb5c3916ce1d05ac7575f027d8f618a94d463aa13a793
Au191_rminus,79,191,rminus,0,RAN,0,0,2.282,cc1fb7df020ffa1bb259eb9dd473a3b7262725e896a677676a988eda917a383a
Au191_grid0,79,191,grid,0,RAN,0,0,2.640,44909329c415a8a9ab45a8654bfd2d88a0e2da21f1124bd9835ee9aa145900b9
Au191_grid1,79,191,grid,1,RAN,0,0,9.141,7cd725a0eb3c0e5da06a4104095ecf1c70fb00f17ce8d7a8980437f499422048
Au191_grid2,79,191,grid,2,RAN,0,0,39.297,cce52a67d76fb282dad64b816fd9e2e7c2ada065fabbc353248060bd699f5a64
Au192_rminus,79,192,rminus,0,RAN,0,0,2.189,146ecb1f23b9e565b798fbde6046d83c86fa4f5971c23d7fce66e80281a0efb3
Au192_grid0,79,192,grid,0,RAN,0,0,2.503,45ae1889913484613fdfc0a9aea82fa6f28fda48e7a90416ff3b28d4a820523c
Au192_grid1,79,192,grid,1,RAN,0,0,9.174,8c4c706c9d9e320fc81308e646dfdbdd2e23c1b141fdf329624460c31d5ac90b
Au192_grid2,79,192,grid,2,RAN,0,0,40.684,4939a9b29277d9d6e4e976737eedcf2b869b9e070b2dc37e7f5f62e8ac6468a2
Au193_rminus,79,193,rminus,0,RAN,0,0,2.265,d47e4bdc076c8ad47590a40c0e102f15d757e305c1031977d01c3eb3ef5b3de7
Au193_grid0,79,193,grid,0,RAN,0,0,2.529,c320593a09b5682027c7a1a44dcb4eead52039ef50952ecaf8f9825bf4b58ae0
Au193_grid1,79,193,grid,1,RAN,0,0,9.131,88c75a82b5d53455f72b3c50f044ca85629c1393354caf17867e445126c8d51c
Au193_grid2,79,193,grid,2,RAN,0,0,38.769,5bda10f524e5b82e4a2d469f9d27dbd76f475c5423f71284bfbfbfa2ecc8f88f
Au194_rminus,79,194,rminus,0,RAN,0,0,2.101,d9ddc0272a0fba45c584a80077d81c5118ebc0c43c1a660288fe88c7358db45a
Au194_grid0,79,194,grid,0,RAN,0,0,2.623,be81ec19a182972ce42389caf1ab29a1d942ad6b1c58094e110f229552c0c215
Au194_grid1,79,194,grid,1,RAN,0,0,8.950,99e79f74b6ee89503bb93022f8f5e58caf747925a9edef8fbc9087d58882efa7
Au194_grid2,79,194,grid,2,RAN,0,0,36.999,c2f9466c6aeb3339edad6be3b678c0472bc65abff17f9a249237011fcb91872b
Au195_rminus,79,195,rminus,0,RAN,0,0,2.243,bfced039af3b95b3588382a986bfcfa6b02e8f7bc7d6a317951f19504ae0f98f
Au195_grid0,79,195,grid,0,RAN,0,0,2.562,9f1da5b559eefc1564f046f01cf2b99e96432019cee20a87216f221f887621ac
Au195_grid1,79,195,grid,1,RAN,0,0,9.227,8884c68960d910bd4ec54c6649d6613dc55035b1440845e3bb7fd9ea0821d221
Au195_grid2,79,195,grid,2,RAN,0,0,38.789,3c26012280c21e9dd666f0744e3ecc6e9302cf9312179f529c06c56fa4a845d1
Au196_rminus,79,196,rminus,0,RAN,0,0,2.200,7b1159b8aa5b78256292cd5b38437bab39167e8e309f68f72571cff1efe361ed
Au196_grid0,79,196,grid,0,RAN,0,0,2.554,7fb930a99bb494786df1b84990f0f65b2f8fd34f75d6b169e500aed8a40e721b
Au196_grid1,79,196,grid,1,RAN,0,0,9.094,f016c2ca9df6719e85dfb9f3c33b712c3d467d612729fe1cd544b90a0879e5e3
Au196_grid2,79,196,grid,2,RAN,0,0,37.846,ca1e78b30f3cd792e12afdf705caad8712352c27db59246ee1fa358e43d6bd70
Au197_rminus,79,197,rminus,0,RAN,0,0,2.202,db8fe10be628d3a9c608c907e5445946e39c83bdb61e2163a2292d3ab3362b02
Au197_grid0,79,197,grid,0,RAN,0,0,2.258,06cf06a1905b4ec1d80355838d8f41384792c45cb5a8a15f089abbe85350b43f
Au197_grid1,79,197,grid,1,RAN,0,0,9.057,fbc7c421da0797cf77787b97a3c767f6c5d3e826a531eed3cf51a12c7fc07f6b
Au197_grid2,79,197,grid,2,RAN,0,0,41.629,3a615978f203cff3f4cf235bb245a73707f4789bb8e20e9d86feefea601f4dea
Au198_rminus,79,198,rminus,0,RAN,0,0,2.261,f3063f153ff2db8209b61c6a717a28b5aa36cf1de421d70cb831a495a38aba8f
Au198_grid0,79,198,grid,0,RAN,0,0,2.274,2a7f7df3fd4354d092e0bcf6ab3cd7f42fa33457d5bac7b31b3bbe3ebdc3357e
Au198_grid1,79,198,grid,1,RAN,0,0,8.885,946642f35ab2e1aa788270a072a10ea56cbe356d98fb2cb766178cea4a64238c
Au198_grid2,79,198,grid,2,RAN,0,0,39.072,224fd6d69d3e8c7e8d5c291ee2d3f05f3d734871c77e14ce48c2ac0bd6563639
Au199_rminus,79,199,rminus,0,RAN,0,0,2.201,f5ee7a69e0fb0ed0b1edd59f54f411b65fc436721592947050a9da7a0dfd99c9
Au199_grid0,79,199,grid,0,RAN,0,0,2.376,869acb479750eacb2efbd2377bb0e10e22c9c68d7097935d7cccaa74c8931385
Au199_grid1,79,199,grid,1,RAN,0,0,9.291,307d694b7799234febdfed54726177c5b394a9e1ec975dfb1a3ebd0b20fd231d
Au199_grid2,79,199,grid,2,RAN,0,0,41.990,8c0a06a17a3d4f6fc99f63d3a08496668b5c18ca7dd72a4a3edae8ef1c8093bd
Hg181_rminus,80,181,rminus,0,RAN,0,0,2.350,4070f51238bdc22ddf8d3781dc43dd9d2cf5dab8137c41af213501d4755fa26a
Hg181_grid0,80,181,grid,0,RAN,0,0,2.247,7400575fff599bb593afdccfb6bc4f7079b61c6311c83a52a71deabdb4f124d0
Hg181_grid1,80,181,grid,1,RAN,0,0,9.299,b2c66ca03ce7b12ce43290dc40d8ef2657d18bfca36ca8a1af886d45a5d623e5
Hg181_grid2,80,181,grid,2,RAN,0,0,41.900,ed0041bd085d324226acef4fac08bb372bc346b05b73855c8acb17a6ab2c99c9
Hg182_rminus,80,182,rminus,0,RAN,0,0,2.316,8108621a8043ad22889bc32bdaf17531afedd97543c26f5a10b20078ba934458
Hg182_grid0,80,182,grid,0,RAN,0,0,2.079,27914fdf717df07dbab2005c26db5f678f142476d8903f051d2dd8c73e355337
Hg182_grid1,80,182,grid,1,RAN,0,0,9.025,631a27c3732b232172aef59333a0a8ee7d56604394ee92195f34869ce0f7fd5c
Hg182_grid2,80,182,grid,2,RAN,0,0,38.163,28bc1e322900354f5eee5c21a9c05bb0f709bf20757c68557c191820a1daa275
Hg183_rminus,80,183,rminus,0,RAN,0,0,2.271,d05a9eb22f2b05b9280035c2357afce24db45d82951476d42d8dad594ab779f7
Hg183_grid0,80,183,grid,0,RAN,0,0,2.225,48f29a2b1d5bc9c4d9d9d98767a0fc79b143da41a523771e8e58495404358622
Hg183_grid1,80,183,grid,1,RAN,0,0,9.103,6290e8430453332d86cd4060953cf49b2887a85a528e55bd5b213e5af546bb47
Hg183_grid2,80,183,grid,2,RAN,0,0,38.873,0bab37327c8629b2295d621ebb9d8c2b66edbf6e82c96022e394f22cf8a68ad9
Hg184_rminus,80,184,rminus,0,RAN,0,0,2.267,652461342d6078e8a22c830603a8ef88f2a2c6ac464de4bf3936708a3cc65cb1
Hg184_grid0,80,184,grid,0,RAN,0,0,2.327,40cc683b800d248a2526d7635a93415ee9f1bf78445eb78c657f984d07a27fef
Hg184_grid1,80,184,grid,1,RAN,0,0,9.543,a8d881c4b154874ded4cdfd41663d90a139d190b62acf22f3a64d15a976c232d
Hg184_grid2,80,184,grid,2,RAN,0,0,42.991,ca78ad55c2ff18799e95a06a832a7168aa4230ad8ac85b081f5761b6319213f2
Hg185_rminus,80,185,rminus,0,RAN,0,0,2.261,f5dd44314852170ed835c8c34481a1fb304a737184f33cab162f5a646262243c
Hg185_grid0,80,185,grid,0,RAN,0,0,2.161,a6832ebafb7be0e05596c8c02569eae181ea061cc7266bea4d09d7bd85f967ef
Hg185_grid1,80,185,grid,1,RAN,0,0,9.407,7954dcf5125c0ba5f8437bbaec1ab687e96eac8fdd51341674a38bf83dc7c2fe
Hg185_grid2,80,185,grid,2,RAN,0,0,40.572,d5698f3da918059b879e1d561792d5ecb716284955740f10ae28817409fbadbf
Hg186_rminus,80,186,rminus,0,RAN,0,0,2.237,4b6b75776ccd4a18a4e518ae44cba0c643ba370390a2ccf1a9cee226e10b19cd
Hg186_grid0,80,186,grid,0,RAN,0,0,2.145,78ca9d6a8254dd81058a8b33672ef5bcf6c7572720da4620b06caad21cd854f9
Hg186_grid1,80,186,grid,1,RAN,0,0,9.218,88d66b03e05f12170f35397a555c95a1c663f3afb37fd937fc4649b3eeb54061
Hg186_grid2,80,186,grid,2,RAN,0,0,35.992,0b1c18eb874c3c5ff4850fe4e9be9c2baf4466cdb6a48a0e8de2e4cb082f9b3b
Hg187_rminus,80,187,rminus,0,RAN,0,0,2.311,16a616df294b9d078b92d895f39a0c2388381311a3fb4465cd4489e0bb7c8e7a
Hg187_grid0,80,187,grid,0,RAN,0,0,2.327,e6338bddcd7ece5bcf026f65ceb14a526858d89e025b24fc245438351f34026f
Hg187_grid1,80,187,grid,1,RAN,0,0,9.153,424aa796212a0bf98cfa21aff59ce936455ed67aaefb6bb549f1e77bd8f04cf1
Hg187_grid2,80,187,grid,2,RAN,0,0,37.156,64c5ea425d2cfafb40ee0de394a7447bc60e4f741aac8d5e3db10475b166513f
Hg188_rminus,80,188,rminus,0,RAN,0,0,2.362,b331058a3dfbfaadfe9e767bea8fce62383b3ac3f2a2f4a3c84d6f05b676c51e
Hg188_grid0,80,188,grid,0,RAN,0,0,2.163,8ce075a6be9d06279253c7873dd33fe9375e5260383a1823a4ec26e9273d27e1
Hg188_grid1,80,188,grid,1,RAN,0,0,9.410,3ac4620e01e5ec0427fbc0b2d984abb50644d6c1f1adfa535f300c45877101b1
Hg188_grid2,80,188,grid,2,RAN,0,0,38.479,c9b7b02a87ede539437e89228c438cdb4e5f0670bb4a57e2629a915619b52f4e
Hg189_rminus,80,189,rminus,0,RAN,0,0,2.251,692fd7b07a45124faf7f854727a29b2e5646f467c8f30cd39e288a9ebe6eb210
Hg189_grid0,80,189,grid,0,RAN,0,0,2.159,c7e87f20cbb6640dffb48df1699654d5af6b1632e772c427ec11133cf3aabda3
Hg189_grid1,80,189,grid,1,RAN,0,0,9.103,0ce3d498cef52bfee010033081f334c1cfabd6b95906f3cbbb1538b7ff7b4ea6
Hg189_grid2,80,189,grid,2,RAN,0,0,38.240,3a610d27c3d5b4e8a93cf4f6a5fabcd3f72321e300bac863ebfb31c897a41373
Hg190_rminus,80,190,rminus,0,RAN,0,0,2.292,4c9f083211c243f819a7e10f83d7b649f461f3df51689f06fd0f13e8b52df4df
Hg190_grid0,80,190,grid,0,RAN,0,0,2.239,b982bbe9c6f5ef98f7ffe62bb16b0b20aa3793d085c5249a728be3183246b18a
Hg190_grid1,80,190,grid,1,RAN,0,0,9.616,41822ffe2e03a71d85de75ba97069f6c7659877c07877fdc3065af0595c5e32b
Hg190_grid2,80,190,grid,2,RAN,0,0,38.228,af5c57712d51ec69ae5d757ec4e01143b9a126eb70ee4af1552b71bb86efdd1d
Hg191_rminus,80,191,rminus,0,RAN,0,0,2.276,737988a8c9851f00f95628333352eea970ddc358d93732e5495c32d92aec8afe
Hg191_grid0,80,191,grid,0,RAN,0,0,2.165,d408a72f444a3c8aa0f7e7fc3f1bd56d323d78252d5ff96d85df96055c901802
Hg191_grid1,80,191,grid,1,RAN,0,0,9.445,884c5ad7864f6ea3fa9b0fa6429295028e81b1249a1ae348fc0b78c0627068fb
Hg191_grid2,80,191,grid,2,RAN,0,0,39.012,664a4bf55ba6e413e4d8b50bd8c01bc8e1a8284b4476e886a7dc66e47404f1fe
Hg192_rminus,80,192,rminus,0,RAN,0,0,2.333,a36694e206e9bbbde5b3820150dbe112af68d3f1b4137aae817ca8cae1d7c59c
Hg192_grid0,80,192,grid,0,RAN,0,0,2.135,2d9543d8bf714300ca07719f7b06bd56be71a3a8c83f4cd278f3b8d53c863c7c
Hg192_grid1,80,192,grid,1,RAN,0,0,9.306,9b8d7e74ca5d89f3e222131e89778bb0a2483c8c4737f97f942d199e7b065940
Hg192_grid2,80,192,grid,2,RAN,0,0,41.179,695bdafc1c1ca4aea0b215279406986a104264a4b7ababf7fd82383c61e08f8f
Hg193_rminus,80,193,rminus,0,RAN,0,0,2.294,d8303b82c60c603876c0cd1119c7de840a9aef7a245a13b2aa1d71737f3c0def
Hg193_grid0,80,193,grid,0,RAN,0,0,2.163,d39d9b1698edea1761b6ffaaae38e0d6f52d8d5fcf781075146a701edca00f3e
Hg193_grid1,80,193,grid,1,RAN,0,0,9.102,7a8a372821b4174d3f788042fcae05221b397529d265a1f0e645ee09233b14fe
Hg193_grid2,80,193,grid,2,RAN,0,0,41.550,3f2ef0f9f213278f942a8b762215bfbd4c97d7acf12811ed170e6ab9557c3df5
Hg194_rminus,80,194,rminus,0,RAN,0,0,2.335,045490fa80aab1bc2aadf348c96b389e4caa8df9a9bed4c6d14af04b893aa050
Hg194_grid0,80,194,grid,0,RAN,0,0,2.244,501409de9ae6d0e9a7ec66e2e00f7e961b92b38638fe9f9f12ef26d945f69f35
Hg194_grid1,80,194,grid,1,RAN,0,0,9.654,50652ad922eab409a84495cc5110fe1a3b918f17717af4ce4f69232b5c10aa0a
Hg194_grid2,80,194,grid,2,RAN,0,0,38.700,9862a97c20adf8bf4ff65ab15a024f4769f2d324ce2c9d4188b0e50318a1fd50
Hg195_rminus,80,195,rminus,0,RAN,0,0,2.212,b6c6c763b3629f529ee9fe9cbfe72c6da8e105fe997b8385c775f3f7c5a15786
Hg195_grid0,80,195,grid,0,RAN,0,0,2.212,6997466bc6bd9454b730c438cf48065512a063f7f6c93aca2f74a503d50b59df
Hg195_grid1,80,195,grid,1,RAN,0,0,8.969,067e7fe04304b64fcf9d7c3c3d45659e9f08308fdaa60518e30f06bf773b3f55
Hg195_grid2,80,195,grid,2,RAN,0,0,39.115,2f66cb30feecd421f94ccc7a9436084d66d9fd0c43c339b2814dae120bf5a18c
Hg196_rminus,80,196,rminus,0,RAN,0,0,2.194,939d312cba2140371fe36f1d38e711d529c541a34ba649fdcfe67290403324b5
Hg196_grid0,80,196,grid,0,RAN,0,0,2.223,9ed4362ec32ca320803b6ba64f47a0b3d440e6f046c644992bfb65fdabf717e2
Hg196_grid1,80,196,grid,1,RAN,0,0,9.237,edb68e48959aaa8419bae2c48827f46f32dfd587581842c9b3ff42561c87beb4
Hg196_grid2,80,196,grid,2,RAN,0,0,41.625,dd62a86ced60dab95db914f339365eabc91e220bd8ef609e8026991fa5ae550b
Hg197_rminus,80,197,rminus,0,RAN,0,0,2.286,84934bfea60c07cb6a10097e2bac2c880fc96dd2251b9f11242f7b95d941cf9e
Hg197_grid0,80,197,grid,0,RAN,0,0,2.112,33e7bb11be12500d5d8bc6c2bd5c329d1815011137232a1e2f5f77710249e648
Hg197_grid1,80,197,grid,1,RAN,0,0,9.423,d22299b2438bf1615db38035b0b1d816a7a26f9c843060336ba84c918e191207
Hg197_grid2,80,197,grid,2,RAN,0,0,39.787,e7fb2d03f2459c2810a51fb26e7b3a671e1cf640e9ae3c3d7519d77bbdaaba40
Hg198_rminus,80,198,rminus,0,RAN,0,0,2.283,e017afd6d3d5c925edf8cf65008a20288ec2cba505bed224ea44285c662a664a
Hg198_grid0,80,198,grid,0,RAN,0,0,2.244,e10eefb6648111edcd21471e348d0a14b670576f95e793282a040f0280162414
Hg198_grid1,80,198,grid,1,RAN,0,0,9.614,00c967992ebb83ada47beb1755ca453add3af3195d49729e7a0ac89103bc3fea
Hg198_grid2,80,198,grid,2,RAN,0,0,36.785,e0c7cdf0694c30b5197d4d4c0500b745948653b815f164279459171dcb42e9cf
Hg199_rminus,80,199,rminus,0,RAN,0,0,2.254,f75b34bdea57626b562377c651f94e19079d70a41ceadd676e27d7c2ab085ae1
Hg199_grid0,80,199,grid,0,RAN,0,0,2.163,4bbfb1fabe662dc7e449aa46386fd6662714141fefd2a7ddc664ff0ffa97a7f4
Hg199_grid1,80,199,grid,1,RAN,0,0,9.172,4d31b3d66102a3196d2ea4fc04475f93c50d4595c62560a37543e54838d4b50c
Hg199_grid2,80,199,grid,2,RAN,0,0,36.895,43880a26d09cb9cd5012301fd0e27d52c157b07b42b0f0f8cd2d43ebeefa651b
Hg200_rminus,80,200,rminus,0,RAN,0,0,2.182,346b2a6f638b2a7a1f84dea04f4ef1061d7b3a75f3d0c71c62176ab5fa8cd9e8
Hg200_grid0,80,200,grid,0,RAN,0,0,2.141,96b1c6c348910bad77409fc5348474f1c55c61b09e3f27a763141ea108ebc081
Hg200_grid1,80,200,grid,1,RAN,0,0,9.208,adf28c75bf93746ebee305a5868d8c874d9aa5195bf3a74b5f0268ac4169bdf4
Hg200_grid2,80,200,grid,2,RAN,0,0,39.166,6f3e48b3069111b03755223a9b0058db5ab231ac7de7ed9d821fbcd8c8d28762
Hg201_rminus,80,201,rminus,0,RAN,0,0,2.305,7544d9a7b74955e5097a2b544f0520fb5de5ac5ec831abd946e54ab167d48129
Hg201_grid0,80,201,grid,0,RAN,0,0,2.323,11a33e67158be35669c54cb5f0a88cdca3750bf68d21c0e30758af57a0d755f6
Hg201_grid1,80,201,grid,1,RAN,0,0,9.438,a3488531b4d02961b1913b4e4f18fc430fde6f851a0fa2b21a98e3fbca0e13e2
Hg201_grid2,80,201,grid,2,RAN,0,0,39.214,380b881185b0e9c1a385293d217d966a9005b5257e5f764f114d07cabea9c91f
Hg202_rminus,80,202,rminus,0,RAN,0,0,2.235,1f9096709661a1d589fc9be1f7ede7985affd33c72d100fd5d226c6c93a594d7
Hg202_grid0,80,202,grid,0,RAN,0,0,2.220,c257559993ee766ee8bd4881c56013a128a9114e451cb19bbaae3402789e498d
Hg202_grid1,80,202,grid,1,RAN,0,0,9.685,6477f1e64ada4f6fd2acb8f711dfbdcbb602fb7926068f5e70981b5577072b0f
Hg202_grid2,80,202,grid,2,RAN,0,0,38.805,f675f03b6c06b4abb5f14d45bd9f9398945ae0027f3bdf3b04292cf1c416865c
Hg203_rminus,80,203,rminus,0,RAN,0,0,2.296,850fa5397fd4dcbcc1025f7476796ed17277299930554b745f50fc8ccdba0a49
Hg203_grid0,80,203,grid,0,RAN,0,0,2.279,03a7977392e196f0d60b808babadb0085067c7ddf9b35ad145667868dcbb626a
Hg203_grid1,80,203,grid,1,RAN,0,0,9.044,795b94b8f7286e2b39b7f8c894073c46addeb72c9b582ad38763b00a782755a4
Hg203_grid2,80,203,grid,2,RAN,0,0,39.773,9ce6fe9b2f0e61d68db2bcd5d13af739af7d8566e232d17fda9d7ee1541eb264
Hg204_rminus,80,204,rminus,0,RAN,0,0,2.226,5afcc679184cf5f729d0925283f18ab85f3149ae8102dee52f83108219807347
Hg204_grid0,80,204,grid,0,RAN,0,0,2.263,7bd294853b7f0dde00a6bde61619928b49d387668463fc6aba3c44376d94e3e9
Hg204_grid1,80,204,grid,1,RAN,0,0,9.212,25002132128acf5f8bc927d56bbb981537d428f05a4a955e0603b9ba6cf1939a
Hg204_grid2,80,204,grid,2,RAN,0,0,40.617,343be133864caa17b781bd6e1bf87152bbe84fcb43c3e05c4e9ebb03d981d35c
Hg205_rminus,80,205,rminus,0,RAN,0,0,2.352,7f6ec654789dba89e2e052e22f1b19f44849edd2cc381fa520e03ce0a531ad59
Hg205_grid0,80,205,grid,0,RAN,0,0,2.265,816fa75e5a10a0b3b638568c550b6649773d1e50d85ff39454f4588c33fd806e
Hg205_grid1,80,205,grid,1,RAN,0,0,9.332,313034fb69a885309ab0fce8d2af7313032b00981aa9637464a350e3c4e61f78
Hg205_grid2,80,205,grid,2,RAN,0,0,40.608,e3bfaeba0401148235bb095733c69cfb7e3eaf4769b50f80176dac2a1f7c5fb6
Hg206_rminus,80,206,rminus,0,RAN,0,0,2.206,8f55789e5885b96bb79d5612e27d082486103764cee04f0c1be947b00e467de2
Hg206_grid0,80,206,grid,0,RAN,0,0,2.343,7e7b7d55977d8b55c79ea545f3b65a10993dc4b2f809957bb37e8060b6102874
Hg206_grid1,80,206,grid,1,RAN,0,0,9.786,7b2b68bb4bdd26d29c4fbe18478bc5cfab98488b9d703accc92acca02071b425
Hg206_grid2,80,206,grid,2,RAN,0,0,36.936,49ac75937a33d1a19f4bcdea244a9403b01d65ac0bdcf7b7525b0cd68af20198
Tl188_rminus,81,188,rminus,0,RAN,0,0,2.464,829557a6754bbced2b7c3f103ca31ae0f55d1ee490ec669a20439d92372325ac
Tl188_grid0,81,188,grid,0,RAN,0,0,2.149,583beb73a66548b36f8c4ffc13a71036c9b2c2afcc11d0b3f1e3d3464938f920
Tl188_grid1,81,188,grid,1,RAN,0,0,10.758,f7601ba55ec91324dda80eac1e35dbbadfc75584c4691a8441e04497754a62b3
Tl188_grid2,81,188,grid,2,RAN,0,0,39.448,40a1d69ae1b84bc5392526efef24875157da969598dc22abfc7c1fb9f38670d7
Tl190_rminus,81,190,rminus,0,RAN,0,0,2.736,7c40266cd9ce8b84fa7ee702d9762309c7f8a92e0b0801042a7ae535ada16e70
Tl190_grid0,81,190,grid,0,RAN,0,0,2.239,6586eff3a8181140681c48138dff95d12bfd8502cbea9e5ace08cc9f4ee6a0eb
Tl190_grid1,81,190,grid,1,RAN,0,0,9.429,df64d90a1c4e482fed0c5c4475260b084a62504367982f99f42d428103b475cb
Tl190_grid2,81,190,grid,2,RAN,0,0,40.997,0296c2ec1df6725202bba487b8d1c210a8ef991a39b477d8871510fced1d5595
Tl191_rminus,81,191,rminus,0,RAN,0,0,2.892,fd9b0386600de88d14fddc6e465a25a34553b3bacfb8abd4c33038b1f6f77f75
Tl191_grid0,81,191,grid,0,RAN,0,0,2.156,74083c0fc7205e8592cd8a567cb2f62ebae67888f7767cd0b63afb885ae95946
Tl191_grid1,81,191,grid,1,RAN,0,0,9.659,86a79ef989f2db458c87ca5eb459494cf384b0822b2656ee0c2c51cdf4223fd1
Tl191_grid2,81,191,grid,2,RAN,0,0,41.531,cf5b902bd5e3bca644a5c5187fb7859cb5e1b3fb3e15545d68d1c7d360138b80
Tl192_rminus,81,192,rminus,0,RAN,0,0,2.733,f05226810e41ea432bf05e387611e0a5c501c49c42e77ae57c990d944a60fcb7
Tl192_grid0,81,192,grid,0,RAN,0,0,2.135,fd66580d4f77f54169cd6d76fd5c54ff0407c6f4c2499a2861d94aecea5922f9
Tl192_grid1,81,192,grid,1,RAN,0,0,9.335,6a92bdac7d31df39157886cdc337b9cd35fcb8dffb2be6e3f877cb7064433f44
Tl192_grid2,81,192,grid,2,RAN,0,0,40.471,8e248a95e4146c5b9d5b7a80b65089411d320749cba40dc097c71bb8e22fd06e
Tl193_rminus,81,193,rminus,0,RAN,0,0,2.745,4d7ca2b51d2444096126be687a491ee247ad35f9c9a26e18580b42711cc060b7
Tl193_grid0,81,193,grid,0,RAN,0,0,2.182,e8aef9a2a503e025660dad5b38b0b230038f5f65c367587e0b91c16aca5462c9
Tl193_grid1,81,193,grid,1,RAN,0,0,10.545,4a6b59d66c9498f7d187b602eb9a825f0e2a4b396fca1a335fdf06f2c80bc12e
Tl193_grid2,81,193,grid,2,RAN,0,0,38.090,eb305fdb7cba3975f02dd5bf4d9a74181279e8d023a74f95934ad7e711e7f3b1
Tl194_rminus,81,194,rminus,0,RAN,0,0,2.757,e80cdf819b1d0715891993020304170159c0afb6cee7a2f6f643c8a0d04dcefb
Tl194_grid0,81,194,grid,0,RAN,0,0,2.005,64256f56c451dd6bf8bd9bfcc3801e080839f69b64a7b1858267cb96dcd84c8b
Tl194_grid1,81,194,grid,1,RAN,0,0,9.444,c3bfc98c2ecf9ed1650a3d22e52b01289452e00907b8532a5fb19b4176ce37da
Tl194_grid2,81,194,grid,2,RAN,0,0,38.992,4a756d122b6262d0c1c66ecd5e433757264c8a0f3baaf75c99c61fb707963f88
Tl195_rminus,81,195,rminus,0,RAN,0,0,2.834,02b17da32c624dac5c3c21e5e270ec49498fbe408032e9588466675be8d5ddde
Tl195_grid0,81,195,grid,0,RAN,0,0,2.101,694b6fe3eea3305ff09e12395bf75166b01427e9d2db6b9cf757a73e0a801f7b
Tl195_grid1,81,195,grid,1,RAN,0,0,9.451,7257bd6dd783b371f5691b4844df5dcd3abaa9c22cc10e6c0986632709fb460e
Tl195_grid2,81,195,grid,2,RAN,0,0,38.082,08d7f4f09384d2eca989bf8c57faf7113bfc7e70ae232fc2d519a615c825af43
Tl196_rminus,81,196,rminus,0,RAN,0,0,2.569,b18aa69ad24b91ea17c14cbe13c77c7ccd13e565c5028e615ac6dc4419b34347
Tl196_grid0,81,196,grid,0,RAN,0,0,2.067,8ca786fcd0b8ccb3ba63906351606bc6e8afed961fa8db80ed3ce663e8bb9d4e
Tl196_grid1,81,196,grid,1,RAN,0,0,9.016,bb7c7dfef18c9e8ee1e93973063ff13de8b4c806736b8b47ce9f60d5207bab67
Tl196_grid2,81,196,grid,2,RAN,0,0,37.615,cc2507d9ed8d602899390f5244b941e8682e1f9f595d170f10cd55aba27c0c69
Tl197_rminus,81,197,rminus,0,RAN,0,0,2.593,8f22a428dbbf4f18cfd753a6d84a5fac34dc3dc7f1cc435b71fe4073d413ff94
Tl197_grid0,81,197,grid,0,RAN,0,0,2.179,eda79b4d14d95d94ab50f894f9dc57ed554cb887bfed50e75654efcf65eb6e3e
Tl197_grid1,81,197,grid,1,RAN,0,0,10.283,f32e1d971b2124fd8e46a336b8c2da966cabe49ac591bbb3d295ced87f60d4bd
Tl197_grid2,81,197,grid,2,RAN,0,0,38.929,3140b9770d60e69d0ba91501cc91f15283a379ef4cf62da6b42ae4c9491f0e47
Tl198_rminus,81,198,rminus,0,RAN,0,0,2.636,d445746cd60b61ee02caeb582b199030359507550c1f943e5e2e4c5ddb4ddf87
Tl198_grid0,81,198,grid,0,RAN,0,0,2.018,f65a4a7e0005ea29feecfa7c47a921f3eb698786e2a1a80a11ee99c349dcd549
Tl198_grid1,81,198,grid,1,RAN,0,0,9.236,5543cf2015a66209ad10a8bcc8ffde8bcbc34aa9a7b1cb6b6c81b5a4cde7c64f
Tl198_grid2,81,198,grid,2,RAN,0,0,40.967,1a6f67360d95aa0babf4f06890fbfea1f8f588f86f813fd2da18a69c6b7830c6
Tl199_rminus,81,199,rminus,0,RAN,0,0,2.699,4fc9efff4414d7209ed509d97dd426dabdba331f5b5c54e14de3cb9b5ab522d4
Tl199_grid0,81,199,grid,0,RAN,0,0,2.124,0e703ba5cadea5799a40743574d35def5782b6a009dc9f445e2172f91d4aa446
Tl199_grid1,81,199,grid,1,RAN,0,0,9.217,8078f587c63e6abfa2a27a9664d21c5d39a88e85e84be67b95ad01434b557e24
Tl199_grid2,81,199,grid,2,RAN,0,0,37.687,0083507c95f1119a7cd0a45e3ee19e3d52c27bd38a04c7a71e47452af3bf2de4
Tl200_rminus,81,200,rminus,0,RAN,0,0,2.616,5811c061d7cdae92e327ffec4faf62df9d5833939e8575d82c3570072ca7cb79
Tl200_grid0,81,200,grid,0,RAN,0,0,2.182,4f5383d11072bd339b0ba818aacdc69aa8b82848f7cc94ff4200172189c5bd04
Tl200_grid1,81,200,grid,1,RAN,0,0,9.210,b5195c4d2eb823f605adc4d08ae74c164a52c82a69fb6bb2b085d6c95dd21639
Tl200_grid2,81,200,grid,2,RAN,0,0,40.045,2fbd5d573663948f06f4e7c87d2cea54039d185d40939fea81a3dffdbd9a9d3c
Tl201_rminus,81,201,rminus,0,RAN,0,0,2.613,bf23254b8d714044f0afe203626be542a7553903a9cebffb925f59b6f346e0bb
Tl201_grid0,81,201,grid,0,RAN,0,0,1.991,506cfe19b1a9f60999b261e9df650009293bb31cedc1497e39e83bc8001f316c
Tl201_grid1,81,201,grid,1,RAN,0,0,9.793,618bd4199953065d2ff5f9c4d85b84fdf4973a2ea14087a27403582ca66a3e3e
Tl201_grid2,81,201,grid,2,RAN,0,0,39.613,5bbbb5f29e26be022e7da592d4019d1f7fddca4815fe413976e92c71b5933d46
Tl202_rminus,81,202,rminus,0,RAN,0,0,2.722,fb1f0b9c35c924065bb2f28b92cbf51fdca19502bf2e3d0c079ea340cc7a1730
Tl202_grid0,81,202,grid,0,RAN,0,0,2.066,b18625af0e1bd0a65e8103850c4af5c99b299ecfc7c2852f217976b4b1a9b197
Tl202_grid1,81,202,grid,1,RAN,0,0,9.749,2fa1f72a63855e66db8371cb6a0325a9160150df9787ee038f1d1e33e06ea558
Tl202_grid2,81,202,grid,2,RAN,0,0,40.886,d59dd53a840a5ea843f7230b6b541f35188a935a1b37c91136da41a0a8159f1b
Tl203_rminus,81,203,rminus,0,RAN,0,0,2.761,a89e6d31bacf8501b3ff04227635215146d919240c7d9917f9b2dde76a77919a
Tl203_grid0,81,203,grid,0,RAN,0,0,2.180,c66f3598c7fa9c98291230da77378b054c553f9a97691cfd1623908d982dc1d0
Tl203_grid1,81,203,grid,1,RAN,0,0,9.131,12c62ba1a4c41ec3d8aa0252c7125f727460f1de9b1df9419023fdf6b8f4e7a9
Tl203_grid2,81,203,grid,2,RAN,0,0,42.636,0b26c6c11cded420608de3a01f63b0c6b29842b1399414eb10013e6b5a0a9f4c
Tl204_rminus,81,204,rminus,0,RAN,0,0,2.657,05c65c389ce3f61dfd5811a3f78d77ea64865df1138f89298d27d80bec1e027d
Tl204_grid0,81,204,grid,0,RAN,0,0,2.264,9b6f60aa22a9402950c9e3da2cd4506cfa226246a32ac2575c9169f020308a2f
Tl204_grid1,81,204,grid,1,RAN,0,0,9.437,ec9a6c12ac2e4781b493d82dcc958dcdc413aefc4102c7c9db790684531af0d2
Tl204_grid2,81,204,grid,2,RAN,0,0,39.602,630c6d4c6e5f1735604b807b8d537366092dc7458e8e944887f839cd954f5d0e
Tl205_rminus,81,205,rminus,0,RAN,0,0,2.813,3e2aeadc4ec91c9704f50a284c251d5442a2a455c6d3e8a4a8cae63f2a5df5a4
Tl205_grid0,81,205,grid,0,RAN,0,0,2.111,6112f59c67407eb21818b690492546b765aee1b4e7db12951491512e06f80f3e
Tl205_grid1,81,205,grid,1,RAN,0,0,9.944,ce5ad5e8f658b87cbd99b277744836752570627381ee5e75a96a3820efc5849e
Tl205_grid2,81,205,grid,2,RAN,0,0,37.938,0702a3614771d3c3258c295aa0d8b4291519d464d88312f6e9616bc7d267a4b0
Tl207_rminus,81,207,rminus,0,RAN,0,0,2.761,e7501cc754ee123079e488c6b861e4de3f5ba050afaac0c989c6ad49ad7a1424
Tl207_grid0,81,207,grid,0,RAN,0,0,2.059,b1cd74839079a719ca27f91ecef383da909151d0a000287fa4cb15e084bd96e7
Tl207_grid1,81,207,grid,1,RAN,0,0,9.212,8d3075537f1ec20138f93f870ed7b37105b53a278f198fd37fefddfe0333154e
Tl207_grid2,81,207,grid,2,RAN,0,0,39.452,00bc3fa9d7ce48a01a621ecf650acfed1609493dd1aa35bf56297901136a7ffe
Tl208_rminus,81,208,rminus,0,RAN,0,0,2.712,1ca5b6f35450dbd3faab5437e37aba8c955dd0f1c1014d8d0a18f89fbcbf1c8e
Tl208_grid0,81,208,grid,0,RAN,0,0,1.986,647f3dac3d786e2a08963a5af19368684a1d0e212a5eada79ff4a3f719bb3486
Tl208_grid1,81,208,grid,1,RAN,0,0,9.136,13df22420d7120ea6f4409934d0d0380c6baf2689c16d67b5b996d748e8d8fa4
Tl208_grid2,81,208,grid,2,RAN,0,0,38.837,305679a06c47041a555aaa8f87e169c2727edf21a4249028d07f02259647c05c
Pb182_rminus,82,182,rminus,0,RAN,0,0,2.287,274324dd2d26247008bf7fb34811d710845ee0cc077e858ca21520aa2cbc1e99
Pb182_grid0,82,182,grid,0,RAN,0,0,2.271,1dce0d19e6c03daf1054bf102fd8ca99504b7b0e42136b490f28b69c1719b74f
Pb182_grid1,82,182,grid,1,RAN,0,0,9.337,d27dab90913e6a31f184d6dfd21ca650097ea548e9ce98ca595c7049d3f026ac
Pb182_grid2,82,182,grid,2,RAN,0,0,39.752,cec5ec91a333930f95b8a4bc531a8498a3ec15cec5bea05bcbacfd194bcc3acd
Pb183_rminus,82,183,rminus,0,RAN,0,0,2.303,ed733996c60343d6d465911718877f557cd4797841fe9e7b91bbd2f5acd1c416
Pb183_grid0,82,183,grid,0,RAN,0,0,2.335,55bd191b63439572ce302b581f989f26cf03b0f5535905835441be10009b0d69
Pb183_grid1,82,183,grid,1,RAN,0,0,9.313,bf0ccc631e3dc98e8b753292685be74a746136e20397045c4222affe757fcb1f
Pb183_grid2,82,183,grid,2,RAN,0,0,39.587,f27b0ee61dccd94fc1bf3944c22edf98277d48bfad126c9f5ce873d702e16c12
Pb184_rminus,82,184,rminus,0,RAN,0,0,2.198,0f64b9e5c6111fd230942dfcb2d07759107dd4e929444768912334fe93925e29
Pb184_grid0,82,184,grid,0,RAN,0,0,2.366,e8f04006b2d1b829cac26b5815b1eeb86f7da62599fa911f2ac5a1eb975640f0
Pb184_grid1,82,184,grid,1,RAN,0,0,9.580,400b8058932d52042e775be8780c4b55ee821caffc5fd158e3883a51b3c780d7
Pb184_grid2,82,184,grid,2,RAN,0,0,43.369,7938eb5e9ca3eb893e2811f7eb421b8606d2b5491e115aa592a54c1e60f07abd
Pb185_rminus,82,185,rminus,0,RAN,0,0,2.276,d636526af3fc2bffee78cbb3dec6e616cb8dd06b4fb1e03a34933b74626a31f8
Pb185_grid0,82,185,grid,0,RAN,0,0,2.400,dd73ff1298272e004937425592532bd253c316c66a89b9939e5bc9df3e64ffa2
Pb185_grid1,82,185,grid,1,RAN,0,0,10.129,efd78354d4291a0e567331a2664b0d02c80fc8cd2f543484941feeb3102e387d
Pb185_grid2,82,185,grid,2,RAN,0,0,39.463,be51573d46660b87fbdb7e79ea020a4fe61b00c86f620e256440cc8ed8d15c27
Pb186_rminus,82,186,rminus,0,RAN,0,0,2.287,b9f04730a1e88be0a1c266f58d45f11073308d37604c9951281dc1a584766877
Pb186_grid0,82,186,grid,0,RAN,0,0,2.418,cf59b481cf9341d7eca352d81c55bac954399079db4e5e07e9bd2f5e6ec7e72f
Pb186_grid1,82,186,grid,1,RAN,0,0,9.164,94215d8ddcef7c0e04d50138c526494207f5fb0c068935466ffdce18f273e2d0
Pb186_grid2,82,186,grid,2,RAN,0,0,39.593,5b5111dac3106e20574ad2e79aa3273144e5e48cebe9f6c2962c2c2860d3cc4c
Pb187_rminus,82,187,rminus,0,RAN,0,0,2.282,7d3ca02ae3fa34d9556a720e155c24905c0fe907e4518cc3467566956d8a4102
Pb187_grid0,82,187,grid,0,RAN,0,0,2.524,51d49e01f6e73d0261c64322f00029f1368eee7d66bf4ccf982d004b8556e6ec
Pb187_grid1,82,187,grid,1,RAN,0,0,9.225,e2a78342daf92f19c869b555a775e33a32a3f00ce2bfc6a04329e692c80da3fe
Pb187_grid2,82,187,grid,2,RAN,0,0,39.623,1b794b71b60668f9a250246732fdff0672dd02b6154ccf9b826a9f22f25a2031
Pb188_rminus,82,188,rminus,0,RAN,0,0,2.238,d0b6622616ca7a2f097bb7e4c136c6f5d07888c9f432577a80fc75d38de8c8e8
Pb188_grid0,82,188,grid,0,RAN,0,0,2.413,5386d672cbd8f9199eb212189e59e06a50d8df127b1ab02aa769a2031b3ad5a7
Pb188_grid1,82,188,grid,1,RAN,0,0,9.566,5b3712a7d594582642d17777cbf0fb1c011f352b1cf3d7b19f18740e76447316
Pb188_grid2,82,188,grid,2,RAN,0,0,38.826,db1572bb9575f1dabf065f03f9385b45f1bc353c16a43c05591dc91da252d572
Pb189_rminus,82,189,rminus,0,RAN,0,0,2.241,1afcd60ce7b0bfc1b4809f4b4f5a2c7c100b64608a96ec6eb731d1bf8db09dd1
Pb189_grid0,82,189,grid,0,RAN,0,0,2.511,41e2107f0dc57e59f62e6042394aebb5767f7660907bfc37a201ec5cdbb81664
Pb189_grid1,82,189,grid,1,RAN,0,0,9.871,a82f5cca868d295d4545f13a067d772fd9a7c56316807eda21ec7f307a4e078d
Pb189_grid2,82,189,grid,2,RAN,0,0,39.279,63ee38e2eb77dbf16b12d037d47f11b79f24b5ed1bd8db74a175b395f8ac8e07
Pb190_rminus,82,190,rminus,0,RAN,0,0,2.313,111e3a7cd7f0b869a8c74ded49be3e69c62ebefceb2036af97bbb88430a80c22
Pb190_grid0,82,190,grid,0,RAN,0,0,2.537,a34663e9f78b026ba6c2a5d3dff9f746c06110bc4dee59a05cca590a9eda0ed0
Pb190_grid1,82,190,grid,1,RAN,0,0,9.226,9d8ae6ef6d21e9b12ea8be8dc2fea867945a04b207c20e661ff8c2d187412246
Pb190_grid2,82,190,grid,2,RAN,0,0,41.491,4e713f2f976db82352227bdf981d6e85836ee2996f7d367e3ef1e6bcc170d288
Pb191_rminus,82,191,rminus,0,RAN,0,0,2.332,f2476d9edbb96611c5e4df24358f6c2bcd24f4a3a360e63afcfb2cd94526ee59
Pb191_grid0,82,191,grid,0,RAN,0,0,2.472,81f1c0b2698b37dd57ad321e8b6803d92d14865b71f51b2eb410cedf63628c98
Pb191_grid1,82,191,grid,1,RAN,0,0,9.471,3f7115ef4df80d0563c0cc5fc49e75d9e6d894f8461ce8f09420e7e3e8c73c82
Pb191_grid2,82,191,grid,2,RAN,0,0,40.277,c7293ac94d9be1d57fa4888dfdcdb9ffd2426b3107ebdb631b115a675a6782ed
Pb192_rminus,82,192,rminus,0,RAN,0,0,2.298,94a81e74a71ec3dec647b2e32ac31b6eaf1f27597f1688184af5b3fad0230875
Pb192_grid0,82,192,grid,0,RAN,0,0,2.466,7e37e1e2a1d56276e3a2f5a107944aa96118962735ff0fc4d5ae5aaaeb2d9019
Pb192_grid1,82,192,grid,1,RAN,0,0,9.513,ad82a9f21e1a94bc6c489f7330f94faaf684ea21b960dfc9e383898f1e3d251f
Pb192_grid2,82,192,grid,2,RAN,0,0,39.805,1b8e0caf2c7be1316dfca0f86092a29df2a8546c36ce5e541dfca6df5cca49cc
Pb193_rminus,82,193,rminus,0,RAN,0,0,2.206,f77bb6ae19c3b02fff4bbea4919c8dd521d6b19ee7a8f9642d7eafe809740b0d
Pb193_grid0,82,193,grid,0,RAN,0,0,2.419,652c51e3e8b30e5d08a04ba9b46365eff12375bdec863639f93121dd3a0f399d
Pb193_grid1,82,193,grid,1,RAN,0,0,9.847,756581e7525c7ba05c61f49eb323a16be9dabade1d206cc12e56774aa1ca8c5e
Pb193_grid2,82,193,grid,2,RAN,0,0,39.338,596e16ade1627b253ecb3df224829f8684fe120d58bea5abedc8b4673cb09e81
Pb194_rminus,82,194,rminus,0,RAN,0,0,2.105,fd31b2030836206421dd87102a24979dfb1d62c62f1cdf5b046afbc6374502a2
Pb194_grid0,82,194,grid,0,RAN,0,0,2.278,183191f048bc79df50738eff193ce217ee9156511f40d7a7f813bef1975ce99c
Pb194_grid1,82,194,grid,1,RAN,0,0,9.315,ef856b6dd1d826d68bd4aa16a2a6169f071831e3b89886847176617bcb3f45ee
Pb194_grid2,82,194,grid,2,RAN,0,0,38.954,6a2bec122e1250fe4f0cc1e5a15f4bc7e0905670f510ada5c9bc7a44a89a570e
Pb195_rminus,82,195,rminus,0,RAN,0,0,2.158,4f05b85517c10c722154cddb82a76d44aaaf40140edc1d4e2e10aaf290982f21
Pb195_grid0,82,195,grid,0,RAN,0,0,2.488,28c3d454d3e31b35f21f2d6b3345d059ebdf8c2906f210e9c2194195a2be26fe
Pb195_grid1,82,195,grid,1,RAN,0,0,9.097,65753845a2d5a85792bae30c755b4b3f09063186a77c35dab52235ba9b4a0a6d
Pb195_grid2,82,195,grid,2,RAN,0,0,39.292,6b788772992dc768b353e3ffbe5dba8b9264a85d5375d8438eb5defe121da59f
Pb196_rminus,82,196,rminus,0,RAN,0,0,2.358,bc2d176af7d6ac4a49b4c4dc1699c6c5dbf9c939755d8ba28007d88a24c50f16
Pb196_grid0,82,196,grid,0,RAN,0,0,2.325,c5619ef67a7c071e0174e6eea48735a70ad69928b12a54d233316ec634b76eeb
Pb196_grid1,82,196,grid,1,RAN,0,0,9.543,2192af245346ac69d5ace16b1567f07aed6a9106b05009596a457f3cc70d457a
Pb196_grid2,82,196,grid,2,RAN,0,0,42.022,9e302e446d936f1e5b44dbd7825b0d3119de2c887a4ad5705dc3d80912ce76ff
Pb197_rminus,82,197,rminus,0,RAN,0,0,2.284,65812d8cb81a34500e8bf95a2e1dd92c4961e3e87e3adce2c5e6ac11927a0912
Pb197_grid0,82,197,grid,0,RAN,0,0,2.326,5e8a49a789bdc657a4f954afce0ddf12989fb3f81ffd5a75bb54c796e9569eb3
Pb197_grid1,82,197,grid,1,RAN,0,0,9.768,ceb2a1c9de1ad8c164d8f5d78d008430645238379c1cc879610c98a677336fd7
Pb197_grid2,82,197,grid,2,RAN,0,0,39.489,47df7fa204da1f2be432168bc7c348f067a273dbb542640050a8f01f0b0f3ec5
Pb198_rminus,82,198,rminus,0,RAN,0,0,2.200,15a32810fb7bc79d256bcfe6953b95899765dc748082aa111b745f95b72650d6
Pb198_grid0,82,198,grid,0,RAN,0,0,2.279,de894f9454d601443b51f00f9929eef830f67dee5fb23722c9f60f2439311e0f
Pb198_grid1,82,198,grid,1,RAN,0,0,9.296,c6b86357263ef53c119c6c6d98481af5af4ba42be1c07bf02592c77a05200a4c
Pb198_grid2,82,198,grid,2,RAN,0,0,39.318,95bae1db51a93f1e9ab8d8525bdd665adacff5e93e6fa0f503c1d71a07c833bc
Pb199_rminus,82,199,rminus,0,RAN,0,0,2.267,a1683301549ea31be0066c449a9c7f41ce0da7173171654cd19d33a2fa7d3991
Pb199_grid0,82,199,grid,0,RAN,0,0,2.208,e25c549b1141b37027586c3235fecce273754596990bec6f116fde0f4ec79f55
Pb199_grid1,82,199,grid,1,RAN,0,0,9.486,b8f811f562d054600c53d6615e8bba08da25af08da2c764b49f9c84b181f872a
Pb199_grid2,82,199,grid,2,RAN,0,0,40.006,7abe1d7c343bacc505ca026d4e68abb15798f529e1d14adf5a0b204a84493f63
Pb200_rminus,82,200,rminus,0,RAN,0,0,2.606,742fada09038fd22a6ce3315c96a90998c709d089c228a12a1db60fc7d8a3451
Pb200_grid0,82,200,grid,0,RAN,0,0,2.213,9b03c6cceebb9609d92526ae69a22bef867ffa66791582885955483d09842473
Pb200_grid1,82,200,grid,1,RAN,0,0,9.457,d139ae9a91407cabc29d4decb530ac559267a4a07709168a5ae215497931bbfc
Pb200_grid2,82,200,grid,2,RAN,0,0,39.550,54f9274a1e1351df902b91bbb6fe348fdd8c698b50db64b3aaf8aa384ac3d1ea
Pb201_rminus,82,201,rminus,0,RAN,0,0,2.601,0e2e8dab81ec655f3e8da7ea7af6fe2d500d87382d93a886c074c1d900c13533
Pb201_grid0,82,201,grid,0,RAN,0,0,2.298,8bfdb72276ebe83428301844af1323506b109cd3c0bce175926e49b778dad660
Pb201_grid1,82,201,grid,1,RAN,0,0,9.685,8d9ed15bd9ace8c82c1f663ee674657aca25347df1f1a16c5cf721a94f006ea3
Pb201_grid2,82,201,grid,2,RAN,0,0,39.234,187b57861dbb33fe0fd318a3ba19fcd34c7a236b76bf50cf90154870e541d41a
Pb202_rminus,82,202,rminus,0,RAN,0,0,2.568,7d04f25766edee92529cc3fbc2c90dc52b84459b4f9b8c39ccdeb5d3db5f8b5b
Pb202_grid0,82,202,grid,0,RAN,0,0,2.213,603ab77c58fc64febe47db788dba0864be6e977b4cdd93236e821e63c35aa500
Pb202_grid1,82,202,grid,1,RAN,0,0,9.488,34037f17666fe77a0834e8f47d91bd966c374397786c88d0504ff2ecb159dd8f
Pb202_grid2,82,202,grid,2,RAN,0,0,40.699,299c610235866e55dc17ec51f8db9fe29ecf73aba0e6ccfe98b0ea1ff45dcb03
Pb203_rminus,82,203,rminus,0,RAN,0,0,2.554,79ae58900785d502822fdd9376d7a0ab73c56d5c82bdeeeda5aefaaf33ccf55b
Pb203_grid0,82,203,grid,0,RAN,0,0,2.374,b4368ed30112f8acee9f4a5e4b6522264efe6497bb3283f916c64d3f1b1177bd
Pb203_grid1,82,203,grid,1,RAN,0,0,9.454,5abed790beba8880df51dbd97b78afa0182e931c21fa97bb2a34ae15a8dd36fd
Pb203_grid2,82,203,grid,2,RAN,0,0,39.203,41fa8c25b071893ef5d434f271f6e37440b3b029a1273a63436c51dad9a1a8dd
Pb204_rminus,82,204,rminus,0,RAN,0,0,2.612,7446e9a5f8575b39f60342951df49f0d9f58688b820f4ef1674e9149a8e359c2
Pb204_grid0,82,204,grid,0,RAN,0,0,2.390,b25eb6c1982c8e4a087c688b7cd4dff5aa2ee8194724cf7c3d01ad2c4d400cd2
Pb204_grid1,82,204,grid,1,RAN,0,0,9.203,02fe2279949b0fdce931c824f43e8124fa52be230bb6b7372e2b7f604298cefc
Pb204_grid2,82,204,grid,2,RAN,0,0,38.570,fcdfc47d714fe3004d37a79ff7c39bf030656f596862c0337cf6c57e69e0bb47
Pb205_rminus,82,205,rminus,0,RAN,0,0,2.617,7e9a86766d9b1def5ade0b51bc94e44183a5c2528ba93ae5e9bf300e97543e39
Pb205_grid0,82,205,grid,0,RAN,0,0,2.331,5b588e143f55033c53101b40d2a71dd628cb005489186a5c293c8f4b61073c9c
Pb205_grid1,82,205,grid,1,RAN,0,0,9.466,d2dc5fac3c2f35a4afde5d3b49afcd42fa004e3c832f4fc5a06df7b500827a0e
Pb205_grid2,82,205,grid,2,RAN,0,0,39.987,658f627d5455ada31f6cb64bfc113b6de5153af407c22c722ba498ed47b00263
Pb206_rminus,82,206,rminus,0,RAN,0,0,2.320,c8e8eeccb4c5fc806cbf76b67bfd5d9af3c2fb7e50ec72be033a2bcfa92f6f05
Pb206_grid0,82,206,grid,0,RAN,0,0,2.308,5ab925006ad6df4c1e36478e9982020d69075b3a77edf3f84c302105062349e2
Pb206_grid1,82,206,grid,1,RAN,0,0,9.341,f562f42cec9124744565a823c4652337f4b1d628ad6d909c730773694e21e5ba
Pb206_grid2,82,206,grid,2,RAN,0,0,38.281,c7d277d5972255a052d3cf79147ea6234f053cae9d55217e6ed9bd9cf363361c
Pb207_rminus,82,207,rminus,0,RAN,0,0,2.539,3932268585406a47d33a6d5725ecf51aef54cf1960c0bf0d52295b42cb53e003
Pb207_grid0,82,207,grid,0,RAN,0,0,2.397,fcbcaf5cb31b803cd5683a6e2fd90015d7451c471fe07ad4c1e35a306b7bbe9b
Pb207_grid1,82,207,grid,1,RAN,0,0,9.354,8a59c21f49ebf57e658d2257a7bd5be881a67a8de36580a83ffc5750f101f9d1
Pb207_grid2,82,207,grid,2,RAN,0,0,39.350,c7653f41bcaa82525cffb4548dcba05dc2b9611bad6df63c208c6a3fee4f9230
Pb208_rminus,82,208,rminus,0,RAN,0,0,2.328,c3d2cae2b8314ea6245b44e78e3922a19bcf388368c0a43dab0df67723f7845b
Pb208_grid0,82,208,grid,0,RAN,0,0,2.492,92c3b2e01b755d0be44e54855c1e7627074c5812e01e9bb1cf1e337137bf0935
Pb208_grid1,82,208,grid,1,RAN,0,0,9.236,3372dd8b0235cda6d4a474b569a43b7386b814cb7e35b52abc8b80204b64e1af
Pb208_grid2,82,208,grid,2,RAN,0,0,43.230,3483f94acf49556ed6ef0602b8096f4d681df8c7431623befd5739159358ae13
Pb208_grid3,82,208,grid,3,RAN,0,968,224.629,c2fc7eae126e0b1ba20388253c166e8f672e5f05cf1683720e28747838e7b798
Pb208_grid4,82,208,grid,4,RAN,0,1144,998.022,3b7e135c27fa3f0751c81a97844b4f46e1d37cc570cf5d08f34f23bad7472ab7
Pb209_rminus,82,209,rminus,0,RAN,0,0,2.410,e97c77c1a66575f4deaa7b3fcd4f897235fcc77ee18735c8dee5be3d92182fb5
Pb209_grid0,82,209,grid,0,RAN,0,0,2.419,c937ad93996f24019db52c0fc7031c50f96ad16cbc25c31bac57f3b8587ce02b
Pb209_grid1,82,209,grid,1,RAN,0,0,9.426,c3729aaf746f6df5dbc608785f51dd4a57ec3092a770bcef67b9866b88da65ec
Pb209_grid2,82,209,grid,2,RAN,0,0,39.145,cf1da1a79e66f1a788ae982e958dca6e816dacef229922793ae9a530857be91e
Pb210_rminus,82,210,rminus,0,RAN,0,0,2.354,31f0359ffcca3affa3d770e1d00bad0a57fc6f5854663df4ccee947dd76bd601
Pb210_grid0,82,210,grid,0,RAN,0,0,2.403,015e8779196c1170c00197150c0e47c9a03926c0d30c7f1d4db4570151ea1a5d
Pb210_grid1,82,210,grid,1,RAN,0,0,9.291,3b81389e499ed4422b78401257135f567ab8d8d84ace37b4243ce0deab3faa86
Pb210_grid2,82,210,grid,2,RAN,0,0,39.512,17dd5537a70dee05d2f83a4013df1a3fb295b65d0caa852d5681284844ced25f
Pb211_rminus,82,211,rminus,0,RAN,0,0,2.443,f89534dae0e09e000ee92f11289e1c202fdad049be2d5246044d60cf1d7c8c33
Pb211_grid0,82,211,grid,0,RAN,0,0,2.311,761f396d561f8131908d61f644256fd8f3a48f84be04d577ffa9a4102d96fb49
Pb211_grid1,82,211,grid,1,RAN,0,0,9.442,54734b63c90c3336ad45855eb512ce8a80d643945c170ac91ced06fd3ce37d18
Pb211_grid2,82,211,grid,2,RAN,0,0,39.880,c8ccba18325b53e16311c71ab4ffa18109d4c922eec8809aa2e7284ce1748d89
Pb212_rminus,82,212,rminus,0,RAN,0,0,2.584,2b6e891e4272425d4cb3a8f791da05d8cf3c5b89de772a674a1561b52de651f8
Pb212_grid0,82,212,grid,0,RAN,0,0,2.250,e34681aae59d099314f9764c3906d3b4efe16b24d403a992774aef25777d315c
Pb212_grid1,82,212,grid,1,RAN,0,0,9.218,68a2672ce3bf8be875c5559184e8c1f995d391e2ad5b3077e3ea91a9d33c7de8
Pb212_grid2,82,212,grid,2,RAN,0,0,38.967,067eed3ba000adea8095e3eb9ea913534e8ca2ecb62b6d547769cb517aa03f61
Pb214_rminus,82,214,rminus,0,RAN,0,0,2.532,29bfa302d545bab23949b7ce20693b7618ff25113f3c39c0b7f3a0064ecc22e7
Pb214_grid0,82,214,grid,0,RAN,0,0,2.302,5d588cd84b389184e6223eed2dc7b76daeaf0d04d28690c6f21cd9f68b5a7300
Pb214_grid1,82,214,grid,1,RAN,0,0,9.514,5df6d7a356ce8dea65b554e2e6d94de8d2683a5b0c79db4a31bcf32540d0aaf2
Pb214_grid2,82,214,grid,2,RAN,0,0,38.462,ea89c7cb48f06bf1bbbfcf6074412b89d8aefbba4b362a92ecf3f528dbdb6afe
Bi202_rminus,83,202,rminus,0,RAN,0,0,2.163,29b4e0e878fb100122674a870c1422a2cff8561eef8102f086c13fd35a881e02
Bi202_grid0,83,202,grid,0,RAN,0,0,2.331,a73d01491527156dfce76c1b6c4268d672d67ad54065ff31baa050c76d70a979
Bi202_grid1,83,202,grid,1,RAN,0,0,9.371,d12ccaa240fba5073bb486c20ea34eb97e79f209fbe37093a5475db66137289f
Bi202_grid2,83,202,grid,2,RAN,0,0,39.170,935663269cb361c81aae792a2f4d45f213c6080b1a850b8c1e9209da29384897
Bi203_rminus,83,203,rminus,0,RAN,0,0,2.246,c995fd48b1546e31beebc65c1df7ac93ffc1fdf0260f2016fca44fce890c432e
Bi203_grid0,83,203,grid,0,RAN,0,0,2.403,3a28be01915e27dd4878d07a563887c44bc82c1b040085199f5645ea712b6aa2
Bi203_grid1,83,203,grid,1,RAN,0,0,9.550,170c39e608422457e3ad4d658b2e13f753660e26009c3e777155f36a1a23e863
Bi203_grid2,83,203,grid,2,RAN,0,0,38.837,f019f58f036068590e01f8bafc5f478c509a72710d7ea9f89cf7ab695237383b
Bi204_rminus,83,204,rminus,0,RAN,0,0,2.278,0677f512876bc909eafa472aecb41f1a6929ac487c94b41ee525dd5cb6636015
Bi204_grid0,83,204,grid,0,RAN,0,0,2.459,e55ad6884bf0dc1b456a417751050f06e00e46ddc30bddc3e321201ef600c493
Bi204_grid1,83,204,grid,1,RAN,0,0,9.486,1a97d25a168a4d73c4d511d1b54e79fe4bc57da01784256956cef0c9ba63fc6d
Bi204_grid2,83,204,grid,2,RAN,0,0,41.990,c29d22ffb4f9479538829339572d44d70964cfb0d1202cfa2e0e63cfa8c511c5
Bi205_rminus,83,205,rminus,0,RAN,0,0,2.270,044bbd403b248610b227045ea7f21cb13d2eb699c00b350dab64ef55327b5662
Bi205_grid0,83,205,grid,0,RAN,0,0,2.252,23e8d4fea3b412f6f10c1494bf1be653ad22a320377ec6fe396a34d21dde3fac
Bi205_grid1,83,205,grid,1,RAN,0,0,9.307,07ad4dfca4ef14b11219581a4ba29dadef7bb170f8ef2169b45e1f8c838e040b
Bi205_grid2,83,205,grid,2,RAN,0,0,42.567,0f0ea6fddacfd5e711434087750fc488a99395377fa92d4d12efd44a6755b7b0
Bi206_rminus,83,206,rminus,0,RAN,0,0,2.449,686b8c912d1cbad17e64c261a5c4f3fedab8d19933c0720a152adc55489ef881
Bi206_grid0,83,206,grid,0,RAN,0,0,2.211,af16916876a8e0828545bac7c907dd068cd0266c20a78cf36de78d6a355b11aa
Bi206_grid1,83,206,grid,1,RAN,0,0,8.817,f6e25bab326940b3f0370d7501828619c4a7b0a67af9c2a7a59b3ace033a4ec9
Bi206_grid2,83,206,grid,2,RAN,0,0,38.946,866e408ff7d4c58121b6c51992c5481eb188cbb1e034f0d89618416ddc4de5c1
Bi207_rminus,83,207,rminus,0,RAN,0,0,2.290,d09e11390d92a63fc024fb1eec522d654bb38b9c111c5558c213754d41efd35a
Bi207_grid0,83,207,grid,0,RAN,0,0,2.364,fb12dbb7665fb29f171d92f275855c775540a29bdce8d3f2c434751a180d496e
Bi207_grid1,83,207,grid,1,RAN,0,0,9.213,4e8f913eb56d4df94388771503c5ff175a25580c546150bd4ff283a64a8b3fa2
Bi207_grid2,83,207,grid,2,RAN,0,0,39.767,c5fd7b9e98168a7d2c387dd68cc545b3419016213d70c13797abb493037c0dfe
Bi208_rminus,83,208,rminus,0,RAN,0,0,2.255,671cc253e3c18a5a15a99c2a944a6693da0521a13e5a155fdf34bcfc32832a20
Bi208_grid0,83,208,grid,0,RAN,0,0,2.347,414f0980e59fc6eacf27fbd00df11b6b13f1ef825c90e1fabe1d9fbc24ca4c75
Bi208_grid1,83,208,grid,1,RAN,0,0,9.324,e4a00c05dd15cee40961cf24138e2f0c2b954473a7d6f1d769f8766332bc9464
Bi208_grid2,83,208,grid,2,RAN,0,0,42.579,e80fb9bada68e45efccd25df5ab98ea7c79e034070ac2b62ffc9449dd225cd01
Bi209_rminus,83,209,rminus,0,RAN,0,0,2.254,c7da5792295d29ee5358be55e1efa2a9ccfc39bfc8ca6593549761c4cd600648
Bi209_grid0,83,209,grid,0,RAN,0,0,2.169,cafd6a5b7eeeb279efa2c1d4dfb0bb88331680340bff720711f89b12e2872586
Bi209_grid1,83,209,grid,1,RAN,0,0,9.537,cb866427584c7f64ed204f1c35a4d03c76f1fc43ea0d0fa12b4056487105e389
Bi209_grid2,83,209,grid,2,RAN,0,0,39.946,1c249f754e13dfdaad04bf38288ba1a4317f3020af27c4d4f86d1a9a2484f6df
Bi210_rminus,83,210,rminus,0,RAN,0,0,2.224,e7ed8cdfbd02a62a95b24a494577f7aa6e800ac5bfc12c51c1fb6f3c3d2cf5a0
Bi210_grid0,83,210,grid,0,RAN,0,0,2.304,a63fde096d5df90c5ffa55af9b4d6eef901e6101a5c3441dcbcbf1f7b5687c99
Bi210_grid1,83,210,grid,1,RAN,0,0,9.231,3af51bcc180c9c648c036f5ef02630477bf4a00744e5eafe1bfb60e11153bac5
Bi210_grid2,83,210,grid,2,RAN,0,0,38.078,d2a68986c2468a2daae01a9959f08d70580f44c5faab90d53bbf0d5d6081b3d5
Bi212_rminus,83,212,rminus,0,RAN,0,0,2.228,62f6e3421919cd0966126ae182f03771431cc27aaf766c90516ad72ff3467851
Bi212_grid0,83,212,grid,0,RAN,0,0,2.311,885108b5250026caf3eb3c7510b57452fd0bc15ecc96cf757812c11c289dccf3
Bi212_grid1,83,212,grid,1,RAN,0,0,9.452,c3af8d6757d6bc3c960110e4f175484aada42848008bb2a2be7814f49bb527ed
Bi212_grid2,83,212,grid,2,RAN,0,0,40.320,e3ae5a7f7a34e35ddf99ffa75c0eec48ea6f88796f01b85cfb9fbbc2f4f5d8c9
Bi213_rminus,83,213,rminus,0,RAN,0,0,2.290,ba9552659a0b033f49d22256514621bfdc588ad9f060bf933f0f2caf7dd6429c
Bi213_grid0,83,213,grid,0,RAN,0,0,2.231,45b94e5431a3f2f62f3b2002b36f7cb099bd3055eb0000a123c348ae4a740399
Bi213_grid1,83,213,grid,1,RAN,0,0,9.513,0499f8ff913519052dab9d6b9cbdcbb08a617babc02c458d00341cdb19de0c6c
Bi213_grid2,83,213,grid,2,RAN,0,0,39.497,e5ba50248e5d774b0027cde3dfd94d23c1655df6370ca0ff1c27fffcc3204af2
Po192_rminus,84,192,rminus,0,RAN,0,0,2.325,7aa91a4bedae99b48020db59ceb902f3c121e1ed1fd4e57d0786bada964aedeb
Po192_grid0,84,192,grid,0,RAN,0,0,2.318,1b6a5ad5397154deb7117d4f90d84b75d37ab223a1f61c1d5aceb25bf832d3f7
Po192_grid1,84,192,grid,1,RAN,0,0,9.774,5bd3840b2a14bb5eb0f26f0f215dc92519fae8f735f21ca944e0b6ad856bd0cf
Po192_grid2,84,192,grid,2,RAN,0,0,43.326,2e636064987147732302b2d3dd41b5a176d273d7e286eff4b0528f045fdd6504
Po194_rminus,84,194,rminus,0,RAN,0,0,2.319,9b5b5f6a4f40ed7e613a6a12d0484047bdb81dbf554efd88fee8fbfffb118ce8
Po194_grid0,84,194,grid,0,RAN,0,0,2.292,fc2bc3173d7877178ce40778efb5bb000b9d309f6c8c479d3cea3f1cd40fd118
Po194_grid1,84,194,grid,1,RAN,0,0,10.145,6d28328875ae5921c26ba8f30bdbc49563c5d04e78d76e2177d7e309675a850a
Po194_grid2,84,194,grid,2,RAN,0,0,40.310,06dfd05a4dc31753bf93ca09c5ac6bdb5273d14aeb6f47dbe278e715a3ced12d
Po196_rminus,84,196,rminus,0,RAN,0,0,2.351,e3f229b336a284101790acab6964c78af2ceee77427d8353e196c2706a8b1198
Po196_grid0,84,196,grid,0,RAN,0,0,2.219,ded5a6b00b08acc80ab36267e413c50c2cd78fb4ea0cd4bf427be098b5b28a13
Po196_grid1,84,196,grid,1,RAN,0,0,9.158,246d7ecbed365f0a434294eaff5fe07dadd99e7e3faeb29c4e9c770833ac36bf
Po196_grid2,84,196,grid,2,RAN,0,0,40.102,36c97a50a764aada6e9490543d63b7026c096eb9438394e16ef385a2f9c56ff9
Po198_rminus,84,198,rminus,0,RAN,0,0,2.377,fdab54dacd95f0cbac875014cfaa8b88ed3e4cb8d83dec4810c9cb6f155f9a02
Po198_grid0,84,198,grid,0,RAN,0,0,2.343,27b6cd908d4bde135fddf8b9c9d6084e3e373f8fef55067dfec8263cc4ae2294
Po198_grid1,84,198,grid,1,RAN,0,0,9.485,a00d5d5e0de7a2f2ed442ccbe0ea87b7c0ed376efe5b99376d8c7c0c89e66423
Po198_grid2,84,198,grid,2,RAN,0,0,41.718,fdfa3c37dafca96b540729189ab5d153fe5cb032308cdc88a396744ccc06917e
Po200_rminus,84,200,rminus,0,RAN,0,0,2.444,874c967ab93557c311c8ef0a2157dad6bc87936e5f4ab8ee3714a666fe2a8e57
Po200_grid0,84,200,grid,0,RAN,0,0,2.317,6d4eaa85c25fc4afb3faafea2f17a15dff9e3f07bfe3c74b71ec7214f4d4ab3c
Po200_grid1,84,200,grid,1,RAN,0,0,9.647,008342f8bc0a7e594d2528a4063de6b35bf52556a183b5f3f143fe49ae3feb8d
Po200_grid2,84,200,grid,2,RAN,0,0,39.605,cdc232c1433c3727ee650de57f8c2d5e78127938d3a80d396df198c937657a52
Po202_rminus,84,202,rminus,0,RAN,0,0,2.391,bc9f833421896294f698025c2c606aef53a77afcd67e2d98465b71786c826cdb
Po202_grid0,84,202,grid,0,RAN,0,0,2.261,03e135b6ceae5f874f23bb1fc500104984c4901f069242cd3be0cbcd565b8202
Po202_grid1,84,202,grid,1,RAN,0,0,10.139,a8c02a8e64a1a72e3367c6262effe295986c0cf0519aa19880b719cccca25d2f
Po202_grid2,84,202,grid,2,RAN,0,0,39.756,88e30dd51b408ee4d84123464455c44877f575b00e983ab00cb843778807b6c5
Po204_rminus,84,204,rminus,0,RAN,0,0,2.311,b3d76e7056f0c281561931d121f161c457e74d52d2b917d4b874210e99f69646
Po204_grid0,84,204,grid,0,RAN,0,0,2.346,1453960589cc2552a73af00e8824f1850c9362aa14728be63e5005370e14255a
Po204_grid1,84,204,grid,1,RAN,0,0,9.322,d1723c3292663bdd18266a2826bc423fe59c6a3a7d47754a90aa0f8a1cd66525
Po204_grid2,84,204,grid,2,RAN,0,0,40.345,2ce519f3597ccce99ec0887063346c0118f28730a61249a6aa06b2b7a516c072
Po205_rminus,84,205,rminus,0,RAN,0,0,2.374,3c81e2f4a8462f6c139ebdd54f89a964d3fe3c97ca52d4daab80159c4af69a46
Po205_grid0,84,205,grid,0,RAN,0,0,2.210,62ce90e48efd2773c0355459b97c0e5f0645634e71e66f2ca08764d5c29776fe
Po205_grid1,84,205,grid,1,RAN,0,0,9.715,dfeb1ca5e56ac91ad7c8c88481cbd3a636ce645a07a3159334829cc0f7cff51d
Po205_grid2,84,205,grid,2,RAN,0,0,39.593,4a29bbef9feccfcf3c642d1e76ac0a7f082c5fbf48ddc2db3987504591a42e1d
Po206_rminus,84,206,rminus,0,RAN,0,0,2.361,9c418caaa1897eeaee3d467cbd58e48cd609c2e7d7acce44661c743d9750a2e4
Po206_grid0,84,206,grid,0,RAN,0,0,2.186,f00e727f6825317839fe13eb64ddc6832f03d37c73fc636b8fb5d9e110069f36
Po206_grid1,84,206,grid,1,RAN,0,0,9.561,7a28d5073ef7681fecf0f2f3a9b31ae47d4d4a30302d8f8936be763239990dcb
Po206_grid2,84,206,grid,2,RAN,0,0,39.479,56a42e3226eeed799362ca0e4b448c293b8fab5b9b2c8c7ae554ab84f46442df
Po207_rminus,84,207,rminus,0,RAN,0,0,2.333,a8224a160da473da9c1a84a28799d67e63212e7cc442f95be3a88b0147a8b41e
Po207_grid0,84,207,grid,0,RAN,0,0,2.246,35707e1de396c835be8d6769492ee1a49301f8d321e1193f38ccbcb7225bf870
Po207_grid1,84,207,grid,1,RAN,0,0,10.257,dbdf9e56ced3f1d17b81accbcd703fa562354b3d72f98a373b871ee77bfe37b6
Po207_grid2,84,207,grid,2,RAN,0,0,40.861,4412c6a20ab156f276354e1000e5b8a4b5ab34ef6e2304ca09bfed638a239d34
Po208_rminus,84,208,rminus,0,RAN,0,0,2.321,98068d54a0f0477a2eb54e9f58e8fb62c6ee0564d19b457a1883d2877ac83cea
Po208_grid0,84,208,grid,0,RAN,0,0,2.283,56c7903870e86bd1c8a0426e09b9ba4128ea5f07bfd0becb03924208a2394ae2
Po208_grid1,84,208,grid,1,RAN,0,0,9.608,e87fdf94f4d51d23b8032975742b56aadd4ea737cdeadf8019790dd9951fe406
Po208_grid2,84,208,grid,2,RAN,0,0,38.888,ea80460fe8ed9759cd29603b2f546dc5145ddfe4e8fa24a020e1497e5f8c7fa8
Po209_rminus,84,209,rminus,0,RAN,0,0,2.358,8972a9ea0ce496d747795c251b97e32199edb86a45bccdb3a7a8f82a966f22bb
Po209_grid0,84,209,grid,0,RAN,0,0,2.169,b0199235fb68753f6422eb5582b8e3545911ceeb4db7917165021b3a95a03f6e
Po209_grid1,84,209,grid,1,RAN,0,0,9.268,40a9b2172b3f40a7e8863f970c06775917a77a5d85315e50b149227b2b1f52f8
Po209_grid2,84,209,grid,2,RAN,0,0,54.560,973a32c5b0b5d73aee76f42db837e5f0411496bcb5614efbfef4c5a0615835ed
Po210_rminus,84,210,rminus,0,RAN,0,0,2.477,1a137b1b7b129b72ae7bf2e9a82d2ca6199afe6a790f50f5b373548d30e010ca
Po210_grid0,84,210,grid,0,RAN,0,0,2.364,02bba68d5e248066590ea0c427b89538a9f71c5a8ec427a68f368bf96669599c
Po210_grid1,84,210,grid,1,RAN,0,0,9.071,e3999ef398751bbccbe981360392e15f81689f1795f6f37eb898ada981415d9c
Po210_grid2,84,210,grid,2,RAN,0,0,43.309,789ef2eb6c05d54e91ba3437edc164b72795ab427f3bb36df1a98bfc7f0843f4
Po216_rminus,84,216,rminus,0,RAN,0,0,2.391,02ebc62b25426f803ff95bb614f0cff42a349f175b292fa2a8a25057d7bc80c0
Po216_grid0,84,216,grid,0,RAN,0,0,2.318,781d0d9db25d4092653d27c71ae64d068a2b92711bba93c75b10263791e245e3
Po216_grid1,84,216,grid,1,RAN,0,0,10.343,c10fb852701ee1fccecee6cbe255c39ef874a537373c1c6b5bc4ab5608ca3a57
Po216_grid2,84,216,grid,2,RAN,0,0,39.721,a2f07ab9cd0a0972af9315746594870ec8439a12aaaf300e9953f73097948d69
Po218_rminus,84,218,rminus,0,RAN,0,0,2.230,1b15159b9ec30c0d6eefc4e9493d22db78737cba36c58dc031c2a36de12580c7
Po218_grid0,84,218,grid,0,RAN,0,0,2.231,861b6eef686d44581fa65e942f1731b45f3bf5b98d7dc71fd7747d7fefac913c
Po218_grid1,84,218,grid,1,RAN,0,0,9.402,0a1e2628da0143497c944f81de0fe918dcc8f9664538bcbbb2b05f7bccb6fb9f
Po218_grid2,84,218,grid,2,RAN,0,0,39.879,f7b4406556a74e752151761f9a529ef625c313754082cdf2d5e67f966ce12079
Rn202_rminus,86,202,rminus,0,RAN,0,0,2.100,a09e724fe65d6934354e4e0c377bfd4331614930a85ed9b13dfd43139da14f7c
Rn202_grid0,86,202,grid,0,RAN,0,0,2.369,b99164084cd9fd196e20ecf998a1a5e77bbe55b921b5fa56a440db247557e26c
Rn202_grid1,86,202,grid,1,RAN,0,0,10.366,aff11921f6becee9666781b43c0007344e8860ea0690195b63562d12a1a7b136
Rn202_grid2,86,202,grid,2,RAN,0,0,41.567,78892ce9681121bce9abf156620a6fe1010a45d9865a1cb9ddbf709c42cb488b
Rn204_rminus,86,204,rminus,0,RAN,0,0,2.099,3f21163fc537c462bdfa4959ab3d3a36777e83d852a97277ab12c9d694b35703
Rn204_grid0,86,204,grid,0,RAN,0,0,2.181,44688b6e3003425f5dbfaafbaeac9ffcd1a77cce1b5e0a8083e2867534394302
Rn204_grid1,86,204,grid,1,RAN,0,0,9.206,03757580ff43a834d07787407394f9772e313c1e34e8b63e6afaa7ab50e60f96
Rn204_grid2,86,204,grid,2,RAN,0,0,40.164,d19aeb7a4ccb4b195d92f99b0dfb9a5465443b51509998bb86eee444c6db76f5
Rn205_rminus,86,205,rminus,0,RAN,0,0,2.195,23c74bfceb5855442956b614b676edad232a7435f743fa8fcd225b5c90297b8a
Rn205_grid0,86,205,grid,0,RAN,0,0,2.279,ae2e4228ce88b7daf47cebc6843abaaa093646126365f63b42030b241c7bd3ca
Rn205_grid1,86,205,grid,1,RAN,0,0,9.963,f018c4f22925640ead21cc320658027614038a6d26d733f1e0a62a47687a753a
Rn205_grid2,86,205,grid,2,RAN,0,0,42.744,8be3432318469c244826d0449b6b1dfac27f20b0828e66bf9721b57be8869c97
Rn206_rminus,86,206,rminus,0,RAN,0,0,2.188,6be76279493998d1ce1b3d8466aa8b371353b70eb78010965dcd4d5e97d424fa
Rn206_grid0,86,206,grid,0,RAN,0,0,2.340,6079494003b9116e45e0ba17e1bed521ee57447c52be42c90d9dd5f8390deb24
Rn206_grid1,86,206,grid,1,RAN,0,0,9.580,07518d73e7d89953a6354b92a3e60192831601d1f7ead26875ed1aea4aefb9af
Rn206_grid2,86,206,grid,2,RAN,0,0,44.449,0d3597d9e8cba8d50328ed7db520899e14a91ece6b34a63b0d335063252bc1b8
Rn207_rminus,86,207,rminus,0,RAN,0,0,2.282,b8923e31a3f9e32ad6224a74844ac52d9cc69c1e9a624b5f560f52acaba4ef65
Rn207_grid0,86,207,grid,0,RAN,0,0,2.277,1c4ef7e5b0c1f6ebdfa5ce59db2b0356de8339b10f88d1e225fdb371d21bcd3b
Rn207_grid1,86,207,grid,1,RAN,0,0,9.998,6075e41ac62da36acc31c61507591f23e28299048d605b39ec2c588d4282e249
Rn207_grid2,86,207,grid,2,RAN,0,0,39.685,c8ffdc02dedd78046b7112aad8327f77193544e771dac52ff10fcbf9e23e932c
Rn208_rminus,86,208,rminus,0,RAN,0,0,2.282,3461fa3afdc5a33b613abe606f3919b45c9e07a8eab3f79f8e0b0c553b1fb65a
Rn208_grid0,86,208,grid,0,RAN,0,0,2.274,caa2d30058f8eb0c26e88e385d487e7e4b526f92ad3b6628a413177b2e524965
Rn208_grid1,86,208,grid,1,RAN,0,0,9.286,af26a2a8f765c1f60768c0ca8d86a40f83a6fe0d799e91cb56b707b1396ab558
Rn208_grid2,86,208,grid,2,RAN,0,0,40.580,86e91ff62cfa5fbb174b40382be403653b3e3aedbda89cac0bad87f8efe41449
Rn209_rminus,86,209,rminus,0,RAN,0,0,2.193,c0f9a22c8056d01bbf3f46c39cb9369f97871a56afe791508812da8351fbe723
Rn209_grid0,86,209,grid,0,RAN,0,0,2.268,bddcf08fafca2030f5b300ae42ecf7f1e3c6c361da225d75ec85b4c2bf3497f0
Rn209_grid1,86,209,grid,1,RAN,0,0,9.976,bbe0e3812834b5a507513de9b68cd3634bde5bdda052a56d26893b4b8ff2fed2
Rn209_grid2,86,209,grid,2,RAN,0,0,41.384,26b7fb26d43b1342c06a1670f0a8eb9b2a0f5fc878731e7804c7a64b4ac1da64
Rn210_rminus,86,210,rminus,0,RAN,0,0,2.238,e92d92b71ba965e822076fe512cbb2e5b44e485df8e28bd34f99018bbe068f3b
Rn210_grid0,86,210,grid,0,RAN,0,0,2.275,e334eef73c6a99e8643141df103aabd20a7bded336435596430ea7bcd1f80888
Rn210_grid1,86,210,grid,1,RAN,0,0,9.798,530f2fe92c87aa7d772a312e2cf59e7b2a7b426f490b860f5d5c7105f3a65ff0
Rn210_grid2,86,210,grid,2,RAN,0,0,39.381,0968902483395e7ee070d95ba39eb2c0c475a8ce9dc8cdc39519dcf85d1fce79
Rn211_rminus,86,211,rminus,0,RAN,0,0,2.210,ae01ca64e6dc7abef6027e6ad6a4b5e1d5c486743b444d04d946538590fd0ec2
Rn211_grid0,86,211,grid,0,RAN,0,0,2.254,1aa548b12bc9119e961d041f460beff9575260cca256062538da0441c844ad7a
Rn211_grid1,86,211,grid,1,RAN,0,0,10.166,0b50c16d64d6c5d48aa1b3a2c765115c5b7d1f1bafca3d0e5561ec83795ce87f
Rn211_grid2,86,211,grid,2,RAN,0,0,40.630,0db8fcc73576e72f2f77e829e731a96d051df2b0032bc04e9263754dac5b0fdc
Rn212_rminus,86,212,rminus,0,RAN,0,0,2.455,9c42259e7ffefef9b6c3fef0d03c2216613e16db2c7b16beb45b9af8985adea6
Rn212_grid0,86,212,grid,0,RAN,0,0,2.161,6e335f4021a16ff38a9b089f7e86acfbf598bf3331d2448d9c68444c31b0ae0c
Rn212_grid1,86,212,grid,1,RAN,0,0,9.204,2ca550a30f8c8ac7a173453dda0fd8bbc6c25ad97247bfdbf9cfda39b4541c53
Rn212_grid2,86,212,grid,2,RAN,0,0,41.421,5b5035197d7a62427415b06c65d31bed5749db925c5f1093dec1f46e4ad268ff
Rn218_rminus,86,218,rminus,0,RAN,0,0,2.343,5f056006ad273818947fccb8bea057e820ada992b30a00424ea7e1e38ff83a45
Rn218_grid0,86,218,grid,0,RAN,0,0,2.245,e00b128352cb9982ccb1c57a0f164a749cec3b9e18b3151ee59109f240ad383c
Rn218_grid1,86,218,grid,1,RAN,0,0,10.486,7debaa511cba59eb041ae6c89776bac9ca66a542e4d0421edd360f05c9473488
Rn218_grid2,86,218,grid,2,RAN,0,0,41.615,c3fd3bb8c06a09155d7adc30e031cebffc18ddde48a2ad20487854e13ac81b0d
Rn219_rminus,86,219,rminus,0,RAN,0,0,2.486,1637e901b96c020898d39be6ecaac498d9ab04610f9fc13e61e6bf3f381447af
Rn219_grid0,86,219,grid,0,RAN,0,0,2.212,3c9dd8cb364e4fdaf24b6b2ef0dd05d230f4b6f633aa886fbfd86e266307698f
Rn219_grid1,86,219,grid,1,RAN,0,0,9.547,63594789b27ccd71769f5949c3bbd8d0e0be33fff2b8ce829b936aa9c529ed6b
Rn219_grid2,86,219,grid,2,RAN,0,0,41.403,cee2f5516a56d52a4a3dd0c88897ca853783f3f704469ebed595ac6edfcc09d0
Rn220_rminus,86,220,rminus,0,RAN,0,0,2.378,abec55560536ce8667f7d7ec7b294fabcf3109ca62ad1e4f05f84cad3d72b979
Rn220_grid0,86,220,grid,0,RAN,0,0,2.173,d28617ae3342c2d0302b4f8f01fb2f3ad5393e33884805f2b9680ac796d8cca6
Rn220_grid1,86,220,grid,1,RAN,0,0,9.945,25f76201a4407793560cb81daad2de87e478ba4614e4f37ccdcc7c71e0c65401
Rn220_grid2,86,220,grid,2,RAN,0,0,40.778,bf32b869488338a93a4ae6dfc0217437892afaa32cec1858819a14e2c03f417a
Rn221_rminus,86,221,rminus,0,RAN,0,0,2.490,fbf9a9ce11a496f54fc08c2a9d3364bd8d8b0a9641f62148223843f80acba7d1
Rn221_grid0,86,221,grid,0,RAN,0,0,2.280,cd2409ecfd6fd8f22e27205adbe28b81c7bff9a3c57debf445c077a58bfa3601
Rn221_grid1,86,221,grid,1,RAN,0,0,8.926,5b6cd2cd532f74bf888198e7b9c234745d9658fe75394456c157a19bc0cbc997
Rn221_grid2,86,221,grid,2,RAN,0,0,39.893,2ab64149324ffdae1b37da3bce29712e4a553e2e37e28d7245b603de1c73bc28
Rn222_rminus,86,222,rminus,0,RAN,0,0,2.552,ed10fec90393b72c34dd42c49b0ec01d7959f54d30d70f52c2b45dbaa1b63f8e
Rn222_grid0,86,222,grid,0,RAN,0,0,2.338,09f59b3858c3eca1247d60f0001ac9e9069fd6ebb33935b5a00b2a4fbe8da5a5
Rn222_grid1,86,222,grid,1,RAN,0,0,10.881,bace2a516994e4de0cbe32dbc719ef043d947b36f2e7273bdfb7e1498b9bebdf
Rn222_grid2,86,222,grid,2,RAN,0,0,43.115,978ccd7ab366d8b490e08a2d76616b1a3d97c1ad59952eb5633295765f13af86
Fr207_rminus,87,207,rminus,0,RAN,0,0,2.561,16db319a79b4862d89a5ba3774d2d5e36cc4d4e2acfe545bd9b2a666245b2307
Fr207_grid0,87,207,grid,0,RAN,0,0,2.309,805500b80be456f1fc3e576bdae5f3d1b54360c8e68d2bb63d3113dcc05da5a4
Fr207_grid1,87,207,grid,1,RAN,0,0,10.409,01544d59a00615117cb0e53607552c4ba2379dae71e462aedf65d908a5f6d7b3
Fr207_grid2,87,207,grid,2,RAN,0,0,39.977,77d7202abc5b607c6620741499efef06d36fe0b2ac95dd3d2e913aee0a0dbbdc
Fr208_rminus,87,208,rminus,0,RAN,0,0,2.420,2881c72b171b872d6a99678ae50c295cb3338d3d4e9282c005c9f0d5ba736885
Fr208_grid0,87,208,grid,0,RAN,0,0,2.273,2f9a0e4acde875565d8f5d6a4e551e650963567393141a63adbe08cbc313fb45
Fr208_grid1,87,208,grid,1,RAN,0,0,9.943,8498c4626a6b4c491b0fe6231753a09e43563e467568990bae4a6060bcdd5238
Fr208_grid2,87,208,grid,2,RAN,0,0,41.690,a014e6c6088d04e7b5e7c6e5d2fa9ccb0feaf8d95da90de934375c5602d0f9db
Fr209_rminus,87,209,rminus,0,RAN,0,0,2.375,211d4e7b97b46e322b3fcc0ea0006dc631e7f2047d1837f81a01d053640af8fa
Fr209_grid0,87,209,grid,0,RAN,0,0,2.161,146849cf6dac29eb7a3e4413e46bd4ab72fb2eafe4fcace31b8213991e1e783d
Fr209_grid1,87,209,grid,1,RAN,0,0,10.117,22ff272588ea146dcb54c6e981dca210233d444d1a5e24a8084164a482c21758
Fr209_grid2,87,209,grid,2,RAN,0,0,45.625,3cbe32a778c0528e4a872f395fd76d5c1e2ce04fb7b91677bf231873af9a0ba6
Fr210_rminus,87,210,rminus,0,RAN,0,0,2.353,6b457ef9808b2fe6edfce5ffa5616702bfadf25d101e0aaf8dff18bd08f428a7
Fr210_grid0,87,210,grid,0,RAN,0,0,2.336,b85c0687e62e889c43203cd393d5a439baa3e1476bb23d131444af6b426bf25d
Fr210_grid1,87,210,grid,1,RAN,0,0,9.970,2a3e6fc97ed9cc7c93c37e7d5a996a186c37982e8ad6f0f15dbcb797164f8985
Fr210_grid2,87,210,grid,2,RAN,0,0,42.335,4446f8429ac561161fad533881de40e156b9910a0ca820c68a9a07775dcfb9f6
Fr211_rminus,87,211,rminus,0,RAN,0,0,2.342,cc7533efe476bc4f28c75fab88ca0e456ac59425e101169e2c579bdebc3c262b
Fr211_grid0,87,211,grid,0,RAN,0,0,2.323,955ae9f53fed6f5ccbebb2a983e2b262ed412e8fef7c3365ec21f89f47adb99c
Fr211_grid1,87,211,grid,1,RAN,0,0,10.103,4dc2f40633795c16b881cbefbfb58fa94dfad19da9b55276d65540144675f45a
Fr211_grid2,87,211,grid,2,RAN,0,0,39.543,d5114407e6f4c07bd96a428581b2e66334186e3f9d4ce5f008d1ccf9fabca461
Fr212_rminus,87,212,rminus,0,RAN,0,0,2.290,9ab4ef280924c623e7c5fe32b8d52a46b28b56e1392c5ccda46867c5198ab209
Fr212_grid0,87,212,grid,0,RAN,0,0,2.413,c2573709042fc018cc1b6300090cbf2daee8396d7f8fdaa48a3cd233e64eeed1
Fr212_grid1,87,212,grid,1,RAN,0,0,10.042,64ecbb0a2688c5a76de7981424691ce27a6af605adcc56f93723c9210a2b318b
Fr212_grid2,87,212,grid,2,RAN,0,0,40.907,1d0ee80ae853e5cba87c37d0b4e0ba4231dde93ee72dcfda36b146d18c2688e5
Fr213_rminus,87,213,rminus,0,RAN,0,0,2.338,665a9f1e1e8eff4774ed149c58673c508cae87b8b1f6d3028cf0e522691c00c0
Fr213_grid0,87,213,grid,0,RAN,0,0,2.401,c30e65128e53fc62044ae743887c18cc731e5ad8e1a3166eec6b426eba2db6c1
Fr213_grid1,87,213,grid,1,RAN,0,0,9.817,0047bc292c439ee5e378ff46c732a6e5ddbc109a95ff29d67f3503ca8f413b7a
Fr213_grid2,87,213,grid,2,RAN,0,0,41.251,d125280cf809376046e535077d59335cb02503d882715c402d5cb1ed2aec8855
Fr220_rminus,87,220,rminus,0,RAN,0,0,2.367,f3f4b4bf40937c8f4eb551dd0aaabb62b11185b4fd2429cb889fda16ad6c82e7
Fr220_grid0,87,220,grid,0,RAN,0,0,2.226,10f82f0281138384e8403e00b0d517be821bc611d8a492c77750bf2fab5e24b0
Fr220_grid1,87,220,grid,1,RAN,0,0,9.648,8027565012eeb136d89dd840c060cc71396739a7806cec5ca5095ade67f80dd3
Fr220_grid2,87,220,grid,2,RAN,0,0,39.566,a3b01ac707b792179264284e9588024beb3799e80e8711c3b684d909802f6282
Fr221_rminus,87,221,rminus,0,RAN,0,0,2.215,ae24855d2f62fe7ed7f0009323ec10821846e2ef1e64c12581973df1678b35f0
Fr221_grid0,87,221,grid,0,RAN,0,0,2.511,2db39bf5eb6168b395235fa0eded87d2cd5a524be3cfcc9720c87ee1215d356a
Fr221_grid1,87,221,grid,1,RAN,0,0,9.964,551cf7282cf0ae0c4dcaf035251a3404a9368f7218a5676791a14bb00c888410
Fr221_grid2,87,221,grid,2,RAN,0,0,40.232,9bd18044990abc65da00612f4bb4a6f2090c6e55cb54f99ac384d844f57f454c
Fr222_rminus,87,222,rminus,0,RAN,0,0,2.400,6042d614ec16d8837be8668943980a92fae6e6465fbc70fb88141616e691b333
Fr222_grid0,87,222,grid,0,RAN,0,0,2.672,a724102cb087ed0921f792d55c3c534816127ec6111e9d3dc302b6d5fdcef6ca
Fr222_grid1,87,222,grid,1,RAN,0,0,10.177,9eb0453e4804cc81e2306e71154865002c94c5e546ddeec190c6b6477860b3a6
Fr222_grid2,87,222,grid,2,RAN,0,0,39.517,6e3579e6f08469064d192006498bccd4b321e8dc8dbe8942a030b16e62192f68
Fr223_rminus,87,223,rminus,0,RAN,0,0,2.405,65d12f37058728d54a84064e14806c7eccd5fcbd4197129cf75a717300569da3
Fr223_grid0,87,223,grid,0,RAN,0,0,2.408,fbd28472148e6b188e8d96268fef8038e236c71d7a42d350b9019c0d824120f8
Fr223_grid1,87,223,grid,1,RAN,0,0,9.914,94284502fe8981067dd9ffaaf6208d8308f2b3540c183a09d2a9f2d906c80f2b
Fr223_grid2,87,223,grid,2,RAN,0,0,43.439,b2db871f75cfd4ca1ff336f7717d0b0145a1bb9f2de7344c806debc16fb80487
Fr224_rminus,87,224,rminus,0,RAN,0,0,2.459,40356b576f7bc7bb39e44c384c5294e05cd0a0f58061570d5c66ae9c9268dea2
Fr224_grid0,87,224,grid,0,RAN,0,0,2.591,7dd818fbefeacd9579461087d16cb335957790650e539aea9281a1ee175c3b23
Fr224_grid1,87,224,grid,1,RAN,0,0,9.597,9d42782377e04fb5364b42b5c72d4152204eeb2f0f68656f5e69efe7d08bdabd
Fr224_grid2,87,224,grid,2,RAN,0,0,44.702,65734096f43f7983a88842da189b41f4afaaf357c7198ce042bfbb08ba5fae8c
Fr225_rminus,87,225,rminus,0,RAN,0,0,2.210,d9f66a13d12478b3c59a0f44d0c3966ce97271583cb1bcf0da98391092751d7c
Fr225_grid0,87,225,grid,0,RAN,0,0,2.379,a62e6c6443ffbe7882916e81474a4ca993e8bb72d1bd432878c2850087c34e95
Fr225_grid1,87,225,grid,1,RAN,0,0,10.230,02b39fce2895ac1b4cd7ce68b01d8fc95b5cd1ee002571627bc693c9b35ad0fe
Fr225_grid2,87,225,grid,2,RAN,0,0,39.534,e6c10450bf686fd877379d5ec30ae3234ba7c158d4a56686e1d179f0b2c3af68
Fr226_rminus,87,226,rminus,0,RAN,0,0,2.188,34e778acceecd1a498fce3d5091e54b1e267742f6beb68f609fd2681df87ef7f
Fr226_grid0,87,226,grid,0,RAN,0,0,2.327,4c2930410511ff8a4abd3ea838c3f989a8fd6be241e75f63bd2aca136bb23cd5
Fr226_grid1,87,226,grid,1,RAN,0,0,9.974,6e2425b0239cf64aec904c553b87f8d1dff599892ce2d9e32ad5d0061d403da6
Fr226_grid2,87,226,grid,2,RAN,0,0,41.001,bae1ea328aee8b7b32be158e6545dd5f26f8dce4f6abc14b64c62d71bc40809c
Fr227_rminus,87,227,rminus,0,RAN,0,0,2.329,eb3d6206074c92f32234a7bc9520813a125b694fd5bd984ea7effe82864b3547
Fr227_grid0,87,227,grid,0,RAN,0,0,2.477,5b705c0ca3179006c9fffcf1d292dce8e6fae239e3b00ab581b6c2a71629f0ff
Fr227_grid1,87,227,grid,1,RAN,0,0,9.752,e131ab4a0957c627f026cfb3cc09f28630ffe87a50bccfcfcb4f961132549ccb
Fr227_grid2,87,227,grid,2,RAN,0,0,44.993,d376cfaf641bd104bf189a592251a1061407f79a6316dc2edcf54fdceeadebac
Fr228_rminus,87,228,rminus,0,RAN,0,0,2.450,fed44ea148605af6518ee1c81f9084ba8f3733d9399cb0fb86341b6d4cfc290b
Fr228_grid0,87,228,grid,0,RAN,0,0,2.400,b62fd7e5d7865ce81eb7167d0edbae2b35148d437d2a9db75b623b37fc9254e7
Fr228_grid1,87,228,grid,1,RAN,0,0,9.529,b0974c0fafb9d145697e6a21340dfc5095643de6b85d9f568d3641c2a93d401a
Fr228_grid2,87,228,grid,2,RAN,0,0,42.073,d9e4db0ffd6ad4ae789374d4b3e720f2dfe5919e9015e66db010f7c44ab7e246
Ra208_rminus,88,208,rminus,0,RAN,0,0,2.253,4ce39d6235b697358da6445cd89b0a0777a1b57da1e85f0fc1f496c513a8790a
Ra208_grid0,88,208,grid,0,RAN,0,0,2.510,599939e639cfa44a7c5c3b4d470f2f05e88351d88825389d2ef715711f978347
Ra208_grid1,88,208,grid,1,RAN,0,0,9.973,af1a9712bba67354384bbd50c71db30ac8f2038b4ca2adfe0b9361afe98f7036
Ra208_grid2,88,208,grid,2,RAN,0,0,45.209,62d015292a506c0320c3db379bc4d0980a562ba006f3c4bde91ee964ed61a83e
Ra209_rminus,88,209,rminus,0,RAN,0,0,2.270,5f5a2462cbd9601e521de701ce165322487749c44ca2b7171527c81278b97cd9
Ra209_grid0,88,209,grid,0,RAN,0,0,2.493,85e32bb47d499c45eefb3d3aa112ef7a5c5ed375b214e09e6f47196c6c6ffd0a
Ra209_grid1,88,209,grid,1,RAN,0,0,10.774,622b23927cd7b2fe50f781a980ae5323dbef5845958b1cb9cf9100a0e6c0a748
Ra209_grid2,88,209,grid,2,RAN,0,0,39.996,0ec831859f83286b1980d62ea4df0dd9eda73aff78b485b5e2fafce43f6e18c3
Ra210_rminus,88,210,rminus,0,RAN,0,0,2.356,6e2e9b13fe00216cca84359ade2ec90ddc70b7641137fc2aac2a9e70aa5edaa8
Ra210_grid0,88,210,grid,0,RAN,0,0,2.380,c950951ec00a540ec723bab60d2302b9fcce27e3781459fbc3b79fb03f234f44
Ra210_grid1,88,210,grid,1,RAN,0,0,9.667,9fe3fe45a961f9397c53b58475738191b7d82dd6403bab4e68d79ed216876f9c
Ra210_grid2,88,210,grid,2,RAN,0,0,39.177,9e64f75f72130ae07307be00c9e2a5a4b3620e0b6a99f61768892ec339f28b50
Ra211_rminus,88,211,rminus,0,RAN,0,0,2.242,8880375c731cc957a86c93f5861de6faecf53728fdcbb62a20acbb7c0cf40a47
Ra211_grid0,88,211,grid,0,RAN,0,0,2.377,0524fca11e917b1e988444e1b8073a7c48a6488ae17cf3fb76b44be020cbf892
Ra211_grid1,88,211,grid,1,RAN,0,0,10.062,956eafaac735c95071e27f3764c14c03571322a53295f3b9feccc2e5c3dd978f
Ra211_grid2,88,211,grid,2,RAN,0,0,41.395,91a7ea8e34a9e7ac646167c48ad011558f922d53b1358b6e490068f4b6d66a65
Ra212_rminus,88,212,rminus,0,RAN,0,0,2.319,decaf6a6fc0c8acbd7e45d9323f68f07d42ec2f91dfa524926f809cee2f6d6f3
Ra212_grid0,88,212,grid,0,RAN,0,0,2.465,ea9761694cfe07b91d2b5cb07d7df5a6b82c8cd7c47b20510e6588e2f08bfe7c
Ra212_grid1,88,212,grid,1,RAN,0,0,9.855,76d756d2ddf19f2951370581c377cbec11e2ec8addffd8343f3925fba43610dc
Ra212_grid2,88,212,grid,2,RAN,0,0,40.338,39f1248407ac58685fd69f2de84f8c3e019a60ff1563c4a765189a16299e5621
Ra213_rminus,88,213,rminus,0,RAN,0,0,2.272,145ff84ba24644bb3cc1e2465fd0ad76bd4b0562c3636998ecc0e75d56461785
Ra213_grid0,88,213,grid,0,RAN,0,0,2.404,6fca72f5fa61d7e6de03801529a9d7092db35c72adf4859c44d0c5765f84c333
Ra213_grid1,88,213,grid,1,RAN,0,0,10.577,b63e2f47e24061234d1639694ef9a67001e6d7cf23ea5ca47423c58f937351d8
Ra213_grid2,88,213,grid,2,RAN,0,0,41.103,58f057c625d09b354e9986806089af8622861c2c205044b292529002bd207e1c
Ra214_rminus,88,214,rminus,0,RAN,0,0,2.338,6dea9414474f1c7f69136f9e30b2f9ea8ce546fd1539ccf6f279bdee335bd9e7
Ra214_grid0,88,214,grid,0,RAN,0,0,2.353,4dd9dc3ca399b7656f10b2f174503e0f970be1fa5035845d24685f992447c21f
Ra214_grid1,88,214,grid,1,RAN,0,0,9.330,6a85a968ba80b69213e66c72dc0eafa88759077700070ba4850b012d15178574
Ra214_grid2,88,214,grid,2,RAN,0,0,41.988,726ed464816da66f91fdfcceb48d15ab9169e1ef85d741353534f22fbed2664e
Ra220_rminus,88,220,rminus,0,RAN,0,0,2.396,e3d0855ec82ee51c843d7dab112f4502c257ad55da224392542412636b630e2d
Ra220_grid0,88,220,grid,0,RAN,0,0,2.359,7480f074a108447e4ac3ff7f31dd915078db3dbea9950c7a756eaf056445f27f
Ra220_grid1,88,220,grid,1,RAN,0,0,9.828,e8ee3d508af1b0411435cc25ba900e32db73083edb6ad06f0ea4eec712646615
Ra220_grid2,88,220,grid,2,RAN,0,0,40.340,a6b6a6e06c64af79474dacb5f785e8416ea0d47cc8ae773f9cdd1ec59bf602fb
Ra221_rminus,88,221,rminus,0,RAN,0,0,2.325,371b1c16082d51bc6c7c45157a52d08cb5372231b6a83e35eb0fb17dc2d77b11
Ra221_grid0,88,221,grid,0,RAN,0,0,2.330,0731df499f744d7a919e8f42f0dbacbacaf7254f03376d241be8079e7ae1f991
Ra221_grid1,88,221,grid,1,RAN,0,0,10.018,cc18b68b9d8e61e270552872cd2cfd6965829d66eaa2f90a1eae8d68c3195510
Ra221_grid2,88,221,grid,2,RAN,0,0,41.269,0b4b12c5cc61aa223438c440515363db1c28f9d243916df4282d802cc227db41
Ra222_rminus,88,222,rminus,0,RAN,0,0,2.272,a0b59336b46104a52351a61e027b48acc724cefd0b12e6cb03e9269931689bab
Ra222_grid0,88,222,grid,0,RAN,0,0,2.476,c8aa9f3b20c2d91973423664200e6929a276619c487e1caae3819724435b8a03
Ra222_grid1,88,222,grid,1,RAN,0,0,10.668,cc7fab66270ecb41e1114c162d82251e89da7a4a1c3abf1ac8bf09ac7baea4d7
Ra222_grid2,88,222,grid,2,RAN,0,0,41.485,95863713c80e6da75429f24624092f44e9a132cc9cf22226fb37f4737848d949
Ra223_rminus,88,223,rminus,0,RAN,0,0,2.273,151a31df9ca276f8cd634a0f4d3a01e93b8fd7bfa75347bac7f2c6626d7d97b7
Ra223_grid0,88,223,grid,0,RAN,0,0,2.572,b0d0b61f9d3a9ccfb33dfe078527ab21c9b60711d00f83e52d82d3a43db0619f
Ra223_grid1,88,223,grid,1,RAN,0,0,8.911,1c44905978fe4ab60340529834dfd44e8e5279beb1ef69341e9bddd93f454db0
Ra223_grid2,88,223,grid,2,RAN,0,0,40.178,53e6a8f101eb5be7cba794fe408e7b509324e966073fe01ae7cfa35640907e29
Ra224_rminus,88,224,rminus,0,RAN,0,0,2.367,dd305a1edb5fc18e42a2de8c19d3289faf6383d435b206a2a0c9fc4b5d9800d9
Ra224_grid0,88,224,grid,0,RAN,0,0,2.497,b2631ef84058a1cbb37b740ee92a2626b47dd82b49cd8c5900dbd4fea0f92d6a
Ra224_grid1,88,224,grid,1,RAN,0,0,9.653,ab77345d60dde8196efb5361a0d5f52956d0fa2efdd555b471f221e2fcb18809
Ra224_grid2,88,224,grid,2,RAN,0,0,43.553,2c4051357f2ba8019e0d64f4783305adc15d78517cc0e1f9573f82606e951cfc
Ra225_rminus,88,225,rminus,0,RAN,0,0,2.199,186c2ff1f6b2ead563dc6216ad287649a773311881c305e995678fa17d0ebbb5
Ra225_grid0,88,225,grid,0,RAN,0,0,2.484,001ef7496c17b6420e96b45dbb1962f301d3da14a8fe57f24fd9194e12a68c29
Ra225_grid1,88,225,grid,1,RAN,0,0,10.021,e8619788bc336f01ebfba430944e9c59548f1a9079c9f43c73924c5449c03dec
Ra225_grid2,88,225,grid,2,RAN,0,0,45.406,23235bf7a1a673d3bcd85dd6f6b8e0e3e2d28ff66f67578c20b7b9e2fe2f98f1
Ra226_rminus,88,226,rminus,0,RAN,0,0,2.290,13805395cd94dfd100433993ec82a5aab2540ecaef0be6df2d41516bc7dde5fb
Ra226_grid0,88,226,grid,0,RAN,0,0,2.641,d8ee89167b798e2d4e110334c36e378c3223b2f644a25a055462adea7d4df2cc
Ra226_grid1,88,226,grid,1,RAN,0,0,10.459,f570466ce8011359fdfef2a2957053207407c77bd9412bf94bdc70ce8e1037c6
Ra226_grid2,88,226,grid,2,RAN,0,0,40.197,5464c07d85fc719724928d86768af750cf06b8e327d9e8cbc9ee04faa31e17d6
Ra227_rminus,88,227,rminus,0,RAN,0,0,2.313,b8af45489f0695d20640e33eeebe500806a777f428520645902dda1791af43c6
Ra227_grid0,88,227,grid,0,RAN,0,0,2.603,e55d0581d117602312912f96447d5a8054117b6dc6a1788768ac703b54c0a58c
Ra227_grid1,88,227,grid,1,RAN,0,0,9.145,887959958bc22a4e28b77e96af3b0341fa1701c5bdaf20896e1bac3cd3db77aa
Ra227_grid2,88,227,grid,2,RAN,0,0,40.581,ee00f37c43a3f89f5eb97cdc9182289d46d421a55b4f285509a82a4997c4cd6e
Ra228_rminus,88,228,rminus,0,RAN,0,0,2.349,87a3b586ebfc3bfe6d42894ec319dfec680e95939e681a4b8cfb25c4c67789d7
Ra228_grid0,88,228,grid,0,RAN,0,0,2.649,cdc273b6004a1c047ba6439920db4cb75dc258f72800639e24c792344b9ec548
Ra228_grid1,88,228,grid,1,RAN,0,0,9.884,88a86d36546a09b172949e8318d8ee2140d098e5feff97264d5d6e25b51ae8b0
Ra228_grid2,88,228,grid,2,RAN,0,0,41.655,137ddc0b6cdb3a9b64542e22d9b8c2b7d2a865e9843d47a0c3ed7512c1bc4be1
Ra229_rminus,88,229,rminus,0,RAN,0,0,2.366,bf90ed9dd15cf74d5ba8eff832efd0522f730bae8c908ea1b2f55f609ac7f4d5
Ra229_grid0,88,229,grid,0,RAN,0,0,2.378,60393cc664c4366b90d02da1d4c1befe01b6768cb879c6502ce9d9f0e9bc6c36
Ra229_grid1,88,229,grid,1,RAN,0,0,9.817,629a88c2ece885e4785dddfeb95b278c9847093ac643cfcc18c76606a92d6c1d
Ra229_grid2,88,229,grid,2,RAN,0,0,39.039,d47a30232f0fa5149a0cb94e3cbff6526aec9cf35dd084f551fbc6b182d06cb5
Ra230_rminus,88,230,rminus,0,RAN,0,0,2.396,21d4df42d918415e974f5460f3dee0d081d16eecac881f77578c6072f0d36834
Ra230_grid0,88,230,grid,0,RAN,0,0,2.461,b2b7e7cd40ed169dd7c44f13ed0fa4f2275fe779db73f41e88c751dc6e2ef533
Ra230_grid1,88,230,grid,1,RAN,0,0,10.172,b657889a44b48738cfe98b0d2b5df952f06aec2c9c51613b5d167c22eb1cc8e4
Ra230_grid2,88,230,grid,2,RAN,0,0,41.401,f998cdd09533dec8354238c1873b2050c637b29ef6ef121ff2386c9eb03193ea
Ra232_rminus,88,232,rminus,0,RAN,0,0,2.402,6fe70421531abe82c22bb1a9d0120ae6a80a1c9512767369612924de4c1af23d
Ra232_grid0,88,232,grid,0,RAN,0,0,2.391,e21b53f5f86d46aee022b052a1904b1aa30121be22fdf4ae775305cbd6b096fa
Ra232_grid1,88,232,grid,1,RAN,0,0,9.309,6a81ba54c1ed0089d5315fd867a0ec680fbcbfa2e779a4298a2a64400295df20
Ra232_grid2,88,232,grid,2,RAN,0,0,42.329,80942b853688bad41a77014efc080e144a8b737a96d75e467bcccac641cb182f
Th227_rminus,90,227,rminus,0,RAN,0,0,2.447,33e1ab28c52d49e09c916576feb8eab455a2e8e000414db5cadd70203cdf7c2a
Th227_grid0,90,227,grid,0,RAN,0,0,2.131,db47cccab8710ccef12c68d0b68b5b9602e7c4973ea73117cb235ccf4f4bcefa
Th227_grid1,90,227,grid,1,RAN,0,0,11.252,d128ea472c48e4dc475b6b352b3e1c0c2f02aaa25424546fb0ac929eae2ab0a6
Th227_grid2,90,227,grid,2,RAN,0,0,42.530,3518be1bc147676ff307ff969e645a4179cc138d6893974568b494c39c98814a
Th228_rminus,90,228,rminus,0,RAN,0,0,2.478,688b681c9bbed830347000fbcbfa0664dc5aceaf31e8e315e5f7d30e979fcc4f
Th228_grid0,90,228,grid,0,RAN,0,0,2.349,e61b96d2d1efae48410d910b338b8e1655c53c29dfe7d96d7585acef4069dbaf
Th228_grid1,90,228,grid,1,RAN,0,0,9.885,e253637e64feb6a7dd23aa9e8b0c128d58154ff2804286a6241f3333b5c09a03
Th228_grid2,90,228,grid,2,RAN,0,0,42.397,6691d01ea2b28d706428fdac112d7cefc9c69e0969f484190588d455df9d721c
Th229_rminus,90,229,rminus,0,RAN,0,0,2.441,227db77e9f7571da28289d6f18713eee9537f72b6cf93f368ccc5ef7256a858e
Th229_grid0,90,229,grid,0,RAN,0,0,2.132,79ed549635e818ea5fc823bd1bc22907cf98bf5adcdac83a693b66a11e789f87
Th229_grid1,90,229,grid,1,RAN,0,0,9.617,2cb390025080aecc3aad86ad839d4ddea515cefbbb36acdc3502615e4ac3c1b0
Th229_grid2,90,229,grid,2,RAN,0,0,44.282,f223c71e0f5d1ea773109ecf1e78941075dbecc1df997d3896c1d66e9553726e
Th230_rminus,90,230,rminus,0,RAN,0,0,2.297,ca4c1c9d64731fb44168a9d6c05bd75078c06278282bb86a139db3a873d0c020
Th230_grid0,90,230,grid,0,RAN,0,0,2.219,c4ded073dfadb6b6577aeb3d2908cb51ddbfb62d196ec02c3a55f8ef303da24c
Th230_grid1,90,230,grid,1,RAN,0,0,10.185,41387a4a74f1d6040788622e3bdf11eb1e076c51f20baff9c8578f2a73b5c4d5
Th230_grid2,90,230,grid,2,RAN,0,0,43.240,d1c6c6f89b1f0c9914c37331de02ffef610159f5ad29383d5a5bc4f9bae3711d
Th232_rminus,90,232,rminus,0,RAN,0,0,2.501,ca238e873e174579c7e1dfb1cbebba1983ce59ee5916284b1ce14a330ec7ea73
Th232_grid0,90,232,grid,0,RAN,0,0,2.252,30fcb93491ada8173dea3a3b6d829dceeab8cbae53d70d8aa6e8c486627c6ce1
Th232_grid1,90,232,grid,1,RAN,0,0,11.125,e6eb6ee385b220674ea01dfa674de8addd017688f56b1f18870af3b01d6c79b9
Th232_grid2,90,232,grid,2,RAN,0,0,40.906,fd59650dd47aa9d15592ce085a6c812df2def7b0d655b9e7cfe7e75e7e37abad
U233_rminus,92,233,rminus,0,RAN,0,0,2.484,c02071012381d741439560cb8cfd3651d50a256c02eea8d2cacd71594ddc436a
U233_grid0,92,233,grid,0,RAN,0,0,2.836,79e14bee8138bf497dc6373a32eacb21a6359415d814d9e1231af13ace371252
U233_grid1,92,233,grid,1,RAN,0,0,9.670,5564fa67f2b231bccd8ffbfa3bbd3c4dd17f88b5bff6162601e6cdbb0552f24e
U233_grid2,92,233,grid,2,RAN,0,0,44.783,866df58cc0d65c295e95e7cfb67c047774aeebbd76e2ff4bbedbc8735b867da7
U234_rminus,92,234,rminus,0,RAN,0,0,2.523,82ce212647b346cdc40de3f31bc9f43dafae6284fd987db1c2e72f831ea53bd9
U234_grid0,92,234,grid,0,RAN,0,0,2.756,3b69a5d5c0cc4051104c8271b38b9eefe2ebc90037d8accf48e3ba16d3a208c6
U234_grid1,92,234,grid,1,RAN,0,0,9.873,3c3d1be596b05132f38c964b51bbebb1d9963e762fb0e07e0e039f9390b5e55e
U234_grid2,92,234,grid,2,RAN,0,0,41.225,efed9abd20f89c96859bcac8f1c6e1430423e3c1bf3580ea741a00b1af0d1f9a
U235_rminus,92,235,rminus,0,RAN,0,0,2.508,08783939c476ed76bd58d3fb6a2e1222a0c8fab4f8761f21b64a4b7dde06af57
U235_grid0,92,235,grid,0,RAN,0,0,2.707,cb6693565d117652f866e95af68d4cd2299b1b7c11eb42d2b2e3db610d282a53
U235_grid1,92,235,grid,1,RAN,0,0,10.652,84c8f4ed29181e5a812b50eab84a5ddec3649911a2b60d4038009ee93a22cd38
U235_grid2,92,235,grid,2,RAN,0,0,40.865,4df59ff851371a4a52654379ffae6c749a7f891d24a706e63aec7049472f68cb
U236_rminus,92,236,rminus,0,RAN,0,0,2.543,e0ac0400653ac22959166d48206cf0e46e4a4ebe1f1cc3e12ec2599def088a94
U236_grid0,92,236,grid,0,RAN,0,0,2.710,828c582dcbc3badffa41cb6aa2461a424ffe451f16dc67b11fd9096e0aeef225
U236_grid1,92,236,grid,1,RAN,0,0,9.857,7ef5b11a99514d51e32b437fc8fdf2eb4486c8baf69e2c44ca669c421fd8aaf3
U236_grid2,92,236,grid,2,RAN,0,0,41.998,3f109f89494954f79d99f30f91f0a3d8e5f8dfedc9321d64a2f1c39b3a5c4fba
U238_rminus,92,238,rminus,0,RAN,0,0,2.526,50fe5178c7618ec34dbeee80f637984ef8852b1e0c37570efa4c5e54f1c6ba65
U238_grid0,92,238,grid,0,RAN,0,0,2.356,4decedbcc4920fd464e2347f484d03664f90e7246cefc56a6b8c5edd712f596b
U238_grid1,92,238,grid,1,RAN,0,0,9.741,037a2155fa1b84f436f02a457800075a7cd9ba744d26f710031c8a72f5b9fc0b
U238_grid2,92,238,grid,2,RAN,0,0,41.266,23be4843a04843814ea603c002e0b19ea9f821384437ced457671c1b6cd9ad61
