run,Z,A,setting,line,delta_e_eV,w12_per_s
Be9_g0u0050,4,9,g0u0050,K1-L2,33390.663716,32862400063909.480469
Be9_g0u0050,4,9,g0u0050,K1-L3,33393.040355,32857552080625.273438
Be9_g0u0050,4,9,g0u0050,L2-M4,6182.075447,2821936892036.710938
Be9_g0u0050,4,9,g0u0050,L3-M4,6179.698808,564139197322.979736
Be9_g0u0050,4,9,g0u0050,L3-M5,6179.932846,3385050815737.667969
Be9_g0u0050,4,9,g0u0050,M4-N6,2161.489857,673275912854.820923
Be9_g0u0050,4,9,g0u0050,M5-N6,2161.255819,48083222439.829971
Be9_g0u0050,4,9,g0u0050,M5-N7,2161.305143,721289531444.728882
Be9_g0u0050,4,9,g0u0050,N6-O8,1000.253035,214575677199.032471
Be9_g0u0050,4,9,g0u0050,N7-O8,1000.203711,7946537850.805557
Be9_g0u0050,4,9,g0u0050,N7-O9,1000.218860,222512596134.137421
Be9_g0u0050,4,9,g0u0050,O8-P10,543.322415,84120447578.148239
Be9_g0u0050,4,9,g0u0050,O9-P10,543.307266,1911719813.394315
Be9_g0u0050,4,9,g0u0050,O9-P11,543.313110,86030178950.886444
Be9_g0u0050,4,9,g0u0050,P10-Q12,327.601705,38158577767.820099
Be9_g0u0050,4,9,g0u0050,P11-Q12,327.595861,587031877.112861
Be9_g0u0050,4,9,g0u0050,P11-Q13,327.598490,38745079194.750275
Be9_g0u0050,4,9,g0u0050,Q12-R14,212.624729,19268153559.905533
Be9_g0u0050,4,9,g0u0050,Q13-R14,212.622101,214084320.539296
Be9_g0u0050,4,9,g0u0050,Q13-R15,212.623422,19482064715.911427
Be9_g0u0100,4,9,g0u0100,K1-L2,33390.858758,32862613136765.796875
Be9_g0u0100,4,9,g0u0100,K1-L3,33393.235409,32857765015556.511719
Be9_g0u0100,4,9,g0u0100,L2-M4,6182.083406,2821942063716.534668
Be9_g0u0100,4,9,g0u0100,L3-M4,6179.706756,564140312797.956055
Be9_g0u0100,4,9,g0u0100,L3-M5,6179.940794,3385057265062.491211
Be9_g0u0100,4,9,g0u0100,M4-N6,2161.490845,673276290732.754883
Be9_g0u0100,4,9,g0u0100,M5-N6,2161.256806,48083254374.738922
Be9_g0u0100,4,9,g0u0100,M5-N7,2161.306130,721289936276.196777
Be9_g0u0100,4,9,g0u0100,N6-O8,1000.253142,214575706315.016144
Be9_g0u0100,4,9,g0u0100,N7-O8,1000.203818,7946538929.161797
Be9_g0u0100,4,9,g0u0100,N7-O9,1000.218967,222512626326.258179
Be9_g0u0100,4,9,g0u0100,O8-P10,543.322424,84120447824.284454
Be9_g0u0100,4,9,g0u0100,O9-P10,543.307275,1911719818.999930
Be9_g0u0100,4,9,g0u0100,O9-P11,543.313119,86030188000.637131
Be9_g0u0100,4,9,g0u0100,P10-Q12,327.601706,38158577786.143990
Be9_g0u0100,4,9,g0u0100,P11-Q12,327.595862,587031877.404206
Be9_g0u0100,4,9,g0u0100,P11-Q13,327.598490,38745079219.785652
Be9_g0u0100,4,9,g0u0100,Q12-R14,212.624729,19268153561.466553
Be9_g0u0100,4,9,g0u0100,Q13-R14,212.622101,214084320.573100
Be9_g0u0100,4,9,g0u0100,Q13-R15,212.623422,19482064717.644581
Be9_g0u0150,4,9,g0u0150,K1-L2,33390.898583,32862658755015.281250
Be9_g0u0150,4,9,g0u0150,K1-L3,33393.275236,32857814103145.660156
Be9_g0u0150,4,9,g0u0150,L2-M4,6182.085358,2821943501020.217773
Be9_g0u0150,4,9,g0u0150,L3-M4,6179.708705,564140519088.594360
Be9_g0u0150,4,9,g0u0150,L3-M5,6179.942744,3385058746289.375977
Be9_g0u0150,4,9,g0u0150,M4-N6,2161.491087,673276384775.909668
Be9_g0u0150,4,9,g0u0150,M5-N6,2161.257048,48083261091.786537
Be9_g0u0150,4,9,g0u0150,M5-N7,2161.306373,721290037044.424438
Be9_g0u0150,4,9,g0u0150,N6-O8,1000.253168,214575707615.516235
Be9_g0u0150,4,9,g0u0150,N7-O8,1000.203844,7946539860.261098
Be9_g0u0150,4,9,g0u0150,N7-O9,1000.218993,222512627674.504578
Be9_g0u0150,4,9,g0u0150,O8-P10,543.322427,84120447885.899734
Be9_g0u0150,4,9,g0u0150,O9-P10,543.307278,1911719820.402603
Be9_g0u0150,4,9,g0u0150,O9-P11,543.313122,86030188072.761749
Be9_g0u0150,4,9,g0u0150,P10-Q12,327.601706,38158581029.964447
Be9_g0u0150,4,9,g0u0150,P11-Q12,327.595862,587031877.538711
Be9_g0u0150,4,9,g0u0150,P11-Q13,327.598491,38745079221.296005
Be9_g0u0150,4,9,g0u0150,Q12-R14,212.624729,19268153562.017826
Be9_g0u0150,4,9,g0u0150,Q13-R14,212.622101,214084320.574786
Be9_g0u0150,4,9,g0u0150,Q13-R15,212.623422,19482064717.878677
Be9_g0u0200,4,9,g0u0200,K1-L2,33390.913635,32862676110137.203125
Be9_g0u0200,4,9,g0u0200,K1-L3,33393.290289,32857827951744.394531
Be9_g0u0200,4,9,g0u0200,L2-M4,6182.086170,2821944082865.371094
Be9_g0u0200,4,9,g0u0200,L3-M4,6179.709516,564140635453.871948
Be9_g0u0200,4,9,g0u0200,L3-M5,6179.943555,3385059444450.294434
Be9_g0u0200,4,9,g0u0200,M4-N6,2161.491188,673276464354.767822
Be9_g0u0200,4,9,g0u0200,M5-N6,2161.257149,48083261830.924370
Be9_g0u0200,4,9,g0u0200,M5-N7,2161.306473,721290122299.530151
Be9_g0u0200,4,9,g0u0200,N6-O8,1000.253179,214575708150.005249
Be9_g0u0200,4,9,g0u0200,N7-O8,1000.203855,7946539880.054209
Be9_g0u0200,4,9,g0u0200,N7-O9,1000.219004,222512652950.326294
Be9_g0u0200,4,9,g0u0200,O8-P10,543.322428,84120447919.065094
Be9_g0u0200,4,9,g0u0200,O9-P10,543.307279,1911719821.151581
Be9_g0u0200,4,9,g0u0200,O9-P11,543.313123,86030188097.563477
Be9_g0u0200,4,9,g0u0200,P10-Q12,327.601706,38158581033.458122
Be9_g0u0200,4,9,g0u0200,P11-Q12,327.595862,587031877.588069
Be9_g0u0200,4,9,g0u0200,P11-Q13,327.598491,38745079224.540062
Be9_g0u0200,4,9,g0u0200,Q12-R14,212.624729,19268153562.248363
Be9_g0u0200,4,9,g0u0200,Q13-R14,212.622101,214084320.579209
Be9_g0u0200,4,9,g0u0200,Q13-R15,212.623422,19482064718.085411
Be9_g0u0250,4,9,g0u0250,K1-L2,33390.921058,32862684998454.246094
Be9_g0u0250,4,9,g0u0250,K1-L3,33393.297713,32857840331779.687500
Be9_g0u0250,4,9,g0u0250,L2-M4,6182.086597,2821944378298.863770
Be9_g0u0250,4,9,g0u0250,L3-M4,6179.709942,564140694538.331665
Be9_g0u0250,4,9,g0u0250,L3-M5,6179.943981,3385059798961.520996
Be9_g0u0250,4,9,g0u0250,M4-N6,2161.491241,673276469808.780396
Be9_g0u0250,4,9,g0u0250,M5-N6,2161.257202,48083267165.380409
Be9_g0u0250,4,9,g0u0250,M5-N7,2161.306527,721290128140.537354
Be9_g0u0250,4,9,g0u0250,N6-O8,1000.253185,214575708433.605591
Be9_g0u0250,4,9,g0u0250,N7-O8,1000.203861,7946539890.565409
Be9_g0u0250,4,9,g0u0250,N7-O9,1000.219010,222512653257.848938
Be9_g0u0250,4,9,g0u0250,O8-P10,543.322428,84120447933.252151
Be9_g0u0250,4,9,g0u0250,O9-P10,543.307279,1911719821.487827
Be9_g0u0250,4,9,g0u0250,O9-P11,543.313123,86030188112.152496
Be9_g0u0250,4,9,g0u0250,P10-Q12,327.601706,38158581035.188148
Be9_g0u0250,4,9,g0u0250,P11-Q12,327.595862,587031877.615917
Be9_g0u0250,4,9,g0u0250,P11-Q13,327.598491,38745079226.281708
Be9_g0u0250,4,9,g0u0250,Q12-R14,212.624729,19268153562.369621
Be9_g0u0250,4,9,g0u0250,Q13-R14,212.622101,214084320.581540
Be9_g0u0250,4,9,g0u0250,Q13-R15,212.623422,19482064718.194458
Be9_g0u0300,4,9,g0u0300,K1-L2,33390.925315,32862689684873.316406
Be9_g0u0300,4,9,g0u0300,K1-L3,33393.301970,32857845015857.050781
Be9_g0u0300,4,9,g0u0300,L2-M4,6182.086853,2821944636813.627441
Be9_g0u0300,4,9,g0u0300,L3-M4,6179.710198,564140746240.769409
Be9_g0u0300,4,9,g0u0300,L3-M5,6179.944237,3385059865705.791504
Be9_g0u0300,4,9,g0u0300,M4-N6,2161.491273,673276473062.410522
Be9_g0u0300,4,9,g0u0300,M5-N6,2161.257234,48083267397.745659
Be9_g0u0300,4,9,g0u0300,M5-N7,2161.306558,721290131647.382202
Be9_g0u0300,4,9,g0u0300,N6-O8,1000.253188,214575708610.028198
Be9_g0u0300,4,9,g0u0300,N7-O8,1000.203864,7946539897.099854
Be9_g0u0300,4,9,g0u0300,N7-O9,1000.219013,222512653427.079468
Be9_g0u0300,4,9,g0u0300,O8-P10,543.322429,84120447940.103821
Be9_g0u0300,4,9,g0u0300,O9-P10,543.307280,1911719821.633080
Be9_g0u0300,4,9,g0u0300,O9-P11,543.313124,86030188119.038879
Be9_g0u0300,4,9,g0u0300,P10-Q12,327.601706,38158581036.170853
Be9_g0u0300,4,9,g0u0300,P11-Q12,327.595862,587031877.630365
Be9_g0u0300,4,9,g0u0300,P11-Q13,327.598491,38745079227.287590
Be9_g0u0300,4,9,g0u0300,Q12-R14,212.624729,19268153562.442539
Be9_g0u0300,4,9,g0u0300,Q13-R14,212.622101,214084320.582941
Be9_g0u0300,4,9,g0u0300,Q13-R15,212.623422,19482064718.260017
Be9_g0u0350,4,9,g0u0350,K1-L2,33390.928006,32862693987961.199219
Be9_g0u0350,4,9,g0u0350,K1-L3,33393.304662,32857849316259.769531
Be9_g0u0350,4,9,g0u0350,L2-M4,6182.087021,2821944673237.616211
Be9_g0u0350,4,9,g0u0350,L3-M4,6179.710366,564140753523.718018
Be9_g0u0350,4,9,g0u0350,L3-M5,6179.944405,3385060152878.377441
Be9_g0u0350,4,9,g0u0350,M4-N6,2161.491294,673276475203.388916
Be9_g0u0350,4,9,g0u0350,M5-N6,2161.257255,48083267550.618202
Be9_g0u0350,4,9,g0u0350,M5-N7,2161.306579,721290133940.193237
Be9_g0u0350,4,9,g0u0350,N6-O8,1000.253191,214575708726.338348
Be9_g0u0350,4,9,g0u0350,N7-O8,1000.203867,7946539901.404592
Be9_g0u0350,4,9,g0u0350,N7-O9,1000.219016,222512653547.683350
Be9_g0u0350,4,9,g0u0350,O8-P10,543.322429,84120447947.399506
Be9_g0u0350,4,9,g0u0350,O9-P10,543.307280,1911719821.802252
Be9_g0u0350,4,9,g0u0350,O9-P11,543.313124,86030188126.464050
Be9_g0u0350,4,9,g0u0350,P10-Q12,327.601706,38158581036.907814
Be9_g0u0350,4,9,g0u0350,P11-Q12,327.595862,587031877.643531
Be9_g0u0350,4,9,g0u0350,P11-Q13,327.598491,38745079228.013626
Be9_g0u0350,4,9,g0u0350,Q12-R14,212.624729,19268153562.490517
Be9_g0u0350,4,9,g0u0350,Q13-R14,212.622101,214084320.583863
Be9_g0u0350,4,9,g0u0350,Q13-R15,212.623422,19482064718.302944
Be9_g0u0400,4,9,g0u0400,K1-L2,33390.929828,32862698061581.832031
Be9_g0u0400,4,9,g0u0400,K1-L3,33393.306483,32857849890519.714844
Be9_g0u0400,4,9,g0u0400,L2-M4,6182.087139,2821944698650.663574
Be9_g0u0400,4,9,g0u0400,L3-M4,6179.710483,564140799186.338379
Be9_g0u0400,4,9,g0u0400,L3-M5,6179.944522,3385060183353.584473
Be9_g0u0400,4,9,g0u0400,M4-N6,2161.491309,673276476702.939209
Be9_g0u0400,4,9,g0u0400,M5-N6,2161.257270,48083267657.719589
Be9_g0u0400,4,9,g0u0400,M5-N7,2161.306594,721290209716.539185
Be9_g0u0400,4,9,g0u0400,N6-O8,1000.253192,214575708792.401917
Be9_g0u0400,4,9,g0u0400,N7-O8,1000.203868,7946539903.853639
Be9_g0u0400,4,9,g0u0400,N7-O9,1000.219017,222512653629.722534
Be9_g0u0400,4,9,g0u0400,O8-P10,543.322429,84120447949.571640
Be9_g0u0400,4,9,g0u0400,O9-P10,543.307280,1911719821.856386
Be9_g0u0400,4,9,g0u0400,O9-P11,543.313124,86030188128.860229
Be9_g0u0400,4,9,g0u0400,P10-Q12,327.601706,38158581037.331993
Be9_g0u0400,4,9,g0u0400,P11-Q12,327.595862,587031877.649100
Be9_g0u0400,4,9,g0u0400,P11-Q13,327.598491,38745079228.455818
Be9_g0u0400,4,9,g0u0400,Q12-R14,212.624729,19268153562.523884
Be9_g0u0400,4,9,g0u0400,Q13-R14,212.622101,214084320.584501
Be9_g0u0400,4,9,g0u0400,Q13-R15,212.623422,19482064718.332996
Be9_g0u0450,4,9,g0u0450,K1-L2,33390.931125,32862698488592.710938
Be9_g0u0450,4,9,g0u0450,K1-L3,33393.307781,32857853814482.535156
Be9_g0u0450,4,9,g0u0450,L2-M4,6182.087224,2821944920099.839844
Be9_g0u0450,4,9,g0u0450,L3-M4,6179.710569,564140802895.977295
Be9_g0u0450,4,9,g0u0450,L3-M5,6179.944608,3385060205603.296387
Be9_g0u0450,4,9,g0u0450,M4-N6,2161.491319,673276477796.948608
Be9_g0u0450,4,9,g0u0450,M5-N6,2161.257280,48083267735.860939
Be9_g0u0450,4,9,g0u0450,M5-N7,2161.306604,721290210866.163208
Be9_g0u0450,4,9,g0u0450,N6-O8,1000.253193,214575708860.117249
Be9_g0u0450,4,9,g0u0450,N7-O8,1000.203869,7946539906.351670
Be9_g0u0450,4,9,g0u0450,N7-O9,1000.219018,222512653686.538879
Be9_g0u0450,4,9,g0u0450,O8-P10,543.322429,84120447949.003906
Be9_g0u0450,4,9,g0u0450,O9-P10,543.307280,1911719821.837163
Be9_g0u0450,4,9,g0u0450,O9-P11,543.313124,86030188128.118988
Be9_g0u0450,4,9,g0u0450,P10-Q12,327.601706,38158581037.561745
Be9_g0u0450,4,9,g0u0450,P11-Q12,327.595862,587031877.649978
Be9_g0u0450,4,9,g0u0450,P11-Q13,327.598491,38745079228.720947
Be9_g0u0450,4,9,g0u0450,Q12-R14,212.624729,19268153562.548271
Be9_g0u0450,4,9,g0u0450,Q13-R14,212.622101,214084320.584968
Be9_g0u0450,4,9,g0u0450,Q13-R15,212.623422,19482064718.354874
Be9_g0u0500,4,9,g0u0500,K1-L2,33390.932086,32862698816756.414062
Be9_g0u0500,4,9,g0u0500,K1-L3,33393.308741,32857854142639.519531
Be9_g0u0500,4,9,g0u0500,L2-M4,6182.087289,2821944934125.927246
Be9_g0u0500,4,9,g0u0500,L3-M4,6179.710633,564140805700.701904
Be9_g0u0500,4,9,g0u0500,L3-M5,6179.944672,3385060465873.294434
Be9_g0u0500,4,9,g0u0500,M4-N6,2161.491327,673276478616.141479
Be9_g0u0500,4,9,g0u0500,M5-N6,2161.257288,48083267794.371216
Be9_g0u0500,4,9,g0u0500,M5-N7,2161.306613,721290211765.963623
Be9_g0u0500,4,9,g0u0500,N6-O8,1000.253194,214575708898.905487
Be9_g0u0500,4,9,g0u0500,N7-O8,1000.203870,7946539907.796462
Be9_g0u0500,4,9,g0u0500,N7-O9,1000.219019,222512653726.582031
Be9_g0u0500,4,9,g0u0500,O8-P10,543.322429,84120447955.179916
Be9_g0u0500,4,9,g0u0500,O9-P10,543.307280,1911719821.974267
Be9_g0u0500,4,9,g0u0500,O9-P11,543.313124,86030188134.466782
Be9_g0u0500,4,9,g0u0500,P10-Q12,327.601706,38158581037.959686
Be9_g0u0500,4,9,g0u0500,P11-Q12,327.595862,587031877.659628
Be9_g0u0500,4,9,g0u0500,P11-Q13,327.598491,38745079229.082443
Be9_g0u0500,4,9,g0u0500,Q12-R14,212.624729,19268153562.566692
Be9_g0u0500,4,9,g0u0500,Q13-R14,212.622101,214084320.585323
Be9_g0u0500,4,9,g0u0500,Q13-R15,212.623422,19482064718.371460
Be9_g0u0550,4,9,g0u0550,K1-L2,33390.932819,32862702575031.218750
Be9_g0u0550,4,9,g0u0550,K1-L3,33393.309475,32857854401352.992188
Be9_g0u0550,4,9,g0u0550,L2-M4,6182.087339,2821944945005.933105
Be9_g0u0550,4,9,g0u0550,L3-M4,6179.710683,564140807876.037231
Be9_g0u0550,4,9,g0u0550,L3-M5,6179.944722,3385060478963.741211
Be9_g0u0550,4,9,g0u0550,M4-N6,2161.491334,673276479256.058960
Be9_g0u0550,4,9,g0u0550,M5-N6,2161.257295,48083267840.039017
Be9_g0u0550,4,9,g0u0550,M5-N7,2161.306619,721290212450.781860
Be9_g0u0550,4,9,g0u0550,N6-O8,1000.253195,214575708934.890869
Be9_g0u0550,4,9,g0u0550,N7-O8,1000.203871,7946539909.127650
Be9_g0u0550,4,9,g0u0550,N7-O9,1000.219020,222512653763.902161
Be9_g0u0550,4,9,g0u0550,O8-P10,543.322429,84120447951.105133
Be9_g0u0550,4,9,g0u0550,O9-P10,543.307280,1911719821.883166
Be9_g0u0550,4,9,g0u0550,O9-P11,543.313124,86030188130.283585
Be9_g0u0550,4,9,g0u0550,P10-Q12,327.601706,38158581037.972847
Be9_g0u0550,4,9,g0u0550,P11-Q12,327.595862,587031877.655225
Be9_g0u0550,4,9,g0u0550,P11-Q13,327.598491,38745079229.151024
Be9_g0u0550,4,9,g0u0550,Q12-R14,212.624729,19268153562.581051
Be9_g0u0550,4,9,g0u0550,Q13-R14,212.622101,214084320.585603
Be9_g0u0550,4,9,g0u0550,Q13-R15,212.623422,19482064718.384277
Be9_g0u0600,4,9,g0u0600,K1-L2,33390.933394,32862702783239.628906
Be9_g0u0600,4,9,g0u0600,K1-L3,33393.310049,32857854609665.039062
Be9_g0u0600,4,9,g0u0600,L2-M4,6182.087379,2821944953704.452148
Be9_g0u0600,4,9,g0u0600,L3-M4,6179.710723,564140809615.195190
Be9_g0u0600,4,9,g0u0600,L3-M5,6179.944762,3385060489394.855957
Be9_g0u0600,4,9,g0u0600,M4-N6,2161.491339,673276479763.824829
Be9_g0u0600,4,9,g0u0600,M5-N6,2161.257300,48083267876.317879
Be9_g0u0600,4,9,g0u0600,M5-N7,2161.306624,721290212994.632446
Be9_g0u0600,4,9,g0u0600,N6-O8,1000.253195,214575708963.269379
Be9_g0u0600,4,9,g0u0600,N7-O8,1000.203871,7946539910.176842
Be9_g0u0600,4,9,g0u0600,N7-O9,1000.219020,222512653793.339539
Be9_g0u0600,4,9,g0u0600,O8-P10,543.322429,84120447954.988525
Be9_g0u0600,4,9,g0u0600,O9-P10,543.307280,1911719821.972905
Be9_g0u0600,4,9,g0u0600,O9-P11,543.313124,86030188134.239532
Be9_g0u0600,4,9,g0u0600,P10-Q12,327.601706,38158581038.219269
Be9_g0u0600,4,9,g0u0600,P11-Q12,327.595862,587031877.661208
Be9_g0u0600,4,9,g0u0600,P11-Q13,327.598491,38745079229.375084
Be9_g0u0600,4,9,g0u0600,Q12-R14,212.624729,19268153562.592545
Be9_g0u0600,4,9,g0u0600,Q13-R14,212.622101,214084320.585819
Be9_g0u0600,4,9,g0u0600,Q13-R15,212.623422,19482064718.394547
Be9_g0u0700,4,9,g0u0700,K1-L2,33390.934227,32862703095628.578125
Be9_g0u0700,4,9,g0u0700,K1-L3,33393.310883,32857858418901.023438
Be9_g0u0700,4,9,g0u0700,L2-M4,6182.087438,2821944966536.195801
Be9_g0u0700,4,9,g0u0700,L3-M4,6179.710782,564140812180.708008
Be9_g0u0700,4,9,g0u0700,L3-M5,6179.944822,3385060504782.332520
Be9_g0u0700,4,9,g0u0700,M4-N6,2161.491346,673276480527.995361
Be9_g0u0700,4,9,g0u0700,M5-N6,2161.257307,48083267930.886833
Be9_g0u0700,4,9,g0u0700,M5-N7,2161.306631,721290213813.292847
Be9_g0u0700,4,9,g0u0700,N6-O8,1000.253196,214575709004.200531
Be9_g0u0700,4,9,g0u0700,N7-O8,1000.203872,7946539911.698873
Be9_g0u0700,4,9,g0u0700,N7-O9,1000.219021,222512653835.725220
Be9_g0u0700,4,9,g0u0700,O8-P10,543.322429,84120447960.723083
Be9_g0u0700,4,9,g0u0700,O9-P10,543.307280,1911719822.104595
Be9_g0u0700,4,9,g0u0700,O9-P11,543.313124,86030188130.934494
Be9_g0u0700,4,9,g0u0700,P10-Q12,327.601706,38158581038.584106
Be9_g0u0700,4,9,g0u0700,P11-Q12,327.595862,587031877.658141
Be9_g0u0700,4,9,g0u0700,P11-Q13,327.598491,38745079229.493660
Be9_g0u0700,4,9,g0u0700,Q12-R14,212.624729,19268153562.609406
Be9_g0u0700,4,9,g0u0700,Q13-R14,212.622101,214084320.586142
Be9_g0u0700,4,9,g0u0700,Q13-R15,212.623422,19482064718.409767
Be9_g0u0800,4,9,g0u0800,K1-L2,33390.934795,32862703316957.035156
Be9_g0u0800,4,9,g0u0800,K1-L3,33393.311451,32857858640323.429688
Be9_g0u0800,4,9,g0u0800,L2-M4,6182.087479,2821944975486.095215
Be9_g0u0800,4,9,g0u0800,L3-M4,6179.710824,564140813970.138062
Be9_g0u0800,4,9,g0u0800,L3-M5,6179.944863,3385060515558.201172
Be9_g0u0800,4,9,g0u0800,M4-N6,2161.491351,673276481063.562500
Be9_g0u0800,4,9,g0u0800,M5-N6,2161.257312,48083267969.113396
Be9_g0u0800,4,9,g0u0800,M5-N7,2161.306636,721290214363.979736
Be9_g0u0800,4,9,g0u0800,N6-O8,1000.253197,214575709022.068756
Be9_g0u0800,4,9,g0u0800,N7-O8,1000.203873,7946539912.353102
Be9_g0u0800,4,9,g0u0800,N7-O9,1000.219022,222512653867.982758
Be9_g0u0800,4,9,g0u0800,O8-P10,543.322429,84120447955.619583
Be9_g0u0800,4,9,g0u0800,O9-P10,543.307280,1911719821.995017
Be9_g0u0800,4,9,g0u0800,O9-P11,543.313124,86030188135.030121
Be9_g0u0800,4,9,g0u0800,P10-Q12,327.601706,38158581032.088287
Be9_g0u0800,4,9,g0u0800,P11-Q12,327.595862,587031877.564662
Be9_g0u0800,4,9,g0u0800,P11-Q13,327.598491,38745079229.724663
Be9_g0u0800,4,9,g0u0800,Q12-R14,212.624729,19268153562.290806
Be9_g0u0800,4,9,g0u0800,Q13-R14,212.622101,214084320.586370
Be9_g0u0800,4,9,g0u0800,Q13-R15,212.623422,19482064718.420357
Be9_g0u0900,4,9,g0u0900,K1-L2,33390.935202,32862703480656.921875
Be9_g0u0900,4,9,g0u0900,K1-L3,33393.311858,32857858804101.871094
Be9_g0u0900,4,9,g0u0900,L2-M4,6182.087510,2821944982034.142578
Be9_g0u0900,4,9,g0u0900,L3-M4,6179.710854,564140815279.343018
Be9_g0u0900,4,9,g0u0900,L3-M5,6179.944893,3385060523410.290527
Be9_g0u0900,4,9,g0u0900,M4-N6,2161.491355,673276550663.130127
Be9_g0u0900,4,9,g0u0900,M5-N6,2161.257316,48083267995.602478
Be9_g0u0900,4,9,g0u0900,M5-N7,2161.306640,721290214783.444214
Be9_g0u0900,4,9,g0u0900,N6-O8,1000.253197,214575709043.707245
Be9_g0u0900,4,9,g0u0900,N7-O8,1000.203873,7946539913.156883
Be9_g0u0900,4,9,g0u0900,N7-O9,1000.219022,222512653876.721313
Be9_g0u0900,4,9,g0u0900,O8-P10,543.322429,84120447958.550674
Be9_g0u0900,4,9,g0u0900,O9-P10,543.307280,1911719822.048293
Be9_g0u0900,4,9,g0u0900,O9-P11,543.313124,86030188137.936310
Be9_g0u0900,4,9,g0u0900,P10-Q12,327.601706,38158581032.274208
Be9_g0u0900,4,9,g0u0900,P11-Q12,327.595862,587031877.569151
Be9_g0u0900,4,9,g0u0900,P11-Q13,327.598491,38745079229.893539
Be9_g0u0900,4,9,g0u0900,Q12-R14,212.624729,19268153562.299400
Be9_g0u0900,4,9,g0u0900,Q13-R14,212.622101,214084320.586532
Be9_g0u0900,4,9,g0u0900,Q13-R15,212.623422,19482064718.428108
Be9_g0u1000,4,9,g0u1000,K1-L2,33390.935504,32862707105285.789062
Be9_g0u1000,4,9,g0u1000,K1-L3,33393.312160,32857858929071.308594
Be9_g0u1000,4,9,g0u1000,L2-M4,6182.087532,2821944986999.934082
Be9_g0u1000,4,9,g0u1000,L3-M4,6179.710877,564140816272.212036
Be9_g0u1000,4,9,g0u1000,L3-M5,6179.944916,3385060529322.527344
Be9_g0u1000,4,9,g0u1000,M4-N6,2161.491358,673276550948.101807
Be9_g0u1000,4,9,g0u1000,M5-N6,2161.257319,48083268015.985695
Be9_g0u1000,4,9,g0u1000,M5-N7,2161.306643,721290215089.428589
Be9_g0u1000,4,9,g0u1000,N6-O8,1000.253198,214575709063.576721
Be9_g0u1000,4,9,g0u1000,N7-O8,1000.203873,7946539913.888733
Be9_g0u1000,4,9,g0u1000,N7-O9,1000.219022,222512653897.354919
Be9_g0u1000,4,9,g0u1000,O8-P10,543.322429,84120447960.815018
Be9_g0u1000,4,9,g0u1000,O9-P10,543.307280,1911719822.103619
Be9_g0u1000,4,9,g0u1000,O9-P11,543.313124,86030188140.214340
Be9_g0u1000,4,9,g0u1000,P10-Q12,327.601706,38158581032.414604
Be9_g0u1000,4,9,g0u1000,P11-Q12,327.595862,587031877.572560
Be9_g0u1000,4,9,g0u1000,P11-Q13,327.598491,38745079230.021172
Be9_g0u1000,4,9,g0u1000,Q12-R14,212.624729,19268153562.305977
Be9_g0u1000,4,9,g0u1000,Q13-R14,212.622101,214084320.586659
Be9_g0u1000,4,9,g0u1000,Q13-R15,212.623422,19482064718.433998
Be9_g0u1100,4,9,g0u1100,K1-L2,33390.935736,32862707203409.195312
Be9_g0u1100,4,9,g0u1100,K1-L3,33393.312392,32857859027269.156250
Be9_g0u1100,4,9,g0u1100,L2-M4,6182.087550,2821944990843.057129
Be9_g0u1100,4,9,g0u1100,L3-M4,6179.710894,564140857622.061523
Be9_g0u1100,4,9,g0u1100,L3-M5,6179.944933,3385060533930.603027
Be9_g0u1100,4,9,g0u1100,M4-N6,2161.491360,673276551190.984131
Be9_g0u1100,4,9,g0u1100,M5-N6,2161.257321,48083268033.330856
Be9_g0u1100,4,9,g0u1100,M5-N7,2161.306645,721290215327.350708
Be9_g0u1100,4,9,g0u1100,N6-O8,1000.253198,214575709073.140808
Be9_g0u1100,4,9,g0u1100,N7-O8,1000.203874,7946539914.242132
Be9_g0u1100,4,9,g0u1100,N7-O9,1000.219023,222512653907.378418
Be9_g0u1100,4,9,g0u1100,O8-P10,543.322429,84120447962.497070
Be9_g0u1100,4,9,g0u1100,O9-P10,543.307280,1911719822.140122
Be9_g0u1100,4,9,g0u1100,O9-P11,543.313124,86030188141.951981
Be9_g0u1100,4,9,g0u1100,P10-Q12,327.601706,38158581032.524071
Be9_g0u1100,4,9,g0u1100,P11-Q12,327.595862,587031877.575213
Be9_g0u1100,4,9,g0u1100,P11-Q13,327.598491,38745079230.120743
Be9_g0u1100,4,9,g0u1100,Q12-R14,212.624729,19268153562.310974
Be9_g0u1100,4,9,g0u1100,Q13-R14,212.622101,214084320.586754
Be9_g0u1100,4,9,g0u1100,Q13-R15,212.623422,19482064718.438519
Be9_g0u1200,4,9,g0u1200,K1-L2,33390.935919,32862707282196.136719
Be9_g0u1200,4,9,g0u1200,K1-L3,33393.312574,32857859106045.933594
Be9_g0u1200,4,9,g0u1200,L2-M4,6182.087564,2821944993909.035156
Be9_g0u1200,4,9,g0u1200,L3-M4,6179.710908,564140858235.175537
Be9_g0u1200,4,9,g0u1200,L3-M5,6179.944947,3385060537607.726074
Be9_g0u1200,4,9,g0u1200,M4-N6,2161.491362,673276551361.730225
Be9_g0u1200,4,9,g0u1200,M5-N6,2161.257323,48083268045.527679
Be9_g0u1200,4,9,g0u1200,M5-N7,2161.306647,721290215532.518555
Be9_g0u1200,4,9,g0u1200,N6-O8,1000.253198,214575709088.591370
Be9_g0u1200,4,9,g0u1200,N7-O8,1000.203874,7946539914.820712
Be9_g0u1200,4,9,g0u1200,N7-O9,1000.219023,222512653923.244873
Be9_g0u1200,4,9,g0u1200,O8-P10,543.322429,84120447963.942413
Be9_g0u1200,4,9,g0u1200,O9-P10,543.307280,1911719822.177855
Be9_g0u1200,4,9,g0u1200,O9-P11,543.313124,86030188143.380768
Be9_g0u1200,4,9,g0u1200,P10-Q12,327.601706,38158581032.611084
Be9_g0u1200,4,9,g0u1200,P11-Q12,327.595862,587031877.577327
Be9_g0u1200,4,9,g0u1200,P11-Q13,327.598491,38745079230.199768
Be9_g0u1200,4,9,g0u1200,Q12-R14,212.624729,19268153562.315056
Be9_g0u1200,4,9,g0u1200,Q13-R14,212.622101,214084320.586841
Be9_g0u1200,4,9,g0u1200,Q13-R15,212.623422,19482064718.442104
Be9_g0u1300,4,9,g0u1300,K1-L2,33390.936065,32862707346402.011719
Be9_g0u1300,4,9,g0u1300,K1-L3,33393.312721,32857859170265.859375
Be9_g0u1300,4,9,g0u1300,L2-M4,6182.087576,2821945199284.624023
Be9_g0u1300,4,9,g0u1300,L3-M4,6179.710920,564140858731.166992
Be9_g0u1300,4,9,g0u1300,L3-M5,6179.944959,3385060540582.869141
Be9_g0u1300,4,9,g0u1300,M4-N6,2161.491363,673276551516.927490
Be9_g0u1300,4,9,g0u1300,M5-N6,2161.257324,48083268056.609779
Be9_g0u1300,4,9,g0u1300,M5-N7,2161.306648,721290215676.507202
Be9_g0u1300,4,9,g0u1300,N6-O8,1000.253198,214575709085.501221
Be9_g0u1300,4,9,g0u1300,N7-O8,1000.203874,7946539914.699166
Be9_g0u1300,4,9,g0u1300,N7-O9,1000.219023,222512653933.770569
Be9_g0u1300,4,9,g0u1300,O8-P10,543.322429,84120447964.902603
Be9_g0u1300,4,9,g0u1300,O9-P10,543.307280,1911719822.205648
Be9_g0u1300,4,9,g0u1300,O9-P11,543.313124,86030188135.371063
Be9_g0u1300,4,9,g0u1300,P10-Q12,327.601706,38158581032.681755
Be9_g0u1300,4,9,g0u1300,P11-Q12,327.595862,587031877.567119
Be9_g0u1300,4,9,g0u1300,P11-Q13,327.598491,38745079230.050980
Be9_g0u1300,4,9,g0u1300,Q12-R14,212.624729,19268153562.318283
Be9_g0u1300,4,9,g0u1300,Q13-R14,212.622101,214084320.586901
Be9_g0u1300,4,9,g0u1300,Q13-R15,212.623422,19482064718.445068
Be9_g0u1400,4,9,g0u1400,K1-L2,33390.936184,32862707399687.246094
Be9_g0u1400,4,9,g0u1400,K1-L3,33393.312840,32857859223583.433594
Be9_g0u1400,4,9,g0u1400,L2-M4,6182.087585,2821945201326.131836
Be9_g0u1400,4,9,g0u1400,L3-M4,6179.710929,564140859139.310059
Be9_g0u1400,4,9,g0u1400,L3-M5,6179.944968,3385060543073.974609
Be9_g0u1400,4,9,g0u1400,M4-N6,2161.491364,673276551639.133301
Be9_g0u1400,4,9,g0u1400,M5-N6,2161.257325,48083268065.313614
Be9_g0u1400,4,9,g0u1400,M5-N7,2161.306649,721290215806.658081
Be9_g0u1400,4,9,g0u1400,N6-O8,1000.253198,214575709091.475555
Be9_g0u1400,4,9,g0u1400,N7-O8,1000.203874,7946539914.921457
Be9_g0u1400,4,9,g0u1400,N7-O9,1000.219023,222512653939.956360
Be9_g0u1400,4,9,g0u1400,O8-P10,543.322429,84120447965.810440
Be9_g0u1400,4,9,g0u1400,O9-P10,543.307280,1911719822.225974
Be9_g0u1400,4,9,g0u1400,O9-P11,543.313124,86030188136.301727
Be9_g0u1400,4,9,g0u1400,P10-Q12,327.601706,38158581032.739899
Be9_g0u1400,4,9,g0u1400,P11-Q12,327.595862,587031877.568556
Be9_g0u1400,4,9,g0u1400,P11-Q13,327.598491,38745079230.104164
Be9_g0u1400,4,9,g0u1400,Q12-R14,212.624729,19268153562.320911
Be9_g0u1400,4,9,g0u1400,Q13-R14,212.622101,214084320.586950
Be9_g0u1400,4,9,g0u1400,Q13-R15,212.623422,19482064718.447361
Be9_g0u1500,4,9,g0u1500,K1-L2,33390.936283,32862707444566.238281
Be9_g0u1500,4,9,g0u1500,K1-L3,33393.312939,32857859268391.214844
Be9_g0u1500,4,9,g0u1500,L2-M4,6182.087593,2821945203030.233887
Be9_g0u1500,4,9,g0u1500,L3-M4,6179.710937,564140859480.221436
Be9_g0u1500,4,9,g0u1500,L3-M5,6179.944976,3385060545118.728516
Be9_g0u1500,4,9,g0u1500,M4-N6,2161.491365,673276551724.631958
Be9_g0u1500,4,9,g0u1500,M5-N6,2161.257326,48083268071.413452
Be9_g0u1500,4,9,g0u1500,M5-N7,2161.306650,721290215920.568604
Be9_g0u1500,4,9,g0u1500,N6-O8,1000.253198,214575709107.484192
Be9_g0u1500,4,9,g0u1500,N7-O8,1000.203874,7946539915.516260
Be9_g0u1500,4,9,g0u1500,N7-O9,1000.219023,222512653942.864288
Be9_g0u1500,4,9,g0u1500,O8-P10,543.322429,84120447957.761047
Be9_g0u1500,4,9,g0u1500,O9-P10,543.307280,1911719822.036536
Be9_g0u1500,4,9,g0u1500,O9-P11,543.313124,86030188137.067627
Be9_g0u1500,4,9,g0u1500,P10-Q12,327.601706,38158581032.492264
Be9_g0u1500,4,9,g0u1500,P11-Q12,327.595862,587031877.569714
Be9_g0u1500,4,9,g0u1500,P11-Q13,327.598491,38745079230.148354
Be9_g0u1500,4,9,g0u1500,Q12-R14,212.624729,19268153562.323269
Be9_g0u1500,4,9,g0u1500,Q13-R14,212.622101,214084320.586994
Be9_g0u1500,4,9,g0u1500,Q13-R15,212.623422,19482064718.449493
Be9_g0u1600,4,9,g0u1600,K1-L2,33390.936366,32862707482586.878906
Be9_g0u1600,4,9,g0u1600,K1-L3,33393.313022,32857859306469.128906
Be9_g0u1600,4,9,g0u1600,L2-M4,6182.087600,2821945204495.786621
Be9_g0u1600,4,9,g0u1600,L3-M4,6179.710944,564140859773.140625
Be9_g0u1600,4,9,g0u1600,L3-M5,6179.944983,3385060546832.448242
Be9_g0u1600,4,9,g0u1600,M4-N6,2161.491366,673276551827.021118
Be9_g0u1600,4,9,g0u1600,M5-N6,2161.257327,48083268078.756332
Be9_g0u1600,4,9,g0u1600,M5-N7,2161.306651,721290216008.692383
Be9_g0u1600,4,9,g0u1600,N6-O8,1000.253198,214575709107.820099
Be9_g0u1600,4,9,g0u1600,N7-O8,1000.203874,7946539915.528787
Be9_g0u1600,4,9,g0u1600,N7-O9,1000.219023,222512653943.317383
Be9_g0u1600,4,9,g0u1600,O8-P10,543.322429,84120447958.351151
Be9_g0u1600,4,9,g0u1600,O9-P10,543.307280,1911719822.046676
Be9_g0u1600,4,9,g0u1600,O9-P11,543.313124,86030188137.703262
Be9_g0u1600,4,9,g0u1600,P10-Q12,327.601706,38158581032.533485
Be9_g0u1600,4,9,g0u1600,P11-Q12,327.595862,587031877.570735
Be9_g0u1600,4,9,g0u1600,P11-Q13,327.598491,38745079230.185616
Be9_g0u1600,4,9,g0u1600,Q12-R14,212.624729,19268153562.325142
Be9_g0u1600,4,9,g0u1600,Q13-R14,212.622101,214084320.587029
Be9_g0u1600,4,9,g0u1600,Q13-R15,212.623422,19482064718.451138
Be9_g0u1700,4,9,g0u1700,K1-L2,33390.936437,32862707515340.242188
Be9_g0u1700,4,9,g0u1700,K1-L3,33393.313093,32857859339171.210938
Be9_g0u1700,4,9,g0u1700,L2-M4,6182.087605,2821945205726.900879
Be9_g0u1700,4,9,g0u1700,L3-M4,6179.710950,564140860019.429199
Be9_g0u1700,4,9,g0u1700,L3-M5,6179.944989,3385060548352.849121
Be9_g0u1700,4,9,g0u1700,M4-N6,2161.491367,673276551893.816284
Be9_g0u1700,4,9,g0u1700,M5-N6,2161.257328,48083268083.503120
Be9_g0u1700,4,9,g0u1700,M5-N7,2161.306652,721290216101.770874
Be9_g0u1700,4,9,g0u1700,N6-O8,1000.253199,214575709106.290131
Be9_g0u1700,4,9,g0u1700,N7-O8,1000.203874,7946539915.479749
Be9_g0u1700,4,9,g0u1700,N7-O9,1000.219023,222512653955.133026
Be9_g0u1700,4,9,g0u1700,O8-P10,543.322429,84120447958.829910
Be9_g0u1700,4,9,g0u1700,O9-P10,543.307280,1911719822.067891
Be9_g0u1700,4,9,g0u1700,O9-P11,543.313124,86030188138.312576
Be9_g0u1700,4,9,g0u1700,P10-Q12,327.601706,38158581032.568718
Be9_g0u1700,4,9,g0u1700,P11-Q12,327.595862,587031877.571588
Be9_g0u1700,4,9,g0u1700,P11-Q13,327.598491,38745079230.217880
Be9_g0u1700,4,9,g0u1700,Q12-R14,212.624729,19268153562.326767
Be9_g0u1700,4,9,g0u1700,Q13-R14,212.622101,214084320.587057
Be9_g0u1700,4,9,g0u1700,Q13-R15,212.623422,19482064718.452576
Be9_g0u1800,4,9,g0u1800,K1-L2,33390.936497,32862707543561.781250
Be9_g0u1800,4,9,g0u1800,K1-L3,33393.313153,32857859367583.484375
Be9_g0u1800,4,9,g0u1800,L2-M4,6182.087610,2821945206804.441406
Be9_g0u1800,4,9,g0u1800,L3-M4,6179.710954,564140860234.476685
Be9_g0u1800,4,9,g0u1800,L3-M5,6179.944994,3385060549642.404785
Be9_g0u1800,4,9,g0u1800,M4-N6,2161.491368,673276551952.094604
Be9_g0u1800,4,9,g0u1800,M5-N6,2161.257328,48083268087.670197
Be9_g0u1800,4,9,g0u1800,M5-N7,2161.306653,721290216164.174683
Be9_g0u1800,4,9,g0u1800,N6-O8,1000.253199,214575709116.266876
Be9_g0u1800,4,9,g0u1800,N7-O8,1000.203874,7946539915.846358
Be9_g0u1800,4,9,g0u1800,N7-O9,1000.219023,222512653951.932434
Be9_g0u1800,4,9,g0u1800,O8-P10,543.322429,84120447959.397278
Be9_g0u1800,4,9,g0u1800,O9-P10,543.307280,1911719822.071520
Be9_g0u1800,4,9,g0u1800,O9-P11,543.313124,86030188138.761948
Be9_g0u1800,4,9,g0u1800,P10-Q12,327.601706,38158581032.598938
Be9_g0u1800,4,9,g0u1800,P11-Q12,327.595862,587031877.572323
Be9_g0u1800,4,9,g0u1800,P11-Q13,327.598491,38745079230.245438
Be9_g0u1800,4,9,g0u1800,Q12-R14,212.624729,19268153562.328175
Be9_g0u1800,4,9,g0u1800,Q13-R14,212.622101,214084320.587084
Be9_g0u1800,4,9,g0u1800,Q13-R15,212.623422,19482064718.453991
Be9_g0u1900,4,9,g0u1900,K1-L2,33390.936550,32862707568361.152344
Be9_g0u1900,4,9,g0u1900,K1-L3,33393.313206,32857859392226.750000
Be9_g0u1900,4,9,g0u1900,L2-M4,6182.087615,2821945207739.786133
Be9_g0u1900,4,9,g0u1900,L3-M4,6179.710959,564140860421.826782
Be9_g0u1900,4,9,g0u1900,L3-M5,6179.944998,3385060550723.253418
Be9_g0u1900,4,9,g0u1900,M4-N6,2161.491368,673276552007.410156
Be9_g0u1900,4,9,g0u1900,M5-N6,2161.257329,48083268091.641769
Be9_g0u1900,4,9,g0u1900,M5-N7,2161.306653,721290216224.193481
Be9_g0u1900,4,9,g0u1900,N6-O8,1000.253199,214575709111.837524
Be9_g0u1900,4,9,g0u1900,N7-O8,1000.203875,7946539915.682231
Be9_g0u1900,4,9,g0u1900,N7-O9,1000.219024,222512653960.908966
Be9_g0u1900,4,9,g0u1900,O8-P10,543.322429,84120447959.712112
Be9_g0u1900,4,9,g0u1900,O9-P10,543.307280,1911719822.087443
Be9_g0u1900,4,9,g0u1900,O9-P11,543.313124,86030188139.219284
Be9_g0u1900,4,9,g0u1900,P10-Q12,327.601706,38158581032.625587
Be9_g0u1900,4,9,g0u1900,P11-Q12,327.595862,587031877.572960
Be9_g0u1900,4,9,g0u1900,P11-Q13,327.598491,38745079230.269402
Be9_g0u1900,4,9,g0u1900,Q12-R14,212.624729,19268153562.329475
Be9_g0u1900,4,9,g0u1900,Q13-R14,212.622101,214084320.587113
Be9_g0u1900,4,9,g0u1900,Q13-R15,212.623422,19482064718.454971
Be9_g0u2000,4,9,g0u2000,K1-L2,33390.936595,32862707590089.890625
Be9_g0u2000,4,9,g0u2000,K1-L3,33393.313251,32857859414039.355469
Be9_g0u2000,4,9,g0u2000,L2-M4,6182.087618,2821945208531.432617
Be9_g0u2000,4,9,g0u2000,L3-M4,6179.710962,564140860579.959717
Be9_g0u2000,4,9,g0u2000,L3-M5,6179.945002,3385060551714.621582
Be9_g0u2000,4,9,g0u2000,M4-N6,2161.491369,673276552064.336548
Be9_g0u2000,4,9,g0u2000,M5-N6,2161.257329,48083268095.673386
Be9_g0u2000,4,9,g0u2000,M5-N7,2161.306654,721290216262.206787
Be9_g0u2000,4,9,g0u2000,N6-O8,1000.253199,214575709119.401794
Be9_g0u2000,4,9,g0u2000,N7-O8,1000.203875,7946539915.956223
Be9_g0u2000,4,9,g0u2000,N7-O9,1000.219024,222512653955.335175
Be9_g0u2000,4,9,g0u2000,O8-P10,543.322429,84120447960.144913
Be9_g0u2000,4,9,g0u2000,O9-P10,543.307280,1911719822.086786
Be9_g0u2000,4,9,g0u2000,O9-P11,543.313124,86030188139.543213
Be9_g0u2000,4,9,g0u2000,P10-Q12,327.601706,38158581032.648911
Be9_g0u2000,4,9,g0u2000,P11-Q12,327.595862,587031877.573529
Be9_g0u2000,4,9,g0u2000,P11-Q13,327.598491,38745079230.290733
Be9_g0u2000,4,9,g0u2000,Q12-R14,212.624729,19268153562.330505
Be9_g0u2000,4,9,g0u2000,Q13-R14,212.622101,214084320.587135
Be9_g0u2000,4,9,g0u2000,Q13-R15,212.623422,19482064718.455959
Be9_g0u2100,4,9,g0u2100,K1-L2,33390.936635,32862707609328.117188
Be9_g0u2100,4,9,g0u2100,K1-L3,33393.313291,32857859433247.808594
Be9_g0u2100,4,9,g0u2100,L2-M4,6182.087622,2821945209267.730469
Be9_g0u2100,4,9,g0u2100,L3-M4,6179.710966,564140860727.251465
Be9_g0u2100,4,9,g0u2100,L3-M5,6179.945005,3385060552598.087402
Be9_g0u2100,4,9,g0u2100,M4-N6,2161.491369,673276552104.143677
Be9_g0u2100,4,9,g0u2100,M5-N6,2161.257330,48083268098.528168
Be9_g0u2100,4,9,g0u2100,M5-N7,2161.306654,721290216304.778931
Be9_g0u2100,4,9,g0u2100,N6-O8,1000.253199,214575709126.113068
Be9_g0u2100,4,9,g0u2100,N7-O8,1000.203875,7946539916.203418
Be9_g0u2100,4,9,g0u2100,N7-O9,1000.219024,222512653962.305481
Be9_g0u2100,4,9,g0u2100,O8-P10,543.322429,84120447960.526154
Be9_g0u2100,4,9,g0u2100,O9-P10,543.307280,1911719822.099075
Be9_g0u2100,4,9,g0u2100,O9-P11,543.313124,86030188139.897461
Be9_g0u2100,4,9,g0u2100,P10-Q12,327.601706,38158581032.669090
Be9_g0u2100,4,9,g0u2100,P11-Q12,327.595862,587031877.574014
Be9_g0u2100,4,9,g0u2100,P11-Q13,327.598491,38745079230.309128
Be9_g0u2100,4,9,g0u2100,Q12-R14,212.624729,19268153562.331440
Be9_g0u2100,4,9,g0u2100,Q13-R14,212.622101,214084320.587149
Be9_g0u2100,4,9,g0u2100,Q13-R15,212.623422,19482064718.456924
Be9_g0u2200,4,9,g0u2200,K1-L2,33390.936671,32862707626233.371094
Be9_g0u2200,4,9,g0u2200,K1-L3,33393.313327,32857859450126.574219
Be9_g0u2200,4,9,g0u2200,L2-M4,6182.087625,2821945209884.308594
Be9_g0u2200,4,9,g0u2200,L3-M4,6179.710969,564140860850.587769
Be9_g0u2200,4,9,g0u2200,L3-M5,6179.945008,3385060553338.050293
Be9_g0u2200,4,9,g0u2200,M4-N6,2161.491369,673276552130.750732
Be9_g0u2200,4,9,g0u2200,M5-N6,2161.257330,48083268100.411079
Be9_g0u2200,4,9,g0u2200,M5-N7,2161.306654,721290216355.656616
Be9_g0u2200,4,9,g0u2200,N6-O8,1000.253199,214575709119.010925
Be9_g0u2200,4,9,g0u2200,N7-O8,1000.203875,7946539915.943822
Be9_g0u2200,4,9,g0u2200,N7-O9,1000.219024,222512653968.378174
Be9_g0u2200,4,9,g0u2200,O8-P10,543.322430,84120447960.686859
Be9_g0u2200,4,9,g0u2200,O9-P10,543.307280,1911719822.109994
Be9_g0u2200,4,9,g0u2200,O9-P11,543.313124,86030188140.212051
Be9_g0u2200,4,9,g0u2200,P10-Q12,327.601706,38158581032.687363
Be9_g0u2200,4,9,g0u2200,P11-Q12,327.595862,587031877.574452
Be9_g0u2200,4,9,g0u2200,P11-Q13,327.598491,38745079230.325569
Be9_g0u2200,4,9,g0u2200,Q12-R14,212.624729,19268153562.332264
Be9_g0u2200,4,9,g0u2200,Q13-R14,212.622101,214084320.587164
Be9_g0u2200,4,9,g0u2200,Q13-R15,212.623422,19482064718.457645
Be9_g0u2300,4,9,g0u2300,K1-L2,33390.936699,32862707642586.183594
Be9_g0u2300,4,9,g0u2300,K1-L3,33393.313355,32857859466455.957031
Be9_g0u2300,4,9,g0u2300,L2-M4,6182.087627,2821945210450.227539
Be9_g0u2300,4,9,g0u2300,L3-M4,6179.710971,564140860963.787231
Be9_g0u2300,4,9,g0u2300,L3-M5,6179.945010,3385060554017.044922
Be9_g0u2300,4,9,g0u2300,M4-N6,2161.491370,673276552166.080688
Be9_g0u2300,4,9,g0u2300,M5-N6,2161.257331,48083268102.932564
Be9_g0u2300,4,9,g0u2300,M5-N7,2161.306655,721290216393.526367
Be9_g0u2300,4,9,g0u2300,N6-O8,1000.253199,214575709124.315094
Be9_g0u2300,4,9,g0u2300,N7-O8,1000.203875,7946539916.141884
Be9_g0u2300,4,9,g0u2300,N7-O9,1000.219024,222512653960.294769
Be9_g0u2300,4,9,g0u2300,O8-P10,543.322430,84120447960.989304
Be9_g0u2300,4,9,g0u2300,O9-P10,543.307280,1911719822.105155
Be9_g0u2300,4,9,g0u2300,O9-P11,543.313124,86030188140.415054
Be9_g0u2300,4,9,g0u2300,P10-Q12,327.601706,38158581032.703484
Be9_g0u2300,4,9,g0u2300,P11-Q12,327.595862,587031877.574844
Be9_g0u2300,4,9,g0u2300,P11-Q13,327.598491,38745079230.340416
Be9_g0u2300,4,9,g0u2300,Q12-R14,212.624729,19268153562.332954
Be9_g0u2300,4,9,g0u2300,Q13-R14,212.622101,214084320.587179
Be9_g0u2300,4,9,g0u2300,Q13-R15,212.623422,19482064718.458317
Be9_g0u2400,4,9,g0u2400,K1-L2,33390.936728,32862707656125.988281
Be9_g0u2400,4,9,g0u2400,K1-L3,33393.313384,32857859480092.078125
Be9_g0u2400,4,9,g0u2400,L2-M4,6182.087630,2821945210994.579102
Be9_g0u2400,4,9,g0u2400,L3-M4,6179.710974,564140861072.442383
Be9_g0u2400,4,9,g0u2400,L3-M5,6179.945013,3385060554668.397461
Be9_g0u2400,4,9,g0u2400,M4-N6,2161.491370,673276552190.732788
Be9_g0u2400,4,9,g0u2400,M5-N6,2161.257331,48083268104.715065
Be9_g0u2400,4,9,g0u2400,M5-N7,2161.306655,721290216419.801880
Be9_g0u2400,4,9,g0u2400,N6-O8,1000.253199,214575709129.096130
Be9_g0u2400,4,9,g0u2400,N7-O8,1000.203875,7946539916.315481
Be9_g0u2400,4,9,g0u2400,N7-O9,1000.219024,222512653965.280396
Be9_g0u2400,4,9,g0u2400,O8-P10,543.322430,84120447961.260727
Be9_g0u2400,4,9,g0u2400,O9-P10,543.307280,1911719822.113929
Be9_g0u2400,4,9,g0u2400,O9-P11,543.313124,86030188140.667297
Be9_g0u2400,4,9,g0u2400,P10-Q12,327.601706,38158581032.718185
Be9_g0u2400,4,9,g0u2400,P11-Q12,327.595862,587031877.575219
Be9_g0u2400,4,9,g0u2400,P11-Q13,327.598491,38745079230.353294
Be9_g0u2400,4,9,g0u2400,Q12-R14,212.624729,19268153562.333786
Be9_g0u2400,4,9,g0u2400,Q13-R14,212.622101,214084320.587192
Be9_g0u2400,4,9,g0u2400,Q13-R15,212.623422,19482064718.458893
Be9_g2u1000,4,9,g2u1000,K1-L2,33390.936235,32862709857514.800781
Be9_g2u1000,4,9,g2u1000,K1-L3,33393.312891,32857854973058.859375
Be9_g2u1000,4,9,g2u1000,L2-M4,6182.087501,2821944978286.592773
Be9_g2u1000,4,9,g2u1000,L3-M4,6179.710846,564140813923.762695
Be9_g2u1000,4,9,g2u1000,L3-M5,6179.944885,3385060517335.656250
Be9_g2u1000,4,9,g2u1000,M4-N6,2161.491351,673276494533.695190
Be9_g2u1000,4,9,g2u1000,M5-N6,2161.257311,48083274441.150505
Be9_g2u1000,4,9,g2u1000,M5-N7,2161.306636,721290188174.768799
Be9_g2u1000,4,9,g2u1000,N6-O8,1000.253196,214575711953.596893
Be9_g2u1000,4,9,g2u1000,N7-O8,1000.203872,7946540770.300688
Be9_g2u1000,4,9,g2u1000,N7-O9,1000.219021,222512649149.867126
Be9_g2u1000,4,9,g2u1000,O8-P10,543.322429,84120448342.601822
Be9_g2u1000,4,9,g2u1000,O9-P10,543.307280,1911719901.315792
Be9_g2u1000,4,9,g2u1000,O9-P11,543.313124,86030187565.294525
Be9_g2u1000,4,9,g2u1000,P10-Q12,327.601706,38158581165.236061
Be9_g2u1000,4,9,g2u1000,P11-Q12,327.595862,587031880.095129
Be9_g2u1000,4,9,g2u1000,P11-Q13,327.598491,38745079231.373154
Be9_g2u1000,4,9,g2u1000,Q12-R14,212.624729,19268153747.020618
Be9_g2u1000,4,9,g2u1000,Q13-R14,212.622101,214084334.166413
Be9_g2u1000,4,9,g2u1000,Q13-R15,212.623422,19482064591.005901
C12_g0u0050,6,12,g0u0050,K1-L2,75252.218931,166845301814750.031250
C12_g0u0050,6,12,g0u0050,K1-L3,75264.308257,166792408637138.875000
C12_g0u0050,6,12,g0u0050,L2-M4,13969.500699,14350875544104.851562
C12_g0u0050,6,12,g0u0050,L3-M4,13957.411373,2867326072362.935547
C12_g0u0050,6,12,g0u0050,L3-M5,13958.601211,17206521625339.693359
C12_g0u0050,6,12,g0u0050,M4-N6,4880.431426,3420655105361.137207
C12_g0u0050,6,12,g0u0050,M5-N6,4879.241589,244241428925.529663
C12_g0u0050,6,12,g0u0050,M5-N7,4879.492173,3664105084182.052734
C12_g0u0050,6,12,g0u0050,N6-O8,2257.871325,1089820436430.289062
C12_g0u0050,6,12,g0u0050,N7-O8,2257.620740,40355541049.107285
C12_g0u0050,6,12,g0u0050,N7-O9,2257.697685,1130066994665.470703
C12_g0u0050,6,12,g0u0050,O8-P10,1226.337093,427202303393.251465
C12_g0u0050,6,12,g0u0050,O9-P10,1226.260148,9707892136.746876
C12_g0u0050,6,12,g0u0050,O9-P11,1226.289829,436887716232.106934
C12_g0u0050,6,12,g0u0050,P10-Q12,739.412474,193781580318.477173
C12_g0u0050,6,12,g0u0050,P11-Q12,739.382793,2980987635.978659
C12_g0u0050,6,12,g0u0050,P11-Q13,739.396144,196756523847.665802
C12_g0u0050,6,12,g0u0050,Q12-R14,479.899263,97849064869.959778
C12_g0u0050,6,12,g0u0050,Q13-R14,479.885913,1087139627.499843
C12_g0u0050,6,12,g0u0050,Q13-R15,479.892620,98934243379.612762
C12_g0u0100,6,12,g0u0100,K1-L2,75252.987721,166846977325915.343750
C12_g0u0100,6,12,g0u0100,K1-L3,75265.077128,166794097102029.093750
C12_g0u0100,6,12,g0u0100,L2-M4,13969.524760,14350916871212.753906
C12_g0u0100,6,12,g0u0100,L3-M4,13957.435353,2867334336240.306152
C12_g0u0100,6,12,g0u0100,L3-M5,13958.625193,17206569018073.244141
C12_g0u0100,6,12,g0u0100,M4-N6,4880.435689,3420659705089.882324
C12_g0u0100,6,12,g0u0100,M5-N6,4879.245848,244241779672.159271
C12_g0u0100,6,12,g0u0100,M5-N7,4879.496433,3664110011790.914062
C12_g0u0100,6,12,g0u0100,N6-O8,2257.872048,1089820894259.102783
C12_g0u0100,6,12,g0u0100,N7-O8,2257.621463,40355561976.929626
C12_g0u0100,6,12,g0u0100,N7-O9,2257.698407,1130067358166.430908
C12_g0u0100,6,12,g0u0100,O8-P10,1226.337200,427202353636.676758
C12_g0u0100,6,12,g0u0100,O9-P10,1226.260256,9707893278.578484
C12_g0u0100,6,12,g0u0100,O9-P11,1226.289937,436887767631.021790
C12_g0u0100,6,12,g0u0100,P10-Q12,739.412488,193781581217.491394
C12_g0u0100,6,12,g0u0100,P11-Q12,739.382807,2980987649.840828
C12_g0u0100,6,12,g0u0100,P11-Q13,739.396157,196756524760.380524
C12_g0u0100,6,12,g0u0100,Q12-R14,479.899264,97849064936.339661
C12_g0u0100,6,12,g0u0100,Q13-R14,479.885914,1087139628.258582
C12_g0u0100,6,12,g0u0100,Q13-R15,479.892622,98934243457.569611
C12_g0u0150,6,12,g0u0150,K1-L2,75253.136405,166847344672488.031250
C12_g0u0150,6,12,g0u0150,K1-L3,75265.225831,166794448138579.781250
C12_g0u0150,6,12,g0u0150,L2-M4,13969.530661,14350925301153.345703
C12_g0u0150,6,12,g0u0150,L3-M4,13957.441236,2867336021721.698730
C12_g0u0150,6,12,g0u0150,L3-M5,13958.631077,17206582418471.902344
C12_g0u0150,6,12,g0u0150,M4-N6,4880.436735,3420660692787.000000
C12_g0u0150,6,12,g0u0150,M5-N6,4879.246893,244241827954.317780
C12_g0u0150,6,12,g0u0150,M5-N7,4879.497478,3664111403654.390137
C12_g0u0150,6,12,g0u0150,N6-O8,2257.872226,1089821034996.541382
C12_g0u0150,6,12,g0u0150,N7-O8,2257.621641,40355567188.980797
C12_g0u0150,6,12,g0u0150,N7-O9,2257.698585,1130067504088.795166
C12_g0u0150,6,12,g0u0150,O8-P10,1226.337226,427202356494.128418
C12_g0u0150,6,12,g0u0150,O9-P10,1226.260282,9707893343.486090
C12_g0u0150,6,12,g0u0150,O9-P11,1226.289963,436887770531.322876
C12_g0u0150,6,12,g0u0150,P10-Q12,739.412491,193781581427.658264
C12_g0u0150,6,12,g0u0150,P11-Q12,739.382810,2980987653.059191
C12_g0u0150,6,12,g0u0150,P11-Q13,739.396161,196756539788.156769
C12_g0u0150,6,12,g0u0150,Q12-R14,479.899265,97849064960.162506
C12_g0u0150,6,12,g0u0150,Q13-R14,479.885914,1087139628.558922
C12_g0u0150,6,12,g0u0150,Q13-R15,479.892622,98934243471.709000
C12_g0u0200,6,12,g0u0200,K1-L2,75253.190732,166847467924409.218750
C12_g0u0200,6,12,g0u0200,K1-L3,75265.280164,166794586949906.156250
C12_g0u0200,6,12,g0u0200,L2-M4,13969.533117,14350930562193.082031
C12_g0u0200,6,12,g0u0200,L3-M4,13957.443684,2867337073751.970703
C12_g0u0200,6,12,g0u0200,L3-M5,13958.633526,17206586539231.060547
C12_g0u0200,6,12,g0u0200,M4-N6,4880.437170,3420661156128.147461
C12_g0u0200,6,12,g0u0200,M5-N6,4879.247328,244241861044.101074
C12_g0u0200,6,12,g0u0200,M5-N7,4879.497913,3664111900055.745605
C12_g0u0200,6,12,g0u0200,N6-O8,2257.872300,1089821048947.510376
C12_g0u0200,6,12,g0u0200,N7-O8,2257.621715,40355567705.461502
C12_g0u0200,6,12,g0u0200,N7-O9,2257.698659,1130067629788.809570
C12_g0u0200,6,12,g0u0200,O8-P10,1226.337237,427202396406.615479
C12_g0u0200,6,12,g0u0200,O9-P10,1226.260293,9707893370.768179
C12_g0u0200,6,12,g0u0200,O9-P11,1226.289974,436887771738.155212
C12_g0u0200,6,12,g0u0200,P10-Q12,739.412493,193781581535.365692
C12_g0u0200,6,12,g0u0200,P11-Q12,739.382812,2980987654.703025
C12_g0u0200,6,12,g0u0200,P11-Q13,739.396162,196756539867.355103
C12_g0u0200,6,12,g0u0200,Q12-R14,479.899265,97849064969.301468
C12_g0u0200,6,12,g0u0200,Q13-R14,479.885915,1087139628.634397
C12_g0u0200,6,12,g0u0200,Q13-R15,479.892622,98934243479.575729
C12_g0u0250,6,12,g0u0250,K1-L2,75253.216886,166847539140102.906250
C12_g0u0250,6,12,g0u0250,K1-L3,75265.306322,166794658061850.718750
C12_g0u0250,6,12,g0u0250,L2-M4,13969.534407,14350933233836.876953
C12_g0u0250,6,12,g0u0250,L3-M4,13957.444971,2867337242671.412598
C12_g0u0250,6,12,g0u0250,L3-M5,13958.634812,17206589744455.605469
C12_g0u0250,6,12,g0u0250,M4-N6,4880.437399,3420661235948.009277
C12_g0u0250,6,12,g0u0250,M5-N6,4879.247557,244241888995.007324
C12_g0u0250,6,12,g0u0250,M5-N7,4879.498142,3664111985548.074219
C12_g0u0250,6,12,g0u0250,N6-O8,2257.872338,1089821056290.223267
C12_g0u0250,6,12,g0u0250,N7-O8,2257.621754,40355567977.293594
C12_g0u0250,6,12,g0u0250,N7-O9,2257.698698,1130067637398.980957
C12_g0u0250,6,12,g0u0250,O8-P10,1226.337243,427202397012.375183
C12_g0u0250,6,12,g0u0250,O9-P10,1226.260299,9707893384.534307
C12_g0u0250,6,12,g0u0250,O9-P11,1226.289980,436887772377.896423
C12_g0u0250,6,12,g0u0250,P10-Q12,739.412494,193781581581.249329
C12_g0u0250,6,12,g0u0250,P11-Q12,739.382813,2980987655.420931
C12_g0u0250,6,12,g0u0250,P11-Q13,739.396163,196756539914.568787
C12_g0u0250,6,12,g0u0250,Q12-R14,479.899265,97849064979.427170
C12_g0u0250,6,12,g0u0250,Q13-R14,479.885915,1087139628.746516
C12_g0u0250,6,12,g0u0250,Q13-R15,479.892622,98934243489.817230
C12_g0u0300,6,12,g0u0300,K1-L2,75253.231605,166847576138180.687500
C12_g0u0300,6,12,g0u0300,K1-L3,75265.321044,166794695009197.531250
C12_g0u0300,6,12,g0u0300,L2-M4,13969.535182,14350933741708.583984
C12_g0u0300,6,12,g0u0300,L3-M4,13957.445743,2867337709460.386719
C12_g0u0300,6,12,g0u0300,L3-M5,13958.635585,17206590353621.871094
C12_g0u0300,6,12,g0u0300,M4-N6,4880.437536,3420661595453.366211
C12_g0u0300,6,12,g0u0300,M5-N6,4879.247694,244241892419.583557
C12_g0u0300,6,12,g0u0300,M5-N7,4879.498279,3664112036951.865723
C12_g0u0300,6,12,g0u0300,N6-O8,2257.872362,1089821060694.341553
C12_g0u0300,6,12,g0u0300,N7-O8,2257.621777,40355568140.358719
C12_g0u0300,6,12,g0u0300,N7-O9,2257.698721,1130067641963.232666
C12_g0u0300,6,12,g0u0300,O8-P10,1226.337247,427202397389.959412
C12_g0u0300,6,12,g0u0300,O9-P10,1226.260302,9707893393.108927
C12_g0u0300,6,12,g0u0300,O9-P11,1226.289983,436887772763.883667
C12_g0u0300,6,12,g0u0300,P10-Q12,739.412494,193781581612.317749
C12_g0u0300,6,12,g0u0300,P11-Q12,739.382813,2980987655.901338
C12_g0u0300,6,12,g0u0300,P11-Q13,739.396163,196756539946.067230
C12_g0u0300,6,12,g0u0300,Q12-R14,479.899265,97849064974.612030
C12_g0u0300,6,12,g0u0300,Q13-R14,479.885915,1087139628.694670
C12_g0u0300,6,12,g0u0300,Q13-R15,479.892622,98934243496.099091
C12_g0u0350,6,12,g0u0350,K1-L2,75253.240769,166847595764607.468750
C12_g0u0350,6,12,g0u0350,K1-L3,75265.330209,166794714611494.656250
C12_g0u0350,6,12,g0u0350,L2-M4,13969.535689,14350934074598.410156
C12_g0u0350,6,12,g0u0350,L3-M4,13957.446250,2867337775976.237793
C12_g0u0350,6,12,g0u0350,L3-M5,13958.636092,17206591848544.990234
C12_g0u0350,6,12,g0u0350,M4-N6,4880.437626,3420661626889.534180
C12_g0u0350,6,12,g0u0350,M5-N6,4879.247784,244241894663.637634
C12_g0u0350,6,12,g0u0350,M5-N7,4879.498369,3664112070601.434082
C12_g0u0350,6,12,g0u0350,N6-O8,2257.872377,1089821063578.350708
C12_g0u0350,6,12,g0u0350,N7-O8,2257.621792,40355568247.112877
C12_g0u0350,6,12,g0u0350,N7-O9,2257.698737,1130067644952.492188
C12_g0u0350,6,12,g0u0350,O8-P10,1226.337249,427202397649.089050
C12_g0u0350,6,12,g0u0350,O9-P10,1226.260305,9707893398.991737
C12_g0u0350,6,12,g0u0350,O9-P11,1226.289986,436887773008.212280
C12_g0u0350,6,12,g0u0350,P10-Q12,739.412494,193781581627.608124
C12_g0u0350,6,12,g0u0350,P11-Q12,739.382813,2980987656.120595
C12_g0u0350,6,12,g0u0350,P11-Q13,739.396164,196756539960.975708
C12_g0u0350,6,12,g0u0350,Q12-R14,479.899265,97849064978.429092
C12_g0u0350,6,12,g0u0350,Q13-R14,479.885915,1087139628.734083
C12_g0u0350,6,12,g0u0350,Q13-R15,479.892622,98934243488.824203
C12_g0u0400,6,12,g0u0400,K1-L2,75253.246892,166847614373471.375000
C12_g0u0400,6,12,g0u0400,K1-L3,75265.336333,166794733194211.875000
C12_g0u0400,6,12,g0u0400,L2-M4,13969.536043,14350936132912.902344
C12_g0u0400,6,12,g0u0400,L3-M4,13957.446603,2867337822338.338867
C12_g0u0400,6,12,g0u0400,L3-M5,13958.636445,17206592126924.259766
C12_g0u0400,6,12,g0u0400,M4-N6,4880.437689,3420661648827.005371
C12_g0u0400,6,12,g0u0400,M5-N6,4879.247847,244241918482.588287
C12_g0u0400,6,12,g0u0400,M5-N7,4879.498432,3664112094083.894531
C12_g0u0400,6,12,g0u0400,N6-O8,2257.872388,1089821065578.006714
C12_g0u0400,6,12,g0u0400,N7-O8,2257.621803,40355568321.147011
C12_g0u0400,6,12,g0u0400,N7-O9,2257.698747,1130067647055.539551
C12_g0u0400,6,12,g0u0400,O8-P10,1226.337251,427202397818.190247
C12_g0u0400,6,12,g0u0400,O9-P10,1226.260306,9707893402.853748
C12_g0u0400,6,12,g0u0400,O9-P11,1226.289987,436887773201.957275
C12_g0u0400,6,12,g0u0400,P10-Q12,739.412495,193781581639.232880
C12_g0u0400,6,12,g0u0400,P11-Q12,739.382814,2980987656.324374
C12_g0u0400,6,12,g0u0400,P11-Q13,739.396164,196756539988.004150
C12_g0u0400,6,12,g0u0400,Q12-R14,479.899265,97849064981.159790
C12_g0u0400,6,12,g0u0400,Q13-R14,479.885915,1087139628.783502
C12_g0u0400,6,12,g0u0400,Q13-R15,479.892622,98934243492.185272
C12_g0u0450,6,12,g0u0450,K1-L2,75253.251204,166847632303897.406250
C12_g0u0450,6,12,g0u0450,K1-L3,75265.340645,166794751097756.812500
C12_g0u0450,6,12,g0u0450,L2-M4,13969.536302,14350936302228.677734
C12_g0u0450,6,12,g0u0450,L3-M4,13957.446860,2867338221476.355957
C12_g0u0450,6,12,g0u0450,L3-M5,13958.636702,17206592330061.767578
C12_g0u0450,6,12,g0u0450,M4-N6,4880.437735,3420661664816.876953
C12_g0u0450,6,12,g0u0450,M5-N6,4879.247893,244241919624.002838
C12_g0u0450,6,12,g0u0450,M5-N7,4879.498478,3664112111249.958008
C12_g0u0450,6,12,g0u0450,N6-O8,2257.872396,1089821067069.879639
C12_g0u0450,6,12,g0u0450,N7-O8,2257.621811,40355568376.398811
C12_g0u0450,6,12,g0u0450,N7-O9,2257.698755,1130067648570.857422
C12_g0u0450,6,12,g0u0450,O8-P10,1226.337252,427202397944.844238
C12_g0u0450,6,12,g0u0450,O9-P10,1226.260308,9707893405.715416
C12_g0u0450,6,12,g0u0450,O9-P11,1226.289989,436887773310.475952
C12_g0u0450,6,12,g0u0450,P10-Q12,739.412495,193781581654.489197
C12_g0u0450,6,12,g0u0450,P11-Q12,739.382814,2980987656.533700
C12_g0u0450,6,12,g0u0450,P11-Q13,739.396164,196756539988.259094
C12_g0u0450,6,12,g0u0450,Q12-R14,479.899265,97849064983.495056
C12_g0u0450,6,12,g0u0450,Q13-R14,479.885915,1087139628.794149
C12_g0u0450,6,12,g0u0450,Q13-R15,479.892622,98934243493.893890
C12_g0u0500,6,12,g0u0500,K1-L2,75253.254365,166847633996531.875000
C12_g0u0500,6,12,g0u0500,K1-L3,75265.343807,166794752792279.656250
C12_g0u0500,6,12,g0u0500,L2-M4,13969.536497,14350936430245.500000
C12_g0u0500,6,12,g0u0500,L3-M4,13957.447055,2867338247055.637207
C12_g0u0500,6,12,g0u0500,L3-M5,13958.636897,17206592483631.896484
C12_g0u0500,6,12,g0u0500,M4-N6,4880.437769,3420661676878.317871
C12_g0u0500,6,12,g0u0500,M5-N6,4879.247927,244241920485.006165
C12_g0u0500,6,12,g0u0500,M5-N7,4879.498512,3664112124211.399902
C12_g0u0500,6,12,g0u0500,N6-O8,2257.872402,1089821068157.946411
C12_g0u0500,6,12,g0u0500,N7-O8,2257.621817,40355568416.677994
C12_g0u0500,6,12,g0u0500,N7-O9,2257.698761,1130067649728.896973
C12_g0u0500,6,12,g0u0500,O8-P10,1226.337253,427202398036.656799
C12_g0u0500,6,12,g0u0500,O9-P10,1226.260308,9707893407.814377
C12_g0u0500,6,12,g0u0500,O9-P11,1226.289989,436887773425.295532
C12_g0u0500,6,12,g0u0500,P10-Q12,739.412495,193781581662.373047
C12_g0u0500,6,12,g0u0500,P11-Q12,739.382814,2980987656.679849
C12_g0u0500,6,12,g0u0500,P11-Q13,739.396164,196756539996.762970
C12_g0u0500,6,12,g0u0500,Q12-R14,479.899265,97849064985.080307
C12_g0u0500,6,12,g0u0500,Q13-R14,479.885915,1087139628.812413
C12_g0u0500,6,12,g0u0500,Q13-R15,479.892622,98934243495.486862
C12_g0u0550,6,12,g0u0550,K1-L2,75253.256758,166847651117039.093750
C12_g0u0550,6,12,g0u0550,K1-L3,75265.346200,166794769884274.562500
C12_g0u0550,6,12,g0u0550,L2-M4,13969.536649,14350936529815.054688
C12_g0u0550,6,12,g0u0550,L3-M4,13957.447207,2867338266950.178223
C12_g0u0550,6,12,g0u0550,L3-M5,13958.637049,17206592603114.910156
C12_g0u0550,6,12,g0u0550,M4-N6,4880.437796,3420661686299.474609
C12_g0u0550,6,12,g0u0550,M5-N6,4879.247954,244241921157.521423
C12_g0u0550,6,12,g0u0550,M5-N7,4879.498539,3664112134245.386719
C12_g0u0550,6,12,g0u0550,N6-O8,2257.872406,1089821069040.087402
C12_g0u0550,6,12,g0u0550,N7-O8,2257.621821,40355568449.316277
C12_g0u0550,6,12,g0u0550,N7-O9,2257.698765,1130067650643.593262
C12_g0u0550,6,12,g0u0550,O8-P10,1226.337253,427202398104.089539
C12_g0u0550,6,12,g0u0550,O9-P10,1226.260309,9707893409.359755
C12_g0u0550,6,12,g0u0550,O9-P11,1226.289990,436887773494.083984
C12_g0u0550,6,12,g0u0550,P10-Q12,739.412495,193781581665.133881
C12_g0u0550,6,12,g0u0550,P11-Q12,739.382814,2980987656.716891
C12_g0u0550,6,12,g0u0550,P11-Q13,739.396164,196756539999.626892
C12_g0u0550,6,12,g0u0550,Q12-R14,479.899265,97849064986.147873
C12_g0u0550,6,12,g0u0550,Q13-R14,479.885915,1087139628.822182
C12_g0u0550,6,12,g0u0550,Q13-R15,479.892622,98934243496.594940
C12_g0u0600,6,12,g0u0600,K1-L2,75253.258618,166847652220047.343750
C12_g0u0600,6,12,g0u0600,K1-L3,75265.348060,166794770988739.437500
C12_g0u0600,6,12,g0u0600,L2-M4,13969.536770,14350936609092.429688
C12_g0u0600,6,12,g0u0600,L3-M4,13957.447327,2867338282789.818359
C12_g0u0600,6,12,g0u0600,L3-M5,13958.637169,17206592698090.281250
C12_g0u0600,6,12,g0u0600,M4-N6,4880.437818,3420661693780.742676
C12_g0u0600,6,12,g0u0600,M5-N6,4879.247976,244241921691.650085
C12_g0u0600,6,12,g0u0600,M5-N7,4879.498561,3664112142305.984863
C12_g0u0600,6,12,g0u0600,N6-O8,2257.872410,1089821069728.983398
C12_g0u0600,6,12,g0u0600,N7-O8,2257.621825,40355568474.841812
C12_g0u0600,6,12,g0u0600,N7-O9,2257.698769,1130067651326.647949
C12_g0u0600,6,12,g0u0600,O8-P10,1226.337254,427202398164.990723
C12_g0u0600,6,12,g0u0600,O9-P10,1226.260310,9707893410.711147
C12_g0u0600,6,12,g0u0600,O9-P11,1226.289991,436887773556.158081
C12_g0u0600,6,12,g0u0600,P10-Q12,739.412495,193781581664.612732
C12_g0u0600,6,12,g0u0600,P11-Q12,739.382814,2980987656.710453
C12_g0u0600,6,12,g0u0600,P11-Q13,739.396164,196756540013.808899
C12_g0u0600,6,12,g0u0600,Q12-R14,479.899265,97849064986.845993
C12_g0u0600,6,12,g0u0600,Q13-R14,479.885915,1087139628.845935
C12_g0u0600,6,12,g0u0600,Q13-R15,479.892622,98934243497.944473
C12_g0u0700,6,12,g0u0700,K1-L2,75253.261289,166847653899497.187500
C12_g0u0700,6,12,g0u0700,K1-L3,75265.350732,166794772670131.343750
C12_g0u0700,6,12,g0u0700,L2-M4,13969.536948,14350936726356.830078
C12_g0u0700,6,12,g0u0700,L3-M4,13957.447505,2867338306219.545898
C12_g0u0700,6,12,g0u0700,L3-M5,13958.637348,17206592838770.384766
C12_g0u0700,6,12,g0u0700,M4-N6,4880.437850,3420662016426.511230
C12_g0u0700,6,12,g0u0700,M5-N6,4879.248007,244241922484.904968
C12_g0u0700,6,12,g0u0700,M5-N7,4879.498592,3664112154151.107910
C12_g0u0700,6,12,g0u0700,N6-O8,2257.872415,1089821178008.995728
C12_g0u0700,6,12,g0u0700,N7-O8,2257.621830,40355568512.066765
C12_g0u0700,6,12,g0u0700,N7-O9,2257.698774,1130067652399.891357
C12_g0u0700,6,12,g0u0700,O8-P10,1226.337255,427202398252.570374
C12_g0u0700,6,12,g0u0700,O9-P10,1226.260310,9707893412.723005
C12_g0u0700,6,12,g0u0700,O9-P11,1226.289991,436887773645.955322
C12_g0u0700,6,12,g0u0700,P10-Q12,739.412495,193781581670.738312
C12_g0u0700,6,12,g0u0700,P11-Q12,739.382814,2980987656.805584
C12_g0u0700,6,12,g0u0700,P11-Q13,739.396164,196756540020.014984
C12_g0u0700,6,12,g0u0700,Q12-R14,479.899265,97849064977.177139
C12_g0u0700,6,12,g0u0700,Q13-R14,479.885915,1087139628.737528
C12_g0u0700,6,12,g0u0700,Q13-R15,479.892622,98934243499.356110
C12_g0u0800,6,12,g0u0800,K1-L2,75253.263086,166847655108011.718750
C12_g0u0800,6,12,g0u0800,K1-L3,75265.352529,166794773880013.062500
C12_g0u0800,6,12,g0u0800,L2-M4,13969.537073,14350936808142.339844
C12_g0u0800,6,12,g0u0800,L3-M4,13957.447630,2867338322560.229004
C12_g0u0800,6,12,g0u0800,L3-M5,13958.637472,17206592936944.462891
C12_g0u0800,6,12,g0u0800,M4-N6,4880.437872,3420662024145.215332
C12_g0u0800,6,12,g0u0800,M5-N6,4879.248030,244241923035.870117
C12_g0u0800,6,12,g0u0800,M5-N7,4879.498614,3664112162412.372070
C12_g0u0800,6,12,g0u0800,N6-O8,2257.872419,1089821178737.588135
C12_g0u0800,6,12,g0u0800,N7-O8,2257.621834,40355572512.188477
C12_g0u0800,6,12,g0u0800,N7-O9,2257.698778,1130067653124.571045
C12_g0u0800,6,12,g0u0800,O8-P10,1226.337255,427202398319.619080
C12_g0u0800,6,12,g0u0800,O9-P10,1226.260311,9707893414.228178
C12_g0u0800,6,12,g0u0800,O9-P11,1226.289992,436887773693.575623
C12_g0u0800,6,12,g0u0800,P10-Q12,739.412495,193781581685.326447
C12_g0u0800,6,12,g0u0800,P11-Q12,739.382814,2980987657.009022
C12_g0u0800,6,12,g0u0800,P11-Q13,739.396164,196756540019.542511
C12_g0u0800,6,12,g0u0800,Q12-R14,479.899265,97849064978.665512
C12_g0u0800,6,12,g0u0800,Q13-R14,479.885915,1087139628.742004
C12_g0u0800,6,12,g0u0800,Q13-R15,479.892622,98934243500.162888
C12_g0u0900,6,12,g0u0900,K1-L2,75253.264360,166847656012298.062500
C12_g0u0900,6,12,g0u0900,K1-L3,75265.353803,166794774785255.531250
C12_g0u0900,6,12,g0u0900,L2-M4,13969.537164,14350936867877.175781
C12_g0u0900,6,12,g0u0900,L3-M4,13957.447721,2867338334495.160645
C12_g0u0900,6,12,g0u0900,L3-M5,13958.637563,17206595199618.238281
C12_g0u0900,6,12,g0u0900,M4-N6,4880.437888,3420662029781.918945
C12_g0u0900,6,12,g0u0900,M5-N6,4879.248046,244241923438.261414
C12_g0u0900,6,12,g0u0900,M5-N7,4879.498631,3664112168496.170898
C12_g0u0900,6,12,g0u0900,N6-O8,2257.872422,1089821179254.820557
C12_g0u0900,6,12,g0u0900,N7-O8,2257.621837,40355572531.361465
C12_g0u0900,6,12,g0u0900,N7-O9,2257.698781,1130067653660.241211
C12_g0u0900,6,12,g0u0900,O8-P10,1226.337256,427202398355.885559
C12_g0u0900,6,12,g0u0900,O9-P10,1226.260311,9707893415.050222
C12_g0u0900,6,12,g0u0900,O9-P11,1226.289992,436887773751.260376
C12_g0u0900,6,12,g0u0900,P10-Q12,739.412495,193781581681.041992
C12_g0u0900,6,12,g0u0900,P11-Q12,739.382814,2980987656.962943
C12_g0u0900,6,12,g0u0900,P11-Q13,739.396164,196756540030.486115
C12_g0u0900,6,12,g0u0900,Q12-R14,479.899265,97849064979.009064
C12_g0u0900,6,12,g0u0900,Q13-R14,479.885915,1087139628.759866
C12_g0u0900,6,12,g0u0900,Q13-R15,479.892622,98934243501.180405
C12_g0u1000,6,12,g0u1000,K1-L2,75253.265298,166847656710416.375000
C12_g0u1000,6,12,g0u1000,K1-L3,75265.354742,166794775483951.062500
C12_g0u1000,6,12,g0u1000,L2-M4,13969.537233,14350936912997.271484
C12_g0u1000,6,12,g0u1000,L3-M4,13957.447789,2867338343510.357910
C12_g0u1000,6,12,g0u1000,L3-M5,13958.637632,17206595253771.027344
C12_g0u1000,6,12,g0u1000,M4-N6,4880.437900,3420662034050.390625
C12_g0u1000,6,12,g0u1000,M5-N6,4879.248058,244241923742.929962
C12_g0u1000,6,12,g0u1000,M5-N7,4879.498643,3664112506813.711914
C12_g0u1000,6,12,g0u1000,N6-O8,2257.872424,1089821179645.525513
C12_g0u1000,6,12,g0u1000,N7-O8,2257.621839,40355572545.824654
C12_g0u1000,6,12,g0u1000,N7-O9,2257.698783,1130067654065.190430
C12_g0u1000,6,12,g0u1000,O8-P10,1226.337256,427202398399.063293
C12_g0u1000,6,12,g0u1000,O9-P10,1226.260312,9707893416.030630
C12_g0u1000,6,12,g0u1000,O9-P11,1226.289993,436887773774.809692
C12_g0u1000,6,12,g0u1000,P10-Q12,739.412495,193781581689.306274
C12_g0u1000,6,12,g0u1000,P11-Q12,739.382814,2980987657.071645
C12_g0u1000,6,12,g0u1000,P11-Q13,739.396164,196756540023.562622
C12_g0u1000,6,12,g0u1000,Q12-R14,479.899265,97849064979.832077
C12_g0u1000,6,12,g0u1000,Q13-R14,479.885915,1087139628.753382
C12_g0u1000,6,12,g0u1000,Q13-R15,479.892622,98934243501.363678
C12_g0u1100,6,12,g0u1100,K1-L2,75253.266012,166847657262574.812500
C12_g0u1100,6,12,g0u1100,K1-L3,75265.355456,166794776036801.875000
C12_g0u1100,6,12,g0u1100,L2-M4,13969.537287,14350936948180.750000
C12_g0u1100,6,12,g0u1100,L3-M4,13957.447843,2867338350539.608398
C12_g0u1100,6,12,g0u1100,L3-M5,13958.637685,17206595295918.458984
C12_g0u1100,6,12,g0u1100,M4-N6,4880.437910,3420662037339.417969
C12_g0u1100,6,12,g0u1100,M5-N6,4879.248067,244241923977.774994
C12_g0u1100,6,12,g0u1100,M5-N7,4879.498652,3664112510335.182617
C12_g0u1100,6,12,g0u1100,N6-O8,2257.872425,1089821179943.146729
C12_g0u1100,6,12,g0u1100,N7-O8,2257.621841,40355572556.819511
C12_g0u1100,6,12,g0u1100,N7-O9,2257.698785,1130067654404.383301
C12_g0u1100,6,12,g0u1100,O8-P10,1226.337256,427202398419.140869
C12_g0u1100,6,12,g0u1100,O9-P10,1226.260312,9707893416.512796
C12_g0u1100,6,12,g0u1100,O9-P11,1226.289993,436887773816.165710
C12_g0u1100,6,12,g0u1100,P10-Q12,739.412495,193781581695.291626
C12_g0u1100,6,12,g0u1100,P11-Q12,739.382814,2980987657.186094
C12_g0u1100,6,12,g0u1100,P11-Q13,739.396164,196756540030.171021
C12_g0u1100,6,12,g0u1100,Q12-R14,479.899265,97849064980.471695
C12_g0u1100,6,12,g0u1100,Q13-R14,479.885915,1087139628.763910
C12_g0u1100,6,12,g0u1100,Q13-R15,479.892622,98934243501.961990
C12_g0u1200,6,12,g0u1200,K1-L2,75253.266570,166847657708509.875000
C12_g0u1200,6,12,g0u1200,K1-L3,75265.356013,166794776483095.781250
C12_g0u1200,6,12,g0u1200,L2-M4,13969.537329,14350936976153.533203
C12_g0u1200,6,12,g0u1200,L3-M4,13957.447885,2867338356128.582031
C12_g0u1200,6,12,g0u1200,L3-M5,13958.637728,17206595329430.697266
C12_g0u1200,6,12,g0u1200,M4-N6,4880.437917,3420662039976.777832
C12_g0u1200,6,12,g0u1200,M5-N6,4879.248075,244241924166.070221
C12_g0u1200,6,12,g0u1200,M5-N7,4879.498660,3664112513159.125000
C12_g0u1200,6,12,g0u1200,N6-O8,2257.872427,1089821180195.081787
C12_g0u1200,6,12,g0u1200,N7-O8,2257.621842,40355572566.142532
C12_g0u1200,6,12,g0u1200,N7-O9,2257.698786,1130067654635.001953
C12_g0u1200,6,12,g0u1200,O8-P10,1226.337256,427202398443.151611
C12_g0u1200,6,12,g0u1200,O9-P10,1226.260312,9707893417.032932
C12_g0u1200,6,12,g0u1200,O9-P11,1226.289993,436887773819.864014
C12_g0u1200,6,12,g0u1200,P10-Q12,739.412495,193781581685.793915
C12_g0u1200,6,12,g0u1200,P11-Q12,739.382814,2980987657.015092
C12_g0u1200,6,12,g0u1200,P11-Q13,739.396165,196756540034.759155
C12_g0u1200,6,12,g0u1200,Q12-R14,479.899265,97849064980.237045
C12_g0u1200,6,12,g0u1200,Q13-R14,479.885915,1087139628.772277
C12_g0u1200,6,12,g0u1200,Q13-R15,479.892622,98934243502.438950
C12_g0u1300,6,12,g0u1300,K1-L2,75253.267014,166847658074955.656250
C12_g0u1300,6,12,g0u1300,K1-L3,75265.356458,166794776849710.468750
C12_g0u1300,6,12,g0u1300,L2-M4,13969.537364,14350936998763.291016
C12_g0u1300,6,12,g0u1300,L3-M4,13957.447920,2867338360646.305176
C12_g0u1300,6,12,g0u1300,L3-M5,13958.637762,17206595356616.537109
C12_g0u1300,6,12,g0u1300,M4-N6,4880.437923,3420662042144.115723
C12_g0u1300,6,12,g0u1300,M5-N6,4879.248081,244241924320.707642
C12_g0u1300,6,12,g0u1300,M5-N7,4879.498666,3664112515478.339355
C12_g0u1300,6,12,g0u1300,N6-O8,2257.872428,1089821180393.334229
C12_g0u1300,6,12,g0u1300,N7-O8,2257.621843,40355572573.498146
C12_g0u1300,6,12,g0u1300,N7-O9,2257.698787,1130067654840.351074
C12_g0u1300,6,12,g0u1300,O8-P10,1226.337256,427202398454.946045
C12_g0u1300,6,12,g0u1300,O9-P10,1226.260312,9707893417.301348
C12_g0u1300,6,12,g0u1300,O9-P11,1226.289993,436887773852.512695
C12_g0u1300,6,12,g0u1300,P10-Q12,739.412495,193781581689.618439
C12_g0u1300,6,12,g0u1300,P11-Q12,739.382814,2980987657.096797
C12_g0u1300,6,12,g0u1300,P11-Q13,739.396165,196756540024.433472
C12_g0u1300,6,12,g0u1300,Q12-R14,479.899265,97849064980.650818
C12_g0u1300,6,12,g0u1300,Q13-R14,479.885915,1087139628.759078
C12_g0u1300,6,12,g0u1300,Q13-R15,479.892622,98934243502.239243
C12_g0u1400,6,12,g0u1400,K1-L2,75253.267374,166847658380248.656250
C12_g0u1400,6,12,g0u1400,K1-L3,75265.356818,166794777155421.906250
C12_g0u1400,6,12,g0u1400,L2-M4,13969.537392,14350937017482.427734
C12_g0u1400,6,12,g0u1400,L3-M4,13957.447948,2867338364385.965332
C12_g0u1400,6,12,g0u1400,L3-M5,13958.637791,17206595379137.050781
C12_g0u1400,6,12,g0u1400,M4-N6,4880.437928,3420662043890.724609
C12_g0u1400,6,12,g0u1400,M5-N6,4879.248086,244241924445.366547
C12_g0u1400,6,12,g0u1400,M5-N7,4879.498671,3664112517346.702148
C12_g0u1400,6,12,g0u1400,N6-O8,2257.872429,1089821180543.531128
C12_g0u1400,6,12,g0u1400,N7-O8,2257.621844,40355572579.040535
C12_g0u1400,6,12,g0u1400,N7-O9,2257.698788,1130067655026.689941
C12_g0u1400,6,12,g0u1400,O8-P10,1226.337257,427202398457.422485
C12_g0u1400,6,12,g0u1400,O9-P10,1226.260312,9707893417.379604
C12_g0u1400,6,12,g0u1400,O9-P11,1226.289993,436887773855.315613
C12_g0u1400,6,12,g0u1400,P10-Q12,739.412495,193781581692.538513
C12_g0u1400,6,12,g0u1400,P11-Q12,739.382814,2980987657.132636
C12_g0u1400,6,12,g0u1400,P11-Q13,739.396165,196756540027.506348
C12_g0u1400,6,12,g0u1400,Q12-R14,479.899265,97849064980.991241
C12_g0u1400,6,12,g0u1400,Q13-R14,479.885915,1087139628.764695
C12_g0u1400,6,12,g0u1400,Q13-R15,479.892622,98934243502.558029
C12_g0u1500,6,12,g0u1500,K1-L2,75253.267671,166847658638115.718750
C12_g0u1500,6,12,g0u1500,K1-L3,75265.357115,166794777413636.375000
C12_g0u1500,6,12,g0u1500,L2-M4,13969.537416,14350937033171.726562
C12_g0u1500,6,12,g0u1500,L3-M4,13957.447972,2867338367520.369629
C12_g0u1500,6,12,g0u1500,L3-M5,13958.637814,17206595397833.445312
C12_g0u1500,6,12,g0u1500,M4-N6,4880.437933,3420662045392.024414
C12_g0u1500,6,12,g0u1500,M5-N6,4879.248090,244241924552.620453
C12_g0u1500,6,12,g0u1500,M5-N7,4879.498675,3664112518955.795410
C12_g0u1500,6,12,g0u1500,N6-O8,2257.872429,1089821180669.933594
C12_g0u1500,6,12,g0u1500,N7-O8,2257.621844,40355572583.737488
C12_g0u1500,6,12,g0u1500,N7-O9,2257.698789,1130067655157.567139
C12_g0u1500,6,12,g0u1500,O8-P10,1226.337257,427202398473.051514
C12_g0u1500,6,12,g0u1500,O9-P10,1226.260313,9707893417.727442
C12_g0u1500,6,12,g0u1500,O9-P11,1226.289994,436887773871.371460
C12_g0u1500,6,12,g0u1500,P10-Q12,739.412495,193781581695.428314
C12_g0u1500,6,12,g0u1500,P11-Q12,739.382814,2980987657.180690
C12_g0u1500,6,12,g0u1500,P11-Q13,739.396165,196756540030.397034
C12_g0u1500,6,12,g0u1500,Q12-R14,479.899265,97849064981.276260
C12_g0u1500,6,12,g0u1500,Q13-R14,479.885915,1087139628.769357
C12_g0u1500,6,12,g0u1500,Q13-R15,479.892622,98934243502.824799
C12_g0u1600,6,12,g0u1600,K1-L2,75253.267919,166847674624882.750000
C12_g0u1600,6,12,g0u1600,K1-L3,75265.357363,166794777633919.656250
C12_g0u1600,6,12,g0u1600,L2-M4,13969.537436,14350937046403.689453
C12_g0u1600,6,12,g0u1600,L3-M4,13957.447992,2867338370163.930664
C12_g0u1600,6,12,g0u1600,L3-M5,13958.637834,17206595413684.339844
C12_g0u1600,6,12,g0u1600,M4-N6,4880.437936,3420662046655.889648
C12_g0u1600,6,12,g0u1600,M5-N6,4879.248094,244241924642.852966
C12_g0u1600,6,12,g0u1600,M5-N7,4879.498679,3664112520309.084961
C12_g0u1600,6,12,g0u1600,N6-O8,2257.872430,1089821180790.531982
C12_g0u1600,6,12,g0u1600,N7-O8,2257.621845,40355572588.212418
C12_g0u1600,6,12,g0u1600,N7-O9,2257.698789,1130067655282.479736
C12_g0u1600,6,12,g0u1600,O8-P10,1226.337257,427202398483.364258
C12_g0u1600,6,12,g0u1600,O9-P10,1226.260313,9707893417.966202
C12_g0u1600,6,12,g0u1600,O9-P11,1226.289994,436887773881.868652
C12_g0u1600,6,12,g0u1600,P10-Q12,739.412495,193781581697.771332
C12_g0u1600,6,12,g0u1600,P11-Q12,739.382814,2980987657.217202
C12_g0u1600,6,12,g0u1600,P11-Q13,739.396165,196756540032.769562
C12_g0u1600,6,12,g0u1600,Q12-R14,479.899265,97849064981.517334
C12_g0u1600,6,12,g0u1600,Q13-R14,479.885915,1087139628.773297
C12_g0u1600,6,12,g0u1600,Q13-R15,479.892622,98934243503.050018
C12_g0u1700,6,12,g0u1700,K1-L2,75253.268129,166847674814545.968750
C12_g0u1700,6,12,g0u1700,K1-L3,75265.357573,166794777823675.968750
C12_g0u1700,6,12,g0u1700,L2-M4,13969.537454,14350937057707.388672
C12_g0u1700,6,12,g0u1700,L3-M4,13957.448009,2867338372422.500488
C12_g0u1700,6,12,g0u1700,L3-M5,13958.637852,17206595427324.242188
C12_g0u1700,6,12,g0u1700,M4-N6,4880.437939,3420662047731.371094
C12_g0u1700,6,12,g0u1700,M5-N6,4879.248097,244241924719.583466
C12_g0u1700,6,12,g0u1700,M5-N7,4879.498682,3664112521458.931641
C12_g0u1700,6,12,g0u1700,N6-O8,2257.872430,1089821180888.973145
C12_g0u1700,6,12,g0u1700,N7-O8,2257.621846,40355572591.861633
C12_g0u1700,6,12,g0u1700,N7-O9,2257.698790,1130067655384.478760
C12_g0u1700,6,12,g0u1700,O8-P10,1226.337257,427202398489.199585
C12_g0u1700,6,12,g0u1700,O9-P10,1226.260313,9707893418.098789
C12_g0u1700,6,12,g0u1700,O9-P11,1226.289994,436887773887.829956
C12_g0u1700,6,12,g0u1700,P10-Q12,739.412495,193781581699.677826
C12_g0u1700,6,12,g0u1700,P11-Q12,739.382814,2980987657.244527
C12_g0u1700,6,12,g0u1700,P11-Q13,739.396165,196756540034.728882
C12_g0u1700,6,12,g0u1700,Q12-R14,479.899265,97849064981.724075
C12_g0u1700,6,12,g0u1700,Q13-R14,479.885915,1087139628.776726
C12_g0u1700,6,12,g0u1700,Q13-R15,479.892622,98934243492.068863
C12_g0u1800,6,12,g0u1800,K1-L2,75253.268308,166847674979330.718750
C12_g0u1800,6,12,g0u1800,K1-L3,75265.357752,166794777988649.875000
C12_g0u1800,6,12,g0u1800,L2-M4,13969.537468,14350937067485.380859
C12_g0u1800,6,12,g0u1800,L3-M4,13957.448024,2867338374375.981934
C12_g0u1800,6,12,g0u1800,L3-M5,13958.637866,17206595439037.373047
C12_g0u1800,6,12,g0u1800,M4-N6,4880.437942,3420662048632.220215
C12_g0u1800,6,12,g0u1800,M5-N6,4879.248100,244241924783.899536
C12_g0u1800,6,12,g0u1800,M5-N7,4879.498685,3664112522423.473633
C12_g0u1800,6,12,g0u1800,N6-O8,2257.872431,1089821180975.252441
C12_g0u1800,6,12,g0u1800,N7-O8,2257.621846,40355572595.039055
C12_g0u1800,6,12,g0u1800,N7-O9,2257.698790,1130067655474.036133
C12_g0u1800,6,12,g0u1800,O8-P10,1226.337257,427202398511.646118
C12_g0u1800,6,12,g0u1800,O9-P10,1226.260313,9707893418.610964
C12_g0u1800,6,12,g0u1800,O9-P11,1226.289994,436887773890.162415
C12_g0u1800,6,12,g0u1800,P10-Q12,739.412495,193781581701.898224
C12_g0u1800,6,12,g0u1800,P11-Q12,739.382814,2980987657.264423
C12_g0u1800,6,12,g0u1800,P11-Q13,739.396165,196756540036.354950
C12_g0u1800,6,12,g0u1800,Q12-R14,479.899265,97849064981.901917
C12_g0u1800,6,12,g0u1800,Q13-R14,479.885915,1087139628.779646
C12_g0u1800,6,12,g0u1800,Q13-R15,479.892622,98934243492.235550
C12_g0u1900,6,12,g0u1900,K1-L2,75253.268462,166847675123646.906250
C12_g0u1900,6,12,g0u1900,K1-L3,75265.357906,166794778132970.031250
C12_g0u1900,6,12,g0u1900,L2-M4,13969.537481,14350937075956.041016
C12_g0u1900,6,12,g0u1900,L3-M4,13957.448037,2867338376068.551270
C12_g0u1900,6,12,g0u1900,L3-M5,13958.637879,17206595449186.720703
C12_g0u1900,6,12,g0u1900,M4-N6,4880.437944,3420662049442.275879
C12_g0u1900,6,12,g0u1900,M5-N6,4879.248102,244241924841.717010
C12_g0u1900,6,12,g0u1900,M5-N7,4879.498687,3664112523290.977539
C12_g0u1900,6,12,g0u1900,N6-O8,2257.872431,1089821181056.739380
C12_g0u1900,6,12,g0u1900,N7-O8,2257.621846,40355572598.060555
C12_g0u1900,6,12,g0u1900,N7-O9,2257.698791,1130067655558.452637
C12_g0u1900,6,12,g0u1900,O8-P10,1226.337257,427202398511.108704
C12_g0u1900,6,12,g0u1900,O9-P10,1226.260313,9707893418.604254
C12_g0u1900,6,12,g0u1900,O9-P11,1226.289994,436887773910.152100
C12_g0u1900,6,12,g0u1900,P10-Q12,739.412495,193781581703.164642
C12_g0u1900,6,12,g0u1900,P11-Q12,739.382814,2980987657.305066
C12_g0u1900,6,12,g0u1900,P11-Q13,739.396165,196756540038.185883
C12_g0u1900,6,12,g0u1900,Q12-R14,479.899265,97849064982.056824
C12_g0u1900,6,12,g0u1900,Q13-R14,479.885915,1087139628.782171
C12_g0u1900,6,12,g0u1900,Q13-R15,479.892622,98934243492.380356
C12_g0u2000,6,12,g0u2000,K1-L2,75253.268595,166847675251140.531250
C12_g0u2000,6,12,g0u2000,K1-L3,75265.358039,166794778260535.531250
C12_g0u2000,6,12,g0u2000,L2-M4,13969.537493,14350937083384.818359
C12_g0u2000,6,12,g0u2000,L3-M4,13957.448048,2867338377552.909180
C12_g0u2000,6,12,g0u2000,L3-M5,13958.637891,17206595458183.595703
C12_g0u2000,6,12,g0u2000,M4-N6,4880.437946,3420662050131.383789
C12_g0u2000,6,12,g0u2000,M5-N6,4879.248104,244241924890.857025
C12_g0u2000,6,12,g0u2000,M5-N7,4879.498689,3664112524027.123047
C12_g0u2000,6,12,g0u2000,N6-O8,2257.872432,1089821181110.049561
C12_g0u2000,6,12,g0u2000,N7-O8,2257.621847,40355572600.021729
C12_g0u2000,6,12,g0u2000,N7-O9,2257.698791,1130067655613.801270
C12_g0u2000,6,12,g0u2000,O8-P10,1226.337257,427202398507.904480
C12_g0u2000,6,12,g0u2000,O9-P10,1226.260313,9707893418.521536
C12_g0u2000,6,12,g0u2000,O9-P11,1226.289994,436887773906.970764
C12_g0u2000,6,12,g0u2000,P10-Q12,739.412495,193781581704.192169
C12_g0u2000,6,12,g0u2000,P11-Q12,739.382814,2980987657.313904
C12_g0u2000,6,12,g0u2000,P11-Q13,739.396165,196756540039.311310
C12_g0u2000,6,12,g0u2000,Q12-R14,479.899265,97849064982.192352
C12_g0u2000,6,12,g0u2000,Q13-R14,479.885915,1087139628.784450
C12_g0u2000,6,12,g0u2000,Q13-R15,479.892622,98934243492.507309
C12_g0u2100,6,12,g0u2100,K1-L2,75253.268712,166847675363907.625000
C12_g0u2100,6,12,g0u2100,K1-L3,75265.358157,166794778373426.781250
C12_g0u2100,6,12,g0u2100,L2-M4,13969.537503,14350937089984.484375
C12_g0u2100,6,12,g0u2100,L3-M4,13957.448058,2867338378871.375488
C12_g0u2100,6,12,g0u2100,L3-M5,13958.637901,17206595465992.066406
C12_g0u2100,6,12,g0u2100,M4-N6,4880.437948,3420662050749.664062
C12_g0u2100,6,12,g0u2100,M5-N6,4879.248106,244241924935.060242
C12_g0u2100,6,12,g0u2100,M5-N7,4879.498691,3664112524690.832031
C12_g0u2100,6,12,g0u2100,N6-O8,2257.872432,1089821181169.176147
C12_g0u2100,6,12,g0u2100,N7-O8,2257.621847,40355572602.208992
C12_g0u2100,6,12,g0u2100,N7-O9,2257.698791,1130067655675.101318
C12_g0u2100,6,12,g0u2100,O8-P10,1226.337257,427202398523.025391
C12_g0u2100,6,12,g0u2100,O9-P10,1226.260313,9707893418.867599
C12_g0u2100,6,12,g0u2100,O9-P11,1226.289994,436887773922.407288
C12_g0u2100,6,12,g0u2100,P10-Q12,739.412495,193781581691.165405
C12_g0u2100,6,12,g0u2100,P11-Q12,739.382814,2980987657.121076
C12_g0u2100,6,12,g0u2100,P11-Q13,739.396165,196756540040.727692
C12_g0u2100,6,12,g0u2100,Q12-R14,479.899265,97849064981.568756
C12_g0u2100,6,12,g0u2100,Q13-R14,479.885915,1087139628.786422
C12_g0u2100,6,12,g0u2100,Q13-R15,479.892622,98934243492.619156
C12_g0u2200,6,12,g0u2200,K1-L2,75253.268816,166847675464226.875000
C12_g0u2200,6,12,g0u2200,K1-L3,75265.358260,166794778473915.250000
C12_g0u2200,6,12,g0u2200,L2-M4,13969.537512,14350937095851.992188
C12_g0u2200,6,12,g0u2200,L3-M4,13957.448067,2867338380043.501953
C12_g0u2200,6,12,g0u2200,L3-M5,13958.637910,17206595473019.841797
C12_g0u2200,6,12,g0u2200,M4-N6,4880.437950,3420662051291.504883
C12_g0u2200,6,12,g0u2200,M5-N6,4879.248107,244241924973.763611
C12_g0u2200,6,12,g0u2200,M5-N7,4879.498692,3664112525321.012207
C12_g0u2200,6,12,g0u2200,N6-O8,2257.872432,1089821181208.448120
C12_g0u2200,6,12,g0u2200,N7-O8,2257.621847,40355572603.683853
C12_g0u2200,6,12,g0u2200,N7-O9,2257.698791,1130067655715.388916
C12_g0u2200,6,12,g0u2200,O8-P10,1226.337257,427202398516.113281
C12_g0u2200,6,12,g0u2200,O9-P10,1226.260313,9707893418.700455
C12_g0u2200,6,12,g0u2200,O9-P11,1226.289994,436887773915.437988
C12_g0u2200,6,12,g0u2200,P10-Q12,739.412495,193781581691.826263
C12_g0u2200,6,12,g0u2200,P11-Q12,739.382814,2980987657.122164
C12_g0u2200,6,12,g0u2200,P11-Q13,739.396165,196756540041.507538
C12_g0u2200,6,12,g0u2200,Q12-R14,479.899265,97849064981.674835
C12_g0u2200,6,12,g0u2200,Q13-R14,479.885915,1087139628.788136
C12_g0u2200,6,12,g0u2200,Q13-R15,479.892622,98934243492.719055
C12_g0u2300,6,12,g0u2300,K1-L2,75253.268905,166847675555389.812500
C12_g0u2300,6,12,g0u2300,K1-L3,75265.358350,166794778565026.218750
C12_g0u2300,6,12,g0u2300,L2-M4,13969.537520,14350937101007.189453
C12_g0u2300,6,12,g0u2300,L3-M4,13957.448075,2867338381073.692871
C12_g0u2300,6,12,g0u2300,L3-M5,13958.637918,17206595479294.769531
C12_g0u2300,6,12,g0u2300,M4-N6,4880.437951,3420662051791.046387
C12_g0u2300,6,12,g0u2300,M5-N6,4879.248109,244241925009.348419
C12_g0u2300,6,12,g0u2300,M5-N7,4879.498694,3664112525804.183105
C12_g0u2300,6,12,g0u2300,N6-O8,2257.872432,1089821181260.236938
C12_g0u2300,6,12,g0u2300,N7-O8,2257.621848,40355572605.577141
C12_g0u2300,6,12,g0u2300,N7-O9,2257.698792,1130067655769.494873
C12_g0u2300,6,12,g0u2300,O8-P10,1226.337257,427202398528.161560
C12_g0u2300,6,12,g0u2300,O9-P10,1226.260313,9707893418.979927
C12_g0u2300,6,12,g0u2300,O9-P11,1226.289994,436887773927.694763
C12_g0u2300,6,12,g0u2300,P10-Q12,739.412495,193781581693.009338
C12_g0u2300,6,12,g0u2300,P11-Q12,739.382814,2980987657.147066
C12_g0u2300,6,12,g0u2300,P11-Q13,739.396165,196756540042.629272
C12_g0u2300,6,12,g0u2300,Q12-R14,479.899265,97849064981.770065
C12_g0u2300,6,12,g0u2300,Q13-R14,479.885915,1087139628.789723
C12_g0u2300,6,12,g0u2300,Q13-R15,479.892622,98934243492.807831
C12_g0u2400,6,12,g0u2400,K1-L2,75253.269063,166847675592615.000000
C12_g0u2400,6,12,g0u2400,K1-L3,75265.358508,166794778602441.687500
C12_g0u2400,6,12,g0u2400,L2-M4,13969.537527,14350937105723.986328
C12_g0u2400,6,12,g0u2400,L3-M4,13957.448082,2867338382016.037598
C12_g0u2400,6,12,g0u2400,L3-M5,13958.637925,17206595484847.730469
C12_g0u2400,6,12,g0u2400,M4-N6,4880.437952,3420662052224.932617
C12_g0u2400,6,12,g0u2400,M5-N6,4879.248110,244241925040.396240
C12_g0u2400,6,12,g0u2400,M5-N7,4879.498695,3664112526320.500488
C12_g0u2400,6,12,g0u2400,N6-O8,2257.872433,1089821181297.613403
C12_g0u2400,6,12,g0u2400,N7-O8,2257.621848,40355572606.985832
C12_g0u2400,6,12,g0u2400,N7-O9,2257.698792,1130067655807.805664
C12_g0u2400,6,12,g0u2400,O8-P10,1226.337257,427202398538.842163
C12_g0u2400,6,12,g0u2400,O9-P10,1226.260313,9707893419.220642
C12_g0u2400,6,12,g0u2400,O9-P11,1226.289994,436887773918.038086
C12_g0u2400,6,12,g0u2400,P10-Q12,739.412495,193781581694.071564
C12_g0u2400,6,12,g0u2400,P11-Q12,739.382814,2980987657.142667
C12_g0u2400,6,12,g0u2400,P11-Q13,739.396165,196756540043.157715
C12_g0u2400,6,12,g0u2400,Q12-R14,479.899265,97849064981.854996
C12_g0u2400,6,12,g0u2400,Q13-R14,479.885915,1087139628.791148
C12_g0u2400,6,12,g0u2400,Q13-R15,479.892622,98934243492.887390
C12_g2u1000,6,12,g2u1000,K1-L2,75253.269185,166847684986979.156250
C12_g2u1000,6,12,g2u1000,K1-L3,75265.358629,166794753676119.781250
C12_g2u1000,6,12,g2u1000,L2-M4,13969.537130,14350936815406.355469
C12_g2u1000,6,12,g2u1000,L3-M4,13957.447685,2867338321806.134766
C12_g2u1000,6,12,g2u1000,L3-M5,13958.637529,17206595131151.798828
C12_g2u1000,6,12,g2u1000,M4-N6,4880.437886,3420662119184.942871
C12_g2u1000,6,12,g2u1000,M5-N6,4879.248043,244241957788.463623
C12_g2u1000,6,12,g2u1000,M5-N7,4879.498628,3664112057993.316406
C12_g2u1000,6,12,g2u1000,N6-O8,2257.872431,1089821196275.238770
C12_g2u1000,6,12,g2u1000,N7-O8,2257.621846,40355576972.342873
C12_g2u1000,6,12,g2u1000,N7-O9,2257.698791,1130067631928.117188
C12_g2u1000,6,12,g2u1000,O8-P10,1226.337257,427202400264.698914
C12_g2u1000,6,12,g2u1000,O9-P10,1226.260312,9707893820.321867
C12_g2u1000,6,12,g2u1000,O9-P11,1226.289994,436887770813.353333
C12_g2u1000,6,12,g2u1000,P10-Q12,739.412495,193781582140.912781
C12_g2u1000,6,12,g2u1000,P11-Q12,739.382814,2980987670.299851
C12_g2u1000,6,12,g2u1000,P11-Q13,739.396164,196756539973.798584
C12_g2u1000,6,12,g2u1000,Q12-R14,479.899265,97849065573.638611
C12_g2u1000,6,12,g2u1000,Q13-R14,479.885914,1087139694.964704
C12_g2u1000,6,12,g2u1000,Q13-R15,479.892622,98934242829.864456
O16_g0u0050,8,16,g0u0050,K1-L2,133504.820316,527121744810552.937500
O16_g0u0050,8,16,g0u0050,K1-L3,133543.142526,526836064157358.750000
O16_g0u0050,8,16,g0u0050,L2-M4,24926.246837,45534385816030.750000
O16_g0u0050,8,16,g0u0050,L3-M4,24887.924626,9090801879451.898438
O16_g0u0050,8,16,g0u0050,L3-M5,24891.698479,54559465154454.351562
O16_g0u0050,8,16,g0u0050,M4-N6,8701.188959,10843155265205.583984
O16_g0u0050,8,16,g0u0050,M5-N6,8697.415107,773996585622.189575
O16_g0u0050,8,16,g0u0050,M5-N7,8698.209373,11612699061853.136719
O16_g0u0050,8,16,g0u0050,N6-O8,4024.258332,3453272927166.699219
O16_g0u0050,8,16,g0u0050,N7-O8,4023.464065,127852791042.565018
O16_g0u0050,8,16,g0u0050,N7-O9,4023.707874,3580512743117.440430
O16_g0u0050,8,16,g0u0050,O8-P10,2185.462275,1353455583930.876953
O16_g0u0050,8,16,g0u0050,O9-P10,2185.218466,30753278468.433559
O16_g0u0050,8,16,g0u0050,O9-P11,2185.312504,1384082365420.983887
O16_g0u0050,8,16,g0u0050,P10-Q12,1317.650082,613903577008.473633
O16_g0u0050,8,16,g0u0050,P11-Q12,1317.556045,9443158210.620485
O16_g0u0050,8,16,g0u0050,P11-Q13,1317.598340,623312774492.109619
O16_g0u0050,8,16,g0u0050,Q12-R14,855.176355,309982174699.826843
O16_g0u0050,8,16,g0u0050,Q13-R14,855.134060,3443839238.061869
O16_g0u0050,8,16,g0u0050,Q13-R15,855.155310,313415036508.756592
O16_g0u0100,8,16,g0u0100,K1-L2,133506.901213,527129372854281.937500
O16_g0u0100,8,16,g0u0100,K1-L3,133545.223762,526843667427482.000000
O16_g0u0100,8,16,g0u0100,L2-M4,24926.296272,45534543014284.312500
O16_g0u0100,8,16,g0u0100,L3-M4,24887.973724,9090833307049.474609
O16_g0u0100,8,16,g0u0100,L3-M5,24891.747589,54559649842684.968750
O16_g0u0100,8,16,g0u0100,M4-N6,8701.199560,10843176608335.167969
O16_g0u0100,8,16,g0u0100,M5-N6,8697.425694,773998109522.476196
O16_g0u0100,8,16,g0u0100,M5-N7,8698.219962,11612721923534.099609
O16_g0u0100,8,16,g0u0100,N6-O8,4024.260651,3453275840628.768555
O16_g0u0100,8,16,g0u0100,N7-O8,4023.466383,127852898922.130295
O16_g0u0100,8,16,g0u0100,N7-O9,4023.710192,3580515764000.507324
O16_g0u0100,8,16,g0u0100,O8-P10,2185.462741,1353455980882.166016
O16_g0u0100,8,16,g0u0100,O9-P10,2185.218932,30753290616.738701
O16_g0u0100,8,16,g0u0100,O9-P11,2185.312969,1384082912116.472412
O16_g0u0100,8,16,g0u0100,P10-Q12,1317.650165,613903642475.780640
O16_g0u0100,8,16,g0u0100,P11-Q12,1317.556127,9443159217.756929
O16_g0u0100,8,16,g0u0100,P11-Q13,1317.598423,623312840956.431885
O16_g0u0100,8,16,g0u0100,Q12-R14,855.176368,309982176133.682312
O16_g0u0100,8,16,g0u0100,Q13-R14,855.134073,3443839254.018296
O16_g0u0100,8,16,g0u0100,Q13-R15,855.155323,313415037957.065430
O16_g0u0150,8,16,g0u0150,K1-L2,133507.290947,527130860333152.312500
O16_g0u0150,8,16,g0u0150,K1-L3,133545.613568,526845150403120.312500
O16_g0u0150,8,16,g0u0150,L2-M4,24926.308408,45534578736356.617188
O16_g0u0150,8,16,g0u0150,L3-M4,24887.985787,9090841097143.890625
O16_g0u0150,8,16,g0u0150,L3-M5,24891.759656,54559696587259.500000
O16_g0u0150,8,16,g0u0150,M4-N6,8701.202159,10843181907348.298828
O16_g0u0150,8,16,g0u0150,M5-N6,8697.428291,773998487874.092529
O16_g0u0150,8,16,g0u0150,M5-N7,8698.222559,11612727599597.980469
O16_g0u0150,8,16,g0u0150,N6-O8,4024.261221,3453276469346.077637
O16_g0u0150,8,16,g0u0150,N7-O8,4023.466952,127852936328.019135
O16_g0u0150,8,16,g0u0150,N7-O9,4023.710762,3580516811477.949707
O16_g0u0150,8,16,g0u0150,O8-P10,2185.462855,1353456148471.841553
O16_g0u0150,8,16,g0u0150,O9-P10,2185.219046,30753291297.162678
O16_g0u0150,8,16,g0u0150,O9-P11,2185.313084,1384082942764.600098
O16_g0u0150,8,16,g0u0150,P10-Q12,1317.650186,613903645865.022583
O16_g0u0150,8,16,g0u0150,P11-Q12,1317.556148,9443159269.907991
O16_g0u0150,8,16,g0u0150,P11-Q13,1317.598443,623312844370.017090
O16_g0u0150,8,16,g0u0150,Q12-R14,855.176371,309982176475.404358
O16_g0u0150,8,16,g0u0150,Q13-R14,855.134076,3443839257.794528
O16_g0u0150,8,16,g0u0150,Q13-R15,855.155326,313415038301.054932
O16_g0u0200,8,16,g0u0200,K1-L2,133507.430488,527131376741111.750000
O16_g0u0200,8,16,g0u0200,K1-L3,133545.753137,526845721293447.250000
O16_g0u0200,8,16,g0u0200,L2-M4,24926.313457,45534595236308.906250
O16_g0u0200,8,16,g0u0200,L3-M4,24887.990808,9090844395441.574219
O16_g0u0200,8,16,g0u0200,L3-M5,24891.764678,54559716378324.359375
O16_g0u0200,8,16,g0u0200,M4-N6,8701.203241,10843183837756.339844
O16_g0u0200,8,16,g0u0200,M5-N6,8697.429371,773998625697.376099
O16_g0u0200,8,16,g0u0200,M5-N7,8698.223640,11612729667253.738281
O16_g0u0200,8,16,g0u0200,N6-O8,4024.261458,3453276572412.768066
O16_g0u0200,8,16,g0u0200,N7-O8,4023.467189,127852940142.481445
O16_g0u0200,8,16,g0u0200,N7-O9,4023.710999,3580516918309.145996
O16_g0u0200,8,16,g0u0200,O8-P10,2185.462903,1353456160944.533203
O16_g0u0200,8,16,g0u0200,O9-P10,2185.219094,30753291580.478905
O16_g0u0200,8,16,g0u0200,O9-P11,2185.313131,1384082955510.923584
O16_g0u0200,8,16,g0u0200,P10-Q12,1317.650194,613903647266.716309
O16_g0u0200,8,16,g0u0200,P11-Q12,1317.556156,9443159291.445805
O16_g0u0200,8,16,g0u0200,P11-Q13,1317.598452,623312845792.371948
O16_g0u0200,8,16,g0u0200,Q12-R14,855.176373,309982176622.950317
O16_g0u0200,8,16,g0u0200,Q13-R14,855.134077,3443839483.214655
O16_g0u0200,8,16,g0u0200,Q13-R15,855.155327,313415038450.162415
O16_g0u0250,8,16,g0u0250,K1-L2,133507.496692,527131670464250.250000
O16_g0u0250,8,16,g0u0250,K1-L3,133545.819355,526846014182266.500000
O16_g0u0250,8,16,g0u0250,L2-M4,24926.316109,45534605282396.257812
O16_g0u0250,8,16,g0u0250,L3-M4,24887.993446,9090845754217.181641
O16_g0u0250,8,16,g0u0250,L3-M5,24891.767316,54559728428104.828125
O16_g0u0250,8,16,g0u0250,M4-N6,8701.203810,10843185377859.822266
O16_g0u0250,8,16,g0u0250,M5-N6,8697.429939,773998735673.296143
O16_g0u0250,8,16,g0u0250,M5-N7,8698.224208,11612731316935.253906
O16_g0u0250,8,16,g0u0250,N6-O8,4024.261583,3453276626550.237793
O16_g0u0250,8,16,g0u0250,N7-O8,4023.467314,127852942146.081390
O16_g0u0250,8,16,g0u0250,N7-O9,4023.711123,3580517370004.057617
O16_g0u0250,8,16,g0u0250,O8-P10,2185.462928,1353456167523.622314
O16_g0u0250,8,16,g0u0250,O9-P10,2185.219119,30753294858.105118
O16_g0u0250,8,16,g0u0250,O9-P11,2185.313156,1384083102992.559326
O16_g0u0250,8,16,g0u0250,P10-Q12,1317.650198,613903647996.107666
O16_g0u0250,8,16,g0u0250,P11-Q12,1317.556161,9443159302.668961
O16_g0u0250,8,16,g0u0250,P11-Q13,1317.598456,623312846532.321045
O16_g0u0250,8,16,g0u0250,Q12-R14,855.176373,309982176688.775635
O16_g0u0250,8,16,g0u0250,Q13-R14,855.134078,3443839483.936853
O16_g0u0250,8,16,g0u0250,Q13-R15,855.155328,313415038516.786316
O16_g0u0300,8,16,g0u0300,K1-L2,133507.533523,527131849651210.625000
O16_g0u0300,8,16,g0u0300,K1-L3,133545.856194,526846136906343.375000
O16_g0u0300,8,16,g0u0300,L2-M4,24926.317701,45534610663236.562500
O16_g0u0300,8,16,g0u0300,L3-M4,24887.995030,9090846829807.335938
O16_g0u0300,8,16,g0u0300,L3-M5,24891.768901,54559734881930.906250
O16_g0u0300,8,16,g0u0300,M4-N6,8701.204151,10843185637594.482422
O16_g0u0300,8,16,g0u0300,M5-N6,8697.430280,773998833330.725830
O16_g0u0300,8,16,g0u0300,M5-N7,8698.224549,11612731595140.896484
O16_g0u0300,8,16,g0u0300,N6-O8,4024.261657,3453277040534.289062
O16_g0u0300,8,16,g0u0300,N7-O8,4023.467389,127852943351.534668
O16_g0u0300,8,16,g0u0300,N7-O9,4023.711198,3580517403747.953613
O16_g0u0300,8,16,g0u0300,O8-P10,2185.462943,1353456171479.133789
O16_g0u0300,8,16,g0u0300,O9-P10,2185.219134,30753294947.946205
O16_g0u0300,8,16,g0u0300,O9-P11,2185.313171,1384083107034.666016
O16_g0u0300,8,16,g0u0300,P10-Q12,1317.650201,613903648446.819580
O16_g0u0300,8,16,g0u0300,P11-Q12,1317.556164,9443159309.605839
O16_g0u0300,8,16,g0u0300,P11-Q13,1317.598459,623312846989.547485
O16_g0u0300,8,16,g0u0300,Q12-R14,855.176374,309982176737.074341
O16_g0u0300,8,16,g0u0300,Q13-R14,855.134078,3443839484.478414
O16_g0u0300,8,16,g0u0300,Q13-R15,855.155328,313415038565.517334
O16_g0u0350,8,16,g0u0350,K1-L2,133507.556232,527131970421178.750000
O16_g0u0350,8,16,g0u0350,K1-L3,133545.878909,526846257338072.750000
O16_g0u0350,8,16,g0u0350,L2-M4,24926.318745,45534615308992.921875
O16_g0u0350,8,16,g0u0350,L3-M4,24887.996068,9090847109056.816406
O16_g0u0350,8,16,g0u0350,L3-M5,24891.769939,54559740454124.179688
O16_g0u0350,8,16,g0u0350,M4-N6,8701.204375,10843185807900.460938
O16_g0u0350,8,16,g0u0350,M5-N6,8697.430504,773998845481.654663
O16_g0u0350,8,16,g0u0350,M5-N7,8698.224772,11612731777502.275391
O16_g0u0350,8,16,g0u0350,N6-O8,4024.261706,3453277061857.628418
O16_g0u0350,8,16,g0u0350,N7-O8,4023.467438,127852944140.701370
O16_g0u0350,8,16,g0u0350,N7-O9,4023.711247,3580517425839.008789
O16_g0u0350,8,16,g0u0350,O8-P10,2185.462953,1353456174069.543213
O16_g0u0350,8,16,g0u0350,O9-P10,2185.219144,30753295006.757584
O16_g0u0350,8,16,g0u0350,O9-P11,2185.313181,1384083109682.020996
O16_g0u0350,8,16,g0u0350,P10-Q12,1317.650203,613903648740.223633
O16_g0u0350,8,16,g0u0350,P11-Q12,1317.556165,9443160110.648048
O16_g0u0350,8,16,g0u0350,P11-Q13,1317.598461,623312847287.218750
O16_g0u0350,8,16,g0u0350,Q12-R14,855.176374,309982176774.140808
O16_g0u0350,8,16,g0u0350,Q13-R14,855.134079,3443839484.891918
O16_g0u0350,8,16,g0u0350,Q13-R15,855.155329,313415038602.946411
O16_g0u0400,8,16,g0u0400,K1-L2,133507.571281,527132033256882.687500
O16_g0u0400,8,16,g0u0400,K1-L3,133545.893961,526846320011860.187500
O16_g0u0400,8,16,g0u0400,L2-M4,24926.319472,45534616284020.523438
O16_g0u0400,8,16,g0u0400,L3-M4,24887.996792,9090847953280.587891
O16_g0u0400,8,16,g0u0400,L3-M5,24891.770663,54559741623452.671875
O16_g0u0400,8,16,g0u0400,M4-N6,8701.204531,10843187034253.857422
O16_g0u0400,8,16,g0u0400,M5-N6,8697.430660,773998853946.292236
O16_g0u0400,8,16,g0u0400,M5-N7,8698.224928,11612731904682.445312
O16_g0u0400,8,16,g0u0400,N6-O8,4024.261741,3453277076730.806152
O16_g0u0400,8,16,g0u0400,N7-O8,4023.467472,127852944691.173965
O16_g0u0400,8,16,g0u0400,N7-O9,4023.711281,3580517441301.114746
O16_g0u0400,8,16,g0u0400,O8-P10,2185.462960,1353456175852.369873
O16_g0u0400,8,16,g0u0400,O9-P10,2185.219151,30753295047.295883
O16_g0u0400,8,16,g0u0400,O9-P11,2185.313188,1384083111504.281250
O16_g0u0400,8,16,g0u0400,P10-Q12,1317.650204,613903648929.400879
O16_g0u0400,8,16,g0u0400,P11-Q12,1317.556166,9443160113.537880
O16_g0u0400,8,16,g0u0400,P11-Q13,1317.598462,623312847505.571777
O16_g0u0400,8,16,g0u0400,Q12-R14,855.176374,309982176781.387207
O16_g0u0400,8,16,g0u0400,Q13-R14,855.134079,3443839484.996559
O16_g0u0400,8,16,g0u0400,Q13-R15,855.155329,313415038631.330200
O16_g0u0450,8,16,g0u0450,K1-L2,133507.581799,527132094746929.500000
O16_g0u0450,8,16,g0u0450,K1-L3,133545.904482,526846325373313.687500
O16_g0u0450,8,16,g0u0450,L2-M4,24926.320003,45534616995425.218750
O16_g0u0450,8,16,g0u0450,L3-M4,24887.997320,9090848095301.962891
O16_g0u0450,8,16,g0u0450,L3-M5,24891.771192,54559742476608.992188
O16_g0u0450,8,16,g0u0450,M4-N6,8701.204645,10843187120943.085938
O16_g0u0450,8,16,g0u0450,M5-N6,8697.430773,773998860131.264526
O16_g0u0450,8,16,g0u0450,M5-N7,8698.225042,11612733184020.494141
O16_g0u0450,8,16,g0u0450,N6-O8,4024.261766,3453277087596.427246
O16_g0u0450,8,16,g0u0450,N7-O8,4023.467497,127852945093.292618
O16_g0u0450,8,16,g0u0450,N7-O9,4023.711306,3580517452558.504883
O16_g0u0450,8,16,g0u0450,O8-P10,2185.462965,1353456177187.222168
O16_g0u0450,8,16,g0u0450,O9-P10,2185.219156,30753295077.616394
O16_g0u0450,8,16,g0u0450,O9-P11,2185.313193,1384083112868.351807
O16_g0u0450,8,16,g0u0450,P10-Q12,1317.650205,613903649097.990356
O16_g0u0450,8,16,g0u0450,P11-Q12,1317.556167,9443160116.145607
O16_g0u0450,8,16,g0u0450,P11-Q13,1317.598463,623312847650.258911
O16_g0u0450,8,16,g0u0450,Q12-R14,855.176375,309982176811.584229
O16_g0u0450,8,16,g0u0450,Q13-R14,855.134079,3443839485.313157
O16_g0u0450,8,16,g0u0450,Q13-R15,855.155329,313415038640.703552
O16_g0u0500,8,16,g0u0500,K1-L2,133507.589461,527132099076564.500000
O16_g0u0500,8,16,g0u0500,K1-L3,133545.912145,526846385676709.750000
O16_g0u0500,8,16,g0u0500,L2-M4,24926.320404,45534617533402.046875
O16_g0u0500,8,16,g0u0500,L3-M4,24887.997719,9090848202699.224609
O16_g0u0500,8,16,g0u0500,L3-M5,24891.771591,54559743121715.617188
O16_g0u0500,8,16,g0u0500,M4-N6,8701.204731,10843187186435.382812
O16_g0u0500,8,16,g0u0500,M5-N6,8697.430859,773998864804.006226
O16_g0u0500,8,16,g0u0500,M5-N7,8698.225128,11612733254169.640625
O16_g0u0500,8,16,g0u0500,N6-O8,4024.261785,3453277095809.010254
O16_g0u0500,8,16,g0u0500,N7-O8,4023.467516,127852945397.242432
O16_g0u0500,8,16,g0u0500,N7-O9,4023.711325,3580517461066.644043
O16_g0u0500,8,16,g0u0500,O8-P10,2185.462969,1353456178152.157959
O16_g0u0500,8,16,g0u0500,O9-P10,2185.219159,30753295099.529346
O16_g0u0500,8,16,g0u0500,O9-P11,2185.313197,1384083113891.042236
O16_g0u0500,8,16,g0u0500,P10-Q12,1317.650206,613903649200.117065
O16_g0u0500,8,16,g0u0500,P11-Q12,1317.556168,9443160117.737659
O16_g0u0500,8,16,g0u0500,P11-Q13,1317.598464,623312847755.027832
O16_g0u0500,8,16,g0u0500,Q12-R14,855.176375,309982176808.738037
O16_g0u0500,8,16,g0u0500,Q13-R14,855.134079,3443839485.273420
O16_g0u0500,8,16,g0u0500,Q13-R15,855.155329,313415038657.798096
O16_g0u0550,8,16,g0u0550,K1-L2,133507.595226,527132158784868.500000
O16_g0u0550,8,16,g0u0550,K1-L3,133545.917912,526846389247685.187500
O16_g0u0550,8,16,g0u0550,L2-M4,24926.320716,45534621198799.304688
O16_g0u0550,8,16,g0u0550,L3-M4,24887.998030,9090848935783.853516
O16_g0u0550,8,16,g0u0550,L3-M5,24891.771901,54559743623336.523438
O16_g0u0550,8,16,g0u0550,M4-N6,8701.204798,10843187237297.740234
O16_g0u0550,8,16,g0u0550,M5-N6,8697.430926,773998868432.920288
O16_g0u0550,8,16,g0u0550,M5-N7,8698.225195,11612733308758.404297
O16_g0u0550,8,16,g0u0550,N6-O8,4024.261799,3453277102161.269043
O16_g0u0550,8,16,g0u0550,N7-O8,4023.467530,127852945632.342682
O16_g0u0550,8,16,g0u0550,N7-O9,4023.711340,3580517467646.943848
O16_g0u0550,8,16,g0u0550,O8-P10,2185.462972,1353456178930.105469
O16_g0u0550,8,16,g0u0550,O9-P10,2185.219162,30753295117.168777
O16_g0u0550,8,16,g0u0550,O9-P11,2185.313200,1384083114649.697998
O16_g0u0550,8,16,g0u0550,P10-Q12,1317.650206,613903649300.570923
O16_g0u0550,8,16,g0u0550,P11-Q12,1317.556169,9443160119.238523
O16_g0u0550,8,16,g0u0550,P11-Q13,1317.598464,623312847856.066772
O16_g0u0550,8,16,g0u0550,Q12-R14,855.176375,309982176818.483215
O16_g0u0550,8,16,g0u0550,Q13-R14,855.134079,3443839485.392208
O16_g0u0550,8,16,g0u0550,Q13-R15,855.155329,313415038667.495483
O16_g0u0600,8,16,g0u0600,K1-L2,133507.599682,527132161749902.687500
O16_g0u0600,8,16,g0u0600,K1-L3,133545.922369,526846392221367.812500
O16_g0u0600,8,16,g0u0600,L2-M4,24926.320964,45534621531757.507812
O16_g0u0600,8,16,g0u0600,L3-M4,24887.998277,9090849002251.146484
O16_g0u0600,8,16,g0u0600,L3-M5,24891.772148,54559744022595.664062
O16_g0u0600,8,16,g0u0600,M4-N6,8701.204851,10843187277829.431641
O16_g0u0600,8,16,g0u0600,M5-N6,8697.430979,773998871324.744873
O16_g0u0600,8,16,g0u0600,M5-N7,8698.225248,11612733352205.968750
O16_g0u0600,8,16,g0u0600,N6-O8,4024.261811,3453277107281.537598
O16_g0u0600,8,16,g0u0600,N7-O8,4023.467542,127852945821.863770
O16_g0u0600,8,16,g0u0600,N7-O9,4023.711351,3580517472951.164551
O16_g0u0600,8,16,g0u0600,O8-P10,2185.462974,1353456179550.151367
O16_g0u0600,8,16,g0u0600,O9-P10,2185.219165,30753295131.281334
O16_g0u0600,8,16,g0u0600,O9-P11,2185.313202,1384083115283.030273
O16_g0u0600,8,16,g0u0600,P10-Q12,1317.650207,613903649369.463013
O16_g0u0600,8,16,g0u0600,P11-Q12,1317.556169,9443160120.299988
O16_g0u0600,8,16,g0u0600,P11-Q13,1317.598465,623312847925.936523
O16_g0u0600,8,16,g0u0600,Q12-R14,855.176375,309982176841.324219
O16_g0u0600,8,16,g0u0600,Q13-R14,855.134079,3443839485.646343
O16_g0u0600,8,16,g0u0600,Q13-R15,855.155329,313415038670.713257
O16_g0u0700,8,16,g0u0700,K1-L2,133507.606036,527132222526643.062500
O16_g0u0700,8,16,g0u0700,K1-L3,133545.928725,526846452821746.437500
O16_g0u0700,8,16,g0u0700,L2-M4,24926.321331,45534622024628.750000
O16_g0u0700,8,16,g0u0700,L3-M4,24887.998642,9090849100638.246094
O16_g0u0700,8,16,g0u0700,L3-M5,24891.772514,54559744613524.367188
O16_g0u0700,8,16,g0u0700,M4-N6,8701.204930,10843187337878.431641
O16_g0u0700,8,16,g0u0700,M5-N6,8697.431058,773998954735.192139
O16_g0u0700,8,16,g0u0700,M5-N7,8698.225327,11612733416443.878906
O16_g0u0700,8,16,g0u0700,N6-O8,4024.261828,3453277114784.642578
O16_g0u0700,8,16,g0u0700,N7-O8,4023.467559,127852946099.546249
O16_g0u0700,8,16,g0u0700,N7-O9,4023.711369,3580517480724.761230
O16_g0u0700,8,16,g0u0700,O8-P10,2185.462977,1353456180457.247314
O16_g0u0700,8,16,g0u0700,O9-P10,2185.219168,30753295151.864525
O16_g0u0700,8,16,g0u0700,O9-P11,2185.313206,1384083116246.790527
O16_g0u0700,8,16,g0u0700,P10-Q12,1317.650207,613903649468.081299
O16_g0u0700,8,16,g0u0700,P11-Q12,1317.556170,9443160121.859417
O16_g0u0700,8,16,g0u0700,P11-Q13,1317.598465,623312848026.898682
O16_g0u0700,8,16,g0u0700,Q12-R14,855.176375,309982176835.654053
O16_g0u0700,8,16,g0u0700,Q13-R14,855.134079,3443839485.579199
O16_g0u0700,8,16,g0u0700,Q13-R15,855.155329,313415038684.898438
O16_g0u0800,8,16,g0u0800,K1-L2,133507.610276,527132225946147.312500
O16_g0u0800,8,16,g0u0800,K1-L3,133545.932966,526846456249726.250000
O16_g0u0800,8,16,g0u0800,L2-M4,24926.321588,45534622368244.656250
O16_g0u0800,8,16,g0u0800,L3-M4,24887.998897,9090849169230.613281
O16_g0u0800,8,16,g0u0800,L3-M5,24891.772769,54559745025693.226562
O16_g0u0800,8,16,g0u0800,M4-N6,8701.204985,10843187379721.396484
O16_g0u0800,8,16,g0u0800,M5-N6,8697.431113,773998957720.462646
O16_g0u0800,8,16,g0u0800,M5-N7,8698.225382,11612733461202.605469
O16_g0u0800,8,16,g0u0800,N6-O8,4024.261840,3453277120031.144531
O16_g0u0800,8,16,g0u0800,N7-O8,4023.467571,127852946293.682266
O16_g0u0800,8,16,g0u0800,N7-O9,4023.711381,3580517486160.629395
O16_g0u0800,8,16,g0u0800,O8-P10,2185.462980,1353456181106.399414
O16_g0u0800,8,16,g0u0800,O9-P10,2185.219171,30753295166.607861
O16_g0u0800,8,16,g0u0800,O9-P11,2185.313208,1384083116873.547852
O16_g0u0800,8,16,g0u0800,P10-Q12,1317.650208,613903649544.572144
O16_g0u0800,8,16,g0u0800,P11-Q12,1317.556170,9443160122.998882
O16_g0u0800,8,16,g0u0800,P11-Q13,1317.598466,623312848103.536377
O16_g0u0800,8,16,g0u0800,Q12-R14,855.176375,309982176839.837341
O16_g0u0800,8,16,g0u0800,Q13-R14,855.134079,3443839485.629026
O16_g0u0800,8,16,g0u0800,Q13-R15,855.155329,313415038689.075012
O16_g0u0900,8,16,g0u0900,K1-L2,133507.613257,527132228555886.750000
O16_g0u0900,8,16,g0u0900,K1-L3,133545.935948,526846458865738.562500
O16_g0u0900,8,16,g0u0900,L2-M4,24926.321774,45534622619271.320312
O16_g0u0900,8,16,g0u0900,L3-M4,24887.999083,9090849219339.041016
O16_g0u0900,8,16,g0u0900,L3-M5,24891.772955,54559745326556.179688
O16_g0u0900,8,16,g0u0900,M4-N6,8701.205025,10843187410292.708984
O16_g0u0900,8,16,g0u0900,M5-N6,8697.431153,773998959901.790039
O16_g0u0900,8,16,g0u0900,M5-N7,8698.225422,11612733493997.052734
O16_g0u0900,8,16,g0u0900,N6-O8,4024.261849,3453277123880.492188
O16_g0u0900,8,16,g0u0900,N7-O8,4023.467580,127852946436.197678
O16_g0u0900,8,16,g0u0900,N7-O9,4023.711389,3580517490147.904785
O16_g0u0900,8,16,g0u0900,O8-P10,2185.462982,1353456181587.839111
O16_g0u0900,8,16,g0u0900,O9-P10,2185.219172,30753295177.558002
O16_g0u0900,8,16,g0u0900,O9-P11,2185.313210,1384083117365.393799
O16_g0u0900,8,16,g0u0900,P10-Q12,1317.650208,613903649584.671631
O16_g0u0900,8,16,g0u0900,P11-Q12,1317.556170,9443160123.628077
O16_g0u0900,8,16,g0u0900,P11-Q13,1317.598466,623312848144.059570
O16_g0u0900,8,16,g0u0900,Q12-R14,855.176375,309982176856.429993
O16_g0u0900,8,16,g0u0900,Q13-R14,855.134079,3443839485.803577
O16_g0u0900,8,16,g0u0900,Q13-R15,855.155329,313415038686.115601
O16_g0u1000,8,16,g0u1000,K1-L2,133507.615439,527132230601908.000000
O16_g0u1000,8,16,g0u1000,K1-L3,133545.938131,526846516875361.625000
O16_g0u1000,8,16,g0u1000,L2-M4,24926.321916,45534622809008.734375
O16_g0u1000,8,16,g0u1000,L3-M4,24887.999224,9090849257213.306641
O16_g0u1000,8,16,g0u1000,L3-M5,24891.773096,54559749448870.062500
O16_g0u1000,8,16,g0u1000,M4-N6,8701.205056,10843187433367.222656
O16_g0u1000,8,16,g0u1000,M5-N6,8697.431184,773998961548.071655
O16_g0u1000,8,16,g0u1000,M5-N7,8698.225452,11612733518680.367188
O16_g0u1000,8,16,g0u1000,N6-O8,4024.261856,3453277126729.826172
O16_g0u1000,8,16,g0u1000,N7-O8,4023.467587,127852946541.609070
O16_g0u1000,8,16,g0u1000,N7-O9,4023.711396,3580517493154.529785
O16_g0u1000,8,16,g0u1000,O8-P10,2185.462983,1353456181912.893799
O16_g0u1000,8,16,g0u1000,O9-P10,2185.219174,30753295184.957077
O16_g0u1000,8,16,g0u1000,O9-P11,2185.313211,1384083117698.261230
O16_g0u1000,8,16,g0u1000,P10-Q12,1317.650208,613903649633.912720
O16_g0u1000,8,16,g0u1000,P11-Q12,1317.556171,9443160124.364746
O16_g0u1000,8,16,g0u1000,P11-Q13,1317.598466,623312848194.277100
O16_g0u1000,8,16,g0u1000,Q12-R14,855.176375,309982176850.347107
O16_g0u1000,8,16,g0u1000,Q13-R14,855.134079,3443839485.743997
O16_g0u1000,8,16,g0u1000,Q13-R15,855.155329,313415038699.720703
O16_g0u1100,8,16,g0u1100,K1-L2,133507.617089,527132232240664.187500
O16_g0u1100,8,16,g0u1100,K1-L3,133545.939781,526846518517686.687500
O16_g0u1100,8,16,g0u1100,L2-M4,24926.322026,45534622956546.656250
O16_g0u1100,8,16,g0u1100,L3-M4,24887.999334,9090849286663.263672
O16_g0u1100,8,16,g0u1100,L3-M5,24891.773206,54559749625906.453125
O16_g0u1100,8,16,g0u1100,M4-N6,8701.205079,10843187451296.718750
O16_g0u1100,8,16,g0u1100,M5-N6,8697.431207,773998962827.187500
O16_g0u1100,8,16,g0u1100,M5-N7,8698.225476,11612733537947.308594
O16_g0u1100,8,16,g0u1100,N6-O8,4024.261861,3453277129017.263184
O16_g0u1100,8,16,g0u1100,N7-O8,4023.467592,127852946626.273285
O16_g0u1100,8,16,g0u1100,N7-O9,4023.711401,3580517495469.622559
O16_g0u1100,8,16,g0u1100,O8-P10,2185.462984,1353456182198.713623
O16_g0u1100,8,16,g0u1100,O9-P10,2185.219175,30753295191.417793
O16_g0u1100,8,16,g0u1100,O9-P11,2185.313212,1384083117989.758301
O16_g0u1100,8,16,g0u1100,P10-Q12,1317.650208,613903649656.081055
O16_g0u1100,8,16,g0u1100,P11-Q12,1317.556171,9443160124.714779
O16_g0u1100,8,16,g0u1100,P11-Q13,1317.598466,623312848216.651245
O16_g0u1100,8,16,g0u1100,Q12-R14,855.176375,309982176860.034302
O16_g0u1100,8,16,g0u1100,Q13-R14,855.134079,3443839485.844645
O16_g0u1100,8,16,g0u1100,Q13-R15,855.155329,313415038689.743042
O16_g0u1200,8,16,g0u1200,K1-L2,133507.618370,527132233577940.937500
O16_g0u1200,8,16,g0u1200,K1-L3,133545.941062,526846519858237.937500
O16_g0u1200,8,16,g0u1200,L2-M4,24926.322113,45534626321151.195312
O16_g0u1200,8,16,g0u1200,L3-M4,24887.999421,9090849310129.066406
O16_g0u1200,8,16,g0u1200,L3-M5,24891.773293,54559749766730.851562
O16_g0u1200,8,16,g0u1200,M4-N6,8701.205098,10843187465663.353516
O16_g0u1200,8,16,g0u1200,M5-N6,8697.431226,773998963852.318604
O16_g0u1200,8,16,g0u1200,M5-N7,8698.225495,11612733553228.859375
O16_g0u1200,8,16,g0u1200,N6-O8,4024.261865,3453277130775.052734
O16_g0u1200,8,16,g0u1200,N7-O8,4023.467596,127852946691.312408
O16_g0u1200,8,16,g0u1200,N7-O9,4023.711405,3580517497345.627930
O16_g0u1200,8,16,g0u1200,O8-P10,2185.462985,1353456182408.618896
O16_g0u1200,8,16,g0u1200,O9-P10,2185.219176,30753295196.213547
O16_g0u1200,8,16,g0u1200,O9-P11,2185.313213,1384083118204.858643
O16_g0u1200,8,16,g0u1200,P10-Q12,1317.650209,613903649683.198364
O16_g0u1200,8,16,g0u1200,P11-Q12,1317.556171,9443160125.125725
O16_g0u1200,8,16,g0u1200,P11-Q13,1317.598467,623312848244.233154
O16_g0u1200,8,16,g0u1200,Q12-R14,855.176375,309982176868.258301
O16_g0u1200,8,16,g0u1200,Q13-R14,855.134079,3443839485.938675
O16_g0u1200,8,16,g0u1200,Q13-R15,855.155329,313415038698.020447
O16_g0u1300,8,16,g0u1300,K1-L2,133507.619385,527132234686563.937500
O16_g0u1300,8,16,g0u1300,K1-L3,133545.942078,526846520968575.187500
O16_g0u1300,8,16,g0u1300,L2-M4,24926.322184,45534626416519.546875
O16_g0u1300,8,16,g0u1300,L3-M4,24887.999491,9090849329166.324219
O16_g0u1300,8,16,g0u1300,L3-M5,24891.773363,54559749881011.171875
O16_g0u1300,8,16,g0u1300,M4-N6,8701.205113,10843187477220.216797
O16_g0u1300,8,16,g0u1300,M5-N6,8697.431241,773998964676.928589
O16_g0u1300,8,16,g0u1300,M5-N7,8698.225510,11612733565682.109375
O16_g0u1300,8,16,g0u1300,N6-O8,4024.261868,3453277132249.470703
O16_g0u1300,8,16,g0u1300,N7-O8,4023.467600,127852946745.888367
O16_g0u1300,8,16,g0u1300,N7-O9,4023.711409,3580517498872.721191
O16_g0u1300,8,16,g0u1300,O8-P10,2185.462985,1353456182592.475830
O16_g0u1300,8,16,g0u1300,O9-P10,2185.219176,30753295200.405510
O16_g0u1300,8,16,g0u1300,O9-P11,2185.313214,1384083118392.595459
O16_g0u1300,8,16,g0u1300,P10-Q12,1317.650209,613903649695.885620
O16_g0u1300,8,16,g0u1300,P11-Q12,1317.556171,9443160125.326256
O16_g0u1300,8,16,g0u1300,P11-Q13,1317.598467,623312848257.039795
O16_g0u1300,8,16,g0u1300,Q12-R14,855.176375,309982176874.434082
O16_g0u1300,8,16,g0u1300,Q13-R14,855.134080,3443839486.001438
O16_g0u1300,8,16,g0u1300,Q13-R15,855.155329,313415038704.341614
O16_g0u1400,8,16,g0u1400,K1-L2,133507.620205,527132235617757.500000
O16_g0u1400,8,16,g0u1400,K1-L3,133545.942899,526846521901708.437500
O16_g0u1400,8,16,g0u1400,L2-M4,24926.322243,45534626495050.382812
O16_g0u1400,8,16,g0u1400,L3-M4,24887.999550,9090849344841.255859
O16_g0u1400,8,16,g0u1400,L3-M5,24891.773422,54559749975308.101562
O16_g0u1400,8,16,g0u1400,M4-N6,8701.205126,10843187486775.531250
O16_g0u1400,8,16,g0u1400,M5-N6,8697.431254,773998965358.546265
O16_g0u1400,8,16,g0u1400,M5-N7,8698.225523,11612733575990.707031
O16_g0u1400,8,16,g0u1400,N6-O8,4024.261871,3453277133453.310059
O16_g0u1400,8,16,g0u1400,N7-O8,4023.467602,127852946790.474472
O16_g0u1400,8,16,g0u1400,N7-O9,4023.711412,3580517500119.270508
O16_g0u1400,8,16,g0u1400,O8-P10,2185.462986,1353456182746.458008
O16_g0u1400,8,16,g0u1400,O9-P10,2185.219177,30753295203.905949
O16_g0u1400,8,16,g0u1400,O9-P11,2185.313214,1384083118549.924072
O16_g0u1400,8,16,g0u1400,P10-Q12,1317.650209,613903649723.193359
O16_g0u1400,8,16,g0u1400,P11-Q12,1317.556171,9443160125.753601
O16_g0u1400,8,16,g0u1400,P11-Q13,1317.598467,623312848284.667603
O16_g0u1400,8,16,g0u1400,Q12-R14,855.176375,309982176860.719238
O16_g0u1400,8,16,g0u1400,Q13-R14,855.134080,3443839485.856755
O16_g0u1400,8,16,g0u1400,Q13-R15,855.155329,313415038710.234131
O16_g0u1500,8,16,g0u1500,K1-L2,133507.620878,527132236408840.125000
O16_g0u1500,8,16,g0u1500,K1-L3,133545.943572,526846522694106.062500
O16_g0u1500,8,16,g0u1500,L2-M4,24926.322292,45534626560831.054688
O16_g0u1500,8,16,g0u1500,L3-M4,24887.999598,9090850007539.878906
O16_g0u1500,8,16,g0u1500,L3-M5,24891.773470,54559750054183.359375
O16_g0u1500,8,16,g0u1500,M4-N6,8701.205136,10843187494811.414062
O16_g0u1500,8,16,g0u1500,M5-N6,8697.431264,773998965931.921387
O16_g0u1500,8,16,g0u1500,M5-N7,8698.225533,11612733584497.574219
O16_g0u1500,8,16,g0u1500,N6-O8,4024.261873,3453277134476.116211
O16_g0u1500,8,16,g0u1500,N7-O8,4023.467605,127852946828.298935
O16_g0u1500,8,16,g0u1500,N7-O9,4023.711414,3580517501125.304688
O16_g0u1500,8,16,g0u1500,O8-P10,2185.462986,1353456182858.406494
O16_g0u1500,8,16,g0u1500,O9-P10,2185.219177,30753295206.404400
O16_g0u1500,8,16,g0u1500,O9-P11,2185.313215,1384083118663.865479
O16_g0u1500,8,16,g0u1500,P10-Q12,1317.650209,613903649741.235474
O16_g0u1500,8,16,g0u1500,P11-Q12,1317.556171,9443160126.023224
O16_g0u1500,8,16,g0u1500,P11-Q13,1317.598467,623312848303.065918
O16_g0u1500,8,16,g0u1500,Q12-R14,855.176375,309982176865.476746
O16_g0u1500,8,16,g0u1500,Q13-R14,855.134080,3443839485.913520
O16_g0u1500,8,16,g0u1500,Q13-R15,855.155329,313415038695.121582
O16_g0u1600,8,16,g0u1600,K1-L2,133507.621438,527132237087902.000000
O16_g0u1600,8,16,g0u1600,K1-L3,133545.944132,526846523374518.875000
O16_g0u1600,8,16,g0u1600,L2-M4,24926.322333,45534626616423.351562
O16_g0u1600,8,16,g0u1600,L3-M4,24887.999640,9090850018636.166016
O16_g0u1600,8,16,g0u1600,L3-M5,24891.773512,54559750120864.710938
O16_g0u1600,8,16,g0u1600,M4-N6,8701.205145,10843187501547.875000
O16_g0u1600,8,16,g0u1600,M5-N6,8697.431273,773998966412.531616
O16_g0u1600,8,16,g0u1600,M5-N7,8698.225542,11612733591792.572266
O16_g0u1600,8,16,g0u1600,N6-O8,4024.261875,3453277135301.507324
O16_g0u1600,8,16,g0u1600,N7-O8,4023.467607,127852946858.864044
O16_g0u1600,8,16,g0u1600,N7-O9,4023.711416,3580517502034.162109
O16_g0u1600,8,16,g0u1600,O8-P10,2185.462987,1353456182944.314697
O16_g0u1600,8,16,g0u1600,O9-P10,2185.219178,30753295208.393585
O16_g0u1600,8,16,g0u1600,O9-P11,2185.313215,1384083118788.778564
O16_g0u1600,8,16,g0u1600,P10-Q12,1317.650209,613903649752.253418
O16_g0u1600,8,16,g0u1600,P11-Q12,1317.556171,9443160126.226395
O16_g0u1600,8,16,g0u1600,P11-Q13,1317.598467,623312848315.268066
O16_g0u1600,8,16,g0u1600,Q12-R14,855.176375,309982176869.301147
O16_g0u1600,8,16,g0u1600,Q13-R14,855.134080,3443839485.956180
O16_g0u1600,8,16,g0u1600,Q13-R15,855.155329,313415038698.984375
O16_g0u1700,8,16,g0u1700,K1-L2,133507.621909,527132237676036.500000
O16_g0u1700,8,16,g0u1700,K1-L3,133545.944603,526846523963847.812500
O16_g0u1700,8,16,g0u1700,L2-M4,24926.322369,45534626664025.125000
O16_g0u1700,8,16,g0u1700,L3-M4,24887.999675,9090850028137.160156
O16_g0u1700,8,16,g0u1700,L3-M5,24891.773547,54559750177813.992188
O16_g0u1700,8,16,g0u1700,M4-N6,8701.205153,10843187507405.113281
O16_g0u1700,8,16,g0u1700,M5-N6,8697.431281,773998966830.524780
O16_g0u1700,8,16,g0u1700,M5-N7,8698.225550,11612733597971.216797
O16_g0u1700,8,16,g0u1700,N6-O8,4024.261877,3453277136032.762207
O16_g0u1700,8,16,g0u1700,N7-O8,4023.467608,127852946885.926056
O16_g0u1700,8,16,g0u1700,N7-O9,4023.711417,3580517502792.235840
O16_g0u1700,8,16,g0u1700,O8-P10,2185.462987,1353456183053.458008
O16_g0u1700,8,16,g0u1700,O9-P10,2185.219178,30753295210.877476
O16_g0u1700,8,16,g0u1700,O9-P11,2185.313216,1384083118863.640625
O16_g0u1700,8,16,g0u1700,P10-Q12,1317.650209,613903649759.106812
O16_g0u1700,8,16,g0u1700,P11-Q12,1317.556171,9443160126.301060
O16_g0u1700,8,16,g0u1700,P11-Q13,1317.598467,623312848321.158569
O16_g0u1700,8,16,g0u1700,Q12-R14,855.176375,309982176872.378540
O16_g0u1700,8,16,g0u1700,Q13-R14,855.134080,3443839485.987441
O16_g0u1700,8,16,g0u1700,Q13-R15,855.155330,313415038702.137512
O16_g0u1800,8,16,g0u1800,K1-L2,133507.622310,527132238189390.562500
O16_g0u1800,8,16,g0u1800,K1-L3,133545.945004,526846524478074.875000
O16_g0u1800,8,16,g0u1800,L2-M4,24926.322399,45534626705009.312500
O16_g0u1800,8,16,g0u1800,L3-M4,24887.999705,9090850036317.695312
O16_g0u1800,8,16,g0u1800,L3-M5,24891.773577,54559750227019.273438
O16_g0u1800,8,16,g0u1800,M4-N6,8701.205159,10843187512350.853516
O16_g0u1800,8,16,g0u1800,M5-N6,8697.431287,773998967183.318604
O16_g0u1800,8,16,g0u1800,M5-N7,8698.225556,11612733603350.064453
O16_g0u1800,8,16,g0u1800,N6-O8,4024.261879,3453277136644.187012
O16_g0u1800,8,16,g0u1800,N7-O8,4023.467610,127852946908.561340
O16_g0u1800,8,16,g0u1800,N7-O9,4023.711419,3580517503425.208496
O16_g0u1800,8,16,g0u1800,O8-P10,2185.462988,1353456183122.826172
O16_g0u1800,8,16,g0u1800,O9-P10,2185.219178,30753295212.440800
O16_g0u1800,8,16,g0u1800,O9-P11,2185.313216,1384083118934.658691
O16_g0u1800,8,16,g0u1800,P10-Q12,1317.650209,613903649760.670410
O16_g0u1800,8,16,g0u1800,P11-Q12,1317.556171,9443160126.319136
O16_g0u1800,8,16,g0u1800,P11-Q13,1317.598467,623312848322.813477
O16_g0u1800,8,16,g0u1800,Q12-R14,855.176375,309982176874.853455
O16_g0u1800,8,16,g0u1800,Q13-R14,855.134080,3443839486.009579
O16_g0u1800,8,16,g0u1800,Q13-R15,855.155330,313415038704.714417
O16_g0u1900,8,16,g0u1900,K1-L2,133507.622651,527132238644052.812500
O16_g0u1900,8,16,g0u1900,K1-L3,133545.945345,526846524933658.375000
O16_g0u1900,8,16,g0u1900,L2-M4,24926.322426,45534626740712.687500
O16_g0u1900,8,16,g0u1900,L3-M4,24887.999732,9090850043443.751953
O16_g0u1900,8,16,g0u1900,L3-M5,24891.773604,54559750269903.703125
O16_g0u1900,8,16,g0u1900,M4-N6,8701.205165,10843187516700.267578
O16_g0u1900,8,16,g0u1900,M5-N6,8697.431293,773998967493.597778
O16_g0u1900,8,16,g0u1900,M5-N7,8698.225562,11612733608001.433594
O16_g0u1900,8,16,g0u1900,N6-O8,4024.261880,3453277137195.146973
O16_g0u1900,8,16,g0u1900,N7-O8,4023.467611,127852946928.951187
O16_g0u1900,8,16,g0u1900,N7-O9,4023.711420,3580517503996.009766
O16_g0u1900,8,16,g0u1900,O8-P10,2185.462988,1353456183196.028076
O16_g0u1900,8,16,g0u1900,O9-P10,2185.219179,30753295214.107578
O16_g0u1900,8,16,g0u1900,O9-P11,2185.313216,1384083119009.416260
O16_g0u1900,8,16,g0u1900,P10-Q12,1317.650209,613903649759.094604
O16_g0u1900,8,16,g0u1900,P11-Q12,1317.556171,9443160126.300282
O16_g0u1900,8,16,g0u1900,P11-Q13,1317.598467,623312848321.149292
O16_g0u1900,8,16,g0u1900,Q12-R14,855.176375,309982176876.836731
O16_g0u1900,8,16,g0u1900,Q13-R14,855.134080,3443839486.024111
O16_g0u1900,8,16,g0u1900,Q13-R15,855.155330,313415038706.821838
O16_g0u2000,8,16,g0u2000,K1-L2,133507.622950,527132239043010.687500
O16_g0u2000,8,16,g0u2000,K1-L3,133545.945644,526846525333477.437500
O16_g0u2000,8,16,g0u2000,L2-M4,24926.322449,45534626772025.023438
O16_g0u2000,8,16,g0u2000,L3-M4,24887.999755,9090850049693.246094
O16_g0u2000,8,16,g0u2000,L3-M5,24891.773627,54559750307362.218750
O16_g0u2000,8,16,g0u2000,M4-N6,8701.205170,10843187520496.750000
O16_g0u2000,8,16,g0u2000,M5-N6,8697.431298,773998967764.506714
O16_g0u2000,8,16,g0u2000,M5-N7,8698.225567,11612733612064.082031
O16_g0u2000,8,16,g0u2000,N6-O8,4024.261881,3453277137680.040039
O16_g0u2000,8,16,g0u2000,N7-O8,4023.467612,127852946946.881638
O16_g0u2000,8,16,g0u2000,N7-O9,4023.711421,3580517504498.498047
O16_g0u2000,8,16,g0u2000,O8-P10,2185.462988,1353456183242.507080
O16_g0u2000,8,16,g0u2000,O9-P10,2185.219179,30753295215.168068
O16_g0u2000,8,16,g0u2000,O9-P11,2185.313216,1384083119056.862793
O16_g0u2000,8,16,g0u2000,P10-Q12,1317.650209,613903649779.762329
O16_g0u2000,8,16,g0u2000,P11-Q12,1317.556172,9443160126.609465
O16_g0u2000,8,16,g0u2000,P11-Q13,1317.598467,623312848342.227295
O16_g0u2000,8,16,g0u2000,Q12-R14,855.176375,309982176879.732361
O16_g0u2000,8,16,g0u2000,Q13-R14,855.134080,3443839486.068152
O16_g0u2000,8,16,g0u2000,Q13-R15,855.155330,313415038709.583984
O16_g0u2100,8,16,g0u2100,K1-L2,133507.623210,527132239397300.500000
O16_g0u2100,8,16,g0u2100,K1-L3,133545.945904,526846525688510.500000
O16_g0u2100,8,16,g0u2100,L2-M4,24926.322470,45534626799629.304688
O16_g0u2100,8,16,g0u2100,L3-M4,24887.999775,9090850055202.779297
O16_g0u2100,8,16,g0u2100,L3-M5,24891.773648,54559750340557.484375
O16_g0u2100,8,16,g0u2100,M4-N6,8701.205174,10843187523871.232422
O16_g0u2100,8,16,g0u2100,M5-N6,8697.431302,773998968005.211060
O16_g0u2100,8,16,g0u2100,M5-N7,8698.225571,11612733615672.164062
O16_g0u2100,8,16,g0u2100,N6-O8,4024.261882,3453277138135.502441
O16_g0u2100,8,16,g0u2100,N7-O8,4023.467613,127852946963.750916
O16_g0u2100,8,16,g0u2100,N7-O9,4023.711422,3580517504916.055176
O16_g0u2100,8,16,g0u2100,O8-P10,2185.462988,1353456183302.866211
O16_g0u2100,8,16,g0u2100,O9-P10,2185.219179,30753295216.508747
O16_g0u2100,8,16,g0u2100,O9-P11,2185.313217,1384083119117.968506
O16_g0u2100,8,16,g0u2100,P10-Q12,1317.650209,613903649772.803711
O16_g0u2100,8,16,g0u2100,P11-Q12,1317.556172,9443160126.508532
O16_g0u2100,8,16,g0u2100,P11-Q13,1317.598467,623312848335.082520
O16_g0u2100,8,16,g0u2100,Q12-R14,855.176375,309982176880.966248
O16_g0u2100,8,16,g0u2100,Q13-R14,855.134080,3443839486.071379
O16_g0u2100,8,16,g0u2100,Q13-R15,855.155330,313415038710.977112
O16_g0u2200,8,16,g0u2200,K1-L2,133507.623494,527132239660450.000000
O16_g0u2200,8,16,g0u2200,K1-L3,133545.946188,526846525952070.250000
O16_g0u2200,8,16,g0u2200,L2-M4,24926.322488,45534626824138.429688
O16_g0u2200,8,16,g0u2200,L3-M4,24887.999794,9090850060095.505859
O16_g0u2200,8,16,g0u2200,L3-M5,24891.773666,54559750369884.335938
O16_g0u2200,8,16,g0u2200,M4-N6,8701.205178,10843187526893.611328
O16_g0u2200,8,16,g0u2200,M5-N6,8697.431306,773998968220.880005
O16_g0u2200,8,16,g0u2200,M5-N7,8698.225575,11612733618817.294922
O16_g0u2200,8,16,g0u2200,N6-O8,4024.261883,3453277138486.140625
O16_g0u2200,8,16,g0u2200,N7-O8,4023.467614,127852946976.699966
O16_g0u2200,8,16,g0u2200,N7-O9,4023.711423,3580517505279.929688
O16_g0u2200,8,16,g0u2200,O8-P10,2185.462988,1353456183343.644531
O16_g0u2200,8,16,g0u2200,O9-P10,2185.219179,30753295217.415684
O16_g0u2200,8,16,g0u2200,O9-P11,2185.313217,1384083119159.823242
O16_g0u2200,8,16,g0u2200,P10-Q12,1317.650209,613903649789.146118
O16_g0u2200,8,16,g0u2200,P11-Q12,1317.556172,9443160126.757156
O16_g0u2200,8,16,g0u2200,P11-Q13,1317.598467,623312848351.704590
O16_g0u2200,8,16,g0u2200,Q12-R14,855.176375,309982176883.233704
O16_g0u2200,8,16,g0u2200,Q13-R14,855.134080,3443839486.105917
O16_g0u2200,8,16,g0u2200,Q13-R15,855.155330,313415038713.140503
O16_g0u2300,8,16,g0u2300,K1-L2,133507.623286,527132240352091.812500
O16_g0u2300,8,16,g0u2300,K1-L3,133545.945980,526846526643780.125000
O16_g0u2300,8,16,g0u2300,L2-M4,24926.322504,45534626846006.835938
O16_g0u2300,8,16,g0u2300,L3-M4,24887.999810,9090850064457.330078
O16_g0u2300,8,16,g0u2300,L3-M5,24891.773682,54559750396199.968750
O16_g0u2300,8,16,g0u2300,M4-N6,8701.205182,10843187529505.701172
O16_g0u2300,8,16,g0u2300,M5-N6,8697.431310,773998968407.164917
O16_g0u2300,8,16,g0u2300,M5-N7,8698.225579,11612733621698.816406
O16_g0u2300,8,16,g0u2300,N6-O8,4024.261883,3453277138808.400391
O16_g0u2300,8,16,g0u2300,N7-O8,4023.467615,127852946988.632065
O16_g0u2300,8,16,g0u2300,N7-O9,4023.711424,3580517505667.614258
O16_g0u2300,8,16,g0u2300,O8-P10,2185.462988,1353456183368.593994
O16_g0u2300,8,16,g0u2300,O9-P10,2185.219179,30753295218.029514
O16_g0u2300,8,16,g0u2300,O9-P11,2185.313217,1384083119222.353516
O16_g0u2300,8,16,g0u2300,P10-Q12,1317.650209,613903649777.531494
O16_g0u2300,8,16,g0u2300,P11-Q12,1317.556172,9443160126.612494
O16_g0u2300,8,16,g0u2300,P11-Q13,1317.598467,623312848367.116089
O16_g0u2300,8,16,g0u2300,Q12-R14,855.176375,309982176883.936157
O16_g0u2300,8,16,g0u2300,Q13-R14,855.134080,3443839486.136672
O16_g0u2300,8,16,g0u2300,Q13-R15,855.155330,313415038715.071106
O16_g0u2400,8,16,g0u2400,K1-L2,133507.621407,527132242652446.812500
O16_g0u2400,8,16,g0u2400,K1-L3,133545.944101,526846528942797.437500
O16_g0u2400,8,16,g0u2400,L2-M4,24926.322518,45534626865873.437500
O16_g0u2400,8,16,g0u2400,L3-M4,24887.999824,9090850068406.568359
O16_g0u2400,8,16,g0u2400,L3-M5,24891.773696,54559750419873.093750
O16_g0u2400,8,16,g0u2400,M4-N6,8701.205185,10843187531943.835938
O16_g0u2400,8,16,g0u2400,M5-N6,8697.431313,773998968581.187744
O16_g0u2400,8,16,g0u2400,M5-N7,8698.225582,11612733624307.710938
O16_g0u2400,8,16,g0u2400,N6-O8,4024.261884,3453277139120.829590
O16_g0u2400,8,16,g0u2400,N7-O8,4023.467615,127852947000.234741
O16_g0u2400,8,16,g0u2400,N7-O9,4023.711425,3580517505936.702637
O16_g0u2400,8,16,g0u2400,O8-P10,2185.462989,1353456183416.059814
O16_g0u2400,8,16,g0u2400,O9-P10,2185.219179,30753295219.059738
O16_g0u2400,8,16,g0u2400,O9-P11,2185.313217,1384083119233.813965
O16_g0u2400,8,16,g0u2400,P10-Q12,1317.650209,613903649791.089844
O16_g0u2400,8,16,g0u2400,P11-Q12,1317.556172,9443160126.782990
O16_g0u2400,8,16,g0u2400,P11-Q13,1317.598467,623312848353.718628
O16_g0u2400,8,16,g0u2400,Q12-R14,855.176375,309982176866.088196
O16_g0u2400,8,16,g0u2400,Q13-R14,855.134080,3443839485.909117
O16_g0u2400,8,16,g0u2400,Q13-R15,855.155330,313415038715.758423
O16_g2u1000,8,16,g2u1000,K1-L2,133507.629878,527132360234180.562500
O16_g2u1000,8,16,g2u1000,K1-L3,133545.952572,526846389644511.875000
O16_g2u1000,8,16,g2u1000,L2-M4,24926.321748,45534623197388.453125
O16_g2u1000,8,16,g2u1000,L3-M4,24887.999055,9090849187573.027344
O16_g2u1000,8,16,g2u1000,L3-M5,24891.772926,54559745061786.882812
O16_g2u1000,8,16,g2u1000,M4-N6,8701.204991,10843187738357.425781
O16_g2u1000,8,16,g2u1000,M5-N6,8697.431119,773999064276.229370
O16_g2u1000,8,16,g2u1000,M5-N7,8698.225389,11612733082769.628906
O16_g2u1000,8,16,g2u1000,N6-O8,4024.261864,3453277192009.871582
O16_g2u1000,8,16,g2u1000,N7-O8,4023.467594,127852961041.021820
O16_g2u1000,8,16,g2u1000,N7-O9,4023.711404,3580517435838.368164
O16_g2u1000,8,16,g2u1000,O8-P10,2185.462990,1353456188854.354980
O16_g2u1000,8,16,g2u1000,O9-P10,2185.219179,30753296493.257565
O16_g2u1000,8,16,g2u1000,O9-P11,2185.313218,1384083109240.294189
O16_g2u1000,8,16,g2u1000,P10-Q12,1317.650209,613903650972.437622
O16_g2u1000,8,16,g2u1000,P11-Q12,1317.556170,9443160168.827799
O16_g2u1000,8,16,g2u1000,P11-Q13,1317.598467,623312847894.718384
O16_g2u1000,8,16,g2u1000,Q12-R14,855.176375,309982178584.853027
O16_g2u1000,8,16,g2u1000,Q13-R14,855.134079,3443839697.719955
O16_g2u1000,8,16,g2u1000,Q13-R15,855.155329,313415036497.257019
Na23_g0u0050,11,23,g0u0050,K1-L2,250126.189082,1873116890920148.000000
Na23_g0u0050,11,23,g0u0050,K1-L3,250263.356186,1871329586525285.250000
Na23_g0u0050,11,23,g0u0050,L2-M4,47334.213062,163526991676845.625000
Na23_g0u0050,11,23,g0u0050,L3-M4,47197.045957,32596497048483.957031
Na23_g0u0050,11,23,g0u0050,L3-M5,47210.589195,195679164701174.656250
Na23_g0u0050,11,23,g0u0050,M4-N6,16501.120691,38885519841197.968750
Na23_g0u0050,11,23,g0u0050,M5-N6,16487.577454,2774043304782.596191
Na23_g0u0050,11,23,g0u0050,M5-N7,16490.425432,41629385400629.679688
Na23_g0u0050,11,23,g0u0050,N6-O8,7627.976711,12376370228806.607422
Na23_g0u0050,11,23,g0u0050,N7-O8,7625.128733,458070359587.528992
Na23_g0u0050,11,23,g0u0050,N7-O9,7626.002505,12830292579320.929688
Na23_g0u0050,11,23,g0u0050,O8-P10,4141.602049,4849321198567.939453
Na23_g0u0050,11,23,g0u0050,O9-P10,4140.728277,110163833105.091537
Na23_g0u0050,11,23,g0u0050,O9-P11,4141.065210,4958630251857.797852
Na23_g0u0050,11,23,g0u0050,P10-Q12,2496.786111,2199296105062.320801
Na23_g0u0050,11,23,g0u0050,P11-Q12,2496.449178,33825065606.821297
Na23_g0u0050,11,23,g0u0050,P11-Q13,2496.600706,2232891681046.636230
Na23_g0u0050,11,23,g0u0050,Q12-R14,1620.383105,1110450025987.349609
Na23_g0u0050,11,23,g0u0050,Q13-R14,1620.231577,12335571096.790298
Na23_g0u0050,11,23,g0u0050,Q13-R15,1620.307705,1122711125129.330322
Na23_g0u0100,11,23,g0u0100,K1-L2,250132.417711,1873157624571968.750000
Na23_g0u0100,11,23,g0u0100,K1-L3,250269.586554,1871370261885449.250000
Na23_g0u0100,11,23,g0u0100,L2-M4,47334.318101,163527642658806.562500
Na23_g0u0100,11,23,g0u0100,L3-M4,47197.149258,32596629635061.789062
Na23_g0u0100,11,23,g0u0100,L3-M5,47210.692549,195679945705097.625000
Na23_g0u0100,11,23,g0u0100,M4-N6,16501.146949,38885627101380.882812
Na23_g0u0100,11,23,g0u0100,M5-N6,16487.603658,2774050660419.860352
Na23_g0u0100,11,23,g0u0100,M5-N7,16490.451644,41629495774817.429688
Na23_g0u0100,11,23,g0u0100,N6-O8,7627.983896,12376389054879.951172
Na23_g0u0100,11,23,g0u0100,N7-O8,7625.135910,458071109901.426575
Na23_g0u0100,11,23,g0u0100,N7-O9,7626.009684,12830313592672.046875
Na23_g0u0100,11,23,g0u0100,O8-P10,4141.603945,4849324491535.919922
Na23_g0u0100,11,23,g0u0100,O9-P10,4140.730172,110163907918.763763
Na23_g0u0100,11,23,g0u0100,O9-P11,4141.067105,4958633619211.993164
Na23_g0u0100,11,23,g0u0100,P10-Q12,2496.786573,2199296690789.368164
Na23_g0u0100,11,23,g0u0100,P11-Q12,2496.449639,33825074615.952843
Na23_g0u0100,11,23,g0u0100,P11-Q13,2496.601167,2232892076963.194824
Na23_g0u0100,11,23,g0u0100,Q12-R14,1620.383207,1110450055241.522217
Na23_g0u0100,11,23,g0u0100,Q13-R14,1620.231679,12335572267.823650
Na23_g0u0100,11,23,g0u0100,Q13-R15,1620.307806,1122711231718.481689
Na23_g0u0150,11,23,g0u0150,K1-L2,250133.552053,1873165449394023.750000
Na23_g0u0150,11,23,g0u0150,K1-L3,250270.721251,1871378037725210.750000
Na23_g0u0150,11,23,g0u0150,L2-M4,47334.343962,163527800776444.125000
Na23_g0u0150,11,23,g0u0150,L3-M4,47197.174764,32596658775505.710938
Na23_g0u0150,11,23,g0u0150,L3-M5,47210.718068,195680120623784.312500
Na23_g0u0150,11,23,g0u0150,M4-N6,16501.153385,38885654753371.687500
Na23_g0u0150,11,23,g0u0150,M5-N6,16487.610081,2774052334732.274414
Na23_g0u0150,11,23,g0u0150,M5-N7,16490.458069,41629525386280.101562
Na23_g0u0150,11,23,g0u0150,N6-O8,7627.985659,12376393728804.964844
Na23_g0u0150,11,23,g0u0150,N7-O8,7625.137671,458071282920.404602
Na23_g0u0150,11,23,g0u0150,N7-O9,7626.011445,12830316943108.843750
Na23_g0u0150,11,23,g0u0150,O8-P10,4141.604411,4849325309801.751953
Na23_g0u0150,11,23,g0u0150,O9-P10,4140.730637,110163926509.240082
Na23_g0u0150,11,23,g0u0150,O9-P11,4141.067571,4958634455847.018555
Na23_g0u0150,11,23,g0u0150,P10-Q12,2496.786686,2199296738662.192871
Na23_g0u0150,11,23,g0u0150,P11-Q12,2496.449752,33825075351.837299
Na23_g0u0150,11,23,g0u0150,P11-Q13,2496.601280,2232892125523.841309
Na23_g0u0150,11,23,g0u0150,Q12-R14,1620.383232,1110450062453.235107
Na23_g0u0150,11,23,g0u0150,Q13-R14,1620.231704,12335572347.909002
Na23_g0u0150,11,23,g0u0150,Q13-R15,1620.307831,1122711239002.552979
Na23_g0u0200,11,23,g0u0200,K1-L2,250133.951026,1873168276888747.000000
Na23_g0u0200,11,23,g0u0200,K1-L3,250271.120358,1871380848172997.500000
Na23_g0u0200,11,23,g0u0200,L2-M4,47334.354713,163527867647644.156250
Na23_g0u0200,11,23,g0u0200,L3-M4,47197.185380,32596672136862.058594
Na23_g0u0200,11,23,g0u0200,L3-M5,47210.728690,195680215535634.281250
Na23_g0u0200,11,23,g0u0200,M4-N6,16501.156064,38885663477751.148438
Na23_g0u0200,11,23,g0u0200,M5-N6,16487.612754,2774053256440.975098
Na23_g0u0200,11,23,g0u0200,M5-N7,16490.460742,41629539214838.484375
Na23_g0u0200,11,23,g0u0200,N6-O8,7627.986392,12376395916133.851562
Na23_g0u0200,11,23,g0u0200,N7-O8,7625.138404,458071363895.639404
Na23_g0u0200,11,23,g0u0200,N7-O9,7626.012178,12830319210833.492188
Na23_g0u0200,11,23,g0u0200,O8-P10,4141.604605,4849325433869.882812
Na23_g0u0200,11,23,g0u0200,O9-P10,4140.730831,110163929326.146881
Na23_g0u0200,11,23,g0u0200,O9-P11,4141.067765,4958635114902.327148
Na23_g0u0200,11,23,g0u0200,P10-Q12,2496.786733,2199296758576.879395
Na23_g0u0200,11,23,g0u0200,P11-Q12,2496.449800,33825075658.010883
Na23_g0u0200,11,23,g0u0200,P11-Q13,2496.601327,2232892344485.764648
Na23_g0u0200,11,23,g0u0200,Q12-R14,1620.383242,1110450065486.264404
Na23_g0u0200,11,23,g0u0200,Q13-R14,1620.231714,12335572381.560308
Na23_g0u0200,11,23,g0u0200,Q13-R15,1620.307842,1122711319061.995850
Na23_g0u0250,11,23,g0u0250,K1-L2,250134.137949,1873169727974498.250000
Na23_g0u0250,11,23,g0u0250,K1-L3,250271.307348,1871382079115103.250000
Na23_g0u0250,11,23,g0u0250,L2-M4,47334.360356,163527907991215.187500
Na23_g0u0250,11,23,g0u0250,L3-M4,47197.190957,32596680198646.589844
Na23_g0u0250,11,23,g0u0250,L3-M5,47210.734270,195680249188449.250000
Na23_g0u0250,11,23,g0u0250,M4-N6,16501.157471,38885665861387.898438
Na23_g0u0250,11,23,g0u0250,M5-N6,16487.614159,2774053725551.703613
Na23_g0u0250,11,23,g0u0250,M5-N7,16490.462147,41629541766810.242188
Na23_g0u0250,11,23,g0u0250,N6-O8,7627.986778,12376397750031.656250
Na23_g0u0250,11,23,g0u0250,N7-O8,7625.138789,458071378383.039917
Na23_g0u0250,11,23,g0u0250,N7-O9,7626.012564,12830319616944.197266
Na23_g0u0250,11,23,g0u0250,O8-P10,4141.604707,4849325499054.060547
Na23_g0u0250,11,23,g0u0250,O9-P10,4140.730933,110163942633.980728
Na23_g0u0250,11,23,g0u0250,O9-P11,4141.067867,4958635181623.577148
Na23_g0u0250,11,23,g0u0250,P10-Q12,2496.786758,2199296769050.608398
Na23_g0u0250,11,23,g0u0250,P11-Q12,2496.449824,33825075819.083138
Na23_g0u0250,11,23,g0u0250,P11-Q13,2496.601352,2232892355162.219238
Na23_g0u0250,11,23,g0u0250,Q12-R14,1620.383248,1110450067069.024170
Na23_g0u0250,11,23,g0u0250,Q13-R14,1620.231720,12335572399.188751
Na23_g0u0250,11,23,g0u0250,Q13-R15,1620.307847,1122711320662.813965
Na23_g0u0300,11,23,g0u0300,K1-L2,250134.240907,1873170359877391.000000
Na23_g0u0300,11,23,g0u0300,K1-L3,250271.410344,1871382707477155.000000
Na23_g0u0300,11,23,g0u0300,L2-M4,47334.363742,163527929754161.000000
Na23_g0u0300,11,23,g0u0300,L3-M4,47197.194306,32596684546571.996094
Na23_g0u0300,11,23,g0u0300,L3-M5,47210.737620,195680275282084.375000
Na23_g0u0300,11,23,g0u0300,M4-N6,16501.158317,38885671482145.117188
Na23_g0u0300,11,23,g0u0300,M5-N6,16487.615002,2774053827610.997070
Na23_g0u0300,11,23,g0u0300,M5-N7,16490.462991,41629547786196.476562
Na23_g0u0300,11,23,g0u0300,N6-O8,7627.987010,12376397985305.650391
Na23_g0u0300,11,23,g0u0300,N7-O8,7625.139021,458071387084.790833
Na23_g0u0300,11,23,g0u0300,N7-O9,7626.012795,12830321356138.904297
Na23_g0u0300,11,23,g0u0300,O8-P10,4141.604768,4849325538273.136719
Na23_g0u0300,11,23,g0u0300,O9-P10,4140.730994,110163943524.377625
Na23_g0u0300,11,23,g0u0300,O9-P11,4141.067928,4958635221684.287109
Na23_g0u0300,11,23,g0u0300,P10-Q12,2496.786773,2199296775335.312988
Na23_g0u0300,11,23,g0u0300,P11-Q12,2496.449839,33825075915.666878
Na23_g0u0300,11,23,g0u0300,P11-Q13,2496.601367,2232892361585.954590
Na23_g0u0300,11,23,g0u0300,Q12-R14,1620.383251,1110450068001.991699
Na23_g0u0300,11,23,g0u0300,Q13-R14,1620.231723,12335572409.596991
Na23_g0u0300,11,23,g0u0300,Q13-R15,1620.307850,1122711321644.946533
Na23_g0u0350,11,23,g0u0350,K1-L2,250134.303856,1873170789367257.500000
Na23_g0u0350,11,23,g0u0350,K1-L3,250271.473317,1871383346201239.500000
Na23_g0u0350,11,23,g0u0350,L2-M4,47334.365960,163527948250153.906250
Na23_g0u0350,11,23,g0u0350,L3-M4,47197.196500,32596688242973.144531
Na23_g0u0350,11,23,g0u0350,L3-M5,47210.739815,195680297457980.312500
Na23_g0u0350,11,23,g0u0350,M4-N6,16501.158871,38885672420648.562500
Na23_g0u0350,11,23,g0u0350,M5-N6,16487.615555,2774054193724.199707
Na23_g0u0350,11,23,g0u0350,M5-N7,16490.463544,41629548791043.085938
Na23_g0u0350,11,23,g0u0350,N6-O8,7627.987161,12376398139601.960938
Na23_g0u0350,11,23,g0u0350,N7-O8,7625.139172,458071446207.521118
Na23_g0u0350,11,23,g0u0350,N7-O9,7626.012947,12830321516072.236328
Na23_g0u0350,11,23,g0u0350,O8-P10,4141.604808,4849325563993.351562
Na23_g0u0350,11,23,g0u0350,O9-P10,4140.731034,110163944108.367798
Na23_g0u0350,11,23,g0u0350,O9-P11,4141.067968,4958635247955.918945
Na23_g0u0350,11,23,g0u0350,P10-Q12,2496.786783,2199296779495.087402
Na23_g0u0350,11,23,g0u0350,P11-Q12,2496.449849,33825075979.602997
Na23_g0u0350,11,23,g0u0350,P11-Q13,2496.601377,2232892365755.374023
Na23_g0u0350,11,23,g0u0350,Q12-R14,1620.383253,1110450068627.506348
Na23_g0u0350,11,23,g0u0350,Q13-R14,1620.231725,12335572416.495386
Na23_g0u0350,11,23,g0u0350,Q13-R15,1620.307853,1122711322274.498779
Na23_g0u0400,11,23,g0u0400,K1-L2,250134.345265,1873171009253793.500000
Na23_g0u0400,11,23,g0u0400,K1-L3,250271.514742,1871383564953073.750000
Na23_g0u0400,11,23,g0u0400,L2-M4,47334.367505,163527952585269.281250
Na23_g0u0400,11,23,g0u0400,L3-M4,47197.198028,32596689107174.230469
Na23_g0u0400,11,23,g0u0400,L3-M5,47210.741344,195680302654488.843750
Na23_g0u0400,11,23,g0u0400,M4-N6,16501.159257,38885673074967.062500
Na23_g0u0400,11,23,g0u0400,M5-N6,16487.615941,2774054240358.733398
Na23_g0u0400,11,23,g0u0400,M5-N7,16490.463930,41629553977760.757812
Na23_g0u0400,11,23,g0u0400,N6-O8,7627.987267,12376398247186.605469
Na23_g0u0400,11,23,g0u0400,N7-O8,7625.139278,458071450186.560364
Na23_g0u0400,11,23,g0u0400,N7-O9,7626.013053,12830321627547.857422
Na23_g0u0400,11,23,g0u0400,O8-P10,4141.604836,4849325581859.833008
Na23_g0u0400,11,23,g0u0400,O9-P10,4140.731062,110163944514.003250
Na23_g0u0400,11,23,g0u0400,O9-P11,4141.067996,4958635266274.329102
Na23_g0u0400,11,23,g0u0400,P10-Q12,2496.786790,2199296782350.319336
Na23_g0u0400,11,23,g0u0400,P11-Q12,2496.449856,33825076023.522511
Na23_g0u0400,11,23,g0u0400,P11-Q13,2496.601384,2232892368702.955078
Na23_g0u0400,11,23,g0u0400,Q12-R14,1620.383255,1110450069083.418701
Na23_g0u0400,11,23,g0u0400,Q13-R14,1620.231727,12335572421.605194
Na23_g0u0400,11,23,g0u0400,Q13-R15,1620.307854,1122711322699.690186
Na23_g0u0450,11,23,g0u0450,K1-L2,250134.374018,1873171442823983.500000
Na23_g0u0450,11,23,g0u0450,K1-L3,250271.543507,1871383784390362.000000
Na23_g0u0450,11,23,g0u0450,L2-M4,47334.368632,163527968026445.031250
Na23_g0u0450,11,23,g0u0450,L3-M4,47197.199144,32596692194454.535156
Na23_g0u0450,11,23,g0u0450,L3-M5,47210.742460,195680321167592.812500
Na23_g0u0450,11,23,g0u0450,M4-N6,16501.159539,38885673552287.187500
Na23_g0u0450,11,23,g0u0450,M5-N6,16487.616222,2774054274378.134766
Na23_g0u0450,11,23,g0u0450,M5-N7,16490.464211,41629554489059.460938
Na23_g0u0450,11,23,g0u0450,N6-O8,7627.987345,12376398325673.072266
Na23_g0u0450,11,23,g0u0450,N7-O8,7625.139355,458071453089.500977
Na23_g0u0450,11,23,g0u0450,N7-O9,7626.013130,12830321708898.201172
Na23_g0u0450,11,23,g0u0450,O8-P10,4141.604857,4849325594993.110352
Na23_g0u0450,11,23,g0u0450,O9-P10,4140.731082,110163944812.195251
Na23_g0u0450,11,23,g0u0450,O9-P11,4141.068016,4958635279620.007812
Na23_g0u0450,11,23,g0u0450,P10-Q12,2496.786795,2199296784438.400879
Na23_g0u0450,11,23,g0u0450,P11-Q12,2496.449861,33825076055.562531
Na23_g0u0450,11,23,g0u0450,P11-Q13,2496.601389,2232892370818.692383
Na23_g0u0450,11,23,g0u0450,Q12-R14,1620.383256,1110450069395.347168
Na23_g0u0450,11,23,g0u0450,Q13-R14,1620.231728,12335572425.054214
Na23_g0u0450,11,23,g0u0450,Q13-R15,1620.307855,1122711323052.517334
Na23_g0u0500,11,23,g0u0500,K1-L2,250134.394837,1873171450282294.500000
Na23_g0u0500,11,23,g0u0500,K1-L3,250271.564334,1871384003562940.750000
Na23_g0u0500,11,23,g0u0500,L2-M4,47334.369484,163527970418485.687500
Na23_g0u0500,11,23,g0u0500,L3-M4,47197.199987,32596692671244.929688
Na23_g0u0500,11,23,g0u0500,L3-M5,47210.743304,195680324034829.656250
Na23_g0u0500,11,23,g0u0500,M4-N6,16501.159752,38885678101999.960938
Na23_g0u0500,11,23,g0u0500,M5-N6,16487.616435,2774054300102.208496
Na23_g0u0500,11,23,g0u0500,M5-N7,16490.464424,41629554875500.359375
Na23_g0u0500,11,23,g0u0500,N6-O8,7627.987403,12376398384979.125000
Na23_g0u0500,11,23,g0u0500,N7-O8,7625.139414,458071455282.944519
Na23_g0u0500,11,23,g0u0500,N7-O9,7626.013188,12830321770394.744141
Na23_g0u0500,11,23,g0u0500,O8-P10,4141.604872,4849325604859.653320
Na23_g0u0500,11,23,g0u0500,O9-P10,4140.731098,110163945036.205841
Na23_g0u0500,11,23,g0u0500,O9-P11,4141.068032,4958635821954.913086
Na23_g0u0500,11,23,g0u0500,P10-Q12,2496.786799,2199296786047.787109
Na23_g0u0500,11,23,g0u0500,P11-Q12,2496.449865,33825076080.366760
Na23_g0u0500,11,23,g0u0500,P11-Q13,2496.601392,2232892372452.827637
Na23_g0u0500,11,23,g0u0500,Q12-R14,1620.383257,1110450069628.447021
Na23_g0u0500,11,23,g0u0500,Q13-R14,1620.231729,12335572427.657030
Na23_g0u0500,11,23,g0u0500,Q13-R15,1620.307856,1122711323287.740967
Na23_g0u0550,11,23,g0u0550,K1-L2,250134.410418,1873171670113459.250000
Na23_g0u0550,11,23,g0u0550,K1-L3,250271.579922,1871384222140665.000000
Na23_g0u0550,11,23,g0u0550,L2-M4,47334.370146,163527972279124.593750
Na23_g0u0550,11,23,g0u0550,L3-M4,47197.200642,32596693042099.035156
Na23_g0u0550,11,23,g0u0550,L3-M5,47210.743959,195680326264611.062500
Na23_g0u0550,11,23,g0u0550,M4-N6,16501.159917,38885678382734.476562
Na23_g0u0550,11,23,g0u0550,M5-N6,16487.616600,2774054320110.902832
Na23_g0u0550,11,23,g0u0550,M5-N7,16490.464589,41629555175933.421875
Na23_g0u0550,11,23,g0u0550,N6-O8,7627.987448,12376398431085.449219
Na23_g0u0550,11,23,g0u0550,N7-O8,7625.139459,458071456988.148438
Na23_g0u0550,11,23,g0u0550,N7-O9,7626.013234,12830321818227.974609
Na23_g0u0550,11,23,g0u0550,O8-P10,4141.604884,4849325612517.792969
Na23_g0u0550,11,23,g0u0550,O9-P10,4140.731110,110163945210.089523
Na23_g0u0550,11,23,g0u0550,O9-P11,4141.068044,4958635829777.875977
Na23_g0u0550,11,23,g0u0550,P10-Q12,2496.786802,2199296787299.104980
Na23_g0u0550,11,23,g0u0550,P11-Q12,2496.449868,33825076099.570210
Na23_g0u0550,11,23,g0u0550,P11-Q13,2496.601395,2232892373722.311523
Na23_g0u0550,11,23,g0u0550,Q12-R14,1620.383257,1110450069826.318604
Na23_g0u0550,11,23,g0u0550,Q13-R14,1620.231729,12335572429.867352
Na23_g0u0550,11,23,g0u0550,Q13-R15,1620.307857,1122711323449.876465
Na23_g0u0600,11,23,g0u0600,K1-L2,250134.422400,1873171676343698.250000
Na23_g0u0600,11,23,g0u0600,K1-L3,250271.591909,1871384228435141.500000
Na23_g0u0600,11,23,g0u0600,L2-M4,47334.370672,163527973759884.531250
Na23_g0u0600,11,23,g0u0600,L3-M4,47197.201164,32596693337221.894531
Na23_g0u0600,11,23,g0u0600,L3-M5,47210.744481,195680328039151.000000
Na23_g0u0600,11,23,g0u0600,M4-N6,16501.160049,38885678606245.984375
Na23_g0u0600,11,23,g0u0600,M5-N6,16487.616732,2774054336040.987305
Na23_g0u0600,11,23,g0u0600,M5-N7,16490.464721,41629555415229.765625
Na23_g0u0600,11,23,g0u0600,N6-O8,7627.987485,12376398467805.796875
Na23_g0u0600,11,23,g0u0600,N7-O8,7625.139495,458071458346.352661
Na23_g0u0600,11,23,g0u0600,N7-O9,7626.013270,12830321856343.179688
Na23_g0u0600,11,23,g0u0600,O8-P10,4141.604894,4849326139081.950195
Na23_g0u0600,11,23,g0u0600,O9-P10,4140.731119,110163945349.750885
Na23_g0u0600,11,23,g0u0600,O9-P11,4141.068053,4958635836058.961914
Na23_g0u0600,11,23,g0u0600,P10-Q12,2496.786804,2199296788254.977539
Na23_g0u0600,11,23,g0u0600,P11-Q12,2496.449870,33825076114.279995
Na23_g0u0600,11,23,g0u0600,P11-Q13,2496.601398,2232892374691.546875
Na23_g0u0600,11,23,g0u0600,Q12-R14,1620.383258,1110450069964.991455
Na23_g0u0600,11,23,g0u0600,Q13-R14,1620.231730,12335572431.382221
Na23_g0u0600,11,23,g0u0600,Q13-R15,1620.307857,1122711323627.847656
Na23_g0u0700,11,23,g0u0700,K1-L2,250134.439375,1873171899863849.750000
Na23_g0u0700,11,23,g0u0700,K1-L3,250271.608891,1871384450714648.250000
Na23_g0u0700,11,23,g0u0700,L2-M4,47334.371451,163527975951531.812500
Na23_g0u0700,11,23,g0u0700,L3-M4,47197.201935,32596693774007.511719
Na23_g0u0700,11,23,g0u0700,L3-M5,47210.745253,195680345387068.312500
Na23_g0u0700,11,23,g0u0700,M4-N6,16501.160245,38885678936915.539062
Na23_g0u0700,11,23,g0u0700,M5-N6,16487.616926,2774054359608.242676
Na23_g0u0700,11,23,g0u0700,M5-N7,16490.464916,41629555769173.359375
Na23_g0u0700,11,23,g0u0700,N6-O8,7627.987538,12376398522242.708984
Na23_g0u0700,11,23,g0u0700,N7-O8,7625.139549,458071460359.698486
Na23_g0u0700,11,23,g0u0700,N7-O9,7626.013323,12830321912697.109375
Na23_g0u0700,11,23,g0u0700,O8-P10,4141.604908,4849326148141.505859
Na23_g0u0700,11,23,g0u0700,O9-P10,4140.731134,110163945555.424255
Na23_g0u0700,11,23,g0u0700,O9-P11,4141.068068,4958635845311.817383
Na23_g0u0700,11,23,g0u0700,P10-Q12,2496.786807,2199296789741.345215
Na23_g0u0700,11,23,g0u0700,P11-Q12,2496.449873,33825076137.120907
Na23_g0u0700,11,23,g0u0700,P11-Q13,2496.601401,2232892376199.140625
Na23_g0u0700,11,23,g0u0700,Q12-R14,1620.383258,1110450070166.685059
Na23_g0u0700,11,23,g0u0700,Q13-R14,1620.231731,12335572433.643642
Na23_g0u0700,11,23,g0u0700,Q13-R15,1620.307858,1122711323831.240479
Na23_g0u0800,11,23,g0u0800,K1-L2,250134.450607,1873171908322662.750000
Na23_g0u0800,11,23,g0u0800,K1-L3,250271.620128,1871384459237586.750000
Na23_g0u0800,11,23,g0u0800,L2-M4,47334.371995,163527989757796.093750
Na23_g0u0800,11,23,g0u0800,L3-M4,47197.202473,32596696535311.593750
Na23_g0u0800,11,23,g0u0800,L3-M5,47210.745792,195680347218909.093750
Na23_g0u0800,11,23,g0u0800,M4-N6,16501.160381,38885679167448.812500
Na23_g0u0800,11,23,g0u0800,M5-N6,16487.617062,2774054376038.689453
Na23_g0u0800,11,23,g0u0800,M5-N7,16490.465052,41629556015969.546875
Na23_g0u0800,11,23,g0u0800,N6-O8,7627.987575,12376398560144.751953
Na23_g0u0800,11,23,g0u0800,N7-O8,7625.139586,458071461761.448730
Na23_g0u0800,11,23,g0u0800,N7-O9,7626.013360,12830321952036.701172
Na23_g0u0800,11,23,g0u0800,O8-P10,4141.604918,4849326154460.647461
Na23_g0u0800,11,23,g0u0800,O9-P10,4140.731143,110163945698.946320
Na23_g0u0800,11,23,g0u0800,O9-P11,4141.068077,4958635851766.891602
Na23_g0u0800,11,23,g0u0800,P10-Q12,2496.786810,2199296790759.303223
Na23_g0u0800,11,23,g0u0800,P11-Q12,2496.449876,33825076152.763840
Na23_g0u0800,11,23,g0u0800,P11-Q13,2496.601404,2232892377231.623047
Na23_g0u0800,11,23,g0u0800,Q12-R14,1620.383259,1110450070323.615234
Na23_g0u0800,11,23,g0u0800,Q13-R14,1620.231731,12335572435.387547
Na23_g0u0800,11,23,g0u0800,Q13-R15,1620.307858,1122711323989.739014
Na23_g0u0900,11,23,g0u0900,K1-L2,250134.458446,1873172128083554.250000
Na23_g0u0900,11,23,g0u0900,K1-L3,250271.627970,1871384466101413.250000
Na23_g0u0900,11,23,g0u0900,L2-M4,47334.372391,163527990873986.750000
Na23_g0u0900,11,23,g0u0900,L3-M4,47197.202866,32596696757741.511719
Na23_g0u0900,11,23,g0u0900,L3-M5,47210.746185,195680348556091.062500
Na23_g0u0900,11,23,g0u0900,M4-N6,16501.160480,38885679335767.882812
Na23_g0u0900,11,23,g0u0900,M5-N6,16487.617161,2774054388035.365723
Na23_g0u0900,11,23,g0u0900,M5-N7,16490.465151,41629556196305.531250
Na23_g0u0900,11,23,g0u0900,N6-O8,7627.987603,12376398587849.164062
Na23_g0u0900,11,23,g0u0900,N7-O8,7625.139613,458071462786.175598
Na23_g0u0900,11,23,g0u0900,N7-O9,7626.013388,12830321980715.423828
Na23_g0u0900,11,23,g0u0900,O8-P10,4141.604925,4849326159052.075195
Na23_g0u0900,11,23,g0u0900,O9-P10,4140.731151,110163945803.169586
Na23_g0u0900,11,23,g0u0900,O9-P11,4141.068085,4958635856456.376953
Na23_g0u0900,11,23,g0u0900,P10-Q12,2496.786812,2199296791499.979004
Na23_g0u0900,11,23,g0u0900,P11-Q12,2496.449878,33825076164.127110
Na23_g0u0900,11,23,g0u0900,P11-Q13,2496.601405,2232892377983.060059
Na23_g0u0900,11,23,g0u0900,Q12-R14,1620.383259,1110450070449.287842
Na23_g0u0900,11,23,g0u0900,Q13-R14,1620.231732,12335572436.783104
Na23_g0u0900,11,23,g0u0900,Q13-R15,1620.307859,1122711324116.686523
Na23_g0u1000,11,23,g0u1000,K1-L2,250134.464147,1873172133645846.750000
Na23_g0u1000,11,23,g0u1000,K1-L3,250271.633674,1871384471698711.250000
Na23_g0u1000,11,23,g0u1000,L2-M4,47334.372691,163527991717984.312500
Na23_g0u1000,11,23,g0u1000,L3-M4,47197.203163,32596696925919.703125
Na23_g0u1000,11,23,g0u1000,L3-M5,47210.746482,195680349567338.812500
Na23_g0u1000,11,23,g0u1000,M4-N6,16501.160555,38885679463131.687500
Na23_g0u1000,11,23,g0u1000,M5-N6,16487.617236,2774054696337.087402
Na23_g0u1000,11,23,g0u1000,M5-N7,16490.465226,41629556332544.500000
Na23_g0u1000,11,23,g0u1000,N6-O8,7627.987623,12376398608745.382812
Na23_g0u1000,11,23,g0u1000,N7-O8,7625.139634,458071463559.000244
Na23_g0u1000,11,23,g0u1000,N7-O9,7626.013408,12830322002348.052734
Na23_g0u1000,11,23,g0u1000,O8-P10,4141.604931,4849326162582.533203
Na23_g0u1000,11,23,g0u1000,O9-P10,4140.731156,110163945883.274307
Na23_g0u1000,11,23,g0u1000,O9-P11,4141.068090,4958635860062.703125
Na23_g0u1000,11,23,g0u1000,P10-Q12,2496.786813,2199296792049.416504
Na23_g0u1000,11,23,g0u1000,P11-Q12,2496.449879,33825076172.604244
Na23_g0u1000,11,23,g0u1000,P11-Q13,2496.601407,2232892378539.921387
Na23_g0u1000,11,23,g0u1000,Q12-R14,1620.383260,1110450070517.460449
Na23_g0u1000,11,23,g0u1000,Q13-R14,1620.231732,12335572437.528427
Na23_g0u1000,11,23,g0u1000,Q13-R15,1620.307859,1122711324185.688232
Na23_g0u1100,11,23,g0u1100,K1-L2,250134.468431,1873172138241658.250000
Na23_g0u1100,11,23,g0u1100,K1-L3,250271.637960,1871384476321223.500000
Na23_g0u1100,11,23,g0u1100,L2-M4,47334.372924,163527992374665.437500
Na23_g0u1100,11,23,g0u1100,L3-M4,47197.203394,32596697056768.843750
Na23_g0u1100,11,23,g0u1100,L3-M5,47210.746713,195680350354343.531250
Na23_g0u1100,11,23,g0u1100,M4-N6,16501.160614,38885679562173.945312
Na23_g0u1100,11,23,g0u1100,M5-N6,16487.617295,2774054703395.917480
Na23_g0u1100,11,23,g0u1100,M5-N7,16490.465284,41629556438521.468750
Na23_g0u1100,11,23,g0u1100,N6-O8,7627.987639,12376398625073.798828
Na23_g0u1100,11,23,g0u1100,N7-O8,7625.139650,458071464162.893799
Na23_g0u1100,11,23,g0u1100,N7-O9,7626.013424,12830322019251.810547
Na23_g0u1100,11,23,g0u1100,O8-P10,4141.604935,4849326165293.525391
Na23_g0u1100,11,23,g0u1100,O9-P10,4140.731160,110163945944.837250
Na23_g0u1100,11,23,g0u1100,O9-P11,4141.068094,4958635862831.352539
Na23_g0u1100,11,23,g0u1100,P10-Q12,2496.786814,2199296792502.988281
Na23_g0u1100,11,23,g0u1100,P11-Q12,2496.449880,33825076179.572308
Na23_g0u1100,11,23,g0u1100,P11-Q13,2496.601408,2232892378950.481934
Na23_g0u1100,11,23,g0u1100,Q12-R14,1620.383260,1110450070596.717529
Na23_g0u1100,11,23,g0u1100,Q13-R14,1620.231732,12335572438.355455
Na23_g0u1100,11,23,g0u1100,Q13-R15,1620.307859,1122711324263.583496
Na23_g0u1200,11,23,g0u1200,K1-L2,250134.471737,1873172142085242.000000
Na23_g0u1200,11,23,g0u1200,K1-L3,250271.641268,1871384480184900.750000
Na23_g0u1200,11,23,g0u1200,L2-M4,47334.373109,163527992897247.781250
Na23_g0u1200,11,23,g0u1200,L3-M4,47197.203578,32596697160895.992188
Na23_g0u1200,11,23,g0u1200,L3-M5,47210.746897,195680350980320.468750
Na23_g0u1200,11,23,g0u1200,M4-N6,16501.160660,38885679640946.500000
Na23_g0u1200,11,23,g0u1200,M5-N6,16487.617341,2774054709010.186035
Na23_g0u1200,11,23,g0u1200,M5-N7,16490.465331,41629556523019.054688
Na23_g0u1200,11,23,g0u1200,N6-O8,7627.987652,12376398637937.611328
Na23_g0u1200,11,23,g0u1200,N7-O8,7625.139662,458071464638.710999
Na23_g0u1200,11,23,g0u1200,N7-O9,7626.013437,12830322032669.998047
Na23_g0u1200,11,23,g0u1200,O8-P10,4141.604938,4849326167435.159180
Na23_g0u1200,11,23,g0u1200,O9-P10,4140.731164,110163945993.477829
Na23_g0u1200,11,23,g0u1200,O9-P11,4141.068098,4958635865020.200195
Na23_g0u1200,11,23,g0u1200,P10-Q12,2496.786815,2199296792839.780273
Na23_g0u1200,11,23,g0u1200,P11-Q12,2496.449881,33825076184.732117
Na23_g0u1200,11,23,g0u1200,P11-Q13,2496.601409,2232892379341.760254
Na23_g0u1200,11,23,g0u1200,Q12-R14,1620.383260,1110450070665.440430
Na23_g0u1200,11,23,g0u1200,Q13-R14,1620.231732,12335572439.178528
Na23_g0u1200,11,23,g0u1200,Q13-R15,1620.307860,1122711324297.524170
Na23_g0u1300,11,23,g0u1300,K1-L2,250134.474346,1873172145335286.500000
Na23_g0u1300,11,23,g0u1300,K1-L3,250271.643879,1871384483452122.000000
Na23_g0u1300,11,23,g0u1300,L2-M4,47334.373259,163527993321428.093750
Na23_g0u1300,11,23,g0u1300,L3-M4,47197.203727,32596697245412.203125
Na23_g0u1300,11,23,g0u1300,L3-M5,47210.747046,195680351488501.031250
Na23_g0u1300,11,23,g0u1300,M4-N6,16501.160698,38885679704892.757812
Na23_g0u1300,11,23,g0u1300,M5-N6,16487.617379,2774054713567.796875
Na23_g0u1300,11,23,g0u1300,M5-N7,16490.465368,41629556591505.109375
Na23_g0u1300,11,23,g0u1300,N6-O8,7627.987662,12376398648472.496094
Na23_g0u1300,11,23,g0u1300,N7-O8,7625.139673,458071465028.358154
Na23_g0u1300,11,23,g0u1300,N7-O9,7626.013447,12830322043575.642578
Na23_g0u1300,11,23,g0u1300,O8-P10,4141.604941,4849326169197.639648
Na23_g0u1300,11,23,g0u1300,O9-P10,4140.731166,110163946033.492249
Na23_g0u1300,11,23,g0u1300,O9-P11,4141.068100,4958635866820.223633
Na23_g0u1300,11,23,g0u1300,P10-Q12,2496.786815,2199296793094.542969
Na23_g0u1300,11,23,g0u1300,P11-Q12,2496.449881,33825076188.652290
Na23_g0u1300,11,23,g0u1300,P11-Q13,2496.601409,2232892379600.065430
Na23_g0u1300,11,23,g0u1300,Q12-R14,1620.383260,1110450070699.184326
Na23_g0u1300,11,23,g0u1300,Q13-R14,1620.231732,12335572439.530293
Na23_g0u1300,11,23,g0u1300,Q13-R15,1620.307860,1122711324369.479736
Na23_g0u1400,11,23,g0u1400,K1-L2,250134.476444,1873172148111350.250000
Na23_g0u1400,11,23,g0u1400,K1-L3,250271.645977,1871384486241277.000000
Na23_g0u1400,11,23,g0u1400,L2-M4,47334.373383,163527993671052.312500
Na23_g0u1400,11,23,g0u1400,L3-M4,47197.203850,32596697315073.894531
Na23_g0u1400,11,23,g0u1400,L3-M5,47210.747169,195680351907710.656250
Na23_g0u1400,11,23,g0u1400,M4-N6,16501.160729,38885679757629.539062
Na23_g0u1400,11,23,g0u1400,M5-N6,16487.617410,2774054717326.247559
Na23_g0u1400,11,23,g0u1400,M5-N7,16490.465400,41629556648009.992188
Na23_g0u1400,11,23,g0u1400,N6-O8,7627.987671,12376398657194.832031
Na23_g0u1400,11,23,g0u1400,N7-O8,7625.139681,458071465350.990417
Na23_g0u1400,11,23,g0u1400,N7-O9,7626.013456,12830322052604.628906
Na23_g0u1400,11,23,g0u1400,O8-P10,4141.604943,4849326170600.444336
Na23_g0u1400,11,23,g0u1400,O9-P10,4140.731169,110163946065.367462
Na23_g0u1400,11,23,g0u1400,O9-P11,4141.068103,4958635868321.902344
Na23_g0u1400,11,23,g0u1400,P10-Q12,2496.786816,2199296793320.970215
Na23_g0u1400,11,23,g0u1400,P11-Q12,2496.449882,33825076192.185677
Na23_g0u1400,11,23,g0u1400,P11-Q13,2496.601410,2232892379831.741211
Na23_g0u1400,11,23,g0u1400,Q12-R14,1620.383260,1110450070745.541992
Na23_g0u1400,11,23,g0u1400,Q13-R14,1620.231733,12335572440.041735
Na23_g0u1400,11,23,g0u1400,Q13-R15,1620.307860,1122711324378.806152
Na23_g0u1500,11,23,g0u1500,K1-L2,250134.478157,1873172150504623.000000
Na23_g0u1500,11,23,g0u1500,K1-L3,250271.647691,1871384488645609.250000
Na23_g0u1500,11,23,g0u1500,L2-M4,47334.373487,163527993963547.093750
Na23_g0u1500,11,23,g0u1500,L3-M4,47197.203953,32596697373350.542969
Na23_g0u1500,11,23,g0u1500,L3-M5,47210.747272,195680352258077.281250
Na23_g0u1500,11,23,g0u1500,M4-N6,16501.160755,38885679801773.617188
Na23_g0u1500,11,23,g0u1500,M5-N6,16487.617436,2774054720472.551270
Na23_g0u1500,11,23,g0u1500,M5-N7,16490.465426,41629556695172.109375
Na23_g0u1500,11,23,g0u1500,N6-O8,7627.987678,12376398664468.742188
Na23_g0u1500,11,23,g0u1500,N7-O8,7625.139688,458071465620.002014
Na23_g0u1500,11,23,g0u1500,N7-O9,7626.013463,12830322060135.259766
Na23_g0u1500,11,23,g0u1500,O8-P10,4141.604945,4849326171828.829102
Na23_g0u1500,11,23,g0u1500,O9-P10,4140.731170,110163946093.269455
Na23_g0u1500,11,23,g0u1500,O9-P11,4141.068105,4958635869507.131836
Na23_g0u1500,11,23,g0u1500,P10-Q12,2496.786816,2199296793513.749023
Na23_g0u1500,11,23,g0u1500,P11-Q12,2496.449882,33825076195.073624
Na23_g0u1500,11,23,g0u1500,P11-Q13,2496.601410,2232892380025.477051
Na23_g0u1500,11,23,g0u1500,Q12-R14,1620.383260,1110450070772.212646
Na23_g0u1500,11,23,g0u1500,Q13-R14,1620.231733,12335572440.335649
Na23_g0u1500,11,23,g0u1500,Q13-R15,1620.307860,1122711324405.756104
Na23_g0u1600,11,23,g0u1600,K1-L2,250134.479577,1873172365524141.250000
Na23_g0u1600,11,23,g0u1600,K1-L3,250271.649112,1871384490733595.750000
Na23_g0u1600,11,23,g0u1600,L2-M4,47334.373575,163527994211146.500000
Na23_g0u1600,11,23,g0u1600,L3-M4,47197.204040,32596697422679.714844
Na23_g0u1600,11,23,g0u1600,L3-M5,47210.747359,195680352554195.812500
Na23_g0u1600,11,23,g0u1600,M4-N6,16501.160777,38885679839025.882812
Na23_g0u1600,11,23,g0u1600,M5-N6,16487.617458,2774054723127.926270
Na23_g0u1600,11,23,g0u1600,M5-N7,16490.465448,41629556735148.195312
Na23_g0u1600,11,23,g0u1600,N6-O8,7627.987684,12376398670524.794922
Na23_g0u1600,11,23,g0u1600,N7-O8,7625.139694,458071465843.971924
Na23_g0u1600,11,23,g0u1600,N7-O9,7626.013469,12830322066403.976562
Na23_g0u1600,11,23,g0u1600,O8-P10,4141.604947,4849326172861.700195
Na23_g0u1600,11,23,g0u1600,O9-P10,4140.731172,110163946116.647308
Na23_g0u1600,11,23,g0u1600,O9-P11,4141.068106,4958635870562.753906
Na23_g0u1600,11,23,g0u1600,P10-Q12,2496.786817,2199296793699.248047
Na23_g0u1600,11,23,g0u1600,P11-Q12,2496.449883,33825076197.935642
Na23_g0u1600,11,23,g0u1600,P11-Q13,2496.601411,2232892380213.522949
Na23_g0u1600,11,23,g0u1600,Q12-R14,1620.383261,1110450070784.481201
Na23_g0u1600,11,23,g0u1600,Q13-R14,1620.231733,12335572440.488123
Na23_g0u1600,11,23,g0u1600,Q13-R15,1620.307860,1122711324455.490234
Na23_g0u1700,11,23,g0u1700,K1-L2,250134.480761,1873172367354625.500000
Na23_g0u1700,11,23,g0u1700,K1-L3,250271.650297,1871384492571096.500000
Na23_g0u1700,11,23,g0u1700,L2-M4,47334.373650,163527994422652.343750
Na23_g0u1700,11,23,g0u1700,L3-M4,47197.204114,32596697464821.050781
Na23_g0u1700,11,23,g0u1700,L3-M5,47210.747433,195680352807913.906250
Na23_g0u1700,11,23,g0u1700,M4-N6,16501.160796,38885679871035.523438
Na23_g0u1700,11,23,g0u1700,M5-N6,16487.617477,2774054725409.092773
Na23_g0u1700,11,23,g0u1700,M5-N7,16490.465466,41629556769171.304688
Na23_g0u1700,11,23,g0u1700,N6-O8,7627.987689,12376398675796.324219
Na23_g0u1700,11,23,g0u1700,N7-O8,7625.139700,458071466038.899292
Na23_g0u1700,11,23,g0u1700,N7-O9,7626.013474,12830322071862.648438
Na23_g0u1700,11,23,g0u1700,O8-P10,4141.604948,4849326173769.801758
Na23_g0u1700,11,23,g0u1700,O9-P10,4140.731173,110163946137.280365
Na23_g0u1700,11,23,g0u1700,O9-P11,4141.068107,4958635871490.084961
Na23_g0u1700,11,23,g0u1700,P10-Q12,2496.786817,2199296793850.858398
Na23_g0u1700,11,23,g0u1700,P11-Q12,2496.449883,33825076200.293190
Na23_g0u1700,11,23,g0u1700,P11-Q13,2496.601411,2232892380366.966797
Na23_g0u1700,11,23,g0u1700,Q12-R14,1620.383261,1110450070820.994629
Na23_g0u1700,11,23,g0u1700,Q13-R14,1620.231733,12335572440.902372
Na23_g0u1700,11,23,g0u1700,Q13-R15,1620.307860,1122711324454.690674
Na23_g0u1800,11,23,g0u1800,K1-L2,250134.481794,1873172368914620.500000
Na23_g0u1800,11,23,g0u1800,K1-L3,250271.651331,1871384705747630.000000
Na23_g0u1800,11,23,g0u1800,L2-M4,47334.373714,163527994605255.531250
Na23_g0u1800,11,23,g0u1800,L3-M4,47197.204178,32596697501198.757812
Na23_g0u1800,11,23,g0u1800,L3-M5,47210.747497,195680353026457.750000
Na23_g0u1800,11,23,g0u1800,M4-N6,16501.160812,38885679898490.445312
Na23_g0u1800,11,23,g0u1800,M5-N6,16487.617493,2774054727365.974609
Na23_g0u1800,11,23,g0u1800,M5-N7,16490.465483,41629556798675.171875
Na23_g0u1800,11,23,g0u1800,N6-O8,7627.987694,12376398680315.171875
Na23_g0u1800,11,23,g0u1800,N7-O8,7625.139704,458071466206.024292
Na23_g0u1800,11,23,g0u1800,N7-O9,7626.013479,12830322076540.099609
Na23_g0u1800,11,23,g0u1800,O8-P10,4141.604949,4849326174517.808594
Na23_g0u1800,11,23,g0u1800,O9-P10,4140.731175,110163946154.252075
Na23_g0u1800,11,23,g0u1800,O9-P11,4141.068109,4958635872254.192383
Na23_g0u1800,11,23,g0u1800,P10-Q12,2496.786817,2199296793982.574707
Na23_g0u1800,11,23,g0u1800,P11-Q12,2496.449883,33825076202.312984
Na23_g0u1800,11,23,g0u1800,P11-Q13,2496.601411,2232892380500.621094
Na23_g0u1800,11,23,g0u1800,Q12-R14,1620.383261,1110450070810.333496
Na23_g0u1800,11,23,g0u1800,Q13-R14,1620.231733,12335572440.790628
Na23_g0u1800,11,23,g0u1800,Q13-R15,1620.307860,1122711324481.352783
Na23_g0u1900,11,23,g0u1900,K1-L2,250134.482384,1873172370816863.250000
Na23_g0u1900,11,23,g0u1900,K1-L3,250271.651921,1871384707654597.500000
Na23_g0u1900,11,23,g0u1900,L2-M4,47334.373771,163527994764245.625000
Na23_g0u1900,11,23,g0u1900,L3-M4,47197.204234,32596697532867.425781
Na23_g0u1900,11,23,g0u1900,L3-M5,47210.747553,195680353217121.343750
Na23_g0u1900,11,23,g0u1900,M4-N6,16501.160826,38885679922450.109375
Na23_g0u1900,11,23,g0u1900,M5-N6,16487.617507,2774054729073.504883
Na23_g0u1900,11,23,g0u1900,M5-N7,16490.465497,41629556824436.914062
Na23_g0u1900,11,23,g0u1900,N6-O8,7627.987698,12376398684262.546875
Na23_g0u1900,11,23,g0u1900,N7-O8,7625.139708,458071466352.098206
Na23_g0u1900,11,23,g0u1900,N7-O9,7626.013482,12830322080625.357422
Na23_g0u1900,11,23,g0u1900,O8-P10,4141.604950,4849326175117.007812
Na23_g0u1900,11,23,g0u1900,O9-P10,4140.731176,110163946167.850739
Na23_g0u1900,11,23,g0u1900,O9-P11,4141.068110,4958635872935.360352
Na23_g0u1900,11,23,g0u1900,P10-Q12,2496.786818,2199296794057.417969
Na23_g0u1900,11,23,g0u1900,P11-Q12,2496.449884,33825076203.503033
Na23_g0u1900,11,23,g0u1900,P11-Q13,2496.601411,2232892380578.711426
Na23_g0u1900,11,23,g0u1900,Q12-R14,1620.383261,1110450070826.629395
Na23_g0u1900,11,23,g0u1900,Q13-R14,1620.231733,12335572440.948048
Na23_g0u1900,11,23,g0u1900,Q13-R15,1620.307860,1122711324498.151611
Na23_g0u2000,11,23,g0u2000,K1-L2,250134.483198,1873172371960831.000000
Na23_g0u2000,11,23,g0u2000,K1-L3,250271.652735,1871384708804827.750000
Na23_g0u2000,11,23,g0u2000,L2-M4,47334.373820,163527994903579.031250
Na23_g0u2000,11,23,g0u2000,L3-M4,47197.204283,32596697560626.144531
Na23_g0u2000,11,23,g0u2000,L3-M5,47210.747602,195680353383714.750000
Na23_g0u2000,11,23,g0u2000,M4-N6,16501.160839,38885679943470.078125
Na23_g0u2000,11,23,g0u2000,M5-N6,16487.617519,2774054730571.803711
Na23_g0u2000,11,23,g0u2000,M5-N7,16490.465509,41629556846899.453125
Na23_g0u2000,11,23,g0u2000,N6-O8,7627.987701,12376398687713.662109
Na23_g0u2000,11,23,g0u2000,N7-O8,7625.139711,458071466479.720276
Na23_g0u2000,11,23,g0u2000,N7-O9,7626.013486,12830323579528.429688
Na23_g0u2000,11,23,g0u2000,O8-P10,4141.604951,4849326175695.636719
Na23_g0u2000,11,23,g0u2000,O9-P10,4140.731177,110163946180.984665
Na23_g0u2000,11,23,g0u2000,O9-P11,4141.068111,4958635873526.375977
Na23_g0u2000,11,23,g0u2000,P10-Q12,2496.786818,2199296794137.451172
Na23_g0u2000,11,23,g0u2000,P11-Q12,2496.449884,33825076204.735058
Na23_g0u2000,11,23,g0u2000,P11-Q13,2496.601412,2232892380659.846680
Na23_g0u2000,11,23,g0u2000,Q12-R14,1620.383261,1110450070836.975586
Na23_g0u2000,11,23,g0u2000,Q13-R14,1620.231733,12335572441.052561
Na23_g0u2000,11,23,g0u2000,Q13-R15,1620.307860,1122711324508.742676
Na23_g0u2100,11,23,g0u2100,K1-L2,250134.483451,1873172373781736.000000
Na23_g0u2100,11,23,g0u2100,K1-L3,250271.652988,1871384710629619.000000
Na23_g0u2100,11,23,g0u2100,L2-M4,47334.373863,163527995026571.875000
Na23_g0u2100,11,23,g0u2100,L3-M4,47197.204326,32596697585116.792969
Na23_g0u2100,11,23,g0u2100,L3-M5,47210.747645,195680353531059.437500
Na23_g0u2100,11,23,g0u2100,M4-N6,16501.160850,38885679961943.664062
Na23_g0u2100,11,23,g0u2100,M5-N6,16487.617530,2774054731888.342773
Na23_g0u2100,11,23,g0u2100,M5-N7,16490.465520,41629556866634.531250
Na23_g0u2100,11,23,g0u2100,N6-O8,7627.987704,12376398690764.707031
Na23_g0u2100,11,23,g0u2100,N7-O8,7625.139714,458071466592.500793
Na23_g0u2100,11,23,g0u2100,N7-O9,7626.013489,12830323582687.679688
Na23_g0u2100,11,23,g0u2100,O8-P10,4141.604952,4849326176234.157227
Na23_g0u2100,11,23,g0u2100,O9-P10,4140.731177,110163946193.212723
Na23_g0u2100,11,23,g0u2100,O9-P11,4141.068111,4958635874007.146484
Na23_g0u2100,11,23,g0u2100,P10-Q12,2496.786818,2199296794229.089844
Na23_g0u2100,11,23,g0u2100,P11-Q12,2496.449884,33825076206.079346
Na23_g0u2100,11,23,g0u2100,P11-Q13,2496.601412,2232892380750.880859
Na23_g0u2100,11,23,g0u2100,Q12-R14,1620.383261,1110450070879.933350
Na23_g0u2100,11,23,g0u2100,Q13-R14,1620.231733,12335572441.538671
Na23_g0u2100,11,23,g0u2100,Q13-R15,1620.307860,1122711324514.475830
Na23_g0u2200,11,23,g0u2200,K1-L2,250134.473391,1873172180565527.000000
Na23_g0u2200,11,23,g0u2200,K1-L3,250271.642927,1871384518734426.750000
Na23_g0u2200,11,23,g0u2200,L2-M4,47334.373896,163527995139913.437500
Na23_g0u2200,11,23,g0u2200,L3-M4,47197.204361,32596697607367.015625
Na23_g0u2200,11,23,g0u2200,L3-M5,47210.747680,195680353664996.625000
Na23_g0u2200,11,23,g0u2200,M4-N6,16501.160859,38885679978523.890625
Na23_g0u2200,11,23,g0u2200,M5-N6,16487.617540,2774054733069.945312
Na23_g0u2200,11,23,g0u2200,M5-N7,16490.465530,41629561370670.429688
Na23_g0u2200,11,23,g0u2200,N6-O8,7627.987707,12376398693451.033203
Na23_g0u2200,11,23,g0u2200,N7-O8,7625.139717,458071466691.929932
Na23_g0u2200,11,23,g0u2200,N7-O9,7626.013491,12830323585570.914062
Na23_g0u2200,11,23,g0u2200,O8-P10,4141.604953,4849326176702.734375
Na23_g0u2200,11,23,g0u2200,O9-P10,4140.731178,110163946203.944626
Na23_g0u2200,11,23,g0u2200,O9-P11,4141.068112,4958635874486.486328
Na23_g0u2200,11,23,g0u2200,P10-Q12,2496.786818,2199296794336.998535
Na23_g0u2200,11,23,g0u2200,P11-Q12,2496.449884,33825076207.754429
Na23_g0u2200,11,23,g0u2200,P11-Q13,2496.601412,2232892380860.176758
Na23_g0u2200,11,23,g0u2200,Q12-R14,1620.383261,1110450070882.267578
Na23_g0u2200,11,23,g0u2200,Q13-R14,1620.231733,12335572441.591734
Na23_g0u2200,11,23,g0u2200,Q13-R15,1620.307860,1122711324553.997070
Na23_g0u2300,11,23,g0u2300,K1-L2,250134.341155,1873171349931013.500000
Na23_g0u2300,11,23,g0u2300,K1-L3,250271.510663,1871383906187904.250000
Na23_g0u2300,11,23,g0u2300,L2-M4,47334.373855,163527995292583.500000
Na23_g0u2300,11,23,g0u2300,L3-M4,47197.204347,32596697633621.125000
Na23_g0u2300,11,23,g0u2300,L3-M5,47210.747666,195680353823072.281250
Na23_g0u2300,11,23,g0u2300,M4-N6,16501.160868,38885679993116.218750
Na23_g0u2300,11,23,g0u2300,M5-N6,16487.617549,2774054734109.642578
Na23_g0u2300,11,23,g0u2300,M5-N7,16490.465538,41629561386252.796875
Na23_g0u2300,11,23,g0u2300,N6-O8,7627.987709,12376398695864.281250
Na23_g0u2300,11,23,g0u2300,N7-O8,7625.139719,458071466781.106934
Na23_g0u2300,11,23,g0u2300,N7-O9,7626.013494,12830323588069.886719
Na23_g0u2300,11,23,g0u2300,O8-P10,4141.604953,4849326177065.024414
Na23_g0u2300,11,23,g0u2300,O9-P10,4140.731179,110163946212.163284
Na23_g0u2300,11,23,g0u2300,O9-P11,4141.068113,4958635874925.784180
Na23_g0u2300,11,23,g0u2300,P10-Q12,2496.786818,2199296794366.909180
Na23_g0u2300,11,23,g0u2300,P11-Q12,2496.449884,33825076208.268250
Na23_g0u2300,11,23,g0u2300,P11-Q13,2496.601412,2232892380892.487793
Na23_g0u2300,11,23,g0u2300,Q12-R14,1620.383261,1110450070877.044189
Na23_g0u2300,11,23,g0u2300,Q13-R14,1620.231733,12335572441.505768
Na23_g0u2300,11,23,g0u2300,Q13-R15,1620.307860,1122711324549.099121
Na23_g0u2400,11,23,g0u2400,K1-L2,250134.465703,1873172197561328.750000
Na23_g0u2400,11,23,g0u2400,K1-L3,250271.635237,1871384535723238.250000
Na23_g0u2400,11,23,g0u2400,L2-M4,47334.373957,163527995327812.781250
Na23_g0u2400,11,23,g0u2400,L3-M4,47197.204423,32596697644533.867188
Na23_g0u2400,11,23,g0u2400,L3-M5,47210.747742,195680353888601.968750
Na23_g0u2400,11,23,g0u2400,M4-N6,16501.160876,38885680006341.046875
Na23_g0u2400,11,23,g0u2400,M5-N6,16487.617556,2774054735052.412109
Na23_g0u2400,11,23,g0u2400,M5-N7,16490.465546,41629561400386.570312
Na23_g0u2400,11,23,g0u2400,N6-O8,7627.987711,12376398698057.757812
Na23_g0u2400,11,23,g0u2400,N7-O8,7625.139721,458071466862.257996
Na23_g0u2400,11,23,g0u2400,N7-O9,7626.013496,12830323590237.724609
Na23_g0u2400,11,23,g0u2400,O8-P10,4141.604954,4849326177414.104492
Na23_g0u2400,11,23,g0u2400,O9-P10,4140.731179,110163946219.996933
Na23_g0u2400,11,23,g0u2400,O9-P11,4141.068113,4958635875281.545898
Na23_g0u2400,11,23,g0u2400,P10-Q12,2496.786819,2199296794423.189941
Na23_g0u2400,11,23,g0u2400,P11-Q12,2496.449885,33825076209.123089
Na23_g0u2400,11,23,g0u2400,P11-Q13,2496.601412,2232892380949.708008
Na23_g0u2400,11,23,g0u2400,Q12-R14,1620.383261,1110450070907.176270
Na23_g0u2400,11,23,g0u2400,Q13-R14,1620.231733,12335572441.840567
Na23_g0u2400,11,23,g0u2400,Q13-R15,1620.307860,1122711324541.999512
Na23_g2u1000,11,23,g2u1000,K1-L2,250134.521405,1873172949409377.000000
Na23_g2u1000,11,23,g2u1000,K1-L3,250271.690946,1871384208839701.000000
Na23_g2u1000,11,23,g2u1000,L2-M4,47334.372414,163527993237887.656250
Na23_g2u1000,11,23,g2u1000,L3-M4,47197.202873,32596699508394.363281
Na23_g2u1000,11,23,g2u1000,L3-M5,47210.746192,195680340927330.062500
Na23_g2u1000,11,23,g2u1000,M4-N6,16501.160456,38885680425372.882812
Na23_g2u1000,11,23,g2u1000,M5-N6,16487.617137,2774054947344.155762
Na23_g2u1000,11,23,g2u1000,M5-N7,16490.465128,41629553861742.601562
Na23_g2u1000,11,23,g2u1000,N6-O8,7627.987589,12376398721696.042969
Na23_g2u1000,11,23,g2u1000,N7-O8,7625.139598,458071511056.719299
Na23_g2u1000,11,23,g2u1000,N7-O9,7626.013375,12830321675250.808594
Na23_g2u1000,11,23,g2u1000,O8-P10,4141.604919,4849326172693.625000
Na23_g2u1000,11,23,g2u1000,O9-P10,4140.731142,110163950259.101547
Na23_g2u1000,11,23,g2u1000,O9-P11,4141.068078,4958635814455.412109
Na23_g2u1000,11,23,g2u1000,P10-Q12,2496.786809,2199296795421.004883
Na23_g2u1000,11,23,g2u1000,P11-Q12,2496.449874,33825076322.016548
Na23_g2u1000,11,23,g2u1000,P11-Q13,2496.601403,2232892375743.620605
Na23_g2u1000,11,23,g2u1000,Q12-R14,1620.383258,1110450076374.107422
Na23_g2u1000,11,23,g2u1000,Q13-R14,1620.231729,12335573196.540787
Na23_g2u1000,11,23,g2u1000,Q13-R15,1620.307858,1122711316033.142578
Al27_g0u0050,13,27,g0u0050,K1-L2,346645.475915,3633075583248041.000000
Al27_g0u0050,13,27,g0u0050,K1-L3,346912.977014,3628484869927121.000000
Al27_g0u0050,13,27,g0u0050,L2-M4,66270.947578,319808157504847.750000
Al27_g0u0050,13,27,g0u0050,L3-M4,66003.446479,63664868798530.882812
Al27_g0u0050,13,27,g0u0050,L3-M5,66029.917405,382263313831964.312500
Al27_g0u0050,13,27,g0u0050,M4-N6,23079.384427,75973725817862.484375
Al27_g0u0050,13,27,g0u0050,M5-N6,23052.913501,5417154402393.945312
Al27_g0u0050,13,27,g0u0050,M5-N7,23058.477211,81308529252592.968750
Al27_g0u0050,13,27,g0u0050,N6-O8,10665.361668,24170785146167.121094
Al27_g0u0050,13,27,g0u0050,N7-O8,10659.797958,894358021681.855347
Al27_g0u0050,13,27,g0u0050,N7-O9,10661.504372,25053831174769.046875
Al27_g0u0050,13,27,g0u0050,O8-P10,5789.778124,9468583864897.652344
Al27_g0u0050,13,27,g0u0050,O9-P10,5788.071710,215064068912.845520
Al27_g0u0050,13,27,g0u0050,O9-P11,5788.729594,9681318616558.804688
Al27_g0u0050,13,27,g0u0050,P10-Q12,3490.108819,4293808486442.066406
Al27_g0u0050,13,27,g0u0050,P11-Q12,3489.450935,66030603336.336868
Al27_g0u0050,13,27,g0u0050,P11-Q13,3489.746775,4359213441549.941895
Al27_g0u0050,13,27,g0u0050,Q12-R14,2264.945770,2167889928752.078125
Al27_g0u0050,13,27,g0u0050,Q13-R14,2264.649930,24080130776.954056
Al27_g0u0050,13,27,g0u0050,Q13-R15,2264.798553,2191767250663.181885
Al27_g0u0100,13,27,g0u0100,K1-L2,346656.546180,3633174644147428.500000
Al27_g0u0100,13,27,g0u0100,K1-L3,346924.051499,3628583284011463.500000
Al27_g0u0100,13,27,g0u0100,L2-M4,66271.101931,319809536682767.250000
Al27_g0u0100,13,27,g0u0100,L3-M4,66003.596613,63665144558182.234375
Al27_g0u0100,13,27,g0u0100,L3-M5,66030.067649,382264927964465.000000
Al27_g0u0100,13,27,g0u0100,M4-N6,23079.425224,75973957459773.390625
Al27_g0u0100,13,27,g0u0100,M5-N6,23052.954187,5417171344622.970703
Al27_g0u0100,13,27,g0u0100,M5-N7,23058.517914,81308783515042.359375
Al27_g0u0100,13,27,g0u0100,N6-O8,10665.373938,24170832300361.179688
Al27_g0u0100,13,27,g0u0100,N7-O8,10659.810211,894359766813.834473
Al27_g0u0100,13,27,g0u0100,N7-O9,10661.516628,25053880056887.273438
Al27_g0u0100,13,27,g0u0100,O8-P10,5789.781773,9468594024530.796875
Al27_g0u0100,13,27,g0u0100,O9-P10,5788.075355,215064299704.346008
Al27_g0u0100,13,27,g0u0100,O9-P11,5788.733240,9681327518302.861328
Al27_g0u0100,13,27,g0u0100,P10-Q12,3490.109839,4293809985682.736816
Al27_g0u0100,13,27,g0u0100,P11-Q12,3489.451955,66030626391.149361
Al27_g0u0100,13,27,g0u0100,P11-Q13,3489.747795,4359214963611.455566
Al27_g0u0100,13,27,g0u0100,Q12-R14,2264.946033,2167890475911.684814
Al27_g0u0100,13,27,g0u0100,Q13-R14,2264.650193,24080134491.955460
Al27_g0u0100,13,27,g0u0100,Q13-R15,2264.798815,2191767798245.284668
Al27_g0u0150,13,27,g0u0150,K1-L2,346658.539810,3633193339273087.500000
Al27_g0u0150,13,27,g0u0150,K1-L3,346926.045972,3628602105577663.000000
Al27_g0u0150,13,27,g0u0150,L2-M4,66271.140049,319809860876713.562500
Al27_g0u0150,13,27,g0u0150,L3-M4,66003.633888,63665202476060.773438
Al27_g0u0150,13,27,g0u0150,L3-M5,66030.104951,382265357945315.687500
Al27_g0u0150,13,27,g0u0150,M4-N6,23079.435221,75974017801080.484375
Al27_g0u0150,13,27,g0u0150,M5-N6,23052.964158,5417175649461.053711
Al27_g0u0150,13,27,g0u0150,M5-N7,23058.527888,81308848117703.500000
Al27_g0u0150,13,27,g0u0150,N6-O8,10665.376947,24170842995049.050781
Al27_g0u0150,13,27,g0u0150,N7-O8,10659.813216,894360162588.320068
Al27_g0u0150,13,27,g0u0150,N7-O9,10661.519634,25053893231625.191406
Al27_g0u0150,13,27,g0u0150,O8-P10,5789.782668,9468596367181.621094
Al27_g0u0150,13,27,g0u0150,O9-P10,5788.076250,215064352919.476135
Al27_g0u0150,13,27,g0u0150,O9-P11,5788.734135,9681330656875.390625
Al27_g0u0150,13,27,g0u0150,P10-Q12,3490.110090,4293810699540.101562
Al27_g0u0150,13,27,g0u0150,P11-Q12,3489.452206,66030637371.014244
Al27_g0u0150,13,27,g0u0150,P11-Q13,3489.748046,4359215688396.162598
Al27_g0u0150,13,27,g0u0150,Q12-R14,2264.946097,2167890505898.124268
Al27_g0u0150,13,27,g0u0150,Q13-R14,2264.650257,24080134824.918877
Al27_g0u0150,13,27,g0u0150,Q13-R15,2264.798879,2191767828536.366943
Al27_g0u0200,13,27,g0u0200,K1-L2,346659.235407,3633200223106228.500000
Al27_g0u0200,13,27,g0u0200,K1-L3,346926.741882,3628608633843294.500000
Al27_g0u0200,13,27,g0u0200,L2-M4,66271.155883,319809993036368.625000
Al27_g0u0200,13,27,g0u0200,L3-M4,66003.649407,63665235738540.742188
Al27_g0u0200,13,27,g0u0200,L3-M5,66030.120482,382265475327998.625000
Al27_g0u0200,13,27,g0u0200,M4-N6,23079.439382,75974040006085.171875
Al27_g0u0200,13,27,g0u0200,M5-N6,23052.968306,5417176815375.402344
Al27_g0u0200,13,27,g0u0200,M5-N7,23058.532039,81308871890308.734375
Al27_g0u0200,13,27,g0u0200,N6-O8,10665.378199,24170846946017.855469
Al27_g0u0200,13,27,g0u0200,N7-O8,10659.814467,894360308784.630005
Al27_g0u0200,13,27,g0u0200,N7-O9,10661.520885,25053897327316.484375
Al27_g0u0200,13,27,g0u0200,O8-P10,5789.783041,9468596737389.869141
Al27_g0u0200,13,27,g0u0200,O9-P10,5788.076623,215064361321.931488
Al27_g0u0200,13,27,g0u0200,O9-P11,5788.734508,9681331778600.667969
Al27_g0u0200,13,27,g0u0200,P10-Q12,3490.110195,4293810769192.779785
Al27_g0u0200,13,27,g0u0200,P11-Q12,3489.452310,66030638441.462807
Al27_g0u0200,13,27,g0u0200,P11-Q13,3489.748150,4359215759032.431641
Al27_g0u0200,13,27,g0u0200,Q12-R14,2264.946124,2167890518435.325195
Al27_g0u0200,13,27,g0u0200,Q13-R14,2264.650284,24080134964.053627
Al27_g0u0200,13,27,g0u0200,Q13-R15,2264.798906,2191767841144.499512
Al27_g0u0250,13,27,g0u0250,K1-L2,346659.559497,3633203602855340.500000
Al27_g0u0250,13,27,g0u0250,K1-L3,346927.066125,3628611689378472.000000
Al27_g0u0250,13,27,g0u0250,L2-M4,66271.164186,319810060750587.312500
Al27_g0u0250,13,27,g0u0250,L3-M4,66003.657557,63665249261796.226562
Al27_g0u0250,13,27,g0u0250,L3-M5,66030.128638,382265556516251.937500
Al27_g0u0250,13,27,g0u0250,M4-N6,23079.441568,75974051376269.250000
Al27_g0u0250,13,27,g0u0250,M5-N6,23052.970486,5417178044312.200195
Al27_g0u0250,13,27,g0u0250,M5-N7,23058.534220,81308884063122.484375
Al27_g0u0250,13,27,g0u0250,N6-O8,10665.378858,24170849978236.742188
Al27_g0u0250,13,27,g0u0250,N7-O8,10659.815124,894360421018.759766
Al27_g0u0250,13,27,g0u0250,N7-O9,10661.521543,25053900470643.316406
Al27_g0u0250,13,27,g0u0250,O8-P10,5789.783237,9468596932042.953125
Al27_g0u0250,13,27,g0u0250,O9-P10,5788.076819,215064382259.112122
Al27_g0u0250,13,27,g0u0250,O9-P11,5788.734703,9681331977636.632812
Al27_g0u0250,13,27,g0u0250,P10-Q12,3490.110250,4293810805752.702148
Al27_g0u0250,13,27,g0u0250,P11-Q12,3489.452365,66030639003.394371
Al27_g0u0250,13,27,g0u0250,P11-Q13,3489.748205,4359215796178.363770
Al27_g0u0250,13,27,g0u0250,Q12-R14,2264.946139,2167890524998.848145
Al27_g0u0250,13,27,g0u0250,Q13-R14,2264.650298,24080135036.931141
Al27_g0u0250,13,27,g0u0250,Q13-R15,2264.798921,2191767847828.596680
Al27_g0u0300,13,27,g0u0300,K1-L2,346659.737238,3633205016005237.000000
Al27_g0u0300,13,27,g0u0300,K1-L3,346927.243954,3628613681640771.000000
Al27_g0u0300,13,27,g0u0300,L2-M4,66271.169165,319810115125476.437500
Al27_g0u0300,13,27,g0u0300,L3-M4,66003.662449,63665260125764.125000
Al27_g0u0300,13,27,g0u0300,L3-M5,66030.133534,382265621700729.687500
Al27_g0u0300,13,27,g0u0300,M4-N6,23079.442881,75974060542640.375000
Al27_g0u0300,13,27,g0u0300,M5-N6,23052.971796,5417178698372.868164
Al27_g0u0300,13,27,g0u0300,M5-N7,23058.535530,81308893877153.578125
Al27_g0u0300,13,27,g0u0300,N6-O8,10665.379253,24170850589704.476562
Al27_g0u0300,13,27,g0u0300,N7-O8,10659.815519,894360518227.764771
Al27_g0u0300,13,27,g0u0300,N7-O9,10661.521938,25053901104534.691406
Al27_g0u0300,13,27,g0u0300,O8-P10,5789.783355,9468597775820.472656
Al27_g0u0300,13,27,g0u0300,O9-P10,5788.076936,215064384913.295929
Al27_g0u0300,13,27,g0u0300,O9-P11,5788.734821,9681332097229.904297
Al27_g0u0300,13,27,g0u0300,P10-Q12,3490.110283,4293810827766.532227
Al27_g0u0300,13,27,g0u0300,P11-Q12,3489.452398,66030639341.765205
Al27_g0u0300,13,27,g0u0300,P11-Q13,3489.748238,4359216373751.033203
Al27_g0u0300,13,27,g0u0300,Q12-R14,2264.946147,2167890528954.637207
Al27_g0u0300,13,27,g0u0300,Q13-R14,2264.650307,24080135080.927322
Al27_g0u0300,13,27,g0u0300,Q13-R15,2264.798929,2191767851826.035400
Al27_g0u0350,13,27,g0u0350,K1-L2,346659.845519,3633206177385704.000000
Al27_g0u0350,13,27,g0u0350,K1-L3,346927.352290,3628614538095543.000000
Al27_g0u0350,13,27,g0u0350,L2-M4,66271.172423,319810162584472.437500
Al27_g0u0350,13,27,g0u0350,L3-M4,66003.665653,63665262748679.109375
Al27_g0u0350,13,27,g0u0350,L3-M5,66030.136740,382265678589938.812500
Al27_g0u0350,13,27,g0u0350,M4-N6,23079.443741,75974062716006.640625
Al27_g0u0350,13,27,g0u0350,M5-N6,23052.972654,5417178853134.717773
Al27_g0u0350,13,27,g0u0350,M5-N7,23058.536388,81308896203186.718750
Al27_g0u0350,13,27,g0u0350,N6-O8,10665.379512,24170853004941.558594
Al27_g0u0350,13,27,g0u0350,N7-O8,10659.815778,894360533049.157593
Al27_g0u0350,13,27,g0u0350,N7-O9,10661.522197,25053903608408.964844
Al27_g0u0350,13,27,g0u0350,O8-P10,5789.783432,9468597852535.132812
Al27_g0u0350,13,27,g0u0350,O9-P10,5788.077013,215064386654.468170
Al27_g0u0350,13,27,g0u0350,O9-P11,5788.734898,9681332175653.535156
Al27_g0u0350,13,27,g0u0350,P10-Q12,3490.110304,4293811388999.584473
Al27_g0u0350,13,27,g0u0350,P11-Q12,3489.452419,66030639563.374397
Al27_g0u0350,13,27,g0u0350,P11-Q13,3489.748260,4359216388371.565430
Al27_g0u0350,13,27,g0u0350,Q12-R14,2264.946153,2167890531555.398438
Al27_g0u0350,13,27,g0u0350,Q13-R14,2264.650313,24080135109.778389
Al27_g0u0350,13,27,g0u0350,Q13-R15,2264.798935,2191767854452.555664
Al27_g0u0400,13,27,g0u0400,K1-L2,346659.916522,3633207060769504.000000
Al27_g0u0400,13,27,g0u0400,K1-L3,346927.423329,3628615414282683.500000
Al27_g0u0400,13,27,g0u0400,L2-M4,66271.174692,319810171765671.250000
Al27_g0u0400,13,27,g0u0400,L3-M4,66003.667885,63665264577200.085938
Al27_g0u0400,13,27,g0u0400,L3-M5,66030.138974,382265689594653.812500
Al27_g0u0400,13,27,g0u0400,M4-N6,23079.444341,75974070081536.234375
Al27_g0u0400,13,27,g0u0400,M5-N6,23052.973252,5417178961015.016602
Al27_g0u0400,13,27,g0u0400,M5-N7,23058.536987,81308897824716.531250
Al27_g0u0400,13,27,g0u0400,N6-O8,10665.379693,24170853284394.261719
Al27_g0u0400,13,27,g0u0400,N7-O8,10659.815958,894360543379.275757
Al27_g0u0400,13,27,g0u0400,N7-O9,10661.522377,25053903897949.097656
Al27_g0u0400,13,27,g0u0400,O8-P10,5789.783486,9468597906001.728516
Al27_g0u0400,13,27,g0u0400,O9-P10,5788.077067,215064387867.873260
Al27_g0u0400,13,27,g0u0400,O9-P11,5788.734952,9681332973492.134766
Al27_g0u0400,13,27,g0u0400,P10-Q12,3490.110319,4293811399106.358398
Al27_g0u0400,13,27,g0u0400,P11-Q12,3489.452435,66030639718.629524
Al27_g0u0400,13,27,g0u0400,P11-Q13,3489.748275,4359216398550.092773
Al27_g0u0400,13,27,g0u0400,Q12-R14,2264.946157,2167890533389.490967
Al27_g0u0400,13,27,g0u0400,Q13-R14,2264.650316,24080135130.076023
Al27_g0u0400,13,27,g0u0400,Q13-R15,2264.798939,2191767856248.991455
Al27_g0u0450,13,27,g0u0450,K1-L2,346659.965686,3633207655368488.000000
Al27_g0u0450,13,27,g0u0450,K1-L3,346927.472520,3628615708713968.500000
Al27_g0u0450,13,27,g0u0450,L2-M4,66271.176346,319810178466517.500000
Al27_g0u0450,13,27,g0u0450,L3-M4,66003.669513,63665272774283.359375
Al27_g0u0450,13,27,g0u0450,L3-M5,66030.140603,382265697625368.687500
Al27_g0u0450,13,27,g0u0450,M4-N6,23079.444779,75974071187163.546875
Al27_g0u0450,13,27,g0u0450,M5-N6,23052.973689,5417179457690.342773
Al27_g0u0450,13,27,g0u0450,M5-N7,23058.537423,81308905272925.875000
Al27_g0u0450,13,27,g0u0450,N6-O8,10665.379825,24170853488320.847656
Al27_g0u0450,13,27,g0u0450,N7-O8,10659.816090,894360550917.410522
Al27_g0u0450,13,27,g0u0450,N7-O9,10661.522509,25053904109356.160156
Al27_g0u0450,13,27,g0u0450,O8-P10,5789.783525,9468597944990.044922
Al27_g0u0450,13,27,g0u0450,O9-P10,5788.077107,215064388752.815857
Al27_g0u0450,13,27,g0u0450,O9-P11,5788.734991,9681333013397.306641
Al27_g0u0450,13,27,g0u0450,P10-Q12,3490.110330,4293811406446.321777
Al27_g0u0450,13,27,g0u0450,P11-Q12,3489.452446,66030639831.480675
Al27_g0u0450,13,27,g0u0450,P11-Q13,3489.748286,4359216405994.891602
Al27_g0u0450,13,27,g0u0450,Q12-R14,2264.946159,2167890534696.288086
Al27_g0u0450,13,27,g0u0450,Q13-R14,2264.650319,24080135144.575611
Al27_g0u0450,13,27,g0u0450,Q13-R15,2264.798941,2191767857568.667236
Al27_g0u0500,13,27,g0u0500,K1-L2,346660.001191,3633207956309969.500000
Al27_g0u0500,13,27,g0u0500,K1-L3,346927.508044,3628616302755517.000000
Al27_g0u0500,13,27,g0u0500,L2-M4,66271.177596,319810183533930.625000
Al27_g0u0500,13,27,g0u0500,L3-M4,66003.670743,63665273783278.039062
Al27_g0u0500,13,27,g0u0500,L3-M5,66030.141834,382265703697799.750000
Al27_g0u0500,13,27,g0u0500,M4-N6,23079.445110,75974072022869.265625
Al27_g0u0500,13,27,g0u0500,M5-N6,23052.974019,5417179517199.870117
Al27_g0u0500,13,27,g0u0500,M5-N7,23058.537754,81308906167629.343750
Al27_g0u0500,13,27,g0u0500,N6-O8,10665.379924,24170853642390.687500
Al27_g0u0500,13,27,g0u0500,N7-O8,10659.816190,894360556612.732178
Al27_g0u0500,13,27,g0u0500,N7-O9,10661.522608,25053904269179.128906
Al27_g0u0500,13,27,g0u0500,O8-P10,5789.783555,9468597974476.857422
Al27_g0u0500,13,27,g0u0500,O9-P10,5788.077136,215064389422.120483
Al27_g0u0500,13,27,g0u0500,O9-P11,5788.735021,9681333043505.724609
Al27_g0u0500,13,27,g0u0500,P10-Q12,3490.110339,4293811411931.143066
Al27_g0u0500,13,27,g0u0500,P11-Q12,3489.452454,66030639915.717392
Al27_g0u0500,13,27,g0u0500,P11-Q13,3489.748294,4359216411625.473633
Al27_g0u0500,13,27,g0u0500,Q12-R14,2264.946162,2167890535663.684082
Al27_g0u0500,13,27,g0u0500,Q13-R14,2264.650321,24080135155.349014
Al27_g0u0500,13,27,g0u0500,Q13-R15,2264.798944,2191767858601.558105
Al27_g0u0550,13,27,g0u0550,K1-L2,346660.027702,3633208259220593.500000
Al27_g0u0550,13,27,g0u0550,K1-L3,346927.534569,3628616603308896.500000
Al27_g0u0550,13,27,g0u0550,L2-M4,66271.178567,319810187475183.000000
Al27_g0u0550,13,27,g0u0550,L3-M4,66003.671700,63665274567967.273438
Al27_g0u0550,13,27,g0u0550,L3-M5,66030.142791,382265708420195.500000
Al27_g0u0550,13,27,g0u0550,M4-N6,23079.445367,75974072672893.968750
Al27_g0u0550,13,27,g0u0550,M5-N6,23052.974276,5417179563487.246094
Al27_g0u0550,13,27,g0u0550,M5-N7,23058.538010,81308906863231.375000
Al27_g0u0550,13,27,g0u0550,N6-O8,10665.380002,24170853762360.335938
Al27_g0u0550,13,27,g0u0550,N7-O8,10659.816267,894360561047.407227
Al27_g0u0550,13,27,g0u0550,N7-O9,10661.522686,25053904393439.207031
Al27_g0u0550,13,27,g0u0550,O8-P10,5789.783578,9468597997420.427734
Al27_g0u0550,13,27,g0u0550,O9-P10,5788.077159,215064389942.814148
Al27_g0u0550,13,27,g0u0550,O9-P11,5788.735044,9681333067027.615234
Al27_g0u0550,13,27,g0u0550,P10-Q12,3490.110345,4293811416258.060547
Al27_g0u0550,13,27,g0u0550,P11-Q12,3489.452460,66030639982.308136
Al27_g0u0550,13,27,g0u0550,P11-Q13,3489.748300,4359216416014.955566
Al27_g0u0550,13,27,g0u0550,Q12-R14,2264.946163,2167890536453.964111
Al27_g0u0550,13,27,g0u0550,Q13-R14,2264.650323,24080135164.126564
Al27_g0u0550,13,27,g0u0550,Q13-R15,2264.798945,2191767859399.514648
Al27_g0u0600,13,27,g0u0600,K1-L2,346660.048043,3633208562929030.500000
Al27_g0u0600,13,27,g0u0600,K1-L3,346927.554922,3628616904614377.500000
Al27_g0u0600,13,27,g0u0600,L2-M4,66271.179339,319810224903183.875000
Al27_g0u0600,13,27,g0u0600,L3-M4,66003.672461,63665275192468.906250
Al27_g0u0600,13,27,g0u0600,L3-M5,66030.143553,382265753281778.125000
Al27_g0u0600,13,27,g0u0600,M4-N6,23079.445572,75974073190157.578125
Al27_g0u0600,13,27,g0u0600,M5-N6,23052.974480,5417179600320.683594
Al27_g0u0600,13,27,g0u0600,M5-N7,23058.538215,81308907416911.500000
Al27_g0u0600,13,27,g0u0600,N6-O8,10665.380064,24170853857816.589844
Al27_g0u0600,13,27,g0u0600,N7-O8,10659.816329,894360564576.014893
Al27_g0u0600,13,27,g0u0600,N7-O9,10661.522747,25053904492337.589844
Al27_g0u0600,13,27,g0u0600,O8-P10,5789.783596,9468598015660.787109
Al27_g0u0600,13,27,g0u0600,O9-P10,5788.077178,215064390356.785797
Al27_g0u0600,13,27,g0u0600,O9-P11,5788.735062,9681333085651.052734
Al27_g0u0600,13,27,g0u0600,P10-Q12,3490.110350,4293811419708.049805
Al27_g0u0600,13,27,g0u0600,P11-Q12,3489.452466,66030640035.286125
Al27_g0u0600,13,27,g0u0600,P11-Q13,3489.748306,4359216419513.235352
Al27_g0u0600,13,27,g0u0600,Q12-R14,2264.946165,2167890537085.443115
Al27_g0u0600,13,27,g0u0600,Q13-R14,2264.650324,24080135171.146709
Al27_g0u0600,13,27,g0u0600,Q13-R15,2264.798947,2191767859984.613281
Al27_g0u0700,13,27,g0u0700,K1-L2,346660.076777,3633208574706168.500000
Al27_g0u0700,13,27,g0u0700,K1-L3,346927.583672,3628617212031096.000000
Al27_g0u0700,13,27,g0u0700,L2-M4,66271.180481,319810229547064.375000
Al27_g0u0700,13,27,g0u0700,L3-M4,66003.673586,63665276116895.945312
Al27_g0u0700,13,27,g0u0700,L3-M5,66030.144679,382265758845242.125000
Al27_g0u0700,13,27,g0u0700,M4-N6,23079.445875,75974079806356.109375
Al27_g0u0700,13,27,g0u0700,M5-N6,23052.974782,5417179654842.280273
Al27_g0u0700,13,27,g0u0700,M5-N7,23058.538517,81308908236390.890625
Al27_g0u0700,13,27,g0u0700,N6-O8,10665.380155,24170853999087.000000
Al27_g0u0700,13,27,g0u0700,N7-O8,10659.816420,894360644404.043823
Al27_g0u0700,13,27,g0u0700,N7-O9,10661.522839,25053904638776.863281
Al27_g0u0700,13,27,g0u0700,O8-P10,5789.783624,9468598042633.845703
Al27_g0u0700,13,27,g0u0700,O9-P10,5788.077205,215064390969.014099
Al27_g0u0700,13,27,g0u0700,O9-P11,5788.735090,9681333113287.996094
Al27_g0u0700,13,27,g0u0700,P10-Q12,3490.110358,4293811424766.884277
Al27_g0u0700,13,27,g0u0700,P11-Q12,3489.452473,66030640113.072517
Al27_g0u0700,13,27,g0u0700,P11-Q13,3489.748313,4359216424645.392578
Al27_g0u0700,13,27,g0u0700,Q12-R14,2264.946166,2167890537960.119629
Al27_g0u0700,13,27,g0u0700,Q13-R14,2264.650326,24080135180.828972
Al27_g0u0700,13,27,g0u0700,Q13-R15,2264.798948,2191767860920.649658
Al27_g0u0800,13,27,g0u0800,K1-L2,346660.095720,3633208883498746.000000
Al27_g0u0800,13,27,g0u0800,K1-L3,346927.602627,3628617223026695.500000
Al27_g0u0800,13,27,g0u0800,L2-M4,66271.181277,319810232786141.312500
Al27_g0u0800,13,27,g0u0800,L3-M4,66003.674371,63665276761609.562500
Al27_g0u0800,13,27,g0u0800,L3-M5,66030.145465,382265762725617.312500
Al27_g0u0800,13,27,g0u0800,M4-N6,23079.446086,75974080340310.390625
Al27_g0u0800,13,27,g0u0800,M5-N6,23052.974993,5417180110809.501953
Al27_g0u0800,13,27,g0u0800,M5-N7,23058.538728,81308908807878.156250
Al27_g0u0800,13,27,g0u0800,N6-O8,10665.380218,24170856111814.437500
Al27_g0u0800,13,27,g0u0800,N7-O8,10659.816483,894360648043.083252
Al27_g0u0800,13,27,g0u0800,N7-O9,10661.522902,25053904740767.183594
Al27_g0u0800,13,27,g0u0800,O8-P10,5789.783643,9468598061516.279297
Al27_g0u0800,13,27,g0u0800,O9-P10,5788.077224,215064407916.793610
Al27_g0u0800,13,27,g0u0800,O9-P11,5788.735109,9681333132567.767578
Al27_g0u0800,13,27,g0u0800,P10-Q12,3490.110363,4293811428358.391113
Al27_g0u0800,13,27,g0u0800,P11-Q12,3489.452478,66030640168.272316
Al27_g0u0800,13,27,g0u0800,P11-Q13,3489.748319,4359216428286.654297
Al27_g0u0800,13,27,g0u0800,Q12-R14,2264.946168,2167890538613.968750
Al27_g0u0800,13,27,g0u0800,Q13-R14,2264.650328,24080135188.119301
Al27_g0u0800,13,27,g0u0800,Q13-R15,2264.798950,2191767861580.452393
Al27_g0u0900,13,27,g0u0900,K1-L2,346660.108898,3633208892954556.500000
Al27_g0u0900,13,27,g0u0900,K1-L3,346927.615812,3628617527998953.000000
Al27_g0u0900,13,27,g0u0900,L2-M4,66271.181858,319810235151289.125000
Al27_g0u0900,13,27,g0u0900,L3-M4,66003.674944,63665277232332.640625
Al27_g0u0900,13,27,g0u0900,L3-M5,66030.146038,382265765558522.937500
Al27_g0u0900,13,27,g0u0900,M4-N6,23079.446241,75974080730004.046875
Al27_g0u0900,13,27,g0u0900,M5-N6,23052.975147,5417180138559.177734
Al27_g0u0900,13,27,g0u0900,M5-N7,23058.538882,81308915490148.593750
Al27_g0u0900,13,27,g0u0900,N6-O8,10665.380265,24170856183732.957031
Al27_g0u0900,13,27,g0u0900,N7-O8,10659.816530,894360650701.510254
Al27_g0u0900,13,27,g0u0900,N7-O9,10661.522949,25053904815315.398438
Al27_g0u0900,13,27,g0u0900,O8-P10,5789.783656,9468598075284.802734
Al27_g0u0900,13,27,g0u0900,O9-P10,5788.077238,215064408229.307953
Al27_g0u0900,13,27,g0u0900,O9-P11,5788.735122,9681333146625.826172
Al27_g0u0900,13,27,g0u0900,P10-Q12,3490.110367,4293811430925.820312
Al27_g0u0900,13,27,g0u0900,P11-Q12,3489.452482,66030640207.713997
Al27_g0u0900,13,27,g0u0900,P11-Q13,3489.748322,4359216430889.821777
Al27_g0u0900,13,27,g0u0900,Q12-R14,2264.946169,2167890539107.399902
Al27_g0u0900,13,27,g0u0900,Q13-R14,2264.650329,24080135193.578491
Al27_g0u0900,13,27,g0u0900,Q13-R15,2264.798951,2191767862026.563232
Al27_g0u1000,13,27,g0u1000,K1-L2,346660.118453,3633209199050803.000000
Al27_g0u1000,13,27,g0u1000,K1-L3,346927.625373,3628617536221597.000000
Al27_g0u1000,13,27,g0u1000,L2-M4,66271.182297,319810236939968.000000
Al27_g0u1000,13,27,g0u1000,L3-M4,66003.675377,63665277588297.617188
Al27_g0u1000,13,27,g0u1000,L3-M5,66030.146471,382265767700807.625000
Al27_g0u1000,13,27,g0u1000,M4-N6,23079.446357,75974081024869.968750
Al27_g0u1000,13,27,g0u1000,M5-N6,23052.975263,5417180159556.072266
Al27_g0u1000,13,27,g0u1000,M5-N7,23058.538998,81308915805541.078125
Al27_g0u1000,13,27,g0u1000,N6-O8,10665.380300,24170856238114.429688
Al27_g0u1000,13,27,g0u1000,N7-O8,10659.816565,894360652711.699829
Al27_g0u1000,13,27,g0u1000,N7-O9,10661.522984,25053904871720.871094
Al27_g0u1000,13,27,g0u1000,O8-P10,5789.783667,9468598085728.669922
Al27_g0u1000,13,27,g0u1000,O9-P10,5788.077248,215064408466.389709
Al27_g0u1000,13,27,g0u1000,O9-P11,5788.735133,9681333157289.615234
Al27_g0u1000,13,27,g0u1000,P10-Q12,3490.110370,4293811432861.826660
Al27_g0u1000,13,27,g0u1000,P11-Q12,3489.452485,66030640237.481323
Al27_g0u1000,13,27,g0u1000,P11-Q13,3489.748325,4359216432921.629883
Al27_g0u1000,13,27,g0u1000,Q12-R14,2264.946170,2167890539448.858398
Al27_g0u1000,13,27,g0u1000,Q13-R14,2264.650329,24080135197.441628
Al27_g0u1000,13,27,g0u1000,Q13-R15,2264.798952,2191767862374.416016
Al27_g0u1100,13,27,g0u1100,K1-L2,346660.125613,3633209206024356.000000
Al27_g0u1100,13,27,g0u1100,K1-L3,346927.632538,3628617543265809.500000
Al27_g0u1100,13,27,g0u1100,L2-M4,66271.182638,319810238331734.500000
Al27_g0u1100,13,27,g0u1100,L3-M4,66003.675713,63665284727963.156250
Al27_g0u1100,13,27,g0u1100,L3-M5,66030.146808,382265769367411.625000
Al27_g0u1100,13,27,g0u1100,M4-N6,23079.446448,75974081254138.109375
Al27_g0u1100,13,27,g0u1100,M5-N6,23052.975354,5417180175882.115234
Al27_g0u1100,13,27,g0u1100,M5-N7,23058.539089,81308916051165.406250
Al27_g0u1100,13,27,g0u1100,N6-O8,10665.380327,24170856280375.593750
Al27_g0u1100,13,27,g0u1100,N7-O8,10659.816592,894360654274.005493
Al27_g0u1100,13,27,g0u1100,N7-O9,10661.523011,25053904915584.035156
Al27_g0u1100,13,27,g0u1100,O8-P10,5789.783675,9468598093793.324219
Al27_g0u1100,13,27,g0u1100,O9-P10,5788.077256,215064408649.462036
Al27_g0u1100,13,27,g0u1100,O9-P11,5788.735141,9681333165524.435547
Al27_g0u1100,13,27,g0u1100,P10-Q12,3490.110372,4293811434412.192383
Al27_g0u1100,13,27,g0u1100,P11-Q12,3489.452488,66030640261.273041
Al27_g0u1100,13,27,g0u1100,P11-Q13,3489.748328,4359216434424.751465
Al27_g0u1100,13,27,g0u1100,Q12-R14,2264.946170,2167890539717.017334
Al27_g0u1100,13,27,g0u1100,Q13-R14,2264.650330,24080135200.345261
Al27_g0u1100,13,27,g0u1100,Q13-R15,2264.798952,2191767862694.605957
Al27_g0u1200,13,27,g0u1200,K1-L2,346660.131125,3633209212022174.500000
Al27_g0u1200,13,27,g0u1200,K1-L3,346927.638053,3628617844714057.500000
Al27_g0u1200,13,27,g0u1200,L2-M4,66271.182909,319810239439591.375000
Al27_g0u1200,13,27,g0u1200,L3-M4,66003.675981,63665284948413.250000
Al27_g0u1200,13,27,g0u1200,L3-M5,66030.147076,382265770694370.375000
Al27_g0u1200,13,27,g0u1200,M4-N6,23079.446521,75974081436722.484375
Al27_g0u1200,13,27,g0u1200,M5-N6,23052.975426,5417180188883.554688
Al27_g0u1200,13,27,g0u1200,M5-N7,23058.539161,81308916246488.031250
Al27_g0u1200,13,27,g0u1200,N6-O8,10665.380349,24170856314106.902344
Al27_g0u1200,13,27,g0u1200,N7-O8,10659.816614,894360655520.900391
Al27_g0u1200,13,27,g0u1200,N7-O9,10661.523033,25053904950481.492188
Al27_g0u1200,13,27,g0u1200,O8-P10,5789.783682,9468598100198.636719
Al27_g0u1200,13,27,g0u1200,O9-P10,5788.077263,215064408794.805664
Al27_g0u1200,13,27,g0u1200,O9-P11,5788.735147,9681333172160.427734
Al27_g0u1200,13,27,g0u1200,P10-Q12,3490.110374,4293811435629.553223
Al27_g0u1200,13,27,g0u1200,P11-Q12,3489.452489,66030640280.066498
Al27_g0u1200,13,27,g0u1200,P11-Q13,3489.748329,4359216435661.690918
Al27_g0u1200,13,27,g0u1200,Q12-R14,2264.946171,2167890539937.147949
Al27_g0u1200,13,27,g0u1200,Q13-R14,2264.650331,24080135202.792217
Al27_g0u1200,13,27,g0u1200,Q13-R15,2264.798953,2191767862916.845459
Al27_g0u1300,13,27,g0u1300,K1-L2,346660.135464,3633209217206175.000000
Al27_g0u1300,13,27,g0u1300,K1-L3,346927.642395,3628617849943698.000000
Al27_g0u1300,13,27,g0u1300,L2-M4,66271.183130,319810240338378.437500
Al27_g0u1300,13,27,g0u1300,L3-M4,66003.676199,63665285127250.515625
Al27_g0u1300,13,27,g0u1300,L3-M5,66030.147293,382265771770857.937500
Al27_g0u1300,13,27,g0u1300,M4-N6,23079.446579,75974081584721.156250
Al27_g0u1300,13,27,g0u1300,M5-N6,23052.975484,5417180199422.148438
Al27_g0u1300,13,27,g0u1300,M5-N7,23058.539220,81308916404902.703125
Al27_g0u1300,13,27,g0u1300,N6-O8,10665.380367,24170856341393.066406
Al27_g0u1300,13,27,g0u1300,N7-O8,10659.816632,894360656529.480347
Al27_g0u1300,13,27,g0u1300,N7-O9,10661.523051,25053904978854.488281
Al27_g0u1300,13,27,g0u1300,O8-P10,5789.783687,9468598105469.355469
Al27_g0u1300,13,27,g0u1300,O9-P10,5788.077268,215064408914.504120
Al27_g0u1300,13,27,g0u1300,O9-P11,5788.735153,9681333177446.035156
Al27_g0u1300,13,27,g0u1300,P10-Q12,3490.110376,4293811436616.151367
Al27_g0u1300,13,27,g0u1300,P11-Q12,3489.452491,66030640295.129982
Al27_g0u1300,13,27,g0u1300,P11-Q13,3489.748331,4359216436659.409180
Al27_g0u1300,13,27,g0u1300,Q12-R14,2264.946171,2167890540111.716309
Al27_g0u1300,13,27,g0u1300,Q13-R14,2264.650331,24080135204.730301
Al27_g0u1300,13,27,g0u1300,Q13-R15,2264.798953,2191767863093.118896
Al27_g0u1400,13,27,g0u1400,K1-L2,346660.138944,3633209221712516.500000
Al27_g0u1400,13,27,g0u1400,K1-L3,346927.645877,3628617854486816.000000
Al27_g0u1400,13,27,g0u1400,L2-M4,66271.183311,319810241079771.375000
Al27_g0u1400,13,27,g0u1400,L3-M4,66003.676378,63665285274765.281250
Al27_g0u1400,13,27,g0u1400,L3-M5,66030.147473,382265772658480.187500
Al27_g0u1400,13,27,g0u1400,M4-N6,23079.446628,75974081706817.640625
Al27_g0u1400,13,27,g0u1400,M5-N6,23052.975533,5417180208116.567383
Al27_g0u1400,13,27,g0u1400,M5-N7,23058.539268,81308916535679.812500
Al27_g0u1400,13,27,g0u1400,N6-O8,10665.380381,24170856364008.375000
Al27_g0u1400,13,27,g0u1400,N7-O8,10659.816646,894360657365.527588
Al27_g0u1400,13,27,g0u1400,N7-O9,10661.523065,25053905002107.222656
Al27_g0u1400,13,27,g0u1400,O8-P10,5789.783691,9468598109799.150391
Al27_g0u1400,13,27,g0u1400,O9-P10,5788.077272,215064409012.645538
Al27_g0u1400,13,27,g0u1400,O9-P11,5788.735157,9681333181865.166016
Al27_g0u1400,13,27,g0u1400,P10-Q12,3490.110377,4293811437439.978516
Al27_g0u1400,13,27,g0u1400,P11-Q12,3489.452492,66030640307.799210
Al27_g0u1400,13,27,g0u1400,P11-Q13,3489.748332,4359216437494.542480
Al27_g0u1400,13,27,g0u1400,Q12-R14,2264.946171,2167890540278.107910
Al27_g0u1400,13,27,g0u1400,Q13-R14,2264.650331,24080135206.587708
Al27_g0u1400,13,27,g0u1400,Q13-R15,2264.798953,2191767863208.567139
Al27_g0u1500,13,27,g0u1500,K1-L2,346660.141782,3633209225653597.500000
Al27_g0u1500,13,27,g0u1500,K1-L3,346927.648717,3628617858457751.000000
Al27_g0u1500,13,27,g0u1500,L2-M4,66271.183463,319810241699351.687500
Al27_g0u1500,13,27,g0u1500,L3-M4,66003.676528,63665285398041.445312
Al27_g0u1500,13,27,g0u1500,L3-M5,66030.147623,382265773400539.375000
Al27_g0u1500,13,27,g0u1500,M4-N6,23079.446668,75974081809011.781250
Al27_g0u1500,13,27,g0u1500,M5-N6,23052.975573,5417180215393.482422
Al27_g0u1500,13,27,g0u1500,M5-N7,23058.539308,81308916644976.562500
Al27_g0u1500,13,27,g0u1500,N6-O8,10665.380394,24170856382773.691406
Al27_g0u1500,13,27,g0u1500,N7-O8,10659.816658,894360658059.200562
Al27_g0u1500,13,27,g0u1500,N7-O9,10661.523077,25053905021664.515625
Al27_g0u1500,13,27,g0u1500,O8-P10,5789.783695,9468598113324.779297
Al27_g0u1500,13,27,g0u1500,O9-P10,5788.077276,215064409092.721436
Al27_g0u1500,13,27,g0u1500,O9-P11,5788.735161,9681333185562.820312
Al27_g0u1500,13,27,g0u1500,P10-Q12,3490.110378,4293811438109.076172
Al27_g0u1500,13,27,g0u1500,P11-Q12,3489.452493,66030640318.138916
Al27_g0u1500,13,27,g0u1500,P11-Q13,3489.748333,4359216438175.995605
Al27_g0u1500,13,27,g0u1500,Q12-R14,2264.946172,2167890540356.798096
Al27_g0u1500,13,27,g0u1500,Q13-R14,2264.650332,24080135207.451595
Al27_g0u1500,13,27,g0u1500,Q13-R15,2264.798954,2191767863340.562988
Al27_g0u1600,13,27,g0u1600,K1-L2,346660.144129,3633209527081615.500000
Al27_g0u1600,13,27,g0u1600,K1-L3,346927.651066,3628617861946859.000000
Al27_g0u1600,13,27,g0u1600,L2-M4,66271.183591,319810242223914.812500
Al27_g0u1600,13,27,g0u1600,L3-M4,66003.676654,63665285502404.875000
Al27_g0u1600,13,27,g0u1600,L3-M5,66030.147749,382265774028475.562500
Al27_g0u1600,13,27,g0u1600,M4-N6,23079.446702,75974081895408.390625
Al27_g0u1600,13,27,g0u1600,M5-N6,23052.975607,5417180221545.709961
Al27_g0u1600,13,27,g0u1600,M5-N7,23058.539342,81308916737418.078125
Al27_g0u1600,13,27,g0u1600,N6-O8,10665.380404,24170856398705.097656
Al27_g0u1600,13,27,g0u1600,N7-O8,10659.816669,894360658648.099121
Al27_g0u1600,13,27,g0u1600,N7-O9,10661.523087,25053905038146.843750
Al27_g0u1600,13,27,g0u1600,O8-P10,5789.783698,9468598116439.867188
Al27_g0u1600,13,27,g0u1600,O9-P10,5788.077279,215064409163.388367
Al27_g0u1600,13,27,g0u1600,O9-P11,5788.735164,9681333188646.578125
Al27_g0u1600,13,27,g0u1600,P10-Q12,3490.110379,4293811438669.082031
Al27_g0u1600,13,27,g0u1600,P11-Q12,3489.452494,66030640326.667076
Al27_g0u1600,13,27,g0u1600,P11-Q13,3489.748334,4359216438740.912109
Al27_g0u1600,13,27,g0u1600,Q12-R14,2264.946172,2167890540470.810059
Al27_g0u1600,13,27,g0u1600,Q13-R14,2264.650332,24080135208.704559
Al27_g0u1600,13,27,g0u1600,Q13-R15,2264.798954,2191767863455.879395
Al27_g0u1700,13,27,g0u1700,K1-L2,346660.146082,3633209530171038.000000
Al27_g0u1700,13,27,g0u1700,K1-L3,346927.653020,3628617865058422.000000
Al27_g0u1700,13,27,g0u1700,L2-M4,66271.183701,319810242672418.312500
Al27_g0u1700,13,27,g0u1700,L3-M4,66003.676763,63665285591633.187500
Al27_g0u1700,13,27,g0u1700,L3-M5,66030.147858,382265774565811.937500
Al27_g0u1700,13,27,g0u1700,M4-N6,23079.446731,75974081969268.093750
Al27_g0u1700,13,27,g0u1700,M5-N6,23052.975636,5417180226805.018555
Al27_g0u1700,13,27,g0u1700,M5-N7,23058.539371,81308916816472.171875
Al27_g0u1700,13,27,g0u1700,N6-O8,10665.380413,24170856412292.464844
Al27_g0u1700,13,27,g0u1700,N7-O8,10659.816677,894360659150.357544
Al27_g0u1700,13,27,g0u1700,N7-O9,10661.523096,25053905052347.296875
Al27_g0u1700,13,27,g0u1700,O8-P10,5789.783700,9468598119004.408203
Al27_g0u1700,13,27,g0u1700,O9-P10,5788.077282,215064409221.678711
Al27_g0u1700,13,27,g0u1700,O9-P11,5788.735166,9681333191362.781250
Al27_g0u1700,13,27,g0u1700,P10-Q12,3490.110379,4293811439190.229492
Al27_g0u1700,13,27,g0u1700,P11-Q12,3489.452495,66030640334.763885
Al27_g0u1700,13,27,g0u1700,P11-Q13,3489.748335,4359216439272.017578
Al27_g0u1700,13,27,g0u1700,Q12-R14,2264.946172,2167890540584.926270
Al27_g0u1700,13,27,g0u1700,Q13-R14,2264.650332,24080135209.998444
Al27_g0u1700,13,27,g0u1700,Q13-R15,2264.798954,2191767863518.305908
Al27_g0u1800,13,27,g0u1800,K1-L2,346660.147624,3633209533170020.500000
Al27_g0u1800,13,27,g0u1800,K1-L3,346927.654564,3628617868076380.000000
Al27_g0u1800,13,27,g0u1800,L2-M4,66271.183795,319810243059809.562500
Al27_g0u1800,13,27,g0u1800,L3-M4,66003.676856,63665285668694.757812
Al27_g0u1800,13,27,g0u1800,L3-M5,66030.147951,382265775029400.812500
Al27_g0u1800,13,27,g0u1800,M4-N6,23079.446757,75974082032951.296875
Al27_g0u1800,13,27,g0u1800,M5-N6,23052.975661,5417180231340.019531
Al27_g0u1800,13,27,g0u1800,M5-N7,23058.539397,81308916884674.156250
Al27_g0u1800,13,27,g0u1800,N6-O8,10665.380420,24170856424151.746094
Al27_g0u1800,13,27,g0u1800,N7-O8,10659.816685,894360659588.715454
Al27_g0u1800,13,27,g0u1800,N7-O9,10661.523104,25053905064472.996094
Al27_g0u1800,13,27,g0u1800,O8-P10,5789.783703,9468598121249.355469
Al27_g0u1800,13,27,g0u1800,O9-P10,5788.077284,215064409272.534851
Al27_g0u1800,13,27,g0u1800,O9-P11,5788.735169,9681333193653.208984
Al27_g0u1800,13,27,g0u1800,P10-Q12,3490.110380,4293811439599.855957
Al27_g0u1800,13,27,g0u1800,P11-Q12,3489.452495,66030640341.050087
Al27_g0u1800,13,27,g0u1800,P11-Q13,3489.748335,4359216439687.398438
Al27_g0u1800,13,27,g0u1800,Q12-R14,2264.946172,2167890540652.860596
Al27_g0u1800,13,27,g0u1800,Q13-R14,2264.650332,24080135210.740948
Al27_g0u1800,13,27,g0u1800,Q13-R15,2264.798954,2191767863587.062744
Al27_g0u1900,13,27,g0u1900,K1-L2,346660.149811,3633209533821475.000000
Al27_g0u1900,13,27,g0u1900,K1-L3,346927.656751,3628617868745536.500000
Al27_g0u1900,13,27,g0u1900,L2-M4,66271.183878,319810243395961.437500
Al27_g0u1900,13,27,g0u1900,L3-M4,66003.676938,63665285735618.953125
Al27_g0u1900,13,27,g0u1900,L3-M5,66030.148033,382265775431845.812500
Al27_g0u1900,13,27,g0u1900,M4-N6,23079.446779,75974082088396.859375
Al27_g0u1900,13,27,g0u1900,M5-N6,23052.975683,5417180235288.331055
Al27_g0u1900,13,27,g0u1900,M5-N7,23058.539419,81308916944088.109375
Al27_g0u1900,13,27,g0u1900,N6-O8,10665.380427,24170856434357.722656
Al27_g0u1900,13,27,g0u1900,N7-O8,10659.816692,894360659966.006104
Al27_g0u1900,13,27,g0u1900,N7-O9,10661.523111,25053905075174.710938
Al27_g0u1900,13,27,g0u1900,O8-P10,5789.783705,9468598123229.607422
Al27_g0u1900,13,27,g0u1900,O9-P10,5788.077286,215064409317.589691
Al27_g0u1900,13,27,g0u1900,O9-P11,5788.735171,9681333195676.003906
Al27_g0u1900,13,27,g0u1900,P10-Q12,3490.110381,4293811439943.075684
Al27_g0u1900,13,27,g0u1900,P11-Q12,3489.452496,66030640346.337509
Al27_g0u1900,13,27,g0u1900,P11-Q13,3489.748336,4359216440035.183594
Al27_g0u1900,13,27,g0u1900,Q12-R14,2264.946172,2167890540684.281982
Al27_g0u1900,13,27,g0u1900,Q13-R14,2264.650332,24080135211.065289
Al27_g0u1900,13,27,g0u1900,Q13-R15,2264.798954,2191767863671.532715
Al27_g0u2000,13,27,g0u2000,K1-L2,346660.151083,3633209535921079.500000
Al27_g0u2000,13,27,g0u2000,K1-L3,346927.658025,3628617870858918.500000
Al27_g0u2000,13,27,g0u2000,L2-M4,66271.183951,319810243691090.750000
Al27_g0u2000,13,27,g0u2000,L3-M4,66003.677009,63665285794336.359375
Al27_g0u2000,13,27,g0u2000,L3-M5,66030.148105,382265775785162.375000
Al27_g0u2000,13,27,g0u2000,M4-N6,23079.446798,75974082137021.437500
Al27_g0u2000,13,27,g0u2000,M5-N6,23052.975702,5417180238750.935547
Al27_g0u2000,13,27,g0u2000,M5-N7,23058.539438,81308916995981.843750
Al27_g0u2000,13,27,g0u2000,N6-O8,10665.380433,24170856443383.343750
Al27_g0u2000,13,27,g0u2000,N7-O8,10659.816697,894360660299.572632
Al27_g0u2000,13,27,g0u2000,N7-O9,10661.523116,25053905084370.066406
Al27_g0u2000,13,27,g0u2000,O8-P10,5789.783706,9468598124951.109375
Al27_g0u2000,13,27,g0u2000,O9-P10,5788.077288,215064409356.530334
Al27_g0u2000,13,27,g0u2000,O9-P11,5788.735172,9681333197432.492188
Al27_g0u2000,13,27,g0u2000,P10-Q12,3490.110381,4293811440253.494141
Al27_g0u2000,13,27,g0u2000,P11-Q12,3489.452496,66030640351.108788
Al27_g0u2000,13,27,g0u2000,P11-Q13,3489.748336,4359216440419.103027
Al27_g0u2000,13,27,g0u2000,Q12-R14,2264.946172,2167890540790.541992
Al27_g0u2000,13,27,g0u2000,Q13-R14,2264.650332,24080135212.331833
Al27_g0u2000,13,27,g0u2000,Q13-R15,2264.798954,2191767863729.304199
Al27_g0u2100,13,27,g0u2100,K1-L2,346660.144156,3633209556387298.500000
Al27_g0u2100,13,27,g0u2100,K1-L3,346927.651096,3628617891330363.000000
Al27_g0u2100,13,27,g0u2100,L2-M4,66271.184007,319810243958804.250000
Al27_g0u2100,13,27,g0u2100,L3-M4,66003.677068,63665285847057.226562
Al27_g0u2100,13,27,g0u2100,L3-M5,66030.148163,382265776103080.875000
Al27_g0u2100,13,27,g0u2100,M4-N6,23079.446815,75974082179953.109375
Al27_g0u2100,13,27,g0u2100,M5-N6,23052.975719,5417180241807.457031
Al27_g0u2100,13,27,g0u2100,M5-N7,23058.539455,81308917042023.109375
Al27_g0u2100,13,27,g0u2100,N6-O8,10665.380438,24170856451207.738281
Al27_g0u2100,13,27,g0u2100,N7-O8,10659.816702,894360660588.871094
Al27_g0u2100,13,27,g0u2100,N7-O9,10661.523121,25053905092607.171875
Al27_g0u2100,13,27,g0u2100,O8-P10,5789.783708,9468598126468.158203
Al27_g0u2100,13,27,g0u2100,O9-P10,5788.077289,215064409391.040466
Al27_g0u2100,13,27,g0u2100,O9-P11,5788.735174,9681333198982.843750
Al27_g0u2100,13,27,g0u2100,P10-Q12,3490.110382,4293811440559.484375
Al27_g0u2100,13,27,g0u2100,P11-Q12,3489.452497,66030640355.812622
Al27_g0u2100,13,27,g0u2100,P11-Q13,3489.748337,4359216440660.156738
Al27_g0u2100,13,27,g0u2100,Q12-R14,2264.946173,2167890540821.803711
Al27_g0u2100,13,27,g0u2100,Q13-R14,2264.650332,24080135212.599865
Al27_g0u2100,13,27,g0u2100,Q13-R15,2264.798955,2191767863810.343750
Al27_g0u2200,13,27,g0u2200,K1-L2,346660.089613,3633208793395586.000000
Al27_g0u2200,13,27,g0u2200,K1-L3,346927.596535,3628617431403243.500000
Al27_g0u2200,13,27,g0u2200,L2-M4,66271.184016,319810244239014.125000
Al27_g0u2200,13,27,g0u2200,L3-M4,66003.677094,63665285899106.343750
Al27_g0u2200,13,27,g0u2200,L3-M5,66030.148189,382265776415779.687500
Al27_g0u2200,13,27,g0u2200,M4-N6,23079.446830,75974082218072.234375
Al27_g0u2200,13,27,g0u2200,M5-N6,23052.975734,5417180244522.118164
Al27_g0u2200,13,27,g0u2200,M5-N7,23058.539470,81308917082709.718750
Al27_g0u2200,13,27,g0u2200,N6-O8,10665.380442,24170856458201.285156
Al27_g0u2200,13,27,g0u2200,N7-O8,10659.816707,894360660847.336792
Al27_g0u2200,13,27,g0u2200,N7-O9,10661.523126,25053905099843.191406
Al27_g0u2200,13,27,g0u2200,O8-P10,5789.783709,9468598127810.150391
Al27_g0u2200,13,27,g0u2200,O9-P10,5788.077290,215064409421.452545
Al27_g0u2200,13,27,g0u2200,O9-P11,5788.735175,9681333200353.253906
Al27_g0u2200,13,27,g0u2200,P10-Q12,3490.110382,4293811440814.872070
Al27_g0u2200,13,27,g0u2200,P11-Q12,3489.452497,66030640359.733894
Al27_g0u2200,13,27,g0u2200,P11-Q13,3489.748337,4359216440919.125977
Al27_g0u2200,13,27,g0u2200,Q12-R14,2264.946173,2167890540883.155762
Al27_g0u2200,13,27,g0u2200,Q13-R14,2264.650333,24080135213.283585
Al27_g0u2200,13,27,g0u2200,Q13-R15,2264.798955,2191767863819.821289
Al27_g0u2300,13,27,g0u2300,K1-L2,346660.201824,3633210028607139.000000
Al27_g0u2300,13,27,g0u2300,K1-L3,346927.708783,3628618063045667.000000
Al27_g0u2300,13,27,g0u2300,L2-M4,66271.184174,319810244334872.312500
Al27_g0u2300,13,27,g0u2300,L3-M4,66003.677215,63665285925765.968750
Al27_g0u2300,13,27,g0u2300,L3-M5,66030.148310,382265776576686.062500
Al27_g0u2300,13,27,g0u2300,M4-N6,23079.446843,75974082252016.562500
Al27_g0u2300,13,27,g0u2300,M5-N6,23052.975748,5417180246939.426758
Al27_g0u2300,13,27,g0u2300,M5-N7,23058.539483,81308917118937.000000
Al27_g0u2300,13,27,g0u2300,N6-O8,10665.380446,24170856464469.796875
Al27_g0u2300,13,27,g0u2300,N7-O8,10659.816711,894360661078.981689
Al27_g0u2300,13,27,g0u2300,N7-O9,10661.523130,25053905106473.207031
Al27_g0u2300,13,27,g0u2300,O8-P10,5789.783711,9468598128979.638672
Al27_g0u2300,13,27,g0u2300,O9-P10,5788.077292,215064409448.133209
Al27_g0u2300,13,27,g0u2300,O9-P11,5788.735176,9681333201548.070312
Al27_g0u2300,13,27,g0u2300,P10-Q12,3490.110382,4293811441036.707520
Al27_g0u2300,13,27,g0u2300,P11-Q12,3489.452497,66030640363.116730
Al27_g0u2300,13,27,g0u2300,P11-Q13,3489.748338,4359216441144.324707
Al27_g0u2300,13,27,g0u2300,Q12-R14,2264.946173,2167890540926.491455
Al27_g0u2300,13,27,g0u2300,Q13-R14,2264.650333,24080135213.762371
Al27_g0u2300,13,27,g0u2300,Q13-R15,2264.798955,2191767863863.598877
Al27_g0u2400,13,27,g0u2400,K1-L2,346659.985100,3633208449666841.000000
Al27_g0u2400,13,27,g0u2400,K1-L3,346927.491991,3628616501904310.000000
Al27_g0u2400,13,27,g0u2400,L2-M4,66271.184031,319810244714419.625000
Al27_g0u2400,13,27,g0u2400,L3-M4,66003.677140,63665285986758.984375
Al27_g0u2400,13,27,g0u2400,L3-M5,66030.148235,382265776943119.312500
Al27_g0u2400,13,27,g0u2400,M4-N6,23079.446855,75974082282594.484375
Al27_g0u2400,13,27,g0u2400,M5-N6,23052.975760,5417180249116.243164
Al27_g0u2400,13,27,g0u2400,M5-N7,23058.539495,81308917151801.031250
Al27_g0u2400,13,27,g0u2400,N6-O8,10665.380450,24170856470160.050781
Al27_g0u2400,13,27,g0u2400,N7-O8,10659.816715,894360661289.477783
Al27_g0u2400,13,27,g0u2400,N7-O9,10661.523134,25053905112214.816406
Al27_g0u2400,13,27,g0u2400,O8-P10,5789.783712,9468598130056.792969
Al27_g0u2400,13,27,g0u2400,O9-P10,5788.077293,215064409472.468567
Al27_g0u2400,13,27,g0u2400,O9-P11,5788.735178,9681333202646.449219
Al27_g0u2400,13,27,g0u2400,P10-Q12,3490.110383,4293811441241.476562
Al27_g0u2400,13,27,g0u2400,P11-Q12,3489.452498,66030640366.261703
Al27_g0u2400,13,27,g0u2400,P11-Q13,3489.748338,4359216441351.942871
Al27_g0u2400,13,27,g0u2400,Q12-R14,2264.946173,2167890540954.885254
Al27_g0u2400,13,27,g0u2400,Q13-R14,2264.650333,24080135214.078300
Al27_g0u2400,13,27,g0u2400,Q13-R15,2264.798955,2191767863892.257324
Al27_g2u1000,13,27,g2u1000,K1-L2,346660.226727,3633210100570852.500000
Al27_g2u1000,13,27,g2u1000,K1-L3,346927.733680,3628618096520542.500000
Al27_g2u1000,13,27,g2u1000,L2-M4,66271.181957,319810244726692.562500
Al27_g2u1000,13,27,g2u1000,L3-M4,66003.675004,63665282610549.062500
Al27_g2u1000,13,27,g2u1000,L3-M5,66030.146097,382265750534398.187500
Al27_g2u1000,13,27,g2u1000,M4-N6,23079.446236,75974083127447.500000
Al27_g2u1000,13,27,g2u1000,M5-N6,23052.975143,5417181248267.564453
Al27_g2u1000,13,27,g2u1000,M5-N7,23058.538880,81308911233978.109375
Al27_g2u1000,13,27,g2u1000,N6-O8,10665.380289,24170856444207.648438
Al27_g2u1000,13,27,g2u1000,N7-O8,10659.816552,894360744950.923096
Al27_g2u1000,13,27,g2u1000,N7-O9,10661.522973,25053904214859.179688
Al27_g2u1000,13,27,g2u1000,O8-P10,5789.783610,9468597995243.042969
Al27_g2u1000,13,27,g2u1000,O9-P10,5788.077188,215064398032.463989
Al27_g2u1000,13,27,g2u1000,O9-P11,5788.735075,9681332947128.021484
Al27_g2u1000,13,27,g2u1000,P10-Q12,3490.110335,4293811421205.633301
Al27_g2u1000,13,27,g2u1000,P11-Q12,3489.452449,66030640253.777931
Al27_g2u1000,13,27,g2u1000,P11-Q13,3489.748291,4359216408575.033203
Al27_g2u1000,13,27,g2u1000,Q12-R14,2264.946161,2167890544061.298828
Al27_g2u1000,13,27,g2u1000,Q13-R14,2264.650319,24080136610.176266
Al27_g2u1000,13,27,g2u1000,Q13-R15,2264.798945,2191767845069.957031
Si28_g0u0050,14,28,g0u0050,K1-L2,399911.640959,4866705736422599.000000
Si28_g0u0050,14,28,g0u0050,K1-L3,400271.137622,4859818862204658.000000
Si28_g0u0050,14,28,g0u0050,L2-M4,76938.853925,430622396016854.375000
Si28_g0u0050,14,28,g0u0050,L3-M4,76579.357262,85661797560573.171875
Si28_g0u0050,14,28,g0u0050,L3-M5,76614.988996,514399061052706.187500
Si28_g0u0050,14,28,g0u0050,M4-N6,26780.137485,102247294796028.718750
Si28_g0u0050,14,28,g0u0050,M5-N6,26744.505751,7288485093928.810547
Si28_g0u0050,14,28,g0u0050,M5-N7,26751.993082,109407252206961.125000
Si28_g0u0050,14,28,g0u0050,N6-O8,12373.438833,32523063372296.003906
Si28_g0u0050,14,28,g0u0050,N7-O8,12365.951502,1203221439290.418213
Si28_g0u0050,14,28,g0u0050,N7-O9,12368.247540,33708631245714.363281
Si28_g0u0050,14,28,g0u0050,O8-P10,6716.440136,12739062736325.224609
Si28_g0u0050,14,28,g0u0050,O9-P10,6714.144099,289319676563.091187
Si28_g0u0050,14,28,g0u0050,O9-P11,6715.029218,13024748074789.498047
Si28_g0u0050,14,28,g0u0050,P10-Q12,4048.523258,5776574539336.184570
Si28_g0u0050,14,28,g0u0050,P11-Q12,4047.638139,88826702771.582352
Si28_g0u0050,14,28,g0u0050,P11-Q13,4048.036142,5864425744352.503906
Si28_g0u0050,14,28,g0u0050,Q12-R14,2627.274908,2916439300961.332031
Si28_g0u0050,14,28,g0u0050,Q13-R14,2626.876905,32393121735.391918
Si28_g0u0050,14,28,g0u0050,Q13-R15,2627.076848,2948516029094.104492
Si28_g0u0100,14,28,g0u0100,K1-L2,399925.808795,4866852871303897.000000
Si28_g0u0100,14,28,g0u0100,K1-L3,400285.311739,4859964705773727.000000
Si28_g0u0100,14,28,g0u0100,L2-M4,76939.037045,430624256241626.625000
Si28_g0u0100,14,28,g0u0100,L3-M4,76579.534102,85662177547304.031250
Si28_g0u0100,14,28,g0u0100,L3-M5,76615.165989,514401294448436.062500
Si28_g0u0100,14,28,g0u0100,M4-N6,26780.186760,102247632636521.093750
Si28_g0u0100,14,28,g0u0100,M5-N6,26744.554873,7288509189452.339844
Si28_g0u0100,14,28,g0u0100,M5-N7,26752.042228,109407606592348.921875
Si28_g0u0100,14,28,g0u0100,N6-O8,12373.454215,32523131589042.632812
Si28_g0u0100,14,28,g0u0100,N7-O8,12365.966861,1203223877010.506836
Si28_g0u0100,14,28,g0u0100,N7-O9,12368.262903,33708704379084.625000
Si28_g0u0100,14,28,g0u0100,O8-P10,6716.444934,12739078603286.666016
Si28_g0u0100,14,28,g0u0100,O9-P10,6714.148892,289320017816.828247
Si28_g0u0100,14,28,g0u0100,O9-P11,6715.034012,13024763436269.496094
Si28_g0u0100,14,28,g0u0100,P10-Q12,4048.524678,5776578226580.818359
Si28_g0u0100,14,28,g0u0100,P11-Q12,4047.639558,88826749721.651184
Si28_g0u0100,14,28,g0u0100,P11-Q13,4048.037562,5864429487768.458008
Si28_g0u0100,14,28,g0u0100,Q12-R14,2627.275298,2916439769062.631348
Si28_g0u0100,14,28,g0u0100,Q13-R14,2626.877294,32393129675.463390
Si28_g0u0100,14,28,g0u0100,Q13-R15,2627.077237,2948516751731.821777
Si28_g0u0150,14,28,g0u0150,K1-L2,399928.348791,4866880299674144.000000
Si28_g0u0150,14,28,g0u0150,K1-L3,400287.852976,4859991501481874.000000
Si28_g0u0150,14,28,g0u0150,L2-M4,76939.082338,430624746224505.250000
Si28_g0u0150,14,28,g0u0150,L3-M4,76579.578153,85662267517602.937500
Si28_g0u0150,14,28,g0u0150,L3-M5,76615.210078,514401834583085.375000
Si28_g0u0150,14,28,g0u0150,M4-N6,26780.198834,102247709597085.062500
Si28_g0u0150,14,28,g0u0150,M5-N6,26744.566910,7288514677771.832031
Si28_g0u0150,14,28,g0u0150,M5-N7,26752.054271,109407703506507.578125
Si28_g0u0150,14,28,g0u0150,N6-O8,12373.457987,32523150263561.406250
Si28_g0u0150,14,28,g0u0150,N7-O8,12365.970627,1203224568098.084961
Si28_g0u0150,14,28,g0u0150,N7-O9,12368.266670,33708723736927.593750
Si28_g0u0150,14,28,g0u0150,O8-P10,6716.446112,12739081702036.371094
Si28_g0u0150,14,28,g0u0150,O9-P10,6714.150068,289320107351.632874
Si28_g0u0150,14,28,g0u0150,O9-P11,6715.035189,13024767466508.941406
Si28_g0u0150,14,28,g0u0150,P10-Q12,4048.525027,5776579143742.152344
Si28_g0u0150,14,28,g0u0150,P11-Q12,4047.639906,88826763826.835724
Si28_g0u0150,14,28,g0u0150,P11-Q13,4048.037910,5864429774954.028320
Si28_g0u0150,14,28,g0u0150,Q12-R14,2627.275394,2916439823596.119141
Si28_g0u0150,14,28,g0u0150,Q13-R14,2626.877390,32393130280.744160
Si28_g0u0150,14,28,g0u0150,Q13-R15,2627.077333,2948516806866.733398
Si28_g0u0200,14,28,g0u0200,K1-L2,399929.232291,4866890117170135.000000
Si28_g0u0200,14,28,g0u0200,K1-L3,400288.736936,4860001560836373.000000
Si28_g0u0200,14,28,g0u0200,L2-M4,76939.101141,430624953621237.500000
Si28_g0u0200,14,28,g0u0200,L3-M4,76579.596495,85662300996767.546875
Si28_g0u0200,14,28,g0u0200,L3-M5,76615.228435,514402035637504.625000
Si28_g0u0200,14,28,g0u0200,M4-N6,26780.203859,102247745038561.468750
Si28_g0u0200,14,28,g0u0200,M5-N6,26744.571919,7288517205650.247070
Si28_g0u0200,14,28,g0u0200,M5-N7,26752.059282,109407741446285.234375
Si28_g0u0200,14,28,g0u0200,N6-O8,12373.459557,32523155511242.929688
Si28_g0u0200,14,28,g0u0200,N7-O8,12365.972194,1203224848743.895264
Si28_g0u0200,14,28,g0u0200,N7-O9,12368.268238,33708729176309.562500
Si28_g0u0200,14,28,g0u0200,O8-P10,6716.446602,12739083133374.804688
Si28_g0u0200,14,28,g0u0200,O9-P10,6714.150558,289320139861.419006
Si28_g0u0200,14,28,g0u0200,O9-P11,6715.035678,13024768068033.929688
Si28_g0u0200,14,28,g0u0200,P10-Q12,4048.525172,5776579261606.673828
Si28_g0u0200,14,28,g0u0200,P11-Q12,4047.640052,88826765638.019897
Si28_g0u0200,14,28,g0u0200,P11-Q13,4048.038056,5864430538476.393555
Si28_g0u0200,14,28,g0u0200,Q12-R14,2627.275434,2916440093047.818848
Si28_g0u0200,14,28,g0u0200,Q13-R14,2626.877430,32393133274.442234
Si28_g0u0200,14,28,g0u0200,Q13-R15,2627.077373,2948517079270.750000
Si28_g0u0250,14,28,g0u0250,K1-L2,399929.643084,4866894631624007.000000
Si28_g0u0250,14,28,g0u0250,K1-L3,400289.147953,4860006030107630.000000
Si28_g0u0250,14,28,g0u0250,L2-M4,76939.110994,430625039709454.875000
Si28_g0u0250,14,28,g0u0250,L3-M4,76579.606125,85662326143907.343750
Si28_g0u0250,14,28,g0u0250,L3-M5,76615.238073,514402138864923.875000
Si28_g0u0250,14,28,g0u0250,M4-N6,26780.206498,102247766536703.375000
Si28_g0u0250,14,28,g0u0250,M5-N6,26744.574550,7288518739339.642578
Si28_g0u0250,14,28,g0u0250,M5-N7,26752.061915,109407757194917.765625
Si28_g0u0250,14,28,g0u0250,N6-O8,12373.460382,32523159377725.636719
Si28_g0u0250,14,28,g0u0250,N7-O8,12365.973018,1203224991823.724121
Si28_g0u0250,14,28,g0u0250,N7-O9,12368.269062,33708733184259.628906
Si28_g0u0250,14,28,g0u0250,O8-P10,6716.446860,12739083442771.220703
Si28_g0u0250,14,28,g0u0250,O9-P10,6714.150816,289320166040.451416
Si28_g0u0250,14,28,g0u0250,O9-P11,6715.035936,13024768384199.849609
Si28_g0u0250,14,28,g0u0250,P10-Q12,4048.525248,5776579323605.331055
Si28_g0u0250,14,28,g0u0250,P11-Q12,4047.640128,88826766590.627182
Si28_g0u0250,14,28,g0u0250,P11-Q13,4048.038132,5864430601416.420898
Si28_g0u0250,14,28,g0u0250,Q12-R14,2627.275455,2916440105031.137695
Si28_g0u0250,14,28,g0u0250,Q13-R14,2626.877451,32393133407.484383
Si28_g0u0250,14,28,g0u0250,Q13-R15,2627.077394,2948517091373.979492
Si28_g0u0300,14,28,g0u0300,K1-L2,399929.868020,4866897607206411.000000
Si28_g0u0300,14,28,g0u0300,K1-L3,400289.373015,4860008976479343.000000
Si28_g0u0300,14,28,g0u0300,L2-M4,76939.116899,430625107313577.750000
Si28_g0u0300,14,28,g0u0300,L3-M4,76579.611903,85662339647515.968750
Si28_g0u0300,14,28,g0u0300,L3-M5,76615.243857,514402219907114.687500
Si28_g0u0300,14,28,g0u0300,M4-N6,26780.208084,102247778083981.671875
Si28_g0u0300,14,28,g0u0300,M5-N6,26744.576131,7288519562994.603516
Si28_g0u0300,14,28,g0u0300,M5-N7,26752.063496,109407762290678.796875
Si28_g0u0300,14,28,g0u0300,N6-O8,12373.460878,32523160297143.789062
Si28_g0u0300,14,28,g0u0300,N7-O8,12365.973513,1203225025799.895264
Si28_g0u0300,14,28,g0u0300,N7-O9,12368.269557,33708736558825.761719
Si28_g0u0300,14,28,g0u0300,O8-P10,6716.447014,12739084471513.642578
Si28_g0u0300,14,28,g0u0300,O9-P10,6714.150970,289320170256.352966
Si28_g0u0300,14,28,g0u0300,O9-P11,6715.036091,13024769436152.308594
Si28_g0u0300,14,28,g0u0300,P10-Q12,4048.525294,5776579360901.122070
Si28_g0u0300,14,28,g0u0300,P11-Q12,4047.640174,88826776920.228088
Si28_g0u0300,14,28,g0u0300,P11-Q13,4048.038178,5864430639234.297852
Si28_g0u0300,14,28,g0u0300,Q12-R14,2627.275468,2916440112210.084961
Si28_g0u0300,14,28,g0u0300,Q13-R14,2626.877464,32393133487.155422
Si28_g0u0300,14,28,g0u0300,Q13-R15,2627.077407,2948517098622.375488
Si28_g0u0350,14,28,g0u0350,K1-L2,399930.004870,4866898929295891.000000
Si28_g0u0350,14,28,g0u0350,K1-L3,400289.509945,4860010285918296.000000
Si28_g0u0350,14,28,g0u0350,L2-M4,76939.120762,430625165333496.062500
Si28_g0u0350,14,28,g0u0350,L3-M4,76579.615687,85662343282330.718750
Si28_g0u0350,14,28,g0u0350,L3-M5,76615.247644,514402289449572.875000
Si28_g0u0350,14,28,g0u0350,M4-N6,26780.209123,102247787990518.218750
Si28_g0u0350,14,28,g0u0350,M5-N6,26744.577167,7288520269873.506836
Si28_g0u0350,14,28,g0u0350,M5-N7,26752.064533,109407772896267.078125
Si28_g0u0350,14,28,g0u0350,N6-O8,12373.461203,32523163235783.273438
Si28_g0u0350,14,28,g0u0350,N7-O8,12365.973837,1203225048067.017822
Si28_g0u0350,14,28,g0u0350,N7-O9,12368.269881,33708737183495.835938
Si28_g0u0350,14,28,g0u0350,O8-P10,6716.447116,12739084593411.089844
Si28_g0u0350,14,28,g0u0350,O9-P10,6714.151072,289320173022.565186
Si28_g0u0350,14,28,g0u0350,O9-P11,6715.036192,13024769560698.402344
Si28_g0u0350,14,28,g0u0350,P10-Q12,4048.525324,5776579385286.980469
Si28_g0u0350,14,28,g0u0350,P11-Q12,4047.640204,88826777294.916275
Si28_g0u0350,14,28,g0u0350,P11-Q13,4048.038208,5864430664038.280273
Si28_g0u0350,14,28,g0u0350,Q12-R14,2627.275476,2916440116920.486816
Si28_g0u0350,14,28,g0u0350,Q13-R14,2626.877472,32393133539.483696
Si28_g0u0350,14,28,g0u0350,Q13-R15,2627.077415,2948517103382.311035
Si28_g0u0400,14,28,g0u0400,K1-L2,399930.094501,4866899939701700.000000
Si28_g0u0400,14,28,g0u0400,K1-L3,400289.599629,4860011286770960.000000
Si28_g0u0400,14,28,g0u0400,L2-M4,76939.123451,430625178062196.812500
Si28_g0u0400,14,28,g0u0400,L3-M4,76579.618323,85662353775344.375000
Si28_g0u0400,14,28,g0u0400,L3-M5,76615.250282,514402304707615.187500
Si28_g0u0400,14,28,g0u0400,M4-N6,26780.209848,102247790166211.359375
Si28_g0u0400,14,28,g0u0400,M5-N6,26744.577889,7288520424723.761719
Si28_g0u0400,14,28,g0u0400,M5-N7,26752.065255,109407775224456.531250
Si28_g0u0400,14,28,g0u0400,N6-O8,12373.461429,32523163655867.152344
Si28_g0u0400,14,28,g0u0400,N7-O8,12365.974063,1203225150115.935791
Si28_g0u0400,14,28,g0u0400,N7-O9,12368.270108,33708737618779.644531
Si28_g0u0400,14,28,g0u0400,O8-P10,6716.447187,12739084678335.914062
Si28_g0u0400,14,28,g0u0400,O9-P10,6714.151142,289320174949.559998
Si28_g0u0400,14,28,g0u0400,O9-P11,6715.036263,13024769647613.033203
Si28_g0u0400,14,28,g0u0400,P10-Q12,4048.525345,5776579402324.839844
Si28_g0u0400,14,28,g0u0400,P11-Q12,4047.640225,88826777556.848022
Si28_g0u0400,14,28,g0u0400,P11-Q13,4048.038229,5864430681316.133789
Si28_g0u0400,14,28,g0u0400,Q12-R14,2627.275482,2916440120177.680664
Si28_g0u0400,14,28,g0u0400,Q13-R14,2626.877478,32393133575.621361
Si28_g0u0400,14,28,g0u0400,Q13-R15,2627.077421,2948517106671.111816
Si28_g0u0450,14,28,g0u0450,K1-L2,399930.156500,4866900966707257.000000
Si28_g0u0450,14,28,g0u0450,K1-L3,400289.661665,4860011961503438.000000
Si28_g0u0450,14,28,g0u0450,L2-M4,76939.125410,430625187353355.750000
Si28_g0u0450,14,28,g0u0450,L3-M4,76579.620245,85662355624684.015625
Si28_g0u0450,14,28,g0u0450,L3-M5,76615.252205,514402315843309.875000
Si28_g0u0450,14,28,g0u0450,M4-N6,26780.210377,102247791753982.953125
Si28_g0u0450,14,28,g0u0450,M5-N6,26744.578416,7288520537730.123047
Si28_g0u0450,14,28,g0u0450,M5-N7,26752.065782,109407776923396.453125
Si28_g0u0450,14,28,g0u0450,N6-O8,12373.461594,32523163962515.687500
Si28_g0u0450,14,28,g0u0450,N7-O8,12365.974228,1203225161447.875977
Si28_g0u0450,14,28,g0u0450,N7-O9,12368.270273,33708737936582.105469
Si28_g0u0450,14,28,g0u0450,O8-P10,6716.447238,12739084740243.414062
Si28_g0u0450,14,28,g0u0450,O9-P10,6714.151194,289320176354.418945
Si28_g0u0450,14,28,g0u0450,O9-P11,6715.036314,13024769710919.312500
Si28_g0u0450,14,28,g0u0450,P10-Q12,4048.525361,5776579414743.393555
Si28_g0u0450,14,28,g0u0450,P11-Q12,4047.640240,88826777747.639160
Si28_g0u0450,14,28,g0u0450,P11-Q13,4048.038244,5864430693909.106445
Si28_g0u0450,14,28,g0u0450,Q12-R14,2627.275486,2916440122599.683105
Si28_g0u0450,14,28,g0u0450,Q13-R14,2626.877482,32393133602.485428
Si28_g0u0450,14,28,g0u0450,Q13-R15,2627.077425,2948517109116.802246
Si28_g0u0500,14,28,g0u0500,K1-L2,399930.201230,4866901310239040.000000
Si28_g0u0500,14,28,g0u0500,K1-L3,400289.706423,4860012644518782.000000
Si28_g0u0500,14,28,g0u0500,L2-M4,76939.126890,430625194379856.562500
Si28_g0u0500,14,28,g0u0500,L3-M4,76579.621697,85662357023069.937500
Si28_g0u0500,14,28,g0u0500,L3-M5,76615.253659,514402371918874.250000
Si28_g0u0500,14,28,g0u0500,M4-N6,26780.210776,102247799739534.359375
Si28_g0u0500,14,28,g0u0500,M5-N6,26744.578815,7288521107887.228516
Si28_g0u0500,14,28,g0u0500,M5-N7,26752.066181,109407785473560.937500
Si28_g0u0500,14,28,g0u0500,N6-O8,12373.461719,32523164194211.707031
Si28_g0u0500,14,28,g0u0500,N7-O8,12365.974353,1203225170010.085449
Si28_g0u0500,14,28,g0u0500,N7-O9,12368.270397,33708738176700.507812
Si28_g0u0500,14,28,g0u0500,O8-P10,6716.447277,12739084787113.625000
Si28_g0u0500,14,28,g0u0500,O9-P10,6714.151233,289320196576.131958
Si28_g0u0500,14,28,g0u0500,O9-P11,6715.036353,13024769758876.902344
Si28_g0u0500,14,28,g0u0500,P10-Q12,4048.525372,5776579424171.899414
Si28_g0u0500,14,28,g0u0500,P11-Q12,4047.640252,88826777892.586670
Si28_g0u0500,14,28,g0u0500,P11-Q13,4048.038256,5864430703470.057617
Si28_g0u0500,14,28,g0u0500,Q12-R14,2627.275489,2916440124412.942871
Si28_g0u0500,14,28,g0u0500,Q13-R14,2626.877485,32393133622.624771
Si28_g0u0500,14,28,g0u0500,Q13-R15,2627.077428,2948517110947.377930
Si28_g0u0550,14,28,g0u0550,K1-L2,399930.234600,4866902004063574.000000
Si28_g0u0550,14,28,g0u0550,K1-L3,400289.739814,4860012989277326.000000
Si28_g0u0550,14,28,g0u0550,L2-M4,76939.128040,430625199845246.125000
Si28_g0u0550,14,28,g0u0550,L3-M4,76579.622826,85662358110645.656250
Si28_g0u0550,14,28,g0u0550,L3-M5,76615.254789,514402378467946.750000
Si28_g0u0550,14,28,g0u0550,M4-N6,26780.211087,102247800673104.390625
Si28_g0u0550,14,28,g0u0550,M5-N6,26744.579124,7288521174331.991211
Si28_g0u0550,14,28,g0u0550,M5-N7,26752.066491,109407786472554.687500
Si28_g0u0550,14,28,g0u0550,N6-O8,12373.461817,32523166710640.515625
Si28_g0u0550,14,28,g0u0550,N7-O8,12365.974450,1203225176674.882324
Si28_g0u0550,14,28,g0u0550,N7-O9,12368.270494,33708738363553.656250
Si28_g0u0550,14,28,g0u0550,O8-P10,6716.447308,12739084823552.185547
Si28_g0u0550,14,28,g0u0550,O9-P10,6714.151263,289320197403.007019
Si28_g0u0550,14,28,g0u0550,O9-P11,6715.036384,13024769796072.085938
Si28_g0u0550,14,28,g0u0550,P10-Q12,4048.525381,5776579431504.452148
Si28_g0u0550,14,28,g0u0550,P11-Q12,4047.640261,88826778005.184708
Si28_g0u0550,14,28,g0u0550,P11-Q13,4048.038265,5864430710903.753906
Si28_g0u0550,14,28,g0u0550,Q12-R14,2627.275492,2916440125810.045410
Si28_g0u0550,14,28,g0u0550,Q13-R14,2626.877488,32393133638.142071
Si28_g0u0550,14,28,g0u0550,Q13-R15,2627.077431,2948517112357.812012
Si28_g0u0600,14,28,g0u0600,K1-L2,399930.260183,4866902354165044.000000
Si28_g0u0600,14,28,g0u0600,K1-L3,400289.765413,4860013336193026.000000
Si28_g0u0600,14,28,g0u0600,L2-M4,76939.128954,430625204195349.000000
Si28_g0u0600,14,28,g0u0600,L3-M4,76579.623724,85662366935249.765625
Si28_g0u0600,14,28,g0u0600,L3-M5,76615.255687,514402383679931.875000
Si28_g0u0600,14,28,g0u0600,M4-N6,26780.211334,102247801415952.578125
Si28_g0u0600,14,28,g0u0600,M5-N6,26744.579371,7288521227202.411133
Si28_g0u0600,14,28,g0u0600,M5-N7,26752.066738,109407787267314.406250
Si28_g0u0600,14,28,g0u0600,N6-O8,12373.461894,32523166854024.378906
Si28_g0u0600,14,28,g0u0600,N7-O8,12365.974527,1203225181973.361572
Si28_g0u0600,14,28,g0u0600,N7-O9,12368.270572,33708738512176.191406
Si28_g0u0600,14,28,g0u0600,O8-P10,6716.447332,12739085695497.328125
Si28_g0u0600,14,28,g0u0600,O9-P10,6714.151287,289320198060.995117
Si28_g0u0600,14,28,g0u0600,O9-P11,6715.036408,13024769825786.675781
Si28_g0u0600,14,28,g0u0600,P10-Q12,4048.525388,5776579437272.265625
Si28_g0u0600,14,28,g0u0600,P11-Q12,4047.640268,88826778093.894211
Si28_g0u0600,14,28,g0u0600,P11-Q13,4048.038272,5864430716833.912109
Si28_g0u0600,14,28,g0u0600,Q12-R14,2627.275493,2916440126914.875488
Si28_g0u0600,14,28,g0u0600,Q13-R14,2626.877490,32393133650.466232
Si28_g0u0600,14,28,g0u0600,Q13-R15,2627.077433,2948517113477.143066
Si28_g0u0700,14,28,g0u0700,K1-L2,399930.296282,4866902711008559.000000
Si28_g0u0700,14,28,g0u0700,K1-L3,400289.801535,4860013689965408.000000
Si28_g0u0700,14,28,g0u0700,L2-M4,76939.130306,430625210635641.750000
Si28_g0u0700,14,28,g0u0700,L3-M4,76579.625052,85662368216541.437500
Si28_g0u0700,14,28,g0u0700,L3-M5,76615.257017,514402391394629.062500
Si28_g0u0700,14,28,g0u0700,M4-N6,26780.211700,102247802515563.984375
Si28_g0u0700,14,28,g0u0700,M5-N6,26744.579736,7288521305465.298828
Si28_g0u0700,14,28,g0u0700,M5-N7,26752.067103,109407788443965.343750
Si28_g0u0700,14,28,g0u0700,N6-O8,12373.462008,32523167066285.394531
Si28_g0u0700,14,28,g0u0700,N7-O8,12365.974641,1203225189817.315918
Si28_g0u0700,14,28,g0u0700,N7-O9,12368.270686,33708738732196.035156
Si28_g0u0700,14,28,g0u0700,O8-P10,6716.447368,12739085738495.574219
Si28_g0u0700,14,28,g0u0700,O9-P10,6714.151323,289320199036.696716
Si28_g0u0700,14,28,g0u0700,O9-P11,6715.036444,13024770731637.843750
Si28_g0u0700,14,28,g0u0700,P10-Q12,4048.525399,5776580080087.405273
Si28_g0u0700,14,28,g0u0700,P11-Q12,4047.640279,88826778226.801666
Si28_g0u0700,14,28,g0u0700,P11-Q13,4048.038282,5864430725523.312500
Si28_g0u0700,14,28,g0u0700,Q12-R14,2627.275496,2916440128585.745605
Si28_g0u0700,14,28,g0u0700,Q13-R14,2626.877492,32393133668.924519
Si28_g0u0700,14,28,g0u0700,Q13-R15,2627.077436,2948517115160.638184
Si28_g0u0800,14,28,g0u0800,K1-L2,399930.320047,4866903068337369.000000
Si28_g0u0800,14,28,g0u0800,K1-L3,400289.825317,4860014044113386.000000
Si28_g0u0800,14,28,g0u0800,L2-M4,76939.131248,430625215128288.125000
Si28_g0u0800,14,28,g0u0800,L3-M4,76579.625978,85662369110224.171875
Si28_g0u0800,14,28,g0u0800,L3-M5,76615.257943,514402396776004.250000
Si28_g0u0800,14,28,g0u0800,M4-N6,26780.211956,102247803282307.656250
Si28_g0u0800,14,28,g0u0800,M5-N6,26744.579990,7288521360036.651367
Si28_g0u0800,14,28,g0u0800,M5-N7,26752.067357,109407789264484.046875
Si28_g0u0800,14,28,g0u0800,N6-O8,12373.462088,32523167214368.285156
Si28_g0u0800,14,28,g0u0800,N7-O8,12365.974721,1203225281814.693115
Si28_g0u0800,14,28,g0u0800,N7-O9,12368.270766,33708738885676.382812
Si28_g0u0800,14,28,g0u0800,O8-P10,6716.447393,12739085768428.613281
Si28_g0u0800,14,28,g0u0800,O9-P10,6714.151348,289320199715.937744
Si28_g0u0800,14,28,g0u0800,O9-P11,6715.036468,13024770762193.312500
Si28_g0u0800,14,28,g0u0800,P10-Q12,4048.525406,5776580086097.951172
Si28_g0u0800,14,28,g0u0800,P11-Q12,4047.640286,88826778319.096756
Si28_g0u0800,14,28,g0u0800,P11-Q13,4048.038290,5864430731616.785156
Si28_g0u0800,14,28,g0u0800,Q12-R14,2627.275498,2916440129768.864746
Si28_g0u0800,14,28,g0u0800,Q13-R14,2626.877494,32393133682.054863
Si28_g0u0800,14,28,g0u0800,Q13-R15,2627.077438,2948517116355.249512
Si28_g0u0900,14,28,g0u0900,K1-L2,399930.336559,4866903078895161.000000
Si28_g0u0900,14,28,g0u0900,K1-L3,400289.841840,4860014054852450.000000
Si28_g0u0900,14,28,g0u0900,L2-M4,76939.131935,430625258173493.562500
Si28_g0u0900,14,28,g0u0900,L3-M4,76579.626654,85662369762647.687500
Si28_g0u0900,14,28,g0u0900,L3-M5,76615.258620,514402400704632.250000
Si28_g0u0900,14,28,g0u0900,M4-N6,26780.212142,102247803841958.890625
Si28_g0u0900,14,28,g0u0900,M5-N6,26744.580176,7288521399868.532227
Si28_g0u0900,14,28,g0u0900,M5-N7,26752.067543,109407797129112.781250
Si28_g0u0900,14,28,g0u0900,N6-O8,12373.462146,32523167322549.980469
Si28_g0u0900,14,28,g0u0900,N7-O8,12365.974779,1203225285812.477051
Si28_g0u0900,14,28,g0u0900,N7-O9,12368.270824,33708741419594.082031
Si28_g0u0900,14,28,g0u0900,O8-P10,6716.447411,12739085790263.621094
Si28_g0u0900,14,28,g0u0900,O9-P10,6714.151366,289320200211.397705
Si28_g0u0900,14,28,g0u0900,O9-P11,6715.036487,13024770784593.505859
Si28_g0u0900,14,28,g0u0900,P10-Q12,4048.525412,5776580090445.892578
Si28_g0u0900,14,28,g0u0900,P11-Q12,4047.640291,88826778385.987991
Si28_g0u0900,14,28,g0u0900,P11-Q13,4048.038295,5864430736107.720703
Si28_g0u0900,14,28,g0u0900,Q12-R14,2627.275500,2916440130568.239258
Si28_g0u0900,14,28,g0u0900,Q13-R14,2626.877496,32393133690.999878
Si28_g0u0900,14,28,g0u0900,Q13-R15,2627.077439,2948517117226.817871
Si28_g0u1000,14,28,g0u1000,K1-L2,399930.348517,4866903088299535.000000
Si28_g0u1000,14,28,g0u1000,K1-L3,400289.853806,4860014406905229.000000
Si28_g0u1000,14,28,g0u1000,L2-M4,76939.132454,430625260654379.062500
Si28_g0u1000,14,28,g0u1000,L3-M4,76579.627164,85662370256050.484375
Si28_g0u1000,14,28,g0u1000,L3-M5,76615.259131,514402451331754.000000
Si28_g0u1000,14,28,g0u1000,M4-N6,26780.212283,102247811050484.921875
Si28_g0u1000,14,28,g0u1000,M5-N6,26744.580317,7288521429996.203125
Si28_g0u1000,14,28,g0u1000,M5-N7,26752.067684,109407797581965.312500
Si28_g0u1000,14,28,g0u1000,N6-O8,12373.462190,32523167404232.574219
Si28_g0u1000,14,28,g0u1000,N7-O8,12365.974823,1203225288830.890381
Si28_g0u1000,14,28,g0u1000,N7-O9,12368.270868,33708741504404.570312
Si28_g0u1000,14,28,g0u1000,O8-P10,6716.447424,12739085806793.482422
Si28_g0u1000,14,28,g0u1000,O9-P10,6714.151380,289320200586.601013
Si28_g0u1000,14,28,g0u1000,O9-P11,6715.036500,13024770801468.605469
Si28_g0u1000,14,28,g0u1000,P10-Q12,4048.525416,5776580093733.694336
Si28_g0u1000,14,28,g0u1000,P11-Q12,4047.640295,88826778436.473450
Si28_g0u1000,14,28,g0u1000,P11-Q13,4048.038299,5864430739440.783203
Si28_g0u1000,14,28,g0u1000,Q12-R14,2627.275501,2916440131202.662598
Si28_g0u1000,14,28,g0u1000,Q13-R14,2626.877497,32393133698.014858
Si28_g0u1000,14,28,g0u1000,Q13-R15,2627.077440,2948517117867.750000
Si28_g0u1100,14,28,g0u1100,K1-L2,399930.357469,4866903096553095.000000
Si28_g0u1100,14,28,g0u1100,K1-L3,400289.862765,4860014415265421.000000
Si28_g0u1100,14,28,g0u1100,L2-M4,76939.132857,430625262584924.687500
Si28_g0u1100,14,28,g0u1100,L3-M4,76579.627561,85662370639965.328125
Si28_g0u1100,14,28,g0u1100,L3-M5,76615.259528,514402453642961.000000
Si28_g0u1100,14,28,g0u1100,M4-N6,26780.212393,102247811379904.343750
Si28_g0u1100,14,28,g0u1100,M5-N6,26744.580426,7288521938167.731445
Si28_g0u1100,14,28,g0u1100,M5-N7,26752.067793,109407797934417.265625
Si28_g0u1100,14,28,g0u1100,N6-O8,12373.462225,32523167467909.117188
Si28_g0u1100,14,28,g0u1100,N7-O8,12365.974858,1203225291184.079102
Si28_g0u1100,14,28,g0u1100,N7-O9,12368.270902,33708741570258.972656
Si28_g0u1100,14,28,g0u1100,O8-P10,6716.447435,12739085819684.804688
Si28_g0u1100,14,28,g0u1100,O9-P10,6714.151391,289320200879.041626
Si28_g0u1100,14,28,g0u1100,O9-P11,6715.036511,13024770814626.589844
Si28_g0u1100,14,28,g0u1100,P10-Q12,4048.525419,5776580096355.238281
Si28_g0u1100,14,28,g0u1100,P11-Q12,4047.640299,88826778476.761139
Si28_g0u1100,14,28,g0u1100,P11-Q13,4048.038303,5864430742098.142578
Si28_g0u1100,14,28,g0u1100,Q12-R14,2627.275502,2916440131733.173340
Si28_g0u1100,14,28,g0u1100,Q13-R14,2626.877498,32393133703.934853
Si28_g0u1100,14,28,g0u1100,Q13-R15,2627.077441,2948517118342.102539
Si28_g0u1200,14,28,g0u1200,K1-L2,399930.364354,4866903449714592.000000
Si28_g0u1200,14,28,g0u1200,K1-L3,400289.869654,4860014422564948.000000
Si28_g0u1200,14,28,g0u1200,L2-M4,76939.133178,430625264121724.250000
Si28_g0u1200,14,28,g0u1200,L3-M4,76579.627877,85662370945558.875000
Si28_g0u1200,14,28,g0u1200,L3-M5,76615.259844,514402455483370.312500
Si28_g0u1200,14,28,g0u1200,M4-N6,26780.212480,102247811642116.171875
Si28_g0u1200,14,28,g0u1200,M5-N6,26744.580513,7288521956830.027344
Si28_g0u1200,14,28,g0u1200,M5-N7,26752.067880,109407798214899.437500
Si28_g0u1200,14,28,g0u1200,N6-O8,12373.462252,32523167518570.988281
Si28_g0u1200,14,28,g0u1200,N7-O8,12365.974885,1203225293056.240479
Si28_g0u1200,14,28,g0u1200,N7-O9,12368.270929,33708741622653.953125
Si28_g0u1200,14,28,g0u1200,O8-P10,6716.447444,12739085829971.873047
Si28_g0u1200,14,28,g0u1200,O9-P10,6714.151399,289320201112.397644
Si28_g0u1200,14,28,g0u1200,O9-P11,6715.036520,13024770825126.580078
Si28_g0u1200,14,28,g0u1200,P10-Q12,4048.525422,5776580098398.367188
Si28_g0u1200,14,28,g0u1200,P11-Q12,4047.640301,88826778508.175598
Si28_g0u1200,14,28,g0u1200,P11-Q13,4048.038305,5864430744168.959961
Si28_g0u1200,14,28,g0u1200,Q12-R14,2627.275503,2916440132123.862305
Si28_g0u1200,14,28,g0u1200,Q13-R14,2626.877499,32393133708.259472
Si28_g0u1200,14,28,g0u1200,Q13-R15,2627.077442,2948517118736.721191
Si28_g0u1300,14,28,g0u1300,K1-L2,399930.369768,4866903456029702.000000
Si28_g0u1300,14,28,g0u1300,K1-L3,400289.875073,4860014428948925.000000
Si28_g0u1300,14,28,g0u1300,L2-M4,76939.133438,430625265368552.125000
Si28_g0u1300,14,28,g0u1300,L3-M4,76579.628134,85662371193473.328125
Si28_g0u1300,14,28,g0u1300,L3-M5,76615.260101,514402456976487.437500
Si28_g0u1300,14,28,g0u1300,M4-N6,26780.212551,102247811854775.140625
Si28_g0u1300,14,28,g0u1300,M5-N6,26744.580584,7288521971965.291992
Si28_g0u1300,14,28,g0u1300,M5-N7,26752.067951,109407798442530.390625
Si28_g0u1300,14,28,g0u1300,N6-O8,12373.462274,32523167559637.421875
Si28_g0u1300,14,28,g0u1300,N7-O8,12365.974907,1203225294573.836426
Si28_g0u1300,14,28,g0u1300,N7-O9,12368.270951,33708741665290.792969
Si28_g0u1300,14,28,g0u1300,O8-P10,6716.447451,12739085838284.769531
Si28_g0u1300,14,28,g0u1300,O9-P10,6714.151406,289320201301.110107
Si28_g0u1300,14,28,g0u1300,O9-P11,6715.036527,13024770833612.902344
Si28_g0u1300,14,28,g0u1300,P10-Q12,4048.525424,5776580100073.414062
Si28_g0u1300,14,28,g0u1300,P11-Q12,4047.640303,88826778533.904404
Si28_g0u1300,14,28,g0u1300,P11-Q13,4048.038307,5864430745867.040039
Si28_g0u1300,14,28,g0u1300,Q12-R14,2627.275503,2916440132418.020020
Si28_g0u1300,14,28,g0u1300,Q13-R14,2626.877499,32393133711.528488
Si28_g0u1300,14,28,g0u1300,Q13-R15,2627.077443,2948517119094.500977
Si28_g0u1400,14,28,g0u1400,K1-L2,399930.374108,4866903461571830.000000
Si28_g0u1400,14,28,g0u1400,K1-L3,400289.879416,4860014777059781.000000
Si28_g0u1400,14,28,g0u1400,L2-M4,76939.133653,430625266397066.687500
Si28_g0u1400,14,28,g0u1400,L3-M4,76579.628345,85662371397971.671875
Si28_g0u1400,14,28,g0u1400,L3-M5,76615.260312,514402458207669.437500
Si28_g0u1400,14,28,g0u1400,M4-N6,26780.212609,102247812030118.203125
Si28_g0u1400,14,28,g0u1400,M5-N6,26744.580642,7288521984445.203125
Si28_g0u1400,14,28,g0u1400,M5-N7,26752.068009,109407798630095.875000
Si28_g0u1400,14,28,g0u1400,N6-O8,12373.462292,32523167593412.230469
Si28_g0u1400,14,28,g0u1400,N7-O8,12365.974925,1203225295821.870850
Si28_g0u1400,14,28,g0u1400,N7-O9,12368.270970,33708741700387.839844
Si28_g0u1400,14,28,g0u1400,O8-P10,6716.447456,12739085845054.253906
Si28_g0u1400,14,28,g0u1400,O9-P10,6714.151412,289320201454.736511
Si28_g0u1400,14,28,g0u1400,O9-P11,6715.036532,13024770840524.232422
Si28_g0u1400,14,28,g0u1400,P10-Q12,4048.525425,5776580101424.290039
Si28_g0u1400,14,28,g0u1400,P11-Q12,4047.640305,88826778554.583008
Si28_g0u1400,14,28,g0u1400,P11-Q13,4048.038309,5864430747237.275391
Si28_g0u1400,14,28,g0u1400,Q12-R14,2627.275504,2916440132681.396484
Si28_g0u1400,14,28,g0u1400,Q13-R14,2626.877500,32393133714.432877
Si28_g0u1400,14,28,g0u1400,Q13-R15,2627.077443,2948517119360.663574
Si28_g0u1500,14,28,g0u1500,K1-L2,399930.377642,4866903466457528.000000
Si28_g0u1500,14,28,g0u1500,K1-L3,400289.882953,4860014781992411.000000
Si28_g0u1500,14,28,g0u1500,L2-M4,76939.133832,430625267257114.062500
Si28_g0u1500,14,28,g0u1500,L3-M4,76579.628521,85662371568962.718750
Si28_g0u1500,14,28,g0u1500,L3-M5,76615.260489,514402459236755.875000
Si28_g0u1500,14,28,g0u1500,M4-N6,26780.212658,102247812176778.703125
Si28_g0u1500,14,28,g0u1500,M5-N6,26744.580690,7288521994883.683594
Si28_g0u1500,14,28,g0u1500,M5-N7,26752.068058,109407798787075.859375
Si28_g0u1500,14,28,g0u1500,N6-O8,12373.462308,32523167621691.675781
Si28_g0u1500,14,28,g0u1500,N7-O8,12365.974940,1203225296866.972656
Si28_g0u1500,14,28,g0u1500,N7-O9,12368.270985,33708741729800.191406
Si28_g0u1500,14,28,g0u1500,O8-P10,6716.447461,12739085850825.378906
Si28_g0u1500,14,28,g0u1500,O9-P10,6714.151416,289320201585.780884
Si28_g0u1500,14,28,g0u1500,O9-P11,6715.036537,13024770846416.369141
Si28_g0u1500,14,28,g0u1500,P10-Q12,4048.525427,5776580102555.017578
Si28_g0u1500,14,28,g0u1500,P11-Q12,4047.640306,88826778571.984909
Si28_g0u1500,14,28,g0u1500,P11-Q13,4048.038310,5864430748383.143555
Si28_g0u1500,14,28,g0u1500,Q12-R14,2627.275504,2916440132903.523438
Si28_g0u1500,14,28,g0u1500,Q13-R14,2626.877500,32393133716.881706
Si28_g0u1500,14,28,g0u1500,Q13-R15,2627.077443,2948517119585.178223
Si28_g0u1600,14,28,g0u1600,K1-L2,399930.380560,4866903470785477.000000
Si28_g0u1600,14,28,g0u1600,K1-L3,400289.885873,4860014786359526.000000
Si28_g0u1600,14,28,g0u1600,L2-M4,76939.133984,430625267984758.062500
Si28_g0u1600,14,28,g0u1600,L3-M4,76579.628671,85662371713625.875000
Si28_g0u1600,14,28,g0u1600,L3-M5,76615.260638,514402460107750.625000
Si28_g0u1600,14,28,g0u1600,M4-N6,26780.212699,102247812300713.500000
Si28_g0u1600,14,28,g0u1600,M5-N6,26744.580732,7288522003704.591797
Si28_g0u1600,14,28,g0u1600,M5-N7,26752.068099,109407798919809.609375
Si28_g0u1600,14,28,g0u1600,N6-O8,12373.462321,32523167645719.027344
Si28_g0u1600,14,28,g0u1600,N7-O8,12365.974953,1203225297754.864746
Si28_g0u1600,14,28,g0u1600,N7-O9,12368.270998,33708741754649.281250
Si28_g0u1600,14,28,g0u1600,O8-P10,6716.447465,12739085855667.769531
Si28_g0u1600,14,28,g0u1600,O9-P10,6714.151421,289320201695.661987
Si28_g0u1600,14,28,g0u1600,O9-P11,6715.036541,13024770851358.582031
Si28_g0u1600,14,28,g0u1600,P10-Q12,4048.525428,5776580103565.179688
Si28_g0u1600,14,28,g0u1600,P11-Q12,4047.640307,88826778587.497711
Si28_g0u1600,14,28,g0u1600,P11-Q13,4048.038311,5864430749407.299805
Si28_g0u1600,14,28,g0u1600,Q12-R14,2627.275504,2916440133122.074707
Si28_g0u1600,14,28,g0u1600,Q13-R14,2626.877500,32393133719.339127
Si28_g0u1600,14,28,g0u1600,Q13-R15,2627.077444,2948517119744.584961
Si28_g0u1700,14,28,g0u1700,K1-L2,399930.382991,4866903474659609.000000
Si28_g0u1700,14,28,g0u1700,K1-L3,400289.888305,4860014790266460.000000
Si28_g0u1700,14,28,g0u1700,L2-M4,76939.134113,430625268607065.687500
Si28_g0u1700,14,28,g0u1700,L3-M4,76579.628799,85662371837341.109375
Si28_g0u1700,14,28,g0u1700,L3-M5,76615.260766,514402460852867.187500
Si28_g0u1700,14,28,g0u1700,M4-N6,26780.212734,102247812406791.187500
Si28_g0u1700,14,28,g0u1700,M5-N6,26744.580767,7288522011254.384766
Si28_g0u1700,14,28,g0u1700,M5-N7,26752.068134,109407799033218.781250
Si28_g0u1700,14,28,g0u1700,N6-O8,12373.462332,32523167666139.292969
Si28_g0u1700,14,28,g0u1700,N7-O8,12365.974964,1203225298509.387451
Si28_g0u1700,14,28,g0u1700,N7-O9,12368.271009,33708741775768.976562
Si28_g0u1700,14,28,g0u1700,O8-P10,6716.447469,12739085859840.509766
Si28_g0u1700,14,28,g0u1700,O9-P10,6714.151424,289320201790.244873
Si28_g0u1700,14,28,g0u1700,O9-P11,6715.036544,13024770855618.365234
Si28_g0u1700,14,28,g0u1700,P10-Q12,4048.525429,5776580104356.791992
Si28_g0u1700,14,28,g0u1700,P11-Q12,4047.640308,88826778599.676010
Si28_g0u1700,14,28,g0u1700,P11-Q13,4048.038312,5864430750209.470703
Si28_g0u1700,14,28,g0u1700,Q12-R14,2627.275505,2916440133295.647949
Si28_g0u1700,14,28,g0u1700,Q13-R14,2626.877501,32393133721.232704
Si28_g0u1700,14,28,g0u1700,Q13-R15,2627.077444,2948517119920.289062
Si28_g0u1800,14,28,g0u1800,K1-L2,399930.384770,4866903478833506.000000
Si28_g0u1800,14,28,g0u1800,K1-L3,400289.890087,4860014794468487.000000
Si28_g0u1800,14,28,g0u1800,L2-M4,76939.134225,430625269144233.187500
Si28_g0u1800,14,28,g0u1800,L3-M4,76579.628909,85662371944102.484375
Si28_g0u1800,14,28,g0u1800,L3-M5,76615.260876,514402461495990.000000
Si28_g0u1800,14,28,g0u1800,M4-N6,26780.212765,102247812498397.296875
Si28_g0u1800,14,28,g0u1800,M5-N6,26744.580797,7288522017773.933594
Si28_g0u1800,14,28,g0u1800,M5-N7,26752.068165,109407799131192.343750
Si28_g0u1800,14,28,g0u1800,N6-O8,12373.462341,32523167683848.027344
Si28_g0u1800,14,28,g0u1800,N7-O8,12365.974974,1203225299163.830078
Si28_g0u1800,14,28,g0u1800,N7-O9,12368.271018,33708741794083.449219
Si28_g0u1800,14,28,g0u1800,O8-P10,6716.447472,12739085863435.287109
Si28_g0u1800,14,28,g0u1800,O9-P10,6714.151427,289320201871.800659
Si28_g0u1800,14,28,g0u1800,O9-P11,6715.036547,13024770859287.451172
Si28_g0u1800,14,28,g0u1800,P10-Q12,4048.525430,5776580105110.163086
Si28_g0u1800,14,28,g0u1800,P11-Q12,4047.640309,88826778611.262009
Si28_g0u1800,14,28,g0u1800,P11-Q13,4048.038313,5864430750973.084961
Si28_g0u1800,14,28,g0u1800,Q12-R14,2627.275505,2916440133391.263672
Si28_g0u1800,14,28,g0u1800,Q13-R14,2626.877501,32393133722.319252
Si28_g0u1800,14,28,g0u1800,Q13-R15,2627.077444,2948517120077.289062
Si28_g0u1900,14,28,g0u1900,K1-L2,399930.386951,4866903480822195.000000
Si28_g0u1900,14,28,g0u1900,K1-L3,400289.892269,4860014796483462.000000
Si28_g0u1900,14,28,g0u1900,L2-M4,76939.134323,430625269610857.625000
Si28_g0u1900,14,28,g0u1900,L3-M4,76579.629005,85662372036896.625000
Si28_g0u1900,14,28,g0u1900,L3-M5,76615.260973,514402462055003.937500
Si28_g0u1900,14,28,g0u1900,M4-N6,26780.212791,102247812577974.671875
Si28_g0u1900,14,28,g0u1900,M5-N6,26744.580824,7288522023437.455078
Si28_g0u1900,14,28,g0u1900,M5-N7,26752.068191,109407799216610.234375
Si28_g0u1900,14,28,g0u1900,N6-O8,12373.462349,32523167699281.023438
Si28_g0u1900,14,28,g0u1900,N7-O8,12365.974982,1203225299734.235352
Si28_g0u1900,14,28,g0u1900,N7-O9,12368.271027,33708741810042.308594
Si28_g0u1900,14,28,g0u1900,O8-P10,6716.447474,12739085866526.576172
Si28_g0u1900,14,28,g0u1900,O9-P10,6714.151430,289320201941.946228
Si28_g0u1900,14,28,g0u1900,O9-P11,6715.036550,13024770862442.529297
Si28_g0u1900,14,28,g0u1900,P10-Q12,4048.525431,5776580105745.017578
Si28_g0u1900,14,28,g0u1900,P11-Q12,4047.640310,88826778620.995865
Si28_g0u1900,14,28,g0u1900,P11-Q13,4048.038314,5864430751616.877930
Si28_g0u1900,14,28,g0u1900,Q12-R14,2627.275505,2916440133539.216797
Si28_g0u1900,14,28,g0u1900,Q13-R14,2626.877501,32393133723.972282
Si28_g0u1900,14,28,g0u1900,Q13-R15,2627.077444,2948517120165.689941
Si28_g0u2000,14,28,g0u2000,K1-L2,399930.391505,4866903821614351.000000
Si28_g0u2000,14,28,g0u2000,K1-L3,400289.896826,4860014791351355.000000
Si28_g0u2000,14,28,g0u2000,L2-M4,76939.134411,430625270017151.437500
Si28_g0u2000,14,28,g0u2000,L3-M4,76579.629091,85662372117948.406250
Si28_g0u2000,14,28,g0u2000,L3-M5,76615.261059,514402462542670.437500
Si28_g0u2000,14,28,g0u2000,M4-N6,26780.212815,102247812647891.281250
Si28_g0u2000,14,28,g0u2000,M5-N6,26744.580847,7288522028414.097656
Si28_g0u2000,14,28,g0u2000,M5-N7,26752.068214,109407799291186.453125
Si28_g0u2000,14,28,g0u2000,N6-O8,12373.462357,32523167712737.398438
Si28_g0u2000,14,28,g0u2000,N7-O8,12365.974989,1203225300231.421143
Si28_g0u2000,14,28,g0u2000,N7-O9,12368.271034,33708741824127.003906
Si28_g0u2000,14,28,g0u2000,O8-P10,6716.447476,12739085869208.068359
Si28_g0u2000,14,28,g0u2000,O9-P10,6714.151432,289320202002.913147
Si28_g0u2000,14,28,g0u2000,O9-P11,6715.036552,13024770865292.876953
Si28_g0u2000,14,28,g0u2000,P10-Q12,4048.525431,5776580106243.906250
Si28_g0u2000,14,28,g0u2000,P11-Q12,4047.640311,88826778628.762451
Si28_g0u2000,14,28,g0u2000,P11-Q13,4048.038315,5864430752125.675781
Si28_g0u2000,14,28,g0u2000,Q12-R14,2627.275505,2916440133628.797852
Si28_g0u2000,14,28,g0u2000,Q13-R14,2626.877501,32393133724.926598
Si28_g0u2000,14,28,g0u2000,Q13-R15,2627.077445,2948517120317.534180
Si28_g0u2100,14,28,g0u2100,K1-L2,399930.386802,4866903494054621.000000
Si28_g0u2100,14,28,g0u2100,K1-L3,400289.892121,4860014809754231.000000
Si28_g0u2100,14,28,g0u2100,L2-M4,76939.134481,430625270385235.125000
Si28_g0u2100,14,28,g0u2100,L3-M4,76579.629162,85662372190559.703125
Si28_g0u2100,14,28,g0u2100,L3-M5,76615.261130,514402462979875.312500
Si28_g0u2100,14,28,g0u2100,M4-N6,26780.212835,102247812709568.781250
Si28_g0u2100,14,28,g0u2100,M5-N6,26744.580867,7288522032803.788086
Si28_g0u2100,14,28,g0u2100,M5-N7,26752.068235,109407799357243.687500
Si28_g0u2100,14,28,g0u2100,N6-O8,12373.462363,32523167724666.531250
Si28_g0u2100,14,28,g0u2100,N7-O8,12365.974996,1203225300672.362061
Si28_g0u2100,14,28,g0u2100,N7-O9,12368.271040,33708741836296.730469
Si28_g0u2100,14,28,g0u2100,O8-P10,6716.447478,12739085871619.824219
Si28_g0u2100,14,28,g0u2100,O9-P10,6714.151434,289320202057.457642
Si28_g0u2100,14,28,g0u2100,O9-P11,6715.036554,13024770867753.527344
Si28_g0u2100,14,28,g0u2100,P10-Q12,4048.525432,5776580106736.773438
Si28_g0u2100,14,28,g0u2100,P11-Q12,4047.640311,88826778636.335815
Si28_g0u2100,14,28,g0u2100,P11-Q13,4048.038315,5864430752625.269531
Si28_g0u2100,14,28,g0u2100,Q12-R14,2627.275505,2916440133735.282227
Si28_g0u2100,14,28,g0u2100,Q13-R14,2626.877501,32393133726.117203
Si28_g0u2100,14,28,g0u2100,Q13-R15,2627.077445,2948517120364.077637
Si28_g0u2200,14,28,g0u2200,K1-L2,399930.442925,4866904391221870.000000
Si28_g0u2200,14,28,g0u2200,K1-L3,400289.948266,4860015354123525.000000
Si28_g0u2200,14,28,g0u2200,L2-M4,76939.134605,430625270636048.937500
Si28_g0u2200,14,28,g0u2200,L3-M4,76579.629265,85662372245594.234375
Si28_g0u2200,14,28,g0u2200,L3-M5,76615.261233,514402463311499.500000
Si28_g0u2200,14,28,g0u2200,M4-N6,26780.212853,102247812764106.093750
Si28_g0u2200,14,28,g0u2200,M5-N6,26744.580885,7288522036685.528320
Si28_g0u2200,14,28,g0u2200,M5-N7,26752.068253,109407799415687.515625
Si28_g0u2200,14,28,g0u2200,N6-O8,12373.462369,32523167735265.234375
Si28_g0u2200,14,28,g0u2200,N7-O8,12365.975001,1203225301063.938232
Si28_g0u2200,14,28,g0u2200,N7-O9,12368.271046,33708741847258.097656
Si28_g0u2200,14,28,g0u2200,O8-P10,6716.447480,12739085873739.787109
Si28_g0u2200,14,28,g0u2200,O9-P10,6714.151436,289320202105.580139
Si28_g0u2200,14,28,g0u2200,O9-P11,6715.036556,13024770869917.234375
Si28_g0u2200,14,28,g0u2200,P10-Q12,4048.525432,5776580107180.689453
Si28_g0u2200,14,28,g0u2200,P11-Q12,4047.640312,88826778643.141663
Si28_g0u2200,14,28,g0u2200,P11-Q13,4048.038316,5864430753075.474609
Si28_g0u2200,14,28,g0u2200,Q12-R14,2627.275506,2916440133803.068848
Si28_g0u2200,14,28,g0u2200,Q13-R14,2626.877502,32393133726.880772
Si28_g0u2200,14,28,g0u2200,Q13-R15,2627.077445,2948517120493.208984
Si28_g0u2300,14,28,g0u2300,K1-L2,399928.889971,4866889396065346.000000
Si28_g0u2300,14,28,g0u2300,K1-L3,400288.394719,4860000890602449.000000
Si28_g0u2300,14,28,g0u2300,L2-M4,76939.132983,430625272947071.000000
Si28_g0u2300,14,28,g0u2300,L3-M4,76579.628235,85662372557822.171875
Si28_g0u2300,14,28,g0u2300,L3-M5,76615.260203,514402465186255.875000
Si28_g0u2300,14,28,g0u2300,M4-N6,26780.212869,102247812813080.375000
Si28_g0u2300,14,28,g0u2300,M5-N6,26744.580901,7288522040163.207031
Si28_g0u2300,14,28,g0u2300,M5-N7,26752.068269,109407799468079.437500
Si28_g0u2300,14,28,g0u2300,N6-O8,12373.462374,32523167744694.210938
Si28_g0u2300,14,28,g0u2300,N7-O8,12365.975006,1203225301412.430420
Si28_g0u2300,14,28,g0u2300,N7-O9,12368.271051,33708741857175.218750
Si28_g0u2300,14,28,g0u2300,O8-P10,6716.447482,12739085875727.167969
Si28_g0u2300,14,28,g0u2300,O9-P10,6714.151437,289320202150.838318
Si28_g0u2300,14,28,g0u2300,O9-P11,6715.036558,13024770871834.482422
Si28_g0u2300,14,28,g0u2300,P10-Q12,4048.525433,5776580107610.675781
Si28_g0u2300,14,28,g0u2300,P11-Q12,4047.640312,88826778649.667175
Si28_g0u2300,14,28,g0u2300,P11-Q13,4048.038316,5864430753507.965820
Si28_g0u2300,14,28,g0u2300,Q12-R14,2627.275506,2916440133899.470215
Si28_g0u2300,14,28,g0u2300,Q13-R14,2626.877502,32393133727.987335
Si28_g0u2300,14,28,g0u2300,Q13-R15,2627.077445,2948517120529.219727
Si28_g0u2400,14,28,g0u2400,K1-L2,399924.310862,4866845521652905.000000
Si28_g0u2400,14,28,g0u2400,K1-L3,400283.813846,4859957228132212.000000
Si28_g0u2400,14,28,g0u2400,L2-M4,76939.127879,430625239642472.125000
Si28_g0u2400,14,28,g0u2400,L3-M4,76579.624895,85662373404640.265625
Si28_g0u2400,14,28,g0u2400,L3-M5,76615.256863,514402422612777.312500
Si28_g0u2400,14,28,g0u2400,M4-N6,26780.212883,102247812857560.390625
Si28_g0u2400,14,28,g0u2400,M5-N6,26744.580916,7288522043304.503906
Si28_g0u2400,14,28,g0u2400,M5-N7,26752.068283,109407799515157.234375
Si28_g0u2400,14,28,g0u2400,N6-O8,12373.462378,32523167753126.886719
Si28_g0u2400,14,28,g0u2400,N7-O8,12365.975011,1203225301724.036133
Si28_g0u2400,14,28,g0u2400,N7-O9,12368.271056,33708741865897.046875
Si28_g0u2400,14,28,g0u2400,O8-P10,6716.447483,12739085877382.400391
Si28_g0u2400,14,28,g0u2400,O9-P10,6714.151439,289320202188.356689
Si28_g0u2400,14,28,g0u2400,O9-P11,6715.036559,13024770873636.304688
Si28_g0u2400,14,28,g0u2400,P10-Q12,4048.525433,5776580107886.111328
Si28_g0u2400,14,28,g0u2400,P11-Q12,4047.640313,88826778653.993500
Si28_g0u2400,14,28,g0u2400,P11-Q13,4048.038317,5864430753790.343750
Si28_g0u2400,14,28,g0u2400,Q12-R14,2627.275506,2916440133961.876465
Si28_g0u2400,14,28,g0u2400,Q13-R14,2626.877502,32393133728.627453
Si28_g0u2400,14,28,g0u2400,Q13-R15,2627.077445,2948517120592.963867
Si28_g2u1000,14,28,g2u1000,K1-L2,399930.493400,4866905237384338.000000
Si28_g2u1000,14,28,g2u1000,K1-L3,400289.998743,4860014709823622.000000
Si28_g2u1000,14,28,g2u1000,L2-M4,76939.132100,430625270754534.375000
Si28_g2u1000,14,28,g2u1000,L3-M4,76579.626757,85662376965863.953125
Si28_g2u1000,14,28,g2u1000,L3-M5,76615.258722,514402380191679.687500
Si28_g2u1000,14,28,g2u1000,M4-N6,26780.212131,102247807005580.593750
Si28_g2u1000,14,28,g2u1000,M5-N6,26744.580166,7288522887332.345703
Si28_g2u1000,14,28,g2u1000,M5-N7,26752.067534,109407791315414.375000
Si28_g2u1000,14,28,g2u1000,N6-O8,12373.462180,32523167755690.132812
Si28_g2u1000,14,28,g2u1000,N7-O8,12365.974812,1203225415689.134033
Si28_g2u1000,14,28,g2u1000,N7-O9,12368.270860,33708740698493.679688
Si28_g2u1000,14,28,g2u1000,O8-P10,6716.447370,12739085677534.328125
Si28_g2u1000,14,28,g2u1000,O9-P10,6714.151323,289320208622.130066
Si28_g2u1000,14,28,g2u1000,O9-P11,6715.036446,13024770524006.248047
Si28_g2u1000,14,28,g2u1000,P10-Q12,4048.525368,5776579430036.635742
Si28_g2u1000,14,28,g2u1000,P11-Q12,4047.640245,88826778266.618759
Si28_g2u1000,14,28,g2u1000,P11-Q13,4048.038251,5864430694298.994141
Si28_g2u1000,14,28,g2u1000,Q12-R14,2627.275489,2916440143236.399902
Si28_g2u1000,14,28,g2u1000,Q13-R14,2626.877483,32393135668.188660
Si28_g2u1000,14,28,g2u1000,Q13-R15,2627.077428,2948517092802.281250
Ar40_g0u0050,18,40,g0u0050,K1-L2,642944.989058,13003968405883120.000000
Ar40_g0u0050,18,40,g0u0050,K1-L3,643921.082478,12979150314238926.000000
Ar40_g0u0050,18,40,g0u0050,L2-M4,127838.148041,1182767456541555.000000
Ar40_g0u0050,18,40,g0u0050,L3-M4,126862.054621,234472735883263.218750
Ar40_g0u0050,18,40,g0u0050,L3-M5,126959.780796,1408781190145567.750000
Ar40_g0u0050,18,40,g0u0050,M4-N6,44391.146727,280240849323771.125000
Ar40_g0u0050,18,40,g0u0050,M5-N6,44293.420552,19949697407983.687500
Ar40_g0u0050,18,40,g0u0050,M5-N7,44313.936363,299608155601417.437500
Ar40_g0u0050,18,40,g0u0050,N6-O8,20495.710981,89068489518820.859375
Ar40_g0u0050,18,40,g0u0050,N7-O8,20475.195170,3292778670804.999512
Ar40_g0u0050,18,40,g0u0050,N7-O9,20481.482778,92281352299541.625000
Ar40_g0u0050,18,40,g0u0050,O8-P10,11121.312792,34871751917844.570312
Ar40_g0u0050,18,40,g0u0050,O9-P10,11115.025184,791613945450.771484
Ar40_g0u0050,18,40,g0u0050,O9-P11,11117.448093,35646913186839.218750
Ar40_g0u0050,18,40,g0u0050,P10-Q12,6702.348168,15808738585465.203125
Ar40_g0u0050,18,40,g0u0050,P11-Q12,6699.925259,243013622755.359344
Ar40_g0u0050,18,40,g0u0050,P11-Q13,6701.014496,16047337680774.232422
Ar40_g0u0050,18,40,g0u0050,Q12-R14,4348.998616,7980356401507.211914
Ar40_g0u0050,18,40,g0u0050,Q13-R14,4347.909379,88617418926.762192
Ar40_g0u0050,18,40,g0u0050,Q13-R15,4348.456508,8067544330411.167969
Ar40_g0u0100,18,40,g0u0100,K1-L2,642976.298856,13004514209461328.000000
Ar40_g0u0100,18,40,g0u0100,K1-L3,643952.416923,12979687326245538.000000
Ar40_g0u0100,18,40,g0u0100,L2-M4,127838.482023,1182773029820455.250000
Ar40_g0u0100,18,40,g0u0100,L3-M4,126862.363957,234473800563131.187500
Ar40_g0u0100,18,40,g0u0100,L3-M5,126960.090580,1408787585237060.000000
Ar40_g0u0100,18,40,g0u0100,M4-N6,44391.238016,280241918343874.093750
Ar40_g0u0100,18,40,g0u0100,M5-N6,44293.511393,19949773570150.320312
Ar40_g0u0100,18,40,g0u0100,M5-N7,44314.027280,299609275268260.062500
Ar40_g0u0100,18,40,g0u0100,N6-O8,20495.742711,89068743278923.937500
Ar40_g0u0100,18,40,g0u0100,N7-O8,20475.226823,3292787769087.979492
Ar40_g0u0100,18,40,g0u0100,N7-O9,20481.514448,92281607261138.187500
Ar40_g0u0100,18,40,g0u0100,O8-P10,11121.324189,34871813604699.902344
Ar40_g0u0100,18,40,g0u0100,O9-P10,11115.036564,791615345975.615356
Ar40_g0u0100,18,40,g0u0100,O9-P11,11117.459477,35646976248209.515625
Ar40_g0u0100,18,40,g0u0100,P10-Q12,6702.352165,15808755235143.005859
Ar40_g0u0100,18,40,g0u0100,P11-Q12,6699.929252,243013862600.530426
Ar40_g0u0100,18,40,g0u0100,P11-Q13,6701.018489,16047354581882.429688
Ar40_g0u0100,18,40,g0u0100,Q12-R14,4348.999948,7980361134231.805664
Ar40_g0u0100,18,40,g0u0100,Q13-R14,4347.910710,88617462427.386322
Ar40_g0u0100,18,40,g0u0100,Q13-R15,4348.457840,8067548290212.904297
Ar40_g0u0150,18,40,g0u0150,K1-L2,642981.835602,13004615204024520.000000
Ar40_g0u0150,18,40,g0u0150,K1-L3,643957.958389,12979785434131568.000000
Ar40_g0u0150,18,40,g0u0150,L2-M4,127838.564954,1182774440687577.250000
Ar40_g0u0150,18,40,g0u0150,L3-M4,126862.442167,234474082885007.562500
Ar40_g0u0150,18,40,g0u0150,L3-M5,126960.168901,1408789280418496.000000
Ar40_g0u0150,18,40,g0u0150,M4-N6,44391.260378,280242149567879.000000
Ar40_g0u0150,18,40,g0u0150,M5-N6,44293.533645,19949791640111.121094
Ar40_g0u0150,18,40,g0u0150,M5-N7,44314.049551,299609570641970.875000
Ar40_g0u0150,18,40,g0u0150,N6-O8,20495.750488,89068800418285.906250
Ar40_g0u0150,18,40,g0u0150,N7-O8,20475.234582,3292789881868.911621
Ar40_g0u0150,18,40,g0u0150,N7-O9,20481.522211,92281666472351.296875
Ar40_g0u0150,18,40,g0u0150,O8-P10,11121.326984,34871825427376.718750
Ar40_g0u0150,18,40,g0u0150,O9-P10,11115.039356,791615677650.679077
Ar40_g0u0150,18,40,g0u0150,O9-P11,11117.462270,35646994032373.257812
Ar40_g0u0150,18,40,g0u0150,P10-Q12,6702.353146,15808758846941.054688
Ar40_g0u0150,18,40,g0u0150,P11-Q12,6699.930232,243013918123.233002
Ar40_g0u0150,18,40,g0u0150,P11-Q13,6701.019470,16047357183890.425781
Ar40_g0u0150,18,40,g0u0150,Q12-R14,4349.000275,7980361495955.324219
Ar40_g0u0150,18,40,g0u0150,Q13-R14,4347.911037,88617466440.482742
Ar40_g0u0150,18,40,g0u0150,Q13-R15,4348.458167,8067549480335.100586
Ar40_g0u0200,18,40,g0u0200,K1-L2,642983.744780,13004651056916558.000000
Ar40_g0u0200,18,40,g0u0200,K1-L3,643959.869281,12979820680224754.000000
Ar40_g0u0200,18,40,g0u0200,L2-M4,127838.599211,1182774962965605.750000
Ar40_g0u0200,18,40,g0u0200,L3-M4,126862.474710,234474213592274.312500
Ar40_g0u0200,18,40,g0u0200,L3-M5,126960.201489,1408790064911059.250000
Ar40_g0u0200,18,40,g0u0200,M4-N6,44391.269683,280242266407747.531250
Ar40_g0u0200,18,40,g0u0200,M5-N6,44293.542903,19949799965939.078125
Ar40_g0u0200,18,40,g0u0200,M5-N7,44314.058818,299609695646643.125000
Ar40_g0u0200,18,40,g0u0200,N6-O8,20495.753725,89068826788865.750000
Ar40_g0u0200,18,40,g0u0200,N7-O8,20475.237811,3292790857110.831055
Ar40_g0u0200,18,40,g0u0200,N7-O9,20481.525442,92281685794823.546875
Ar40_g0u0200,18,40,g0u0200,O8-P10,11121.328148,34871833602569.097656
Ar40_g0u0200,18,40,g0u0200,O9-P10,11115.040518,791615799967.994141
Ar40_g0u0200,18,40,g0u0200,O9-P11,11117.463432,35646999540806.953125
Ar40_g0u0200,18,40,g0u0200,P10-Q12,6702.353555,15808760526260.269531
Ar40_g0u0200,18,40,g0u0200,P11-Q12,6699.930640,243013943940.716064
Ar40_g0u0200,18,40,g0u0200,P11-Q13,6701.019878,16047358888662.886719
Ar40_g0u0200,18,40,g0u0200,Q12-R14,4349.000412,7980361646658.865234
Ar40_g0u0200,18,40,g0u0200,Q13-R14,4347.911174,88617468112.599548
Ar40_g0u0200,18,40,g0u0200,Q13-R15,4348.458303,8067549632658.781250
Ar40_g0u0250,18,40,g0u0250,K1-L2,642984.627633,13004667072737094.000000
Ar40_g0u0250,18,40,g0u0250,K1-L3,643960.752955,12979837561050390.000000
Ar40_g0u0250,18,40,g0u0250,L2-M4,127838.617079,1182775362340688.500000
Ar40_g0u0250,18,40,g0u0250,L3-M4,126862.491757,234474240819856.375000
Ar40_g0u0250,18,40,g0u0250,L3-M5,126960.218560,1408790229254789.750000
Ar40_g0u0250,18,40,g0u0250,M4-N6,44391.274572,280242337304626.625000
Ar40_g0u0250,18,40,g0u0250,M5-N6,44293.547768,19949803417168.667969
Ar40_g0u0250,18,40,g0u0250,M5-N7,44314.063686,299609747492995.000000
Ar40_g0u0250,18,40,g0u0250,N6-O8,20495.755426,89068832530272.875000
Ar40_g0u0250,18,40,g0u0250,N7-O8,20475.239508,3292791355031.002930
Ar40_g0u0250,18,40,g0u0250,N7-O9,20481.527139,92281699747612.359375
Ar40_g0u0250,18,40,g0u0250,O8-P10,11121.328760,34871837756950.335938
Ar40_g0u0250,18,40,g0u0250,O9-P10,11115.041128,791615830972.805054
Ar40_g0u0250,18,40,g0u0250,O9-P11,11117.464043,35647003787825.351562
Ar40_g0u0250,18,40,g0u0250,P10-Q12,6702.353769,15808760858218.015625
Ar40_g0u0250,18,40,g0u0250,P11-Q12,6699.930855,243013949038.101013
Ar40_g0u0250,18,40,g0u0250,P11-Q13,6701.020093,16047360289556.640625
Ar40_g0u0250,18,40,g0u0250,Q12-R14,4349.000483,7980361725890.985352
Ar40_g0u0250,18,40,g0u0250,Q13-R14,4347.911245,88617468991.538559
Ar40_g0u0250,18,40,g0u0250,Q13-R15,4348.458375,8067549712826.987305
Ar40_g0u0300,18,40,g0u0300,K1-L2,642985.109044,13004675718584380.000000
Ar40_g0u0300,18,40,g0u0300,K1-L3,643961.234826,12979846065412226.000000
Ar40_g0u0300,18,40,g0u0300,L2-M4,127838.627747,1182775444532767.500000
Ar40_g0u0300,18,40,g0u0300,L3-M4,126862.501965,234474283493613.687500
Ar40_g0u0300,18,40,g0u0300,L3-M5,126960.228782,1408790485348043.250000
Ar40_g0u0300,18,40,g0u0300,M4-N6,44391.277508,280242375374226.718750
Ar40_g0u0300,18,40,g0u0300,M5-N6,44293.550690,19949806130169.832031
Ar40_g0u0300,18,40,g0u0300,M5-N7,44314.066611,299609788223135.625000
Ar40_g0u0300,18,40,g0u0300,N6-O8,20495.756448,89068843702115.593750
Ar40_g0u0300,18,40,g0u0300,N7-O8,20475.240527,3292791482296.495117
Ar40_g0u0300,18,40,g0u0300,N7-O9,20481.528159,92281711325831.421875
Ar40_g0u0300,18,40,g0u0300,O8-P10,11121.329127,34871838578586.296875
Ar40_g0u0300,18,40,g0u0300,O9-P10,11115.041495,791615849599.085205
Ar40_g0u0300,18,40,g0u0300,O9-P11,11117.464410,35647004627509.093750
Ar40_g0u0300,18,40,g0u0300,P10-Q12,6702.353898,15808761057567.003906
Ar40_g0u0300,18,40,g0u0300,P11-Q12,6699.930983,243013952099.110535
Ar40_g0u0300,18,40,g0u0300,P11-Q13,6701.020222,16047360491928.757812
Ar40_g0u0300,18,40,g0u0300,Q12-R14,4349.000526,7980361773563.043945
Ar40_g0u0300,18,40,g0u0300,Q13-R14,4347.911288,88617478582.115097
Ar40_g0u0300,18,40,g0u0300,Q13-R15,4348.458418,8067549760948.807617
Ar40_g0u0350,18,40,g0u0350,K1-L2,642985.400906,13004682344234872.000000
Ar40_g0u0350,18,40,g0u0350,K1-L3,643961.526974,12979851453446222.000000
Ar40_g0u0350,18,40,g0u0350,L2-M4,127838.634705,1182775629845251.750000
Ar40_g0u0350,18,40,g0u0350,L3-M4,126862.508637,234474294226675.562500
Ar40_g0u0350,18,40,g0u0350,L3-M5,126960.235465,1408790550131694.500000
Ar40_g0u0350,18,40,g0u0350,M4-N6,44391.279433,280242385624945.937500
Ar40_g0u0350,18,40,g0u0350,M5-N6,44293.552605,19949806858021.730469
Ar40_g0u0350,18,40,g0u0350,M5-N7,44314.068527,299609823191963.187500
Ar40_g0u0350,18,40,g0u0350,N6-O8,20495.757117,89068845962802.265625
Ar40_g0u0350,18,40,g0u0350,N7-O8,20475.241195,3292791851775.339844
Ar40_g0u0350,18,40,g0u0350,N7-O9,20481.528828,92281713667767.312500
Ar40_g0u0350,18,40,g0u0350,O8-P10,11121.329368,34871839117164.714844
Ar40_g0u0350,18,40,g0u0350,O9-P10,11115.041736,791615925143.980957
Ar40_g0u0350,18,40,g0u0350,O9-P11,11117.464651,35647005177998.546875
Ar40_g0u0350,18,40,g0u0350,P10-Q12,6702.353983,15808761188207.810547
Ar40_g0u0350,18,40,g0u0350,P11-Q12,6699.931068,243013970231.948578
Ar40_g0u0350,18,40,g0u0350,P11-Q13,6701.020306,16047360624557.166016
Ar40_g0u0350,18,40,g0u0350,Q12-R14,4349.000555,7980361804783.098633
Ar40_g0u0350,18,40,g0u0350,Q13-R14,4347.911316,88617478928.501572
Ar40_g0u0350,18,40,g0u0350,Q13-R15,4348.458446,8067549792464.037109
Ar40_g0u0400,18,40,g0u0400,K1-L2,642985.591472,13004685651813366.000000
Ar40_g0u0400,18,40,g0u0400,K1-L3,643961.717730,12979855839944438.000000
Ar40_g0u0400,18,40,g0u0400,L2-M4,127838.639536,1182775667479675.750000
Ar40_g0u0400,18,40,g0u0400,L3-M4,126862.513278,234474328019747.437500
Ar40_g0u0400,18,40,g0u0400,L3-M5,126960.240112,1408790752621076.500000
Ar40_g0u0400,18,40,g0u0400,M4-N6,44391.280774,280242415200330.812500
Ar40_g0u0400,18,40,g0u0400,M5-N6,44293.553940,19949808967890.718750
Ar40_g0u0400,18,40,g0u0400,M5-N7,44314.069863,299609830831401.875000
Ar40_g0u0400,18,40,g0u0400,N6-O8,20495.757584,89068855261626.734375
Ar40_g0u0400,18,40,g0u0400,N7-O8,20475.241661,3292791909924.944824
Ar40_g0u0400,18,40,g0u0400,N7-O9,20481.529293,92281723305152.453125
Ar40_g0u0400,18,40,g0u0400,O8-P10,11121.329536,34871842279345.757812
Ar40_g0u0400,18,40,g0u0400,O9-P10,11115.041903,791615933656.077515
Ar40_g0u0400,18,40,g0u0400,O9-P11,11117.464818,35647008411040.335938
Ar40_g0u0400,18,40,g0u0400,P10-Q12,6702.354042,15808761279291.748047
Ar40_g0u0400,18,40,g0u0400,P11-Q12,6699.931127,243013971630.677155
Ar40_g0u0400,18,40,g0u0400,P11-Q13,6701.020365,16047360716974.660156
Ar40_g0u0400,18,40,g0u0400,Q12-R14,4349.000574,7980361826559.113281
Ar40_g0u0400,18,40,g0u0400,Q13-R14,4347.911336,88617479170.035645
Ar40_g0u0400,18,40,g0u0400,Q13-R15,4348.458466,8067549814544.406250
Ar40_g0u0450,18,40,g0u0450,K1-L2,642985.722922,13004689025831680.000000
Ar40_g0u0450,18,40,g0u0450,K1-L3,643961.849313,12979858029593176.000000
Ar40_g0u0450,18,40,g0u0450,L2-M4,127838.643050,1182775826339478.250000
Ar40_g0u0450,18,40,g0u0450,L3-M4,126862.516658,234474333484038.625000
Ar40_g0u0450,18,40,g0u0450,L3-M5,126960.243497,1408790785602182.750000
Ar40_g0u0450,18,40,g0u0450,M4-N6,44391.281753,280242420413933.625000
Ar40_g0u0450,18,40,g0u0450,M5-N6,44293.554914,19949809338082.460938
Ar40_g0u0450,18,40,g0u0450,M5-N7,44314.070838,299609836405876.812500
Ar40_g0u0450,18,40,g0u0450,N6-O8,20495.757925,89068856411707.437500
Ar40_g0u0450,18,40,g0u0450,N7-O8,20475.242001,3292791952363.922363
Ar40_g0u0450,18,40,g0u0450,N7-O9,20481.529633,92281724496500.703125
Ar40_g0u0450,18,40,g0u0450,O8-P10,11121.329658,34871842553236.863281
Ar40_g0u0450,18,40,g0u0450,O9-P10,11115.042026,791615939865.049194
Ar40_g0u0450,18,40,g0u0450,O9-P11,11117.464941,35647008691068.804688
Ar40_g0u0450,18,40,g0u0450,P10-Q12,6702.354085,15808761345848.275391
Ar40_g0u0450,18,40,g0u0450,P11-Q12,6699.931170,243013972652.739807
Ar40_g0u0450,18,40,g0u0450,P11-Q13,6701.020408,16047360784544.265625
Ar40_g0u0450,18,40,g0u0450,Q12-R14,4349.000589,7980361842413.528320
Ar40_g0u0450,18,40,g0u0450,Q13-R14,4347.911351,88617479346.014084
Ar40_g0u0450,18,40,g0u0450,Q13-R15,4348.458480,8067549830547.551758
Ar40_g0u0500,18,40,g0u0500,K1-L2,642985.817516,13004690136837216.000000
Ar40_g0u0500,18,40,g0u0500,K1-L3,643961.944004,12979859123485046.000000
Ar40_g0u0500,18,40,g0u0500,L2-M4,127838.645698,1182775847134212.500000
Ar40_g0u0500,18,40,g0u0500,L3-M4,126862.519210,234474337616791.250000
Ar40_g0u0500,18,40,g0u0500,L3-M5,126960.246052,1408790810547079.250000
Ar40_g0u0500,18,40,g0u0500,M4-N6,44391.282493,280242424355470.906250
Ar40_g0u0500,18,40,g0u0500,M5-N6,44293.555650,19949809617951.125000
Ar40_g0u0500,18,40,g0u0500,M5-N7,44314.071575,299609864629113.375000
Ar40_g0u0500,18,40,g0u0500,N6-O8,20495.758182,89068857280942.421875
Ar40_g0u0500,18,40,g0u0500,N7-O8,20475.242258,3292791984439.247070
Ar40_g0u0500,18,40,g0u0500,N7-O9,20481.529890,92281725397041.718750
Ar40_g0u0500,18,40,g0u0500,O8-P10,11121.329751,34871842760519.683594
Ar40_g0u0500,18,40,g0u0500,O9-P10,11115.042118,791615944563.954346
Ar40_g0u0500,18,40,g0u0500,O9-P11,11117.465033,35647008902809.015625
Ar40_g0u0500,18,40,g0u0500,P10-Q12,6702.354117,15808761396141.951172
Ar40_g0u0500,18,40,g0u0500,P11-Q12,6699.931202,243013973424.983612
Ar40_g0u0500,18,40,g0u0500,P11-Q13,6701.020440,16047360835496.712891
Ar40_g0u0500,18,40,g0u0500,Q12-R14,4349.000599,7980361854404.676758
Ar40_g0u0500,18,40,g0u0500,Q13-R14,4347.911361,88617479478.944794
Ar40_g0u0500,18,40,g0u0500,Q13-R15,4348.458491,8067549842647.742188
Ar40_g0u0550,18,40,g0u0550,K1-L2,642985.887918,13004691268128166.000000
Ar40_g0u0550,18,40,g0u0550,K1-L3,643962.014480,12979860237501134.000000
Ar40_g0u0550,18,40,g0u0550,L2-M4,127838.647753,1182775863315077.750000
Ar40_g0u0550,18,40,g0u0550,L3-M4,126862.521191,234474340831652.531250
Ar40_g0u0550,18,40,g0u0550,L3-M5,126960.248037,1408790829951726.250000
Ar40_g0u0550,18,40,g0u0550,M4-N6,44391.283068,280242427420895.718750
Ar40_g0u0550,18,40,g0u0550,M5-N6,44293.556223,19949811438154.796875
Ar40_g0u0550,18,40,g0u0550,M5-N7,44314.072148,299609867906610.812500
Ar40_g0u0550,18,40,g0u0550,N6-O8,20495.758383,89068857957317.015625
Ar40_g0u0550,18,40,g0u0550,N7-O8,20475.242457,3292792009398.010254
Ar40_g0u0550,18,40,g0u0550,N7-O9,20481.530090,92281726097622.984375
Ar40_g0u0550,18,40,g0u0550,O8-P10,11121.329823,34871842921479.421875
Ar40_g0u0550,18,40,g0u0550,O9-P10,11115.042190,791615948212.875366
Ar40_g0u0550,18,40,g0u0550,O9-P11,11117.465105,35647009067494.484375
Ar40_g0u0550,18,40,g0u0550,P10-Q12,6702.354143,15808761435143.726562
Ar40_g0u0550,18,40,g0u0550,P11-Q12,6699.931228,243013974023.973358
Ar40_g0u0550,18,40,g0u0550,P11-Q13,6701.020466,16047360875283.363281
Ar40_g0u0550,18,40,g0u0550,Q12-R14,4349.000608,7980361863792.301758
Ar40_g0u0550,18,40,g0u0550,Q13-R14,4347.911370,88617479583.288696
Ar40_g0u0550,18,40,g0u0550,Q13-R15,4348.458499,8067549852132.278320
Ar40_g0u0600,18,40,g0u0600,K1-L2,642985.941772,13004692411186644.000000
Ar40_g0u0600,18,40,g0u0600,K1-L3,643962.068391,12979861363160526.000000
Ar40_g0u0600,18,40,g0u0600,L2-M4,127838.649385,1182775876199334.500000
Ar40_g0u0600,18,40,g0u0600,L3-M4,126862.522766,234474343390896.093750
Ar40_g0u0600,18,40,g0u0600,L3-M5,126960.249614,1408790845398893.000000
Ar40_g0u0600,18,40,g0u0600,M4-N6,44391.283526,280242429860521.937500
Ar40_g0u0600,18,40,g0u0600,M5-N6,44293.556679,19949811611380.167969
Ar40_g0u0600,18,40,g0u0600,M5-N7,44314.072605,299609870515357.000000
Ar40_g0u0600,18,40,g0u0600,N6-O8,20495.758542,89068858495162.906250
Ar40_g0u0600,18,40,g0u0600,N7-O8,20475.242616,3292792029245.260742
Ar40_g0u0600,18,40,g0u0600,N7-O9,20481.530249,92281726654887.687500
Ar40_g0u0600,18,40,g0u0600,O8-P10,11121.329880,34871843049862.183594
Ar40_g0u0600,18,40,g0u0600,O9-P10,11115.042247,791615951123.145020
Ar40_g0u0600,18,40,g0u0600,O9-P11,11117.465162,35647009198409.296875
Ar40_g0u0600,18,40,g0u0600,P10-Q12,6702.354163,15808761466357.882812
Ar40_g0u0600,18,40,g0u0600,P11-Q12,6699.931248,243013974503.031982
Ar40_g0u0600,18,40,g0u0600,P11-Q13,6701.020486,16047360906767.650391
Ar40_g0u0600,18,40,g0u0600,Q12-R14,4349.000615,7980361871233.183594
Ar40_g0u0600,18,40,g0u0600,Q13-R14,4347.911377,88617479665.665939
Ar40_g0u0600,18,40,g0u0600,Q13-R15,4348.458506,8067549859634.612305
Ar40_g0u0700,18,40,g0u0700,K1-L2,642986.017538,13004693565742820.000000
Ar40_g0u0700,18,40,g0u0700,K1-L3,643962.144239,12979863632140342.000000
Ar40_g0u0700,18,40,g0u0700,L2-M4,127838.651794,1182775895281047.750000
Ar40_g0u0700,18,40,g0u0700,L3-M4,126862.525093,234474347179994.312500
Ar40_g0u0700,18,40,g0u0700,L3-M5,126960.251944,1408791025579111.750000
Ar40_g0u0700,18,40,g0u0700,M4-N6,44391.284204,280242455901855.750000
Ar40_g0u0700,18,40,g0u0700,M5-N6,44293.557353,19949811867770.238281
Ar40_g0u0700,18,40,g0u0700,M5-N7,44314.073280,299609874375712.125000
Ar40_g0u0700,18,40,g0u0700,N6-O8,20495.758778,89068859291653.250000
Ar40_g0u0700,18,40,g0u0700,N7-O8,20475.242852,3292792344693.849121
Ar40_g0u0700,18,40,g0u0700,N7-O9,20481.530485,92281727480044.796875
Ar40_g0u0700,18,40,g0u0700,O8-P10,11121.329965,34871843239488.574219
Ar40_g0u0700,18,40,g0u0700,O9-P10,11115.042332,791615955421.947998
Ar40_g0u0700,18,40,g0u0700,O9-P11,11117.465247,35647009392514.046875
Ar40_g0u0700,18,40,g0u0700,P10-Q12,6702.354193,15808762560625.720703
Ar40_g0u0700,18,40,g0u0700,P11-Q12,6699.931278,243013975210.324768
Ar40_g0u0700,18,40,g0u0700,P11-Q13,6701.020516,16047362017725.408203
Ar40_g0u0700,18,40,g0u0700,Q12-R14,4349.000625,7980361882181.233398
Ar40_g0u0700,18,40,g0u0700,Q13-R14,4347.911386,88617479787.191544
Ar40_g0u0700,18,40,g0u0700,Q13-R15,4348.458516,8067549870788.254883
Ar40_g0u0800,18,40,g0u0800,K1-L2,642986.067232,13004694730385354.000000
Ar40_g0u0800,18,40,g0u0800,K1-L3,643962.193987,12979864779465656.000000
Ar40_g0u0800,18,40,g0u0800,L2-M4,127838.653469,1182775908598728.000000
Ar40_g0u0800,18,40,g0u0800,L3-M4,126862.526714,234474376131583.187500
Ar40_g0u0800,18,40,g0u0800,L3-M5,126960.253567,1408791041535670.500000
Ar40_g0u0800,18,40,g0u0800,M4-N6,44391.284677,280242458419738.500000
Ar40_g0u0800,18,40,g0u0800,M5-N6,44293.557824,19949812046552.207031
Ar40_g0u0800,18,40,g0u0800,M5-N7,44314.073750,299609877067687.250000
Ar40_g0u0800,18,40,g0u0800,N6-O8,20495.758942,89068859847027.828125
Ar40_g0u0800,18,40,g0u0800,N7-O8,20475.243016,3292792365187.501953
Ar40_g0u0800,18,40,g0u0800,N7-O9,20481.530649,92281728055415.468750
Ar40_g0u0800,18,40,g0u0800,O8-P10,11121.330024,34871843371822.644531
Ar40_g0u0800,18,40,g0u0800,O9-P10,11115.042391,791616021757.534912
Ar40_g0u0800,18,40,g0u0800,O9-P11,11117.465306,35647009527641.578125
Ar40_g0u0800,18,40,g0u0800,P10-Q12,6702.354213,15808762592797.685547
Ar40_g0u0800,18,40,g0u0800,P11-Q12,6699.931298,243013975704.162445
Ar40_g0u0800,18,40,g0u0800,P11-Q13,6701.020536,16047362050318.636719
Ar40_g0u0800,18,40,g0u0800,Q12-R14,4349.000632,7980361889912.951172
Ar40_g0u0800,18,40,g0u0800,Q13-R14,4347.911393,88617479872.934601
Ar40_g0u0800,18,40,g0u0800,Q13-R15,4348.458523,8067549878589.833984
Ar40_g0u0900,18,40,g0u0900,K1-L2,642986.101640,13004695897830860.000000
Ar40_g0u0900,18,40,g0u0900,K1-L3,643962.228434,12979864797941954.000000
Ar40_g0u0900,18,40,g0u0900,L2-M4,127838.654688,1182775918326197.500000
Ar40_g0u0900,18,40,g0u0900,L3-M4,126862.527895,234474378061953.250000
Ar40_g0u0900,18,40,g0u0900,L3-M5,126960.254749,1408791053186982.000000
Ar40_g0u0900,18,40,g0u0900,M4-N6,44391.285022,280242460257787.062500
Ar40_g0u0900,18,40,g0u0900,M5-N6,44293.558167,19949812177062.230469
Ar40_g0u0900,18,40,g0u0900,M5-N7,44314.074094,299609879032988.250000
Ar40_g0u0900,18,40,g0u0900,N6-O8,20495.759063,89068860252609.234375
Ar40_g0u0900,18,40,g0u0900,N7-O8,20475.243136,3292792380153.772461
Ar40_g0u0900,18,40,g0u0900,N7-O9,20481.530769,92281736480629.578125
Ar40_g0u0900,18,40,g0u0900,O8-P10,11121.330068,34871843468520.050781
Ar40_g0u0900,18,40,g0u0900,O9-P10,11115.042434,791616023949.695068
Ar40_g0u0900,18,40,g0u0900,O9-P11,11117.465349,35647009626429.015625
Ar40_g0u0900,18,40,g0u0900,P10-Q12,6702.354229,15808762616226.964844
Ar40_g0u0900,18,40,g0u0900,P11-Q12,6699.931313,243013976063.943970
Ar40_g0u0900,18,40,g0u0900,P11-Q13,6701.020552,16047362074187.689453
Ar40_g0u0900,18,40,g0u0900,Q12-R14,4349.000637,7980361895502.968750
Ar40_g0u0900,18,40,g0u0900,Q13-R14,4347.911398,88617479935.059921
Ar40_g0u0900,18,40,g0u0900,Q13-R15,4348.458528,8067549884236.236328
Ar40_g0u1000,18,40,g0u1000,K1-L2,642986.126481,13004695915766918.000000
Ar40_g0u1000,18,40,g0u1000,K1-L3,643962.253304,12979865947771528.000000
Ar40_g0u1000,18,40,g0u1000,L2-M4,127838.655609,1182776057061146.000000
Ar40_g0u1000,18,40,g0u1000,L3-M4,126862.528787,234474379522237.531250
Ar40_g0u1000,18,40,g0u1000,L3-M5,126960.255643,1408791062000663.000000
Ar40_g0u1000,18,40,g0u1000,M4-N6,44391.285283,280242461647860.281250
Ar40_g0u1000,18,40,g0u1000,M5-N6,44293.558427,19949812275764.074219
Ar40_g0u1000,18,40,g0u1000,M5-N7,44314.074354,299609880519579.500000
Ar40_g0u1000,18,40,g0u1000,N6-O8,20495.759153,89068860559140.421875
Ar40_g0u1000,18,40,g0u1000,N7-O8,20475.243226,3292792391465.221680
Ar40_g0u1000,18,40,g0u1000,N7-O9,20481.530860,92281736798231.343750
Ar40_g0u1000,18,40,g0u1000,O8-P10,11121.330100,34871843541673.378906
Ar40_g0u1000,18,40,g0u1000,O9-P10,11115.042467,791616025608.003540
Ar40_g0u1000,18,40,g0u1000,O9-P11,11117.465382,35647009701210.578125
Ar40_g0u1000,18,40,g0u1000,P10-Q12,6702.354240,15808762633930.634766
Ar40_g0u1000,18,40,g0u1000,P11-Q12,6699.931325,243013976335.873413
Ar40_g0u1000,18,40,g0u1000,P11-Q13,6701.020563,16047362092124.101562
Ar40_g0u1000,18,40,g0u1000,Q12-R14,4349.000640,7980361899765.288086
Ar40_g0u1000,18,40,g0u1000,Q13-R14,4347.911402,88617479982.276657
Ar40_g0u1000,18,40,g0u1000,Q13-R15,4348.458532,8067549888537.787109
Ar40_g0u1100,18,40,g0u1100,K1-L2,642986.145024,13004697082084182.000000
Ar40_g0u1100,18,40,g0u1100,K1-L3,643962.271868,12979865964924132.000000
Ar40_g0u1100,18,40,g0u1100,L2-M4,127838.656323,1182776062789062.500000
Ar40_g0u1100,18,40,g0u1100,L3-M4,126862.529480,234474380658419.093750
Ar40_g0u1100,18,40,g0u1100,L3-M5,126960.256337,1408791068858556.500000
Ar40_g0u1100,18,40,g0u1100,M4-N6,44391.285486,280242462729015.031250
Ar40_g0u1100,18,40,g0u1100,M5-N6,44293.558629,19949812352530.882812
Ar40_g0u1100,18,40,g0u1100,M5-N7,44314.074556,299609881675794.562500
Ar40_g0u1100,18,40,g0u1100,N6-O8,20495.759224,89068868520733.031250
Ar40_g0u1100,18,40,g0u1100,N7-O8,20475.243297,3292792400269.694824
Ar40_g0u1100,18,40,g0u1100,N7-O9,20481.530930,92281737045414.890625
Ar40_g0u1100,18,40,g0u1100,O8-P10,11121.330126,34871843598469.964844
Ar40_g0u1100,18,40,g0u1100,O9-P10,11115.042492,791616026895.614990
Ar40_g0u1100,18,40,g0u1100,O9-P11,11117.465407,35647009759311.585938
Ar40_g0u1100,18,40,g0u1100,P10-Q12,6702.354249,15808762647750.158203
Ar40_g0u1100,18,40,g0u1100,P11-Q12,6699.931334,243013976548.101685
Ar40_g0u1100,18,40,g0u1100,P11-Q13,6701.020572,16047362106127.488281
Ar40_g0u1100,18,40,g0u1100,Q12-R14,4349.000643,7980361903052.360352
Ar40_g0u1100,18,40,g0u1100,Q13-R14,4347.911405,88617480018.733200
Ar40_g0u1100,18,40,g0u1100,Q13-R15,4348.458535,8067549891854.513672
Ar40_g0u1200,18,40,g0u1200,K1-L2,642986.159246,13004697097465090.000000
Ar40_g0u1200,18,40,g0u1200,K1-L3,643962.286106,12979865980567942.000000
Ar40_g0u1200,18,40,g0u1200,L2-M4,127838.656891,1182776067350250.750000
Ar40_g0u1200,18,40,g0u1200,L3-M4,126862.530031,234474381562998.406250
Ar40_g0u1200,18,40,g0u1200,L3-M5,126960.256889,1408791074318648.750000
Ar40_g0u1200,18,40,g0u1200,M4-N6,44391.285648,280242463589836.875000
Ar40_g0u1200,18,40,g0u1200,M5-N6,44293.558790,19949812413653.242188
Ar40_g0u1200,18,40,g0u1200,M5-N7,44314.074717,299609882595864.437500
Ar40_g0u1200,18,40,g0u1200,N6-O8,20495.759280,89068868710702.218750
Ar40_g0u1200,18,40,g0u1200,N7-O8,20475.243353,3292792407279.663086
Ar40_g0u1200,18,40,g0u1200,N7-O9,20481.530986,92281737242116.750000
Ar40_g0u1200,18,40,g0u1200,O8-P10,11121.330146,34871843643722.605469
Ar40_g0u1200,18,40,g0u1200,O9-P10,11115.042512,791616027921.450195
Ar40_g0u1200,18,40,g0u1200,O9-P11,11117.465428,35647009805454.390625
Ar40_g0u1200,18,40,g0u1200,P10-Q12,6702.354256,15808762658758.720703
Ar40_g0u1200,18,40,g0u1200,P11-Q12,6699.931341,243013976717.012329
Ar40_g0u1200,18,40,g0u1200,P11-Q13,6701.020579,16047362117278.644531
Ar40_g0u1200,18,40,g0u1200,Q12-R14,4349.000646,7980361905668.384766
Ar40_g0u1200,18,40,g0u1200,Q13-R14,4347.911408,88617480047.748688
Ar40_g0u1200,18,40,g0u1200,Q13-R15,4348.458537,8067549894494.014648
Ar40_g0u1300,18,40,g0u1300,K1-L2,642986.170402,13004697111354880.000000
Ar40_g0u1300,18,40,g0u1300,K1-L3,643962.297276,12979867126167130.000000
Ar40_g0u1300,18,40,g0u1300,L2-M4,127838.657352,1182776071052768.500000
Ar40_g0u1300,18,40,g0u1300,L3-M4,126862.530478,234474382297181.750000
Ar40_g0u1300,18,40,g0u1300,L3-M5,126960.257337,1408791078749228.750000
Ar40_g0u1300,18,40,g0u1300,M4-N6,44391.285779,280242464288367.781250
Ar40_g0u1300,18,40,g0u1300,M5-N6,44293.558920,19949812463253.125000
Ar40_g0u1300,18,40,g0u1300,M5-N7,44314.074848,299609883342438.937500
Ar40_g0u1300,18,40,g0u1300,N6-O8,20495.759326,89068868864676.203125
Ar40_g0u1300,18,40,g0u1300,N7-O8,20475.243398,3292792412961.395996
Ar40_g0u1300,18,40,g0u1300,N7-O9,20481.531032,92281737401651.953125
Ar40_g0u1300,18,40,g0u1300,O8-P10,11121.330162,34871843680336.609375
Ar40_g0u1300,18,40,g0u1300,O9-P10,11115.042529,791616028751.425781
Ar40_g0u1300,18,40,g0u1300,O9-P11,11117.465444,35647009842976.101562
Ar40_g0u1300,18,40,g0u1300,P10-Q12,6702.354262,15808762667591.302734
Ar40_g0u1300,18,40,g0u1300,P11-Q12,6699.931347,243013976852.692078
Ar40_g0u1300,18,40,g0u1300,P11-Q13,6701.020585,16047362126363.330078
Ar40_g0u1300,18,40,g0u1300,Q12-R14,4349.000648,7980361907739.689453
Ar40_g0u1300,18,40,g0u1300,Q13-R14,4347.911410,88617480070.824677
Ar40_g0u1300,18,40,g0u1300,Q13-R15,4348.458539,8067549896590.237305
Ar40_g0u1400,18,40,g0u1400,K1-L2,642986.179317,13004697123855366.000000
Ar40_g0u1400,18,40,g0u1400,K1-L3,643962.306202,12979867138847792.000000
Ar40_g0u1400,18,40,g0u1400,L2-M4,127838.657731,1182776074105953.750000
Ar40_g0u1400,18,40,g0u1400,L3-M4,126862.530846,234474382902523.125000
Ar40_g0u1400,18,40,g0u1400,L3-M5,126960.257705,1408791082402964.250000
Ar40_g0u1400,18,40,g0u1400,M4-N6,44391.285887,280242464863966.031250
Ar40_g0u1400,18,40,g0u1400,M5-N6,44293.559028,19949812504123.375000
Ar40_g0u1400,18,40,g0u1400,M5-N7,44314.074955,299609883958246.437500
Ar40_g0u1400,18,40,g0u1400,N6-O8,20495.759363,89068868991799.093750
Ar40_g0u1400,18,40,g0u1400,N7-O8,20475.243436,3292792417652.385254
Ar40_g0u1400,18,40,g0u1400,N7-O9,20481.531069,92281737533183.671875
Ar40_g0u1400,18,40,g0u1400,O8-P10,11121.330176,34871843710669.949219
Ar40_g0u1400,18,40,g0u1400,O9-P10,11115.042542,791616029438.988892
Ar40_g0u1400,18,40,g0u1400,O9-P11,11117.465457,35647009873905.554688
Ar40_g0u1400,18,40,g0u1400,P10-Q12,6702.354267,15808762674955.691406
Ar40_g0u1400,18,40,g0u1400,P11-Q12,6699.931351,243013976965.735779
Ar40_g0u1400,18,40,g0u1400,P11-Q13,6701.020590,16047362133822.638672
Ar40_g0u1400,18,40,g0u1400,Q12-R14,4349.000649,7980361909575.906250
Ar40_g0u1400,18,40,g0u1400,Q13-R14,4347.911411,88617480091.197754
Ar40_g0u1400,18,40,g0u1400,Q13-R15,4348.458541,8067549898443.069336
Ar40_g0u1500,18,40,g0u1500,K1-L2,642986.186615,13004697134896350.000000
Ar40_g0u1500,18,40,g0u1500,K1-L3,643962.313508,12979867150040558.000000
Ar40_g0u1500,18,40,g0u1500,L2-M4,127838.658047,1182776076659002.000000
Ar40_g0u1500,18,40,g0u1500,L3-M4,126862.531154,234474383408660.093750
Ar40_g0u1500,18,40,g0u1500,L3-M5,126960.258014,1408791085458702.000000
Ar40_g0u1500,18,40,g0u1500,M4-N6,44391.285977,280242465345716.312500
Ar40_g0u1500,18,40,g0u1500,M5-N6,44293.559118,19949812538328.796875
Ar40_g0u1500,18,40,g0u1500,M5-N7,44314.075045,299609884472873.937500
Ar40_g0u1500,18,40,g0u1500,N6-O8,20495.759395,89068869097813.796875
Ar40_g0u1500,18,40,g0u1500,N7-O8,20475.243467,3292792421564.384277
Ar40_g0u1500,18,40,g0u1500,N7-O9,20481.531101,92281737643200.656250
Ar40_g0u1500,18,40,g0u1500,O8-P10,11121.330187,34871843736034.875000
Ar40_g0u1500,18,40,g0u1500,O9-P10,11115.042554,791616030014.029785
Ar40_g0u1500,18,40,g0u1500,O9-P11,11117.465469,35647009899772.765625
Ar40_g0u1500,18,40,g0u1500,P10-Q12,6702.354271,15808762681178.730469
Ar40_g0u1500,18,40,g0u1500,P11-Q12,6699.931355,243013977061.263580
Ar40_g0u1500,18,40,g0u1500,P11-Q13,6701.020594,16047362139993.169922
Ar40_g0u1500,18,40,g0u1500,Q12-R14,4349.000651,7980361911029.891602
Ar40_g0u1500,18,40,g0u1500,Q13-R14,4347.911412,88617480107.194580
Ar40_g0u1500,18,40,g0u1500,Q13-R15,4348.458542,8067549899904.182617
Ar40_g0u1600,18,40,g0u1600,K1-L2,642986.192322,13004698295358716.000000
Ar40_g0u1600,18,40,g0u1600,K1-L3,643962.319222,12979867161154874.000000
Ar40_g0u1600,18,40,g0u1600,L2-M4,127838.658314,1182776078821714.000000
Ar40_g0u1600,18,40,g0u1600,L3-M4,126862.531414,234474383837268.781250
Ar40_g0u1600,18,40,g0u1600,L3-M5,126960.258274,1408791088045084.250000
Ar40_g0u1600,18,40,g0u1600,M4-N6,44391.286054,280242465753054.968750
Ar40_g0u1600,18,40,g0u1600,M5-N6,44293.559194,19949812567252.300781
Ar40_g0u1600,18,40,g0u1600,M5-N7,44314.075121,299609884908381.937500
Ar40_g0u1600,18,40,g0u1600,N6-O8,20495.759422,89068869187802.437500
Ar40_g0u1600,18,40,g0u1600,N7-O8,20475.243494,3292792424884.974609
Ar40_g0u1600,18,40,g0u1600,N7-O9,20481.531127,92281737736392.640625
Ar40_g0u1600,18,40,g0u1600,O8-P10,11121.330197,34871843757430.941406
Ar40_g0u1600,18,40,g0u1600,O9-P10,11115.042563,791616030499.144409
Ar40_g0u1600,18,40,g0u1600,O9-P11,11117.465478,35647009921774.648438
Ar40_g0u1600,18,40,g0u1600,P10-Q12,6702.354274,15808762686301.310547
Ar40_g0u1600,18,40,g0u1600,P11-Q12,6699.931359,243013977140.077728
Ar40_g0u1600,18,40,g0u1600,P11-Q13,6701.020597,16047362145319.111328
Ar40_g0u1600,18,40,g0u1600,Q12-R14,4349.000652,7980361912245.435547
Ar40_g0u1600,18,40,g0u1600,Q13-R14,4347.911414,88617480120.788940
Ar40_g0u1600,18,40,g0u1600,Q13-R15,4348.458543,8067549901136.847656
Ar40_g0u1700,18,40,g0u1700,K1-L2,642986.196257,13004698308005614.000000
Ar40_g0u1700,18,40,g0u1700,K1-L3,643962.323163,12979867173933104.000000
Ar40_g0u1700,18,40,g0u1700,L2-M4,127838.658540,1182776080674829.500000
Ar40_g0u1700,18,40,g0u1700,L3-M4,126862.531634,234474384204211.218750
Ar40_g0u1700,18,40,g0u1700,L3-M5,126960.258495,1408791090260445.250000
Ar40_g0u1700,18,40,g0u1700,M4-N6,44391.286119,280242466101438.875000
Ar40_g0u1700,18,40,g0u1700,M5-N6,44293.559259,19949812591988.855469
Ar40_g0u1700,18,40,g0u1700,M5-N7,44314.075187,299609885281161.750000
Ar40_g0u1700,18,40,g0u1700,N6-O8,20495.759444,89068869264653.687500
Ar40_g0u1700,18,40,g0u1700,N7-O8,20475.243516,3292792427721.140137
Ar40_g0u1700,18,40,g0u1700,N7-O9,20481.531150,92281737816015.906250
Ar40_g0u1700,18,40,g0u1700,O8-P10,11121.330205,34871843775734.207031
Ar40_g0u1700,18,40,g0u1700,O9-P10,11115.042571,791616030914.087280
Ar40_g0u1700,18,40,g0u1700,O9-P11,11117.465487,35647009940438.632812
Ar40_g0u1700,18,40,g0u1700,P10-Q12,6702.354277,15808762690740.960938
Ar40_g0u1700,18,40,g0u1700,P11-Q12,6699.931362,243013977208.189148
Ar40_g0u1700,18,40,g0u1700,P11-Q13,6701.020600,16047362149816.205078
Ar40_g0u1700,18,40,g0u1700,Q12-R14,4349.000653,7980361913322.585938
Ar40_g0u1700,18,40,g0u1700,Q13-R14,4347.911415,88617480132.723160
Ar40_g0u1700,18,40,g0u1700,Q13-R15,4348.458544,8067549902223.830078
Ar40_g0u1800,18,40,g0u1800,K1-L2,642986.206685,13004698294882020.000000
Ar40_g0u1800,18,40,g0u1800,K1-L3,643962.333601,12979867160810188.000000
Ar40_g0u1800,18,40,g0u1800,L2-M4,127838.658752,1182776082242161.000000
Ar40_g0u1800,18,40,g0u1800,L3-M4,126862.531836,234474384516833.218750
Ar40_g0u1800,18,40,g0u1800,L3-M5,126960.258696,1408791092146507.750000
Ar40_g0u1800,18,40,g0u1800,M4-N6,44391.286175,280242466401845.468750
Ar40_g0u1800,18,40,g0u1800,M5-N6,44293.559315,19949812613319.828125
Ar40_g0u1800,18,40,g0u1800,M5-N7,44314.075243,299609885602488.562500
Ar40_g0u1800,18,40,g0u1800,N6-O8,20495.759464,89068869330838.609375
Ar40_g0u1800,18,40,g0u1800,N7-O8,20475.243536,3292792430163.235840
Ar40_g0u1800,18,40,g0u1800,N7-O9,20481.531170,92281737884628.484375
Ar40_g0u1800,18,40,g0u1800,O8-P10,11121.330212,34871843791523.300781
Ar40_g0u1800,18,40,g0u1800,O9-P10,11115.042578,791616031271.959351
Ar40_g0u1800,18,40,g0u1800,O9-P11,11117.465494,35647009956540.273438
Ar40_g0u1800,18,40,g0u1800,P10-Q12,6702.354279,15808762694581.298828
Ar40_g0u1800,18,40,g0u1800,P11-Q12,6699.931364,243013977267.097900
Ar40_g0u1800,18,40,g0u1800,P11-Q13,6701.020602,16047362153706.599609
Ar40_g0u1800,18,40,g0u1800,Q12-R14,4349.000654,7980361914200.804688
Ar40_g0u1800,18,40,g0u1800,Q13-R14,4347.911415,88617480142.460373
Ar40_g0u1800,18,40,g0u1800,Q13-R15,4348.458545,8067549903109.983398
Ar40_g0u1900,18,40,g0u1900,K1-L2,642986.135913,13004697406793580.000000
Ar40_g0u1900,18,40,g0u1900,K1-L3,643962.262777,12979866291983062.000000
Ar40_g0u1900,18,40,g0u1900,L2-M4,127838.658752,1182776083974953.750000
Ar40_g0u1900,18,40,g0u1900,L3-M4,126862.531888,234474384836237.031250
Ar40_g0u1900,18,40,g0u1900,L3-M5,126960.258749,1408791094073837.500000
Ar40_g0u1900,18,40,g0u1900,M4-N6,44391.286225,280242466663553.750000
Ar40_g0u1900,18,40,g0u1900,M5-N6,44293.559364,19949812631899.234375
Ar40_g0u1900,18,40,g0u1900,M5-N7,44314.075292,299609885882145.750000
Ar40_g0u1900,18,40,g0u1900,N6-O8,20495.759481,89068869388660.781250
Ar40_g0u1900,18,40,g0u1900,N7-O8,20475.243553,3292792432296.909180
Ar40_g0u1900,18,40,g0u1900,N7-O9,20481.531187,92281737944332.234375
Ar40_g0u1900,18,40,g0u1900,O8-P10,11121.330218,34871843805327.019531
Ar40_g0u1900,18,40,g0u1900,O9-P10,11115.042584,791616031584.755127
Ar40_g0u1900,18,40,g0u1900,O9-P11,11117.465500,35647009970614.117188
Ar40_g0u1900,18,40,g0u1900,P10-Q12,6702.354282,15808762697897.937500
Ar40_g0u1900,18,40,g0u1900,P11-Q12,6699.931366,243013977318.024139
Ar40_g0u1900,18,40,g0u1900,P11-Q13,6701.020604,16047362157065.587891
Ar40_g0u1900,18,40,g0u1900,Q12-R14,4349.000654,7980361914986.943359
Ar40_g0u1900,18,40,g0u1900,Q13-R14,4347.911416,88617480151.156174
Ar40_g0u1900,18,40,g0u1900,Q13-R15,4348.458546,8067549903903.535156
Ar40_g0u2000,18,40,g0u2000,K1-L2,642986.489001,13004703129890444.000000
Ar40_g0u2000,18,40,g0u2000,K1-L3,643962.616138,12979873032887356.000000
Ar40_g0u2000,18,40,g0u2000,L2-M4,127838.659744,1182776083496137.500000
Ar40_g0u2000,18,40,g0u2000,L3-M4,126862.532608,234474384855655.281250
Ar40_g0u2000,18,40,g0u2000,L3-M5,126960.259469,1408791094197944.500000
Ar40_g0u2000,18,40,g0u2000,M4-N6,44391.286268,280242466892336.562500
Ar40_g0u2000,18,40,g0u2000,M5-N6,44293.559407,19949812648156.507812
Ar40_g0u2000,18,40,g0u2000,M5-N7,44314.075335,299609886127009.875000
Ar40_g0u2000,18,40,g0u2000,N6-O8,20495.759496,89068869439077.203125
Ar40_g0u2000,18,40,g0u2000,N7-O8,20475.243568,3292792434157.245117
Ar40_g0u2000,18,40,g0u2000,N7-O9,20481.531202,92281737996664.890625
Ar40_g0u2000,18,40,g0u2000,O8-P10,11121.330223,34871843817401.902344
Ar40_g0u2000,18,40,g0u2000,O9-P10,11115.042590,791616031858.476807
Ar40_g0u2000,18,40,g0u2000,O9-P11,11117.465505,35647009982928.656250
Ar40_g0u2000,18,40,g0u2000,P10-Q12,6702.354283,15808762700918.990234
Ar40_g0u2000,18,40,g0u2000,P11-Q12,6699.931368,243013977364.401489
Ar40_g0u2000,18,40,g0u2000,P11-Q13,6701.020606,16047362160125.753906
Ar40_g0u2000,18,40,g0u2000,Q12-R14,4349.000655,7980361915772.892578
Ar40_g0u2000,18,40,g0u2000,Q13-R14,4347.911417,88617480159.949081
Ar40_g0u2000,18,40,g0u2000,Q13-R15,4348.458546,8067549904695.625000
Ar40_g0u2100,18,40,g0u2100,K1-L2,642985.281757,13004681991019944.000000
Ar40_g0u2100,18,40,g0u2100,K1-L3,643961.407981,12979852308934756.000000
Ar40_g0u2100,18,40,g0u2100,L2-M4,127838.657124,1182776090124595.750000
Ar40_g0u2100,18,40,g0u2100,L3-M4,126862.530900,234474385780047.750000
Ar40_g0u2100,18,40,g0u2100,L3-M5,126960.257761,1408791099753532.250000
Ar40_g0u2100,18,40,g0u2100,M4-N6,44391.286305,280242467095754.843750
Ar40_g0u2100,18,40,g0u2100,M5-N6,44293.559444,19949812662561.835938
Ar40_g0u2100,18,40,g0u2100,M5-N7,44314.075372,299609886343702.562500
Ar40_g0u2100,18,40,g0u2100,N6-O8,20495.759509,89068869483791.171875
Ar40_g0u2100,18,40,g0u2100,N7-O8,20475.243581,3292792435807.225586
Ar40_g0u2100,18,40,g0u2100,N7-O9,20481.531215,92281738043110.203125
Ar40_g0u2100,18,40,g0u2100,O8-P10,11121.330228,34871843827876.453125
Ar40_g0u2100,18,40,g0u2100,O9-P10,11115.042595,791616032096.135864
Ar40_g0u2100,18,40,g0u2100,O9-P11,11117.465510,35647009993794.953125
Ar40_g0u2100,18,40,g0u2100,P10-Q12,6702.354285,15808762703401.380859
Ar40_g0u2100,18,40,g0u2100,P11-Q12,6699.931370,243013977402.592468
Ar40_g0u2100,18,40,g0u2100,P11-Q13,6701.020608,16047362162645.976562
Ar40_g0u2100,18,40,g0u2100,Q12-R14,4349.000655,7980361916310.754883
Ar40_g0u2100,18,40,g0u2100,Q13-R14,4347.911417,88617480165.828674
Ar40_g0u2100,18,40,g0u2100,Q13-R15,4348.458547,8067549905239.418945
Ar40_g0u2200,18,40,g0u2200,K1-L2,643003.575772,13004990172402820.000000
Ar40_g0u2200,18,40,g0u2200,K1-L3,643979.715986,12980153266134404.000000
Ar40_g0u2200,18,40,g0u2200,L2-M4,127838.700585,1182776397815172.250000
Ar40_g0u2200,18,40,g0u2200,L3-M4,126862.560371,234474427217084.906250
Ar40_g0u2200,18,40,g0u2200,L3-M5,126960.287240,1408791347285593.000000
Ar40_g0u2200,18,40,g0u2200,M4-N6,44391.286352,280242467259818.687500
Ar40_g0u2200,18,40,g0u2200,M5-N6,44293.559484,19949814277362.859375
Ar40_g0u2200,18,40,g0u2200,M5-N7,44314.075412,299609886528134.062500
Ar40_g0u2200,18,40,g0u2200,N6-O8,20495.759521,89068869523468.312500
Ar40_g0u2200,18,40,g0u2200,N7-O8,20475.243593,3292792437271.381348
Ar40_g0u2200,18,40,g0u2200,N7-O9,20481.531227,92281738084080.328125
Ar40_g0u2200,18,40,g0u2200,O8-P10,11121.330232,34871843837352.238281
Ar40_g0u2200,18,40,g0u2200,O9-P10,11115.042599,791616032310.843506
Ar40_g0u2200,18,40,g0u2200,O9-P11,11117.465514,35647010003456.085938
Ar40_g0u2200,18,40,g0u2200,P10-Q12,6702.354287,15808762705716.638672
Ar40_g0u2200,18,40,g0u2200,P11-Q12,6699.931371,243013977438.152832
Ar40_g0u2200,18,40,g0u2200,P11-Q13,6701.020609,16047362164991.000000
Ar40_g0u2200,18,40,g0u2200,Q12-R14,4349.000656,7980361916868.649414
Ar40_g0u2200,18,40,g0u2200,Q13-R14,4347.911418,88617480172.031586
Ar40_g0u2200,18,40,g0u2200,Q13-R15,4348.458547,8067549905802.098633
Ar40_g0u2300,18,40,g0u2300,K1-L2,642764.096655,13000964542396540.000000
Ar40_g0u2300,18,40,g0u2300,K1-L3,643740.053884,12976203840948042.000000
Ar40_g0u2300,18,40,g0u2300,L2-M4,127838.135583,1182772283077455.500000
Ar40_g0u2300,18,40,g0u2300,L3-M4,126862.178354,234473865047314.281250
Ar40_g0u2300,18,40,g0u2300,L3-M5,126959.905130,1408787989064436.500000
Ar40_g0u2300,18,40,g0u2300,M4-N6,44391.286212,280242467622547.125000
Ar40_g0u2300,18,40,g0u2300,M5-N6,44293.559436,19949812692666.089844
Ar40_g0u2300,18,40,g0u2300,M5-N7,44314.075364,299609886796939.375000
Ar40_g0u2300,18,40,g0u2300,N6-O8,20495.759531,89068869558782.312500
Ar40_g0u2300,18,40,g0u2300,N7-O8,20475.243603,3292792438574.129395
Ar40_g0u2300,18,40,g0u2300,N7-O9,20481.531237,92281738120530.390625
Ar40_g0u2300,18,40,g0u2300,O8-P10,11121.330236,34871843845879.410156
Ar40_g0u2300,18,40,g0u2300,O9-P10,11115.042603,791616032503.968872
Ar40_g0u2300,18,40,g0u2300,O9-P11,11117.465518,35647010012151.164062
Ar40_g0u2300,18,40,g0u2300,P10-Q12,6702.354288,15808762707782.458984
Ar40_g0u2300,18,40,g0u2300,P11-Q12,6699.931373,243013977469.918976
Ar40_g0u2300,18,40,g0u2300,P11-Q13,6701.020611,16047362167082.533203
Ar40_g0u2300,18,40,g0u2300,Q12-R14,4349.000656,7980361917383.544922
Ar40_g0u2300,18,40,g0u2300,Q13-R14,4347.911418,88617480177.753250
Ar40_g0u2300,18,40,g0u2300,Q13-R15,4348.458548,8067549906321.495117
Ar40_g0u2400,18,40,g0u2400,K1-L2,643823.222074,13018778639345952.000000
Ar40_g0u2400,18,40,g0u2400,K1-L3,644799.991397,12993682275764316.000000
Ar40_g0u2400,18,40,g0u2400,L2-M4,127840.682559,1182790666097683.000000
Ar40_g0u2400,18,40,g0u2400,L3-M4,126863.913235,234476403164081.281250
Ar40_g0u2400,18,40,g0u2400,L3-M5,126961.640433,1408803150920756.000000
Ar40_g0u2400,18,40,g0u2400,M4-N6,44391.287020,280242466836442.937500
Ar40_g0u2400,18,40,g0u2400,M5-N6,44293.559822,19949814275341.265625
Ar40_g0u2400,18,40,g0u2400,M5-N7,44314.075750,299609886498132.750000
Ar40_g0u2400,18,40,g0u2400,N6-O8,20495.759541,89068869590498.671875
Ar40_g0u2400,18,40,g0u2400,N7-O8,20475.243613,3292792439746.505371
Ar40_g0u2400,18,40,g0u2400,N7-O9,20481.531246,92281738153605.265625
Ar40_g0u2400,18,40,g0u2400,O8-P10,11121.330240,34871843853369.121094
Ar40_g0u2400,18,40,g0u2400,O9-P10,11115.042606,791616032673.995483
Ar40_g0u2400,18,40,g0u2400,O9-P11,11117.465521,35647010019788.960938
Ar40_g0u2400,18,40,g0u2400,P10-Q12,6702.354289,15808762709609.759766
Ar40_g0u2400,18,40,g0u2400,P11-Q12,6699.931374,243013977497.910889
Ar40_g0u2400,18,40,g0u2400,P11-Q13,6701.020612,16047362168934.218750
Ar40_g0u2400,18,40,g0u2400,Q12-R14,4349.000657,7980361917789.904297
Ar40_g0u2400,18,40,g0u2400,Q13-R14,4347.911419,88617480182.251907
Ar40_g0u2400,18,40,g0u2400,Q13-R15,4348.458548,8067549906731.610352
Ar40_g2u1000,18,40,g2u1000,K1-L2,642986.514282,13004703619076016.000000
Ar40_g2u1000,18,40,g2u1000,K1-L3,643962.641382,12979872090367290.000000
Ar40_g2u1000,18,40,g2u1000,L2-M4,127838.655593,1182776097121933.250000
Ar40_g2u1000,18,40,g2u1000,L3-M4,126862.528493,234474397136786.656250
Ar40_g2u1000,18,40,g2u1000,L3-M5,126960.255357,1408790993988779.500000
Ar40_g2u1000,18,40,g2u1000,M4-N6,44391.284994,280242459876903.843750
Ar40_g2u1000,18,40,g2u1000,M5-N6,44293.558130,19949816148846.019531
Ar40_g2u1000,18,40,g2u1000,M5-N7,44314.074061,299609861986818.687500
Ar40_g2u1000,18,40,g2u1000,N6-O8,20495.759018,89068861023224.296875
Ar40_g2u1000,18,40,g2u1000,N7-O8,20475.243088,3292792720750.320801
Ar40_g2u1000,18,40,g2u1000,N7-O9,20481.530726,92281734068254.171875
Ar40_g2u1000,18,40,g2u1000,O8-P10,11121.330029,34871843568628.187500
Ar40_g2u1000,18,40,g2u1000,O9-P10,11115.042391,791616056536.618652
Ar40_g2u1000,18,40,g2u1000,O9-P11,11117.465311,35647009323511.640625
Ar40_g2u1000,18,40,g2u1000,P10-Q12,6702.354234,15808762657027.242188
Ar40_g2u1000,18,40,g2u1000,P11-Q12,6699.931314,243013977567.715454
Ar40_g2u1000,18,40,g2u1000,P11-Q13,6701.020556,16047362098340.550781
Ar40_g2u1000,18,40,g2u1000,Q12-R14,4349.000644,7980361903319.662109
Ar40_g2u1000,18,40,g2u1000,Q13-R14,4347.911401,88617485491.474152
Ar40_g2u1000,18,40,g2u1000,Q13-R15,4348.458534,8067549829189.141602
Sc45_g0u0050,21,45,g0u0050,K1-L2,855118.390271,23617320005624228.000000
Sc45_g0u0050,21,45,g0u0050,K1-L3,856914.079344,23567112460017732.000000
Sc45_g0u0050,21,45,g0u0050,L2-M4,174629.312110,2198802614631674.250000
Sc45_g0u0050,21,45,g0u0050,L3-M4,172833.623037,434541379532497.812500
Sc45_g0u0050,21,45,g0u0050,L3-M5,173015.072853,2612166121875845.500000
Sc45_g0u0050,21,45,g0u0050,M4-N6,60517.322260,520076522314253.687500
Sc45_g0u0050,21,45,g0u0050,M5-N6,60335.872444,36977800103041.304688
Sc45_g0u0050,21,45,g0u0050,M5-N7,60373.936955,555583346474689.125000
Sc45_g0u0050,21,45,g0u0050,N6-O8,27924.847156,165195249536198.750000
Sc45_g0u0050,21,45,g0u0050,N7-O8,27886.782645,6103054148218.567383
Sc45_g0u0050,21,45,g0u0050,N7-O9,27898.443694,171096498595786.375000
Sc45_g0u0050,21,45,g0u0050,O8-P10,15148.267153,64654956318814.585938
Sc45_g0u0050,21,45,g0u0050,O9-P10,15136.606104,1467093426408.916748
Sc45_g0u0050,21,45,g0u0050,O9-P11,15141.098366,66080520582387.601562
Sc45_g0u0050,21,45,g0u0050,P10-Q12,9127.739605,29304651226888.988281
Sc45_g0u0050,21,45,g0u0050,P11-Q12,9123.247343,450341673198.976074
Sc45_g0u0050,21,45,g0u0050,P11-Q13,9125.266494,29743852690290.988281
Sc45_g0u0050,21,45,g0u0050,Q12-R14,5922.224224,14791470584441.593750
Sc45_g0u0050,21,45,g0u0050,Q13-R14,5920.205073,164215413633.937958
Sc45_g0u0050,21,45,g0u0050,Q13-R15,5921.219192,14952077259204.832031
Sc45_g0u0100,21,45,g0u0100,K1-L2,855168.632818,23618539734474076.000000
Sc45_g0u0100,21,45,g0u0100,K1-L3,856964.379747,23568304351026696.000000
Sc45_g0u0100,21,45,g0u0100,L2-M4,174629.810565,2198813520244831.500000
Sc45_g0u0100,21,45,g0u0100,L3-M4,172834.063636,434543502825355.750000
Sc45_g0u0100,21,45,g0u0100,L3-M5,173015.514310,2612178450436823.000000
Sc45_g0u0100,21,45,g0u0100,M4-N6,60517.453351,520078663718184.625000
Sc45_g0u0100,21,45,g0u0100,M5-N6,60336.002676,36977952520087.906250
Sc45_g0u0100,21,45,g0u0100,M5-N7,60374.067340,555585505546993.500000
Sc45_g0u0100,21,45,g0u0100,N6-O8,27924.895165,165195774824397.875000
Sc45_g0u0100,21,45,g0u0100,N7-O8,27886.830502,6103072783107.235352
Sc45_g0u0100,21,45,g0u0100,N7-O9,27898.491586,171097042797146.937500
Sc45_g0u0100,21,45,g0u0100,O8-P10,15148.285670,64655091910216.507812
Sc45_g0u0100,21,45,g0u0100,O9-P10,15136.624585,1467096675842.357910
Sc45_g0u0100,21,45,g0u0100,O9-P11,15141.116856,66080666928467.265625
Sc45_g0u0100,21,45,g0u0100,P10-Q12,9127.746691,29304687173081.992188
Sc45_g0u0100,21,45,g0u0100,P11-Q12,9123.254420,450342313395.179382
Sc45_g0u0100,21,45,g0u0100,P11-Q13,9125.273573,29743889175308.121094
Sc45_g0u0100,21,45,g0u0100,Q12-R14,5922.226837,14791480394843.406250
Sc45_g0u0100,21,45,g0u0100,Q13-R14,5920.207684,164215534879.295135
Sc45_g0u0100,21,45,g0u0100,Q13-R15,5921.221804,14952088297965.681641
Sc45_g0u0150,21,45,g0u0150,K1-L2,855177.463377,23618761122598368.000000
Sc45_g0u0150,21,45,g0u0150,K1-L3,856973.221185,23568520630381832.000000
Sc45_g0u0150,21,45,g0u0150,L2-M4,174629.934122,2198816307788839.500000
Sc45_g0u0150,21,45,g0u0150,L3-M4,172834.176314,434543990374370.250000
Sc45_g0u0150,21,45,g0u0150,L3-M5,173015.627200,2612181808088556.000000
Sc45_g0u0150,21,45,g0u0150,M4-N6,60517.485460,520079148422958.125000
Sc45_g0u0150,21,45,g0u0150,M5-N6,60336.034573,36977991370857.945312
Sc45_g0u0150,21,45,g0u0150,M5-N7,60374.099274,555586089119489.187500
Sc45_g0u0150,21,45,g0u0150,N6-O8,27924.906932,165195884011670.718750
Sc45_g0u0150,21,45,g0u0150,N7-O8,27886.842231,6103077984833.452148
Sc45_g0u0150,21,45,g0u0150,N7-O9,27898.503324,171097166802418.750000
Sc45_g0u0150,21,45,g0u0150,O8-P10,15148.290211,64655129323844.585938
Sc45_g0u0150,21,45,g0u0150,O9-P10,15136.629117,1467097352624.891357
Sc45_g0u0150,21,45,g0u0150,O9-P11,15141.121391,66080697415724.695312
Sc45_g0u0150,21,45,g0u0150,P10-Q12,9127.748430,29304696802388.074219
Sc45_g0u0150,21,45,g0u0150,P11-Q12,9123.256156,450342461386.934509
Sc45_g0u0150,21,45,g0u0150,P11-Q13,9125.275311,29743898949063.511719
Sc45_g0u0150,21,45,g0u0150,Q12-R14,5922.227479,14791483662192.357422
Sc45_g0u0150,21,45,g0u0150,Q13-R14,5920.208325,164215571160.679901
Sc45_g0u0150,21,45,g0u0150,Q13-R15,5921.222445,14952091600836.476562
Sc45_g0u0200,21,45,g0u0200,K1-L2,855180.493205,23618838373524672.000000
Sc45_g0u0200,21,45,g0u0200,K1-L3,856976.254925,23568597677442276.000000
Sc45_g0u0200,21,45,g0u0200,L2-M4,174629.984853,2198817336376185.500000
Sc45_g0u0200,21,45,g0u0200,L3-M4,172834.223133,434544232171841.187500
Sc45_g0u0200,21,45,g0u0200,L3-M5,173015.674108,2612183046007211.000000
Sc45_g0u0200,21,45,g0u0200,M4-N6,60517.498818,520079370597106.312500
Sc45_g0u0200,21,45,g0u0200,M5-N6,60336.047843,36978007185540.867188
Sc45_g0u0200,21,45,g0u0200,M5-N7,60374.112559,555586326685928.625000
Sc45_g0u0200,21,45,g0u0200,N6-O8,27924.911828,165195949625170.218750
Sc45_g0u0200,21,45,g0u0200,N7-O8,27886.847112,6103079242753.487305
Sc45_g0u0200,21,45,g0u0200,N7-O9,27898.508209,171097223889483.468750
Sc45_g0u0200,21,45,g0u0200,O8-P10,15148.292101,64655143011177.773438
Sc45_g0u0200,21,45,g0u0200,O9-P10,15136.631004,1467097663231.355225
Sc45_g0u0200,21,45,g0u0200,O9-P11,15141.123278,66080711405724.140625
Sc45_g0u0200,21,45,g0u0200,P10-Q12,9127.749154,29304701289299.535156
Sc45_g0u0200,21,45,g0u0200,P11-Q12,9123.256879,450342530353.432007
Sc45_g0u0200,21,45,g0u0200,P11-Q13,9125.276034,29743903503201.011719
Sc45_g0u0200,21,45,g0u0200,Q12-R14,5922.227747,14791484098562.851562
Sc45_g0u0200,21,45,g0u0200,Q13-R14,5920.208592,164215575999.617615
Sc45_g0u0200,21,45,g0u0200,Q13-R15,5921.222712,14952093164009.285156
Sc45_g0u0250,21,45,g0u0250,K1-L2,855181.890052,23618873817112856.000000
Sc45_g0u0250,21,45,g0u0250,K1-L3,856977.653632,23568632335529756.000000
Sc45_g0u0250,21,45,g0u0250,L2-M4,174630.011168,2198817953470062.000000
Sc45_g0u0250,21,45,g0u0250,L3-M4,172834.247588,434544319855586.562500
Sc45_g0u0250,21,45,g0u0250,L3-M5,173015.698610,2612183573687455.500000
Sc45_g0u0250,21,45,g0u0250,M4-N6,60517.505837,520079545280483.000000
Sc45_g0u0250,21,45,g0u0250,M5-N6,60336.054816,36978015273331.281250
Sc45_g0u0250,21,45,g0u0250,M5-N7,60374.119540,555586448189804.375000
Sc45_g0u0250,21,45,g0u0250,N6-O8,27924.914401,165195962010857.937500
Sc45_g0u0250,21,45,g0u0250,N7-O8,27886.849676,6103080477872.350586
Sc45_g0u0250,21,45,g0u0250,N7-O9,27898.510775,171097258502107.906250
Sc45_g0u0250,21,45,g0u0250,O8-P10,15148.293094,64655146218069.812500
Sc45_g0u0250,21,45,g0u0250,O9-P10,15136.631995,1467097908269.207764
Sc45_g0u0250,21,45,g0u0250,O9-P11,15141.124270,66080722437700.039062
Sc45_g0u0250,21,45,g0u0250,P10-Q12,9127.749534,29304705001169.843750
Sc45_g0u0250,21,45,g0u0250,P11-Q12,9123.257259,450342543528.850952
Sc45_g0u0250,21,45,g0u0250,P11-Q13,9125.276414,29743907270997.925781
Sc45_g0u0250,21,45,g0u0250,Q12-R14,5922.227887,14791484327916.251953
Sc45_g0u0250,21,45,g0u0250,Q13-R14,5920.208733,164215590875.937317
Sc45_g0u0250,21,45,g0u0250,Q13-R15,5921.222853,14952093395808.966797
Sc45_g0u0300,21,45,g0u0300,K1-L2,855182.650073,23618894801569256.000000
Sc45_g0u0300,21,45,g0u0300,K1-L3,856978.414687,23568651326967140.000000
Sc45_g0u0300,21,45,g0u0300,L2-M4,174630.026810,2198818467288092.250000
Sc45_g0u0300,21,45,g0u0300,L3-M4,172834.262195,434544422656388.875000
Sc45_g0u0300,21,45,g0u0300,L3-M5,173015.713245,2612183976266725.000000
Sc45_g0u0300,21,45,g0u0300,M4-N6,60517.510053,520079576865888.875000
Sc45_g0u0300,21,45,g0u0300,M5-N6,60336.059004,36978017511228.640625
Sc45_g0u0300,21,45,g0u0300,M5-N7,60374.123733,555586547258584.187500
Sc45_g0u0300,21,45,g0u0300,N6-O8,27924.915946,165195990473193.312500
Sc45_g0u0300,21,45,g0u0300,N7-O8,27886.851217,6103080752060.982422
Sc45_g0u0300,21,45,g0u0300,N7-O9,27898.512317,171097266207209.406250
Sc45_g0u0300,21,45,g0u0300,O8-P10,15148.293690,64655155729960.695312
Sc45_g0u0300,21,45,g0u0300,O9-P10,15136.632590,1467097951901.167725
Sc45_g0u0300,21,45,g0u0300,O9-P11,15141.124866,66080724406256.468750
Sc45_g0u0300,21,45,g0u0300,P10-Q12,9127.749763,29304705517203.148438
Sc45_g0u0300,21,45,g0u0300,P11-Q12,9123.257488,450342551447.620422
Sc45_g0u0300,21,45,g0u0300,P11-Q13,9125.276643,29743907794563.003906
Sc45_g0u0300,21,45,g0u0300,Q12-R14,5922.227972,14791485575784.443359
Sc45_g0u0300,21,45,g0u0300,Q13-R14,5920.208817,164215592405.226593
Sc45_g0u0300,21,45,g0u0300,Q13-R15,5921.222937,14952093535209.201172
Sc45_g0u0350,21,45,g0u0350,K1-L2,855183.110022,23618906874593468.000000
Sc45_g0u0350,21,45,g0u0350,K1-L3,856978.875275,23568664677282060.000000
Sc45_g0u0350,21,45,g0u0350,L2-M4,174630.036976,2198818570080650.250000
Sc45_g0u0350,21,45,g0u0350,L3-M4,172834.271723,434544443135099.187500
Sc45_g0u0350,21,45,g0u0350,L3-M5,173015.722791,2612184313931049.500000
Sc45_g0u0350,21,45,g0u0350,M4-N6,60517.512816,520079658616970.437500
Sc45_g0u0350,21,45,g0u0350,M5-N6,60336.061748,36978023340035.984375
Sc45_g0u0350,21,45,g0u0350,M5-N7,60374.126481,555586569376726.937500
Sc45_g0u0350,21,45,g0u0350,N6-O8,27924.916959,165195995350111.093750
Sc45_g0u0350,21,45,g0u0350,N7-O8,27886.852226,6103081710463.292969
Sc45_g0u0350,21,45,g0u0350,N7-O9,27898.513327,171097271257171.468750
Sc45_g0u0350,21,45,g0u0350,O8-P10,15148.294082,64655156992877.757812
Sc45_g0u0350,21,45,g0u0350,O9-P10,15136.632981,1467098152909.174805
Sc45_g0u0350,21,45,g0u0350,O9-P11,15141.125256,66080725696864.210938
Sc45_g0u0350,21,45,g0u0350,P10-Q12,9127.749913,29304705855430.890625
Sc45_g0u0350,21,45,g0u0350,P11-Q12,9123.257637,450342556638.102783
Sc45_g0u0350,21,45,g0u0350,P11-Q13,9125.276792,29743908137739.253906
Sc45_g0u0350,21,45,g0u0350,Q12-R14,5922.228027,14791485666200.365234
Sc45_g0u0350,21,45,g0u0350,Q13-R14,5920.208872,164215593407.823700
Sc45_g0u0350,21,45,g0u0350,Q13-R15,5921.222992,14952093626424.316406
Sc45_g0u0400,21,45,g0u0400,K1-L2,855183.409871,23618914474043732.000000
Sc45_g0u0400,21,45,g0u0400,K1-L3,856979.175547,23568672114901056.000000
Sc45_g0u0400,21,45,g0u0400,L2-M4,174630.044013,2198818820537281.500000
Sc45_g0u0400,21,45,g0u0400,L3-M4,172834.278337,434544493219012.687500
Sc45_g0u0400,21,45,g0u0400,L3-M5,173015.729418,2612184400365686.000000
Sc45_g0u0400,21,45,g0u0400,M4-N6,60517.514742,520079673046750.437500
Sc45_g0u0400,21,45,g0u0400,M5-N6,60336.063662,36978024362416.898438
Sc45_g0u0400,21,45,g0u0400,M5-N7,60374.128396,555586650116297.375000
Sc45_g0u0400,21,45,g0u0400,N6-O8,27924.917665,165195998749386.562500
Sc45_g0u0400,21,45,g0u0400,N7-O8,27886.852930,6103081835735.038086
Sc45_g0u0400,21,45,g0u0400,N7-O9,27898.514032,171097296563724.187500
Sc45_g0u0400,21,45,g0u0400,O8-P10,15148.294354,64655157873289.250000
Sc45_g0u0400,21,45,g0u0400,O9-P10,15136.633253,1467098172849.997314
Sc45_g0u0400,21,45,g0u0400,O9-P11,15141.125528,66080734351209.718750
Sc45_g0u0400,21,45,g0u0400,P10-Q12,9127.750017,29304706091156.593750
Sc45_g0u0400,21,45,g0u0400,P11-Q12,9123.257742,450342560255.250305
Sc45_g0u0400,21,45,g0u0400,P11-Q13,9125.276897,29743908376944.914062
Sc45_g0u0400,21,45,g0u0400,Q12-R14,5922.228066,14791485729079.355469
Sc45_g0u0400,21,45,g0u0400,Q13-R14,5920.208911,164215594105.070587
Sc45_g0u0400,21,45,g0u0400,Q13-R15,5921.223031,14952093690135.187500
Sc45_g0u0450,21,45,g0u0450,K1-L2,855183.616415,23618920622815616.000000
Sc45_g0u0450,21,45,g0u0450,K1-L3,856979.382386,23568676597650580.000000
Sc45_g0u0450,21,45,g0u0450,L2-M4,174630.049119,2198818872998963.250000
Sc45_g0u0450,21,45,g0u0450,L3-M4,172834.283147,434544503653423.125000
Sc45_g0u0450,21,45,g0u0450,L3-M5,173015.734237,2612184677267539.500000
Sc45_g0u0450,21,45,g0u0450,M4-N6,60517.516147,520079683576437.812500
Sc45_g0u0450,21,45,g0u0450,M5-N6,60336.065058,36978025108465.476562
Sc45_g0u0450,21,45,g0u0450,M5-N7,60374.129794,555586661365687.625000
Sc45_g0u0450,21,45,g0u0450,N6-O8,27924.918180,165196001229947.000000
Sc45_g0u0450,21,45,g0u0450,N7-O8,27886.853444,6103081927149.666016
Sc45_g0u0450,21,45,g0u0450,N7-O9,27898.514546,171097299132494.968750
Sc45_g0u0450,21,45,g0u0450,O8-P10,15148.294553,64655158515523.937500
Sc45_g0u0450,21,45,g0u0450,O9-P10,15136.633451,1467098187396.022705
Sc45_g0u0450,21,45,g0u0450,O9-P11,15141.125727,66080735007746.242188
Sc45_g0u0450,21,45,g0u0450,P10-Q12,9127.750093,29304706263165.031250
Sc45_g0u0450,21,45,g0u0450,P11-Q12,9123.257818,450342562895.003418
Sc45_g0u0450,21,45,g0u0450,P11-Q13,9125.276973,29743908551651.285156
Sc45_g0u0450,21,45,g0u0450,Q12-R14,5922.228094,14791485775070.984375
Sc45_g0u0450,21,45,g0u0450,Q13-R14,5920.208939,164215594615.247681
Sc45_g0u0450,21,45,g0u0450,Q13-R15,5921.223059,14952093736677.878906
Sc45_g0u0500,21,45,g0u0500,K1-L2,855183.764858,23618925266101512.000000
Sc45_g0u0500,21,45,g0u0500,K1-L3,856979.531044,23568681144485356.000000
Sc45_g0u0500,21,45,g0u0500,L2-M4,174630.052960,2198818912713560.250000
Sc45_g0u0500,21,45,g0u0500,L3-M4,172834.286773,434544511547624.437500
Sc45_g0u0500,21,45,g0u0500,L3-M5,173015.737870,2612184725022107.000000
Sc45_g0u0500,21,45,g0u0500,M4-N6,60517.517210,520079691537097.875000
Sc45_g0u0500,21,45,g0u0500,M5-N6,60336.066113,36978025672494.695312
Sc45_g0u0500,21,45,g0u0500,M5-N7,60374.130851,555586669871228.062500
Sc45_g0u0500,21,45,g0u0500,N6-O8,27924.918570,165196024127652.312500
Sc45_g0u0500,21,45,g0u0500,N7-O8,27886.853832,6103081996267.959961
Sc45_g0u0500,21,45,g0u0500,N7-O9,27898.514934,171097301074456.375000
Sc45_g0u0500,21,45,g0u0500,O8-P10,15148.294704,64655159001370.492188
Sc45_g0u0500,21,45,g0u0500,O9-P10,15136.633602,1467098198399.875732
Sc45_g0u0500,21,45,g0u0500,O9-P11,15141.125877,66080735503952.578125
Sc45_g0u0500,21,45,g0u0500,P10-Q12,9127.750151,29304709246493.511719
Sc45_g0u0500,21,45,g0u0500,P11-Q12,9123.257876,450342564890.227905
Sc45_g0u0500,21,45,g0u0500,P11-Q13,9125.277030,29743908683662.820312
Sc45_g0u0500,21,45,g0u0500,Q12-R14,5922.228115,14791485809850.175781
Sc45_g0u0500,21,45,g0u0500,Q13-R14,5920.208960,164215595000.965576
Sc45_g0u0500,21,45,g0u0500,Q13-R15,5921.223080,14952094893886.529297
Sc45_g0u0550,21,45,g0u0550,K1-L2,855183.875208,23618928375864948.000000
Sc45_g0u0550,21,45,g0u0550,K1-L3,856979.641556,23568684190125104.000000
Sc45_g0u0550,21,45,g0u0550,L2-M4,174630.055934,2198819122306635.000000
Sc45_g0u0550,21,45,g0u0550,L3-M4,172834.289586,434544553486405.750000
Sc45_g0u0550,21,45,g0u0550,L3-M5,173015.740688,2612184762182518.500000
Sc45_g0u0550,21,45,g0u0550,M4-N6,60517.518036,520079697727809.937500
Sc45_g0u0550,21,45,g0u0550,M5-N6,60336.066934,36978026111118.531250
Sc45_g0u0550,21,45,g0u0550,M5-N7,60374.131672,555586676485536.250000
Sc45_g0u0550,21,45,g0u0550,N6-O8,27924.918873,165196025586159.625000
Sc45_g0u0550,21,45,g0u0550,N7-O8,27886.854134,6103082050017.558594
Sc45_g0u0550,21,45,g0u0550,N7-O9,27898.515236,171097302584960.906250
Sc45_g0u0550,21,45,g0u0550,O8-P10,15148.294820,64655159379096.914062
Sc45_g0u0550,21,45,g0u0550,O9-P10,15136.633718,1467098206955.205566
Sc45_g0u0550,21,45,g0u0550,O9-P11,15141.125994,66080735890017.328125
Sc45_g0u0550,21,45,g0u0550,P10-Q12,9127.750196,29304709347704.707031
Sc45_g0u0550,21,45,g0u0550,P11-Q12,9123.257920,450342566443.482239
Sc45_g0u0550,21,45,g0u0550,P11-Q13,9125.277075,29743908786320.796875
Sc45_g0u0550,21,45,g0u0550,Q12-R14,5922.228132,14791485836917.871094
Sc45_g0u0550,21,45,g0u0550,Q13-R14,5920.208977,164215595301.087799
Sc45_g0u0550,21,45,g0u0550,Q13-R15,5921.223097,14952094921191.871094
Sc45_g0u0600,21,45,g0u0600,K1-L2,855183.959527,23618929936930788.000000
Sc45_g0u0600,21,45,g0u0600,K1-L3,856979.726001,23568687256364360.000000
Sc45_g0u0600,21,45,g0u0600,L2-M4,174630.058293,2198819146937748.750000
Sc45_g0u0600,21,45,g0u0600,L3-M4,172834.291819,434544558377655.062500
Sc45_g0u0600,21,45,g0u0600,L3-M5,173015.742926,2612184791770581.500000
Sc45_g0u0600,21,45,g0u0600,M4-N6,60517.518693,520079702654800.250000
Sc45_g0u0600,21,45,g0u0600,M5-N6,60336.067587,36978026460205.960938
Sc45_g0u0600,21,45,g0u0600,M5-N7,60374.132326,555586681749362.562500
Sc45_g0u0600,21,45,g0u0600,N6-O8,27924.919114,165196026746709.000000
Sc45_g0u0600,21,45,g0u0600,N7-O8,27886.854374,6103082092786.703125
Sc45_g0u0600,21,45,g0u0600,N7-O9,27898.515477,171097303787140.562500
Sc45_g0u0600,21,45,g0u0600,O8-P10,15148.294914,64655159679743.570312
Sc45_g0u0600,21,45,g0u0600,O9-P10,15136.633811,1467098213764.840576
Sc45_g0u0600,21,45,g0u0600,O9-P11,15141.126087,66080736197055.742188
Sc45_g0u0600,21,45,g0u0600,P10-Q12,9127.750232,29304709428154.226562
Sc45_g0u0600,21,45,g0u0600,P11-Q12,9123.257956,450342567677.808044
Sc45_g0u0600,21,45,g0u0600,P11-Q13,9125.277111,29743911764460.488281
Sc45_g0u0600,21,45,g0u0600,Q12-R14,5922.228145,14791485858486.572266
Sc45_g0u0600,21,45,g0u0600,Q13-R14,5920.208990,164215595540.211212
Sc45_g0u0600,21,45,g0u0600,Q13-R15,5921.223110,14952094942952.501953
Sc45_g0u0700,21,45,g0u0700,K1-L2,855184.077980,23618934659033592.000000
Sc45_g0u0700,21,45,g0u0700,K1-L3,856979.844632,23568690345573380.000000
Sc45_g0u0700,21,45,g0u0700,L2-M4,174630.061768,2198819183436535.750000
Sc45_g0u0700,21,45,g0u0700,L3-M4,172834.295116,434544565621567.375000
Sc45_g0u0700,21,45,g0u0700,L3-M5,173015.746229,2612185049370609.000000
Sc45_g0u0700,21,45,g0u0700,M4-N6,60517.519667,520079770996149.625000
Sc45_g0u0700,21,45,g0u0700,M5-N6,60336.068554,36978031338901.742188
Sc45_g0u0700,21,45,g0u0700,M5-N7,60374.133294,555586689539906.000000
Sc45_g0u0700,21,45,g0u0700,N6-O8,27924.919471,165196028464488.125000
Sc45_g0u0700,21,45,g0u0700,N7-O8,27886.854730,6103082156091.039062
Sc45_g0u0700,21,45,g0u0700,N7-O9,27898.515833,171097305566086.125000
Sc45_g0u0700,21,45,g0u0700,O8-P10,15148.295051,64655160124773.054688
Sc45_g0u0700,21,45,g0u0700,O9-P10,15136.633949,1467098223844.343018
Sc45_g0u0700,21,45,g0u0700,O9-P11,15141.126225,66080736651937.875000
Sc45_g0u0700,21,45,g0u0700,P10-Q12,9127.750284,29304709547354.347656
Sc45_g0u0700,21,45,g0u0700,P11-Q12,9123.258009,450342569507.241272
Sc45_g0u0700,21,45,g0u0700,P11-Q13,9125.277164,29743911885512.824219
Sc45_g0u0700,21,45,g0u0700,Q12-R14,5922.228164,14791485890264.566406
Sc45_g0u0700,21,45,g0u0700,Q13-R14,5920.209009,164215595892.731110
Sc45_g0u0700,21,45,g0u0700,Q13-R15,5921.223130,14952094975152.513672
Sc45_g0u0800,21,45,g0u0800,K1-L2,855184.155525,23618936259457032.000000
Sc45_g0u0800,21,45,g0u0800,K1-L3,856979.922296,23568693451518672.000000
Sc45_g0u0800,21,45,g0u0800,L2-M4,174630.064178,2198819208925280.500000
Sc45_g0u0800,21,45,g0u0800,L3-M4,172834.297407,434544570677110.375000
Sc45_g0u0800,21,45,g0u0800,L3-M5,173015.748525,2612185079952702.000000
Sc45_g0u0800,21,45,g0u0800,M4-N6,60517.520345,520079776081234.250000
Sc45_g0u0800,21,45,g0u0800,M5-N6,60336.069228,36978031699189.140625
Sc45_g0u0800,21,45,g0u0800,M5-N7,60374.133969,555586694972661.250000
Sc45_g0u0800,21,45,g0u0800,N6-O8,27924.919719,165196029662544.812500
Sc45_g0u0800,21,45,g0u0800,N7-O8,27886.854978,6103082978917.956055
Sc45_g0u0800,21,45,g0u0800,N7-O9,27898.516081,171097306806938.093750
Sc45_g0u0800,21,45,g0u0800,O8-P10,15148.295147,64655160435063.593750
Sc45_g0u0800,21,45,g0u0800,O9-P10,15136.634045,1467098230872.345703
Sc45_g0u0800,21,45,g0u0800,O9-P11,15141.126320,66080736968798.257812
Sc45_g0u0800,21,45,g0u0800,P10-Q12,9127.750321,29304709630581.394531
Sc45_g0u0800,21,45,g0u0800,P11-Q12,9123.258045,450342570784.136719
Sc45_g0u0800,21,45,g0u0800,P11-Q13,9125.277200,29743911969775.007812
Sc45_g0u0800,21,45,g0u0800,Q12-R14,5922.228178,14791485912457.960938
Sc45_g0u0800,21,45,g0u0800,Q13-R14,5920.209023,164215596138.670593
Sc45_g0u0800,21,45,g0u0800,Q13-R15,5921.223143,14952094997670.865234
Sc45_g0u0900,21,45,g0u0900,K1-L2,855184.209126,23618937863978672.000000
Sc45_g0u0900,21,45,g0u0900,K1-L3,856979.975980,23568695024445332.000000
Sc45_g0u0900,21,45,g0u0900,L2-M4,174630.065930,2198819227552943.250000
Sc45_g0u0900,21,45,g0u0900,L3-M4,172834.299076,434544574369893.500000
Sc45_g0u0900,21,45,g0u0900,L3-M5,173015.750196,2612185102291255.000000
Sc45_g0u0900,21,45,g0u0900,M4-N6,60517.520841,520079779793212.062500
Sc45_g0u0900,21,45,g0u0900,M5-N6,60336.069720,36978031962188.828125
Sc45_g0u0900,21,45,g0u0900,M5-N7,60374.134462,555586764261391.187500
Sc45_g0u0900,21,45,g0u0900,N6-O8,27924.919901,165196030537187.781250
Sc45_g0u0900,21,45,g0u0900,N7-O8,27886.855159,6103083011150.734375
Sc45_g0u0900,21,45,g0u0900,N7-O9,27898.516262,171097307712462.062500
Sc45_g0u0900,21,45,g0u0900,O8-P10,15148.295218,64655168246963.742188
Sc45_g0u0900,21,45,g0u0900,O9-P10,15136.634115,1467098236000.410400
Sc45_g0u0900,21,45,g0u0900,O9-P11,15141.126390,66080737200469.976562
Sc45_g0u0900,21,45,g0u0900,P10-Q12,9127.750348,29304709691245.117188
Sc45_g0u0900,21,45,g0u0900,P11-Q12,9123.258072,450342571715.361816
Sc45_g0u0900,21,45,g0u0900,P11-Q13,9125.277227,29743912031384.886719
Sc45_g0u0900,21,45,g0u0900,Q12-R14,5922.228188,14791485928679.351562
Sc45_g0u0900,21,45,g0u0900,Q13-R14,5920.209033,164215596318.595642
Sc45_g0u0900,21,45,g0u0900,Q13-R15,5921.223153,14952095014037.791016
Sc45_g0u1000,21,45,g0u1000,K1-L2,855184.247763,23618937898583064.000000
Sc45_g0u1000,21,45,g0u1000,K1-L3,856980.014679,23568695059540428.000000
Sc45_g0u1000,21,45,g0u1000,L2-M4,174630.067250,2198819420326689.500000
Sc45_g0u1000,21,45,g0u1000,L3-M4,172834.300335,434544577164122.562500
Sc45_g0u1000,21,45,g0u1000,L3-M5,173015.751458,2612185119193765.000000
Sc45_g0u1000,21,45,g0u1000,M4-N6,60517.521215,520079782600946.312500
Sc45_g0u1000,21,45,g0u1000,M5-N6,60336.070092,36978032161122.375000
Sc45_g0u1000,21,45,g0u1000,M5-N7,60374.134834,555586767260949.250000
Sc45_g0u1000,21,45,g0u1000,N6-O8,27924.920038,165196031198636.625000
Sc45_g0u1000,21,45,g0u1000,N7-O8,27886.855296,6103083035527.011719
Sc45_g0u1000,21,45,g0u1000,N7-O9,27898.516399,171097308397430.718750
Sc45_g0u1000,21,45,g0u1000,O8-P10,15148.295271,64655168418213.601562
Sc45_g0u1000,21,45,g0u1000,O9-P10,15136.634168,1467098239879.092773
Sc45_g0u1000,21,45,g0u1000,O9-P11,15141.126443,66080737375431.359375
Sc45_g0u1000,21,45,g0u1000,P10-Q12,9127.750368,29304709737166.382812
Sc45_g0u1000,21,45,g0u1000,P11-Q12,9123.258093,450342572419.963501
Sc45_g0u1000,21,45,g0u1000,P11-Q13,9125.277248,29743912077879.878906
Sc45_g0u1000,21,45,g0u1000,Q12-R14,5922.228195,14791485940990.955078
Sc45_g0u1000,21,45,g0u1000,Q13-R14,5920.209040,164215596455.013336
Sc45_g0u1000,21,45,g0u1000,Q13-R15,5921.223161,14952095026454.109375
Sc45_g0u1100,21,45,g0u1100,K1-L2,855184.276561,23618937930730988.000000
Sc45_g0u1100,21,45,g0u1100,K1-L3,856980.043523,23568695092109016.000000
Sc45_g0u1100,21,45,g0u1100,L2-M4,174630.068274,2198819431304252.250000
Sc45_g0u1100,21,45,g0u1100,L3-M4,172834.301312,434544615134450.312500
Sc45_g0u1100,21,45,g0u1100,L3-M5,173015.752437,2612185132347634.500000
Sc45_g0u1100,21,45,g0u1100,M4-N6,60517.521507,520079784784609.062500
Sc45_g0u1100,21,45,g0u1100,M5-N6,60336.070382,36978032315838.843750
Sc45_g0u1100,21,45,g0u1100,M5-N7,60374.135124,555586769594138.625000
Sc45_g0u1100,21,45,g0u1100,N6-O8,27924.920145,165196031713199.281250
Sc45_g0u1100,21,45,g0u1100,N7-O8,27886.855403,6103083054489.865234
Sc45_g0u1100,21,45,g0u1100,N7-O9,27898.516506,171097308930206.375000
Sc45_g0u1100,21,45,g0u1100,O8-P10,15148.295312,64655168551639.929688
Sc45_g0u1100,21,45,g0u1100,O9-P10,15136.634209,1467098242901.048096
Sc45_g0u1100,21,45,g0u1100,O9-P11,15141.126485,66080737511608.867188
Sc45_g0u1100,21,45,g0u1100,P10-Q12,9127.750384,29304709772778.132812
Sc45_g0u1100,21,45,g0u1100,P11-Q12,9123.258108,450342572966.351440
Sc45_g0u1100,21,45,g0u1100,P11-Q13,9125.277263,29743912114111.289062
Sc45_g0u1100,21,45,g0u1100,Q12-R14,5922.228201,14791485950568.304688
Sc45_g0u1100,21,45,g0u1100,Q13-R14,5920.209046,164215596561.278595
Sc45_g0u1100,21,45,g0u1100,Q13-R15,5921.223167,14952095035984.412109
Sc45_g0u1200,21,45,g0u1200,K1-L2,855184.298619,23618939529124384.000000
Sc45_g0u1200,21,45,g0u1200,K1-L3,856980.065616,23568695121665448.000000
Sc45_g0u1200,21,45,g0u1200,L2-M4,174630.069086,2198819440047968.750000
Sc45_g0u1200,21,45,g0u1200,L3-M4,172834.302089,434544616865885.062500
Sc45_g0u1200,21,45,g0u1200,L3-M5,173015.753215,2612185142821148.000000
Sc45_g0u1200,21,45,g0u1200,M4-N6,60517.521739,520079786522674.937500
Sc45_g0u1200,21,45,g0u1200,M5-N6,60336.070612,36978032438983.218750
Sc45_g0u1200,21,45,g0u1200,M5-N7,60374.135355,555586771450915.062500
Sc45_g0u1200,21,45,g0u1200,N6-O8,27924.920230,165196032122906.218750
Sc45_g0u1200,21,45,g0u1200,N7-O8,27886.855487,6103083069588.469727
Sc45_g0u1200,21,45,g0u1200,N7-O9,27898.516591,171097309354502.468750
Sc45_g0u1200,21,45,g0u1200,O8-P10,15148.295345,64655168657552.992188
Sc45_g0u1200,21,45,g0u1200,O9-P10,15136.634242,1467098245299.985107
Sc45_g0u1200,21,45,g0u1200,O9-P11,15141.126517,66080737620009.507812
Sc45_g0u1200,21,45,g0u1200,P10-Q12,9127.750397,29304709801151.652344
Sc45_g0u1200,21,45,g0u1200,P11-Q12,9123.258121,450342573401.845215
Sc45_g0u1200,21,45,g0u1200,P11-Q13,9125.277276,29743912143025.515625
Sc45_g0u1200,21,45,g0u1200,Q12-R14,5922.228206,14791485958119.517578
Sc45_g0u1200,21,45,g0u1200,Q13-R14,5920.209051,164215596645.142242
Sc45_g0u1200,21,45,g0u1200,Q13-R15,5921.223171,14952095043744.398438
Sc45_g0u1300,21,45,g0u1300,K1-L2,855184.315898,23618939555366284.000000
Sc45_g0u1300,21,45,g0u1300,K1-L3,856980.082924,23568696685286896.000000
Sc45_g0u1300,21,45,g0u1300,L2-M4,174630.069744,2198819447146782.250000
Sc45_g0u1300,21,45,g0u1300,L3-M4,172834.302718,434544618271222.250000
Sc45_g0u1300,21,45,g0u1300,L3-M5,173015.753846,2612185151322806.000000
Sc45_g0u1300,21,45,g0u1300,M4-N6,60517.521927,520079787933099.562500
Sc45_g0u1300,21,45,g0u1300,M5-N6,60336.070799,36978032538913.710938
Sc45_g0u1300,21,45,g0u1300,M5-N7,60374.135542,555586772957637.687500
Sc45_g0u1300,21,45,g0u1300,N6-O8,27924.920299,165196032455221.062500
Sc45_g0u1300,21,45,g0u1300,N7-O8,27886.855556,6103083081835.055664
Sc45_g0u1300,21,45,g0u1300,N7-O9,27898.516659,171097309698627.125000
Sc45_g0u1300,21,45,g0u1300,O8-P10,15148.295371,64655168743845.289062
Sc45_g0u1300,21,45,g0u1300,O9-P10,15136.634268,1467098247254.468994
Sc45_g0u1300,21,45,g0u1300,O9-P11,15141.126544,66080737707917.851562
Sc45_g0u1300,21,45,g0u1300,P10-Q12,9127.750407,29304709824352.941406
Sc45_g0u1300,21,45,g0u1300,P11-Q12,9123.258131,450342573757.733948
Sc45_g0u1300,21,45,g0u1300,P11-Q13,9125.277286,29743912166327.855469
Sc45_g0u1300,21,45,g0u1300,Q12-R14,5922.228210,14791485964277.326172
Sc45_g0u1300,21,45,g0u1300,Q13-R14,5920.209055,164215596713.225433
Sc45_g0u1300,21,45,g0u1300,Q13-R15,5921.223175,14952095049946.005859
Sc45_g0u1400,21,45,g0u1400,K1-L2,855184.329697,23618939578870952.000000
Sc45_g0u1400,21,45,g0u1400,K1-L3,856980.096746,23568696709073576.000000
Sc45_g0u1400,21,45,g0u1400,L2-M4,174630.070285,2198819453003661.750000
Sc45_g0u1400,21,45,g0u1400,L3-M4,172834.303236,434544619430410.937500
Sc45_g0u1400,21,45,g0u1400,L3-M5,173015.754365,2612185158334425.000000
Sc45_g0u1400,21,45,g0u1400,M4-N6,60517.522082,520079789096088.937500
Sc45_g0u1400,21,45,g0u1400,M5-N6,60336.070953,36978032621313.796875
Sc45_g0u1400,21,45,g0u1400,M5-N7,60374.135697,555586774200035.437500
Sc45_g0u1400,21,45,g0u1400,N6-O8,27924.920356,165196032729020.656250
Sc45_g0u1400,21,45,g0u1400,N7-O8,27886.855613,6103083091925.248047
Sc45_g0u1400,21,45,g0u1400,N7-O9,27898.516716,171097309982421.875000
Sc45_g0u1400,21,45,g0u1400,O8-P10,15148.295393,64655168814625.117188
Sc45_g0u1400,21,45,g0u1400,O9-P10,15136.634290,1467098248857.684570
Sc45_g0u1400,21,45,g0u1400,O9-P11,15141.126566,66080737780531.218750
Sc45_g0u1400,21,45,g0u1400,P10-Q12,9127.750415,29304709843274.503906
Sc45_g0u1400,21,45,g0u1400,P11-Q12,9123.258140,450342574048.291504
Sc45_g0u1400,21,45,g0u1400,P11-Q13,9125.277295,29743912185674.714844
Sc45_g0u1400,21,45,g0u1400,Q12-R14,5922.228213,14791485969343.199219
Sc45_g0u1400,21,45,g0u1400,Q13-R14,5920.209058,164215596769.515930
Sc45_g0u1400,21,45,g0u1400,Q13-R15,5921.223178,14952095055063.222656
Sc45_g0u1500,21,45,g0u1500,K1-L2,855184.340983,23618941168826128.000000
Sc45_g0u1500,21,45,g0u1500,K1-L3,856980.108050,23568696730064624.000000
Sc45_g0u1500,21,45,g0u1500,L2-M4,174630.070737,2198819457901317.000000
Sc45_g0u1500,21,45,g0u1500,L3-M4,172834.303669,434544620399591.562500
Sc45_g0u1500,21,45,g0u1500,L3-M5,173015.754799,2612185164198067.000000
Sc45_g0u1500,21,45,g0u1500,M4-N6,60517.522212,520079790068294.000000
Sc45_g0u1500,21,45,g0u1500,M5-N6,60336.071082,36978032690195.992188
Sc45_g0u1500,21,45,g0u1500,M5-N7,60374.135826,555586775238782.875000
Sc45_g0u1500,21,45,g0u1500,N6-O8,27924.920404,165196032958182.906250
Sc45_g0u1500,21,45,g0u1500,N7-O8,27886.855660,6103083100370.406250
Sc45_g0u1500,21,45,g0u1500,N7-O9,27898.516764,171097310219443.406250
Sc45_g0u1500,21,45,g0u1500,O8-P10,15148.295412,64655168874024.023438
Sc45_g0u1500,21,45,g0u1500,O9-P10,15136.634308,1467098250202.776855
Sc45_g0u1500,21,45,g0u1500,O9-P11,15141.126584,66080737841040.109375
Sc45_g0u1500,21,45,g0u1500,P10-Q12,9127.750423,29304709859256.386719
Sc45_g0u1500,21,45,g0u1500,P11-Q12,9123.258147,450342574293.353638
Sc45_g0u1500,21,45,g0u1500,P11-Q13,9125.277302,29743912201851.300781
Sc45_g0u1500,21,45,g0u1500,Q12-R14,5922.228215,14791485973611.970703
Sc45_g0u1500,21,45,g0u1500,Q13-R14,5920.209060,164215596816.876190
Sc45_g0u1500,21,45,g0u1500,Q13-R15,5921.223181,14952095059367.464844
Sc45_g0u1600,21,45,g0u1600,K1-L2,855184.349948,23618941188660852.000000
Sc45_g0u1600,21,45,g0u1600,K1-L3,856980.117031,23568696750127156.000000
Sc45_g0u1600,21,45,g0u1600,L2-M4,174630.071118,2198819462051500.500000
Sc45_g0u1600,21,45,g0u1600,L3-M4,172834.304035,434544621220474.187500
Sc45_g0u1600,21,45,g0u1600,L3-M5,173015.755165,2612185169162713.000000
Sc45_g0u1600,21,45,g0u1600,M4-N6,60517.522321,520079790890760.375000
Sc45_g0u1600,21,45,g0u1600,M5-N6,60336.071191,36978032748469.000000
Sc45_g0u1600,21,45,g0u1600,M5-N7,60374.135935,555586776118088.687500
Sc45_g0u1600,21,45,g0u1600,N6-O8,27924.920444,165196033151911.875000
Sc45_g0u1600,21,45,g0u1600,N7-O8,27886.855700,6103083107509.859375
Sc45_g0u1600,21,45,g0u1600,N7-O9,27898.516804,171097310420303.187500
Sc45_g0u1600,21,45,g0u1600,O8-P10,15148.295427,64655168924185.156250
Sc45_g0u1600,21,45,g0u1600,O9-P10,15136.634324,1467098251339.029053
Sc45_g0u1600,21,45,g0u1600,O9-P11,15141.126600,66080737892395.429688
Sc45_g0u1600,21,45,g0u1600,P10-Q12,9127.750428,29304709872625.730469
Sc45_g0u1600,21,45,g0u1600,P11-Q12,9123.258153,450342574498.607361
Sc45_g0u1600,21,45,g0u1600,P11-Q13,9125.277308,29743912215390.101562
Sc45_g0u1600,21,45,g0u1600,Q12-R14,5922.228218,14791485977174.732422
Sc45_g0u1600,21,45,g0u1600,Q13-R14,5920.209063,164215596856.279785
Sc45_g0u1600,21,45,g0u1600,Q13-R15,5921.223183,14952095062961.472656
Sc45_g0u1700,21,45,g0u1700,K1-L2,855184.365688,23618941177219344.000000
Sc45_g0u1700,21,45,g0u1700,K1-L3,856980.132794,23568698275558048.000000
Sc45_g0u1700,21,45,g0u1700,L2-M4,174630.071474,2198819465513398.250000
Sc45_g0u1700,21,45,g0u1700,L3-M4,172834.304368,434544621910971.562500
Sc45_g0u1700,21,45,g0u1700,L3-M5,173015.755499,2612185173341087.500000
Sc45_g0u1700,21,45,g0u1700,M4-N6,60517.522415,520079791594258.687500
Sc45_g0u1700,21,45,g0u1700,M5-N6,60336.071284,36978032798313.445312
Sc45_g0u1700,21,45,g0u1700,M5-N7,60374.136028,555586776869325.437500
Sc45_g0u1700,21,45,g0u1700,N6-O8,27924.920478,165196033317861.312500
Sc45_g0u1700,21,45,g0u1700,N7-O8,27886.855735,6103083113625.460938
Sc45_g0u1700,21,45,g0u1700,N7-O9,27898.516838,171097310591779.343750
Sc45_g0u1700,21,45,g0u1700,O8-P10,15148.295441,64655168967237.812500
Sc45_g0u1700,21,45,g0u1700,O9-P10,15136.634337,1467098252313.925049
Sc45_g0u1700,21,45,g0u1700,O9-P11,15141.126613,66080737936251.367188
Sc45_g0u1700,21,45,g0u1700,P10-Q12,9127.750434,29304709884195.218750
Sc45_g0u1700,21,45,g0u1700,P11-Q12,9123.258158,450342574676.069153
Sc45_g0u1700,21,45,g0u1700,P11-Q13,9125.277313,29743912227099.941406
Sc45_g0u1700,21,45,g0u1700,Q12-R14,5922.228219,14791485980357.972656
Sc45_g0u1700,21,45,g0u1700,Q13-R14,5920.209064,164215596891.600128
Sc45_g0u1700,21,45,g0u1700,Q13-R15,5921.223185,14952095066171.279297
Sc45_g0u1800,21,45,g0u1800,K1-L2,855184.334643,23618939755339764.000000
Sc45_g0u1800,21,45,g0u1800,K1-L3,856980.101716,23568696887794216.000000
Sc45_g0u1800,21,45,g0u1800,L2-M4,174630.071611,2198819468974400.500000
Sc45_g0u1800,21,45,g0u1800,L3-M4,172834.304539,434544622568700.937500
Sc45_g0u1800,21,45,g0u1800,L3-M5,173015.755670,2612185177317090.000000
Sc45_g0u1800,21,45,g0u1800,M4-N6,60517.522496,520079792201614.625000
Sc45_g0u1800,21,45,g0u1800,M5-N6,60336.071365,36978032841341.421875
Sc45_g0u1800,21,45,g0u1800,M5-N7,60374.136109,555586777518520.312500
Sc45_g0u1800,21,45,g0u1800,N6-O8,27924.920508,165196033460860.875000
Sc45_g0u1800,21,45,g0u1800,N7-O8,27886.855764,6103083118895.513672
Sc45_g0u1800,21,45,g0u1800,N7-O9,27898.516868,171097310739960.906250
Sc45_g0u1800,21,45,g0u1800,O8-P10,15148.295452,64655169004169.507812
Sc45_g0u1800,21,45,g0u1800,O9-P10,15136.634349,1467098253150.472168
Sc45_g0u1800,21,45,g0u1800,O9-P11,15141.126625,66080737974127.976562
Sc45_g0u1800,21,45,g0u1800,P10-Q12,9127.750438,29304709894026.386719
Sc45_g0u1800,21,45,g0u1800,P11-Q12,9123.258162,450342574827.021729
Sc45_g0u1800,21,45,g0u1800,P11-Q13,9125.277317,29743912237238.761719
Sc45_g0u1800,21,45,g0u1800,Q12-R14,5922.228221,14791485982906.404297
Sc45_g0u1800,21,45,g0u1800,Q13-R14,5920.209066,164215596919.992798
Sc45_g0u1800,21,45,g0u1800,Q13-R15,5921.223186,14952095068749.484375
Sc45_g0u1900,21,45,g0u1900,K1-L2,855184.120975,23618935851977896.000000
Sc45_g0u1900,21,45,g0u1900,K1-L3,856979.887799,23568693091197688.000000
Sc45_g0u1900,21,45,g0u1900,L2-M4,174630.071053,2198819473864847.750000
Sc45_g0u1900,21,45,g0u1900,L3-M4,172834.304229,434544623381936.375000
Sc45_g0u1900,21,45,g0u1900,L3-M5,173015.755361,2612185182222343.000000
Sc45_g0u1900,21,45,g0u1900,M4-N6,60517.522566,520079792730359.250000
Sc45_g0u1900,21,45,g0u1900,M5-N6,60336.071435,36978032878782.953125
Sc45_g0u1900,21,45,g0u1900,M5-N7,60374.136179,555586778082824.375000
Sc45_g0u1900,21,45,g0u1900,N6-O8,27924.920534,165196033585322.656250
Sc45_g0u1900,21,45,g0u1900,N7-O8,27886.855790,6103083123482.092773
Sc45_g0u1900,21,45,g0u1900,N7-O9,27898.516894,171097310869037.000000
Sc45_g0u1900,21,45,g0u1900,O8-P10,15148.295462,64655169036458.062500
Sc45_g0u1900,21,45,g0u1900,O9-P10,15136.634359,1467098253881.961670
Sc45_g0u1900,21,45,g0u1900,O9-P11,15141.126635,66080738007021.679688
Sc45_g0u1900,21,45,g0u1900,P10-Q12,9127.750442,29304709902706.496094
Sc45_g0u1900,21,45,g0u1900,P11-Q12,9123.258166,450342574960.129700
Sc45_g0u1900,21,45,g0u1900,P11-Q13,9125.277321,29743912246024.718750
Sc45_g0u1900,21,45,g0u1900,Q12-R14,5922.228223,14791485985306.357422
Sc45_g0u1900,21,45,g0u1900,Q13-R14,5920.209068,164215596946.623871
Sc45_g0u1900,21,45,g0u1900,Q13-R15,5921.223188,14952095071169.552734
Sc45_g0u2000,21,45,g0u2000,K1-L2,855184.926189,23618956553124680.000000
Sc45_g0u2000,21,45,g0u2000,K1-L3,856980.693970,23568711735436940.000000
Sc45_g0u2000,21,45,g0u2000,L2-M4,174630.074270,2198819467875328.250000
Sc45_g0u2000,21,45,g0u2000,L3-M4,172834.306489,434544622763913.875000
Sc45_g0u2000,21,45,g0u2000,L3-M5,173015.757622,2612185178532663.500000
Sc45_g0u2000,21,45,g0u2000,M4-N6,60517.522630,520079793191548.750000
Sc45_g0u2000,21,45,g0u2000,M5-N6,60336.071497,36978032911541.781250
Sc45_g0u2000,21,45,g0u2000,M5-N7,60374.136241,555586778576404.000000
Sc45_g0u2000,21,45,g0u2000,N6-O8,27924.920557,165196033694246.031250
Sc45_g0u2000,21,45,g0u2000,N7-O8,27886.855813,6103083127496.276367
Sc45_g0u2000,21,45,g0u2000,N7-O9,27898.516916,171097310981717.312500
Sc45_g0u2000,21,45,g0u2000,O8-P10,15148.295471,64655169064718.578125
Sc45_g0u2000,21,45,g0u2000,O9-P10,15136.634367,1467098254521.759521
Sc45_g0u2000,21,45,g0u2000,O9-P11,15141.126643,66080738036065.617188
Sc45_g0u2000,21,45,g0u2000,P10-Q12,9127.750445,29304709910337.582031
Sc45_g0u2000,21,45,g0u2000,P11-Q12,9123.258169,450342575077.451904
Sc45_g0u2000,21,45,g0u2000,P11-Q13,9125.277324,29743912253574.207031
Sc45_g0u2000,21,45,g0u2000,Q12-R14,5922.228224,14791485987270.488281
Sc45_g0u2000,21,45,g0u2000,Q13-R14,5920.209069,164215596968.178467
Sc45_g0u2000,21,45,g0u2000,Q13-R15,5921.223189,14952095073142.535156
Sc45_g0u2100,21,45,g0u2100,K1-L2,855131.968519,23617680723356604.000000
Sc45_g0u2100,21,45,g0u2100,K1-L3,856927.673234,23567466858425060.000000
Sc45_g0u2100,21,45,g0u2100,L2-M4,174629.871991,2198817529545189.500000
Sc45_g0u2100,21,45,g0u2100,L3-M4,172834.167276,434544302649044.750000
Sc45_g0u2100,21,45,g0u2100,L3-M5,173015.618362,2612183696629883.000000
Sc45_g0u2100,21,45,g0u2100,M4-N6,60517.522593,520079793747988.000000
Sc45_g0u2100,21,45,g0u2100,M5-N6,60336.071508,36978032945377.453125
Sc45_g0u2100,21,45,g0u2100,M5-N7,60374.136252,555586779086688.687500
Sc45_g0u2100,21,45,g0u2100,N6-O8,27924.920577,165196033790403.312500
Sc45_g0u2100,21,45,g0u2100,N7-O8,27886.855833,6103083131039.443359
Sc45_g0u2100,21,45,g0u2100,N7-O9,27898.516936,171097311081596.250000
Sc45_g0u2100,21,45,g0u2100,O8-P10,15148.295479,64655169089754.265625
Sc45_g0u2100,21,45,g0u2100,O9-P10,15136.634375,1467098255089.046875
Sc45_g0u2100,21,45,g0u2100,O9-P11,15141.126651,66080738061572.976562
Sc45_g0u2100,21,45,g0u2100,P10-Q12,9127.750448,29304709917000.140625
Sc45_g0u2100,21,45,g0u2100,P11-Q12,9123.258172,450342575179.671631
Sc45_g0u2100,21,45,g0u2100,P11-Q13,9125.277327,29743912260497.804688
Sc45_g0u2100,21,45,g0u2100,Q12-R14,5922.228225,14791485989135.316406
Sc45_g0u2100,21,45,g0u2100,Q13-R14,5920.209070,164215596989.078094
Sc45_g0u2100,21,45,g0u2100,Q13-R15,5921.223190,14952095075030.699219
Sc45_g0u2200,21,45,g0u2200,K1-L2,855160.120925,23618362436336696.000000
Sc45_g0u2200,21,45,g0u2200,K1-L3,856955.859877,23568132782020096.000000
Sc45_g0u2200,21,45,g0u2200,L2-M4,174629.988214,2198818639774261.750000
Sc45_g0u2200,21,45,g0u2200,L3-M4,172834.249262,434544510673284.937500
Sc45_g0u2200,21,45,g0u2200,L3-M5,173015.700376,2612184510112226.500000
Sc45_g0u2200,21,45,g0u2200,M4-N6,60517.522697,520079794020265.812500
Sc45_g0u2200,21,45,g0u2200,M5-N6,60336.071583,36978032967968.945312
Sc45_g0u2200,21,45,g0u2200,M5-N7,60374.136327,555586779427651.875000
Sc45_g0u2200,21,45,g0u2200,N6-O8,27924.920594,165196033875939.500000
Sc45_g0u2200,21,45,g0u2200,N7-O8,27886.855850,6103083134192.095703
Sc45_g0u2200,21,45,g0u2200,N7-O9,27898.516954,171097311170165.812500
Sc45_g0u2200,21,45,g0u2200,O8-P10,15148.295485,64655169111757.835938
Sc45_g0u2200,21,45,g0u2200,O9-P10,15136.634382,1467098255587.477051
Sc45_g0u2200,21,45,g0u2200,O9-P11,15141.126658,66080738083986.835938
Sc45_g0u2200,21,45,g0u2200,P10-Q12,9127.750451,29304709922957.062500
Sc45_g0u2200,21,45,g0u2200,P11-Q12,9123.258175,450342575270.892212
Sc45_g0u2200,21,45,g0u2200,P11-Q13,9125.277330,29743912266528.812500
Sc45_g0u2200,21,45,g0u2200,Q12-R14,5922.228226,14791485990665.146484
Sc45_g0u2200,21,45,g0u2200,Q13-R14,5920.209071,164215597006.044220
Sc45_g0u2200,21,45,g0u2200,Q13-R15,5921.223191,14952095076573.238281
Sc45_g0u2300,21,45,g0u2300,K1-L2,855641.123343,23629889527347652.000000
Sc45_g0u2300,21,45,g0u2300,K1-L3,857437.428026,23579381086980444.000000
Sc45_g0u2300,21,45,g0u2300,L2-M4,174631.743973,2198835747054750.500000
Sc45_g0u2300,21,45,g0u2300,L3-M4,172835.439290,434546856093794.625000
Sc45_g0u2300,21,45,g0u2300,L3-M5,173016.890810,2612198925428695.500000
Sc45_g0u2300,21,45,g0u2300,M4-N6,60517.523493,520079793114744.500000
Sc45_g0u2300,21,45,g0u2300,M5-N6,60336.071972,36978032951295.546875
Sc45_g0u2300,21,45,g0u2300,M5-N7,60374.136716,555586779178841.750000
Sc45_g0u2300,21,45,g0u2300,N6-O8,27924.920610,165196033952221.468750
Sc45_g0u2300,21,45,g0u2300,N7-O8,27886.855866,6103083137005.867188
Sc45_g0u2300,21,45,g0u2300,N7-O9,27898.516970,171097311248881.812500
Sc45_g0u2300,21,45,g0u2300,O8-P10,15148.295491,64655169131434.398438
Sc45_g0u2300,21,45,g0u2300,O9-P10,15136.634388,1467098256032.848877
Sc45_g0u2300,21,45,g0u2300,O9-P11,15141.126664,66080738104282.242188
Sc45_g0u2300,21,45,g0u2300,P10-Q12,9127.750453,29304709928190.250000
Sc45_g0u2300,21,45,g0u2300,P11-Q12,9123.258177,450342575351.386841
Sc45_g0u2300,21,45,g0u2300,P11-Q13,9125.277332,29743912271832.304688
Sc45_g0u2300,21,45,g0u2300,Q12-R14,5922.228227,14791485992121.035156
Sc45_g0u2300,21,45,g0u2300,Q13-R14,5920.209072,164215597022.127228
Sc45_g0u2300,21,45,g0u2300,Q13-R15,5921.223192,14952095078042.218750
Sc45_g2u1000,21,45,g2u1000,K1-L2,855184.911542,23618953932625432.000000
Sc45_g2u1000,21,45,g2u1000,K1-L3,856980.679210,23568709999655276.000000
Sc45_g2u1000,21,45,g2u1000,L2-M4,174630.068305,2198819389460136.750000
Sc45_g2u1000,21,45,g2u1000,L3-M4,172834.300637,434544645431491.437500
Sc45_g2u1000,21,45,g2u1000,L3-M5,173015.751770,2612184893078095.500000
Sc45_g2u1000,21,45,g2u1000,M4-N6,60517.520828,520079778688597.187500
Sc45_g2u1000,21,45,g2u1000,M5-N6,60336.069696,36978039272040.851562
Sc45_g2u1000,21,45,g2u1000,M5-N7,60374.134443,555586732286743.750000
Sc45_g2u1000,21,45,g2u1000,N6-O8,27924.919831,165196031512268.812500
Sc45_g2u1000,21,45,g2u1000,N7-O8,27886.855083,6103083626711.498047
Sc45_g2u1000,21,45,g2u1000,N7-O9,27898.516194,171097302801886.250000
Sc45_g2u1000,21,45,g2u1000,O8-P10,15148.295085,64655160315201.906250
Sc45_g2u1000,21,45,g2u1000,O9-P10,15136.633975,1467098284851.222168
Sc45_g2u1000,21,45,g2u1000,O9-P11,15141.126258,66080736089248.804688
Sc45_g2u1000,21,45,g2u1000,P10-Q12,9127.750344,29304710044956.554688
Sc45_g2u1000,21,45,g2u1000,P11-Q12,9123.258061,450342578926.003662
Sc45_g2u1000,21,45,g2u1000,P11-Q13,9125.277222,29743912350875.113281
Sc45_g2u1000,21,45,g2u1000,Q12-R14,5922.228266,14791486106217.654297
Sc45_g2u1000,21,45,g2u1000,Q13-R14,5920.209105,164215599106.532837
Sc45_g2u1000,21,45,g2u1000,Q13-R15,5921.223231,14952095170300.312500
Fe56_g0u0050,26,56,g0u0050,K1-L2,1252653.635721,53238858045129768.000000
Fe56_g0u0050,26,56,g0u0050,K1-L3,1256800.487536,53139554777416560.000000
Fe56_g0u0050,26,56,g0u0050,L2-M4,269427.203050,5197808390056173.000000
Fe56_g0u0050,26,56,g0u0050,L3-M4,265280.351235,1021005309672278.250000
Fe56_g0u0050,26,56,g0u0050,L3-M5,265708.318319,6143820053136257.000000
Fe56_g0u0050,26,56,g0u0050,M4-N6,93031.500157,1225688102158003.500000
Fe56_g0u0050,26,56,g0u0050,M5-N6,92603.533073,86933347017418.250000
Fe56_g0u0050,26,56,g0u0050,M5-N7,92693.199074,1307308452790030.000000
Fe56_g0u0050,26,56,g0u0050,N6-O8,42880.592094,388910570529670.375000
Fe56_g0u0050,26,56,g0u0050,N7-O8,42790.926094,14348911124521.580078
Fe56_g0u0050,26,56,g0u0050,N7-O9,42818.376639,402531083571632.875000
Fe56_g0u0050,26,56,g0u0050,O8-P10,23249.848491,152130349458181.468750
Fe56_g0u0050,26,56,g0u0050,O9-P10,23222.397946,3449075565788.856934
Fe56_g0u0050,26,56,g0u0050,O9-P11,23232.968097,155429630352213.343750
Fe56_g0u0050,26,56,g0u0050,P10-Q12,14005.425014,68928455314600.460938
Fe56_g0u0050,26,56,g0u0050,P11-Q12,13994.854863,1058637992376.510010
Fe56_g0u0050,26,56,g0u0050,P11-Q13,13999.604334,69946923915534.289062
Fe56_g0u0050,26,56,g0u0050,Q12-R14,9085.349495,34784024955627.125000
Fe56_g0u0050,26,56,g0u0050,Q13-R14,9080.600024,386005097030.180969
Fe56_g0u0050,26,56,g0u0050,Q13-R15,9082.984958,35157019345301.285156
Fe56_g0u0100,26,56,g0u0100,K1-L2,1252746.243216,53242501405285040.000000
Fe56_g0u0100,26,56,g0u0100,K1-L3,1256893.284951,53143079475611432.000000
Fe56_g0u0100,26,56,g0u0100,L2-M4,269428.156017,5197837530724376.000000
Fe56_g0u0100,26,56,g0u0100,L3-M4,265281.114282,1021010475634812.625000
Fe56_g0u0100,26,56,g0u0100,L3-M5,265709.083476,6143852415975074.000000
Fe56_g0u0100,26,56,g0u0100,M4-N6,93031.713345,1225693443106772.250000
Fe56_g0u0100,26,56,g0u0100,M5-N6,92603.744151,86933726373776.718750
Fe56_g0u0100,26,56,g0u0100,M5-N7,92693.410539,1307314157403482.250000
Fe56_g0u0100,26,56,g0u0100,N6-O8,42880.674818,388911986495232.937500
Fe56_g0u0100,26,56,g0u0100,N7-O8,42791.008430,14348963391224.226562
Fe56_g0u0100,26,56,g0u0100,N7-O9,42818.459073,402532516378930.812500
Fe56_g0u0100,26,56,g0u0100,O8-P10,23249.883112,152130765091788.531250
Fe56_g0u0100,26,56,g0u0100,O9-P10,23222.432470,3449084726423.184082
Fe56_g0u0100,26,56,g0u0100,O9-P11,23233.002649,155430043175289.968750
Fe56_g0u0100,26,56,g0u0100,P10-Q12,14005.439690,68928584656749.890625
Fe56_g0u0100,26,56,g0u0100,P11-Q12,13994.869511,1058639911771.040405
Fe56_g0u0100,26,56,g0u0100,P11-Q13,13999.618990,69947055172363.281250
Fe56_g0u0100,26,56,g0u0100,Q12-R14,9085.355601,34784062137089.027344
Fe56_g0u0100,26,56,g0u0100,Q13-R14,9080.606121,386005547416.567505
Fe56_g0u0100,26,56,g0u0100,Q13-R15,9082.991058,35157063803097.070312
Fe56_g0u0150,26,56,g0u0150,K1-L2,1252762.409393,53243150656103520.000000
Fe56_g0u0150,26,56,g0u0150,K1-L3,1256909.485997,53143717021547448.000000
Fe56_g0u0150,26,56,g0u0150,L2-M4,269428.387127,5197845193820999.000000
Fe56_g0u0150,26,56,g0u0150,L3-M4,265281.310523,1021011914351368.750000
Fe56_g0u0150,26,56,g0u0150,L3-M5,265709.280245,6143860401951553.000000
Fe56_g0u0150,26,56,g0u0150,M4-N6,93031.765572,1225694812358031.000000
Fe56_g0u0150,26,56,g0u0150,M5-N6,92603.795850,86933816973283.140625
Fe56_g0u0150,26,56,g0u0150,M5-N7,92693.462333,1307315519980638.000000
Fe56_g0u0150,26,56,g0u0150,N6-O8,42880.695088,388912305125209.250000
Fe56_g0u0150,26,56,g0u0150,N7-O8,42791.028605,14348975148920.814453
Fe56_g0u0150,26,56,g0u0150,N7-O9,42818.479271,402532846295273.312500
Fe56_g0u0150,26,56,g0u0150,O8-P10,23249.891599,152130856505038.375000
Fe56_g0u0150,26,56,g0u0150,O9-P10,23222.440933,3449087062989.924316
Fe56_g0u0150,26,56,g0u0150,O9-P11,23233.011119,155430136580519.843750
Fe56_g0u0150,26,56,g0u0150,P10-Q12,14005.443290,68928615647594.296875
Fe56_g0u0150,26,56,g0u0150,P11-Q12,13994.873104,1058640387766.618286
Fe56_g0u0150,26,56,g0u0150,P11-Q13,13999.622586,69947086621904.734375
Fe56_g0u0150,26,56,g0u0150,Q12-R14,9085.357099,34784073060368.183594
Fe56_g0u0150,26,56,g0u0150,Q13-R14,9080.607618,386005630847.448486
Fe56_g0u0150,26,56,g0u0150,Q13-R15,9082.992555,35157071403967.109375
Fe56_g0u0200,26,56,g0u0200,K1-L2,1252767.922646,53243380662026344.000000
Fe56_g0u0200,26,56,g0u0200,K1-L3,1256915.011636,53143935053879128.000000
Fe56_g0u0200,26,56,g0u0200,L2-M4,269428.480557,5197847440020320.000000
Fe56_g0u0200,26,56,g0u0200,L3-M4,265281.391568,1021012477357166.375000
Fe56_g0u0200,26,56,g0u0200,L3-M5,265709.361509,6143863784376931.000000
Fe56_g0u0200,26,56,g0u0200,M4-N6,93031.787300,1225695257803187.750000
Fe56_g0u0200,26,56,g0u0200,M5-N6,92603.817358,86933855254224.906250
Fe56_g0u0200,26,56,g0u0200,M5-N7,92693.483880,1307316095664281.500000
Fe56_g0u0200,26,56,g0u0200,N6-O8,42880.703522,388912467337675.875000
Fe56_g0u0200,26,56,g0u0200,N7-O8,42791.037000,14348979945470.306641
Fe56_g0u0200,26,56,g0u0200,N7-O9,42818.487676,402532980892696.687500
Fe56_g0u0200,26,56,g0u0200,O8-P10,23249.895131,152130898449347.687500
Fe56_g0u0200,26,56,g0u0200,O9-P10,23222.444456,3449088014090.000488
Fe56_g0u0200,26,56,g0u0200,O9-P11,23233.014644,155430191323365.812500
Fe56_g0u0200,26,56,g0u0200,P10-Q12,14005.444789,68928630013597.757812
Fe56_g0u0200,26,56,g0u0200,P11-Q12,13994.874600,1058640608455.135254
Fe56_g0u0200,26,56,g0u0200,P11-Q13,13999.624082,69947101200669.242188
Fe56_g0u0200,26,56,g0u0200,Q12-R14,9085.357724,34784078178019.796875
Fe56_g0u0200,26,56,g0u0200,Q13-R14,9080.608241,386005687654.363464
Fe56_g0u0200,26,56,g0u0200,Q13-R15,9082.993179,35157076576675.554688
Fe56_g0u0250,26,56,g0u0250,K1-L2,1252770.455691,53243485110810864.000000
Fe56_g0u0250,26,56,g0u0250,K1-L3,1256917.550514,53144040928306376.000000
Fe56_g0u0250,26,56,g0u0250,L2-M4,269428.528386,5197849144722136.000000
Fe56_g0u0250,26,56,g0u0250,L3-M4,265281.433563,1021012710456575.625000
Fe56_g0u0250,26,56,g0u0250,L3-M5,265709.403620,6143865187980523.000000
Fe56_g0u0250,26,56,g0u0250,M4-N6,93031.798715,1225695580629873.000000
Fe56_g0u0250,26,56,g0u0250,M5-N6,92603.828658,86933878200344.250000
Fe56_g0u0250,26,56,g0u0250,M5-N7,92693.495201,1307316440520305.500000
Fe56_g0u0250,26,56,g0u0250,N6-O8,42880.707953,388912534004594.437500
Fe56_g0u0250,26,56,g0u0250,N7-O8,42791.041411,14348983598525.609375
Fe56_g0u0250,26,56,g0u0250,N7-O9,42818.492092,402533083296468.875000
Fe56_g0u0250,26,56,g0u0250,O8-P10,23249.896987,152130919898777.531250
Fe56_g0u0250,26,56,g0u0250,O9-P10,23222.446306,3449088500431.641602
Fe56_g0u0250,26,56,g0u0250,O9-P11,23233.016497,155430213240828.718750
Fe56_g0u0250,26,56,g0u0250,P10-Q12,14005.445577,68928641713716.718750
Fe56_g0u0250,26,56,g0u0250,P11-Q12,13994.875386,1058640653724.667969
Fe56_g0u0250,26,56,g0u0250,P11-Q13,13999.624869,69947104197351.546875
Fe56_g0u0250,26,56,g0u0250,Q12-R14,9085.358052,34784079079684.347656
Fe56_g0u0250,26,56,g0u0250,Q13-R14,9080.608569,386005735448.569763
Fe56_g0u0250,26,56,g0u0250,Q13-R15,9082.993506,35157080927126.488281
Fe56_g0u0300,26,56,g0u0300,K1-L2,1252771.830607,53243547432851816.000000
Fe56_g0u0300,26,56,g0u0300,K1-L3,1256918.928653,53144096651338264.000000
Fe56_g0u0300,26,56,g0u0300,L2-M4,269428.556517,5197850061184992.000000
Fe56_g0u0300,26,56,g0u0300,L3-M4,265281.458471,1021012894507922.000000
Fe56_g0u0300,26,56,g0u0300,L3-M5,265709.428597,6143866293426357.000000
Fe56_g0u0300,26,56,g0u0300,M4-N6,93031.805571,1225695755707911.750000
Fe56_g0u0300,26,56,g0u0300,M5-N6,92603.835445,86933890637395.218750
Fe56_g0u0300,26,56,g0u0300,M5-N7,92693.502000,1307316627526229.000000
Fe56_g0u0300,26,56,g0u0300,N6-O8,42880.710615,388912586915429.562500
Fe56_g0u0300,26,56,g0u0300,N7-O8,42791.044060,14348985552546.140625
Fe56_g0u0300,26,56,g0u0300,N7-O9,42818.494744,402533138086938.375000
Fe56_g0u0300,26,56,g0u0300,O8-P10,23249.898102,152130937425664.750000
Fe56_g0u0300,26,56,g0u0300,O9-P10,23222.447418,3449088898087.522461
Fe56_g0u0300,26,56,g0u0300,O9-P11,23233.017609,155430219268447.250000
Fe56_g0u0300,26,56,g0u0300,P10-Q12,14005.446050,68928643488290.546875
Fe56_g0u0300,26,56,g0u0300,P11-Q12,13994.875859,1058640815483.831055
Fe56_g0u0300,26,56,g0u0300,P11-Q13,13999.625341,69947105997783.828125
Fe56_g0u0300,26,56,g0u0300,Q12-R14,9085.358249,34784079621473.054688
Fe56_g0u0300,26,56,g0u0300,Q13-R14,9080.608766,386005741450.846008
Fe56_g0u0300,26,56,g0u0300,Q13-R15,9082.993703,35157081474429.460938
Fe56_g0u0350,26,56,g0u0350,K1-L2,1252772.661073,53243576396693840.000000
Fe56_g0u0350,26,56,g0u0350,K1-L3,1256919.761093,53144129411815608.000000
Fe56_g0u0350,26,56,g0u0350,L2-M4,269428.574644,5197850851615888.000000
Fe56_g0u0350,26,56,g0u0350,L3-M4,265281.474624,1021013053058225.125000
Fe56_g0u0350,26,56,g0u0350,L3-M5,265709.444795,6143867243863340.000000
Fe56_g0u0350,26,56,g0u0350,M4-N6,93031.810064,1225695902687625.500000
Fe56_g0u0350,26,56,g0u0350,M5-N6,92603.839894,86933894407955.171875
Fe56_g0u0350,26,56,g0u0350,M5-N7,92693.506457,1307316684545840.500000
Fe56_g0u0350,26,56,g0u0350,N6-O8,42880.712360,388912600478973.437500
Fe56_g0u0350,26,56,g0u0350,N7-O8,42791.045797,14348986051084.130859
Fe56_g0u0350,26,56,g0u0350,N7-O9,42818.496483,402533152123241.000000
Fe56_g0u0350,26,56,g0u0350,O8-P10,23249.898833,152130952919734.968750
Fe56_g0u0350,26,56,g0u0350,O9-P10,23222.448147,3449088985542.743164
Fe56_g0u0350,26,56,g0u0350,O9-P11,23233.018339,155430235102596.250000
Fe56_g0u0350,26,56,g0u0350,P10-Q12,14005.446360,68928644651530.437500
Fe56_g0u0350,26,56,g0u0350,P11-Q12,13994.876168,1058640833311.249512
Fe56_g0u0350,26,56,g0u0350,P11-Q13,13999.625651,69947116055505.203125
Fe56_g0u0350,26,56,g0u0350,Q12-R14,9085.358378,34784079976634.695312
Fe56_g0u0350,26,56,g0u0350,Q13-R14,9080.608895,386005745385.371948
Fe56_g0u0350,26,56,g0u0350,Q13-R15,9082.993832,35157081833425.816406
Fe56_g0u0400,26,56,g0u0400,K1-L2,1252773.201565,53243600683764760.000000
Fe56_g0u0400,26,56,g0u0400,K1-L3,1256920.302886,53144152968116192.000000
Fe56_g0u0400,26,56,g0u0400,L2-M4,269428.587105,5197851022198677.000000
Fe56_g0u0400,26,56,g0u0400,L3-M4,265281.485784,1021013087226035.000000
Fe56_g0u0400,26,56,g0u0400,L3-M5,265709.455986,6143867451530681.000000
Fe56_g0u0400,26,56,g0u0400,M4-N6,93031.813196,1225695939940553.500000
Fe56_g0u0400,26,56,g0u0400,M5-N6,92603.842994,86933903720246.453125
Fe56_g0u0400,26,56,g0u0400,M5-N7,92693.509563,1307316824298942.750000
Fe56_g0u0400,26,56,g0u0400,N6-O8,42880.713576,388912642150279.875000
Fe56_g0u0400,26,56,g0u0400,N7-O8,42791.047007,14348986398567.470703
Fe56_g0u0400,26,56,g0u0400,N7-O9,42818.497695,402533161907035.437500
Fe56_g0u0400,26,56,g0u0400,O8-P10,23249.899343,152130955616107.812500
Fe56_g0u0400,26,56,g0u0400,O9-P10,23222.448655,3449089310746.583984
Fe56_g0u0400,26,56,g0u0400,O9-P11,23233.018847,155430237857059.187500
Fe56_g0u0400,26,56,g0u0400,P10-Q12,14005.446576,68928645462443.164062
Fe56_g0u0400,26,56,g0u0400,P11-Q12,13994.876384,1058640845739.501343
Fe56_g0u0400,26,56,g0u0400,P11-Q13,13999.625867,69947116878222.875000
Fe56_g0u0400,26,56,g0u0400,Q12-R14,9085.358468,34784080224099.527344
Fe56_g0u0400,26,56,g0u0400,Q13-R14,9080.608985,386005748126.936890
Fe56_g0u0400,26,56,g0u0400,Q13-R15,9082.993922,35157082083462.945312
Fe56_g0u0450,26,56,g0u0450,K1-L2,1252773.573315,53243620190160736.000000
Fe56_g0u0450,26,56,g0u0450,K1-L3,1256920.675540,53144167207402040.000000
Fe56_g0u0450,26,56,g0u0450,L2-M4,269428.596092,5197851147131848.000000
Fe56_g0u0450,26,56,g0u0450,L3-M4,265281.493866,1021013112206966.625000
Fe56_g0u0450,26,56,g0u0450,L3-M5,265709.464091,6143868256545977.000000
Fe56_g0u0450,26,56,g0u0450,M4-N6,93031.815481,1225695967124858.500000
Fe56_g0u0450,26,56,g0u0450,M5-N6,92603.845256,86933905638021.046875
Fe56_g0u0450,26,56,g0u0450,M5-N7,92693.511829,1307316853300143.750000
Fe56_g0u0450,26,56,g0u0450,N6-O8,42880.714463,388912649049382.812500
Fe56_g0u0450,26,56,g0u0450,N7-O8,42791.047890,14348987845569.501953
Fe56_g0u0450,26,56,g0u0450,N7-O9,42818.498579,402533202422299.375000
Fe56_g0u0450,26,56,g0u0450,O8-P10,23249.899714,152130957583708.125000
Fe56_g0u0450,26,56,g0u0450,O9-P10,23222.449026,3449089355231.597168
Fe56_g0u0450,26,56,g0u0450,O9-P11,23233.019218,155430239866619.187500
Fe56_g0u0450,26,56,g0u0450,P10-Q12,14005.446734,68928646054174.476562
Fe56_g0u0450,26,56,g0u0450,P11-Q12,13994.876541,1058640854807.939331
Fe56_g0u0450,26,56,g0u0450,P11-Q13,13999.626025,69947117478477.148438
Fe56_g0u0450,26,56,g0u0450,Q12-R14,9085.358534,34784083807206.871094
Fe56_g0u0450,26,56,g0u0450,Q13-R14,9080.609050,386005750128.590759
Fe56_g0u0450,26,56,g0u0450,Q13-R15,9082.993988,35157082266198.136719
Fe56_g0u0500,26,56,g0u0500,K1-L2,1252773.840128,53243625220081616.000000
Fe56_g0u0500,26,56,g0u0500,K1-L3,1256920.943009,53144181459539904.000000
Fe56_g0u0500,26,56,g0u0500,L2-M4,269428.602818,5197851788669962.000000
Fe56_g0u0500,26,56,g0u0500,L3-M4,265281.499938,1021013131124413.125000
Fe56_g0u0500,26,56,g0u0500,L3-M5,265709.470180,6143868371518414.000000
Fe56_g0u0500,26,56,g0u0500,M4-N6,93031.817209,1225696081209159.750000
Fe56_g0u0500,26,56,g0u0500,M5-N6,92603.846967,86933907087876.937500
Fe56_g0u0500,26,56,g0u0500,M5-N7,92693.513543,1307316875225070.000000
Fe56_g0u0500,26,56,g0u0500,N6-O8,42880.715134,388912654264765.375000
Fe56_g0u0500,26,56,g0u0500,N7-O8,42791.048558,14348988037264.623047
Fe56_g0u0500,26,56,g0u0500,N7-O9,42818.499247,402533207820096.250000
Fe56_g0u0500,26,56,g0u0500,O8-P10,23249.899995,152130959071120.343750
Fe56_g0u0500,26,56,g0u0500,O9-P10,23222.449306,3449089388860.813965
Fe56_g0u0500,26,56,g0u0500,O9-P11,23233.019499,155430241385999.781250
Fe56_g0u0500,26,56,g0u0500,P10-Q12,14005.446853,68928646501451.687500
Fe56_g0u0500,26,56,g0u0500,P11-Q12,13994.876660,1058640861662.734009
Fe56_g0u0500,26,56,g0u0500,P11-Q13,13999.626144,69947117932399.046875
Fe56_g0u0500,26,56,g0u0500,Q12-R14,9085.358583,34784083943785.718750
Fe56_g0u0500,26,56,g0u0500,Q13-R14,9080.609100,386005751641.759827
Fe56_g0u0500,26,56,g0u0500,Q13-R15,9082.994038,35157082404275.882812
Fe56_g0u0550,26,56,g0u0550,K1-L2,1252774.038223,53243635068174608.000000
Fe56_g0u0550,26,56,g0u0550,K1-L3,1256921.141595,53144191018741384.000000
Fe56_g0u0550,26,56,g0u0550,L2-M4,269428.608005,5197851862546371.000000
Fe56_g0u0550,26,56,g0u0550,L3-M4,265281.504633,1021013145857118.625000
Fe56_g0u0550,26,56,g0u0550,L3-M5,265709.474888,6143868461055655.000000
Fe56_g0u0550,26,56,g0u0550,M4-N6,93031.818552,1225696097192215.000000
Fe56_g0u0550,26,56,g0u0550,M5-N6,92603.848297,86933914899624.718750
Fe56_g0u0550,26,56,g0u0550,M5-N7,92693.514875,1307316992284547.000000
Fe56_g0u0550,26,56,g0u0550,N6-O8,42880.715656,388912658321337.437500
Fe56_g0u0550,26,56,g0u0550,N7-O8,42791.049077,14348988186366.562500
Fe56_g0u0550,26,56,g0u0550,N7-O9,42818.499767,402533212017402.375000
Fe56_g0u0550,26,56,g0u0550,O8-P10,23249.900214,152130960228185.656250
Fe56_g0u0550,26,56,g0u0550,O9-P10,23222.449524,3449089415020.372559
Fe56_g0u0550,26,56,g0u0550,O9-P11,23233.019717,155430254451107.375000
Fe56_g0u0550,26,56,g0u0550,P10-Q12,14005.446946,68928651222538.585938
Fe56_g0u0550,26,56,g0u0550,P11-Q12,13994.876753,1058640866995.307983
Fe56_g0u0550,26,56,g0u0550,P11-Q13,13999.626236,69947118285316.835938
Fe56_g0u0550,26,56,g0u0550,Q12-R14,9085.358622,34784084050020.523438
Fe56_g0u0550,26,56,g0u0550,Q13-R14,9080.609139,386005752818.543274
Fe56_g0u0550,26,56,g0u0550,Q13-R15,9082.994076,35157082511551.593750
Fe56_g0u0600,26,56,g0u0600,K1-L2,1252774.189411,53243644901157984.000000
Fe56_g0u0600,26,56,g0u0600,K1-L3,1256921.293161,53144195877942264.000000
Fe56_g0u0600,26,56,g0u0600,L2-M4,269428.612101,5197851921473307.000000
Fe56_g0u0600,26,56,g0u0600,L3-M4,265281.508352,1021013157596222.000000
Fe56_g0u0600,26,56,g0u0600,L3-M5,265709.478617,6143868532399457.000000
Fe56_g0u0600,26,56,g0u0600,M4-N6,93031.819621,1225696109911203.000000
Fe56_g0u0600,26,56,g0u0600,M5-N6,92603.849355,86933915796906.265625
Fe56_g0u0600,26,56,g0u0600,M5-N7,92693.515936,1307317005854456.500000
Fe56_g0u0600,26,56,g0u0600,N6-O8,42880.716071,388912661549185.625000
Fe56_g0u0600,26,56,g0u0600,N7-O8,42791.049491,14348988305008.720703
Fe56_g0u0600,26,56,g0u0600,N7-O9,42818.500181,402533215358145.750000
Fe56_g0u0600,26,56,g0u0600,O8-P10,23249.900388,152130961148889.937500
Fe56_g0u0600,26,56,g0u0600,O9-P10,23222.449697,3449089435836.797852
Fe56_g0u0600,26,56,g0u0600,O9-P11,23233.019890,155430255391543.437500
Fe56_g0u0600,26,56,g0u0600,P10-Q12,14005.447020,68928651499467.890625
Fe56_g0u0600,26,56,g0u0600,P11-Q12,13994.876827,1058640871239.449829
Fe56_g0u0600,26,56,g0u0600,P11-Q13,13999.626310,69947118566437.164062
Fe56_g0u0600,26,56,g0u0600,Q12-R14,9085.358653,34784084134725.871094
Fe56_g0u0600,26,56,g0u0600,Q13-R14,9080.609169,386005753757.195435
Fe56_g0u0600,26,56,g0u0600,Q13-R15,9082.994107,35157082597138.492188
Fe56_g0u0700,26,56,g0u0700,K1-L2,1252774.401467,53243654863191640.000000
Fe56_g0u0700,26,56,g0u0700,K1-L3,1256921.505752,53144200864830920.000000
Fe56_g0u0700,26,56,g0u0700,L2-M4,269428.618107,5197852008933471.000000
Fe56_g0u0700,26,56,g0u0700,L3-M4,265281.513822,1021013174997139.500000
Fe56_g0u0700,26,56,g0u0700,L3-M5,265709.484103,6143868638152234.000000
Fe56_g0u0700,26,56,g0u0700,M4-N6,93031.821204,1225696128736582.250000
Fe56_g0u0700,26,56,g0u0700,M5-N6,92603.850922,86933917124967.828125
Fe56_g0u0700,26,56,g0u0700,M5-N7,92693.517505,1307317025937380.000000
Fe56_g0u0700,26,56,g0u0700,N6-O8,42880.716686,388912698544332.312500
Fe56_g0u0700,26,56,g0u0700,N7-O8,42791.050102,14348988480615.763672
Fe56_g0u0700,26,56,g0u0700,N7-O9,42818.500793,402533220302524.250000
Fe56_g0u0700,26,56,g0u0700,O8-P10,23249.900645,152130974137438.468750
Fe56_g0u0700,26,56,g0u0700,O9-P10,23222.449954,3449089730886.387695
Fe56_g0u0700,26,56,g0u0700,O9-P11,23233.020147,155430256783274.937500
Fe56_g0u0700,26,56,g0u0700,P10-Q12,14005.447129,68928651909309.109375
Fe56_g0u0700,26,56,g0u0700,P11-Q12,13994.876936,1058640877520.355469
Fe56_g0u0700,26,56,g0u0700,P11-Q13,13999.626419,69947118982225.343750
Fe56_g0u0700,26,56,g0u0700,Q12-R14,9085.358698,34784084259712.875000
Fe56_g0u0700,26,56,g0u0700,Q13-R14,9080.609215,386005755141.808594
Fe56_g0u0700,26,56,g0u0700,Q13-R15,9082.994152,35157082723526.191406
Fe56_g0u0800,26,56,g0u0800,K1-L2,1252774.540011,53243659939490416.000000
Fe56_g0u0800,26,56,g0u0800,K1-L3,1256921.644652,53144205797028168.000000
Fe56_g0u0800,26,56,g0u0800,L2-M4,269428.622250,5197852070125486.000000
Fe56_g0u0800,26,56,g0u0800,L3-M4,265281.517610,1021013187153976.000000
Fe56_g0u0800,26,56,g0u0800,L3-M5,265709.487902,6143868712030386.000000
Fe56_g0u0800,26,56,g0u0800,M4-N6,93031.822307,1225696141864361.250000
Fe56_g0u0800,26,56,g0u0800,M5-N6,92603.852015,86933918051085.062500
Fe56_g0u0800,26,56,g0u0800,M5-N7,92693.518600,1307317039943435.500000
Fe56_g0u0800,26,56,g0u0800,N6-O8,42880.717114,388912701876132.562500
Fe56_g0u0800,26,56,g0u0800,N7-O8,42791.050529,14348988603078.328125
Fe56_g0u0800,26,56,g0u0800,N7-O9,42818.501220,402533257126911.000000
Fe56_g0u0800,26,56,g0u0800,O8-P10,23249.900825,152130975087564.531250
Fe56_g0u0800,26,56,g0u0800,O9-P10,23222.450133,3449089752367.890137
Fe56_g0u0800,26,56,g0u0800,O9-P11,23233.020326,155430257754013.625000
Fe56_g0u0800,26,56,g0u0800,P10-Q12,14005.447205,68928652195345.039062
Fe56_g0u0800,26,56,g0u0800,P11-Q12,13994.877012,1058640881904.196167
Fe56_g0u0800,26,56,g0u0800,P11-Q13,13999.626495,69947119272008.359375
Fe56_g0u0800,26,56,g0u0800,Q12-R14,9085.358730,34784084347024.414062
Fe56_g0u0800,26,56,g0u0800,Q13-R14,9080.609246,386005756108.684204
Fe56_g0u0800,26,56,g0u0800,Q13-R15,9082.994184,35157082811714.101562
Fe56_g0u0900,26,56,g0u0900,K1-L2,1252774.635599,53243664969188984.000000
Fe56_g0u0900,26,56,g0u0900,K1-L3,1256921.740487,53144210684399904.000000
Fe56_g0u0900,26,56,g0u0900,L2-M4,269428.625247,5197852114911635.000000
Fe56_g0u0900,26,56,g0u0900,L3-M4,265281.520359,1021013305686191.375000
Fe56_g0u0900,26,56,g0u0900,L3-M5,265709.490659,6143868766036724.000000
Fe56_g0u0900,26,56,g0u0900,M4-N6,93031.823112,1225696244981049.750000
Fe56_g0u0900,26,56,g0u0900,M5-N6,92603.852812,86933918727199.093750
Fe56_g0u0900,26,56,g0u0900,M5-N7,92693.519399,1307317050167578.500000
Fe56_g0u0900,26,56,g0u0900,N6-O8,42880.717427,388912704308473.187500
Fe56_g0u0900,26,56,g0u0900,N7-O8,42791.050840,14348989885901.763672
Fe56_g0u0900,26,56,g0u0900,N7-O9,42818.501532,402533259643529.125000
Fe56_g0u0900,26,56,g0u0900,O8-P10,23249.900956,152130975781460.312500
Fe56_g0u0900,26,56,g0u0900,O9-P10,23222.450264,3449089768055.725098
Fe56_g0u0900,26,56,g0u0900,O9-P11,23233.020457,155430258462664.937500
Fe56_g0u0900,26,56,g0u0900,P10-Q12,14005.447261,68928652403849.617188
Fe56_g0u0900,26,56,g0u0900,P11-Q12,13994.877067,1058640885099.629517
Fe56_g0u0900,26,56,g0u0900,P11-Q13,13999.626551,69947119483937.789062
Fe56_g0u0900,26,56,g0u0900,Q12-R14,9085.358753,34784084410782.707031
Fe56_g0u0900,26,56,g0u0900,Q13-R14,9080.609270,386005756815.440979
Fe56_g0u0900,26,56,g0u0900,Q13-R15,9082.994207,35157082876200.804688
Fe56_g0u1000,26,56,g0u1000,K1-L2,1252774.704386,53243669962569712.000000
Fe56_g0u1000,26,56,g0u1000,K1-L3,1256921.809455,53144215536428312.000000
Fe56_g0u1000,26,56,g0u1000,L2-M4,269428.627497,5197852695649372.000000
Fe56_g0u1000,26,56,g0u1000,L3-M4,265281.522427,1021013312415182.125000
Fe56_g0u1000,26,56,g0u1000,L3-M5,265709.492734,6143868806928912.000000
Fe56_g0u1000,26,56,g0u1000,M4-N6,93031.823722,1225696252228820.500000
Fe56_g0u1000,26,56,g0u1000,M5-N6,92603.853415,86933919238500.078125
Fe56_g0u1000,26,56,g0u1000,M5-N7,92693.520003,1307317057899453.500000
Fe56_g0u1000,26,56,g0u1000,N6-O8,42880.717664,388912706147619.500000
Fe56_g0u1000,26,56,g0u1000,N7-O8,42791.051076,14348989953500.966797
Fe56_g0u1000,26,56,g0u1000,N7-O9,42818.501768,402533261547454.687500
Fe56_g0u1000,26,56,g0u1000,O8-P10,23249.901055,152130976305997.562500
Fe56_g0u1000,26,56,g0u1000,O9-P10,23222.450363,3449089779915.424316
Fe56_g0u1000,26,56,g0u1000,O9-P11,23233.020556,155430258998731.687500
Fe56_g0u1000,26,56,g0u1000,P10-Q12,14005.447303,68928652561837.132812
Fe56_g0u1000,26,56,g0u1000,P11-Q12,13994.877109,1058640887521.182861
Fe56_g0u1000,26,56,g0u1000,P11-Q13,13999.626593,69947119643969.257812
Fe56_g0u1000,26,56,g0u1000,Q12-R14,9085.358771,34784084459046.480469
Fe56_g0u1000,26,56,g0u1000,Q13-R14,9080.609287,386005757349.914856
Fe56_g0u1000,26,56,g0u1000,Q13-R15,9082.994225,35157082924831.382812
Fe56_g0u1100,26,56,g0u1100,K1-L2,1252774.755575,53243670100047104.000000
Fe56_g0u1100,26,56,g0u1100,K1-L3,1256921.860780,53144215673287248.000000
Fe56_g0u1100,26,56,g0u1100,L2-M4,269428.629235,5197852722103453.000000
Fe56_g0u1100,26,56,g0u1100,L3-M4,265281.524030,1021013317654892.500000
Fe56_g0u1100,26,56,g0u1100,L3-M5,265709.494341,6143868838770775.000000
Fe56_g0u1100,26,56,g0u1100,M4-N6,93031.824195,1225696257866456.000000
Fe56_g0u1100,26,56,g0u1100,M5-N6,92603.853884,86933919636209.906250
Fe56_g0u1100,26,56,g0u1100,M5-N7,92693.520473,1307317163922443.000000
Fe56_g0u1100,26,56,g0u1100,N6-O8,42880.717848,388912707578695.187500
Fe56_g0u1100,26,56,g0u1100,N7-O8,42791.051259,14348990006101.246094
Fe56_g0u1100,26,56,g0u1100,N7-O9,42818.501951,402533263027840.687500
Fe56_g0u1100,26,56,g0u1100,O8-P10,23249.901132,152130976714110.906250
Fe56_g0u1100,26,56,g0u1100,O9-P10,23222.450440,3449089789142.039551
Fe56_g0u1100,26,56,g0u1100,O9-P11,23233.020633,155430259415632.062500
Fe56_g0u1100,26,56,g0u1100,P10-Q12,14005.447336,68928652684420.101562
Fe56_g0u1100,26,56,g0u1100,P11-Q12,13994.877142,1058640889399.866943
Fe56_g0u1100,26,56,g0u1100,P11-Q13,13999.626626,69947119768472.195312
Fe56_g0u1100,26,56,g0u1100,Q12-R14,9085.358784,34784084496576.601562
Fe56_g0u1100,26,56,g0u1100,Q13-R14,9080.609301,386005757765.726196
Fe56_g0u1100,26,56,g0u1100,Q13-R15,9082.994238,35157082962663.632812
Fe56_g0u1200,26,56,g0u1200,K1-L2,1252774.794721,53243670215363120.000000
Fe56_g0u1200,26,56,g0u1200,K1-L3,1256921.900031,53144220475768312.000000
Fe56_g0u1200,26,56,g0u1200,L2-M4,269428.630611,5197852743195582.000000
Fe56_g0u1200,26,56,g0u1200,L3-M4,265281.525301,1021013321829548.250000
Fe56_g0u1200,26,56,g0u1200,L3-M5,265709.495615,6143868864137975.000000
Fe56_g0u1200,26,56,g0u1200,M4-N6,93031.824573,1225696262353284.000000
Fe56_g0u1200,26,56,g0u1200,M5-N6,92603.854258,86933926636935.109375
Fe56_g0u1200,26,56,g0u1200,M5-N7,92693.520847,1307317168710048.750000
Fe56_g0u1200,26,56,g0u1200,N6-O8,42880.717994,388912708717548.625000
Fe56_g0u1200,26,56,g0u1200,N7-O8,42791.051405,14348990047960.791016
Fe56_g0u1200,26,56,g0u1200,N7-O9,42818.502097,402533264206664.187500
Fe56_g0u1200,26,56,g0u1200,O8-P10,23249.901193,152130977039255.812500
Fe56_g0u1200,26,56,g0u1200,O9-P10,23222.450501,3449089796493.443359
Fe56_g0u1200,26,56,g0u1200,O9-P11,23233.020694,155430259747405.375000
Fe56_g0u1200,26,56,g0u1200,P10-Q12,14005.447362,68928652782150.921875
Fe56_g0u1200,26,56,g0u1200,P11-Q12,13994.877168,1058640890897.457642
Fe56_g0u1200,26,56,g0u1200,P11-Q13,13999.626652,69947119867557.679688
Fe56_g0u1200,26,56,g0u1200,Q12-R14,9085.358795,34784084526301.453125
Fe56_g0u1200,26,56,g0u1200,Q13-R14,9080.609312,386005758094.954895
Fe56_g0u1200,26,56,g0u1200,Q13-R15,9082.994249,35157082992828.980469
Fe56_g0u1300,26,56,g0u1300,K1-L2,1252774.825375,53243675140673416.000000
Fe56_g0u1300,26,56,g0u1300,K1-L3,1256921.930768,53144220573360728.000000
Fe56_g0u1300,26,56,g0u1300,L2-M4,269428.631722,5197852760332298.000000
Fe56_g0u1300,26,56,g0u1300,L3-M4,265281.526328,1021013325219202.750000
Fe56_g0u1300,26,56,g0u1300,L3-M5,265709.496646,6143868884736080.000000
Fe56_g0u1300,26,56,g0u1300,M4-N6,93031.824879,1225696265994253.000000
Fe56_g0u1300,26,56,g0u1300,M5-N6,92603.854561,86933926893790.343750
Fe56_g0u1300,26,56,g0u1300,M5-N7,92693.521151,1307317172593535.500000
Fe56_g0u1300,26,56,g0u1300,N6-O8,42880.718113,388912709641812.875000
Fe56_g0u1300,26,56,g0u1300,N7-O8,42791.051523,14348990081932.144531
Fe56_g0u1300,26,56,g0u1300,N7-O9,42818.502216,402533265162591.312500
Fe56_g0u1300,26,56,g0u1300,O8-P10,23249.901243,152130977302756.468750
Fe56_g0u1300,26,56,g0u1300,O9-P10,23222.450550,3449089802450.573242
Fe56_g0u1300,26,56,g0u1300,O9-P11,23233.020744,155430260016489.812500
Fe56_g0u1300,26,56,g0u1300,P10-Q12,14005.447383,68928652861655.937500
Fe56_g0u1300,26,56,g0u1300,P11-Q12,13994.877189,1058640892115.780640
Fe56_g0u1300,26,56,g0u1300,P11-Q13,13999.626673,69947119947948.109375
Fe56_g0u1300,26,56,g0u1300,Q12-R14,9085.358804,34784084550485.304688
Fe56_g0u1300,26,56,g0u1300,Q13-R14,9080.609320,386005758362.686462
Fe56_g0u1300,26,56,g0u1300,Q13-R15,9082.994258,35157083017399.738281
Fe56_g0u1400,26,56,g0u1400,K1-L2,1252774.849780,53243675224327424.000000
Fe56_g0u1400,26,56,g0u1400,K1-L3,1256921.955240,53144220657055216.000000
Fe56_g0u1400,26,56,g0u1400,L2-M4,269428.632633,5197852774481305.000000
Fe56_g0u1400,26,56,g0u1400,L3-M4,265281.527173,1021013328016259.375000
Fe56_g0u1400,26,56,g0u1400,L3-M5,265709.497494,6143868901732975.000000
Fe56_g0u1400,26,56,g0u1400,M4-N6,93031.825131,1225696268996859.750000
Fe56_g0u1400,26,56,g0u1400,M5-N6,92603.854810,86933927105608.125000
Fe56_g0u1400,26,56,g0u1400,M5-N7,92693.521401,1307317175796649.000000
Fe56_g0u1400,26,56,g0u1400,N6-O8,42880.718211,388912710403360.500000
Fe56_g0u1400,26,56,g0u1400,N7-O8,42791.051620,14348990109923.394531
Fe56_g0u1400,26,56,g0u1400,N7-O9,42818.502313,402533265951235.312500
Fe56_g0u1400,26,56,g0u1400,O8-P10,23249.901284,152130977520116.218750
Fe56_g0u1400,26,56,g0u1400,O9-P10,23222.450591,3449089807365.043945
Fe56_g0u1400,26,56,g0u1400,O9-P11,23233.020785,155430260238669.437500
Fe56_g0u1400,26,56,g0u1400,P10-Q12,14005.447400,68928652926950.781250
Fe56_g0u1400,26,56,g0u1400,P11-Q12,13994.877206,1058640893116.686279
Fe56_g0u1400,26,56,g0u1400,P11-Q13,13999.626690,69947120014250.406250
Fe56_g0u1400,26,56,g0u1400,Q12-R14,9085.358811,34784084570573.308594
Fe56_g0u1400,26,56,g0u1400,Q13-R14,9080.609328,386005758585.245850
Fe56_g0u1400,26,56,g0u1400,Q13-R15,9082.994265,35157083037438.511719
Fe56_g0u1500,26,56,g0u1500,K1-L2,1252774.871975,53243675291639456.000000
Fe56_g0u1500,26,56,g0u1500,K1-L3,1256921.977495,53144220724102976.000000
Fe56_g0u1500,26,56,g0u1500,L2-M4,269428.633410,5197852786245849.000000
Fe56_g0u1500,26,56,g0u1500,L3-M4,265281.527891,1021013330346095.750000
Fe56_g0u1500,26,56,g0u1500,L3-M5,265709.498213,6143868915892830.000000
Fe56_g0u1500,26,56,g0u1500,M4-N6,93031.825342,1225696271506976.000000
Fe56_g0u1500,26,56,g0u1500,M5-N6,92603.855019,86933927282687.671875
Fe56_g0u1500,26,56,g0u1500,M5-N7,92693.521610,1307317178474281.250000
Fe56_g0u1500,26,56,g0u1500,N6-O8,42880.718293,388912711040741.812500
Fe56_g0u1500,26,56,g0u1500,N7-O8,42791.051702,14348990133350.927734
Fe56_g0u1500,26,56,g0u1500,N7-O9,42818.502395,402533266610510.937500
Fe56_g0u1500,26,56,g0u1500,O8-P10,23249.901319,152130977701631.656250
Fe56_g0u1500,26,56,g0u1500,O9-P10,23222.450626,3449089811468.754395
Fe56_g0u1500,26,56,g0u1500,O9-P11,23233.020819,155430260424392.750000
Fe56_g0u1500,26,56,g0u1500,P10-Q12,14005.447415,68928652981475.125000
Fe56_g0u1500,26,56,g0u1500,P11-Q12,13994.877221,1058640893952.544922
Fe56_g0u1500,26,56,g0u1500,P11-Q13,13999.626705,69947120069944.085938
Fe56_g0u1500,26,56,g0u1500,Q12-R14,9085.358817,34784084587126.835938
Fe56_g0u1500,26,56,g0u1500,Q13-R14,9080.609334,386005796574.278137
Fe56_g0u1500,26,56,g0u1500,Q13-R15,9082.994271,35157083054347.906250
Fe56_g0u1600,26,56,g0u1600,K1-L2,1252774.900198,53243675329452496.000000
Fe56_g0u1600,26,56,g0u1600,K1-L3,1256922.005790,53144225447692328.000000
Fe56_g0u1600,26,56,g0u1600,L2-M4,269428.634139,5197852795895126.000000
Fe56_g0u1600,26,56,g0u1600,L3-M4,265281.528547,1021013332278015.000000
Fe56_g0u1600,26,56,g0u1600,L3-M5,265709.498872,6143868927635963.000000
Fe56_g0u1600,26,56,g0u1600,M4-N6,93031.825520,1225696273630989.500000
Fe56_g0u1600,26,56,g0u1600,M5-N6,92603.855196,86933927432533.609375
Fe56_g0u1600,26,56,g0u1600,M5-N7,92693.521787,1307317180740712.250000
Fe56_g0u1600,26,56,g0u1600,N6-O8,42880.718362,388912711579683.750000
Fe56_g0u1600,26,56,g0u1600,N7-O8,42791.051771,14348990153160.527344
Fe56_g0u1600,26,56,g0u1600,N7-O9,42818.502464,402533267168577.812500
Fe56_g0u1600,26,56,g0u1600,O8-P10,23249.901348,152130977855589.375000
Fe56_g0u1600,26,56,g0u1600,O9-P10,23222.450655,3449089814949.851562
Fe56_g0u1600,26,56,g0u1600,O9-P11,23233.020848,155430260581327.718750
Fe56_g0u1600,26,56,g0u1600,P10-Q12,14005.447427,68928653027873.898438
Fe56_g0u1600,26,56,g0u1600,P11-Q12,13994.877233,1058640894663.386353
Fe56_g0u1600,26,56,g0u1600,P11-Q13,13999.626717,69947120116850.484375
Fe56_g0u1600,26,56,g0u1600,Q12-R14,9085.358822,34784084601274.386719
Fe56_g0u1600,26,56,g0u1600,Q13-R14,9080.609339,386005796730.900269
Fe56_g0u1600,26,56,g0u1600,Q13-R15,9082.994276,35157083068598.621094
Fe56_g0u1700,26,56,g0u1700,K1-L2,1252774.862733,53243675489836080.000000
Fe56_g0u1700,26,56,g0u1700,K1-L3,1256921.968247,53144220928663040.000000
Fe56_g0u1700,26,56,g0u1700,L2-M4,269428.634303,5197852806122352.000000
Fe56_g0u1700,26,56,g0u1700,L3-M4,265281.528789,1021013334184920.000000
Fe56_g0u1700,26,56,g0u1700,L3-M5,265709.499114,6143868939208163.000000
Fe56_g0u1700,26,56,g0u1700,M4-N6,93031.825673,1225696275447599.500000
Fe56_g0u1700,26,56,g0u1700,M5-N6,92603.855347,86933927560659.953125
Fe56_g0u1700,26,56,g0u1700,M5-N7,92693.521939,1307317182678435.500000
Fe56_g0u1700,26,56,g0u1700,N6-O8,42880.718422,388912712040704.687500
Fe56_g0u1700,26,56,g0u1700,N7-O8,42791.051830,14348990170105.537109
Fe56_g0u1700,26,56,g0u1700,N7-O9,42818.502523,402533267645395.187500
Fe56_g0u1700,26,56,g0u1700,O8-P10,23249.901372,152130977987097.468750
Fe56_g0u1700,26,56,g0u1700,O9-P10,23222.450679,3449089817922.906738
Fe56_g0u1700,26,56,g0u1700,O9-P11,23233.020873,155430260715429.312500
Fe56_g0u1700,26,56,g0u1700,P10-Q12,14005.447438,68928653067443.921875
Fe56_g0u1700,26,56,g0u1700,P11-Q12,13994.877244,1058640895269.596924
Fe56_g0u1700,26,56,g0u1700,P11-Q13,13999.626728,69947120156856.187500
Fe56_g0u1700,26,56,g0u1700,Q12-R14,9085.358827,34784084613434.152344
Fe56_g0u1700,26,56,g0u1700,Q13-R14,9080.609343,386005796865.457764
Fe56_g0u1700,26,56,g0u1700,Q13-R15,9082.994281,35157083080848.500000
Fe56_g0u1800,26,56,g0u1800,K1-L2,1252775.182245,53243689494190112.000000
Fe56_g0u1800,26,56,g0u1800,K1-L3,1256922.288506,53144234463702696.000000
Fe56_g0u1800,26,56,g0u1800,L2-M4,269428.637252,5197852802896349.000000
Fe56_g0u1800,26,56,g0u1800,L3-M4,265281.530991,1021013334245404.000000
Fe56_g0u1800,26,56,g0u1800,L3-M5,265709.501319,6143868939672399.000000
Fe56_g0u1800,26,56,g0u1800,M4-N6,93031.825807,1225696277010094.500000
Fe56_g0u1800,26,56,g0u1800,M5-N6,92603.855479,86933927671067.578125
Fe56_g0u1800,26,56,g0u1800,M5-N7,92693.522070,1307317184347259.000000
Fe56_g0u1800,26,56,g0u1800,N6-O8,42880.718473,388912712438325.812500
Fe56_g0u1800,26,56,g0u1800,N7-O8,42791.051881,14348990184720.281250
Fe56_g0u1800,26,56,g0u1800,N7-O9,42818.502574,402533268057044.125000
Fe56_g0u1800,26,56,g0u1800,O8-P10,23249.901394,152130978100616.218750
Fe56_g0u1800,26,56,g0u1800,O9-P10,23222.450701,3449089820489.515625
Fe56_g0u1800,26,56,g0u1800,O9-P11,23233.020894,155430260831633.437500
Fe56_g0u1800,26,56,g0u1800,P10-Q12,14005.447447,68928653101609.562500
Fe56_g0u1800,26,56,g0u1800,P11-Q12,13994.877253,1058640895793.549316
Fe56_g0u1800,26,56,g0u1800,P11-Q13,13999.626737,69947120191407.718750
Fe56_g0u1800,26,56,g0u1800,Q12-R14,9085.358831,34784084623843.847656
Fe56_g0u1800,26,56,g0u1800,Q13-R14,9080.609347,386005796980.642883
Fe56_g0u1800,26,56,g0u1800,Q13-R15,9082.994285,35157083091334.800781
Fe56_g0u1900,26,56,g0u1900,K1-L2,1252774.178554,53243648046968392.000000
Fe56_g0u1900,26,56,g0u1900,K1-L3,1256921.282527,53144199123667416.000000
Fe56_g0u1900,26,56,g0u1900,L2-M4,269428.629863,5197852842866160.000000
Fe56_g0u1900,26,56,g0u1900,L3-M4,265281.525889,1021013339882379.250000
Fe56_g0u1900,26,56,g0u1900,L3-M5,265709.496215,6143868973624249.000000
Fe56_g0u1900,26,56,g0u1900,M4-N6,93031.825915,1225696278388738.250000
Fe56_g0u1900,26,56,g0u1900,M5-N6,92603.855589,86933927767762.781250
Fe56_g0u1900,26,56,g0u1900,M5-N7,92693.522181,1307317185810088.000000
Fe56_g0u1900,26,56,g0u1900,N6-O8,42880.718517,388912712784464.812500
Fe56_g0u1900,26,56,g0u1900,N7-O8,42791.051925,14348990197442.886719
Fe56_g0u1900,26,56,g0u1900,N7-O9,42818.502619,402533268415179.562500
Fe56_g0u1900,26,56,g0u1900,O8-P10,23249.901413,152130978199013.281250
Fe56_g0u1900,26,56,g0u1900,O9-P10,23222.450719,3449089822714.097656
Fe56_g0u1900,26,56,g0u1900,O9-P11,23233.020913,155430260932457.906250
Fe56_g0u1900,26,56,g0u1900,P10-Q12,14005.447455,68928653131118.203125
Fe56_g0u1900,26,56,g0u1900,P11-Q12,13994.877261,1058641030808.485352
Fe56_g0u1900,26,56,g0u1900,P11-Q13,13999.626745,69947120221531.710938
Fe56_g0u1900,26,56,g0u1900,Q12-R14,9085.358834,34784084632905.136719
Fe56_g0u1900,26,56,g0u1900,Q13-R14,9080.609350,386005797081.131653
Fe56_g0u1900,26,56,g0u1900,Q13-R15,9082.994288,35157083100476.179688
Fe56_g0u2000,26,56,g0u2000,K1-L2,1252772.012527,53243567172539672.000000
Fe56_g0u2000,26,56,g0u2000,K1-L3,1256919.112578,53144116474066472.000000
Fe56_g0u2000,26,56,g0u2000,L2-M4,269428.624137,5197852329848231.000000
Fe56_g0u2000,26,56,g0u2000,L3-M4,265281.524085,1021013342961483.000000
Fe56_g0u2000,26,56,g0u2000,L3-M5,265709.494412,6143868992183058.000000
Fe56_g0u2000,26,56,g0u2000,M4-N6,93031.826018,1225696279577934.250000
Fe56_g0u2000,26,56,g0u2000,M5-N6,92603.855692,86933927851522.328125
Fe56_g0u2000,26,56,g0u2000,M5-N7,92693.522284,1307317187077290.750000
Fe56_g0u2000,26,56,g0u2000,N6-O8,42880.718556,388912713088041.250000
Fe56_g0u2000,26,56,g0u2000,N7-O8,42791.051964,14348990208600.964844
Fe56_g0u2000,26,56,g0u2000,N7-O9,42818.502657,402533268729564.437500
Fe56_g0u2000,26,56,g0u2000,O8-P10,23249.901429,152130978285637.125000
Fe56_g0u2000,26,56,g0u2000,O9-P10,23222.450736,3449089824672.920898
Fe56_g0u2000,26,56,g0u2000,O9-P11,23233.020929,155430261020922.375000
Fe56_g0u2000,26,56,g0u2000,P10-Q12,14005.447462,68928653157310.640625
Fe56_g0u2000,26,56,g0u2000,P11-Q12,13994.877268,1058641031209.943481
Fe56_g0u2000,26,56,g0u2000,P11-Q13,13999.626751,69947120248014.773438
Fe56_g0u2000,26,56,g0u2000,Q12-R14,9085.358837,34784084640942.824219
Fe56_g0u2000,26,56,g0u2000,Q13-R14,9080.609353,386005797170.181213
Fe56_g0u2000,26,56,g0u2000,Q13-R15,9082.994291,35157083108571.824219
Fe56_g0u2100,26,56,g0u2100,K1-L2,1252192.142220,53220148634649000.000000
Fe56_g0u2100,26,56,g0u2100,K1-L3,1256337.927665,53121449905741336.000000
Fe56_g0u2100,26,56,g0u2100,L2-M4,269424.269728,5197787961164504.000000
Fe56_g0u2100,26,56,g0u2100,L3-M4,265278.484283,1021004034481972.000000
Fe56_g0u2100,26,56,g0u2100,L3-M5,265706.452908,6143813659689077.000000
Fe56_g0u2100,26,56,g0u2100,M4-N6,93031.822755,1225696289150495.500000
Fe56_g0u2100,26,56,g0u2100,M5-N6,92603.854129,86933921532799.609375
Fe56_g0u2100,26,56,g0u2100,M5-N7,92693.520721,1307317192573143.250000
Fe56_g0u2100,26,56,g0u2100,N6-O8,42880.718590,388912713356897.062500
Fe56_g0u2100,26,56,g0u2100,N7-O8,42791.051998,14348990218454.619141
Fe56_g0u2100,26,56,g0u2100,N7-O9,42818.502692,402533269006902.750000
Fe56_g0u2100,26,56,g0u2100,O8-P10,23249.901443,152130978362257.468750
Fe56_g0u2100,26,56,g0u2100,O9-P10,23222.450750,3449089826405.161621
Fe56_g0u2100,26,56,g0u2100,O9-P11,23233.020944,155430261098830.125000
Fe56_g0u2100,26,56,g0u2100,P10-Q12,14005.447468,68928653180152.226562
Fe56_g0u2100,26,56,g0u2100,P11-Q12,13994.877274,1058641031559.756958
Fe56_g0u2100,26,56,g0u2100,P11-Q13,13999.626758,69947120271376.648438
Fe56_g0u2100,26,56,g0u2100,Q12-R14,9085.358839,34784084647983.453125
Fe56_g0u2100,26,56,g0u2100,Q13-R14,9080.609356,386005797248.350708
Fe56_g0u2100,26,56,g0u2100,Q13-R15,9082.994293,35157083115677.136719
Fe56_g0u2300,26,56,g0u2300,K1-L2,1249855.364180,53126861029857232.000000
Fe56_g0u2300,26,56,g0u2300,K1-L3,1253996.027780,53031195001769208.000000
Fe56_g0u2300,26,56,g0u2300,L2-M4,269408.590638,5197554471172879.000000
Fe56_g0u2300,26,56,g0u2300,L3-M4,265267.927038,1020971813407737.500000
Fe56_g0u2300,26,56,g0u2300,L3-M5,265695.889828,6143622128607548.000000
Fe56_g0u2300,26,56,g0u2300,M4-N6,93031.812103,1225696131335977.250000
Fe56_g0u2300,26,56,g0u2300,M5-N6,92603.849313,86933922534250.296875
Fe56_g0u2300,26,56,g0u2300,M5-N7,92693.515903,1307317107618010.750000
Fe56_g0u2300,26,56,g0u2300,N6-O8,42880.718646,388912713809921.937500
Fe56_g0u2300,26,56,g0u2300,N7-O8,42791.052055,14348990235021.259766
Fe56_g0u2300,26,56,g0u2300,N7-O9,42818.502748,402533269473134.312500
Fe56_g0u2300,26,56,g0u2300,O8-P10,23249.901468,152130978490477.062500
Fe56_g0u2300,26,56,g0u2300,O9-P10,23222.450774,3449089829303.910156
Fe56_g0u2300,26,56,g0u2300,O9-P11,23233.020968,155430261229590.718750
Fe56_g0u2300,26,56,g0u2300,P10-Q12,14005.447478,68928653218786.531250
Fe56_g0u2300,26,56,g0u2300,P11-Q12,13994.877284,1058641032151.566528
Fe56_g0u2300,26,56,g0u2300,P11-Q13,13999.626768,69947120310437.289062
Fe56_g0u2300,26,56,g0u2300,Q12-R14,9085.358844,34784084659762.820312
Fe56_g0u2300,26,56,g0u2300,Q13-R14,9080.609360,386005797378.714539
Fe56_g0u2300,26,56,g0u2300,Q13-R15,9082.994298,35157083127543.167969
Fe56_g2u1000,26,56,g2u1000,K1-L2,1252776.049310,53243718671927872.000000
Fe56_g2u1000,26,56,g2u1000,K1-L3,1256923.157223,53144260131310048.000000
Fe56_g2u1000,26,56,g2u1000,L2-M4,269428.634242,5197852746769157.000000
Fe56_g2u1000,26,56,g2u1000,L3-M4,265281.526330,1021013467374488.500000
Fe56_g2u1000,26,56,g2u1000,L3-M5,265709.496645,6143868235950144.000000
Fe56_g2u1000,26,56,g2u1000,M4-N6,93031.823128,1225696254744650.000000
Fe56_g2u1000,26,56,g2u1000,M5-N6,92603.852813,86933919017473.593750
Fe56_g2u1000,26,56,g2u1000,M5-N7,92693.519404,1307317042227463.250000
Fe56_g2u1000,26,56,g2u1000,N6-O8,42880.717377,388912710899203.125000
Fe56_g2u1000,26,56,g2u1000,N7-O8,42791.050787,14348991406789.238281
Fe56_g2u1000,26,56,g2u1000,N7-O9,42818.501485,402533249559360.437500
Fe56_g2u1000,26,56,g2u1000,O8-P10,23249.900924,152130976629592.031250
Fe56_g2u1000,26,56,g2u1000,O9-P10,23222.450225,3449089908519.994141
Fe56_g2u1000,26,56,g2u1000,O9-P11,23233.020428,155430256870858.156250
Fe56_g2u1000,26,56,g2u1000,P10-Q12,14005.447225,68928652156806.468750
Fe56_g2u1000,26,56,g2u1000,P11-Q12,13994.877022,1058640886226.800781
Fe56_g2u1000,26,56,g2u1000,P11-Q13,13999.626515,69947119154326.367188
Fe56_g2u1000,26,56,g2u1000,Q12-R14,9085.358736,34784084381160.835938
Fe56_g2u1000,26,56,g2u1000,Q13-R14,9080.609243,386005758645.541687
Fe56_g2u1000,26,56,g2u1000,Q13-R15,9082.994188,35157082786781.796875
Cu63_g0u0050,29,63,g0u0050,K1-L2,1507829.344468,79802584454971360.000000
Cu63_g0u0050,29,63,g0u0050,K1-L3,1514148.388385,79714819249993600.000000
Cu63_g0u0050,29,63,g0u0050,L2-M4,336520.043908,8073944728053446.000000
Cu63_g0u0050,29,63,g0u0050,L3-M4,330200.999992,1579457043332952.500000
Cu63_g0u0050,29,63,g0u0050,L3-M5,330864.878373,9511089348988268.000000
Cu63_g0u0050,29,63,g0u0050,M4-N6,115947.117305,1900488096274553.000000
Cu63_g0u0050,29,63,g0u0050,M5-N6,115283.238923,134561731194653.437500
Cu63_g0u0050,29,63,g0u0050,M5-N7,115422.224858,2024804587374921.750000
Cu63_g0u0050,29,63,g0u0050,N6-O8,53403.034686,602612574064723.250000
Cu63_g0u0050,29,63,g0u0050,N7-O8,53264.048752,22212604938704.179688
Cu63_g0u0050,29,63,g0u0050,N7-O9,53306.580541,623420866193406.125000
Cu63_g0u0050,29,63,g0u0050,O8-P10,28946.001706,235646707239310.187500
Cu63_g0u0050,29,63,g0u0050,O9-P10,28903.469917,5339355994750.974609
Cu63_g0u0050,29,63,g0u0050,O9-P11,28919.842962,240697342941592.562500
Cu63_g0u0050,29,63,g0u0050,P10-Q12,17433.607052,106746390737081.015625
Cu63_g0u0050,29,63,g0u0050,P11-Q12,17417.234007,1638784136226.201416
Cu63_g0u0050,29,63,g0u0050,P11-Q13,17424.589479,108307753097666.906250
Cu63_g0u0050,29,63,g0u0050,Q12-R14,11307.931971,53860999923600.890625
Cu63_g0u0050,29,63,g0u0050,Q13-R14,11300.576499,597523011626.090698
Cu63_g0u0050,29,63,g0u0050,Q13-R15,11304.269536,54433462810895.992188
Cu63_g0u0100,29,63,g0u0100,K1-L2,1507951.824562,79808844438787952.000000
Cu63_g0u0100,29,63,g0u0100,K1-L3,1514271.215275,79720847990354400.000000
Cu63_g0u0100,29,63,g0u0100,L2-M4,336521.459876,8073994894797689.000000
Cu63_g0u0100,29,63,g0u0100,L3-M4,330202.069163,1579465720992825.250000
Cu63_g0u0100,29,63,g0u0100,L3-M5,330865.950910,9511141497623890.000000
Cu63_g0u0100,29,63,g0u0100,M4-N6,115947.389170,1900496712214224.750000
Cu63_g0u0100,29,63,g0u0100,M5-N6,115283.507423,134562334038264.390625
Cu63_g0u0100,29,63,g0u0100,M5-N7,115422.493976,2024813534634612.750000
Cu63_g0u0100,29,63,g0u0100,N6-O8,53403.142723,602614883558564.500000
Cu63_g0u0100,29,63,g0u0100,N7-O8,53264.156170,22212690111745.410156
Cu63_g0u0100,29,63,g0u0100,N7-O9,53306.688119,623423215213509.000000
Cu63_g0u0100,29,63,g0u0100,O8-P10,28946.048524,235647400243731.218750
Cu63_g0u0100,29,63,g0u0100,O9-P10,28903.516575,5339371699071.663086
Cu63_g0u0100,29,63,g0u0100,O9-P11,28919.889668,240698050922293.031250
Cu63_g0u0100,29,63,g0u0100,P10-Q12,17433.627804,106746621480617.421875
Cu63_g0u0100,29,63,g0u0100,P11-Q12,17417.254711,1638787678916.856201
Cu63_g0u0100,29,63,g0u0100,P11-Q13,17424.610198,108307998268826.328125
Cu63_g0u0100,29,63,g0u0100,Q12-R14,11307.941076,53861074652490.632812
Cu63_g0u0100,29,63,g0u0100,Q13-R14,11300.585589,597523887675.578491
Cu63_g0u0100,29,63,g0u0100,Q13-R15,11304.278631,54433538332489.625000
Cu63_g0u0150,29,63,g0u0150,K1-L2,1507973.132222,79809959933196704.000000
Cu63_g0u0150,29,63,g0u0150,K1-L3,1514292.585861,79721927843160608.000000
Cu63_g0u0150,29,63,g0u0150,L2-M4,336521.794328,8074006457689504.000000
Cu63_g0u0150,29,63,g0u0150,L3-M4,330202.340689,1579467803461668.250000
Cu63_g0u0150,29,63,g0u0150,L3-M5,330866.223284,9511154824622830.000000
Cu63_g0u0150,29,63,g0u0150,M4-N6,115947.455817,1900498874394580.500000
Cu63_g0u0150,29,63,g0u0150,M5-N6,115283.573223,134562479129738.203125
Cu63_g0u0150,29,63,g0u0150,M5-N7,115422.559927,2024815842511362.750000
Cu63_g0u0150,29,63,g0u0150,N6-O8,53403.169192,602615465696812.250000
Cu63_g0u0150,29,63,g0u0150,N7-O8,53264.182488,22212711583382.113281
Cu63_g0u0150,29,63,g0u0150,N7-O9,53306.714476,623423776282862.625000
Cu63_g0u0150,29,63,g0u0150,O8-P10,28946.060000,235647593666830.031250
Cu63_g0u0150,29,63,g0u0150,O9-P10,28903.528012,5339375097755.199219
Cu63_g0u0150,29,63,g0u0150,O9-P11,28919.901116,240698233754603.500000
Cu63_g0u0150,29,63,g0u0150,P10-Q12,17433.632893,106746667821418.390625
Cu63_g0u0150,29,63,g0u0150,P11-Q12,17417.259788,1638788390077.535156
Cu63_g0u0150,29,63,g0u0150,P11-Q13,17424.615280,108308045287495.750000
Cu63_g0u0150,29,63,g0u0150,Q12-R14,11307.943311,53861091074351.304688
Cu63_g0u0150,29,63,g0u0150,Q13-R14,11300.587820,597524069821.697021
Cu63_g0u0150,29,63,g0u0150,Q13-R15,11304.280863,54433559206333.976562
Cu63_g0u0200,29,63,g0u0200,K1-L2,1507980.380630,79810342553446496.000000
Cu63_g0u0200,29,63,g0u0200,K1-L3,1514299.856499,79722302373978400.000000
Cu63_g0u0200,29,63,g0u0200,L2-M4,336521.927870,8074011587039317.000000
Cu63_g0u0200,29,63,g0u0200,L3-M4,330202.452001,1579468706297309.000000
Cu63_g0u0200,29,63,g0u0200,L3-M5,330866.334947,9511160248740386.000000
Cu63_g0u0200,29,63,g0u0200,M4-N6,115947.483541,1900499639011151.750000
Cu63_g0u0200,29,63,g0u0200,M5-N6,115283.600595,134562541620675.859375
Cu63_g0u0200,29,63,g0u0200,M5-N7,115422.587363,2024816658469975.250000
Cu63_g0u0200,29,63,g0u0200,N6-O8,53403.180206,602615654680606.000000
Cu63_g0u0200,29,63,g0u0200,N7-O8,53264.193438,22212718545356.328125
Cu63_g0u0200,29,63,g0u0200,N7-O9,53306.725442,623424013371758.375000
Cu63_g0u0200,29,63,g0u0200,O8-P10,28946.064775,235647654940711.031250
Cu63_g0u0200,29,63,g0u0200,O9-P10,28903.532771,5339377143062.794922
Cu63_g0u0200,29,63,g0u0200,O9-P11,28919.905881,240698296349556.875000
Cu63_g0u0200,29,63,g0u0200,P10-Q12,17433.635012,106746699814386.296875
Cu63_g0u0200,29,63,g0u0200,P11-Q12,17417.261902,1638788714154.087158
Cu63_g0u0200,29,63,g0u0200,P11-Q13,17424.617395,108308066709587.484375
Cu63_g0u0200,29,63,g0u0200,Q12-R14,11307.944241,53861098619955.265625
Cu63_g0u0200,29,63,g0u0200,Q13-R14,11300.588749,597524153528.795410
Cu63_g0u0200,29,63,g0u0200,Q13-R15,11304.281793,54433566832075.679688
Cu63_g0u0250,29,63,g0u0250,K1-L2,1507983.706603,79810526636809760.000000
Cu63_g0u0250,29,63,g0u0250,K1-L3,1514303.192901,79722474082415248.000000
Cu63_g0u0250,29,63,g0u0250,L2-M4,336521.995561,8074014549054561.000000
Cu63_g0u0250,29,63,g0u0250,L3-M4,330202.509263,1579469168022537.500000
Cu63_g0u0250,29,63,g0u0250,L3-M5,330866.392394,9511162212922932.000000
Cu63_g0u0250,29,63,g0u0250,M4-N6,115947.498106,1900500090045921.000000
Cu63_g0u0250,29,63,g0u0250,M5-N6,115283.614976,134562573609506.421875
Cu63_g0u0250,29,63,g0u0250,M5-N7,115422.601777,2024817139864087.250000
Cu63_g0u0250,29,63,g0u0250,N6-O8,53403.185992,602615792016743.500000
Cu63_g0u0250,29,63,g0u0250,N7-O8,53264.199192,22212723612481.906250
Cu63_g0u0250,29,63,g0u0250,N7-O9,53306.731204,623424155534687.375000
Cu63_g0u0250,29,63,g0u0250,O8-P10,28946.067285,235647686403336.843750
Cu63_g0u0250,29,63,g0u0250,O9-P10,28903.535272,5339378184361.762695
Cu63_g0u0250,29,63,g0u0250,O9-P11,28919.908384,240698343269149.843750
Cu63_g0u0250,29,63,g0u0250,P10-Q12,17433.636125,106746705192625.390625
Cu63_g0u0250,29,63,g0u0250,P11-Q12,17417.263013,1638788963896.310547
Cu63_g0u0250,29,63,g0u0250,P11-Q13,17424.618506,108308083207193.531250
Cu63_g0u0250,29,63,g0u0250,Q12-R14,11307.944730,53861104594135.500000
Cu63_g0u0250,29,63,g0u0250,Q13-R14,11300.589237,597524172810.132690
Cu63_g0u0250,29,63,g0u0250,Q13-R15,11304.282281,54433572869934.507812
Cu63_g0u0300,29,63,g0u0300,K1-L2,1507985.510329,79810625631192192.000000
Cu63_g0u0300,29,63,g0u0300,K1-L3,1514305.002370,79722569585205216.000000
Cu63_g0u0300,29,63,g0u0300,L2-M4,336522.035063,8074015789707883.000000
Cu63_g0u0300,29,63,g0u0300,L3-M4,330202.543022,1579469418551700.500000
Cu63_g0u0300,29,63,g0u0300,L3-M5,330866.426262,9511163720247868.000000
Cu63_g0u0300,29,63,g0u0300,M4-N6,115947.506854,1900500453857631.250000
Cu63_g0u0300,29,63,g0u0300,M5-N6,115283.623613,134562599463159.234375
Cu63_g0u0300,29,63,g0u0300,M5-N7,115422.610434,2024817528292955.250000
Cu63_g0u0300,29,63,g0u0300,N6-O8,53403.189468,602615866442111.250000
Cu63_g0u0300,29,63,g0u0300,N7-O8,53264.202648,22212726357268.234375
Cu63_g0u0300,29,63,g0u0300,N7-O9,53306.734665,623424232571820.875000
Cu63_g0u0300,29,63,g0u0300,O8-P10,28946.068792,235647696615820.250000
Cu63_g0u0300,29,63,g0u0300,O9-P10,28903.536774,5339378414968.000000
Cu63_g0u0300,29,63,g0u0300,O9-P11,28919.909888,240698353697848.968750
Cu63_g0u0300,29,63,g0u0300,P10-Q12,17433.636794,106746719303831.468750
Cu63_g0u0300,29,63,g0u0300,P11-Q12,17417.263680,1638789180763.326416
Cu63_g0u0300,29,63,g0u0300,P11-Q13,17424.619174,108308086484736.156250
Cu63_g0u0300,29,63,g0u0300,Q12-R14,11307.945024,53861105640442.906250
Cu63_g0u0300,29,63,g0u0300,Q13-R14,11300.589530,597524231422.522461
Cu63_g0u0300,29,63,g0u0300,Q13-R15,11304.282575,54433573927112.289062
Cu63_g0u0350,29,63,g0u0350,K1-L2,1507986.599022,79810681821267248.000000
Cu63_g0u0350,29,63,g0u0350,K1-L3,1514306.094572,79722629617225008.000000
Cu63_g0u0350,29,63,g0u0350,L2-M4,336522.060356,8074016840224119.000000
Cu63_g0u0350,29,63,g0u0350,L3-M4,330202.564806,1579469630064722.000000
Cu63_g0u0350,29,63,g0u0350,L3-M5,330866.448118,9511164989555526.000000
Cu63_g0u0350,29,63,g0u0350,M4-N6,115947.512586,1900500539841414.250000
Cu63_g0u0350,29,63,g0u0350,M5-N6,115283.629274,134562605510952.875000
Cu63_g0u0350,29,63,g0u0350,M5-N7,115422.616108,2024817619935164.250000
Cu63_g0u0350,29,63,g0u0350,N6-O8,53403.191746,602615888957051.375000
Cu63_g0u0350,29,63,g0u0350,N7-O8,53264.204913,22212727183295.777344
Cu63_g0u0350,29,63,g0u0350,N7-O9,53306.736934,623424297364673.125000
Cu63_g0u0350,29,63,g0u0350,O8-P10,28946.069780,235647732233033.750000
Cu63_g0u0350,29,63,g0u0350,O9-P10,28903.537759,5339378566111.416016
Cu63_g0u0350,29,63,g0u0350,O9-P11,28919.910874,240698390092964.968750
Cu63_g0u0350,29,63,g0u0350,P10-Q12,17433.637232,106746721421732.375000
Cu63_g0u0350,29,63,g0u0350,P11-Q12,17417.264117,1638789213192.615479
Cu63_g0u0350,29,63,g0u0350,P11-Q13,17424.619612,108308099675342.859375
Cu63_g0u0350,29,63,g0u0350,Q12-R14,11307.945217,53861106326455.445312
Cu63_g0u0350,29,63,g0u0350,Q13-R14,11300.589723,597524239016.998901
Cu63_g0u0350,29,63,g0u0350,Q13-R15,11304.282767,54433574620109.039062
Cu63_g0u0400,29,63,g0u0400,K1-L2,1507987.307136,79810725479764016.000000
Cu63_g0u0400,29,63,g0u0400,K1-L3,1514306.804991,79722665962462176.000000
Cu63_g0u0400,29,63,g0u0400,L2-M4,336522.077650,8074017780131677.000000
Cu63_g0u0400,29,63,g0u0400,L3-M4,330202.579794,1579469818989637.750000
Cu63_g0u0400,29,63,g0u0400,L3-M5,330866.463156,9511166121071838.000000
Cu63_g0u0400,29,63,g0u0400,M4-N6,115947.516582,1900500599774850.250000
Cu63_g0u0400,29,63,g0u0400,M5-N6,115283.633220,134562618039505.375000
Cu63_g0u0400,29,63,g0u0400,M5-N7,115422.620063,2024817683811979.250000
Cu63_g0u0400,29,63,g0u0400,N6-O8,53403.193334,602615944724186.000000
Cu63_g0u0400,29,63,g0u0400,N7-O8,53264.206492,22212729243549.687500
Cu63_g0u0400,29,63,g0u0400,N7-O9,53306.738515,623424313597912.625000
Cu63_g0u0400,29,63,g0u0400,O8-P10,28946.070469,235647736899120.156250
Cu63_g0u0400,29,63,g0u0400,O9-P10,28903.538445,5339379328884.199219
Cu63_g0u0400,29,63,g0u0400,O9-P11,28919.911561,240698394857705.812500
Cu63_g0u0400,29,63,g0u0400,P10-Q12,17433.637537,106746722897986.625000
Cu63_g0u0400,29,63,g0u0400,P11-Q12,17417.264422,1638789235796.825195
Cu63_g0u0400,29,63,g0u0400,P11-Q13,17424.619917,108308101172851.890625
Cu63_g0u0400,29,63,g0u0400,Q12-R14,11307.945351,53861111036981.679688
Cu63_g0u0400,29,63,g0u0400,Q13-R14,11300.589857,597524244309.050537
Cu63_g0u0400,29,63,g0u0400,Q13-R15,11304.282901,54433575103376.382812
Cu63_g0u0450,29,63,g0u0450,K1-L2,1507987.793901,79810750748149328.000000
Cu63_g0u0450,29,63,g0u0450,K1-L3,1514307.293357,79722690364399440.000000
Cu63_g0u0450,29,63,g0u0450,L2-M4,336522.090067,8074017971343143.000000
Cu63_g0u0450,29,63,g0u0450,L3-M4,330202.590611,1579469857497561.250000
Cu63_g0u0450,29,63,g0u0450,L3-M5,330866.474010,9511166355923222.000000
Cu63_g0u0450,29,63,g0u0450,M4-N6,115947.519497,1900500876130689.750000
Cu63_g0u0450,29,63,g0u0450,M5-N6,115283.636099,134562621115537.843750
Cu63_g0u0450,29,63,g0u0450,M5-N7,115422.622948,2024817730423842.000000
Cu63_g0u0450,29,63,g0u0450,N6-O8,53403.194493,602615956176695.750000
Cu63_g0u0450,29,63,g0u0450,N7-O8,53264.207644,22212729663719.492188
Cu63_g0u0450,29,63,g0u0450,N7-O9,53306.739669,623424366948336.250000
Cu63_g0u0450,29,63,g0u0450,O8-P10,28946.070971,235647740303686.625000
Cu63_g0u0450,29,63,g0u0450,O9-P10,28903.538946,5339379405762.291992
Cu63_g0u0450,29,63,g0u0450,O9-P11,28919.912062,240698398334668.562500
Cu63_g0u0450,29,63,g0u0450,P10-Q12,17433.637760,106746723975421.625000
Cu63_g0u0450,29,63,g0u0450,P11-Q12,17417.264645,1638789252294.589355
Cu63_g0u0450,29,63,g0u0450,P11-Q13,17424.620139,108308102265765.781250
Cu63_g0u0450,29,63,g0u0450,Q12-R14,11307.945449,53861111385957.007812
Cu63_g0u0450,29,63,g0u0450,Q13-R14,11300.589954,597524248172.561279
Cu63_g0u0450,29,63,g0u0450,Q13-R15,11304.282999,54433575455889.273438
Cu63_g0u0500,29,63,g0u0500,K1-L2,1507988.143085,79810763738882480.000000
Cu63_g0u0500,29,63,g0u0500,K1-L3,1514307.643698,79722708719989920.000000
Cu63_g0u0500,29,63,g0u0500,L2-M4,336522.099325,8074018116609229.000000
Cu63_g0u0500,29,63,g0u0500,L3-M4,330202.598713,1579469886686867.000000
Cu63_g0u0500,29,63,g0u0500,L3-M5,330866.482138,9511166533933274.000000
Cu63_g0u0500,29,63,g0u0500,M4-N6,115947.521701,1900500909194528.000000
Cu63_g0u0500,29,63,g0u0500,M5-N6,115283.638275,134562623441088.109375
Cu63_g0u0500,29,63,g0u0500,M5-N7,115422.625130,2024818014266778.500000
Cu63_g0u0500,29,63,g0u0500,N6-O8,53403.195369,602616004908266.000000
Cu63_g0u0500,29,63,g0u0500,N7-O8,53264.208515,22212731465852.308594
Cu63_g0u0500,29,63,g0u0500,N7-O9,53306.740541,623424375903402.375000
Cu63_g0u0500,29,63,g0u0500,O8-P10,28946.071351,235647742878038.531250
Cu63_g0u0500,29,63,g0u0500,O9-P10,28903.539325,5339379463892.679688
Cu63_g0u0500,29,63,g0u0500,O9-P11,28919.912441,240698400963278.250000
Cu63_g0u0500,29,63,g0u0500,P10-Q12,17433.637929,106746724789955.484375
Cu63_g0u0500,29,63,g0u0500,P11-Q12,17417.264813,1638789264766.431641
Cu63_g0u0500,29,63,g0u0500,P11-Q13,17424.620308,108308103091702.250000
Cu63_g0u0500,29,63,g0u0500,Q12-R14,11307.945523,53861111649956.859375
Cu63_g0u0500,29,63,g0u0500,Q13-R14,11300.590028,597524251094.869629
Cu63_g0u0500,29,63,g0u0500,Q13-R15,11304.283073,54433580000815.398438
Cu63_g0u0550,29,63,g0u0550,K1-L2,1507988.402212,79810782552959632.000000
Cu63_g0u0550,29,63,g0u0550,K1-L3,1514307.903690,79722726897773648.000000
Cu63_g0u0550,29,63,g0u0550,L2-M4,336522.106439,8074018230047618.000000
Cu63_g0u0550,29,63,g0u0550,L3-M4,330202.604962,1579469909437553.250000
Cu63_g0u0550,29,63,g0u0550,L3-M5,330866.488409,9511167483320338.000000
Cu63_g0u0550,29,63,g0u0550,M4-N6,115947.523415,1900500934907990.250000
Cu63_g0u0550,29,63,g0u0550,M5-N6,115283.639968,134562625249638.656250
Cu63_g0u0550,29,63,g0u0550,M5-N7,115422.626826,2024818041670947.000000
Cu63_g0u0550,29,63,g0u0550,N6-O8,53403.196050,602616011640897.875000
Cu63_g0u0550,29,63,g0u0550,N7-O8,53264.209192,22212731712859.015625
Cu63_g0u0550,29,63,g0u0550,N7-O9,53306.741219,623424382867937.625000
Cu63_g0u0550,29,63,g0u0550,O8-P10,28946.071647,235647744880029.031250
Cu63_g0u0550,29,63,g0u0550,O9-P10,28903.539619,5339379509099.137695
Cu63_g0u0550,29,63,g0u0550,O9-P11,28919.912736,240698403007799.343750
Cu63_g0u0550,29,63,g0u0550,P10-Q12,17433.638060,106746736303266.281250
Cu63_g0u0550,29,63,g0u0550,P11-Q12,17417.264944,1638789274462.981934
Cu63_g0u0550,29,63,g0u0550,P11-Q13,17424.620438,108308103734518.921875
Cu63_g0u0550,29,63,g0u0550,Q12-R14,11307.945581,53861111855228.523438
Cu63_g0u0550,29,63,g0u0550,Q13-R14,11300.590086,597524253367.846313
Cu63_g0u0550,29,63,g0u0550,Q13-R15,11304.283130,54433580208097.609375
Cu63_g0u0600,29,63,g0u0600,K1-L2,1507988.599892,79810795215436176.000000
Cu63_g0u0600,29,63,g0u0600,K1-L3,1514308.102034,79722739135043568.000000
Cu63_g0u0600,29,63,g0u0600,L2-M4,336522.112041,8074018320647910.000000
Cu63_g0u0600,29,63,g0u0600,L3-M4,330202.609899,1579469927578264.250000
Cu63_g0u0600,29,63,g0u0600,L3-M5,330866.493363,9511167593943386.000000
Cu63_g0u0600,29,63,g0u0600,M4-N6,115947.524779,1900500955370486.000000
Cu63_g0u0600,29,63,g0u0600,M5-N6,115283.641315,134562626688857.375000
Cu63_g0u0600,29,63,g0u0600,M5-N7,115422.628176,2024818063480812.750000
Cu63_g0u0600,29,63,g0u0600,N6-O8,53403.196592,602616016999746.000000
Cu63_g0u0600,29,63,g0u0600,N7-O8,53264.209731,22212731909464.894531
Cu63_g0u0600,29,63,g0u0600,N7-O9,53306.741759,623424388410872.125000
Cu63_g0u0600,29,63,g0u0600,O8-P10,28946.071882,235647746473447.937500
Cu63_g0u0600,29,63,g0u0600,O9-P10,28903.539853,5339379545080.128906
Cu63_g0u0600,29,63,g0u0600,O9-P11,28919.912970,240698404634526.812500
Cu63_g0u0600,29,63,g0u0600,P10-Q12,17433.638164,106746736807446.015625
Cu63_g0u0600,29,63,g0u0600,P11-Q12,17417.265048,1638789282182.546875
Cu63_g0u0600,29,63,g0u0600,P11-Q13,17424.620543,108308104245896.734375
Cu63_g0u0600,29,63,g0u0600,Q12-R14,11307.945627,53861112018570.281250
Cu63_g0u0600,29,63,g0u0600,Q13-R14,11300.590132,597524255176.144043
Cu63_g0u0600,29,63,g0u0600,Q13-R15,11304.283176,54433580373127.890625
Cu63_g0u0700,29,63,g0u0700,K1-L2,1507988.876990,79810808219153392.000000
Cu63_g0u0700,29,63,g0u0700,K1-L3,1514308.380073,79722751709353376.000000
Cu63_g0u0700,29,63,g0u0700,L2-M4,336522.120224,8074018455331667.000000
Cu63_g0u0700,29,63,g0u0700,L3-M4,330202.617141,1579469954491918.000000
Cu63_g0u0700,29,63,g0u0700,L3-M5,330866.500630,9511167758061698.000000
Cu63_g0u0700,29,63,g0u0700,M4-N6,115947.526797,1900500985656687.750000
Cu63_g0u0700,29,63,g0u0700,M5-N6,115283.643308,134562628819014.171875
Cu63_g0u0700,29,63,g0u0700,M5-N7,115422.630174,2024818095758539.500000
Cu63_g0u0700,29,63,g0u0700,N6-O8,53403.197395,602616024930471.250000
Cu63_g0u0700,29,63,g0u0700,N7-O8,53264.210529,22212732200426.992188
Cu63_g0u0700,29,63,g0u0700,N7-O9,53306.742558,623424396613876.250000
Cu63_g0u0700,29,63,g0u0700,O8-P10,28946.072230,235647748831256.937500
Cu63_g0u0700,29,63,g0u0700,O9-P10,28903.540200,5339379598320.840820
Cu63_g0u0700,29,63,g0u0700,O9-P11,28919.913317,240698407042766.750000
Cu63_g0u0700,29,63,g0u0700,P10-Q12,17433.638319,106746737553633.890625
Cu63_g0u0700,29,63,g0u0700,P11-Q12,17417.265202,1638789293608.557617
Cu63_g0u0700,29,63,g0u0700,P11-Q13,17424.620697,108308105002810.281250
Cu63_g0u0700,29,63,g0u0700,Q12-R14,11307.945694,53861112260314.015625
Cu63_g0u0700,29,63,g0u0700,Q13-R14,11300.590199,597524304881.255127
Cu63_g0u0700,29,63,g0u0700,Q13-R15,11304.283244,54433580617382.539062
Cu63_g0u0800,29,63,g0u0800,K1-L2,1507989.057891,79810820952318160.000000
Cu63_g0u0800,29,63,g0u0800,K1-L3,1514308.561596,79722764021812480.000000
Cu63_g0u0800,29,63,g0u0800,L2-M4,336522.125844,8074019229109964.000000
Cu63_g0u0800,29,63,g0u0800,L3-M4,330202.622140,1579469973312839.250000
Cu63_g0u0800,29,63,g0u0800,L3-M5,330866.505646,9511167872825130.000000
Cu63_g0u0800,29,63,g0u0800,M4-N6,115947.528205,1900501006778030.500000
Cu63_g0u0800,29,63,g0u0800,M5-N6,115283.644699,134562646930722.703125
Cu63_g0u0800,29,63,g0u0800,M5-N7,115422.631568,2024818118268153.500000
Cu63_g0u0800,29,63,g0u0800,N6-O8,53403.197954,602616030461092.000000
Cu63_g0u0800,29,63,g0u0800,N7-O8,53264.211085,22212732403334.179688
Cu63_g0u0800,29,63,g0u0800,N7-O9,53306.743115,623424443839437.250000
Cu63_g0u0800,29,63,g0u0800,O8-P10,28946.072472,235647750476008.500000
Cu63_g0u0800,29,63,g0u0800,O9-P10,28903.540442,5339379635461.171875
Cu63_g0u0800,29,63,g0u0800,O9-P11,28919.913560,240698408722111.031250
Cu63_g0u0800,29,63,g0u0800,P10-Q12,17433.638427,106746738074025.984375
Cu63_g0u0800,29,63,g0u0800,P11-Q12,17417.265309,1638789468968.409912
Cu63_g0u0800,29,63,g0u0800,P11-Q13,17424.620804,108308105530570.203125
Cu63_g0u0800,29,63,g0u0800,Q12-R14,11307.945742,53861112428721.453125
Cu63_g0u0800,29,63,g0u0800,Q13-R14,11300.590247,597524306745.492676
Cu63_g0u0800,29,63,g0u0800,Q13-R15,11304.283291,54433580787512.101562
Cu63_g0u0900,29,63,g0u0900,K1-L2,1507989.182615,79810827498107536.000000
Cu63_g0u0900,29,63,g0u0900,K1-L3,1514308.686752,79722764550070016.000000
Cu63_g0u0900,29,63,g0u0900,L2-M4,336522.129894,8074019298302648.000000
Cu63_g0u0900,29,63,g0u0900,L3-M4,330202.625757,1579470123397767.500000
Cu63_g0u0900,29,63,g0u0900,L3-M5,330866.509276,9511167956786806.000000
Cu63_g0u0900,29,63,g0u0900,M4-N6,115947.529233,1900501022196721.500000
Cu63_g0u0900,29,63,g0u0900,M5-N6,115283.645713,134562648015172.296875
Cu63_g0u0900,29,63,g0u0900,M5-N7,115422.632585,2024818134700237.000000
Cu63_g0u0900,29,63,g0u0900,N6-O8,53403.198363,602616034498667.125000
Cu63_g0u0900,29,63,g0u0900,N7-O8,53264.211491,22212732551464.652344
Cu63_g0u0900,29,63,g0u0900,N7-O9,53306.743522,623424448015386.125000
Cu63_g0u0900,29,63,g0u0900,O8-P10,28946.072650,235647780600188.343750
Cu63_g0u0900,29,63,g0u0900,O9-P10,28903.540619,5339379662567.743164
Cu63_g0u0900,29,63,g0u0900,O9-P11,28919.913736,240698409947847.812500
Cu63_g0u0900,29,63,g0u0900,P10-Q12,17433.638505,106746738453999.281250
Cu63_g0u0900,29,63,g0u0900,P11-Q12,17417.265388,1638789474786.328613
Cu63_g0u0900,29,63,g0u0900,P11-Q13,17424.620883,108308105915795.500000
Cu63_g0u0900,29,63,g0u0900,Q12-R14,11307.945776,53861112551775.390625
Cu63_g0u0900,29,63,g0u0900,Q13-R14,11300.590281,597524308107.592285
Cu63_g0u0900,29,63,g0u0900,Q13-R15,11304.283326,54433580911958.882812
Cu63_g0u1000,29,63,g0u1000,K1-L2,1507989.272311,79810833923322096.000000
Cu63_g0u1000,29,63,g0u1000,K1-L3,1514308.776762,79722770766556320.000000
Cu63_g0u1000,29,63,g0u1000,L2-M4,336522.132925,8074019350808509.000000
Cu63_g0u1000,29,63,g0u1000,L3-M4,330202.628473,1579470133831054.000000
Cu63_g0u1000,29,63,g0u1000,L3-M5,330866.512002,9511168020403612.000000
Cu63_g0u1000,29,63,g0u1000,M4-N6,115947.530010,1900501033856127.000000
Cu63_g0u1000,29,63,g0u1000,M5-N6,115283.646481,134562648835214.937500
Cu63_g0u1000,29,63,g0u1000,M5-N7,115422.633354,2024818147126902.000000
Cu63_g0u1000,29,63,g0u1000,N6-O8,53403.198672,602616077625823.125000
Cu63_g0u1000,29,63,g0u1000,N7-O8,53264.211798,22212734147983.308594
Cu63_g0u1000,29,63,g0u1000,N7-O9,53306.743830,623424451173418.750000
Cu63_g0u1000,29,63,g0u1000,O8-P10,28946.072784,235647781508250.593750
Cu63_g0u1000,29,63,g0u1000,O9-P10,28903.540752,5339379683072.090820
Cu63_g0u1000,29,63,g0u1000,O9-P11,28919.913870,240698410874764.187500
Cu63_g0u1000,29,63,g0u1000,P10-Q12,17433.638565,106746738741306.812500
Cu63_g0u1000,29,63,g0u1000,P11-Q12,17417.265447,1638789479185.222168
Cu63_g0u1000,29,63,g0u1000,P11-Q13,17424.620942,108308106207402.328125
Cu63_g0u1000,29,63,g0u1000,Q12-R14,11307.945802,53861112644889.835938
Cu63_g0u1000,29,63,g0u1000,Q13-R14,11300.590307,597524309138.691406
Cu63_g0u1000,29,63,g0u1000,Q13-R15,11304.283352,54433581006007.507812
Cu63_g0u1100,29,63,g0u1100,K1-L2,1507989.339019,79810840262958864.000000
Cu63_g0u1100,29,63,g0u1100,K1-L3,1514308.843707,79722771092830880.000000
Cu63_g0u1100,29,63,g0u1100,L2-M4,336522.135260,8074019391769791.000000
Cu63_g0u1100,29,63,g0u1100,L3-M4,330202.630572,1579470141959810.500000
Cu63_g0u1100,29,63,g0u1100,L3-M5,330866.514108,9511168880611318.000000
Cu63_g0u1100,29,63,g0u1100,M4-N6,115947.530614,1900501042926779.500000
Cu63_g0u1100,29,63,g0u1100,M5-N6,115283.647078,134562649473179.859375
Cu63_g0u1100,29,63,g0u1100,M5-N7,115422.633952,2024818156793381.500000
Cu63_g0u1100,29,63,g0u1100,N6-O8,53403.198912,602616080000823.625000
Cu63_g0u1100,29,63,g0u1100,N7-O8,53264.212037,22212734235117.121094
Cu63_g0u1100,29,63,g0u1100,N7-O9,53306.744069,623424453630783.250000
Cu63_g0u1100,29,63,g0u1100,O8-P10,28946.072888,235647782214160.343750
Cu63_g0u1100,29,63,g0u1100,O9-P10,28903.540856,5339379699012.710938
Cu63_g0u1100,29,63,g0u1100,O9-P11,28919.913974,240698411595929.125000
Cu63_g0u1100,29,63,g0u1100,P10-Q12,17433.638611,106746738964856.968750
Cu63_g0u1100,29,63,g0u1100,P11-Q12,17417.265493,1638789482608.326660
Cu63_g0u1100,29,63,g0u1100,P11-Q13,17424.620988,108308106433931.234375
Cu63_g0u1100,29,63,g0u1100,Q12-R14,11307.945823,53861112717376.492188
Cu63_g0u1100,29,63,g0u1100,Q13-R14,11300.590327,597524309940.903442
Cu63_g0u1100,29,63,g0u1100,Q13-R15,11304.283372,54433581079001.906250
Cu63_g0u1200,29,63,g0u1200,K1-L2,1507989.390011,79810840529040720.000000
Cu63_g0u1200,29,63,g0u1200,K1-L3,1514308.894880,79722777163614176.000000
Cu63_g0u1200,29,63,g0u1200,L2-M4,336522.137104,8074019424456843.000000
Cu63_g0u1200,29,63,g0u1200,L3-M4,330202.632234,1579470148439369.250000
Cu63_g0u1200,29,63,g0u1200,L3-M5,330866.515776,9511168920117148.000000
Cu63_g0u1200,29,63,g0u1200,M4-N6,115947.531095,1900501050145973.000000
Cu63_g0u1200,29,63,g0u1200,M5-N6,115283.647553,134562649980926.859375
Cu63_g0u1200,29,63,g0u1200,M5-N7,115422.634429,2024818164487974.250000
Cu63_g0u1200,29,63,g0u1200,N6-O8,53403.199103,602616081891360.250000
Cu63_g0u1200,29,63,g0u1200,N7-O8,53264.212227,22212734304477.218750
Cu63_g0u1200,29,63,g0u1200,N7-O9,53306.744259,623424455586102.125000
Cu63_g0u1200,29,63,g0u1200,O8-P10,28946.072971,235647782776604.343750
Cu63_g0u1200,29,63,g0u1200,O9-P10,28903.540939,5339379711712.960938
Cu63_g0u1200,29,63,g0u1200,O9-P11,28919.914057,240698412169963.218750
Cu63_g0u1200,29,63,g0u1200,P10-Q12,17433.638648,106746739142823.828125
Cu63_g0u1200,29,63,g0u1200,P11-Q12,17417.265530,1638789485333.199219
Cu63_g0u1200,29,63,g0u1200,P11-Q13,17424.621025,108308106614392.515625
Cu63_g0u1200,29,63,g0u1200,Q12-R14,11307.945839,53861112774880.507812
Cu63_g0u1200,29,63,g0u1200,Q13-R14,11300.590344,597524310577.505859
Cu63_g0u1200,29,63,g0u1200,Q13-R15,11304.283388,54433581137436.328125
Cu63_g0u1300,29,63,g0u1300,K1-L2,1507989.429761,79810846758928000.000000
Cu63_g0u1300,29,63,g0u1300,K1-L3,1514308.934773,79722777381727040.000000
Cu63_g0u1300,29,63,g0u1300,L2-M4,336522.138588,8074019451042723.000000
Cu63_g0u1300,29,63,g0u1300,L3-M4,330202.633575,1579470153703864.750000
Cu63_g0u1300,29,63,g0u1300,L3-M5,330866.517122,9511168952215346.000000
Cu63_g0u1300,29,63,g0u1300,M4-N6,115947.531485,1900501056003601.500000
Cu63_g0u1300,29,63,g0u1300,M5-N6,115283.647938,134562650392908.234375
Cu63_g0u1300,29,63,g0u1300,M5-N7,115422.634815,2024818170730615.500000
Cu63_g0u1300,29,63,g0u1300,N6-O8,53403.199258,602616083425069.000000
Cu63_g0u1300,29,63,g0u1300,N7-O8,53264.212382,22212734360745.457031
Cu63_g0u1300,29,63,g0u1300,N7-O9,53306.744414,623424457172475.125000
Cu63_g0u1300,29,63,g0u1300,O8-P10,28946.073038,235647783232427.281250
Cu63_g0u1300,29,63,g0u1300,O9-P10,28903.541006,5339379722005.563477
Cu63_g0u1300,29,63,g0u1300,O9-P11,28919.914124,240698412635725.937500
Cu63_g0u1300,29,63,g0u1300,P10-Q12,17433.638678,106746739287157.984375
Cu63_g0u1300,29,63,g0u1300,P11-Q12,17417.265560,1638789487543.384277
Cu63_g0u1300,29,63,g0u1300,P11-Q13,17424.621055,108308106760897.062500
Cu63_g0u1300,29,63,g0u1300,Q12-R14,11307.945852,53861112821677.578125
Cu63_g0u1300,29,63,g0u1300,Q13-R14,11300.590357,597524311095.711792
Cu63_g0u1300,29,63,g0u1300,Q13-R15,11304.283401,54433581184571.218750
Cu63_g0u1400,29,63,g0u1400,K1-L2,1507989.462493,79810846942442624.000000
Cu63_g0u1400,29,63,g0u1400,K1-L3,1514308.967624,79722783370706576.000000
Cu63_g0u1400,29,63,g0u1400,L2-M4,336522.139815,8074019472945703.000000
Cu63_g0u1400,29,63,g0u1400,L3-M4,330202.634684,1579470158041608.750000
Cu63_g0u1400,29,63,g0u1400,L3-M5,330866.518235,9511168978661650.000000
Cu63_g0u1400,29,63,g0u1400,M4-N6,115947.531807,1900501060833477.750000
Cu63_g0u1400,29,63,g0u1400,M5-N6,115283.648256,134562650732606.812500
Cu63_g0u1400,29,63,g0u1400,M5-N7,115422.635134,2024818175878314.500000
Cu63_g0u1400,29,63,g0u1400,N6-O8,53403.199386,602616084690028.750000
Cu63_g0u1400,29,63,g0u1400,N7-O8,53264.212509,22212734407154.187500
Cu63_g0u1400,29,63,g0u1400,N7-O9,53306.744541,623424458480977.500000
Cu63_g0u1400,29,63,g0u1400,O8-P10,28946.073094,235647783608445.906250
Cu63_g0u1400,29,63,g0u1400,O9-P10,28903.541061,5339379730496.412109
Cu63_g0u1400,29,63,g0u1400,O9-P11,28919.914179,240698413019967.281250
Cu63_g0u1400,29,63,g0u1400,P10-Q12,17433.638702,106746739406172.171875
Cu63_g0u1400,29,63,g0u1400,P11-Q12,17417.265584,1638789489365.982422
Cu63_g0u1400,29,63,g0u1400,P11-Q13,17424.621080,108308106881476.578125
Cu63_g0u1400,29,63,g0u1400,Q12-R14,11307.945863,53861112860193.156250
Cu63_g0u1400,29,63,g0u1400,Q13-R14,11300.590367,597524311521.884033
Cu63_g0u1400,29,63,g0u1400,Q13-R15,11304.283412,54433581223617.406250
Cu63_g0u1500,29,63,g0u1500,K1-L2,1507989.485993,79810847095040592.000000
Cu63_g0u1500,29,63,g0u1500,K1-L3,1514308.991210,79722783523642896.000000
Cu63_g0u1500,29,63,g0u1500,L2-M4,336522.140801,8074019491473675.000000
Cu63_g0u1500,29,63,g0u1500,L3-M4,330202.635583,1579470161695554.000000
Cu63_g0u1500,29,63,g0u1500,L3-M5,330866.519138,9511169000938352.000000
Cu63_g0u1500,29,63,g0u1500,M4-N6,115947.532076,1900501064872358.500000
Cu63_g0u1500,29,63,g0u1500,M5-N6,115283.648522,134562651016666.750000
Cu63_g0u1500,29,63,g0u1500,M5-N7,115422.635400,2024818180182290.500000
Cu63_g0u1500,29,63,g0u1500,N6-O8,53403.199493,602616085747518.875000
Cu63_g0u1500,29,63,g0u1500,N7-O8,53264.212615,22212734445952.152344
Cu63_g0u1500,29,63,g0u1500,N7-O9,53306.744648,623424459574493.125000
Cu63_g0u1500,29,63,g0u1500,O8-P10,28946.073140,235647783923185.656250
Cu63_g0u1500,29,63,g0u1500,O9-P10,28903.541108,5339379737603.330078
Cu63_g0u1500,29,63,g0u1500,O9-P11,28919.914226,240698442900618.187500
Cu63_g0u1500,29,63,g0u1500,P10-Q12,17433.638723,106746739505480.593750
Cu63_g0u1500,29,63,g0u1500,P11-Q12,17417.265605,1638789490886.364014
Cu63_g0u1500,29,63,g0u1500,P11-Q13,17424.621100,108308106982476.125000
Cu63_g0u1500,29,63,g0u1500,Q12-R14,11307.945872,53861112892476.664062
Cu63_g0u1500,29,63,g0u1500,Q13-R14,11300.590376,597524311879.502197
Cu63_g0u1500,29,63,g0u1500,Q13-R15,11304.283421,54433581256145.187500
Cu63_g0u1600,29,63,g0u1600,K1-L2,1507989.486848,79810847195269056.000000
Cu63_g0u1600,29,63,g0u1600,K1-L3,1514308.992075,79722783629022832.000000
Cu63_g0u1600,29,63,g0u1600,L2-M4,336522.141400,8074019508405396.000000
Cu63_g0u1600,29,63,g0u1600,L3-M4,330202.636173,1579470164954046.000000
Cu63_g0u1600,29,63,g0u1600,L3-M5,330866.519730,9511169020787454.000000
Cu63_g0u1600,29,63,g0u1600,M4-N6,115947.532304,1900501300912036.500000
Cu63_g0u1600,29,63,g0u1600,M5-N6,115283.648747,134562651256998.625000
Cu63_g0u1600,29,63,g0u1600,M5-N7,115422.635625,2024818183824197.500000
Cu63_g0u1600,29,63,g0u1600,N6-O8,53403.199584,602616086641882.000000
Cu63_g0u1600,29,63,g0u1600,N7-O8,53264.212705,22212734478763.671875
Cu63_g0u1600,29,63,g0u1600,N7-O9,53306.744738,623424460500645.250000
Cu63_g0u1600,29,63,g0u1600,O8-P10,28946.073179,235647784189009.750000
Cu63_g0u1600,29,63,g0u1600,O9-P10,28903.541147,5339379743606.485352
Cu63_g0u1600,29,63,g0u1600,O9-P11,28919.914265,240698443172487.718750
Cu63_g0u1600,29,63,g0u1600,P10-Q12,17433.638740,106746739589779.921875
Cu63_g0u1600,29,63,g0u1600,P11-Q12,17417.265622,1638789492177.461426
Cu63_g0u1600,29,63,g0u1600,P11-Q13,17424.621118,108308107067992.250000
Cu63_g0u1600,29,63,g0u1600,Q12-R14,11307.945880,53861112919767.757812
Cu63_g0u1600,29,63,g0u1600,Q13-R14,11300.590384,597524312181.712769
Cu63_g0u1600,29,63,g0u1600,Q13-R15,11304.283429,54433581283629.960938
Cu63_g0u1700,29,63,g0u1700,K1-L2,1507989.054742,79810823027024304.000000
Cu63_g0u1700,29,63,g0u1700,K1-L3,1514308.558589,79722766197132720.000000
Cu63_g0u1700,29,63,g0u1700,L2-M4,336522.137224,8074019548063081.000000
Cu63_g0u1700,29,63,g0u1700,L3-M4,330202.633377,1579470170975091.000000
Cu63_g0u1700,29,63,g0u1700,L3-M5,330866.516934,9511169057203060.000000
Cu63_g0u1700,29,63,g0u1700,M4-N6,115947.532493,1900501303849907.500000
Cu63_g0u1700,29,63,g0u1700,M5-N6,115283.648937,134562651463050.578125
Cu63_g0u1700,29,63,g0u1700,M5-N7,115422.635815,2024818186946568.000000
Cu63_g0u1700,29,63,g0u1700,N6-O8,53403.199661,602616087407079.875000
Cu63_g0u1700,29,63,g0u1700,N7-O8,53264.212782,22212734506836.832031
Cu63_g0u1700,29,63,g0u1700,N7-O9,53306.744815,623424461291407.250000
Cu63_g0u1700,29,63,g0u1700,O8-P10,28946.073213,235647784416669.843750
Cu63_g0u1700,29,63,g0u1700,O9-P10,28903.541180,5339379748746.515625
Cu63_g0u1700,29,63,g0u1700,O9-P11,28919.914298,240698443404629.187500
Cu63_g0u1700,29,63,g0u1700,P10-Q12,17433.638755,106746739661587.921875
Cu63_g0u1700,29,63,g0u1700,P11-Q12,17417.265637,1638789493276.647949
Cu63_g0u1700,29,63,g0u1700,P11-Q13,17424.621132,108308107140867.640625
Cu63_g0u1700,29,63,g0u1700,Q12-R14,11307.945886,53861112943009.179688
Cu63_g0u1700,29,63,g0u1700,Q13-R14,11300.590391,597524312438.902100
Cu63_g0u1700,29,63,g0u1700,Q13-R15,11304.283435,54433581307302.507812
Cu63_g0u1800,29,63,g0u1800,K1-L2,1507989.255322,79810836531797712.000000
Cu63_g0u1800,29,63,g0u1800,K1-L3,1514308.760012,79722773428716752.000000
Cu63_g0u1800,29,63,g0u1800,L2-M4,336522.141759,8074019539174095.000000
Cu63_g0u1800,29,63,g0u1800,L3-M4,330202.637068,1579470170268515.500000
Cu63_g0u1800,29,63,g0u1800,L3-M5,330866.520629,9511169053151188.000000
Cu63_g0u1800,29,63,g0u1800,M4-N6,115947.532667,1900501306353104.000000
Cu63_g0u1800,29,63,g0u1800,M5-N6,115283.649106,134562651639651.468750
Cu63_g0u1800,29,63,g0u1800,M5-N7,115422.635985,2024818189622357.750000
Cu63_g0u1800,29,63,g0u1800,N6-O8,53403.199728,602616088067975.250000
Cu63_g0u1800,29,63,g0u1800,N7-O8,53264.212849,22212734531084.300781
Cu63_g0u1800,29,63,g0u1800,N7-O9,53306.744882,623424461974468.750000
Cu63_g0u1800,29,63,g0u1800,O8-P10,28946.073242,235647784613058.718750
Cu63_g0u1800,29,63,g0u1800,O9-P10,28903.541209,5339379753181.136719
Cu63_g0u1800,29,63,g0u1800,O9-P11,28919.914327,240698443605009.875000
Cu63_g0u1800,29,63,g0u1800,P10-Q12,17433.638768,106746739723817.703125
Cu63_g0u1800,29,63,g0u1800,P11-Q12,17417.265650,1638789494229.364258
Cu63_g0u1800,29,63,g0u1800,P11-Q13,17424.621145,108308107204073.265625
Cu63_g0u1800,29,63,g0u1800,Q12-R14,11307.945892,53861112963232.890625
Cu63_g0u1800,29,63,g0u1800,Q13-R14,11300.590396,597524312662.999878
Cu63_g0u1800,29,63,g0u1800,Q13-R15,11304.283441,54433581327673.484375
Cu63_g0u1900,29,63,g0u1900,K1-L2,1508009.703611,79811914568475952.000000
Cu63_g0u1900,29,63,g0u1900,K1-L3,1514329.272704,79723821457541936.000000
Cu63_g0u1900,29,63,g0u1900,L2-M4,336522.351996,8074023854348045.000000
Cu63_g0u1900,29,63,g0u1900,L3-M4,330202.782903,1579470847186921.000000
Cu63_g0u1900,29,63,g0u1900,L3-M5,330866.666571,9511172259295020.000000
Cu63_g0u1900,29,63,g0u1900,M4-N6,115947.533018,1900501307893455.250000
Cu63_g0u1900,29,63,g0u1900,M5-N6,115283.649350,134562651771975.359375
Cu63_g0u1900,29,63,g0u1900,M5-N7,115422.636230,2024818191630135.000000
Cu63_g0u1900,29,63,g0u1900,N6-O8,53403.199786,602616088642388.500000
Cu63_g0u1900,29,63,g0u1900,N7-O8,53264.212907,22212734552161.976562
Cu63_g0u1900,29,63,g0u1900,N7-O9,53306.744940,623424462568868.625000
Cu63_g0u1900,29,63,g0u1900,O8-P10,28946.073267,235647784783981.281250
Cu63_g0u1900,29,63,g0u1900,O9-P10,28903.541234,5339379757040.877930
Cu63_g0u1900,29,63,g0u1900,O9-P11,28919.914352,240698443779543.343750
Cu63_g0u1900,29,63,g0u1900,P10-Q12,17433.638779,106746739777939.078125
Cu63_g0u1900,29,63,g0u1900,P11-Q12,17417.265661,1638789495058.115967
Cu63_g0u1900,29,63,g0u1900,P11-Q13,17424.621156,108308107258745.671875
Cu63_g0u1900,29,63,g0u1900,Q12-R14,11307.945897,53861112980786.351562
Cu63_g0u1900,29,63,g0u1900,Q13-R14,11300.590401,597524312857.074585
Cu63_g0u1900,29,63,g0u1900,Q13-R15,11304.283446,54433581345342.750000
Cu63_g0u2000,29,63,g0u2000,K1-L2,1507593.501586,79789608138568256.000000
Cu63_g0u2000,29,63,g0u2000,K1-L3,1513911.717964,79702291839876592.000000
Cu63_g0u2000,29,63,g0u2000,L2-M4,336517.665396,8073937556447675.000000
Cu63_g0u2000,29,63,g0u2000,L3-M4,330199.449018,1579458023443013.250000
Cu63_g0u2000,29,63,g0u2000,L3-M5,330863.330254,9511097016386532.000000
Cu63_g0u2000,29,63,g0u2000,M4-N6,115947.528141,1900501093156866.000000
Cu63_g0u2000,29,63,g0u2000,M5-N6,115283.646905,134562652472601.437500
Cu63_g0u2000,29,63,g0u2000,M5-N7,115422.633784,2024818202173387.500000
Cu63_g0u2000,29,63,g0u2000,N6-O8,53403.199836,602616089148435.500000
Cu63_g0u2000,29,63,g0u2000,N7-O8,53264.212957,22212734570656.875000
Cu63_g0u2000,29,63,g0u2000,N7-O9,53306.744990,623424463091106.000000
Cu63_g0u2000,29,63,g0u2000,O8-P10,28946.073289,235647784933786.218750
Cu63_g0u2000,29,63,g0u2000,O9-P10,28903.541256,5339379760423.840820
Cu63_g0u2000,29,63,g0u2000,O9-P11,28919.914374,240698443932635.562500
Cu63_g0u2000,29,63,g0u2000,P10-Q12,17433.638789,106746739825382.406250
Cu63_g0u2000,29,63,g0u2000,P11-Q12,17417.265671,1638789495784.752686
Cu63_g0u2000,29,63,g0u2000,P11-Q13,17424.621166,108308107307018.343750
Cu63_g0u2000,29,63,g0u2000,Q12-R14,11307.945901,53861112996152.390625
Cu63_g0u2000,29,63,g0u2000,Q13-R14,11300.590406,597524313027.428345
Cu63_g0u2000,29,63,g0u2000,Q13-R15,11304.283450,54433581360823.835938
Cu63_g0u2100,29,63,g0u2100,K1-L2,1516025.497909,80241211615389344.000000
Cu63_g0u2100,29,63,g0u2100,K1-L3,1522371.114514,80137931099650368.000000
Cu63_g0u2100,29,63,g0u2100,L2-M4,336612.814998,8075698270028516.000000
Cu63_g0u2100,29,63,g0u2100,L3-M4,330267.198392,1579716422506722.500000
Cu63_g0u2100,29,63,g0u2100,L3-M5,330931.129017,9512630275686586.000000
Cu63_g0u2100,29,63,g0u2100,M4-N6,115947.629983,1900502515089972.000000
Cu63_g0u2100,29,63,g0u2100,M5-N6,115283.699359,134562707590297.734375
Cu63_g0u2100,29,63,g0u2100,M5-N7,115422.686258,2024818901242644.500000
Cu63_g0u2100,29,63,g0u2100,N6-O8,53403.199911,602616089532709.875000
Cu63_g0u2100,29,63,g0u2100,N7-O8,53264.213012,22212734586181.277344
Cu63_g0u2100,29,63,g0u2100,N7-O9,53306.745045,623424463528370.125000
Cu63_g0u2100,29,63,g0u2100,O8-P10,28946.073309,235647785065705.812500
Cu63_g0u2100,29,63,g0u2100,O9-P10,28903.541276,5339379763402.886719
Cu63_g0u2100,29,63,g0u2100,O9-P11,28919.914394,240698444067556.250000
Cu63_g0u2100,29,63,g0u2100,P10-Q12,17433.638798,106746739867069.781250
Cu63_g0u2100,29,63,g0u2100,P11-Q12,17417.265679,1638789496423.170166
Cu63_g0u2100,29,63,g0u2100,P11-Q13,17424.621175,108308107349482.578125
Cu63_g0u2100,29,63,g0u2100,Q12-R14,11307.945905,53861113009578.945312
Cu63_g0u2100,29,63,g0u2100,Q13-R14,11300.590409,597524313176.193481
Cu63_g0u2100,29,63,g0u2100,Q13-R15,11304.283454,54433581374354.000000
Cu63_g2u1000,29,63,g2u1000,K1-L2,1507991.175768,79810938545980112.000000
Cu63_g2u1000,29,63,g2u1000,K1-L3,1514310.685894,79722857306300384.000000
Cu63_g2u1000,29,63,g2u1000,L2-M4,336522.148061,8074019496333628.000000
Cu63_g2u1000,29,63,g2u1000,L3-M4,330202.637936,1579470366736266.000000
Cu63_g2u1000,29,63,g2u1000,L3-M5,330866.521479,9511167900105884.000000
Cu63_g2u1000,29,63,g2u1000,M4-N6,115947.529280,1900501035453327.500000
Cu63_g2u1000,29,63,g2u1000,M5-N6,115283.645738,134562648544685.625000
Cu63_g2u1000,29,63,g2u1000,M5-N7,115422.632611,2024818119370938.500000
Cu63_g2u1000,29,63,g2u1000,N6-O8,53403.198327,602616044429973.875000
Cu63_g2u1000,29,63,g2u1000,N7-O8,53264.211453,22212734904276.289062
Cu63_g2u1000,29,63,g2u1000,N7-O9,53306.743494,623424432187924.375000
Cu63_g2u1000,29,63,g2u1000,O8-P10,28946.072641,235647783047101.875000
Cu63_g2u1000,29,63,g2u1000,O9-P10,28903.540600,5339379908381.945312
Cu63_g2u1000,29,63,g2u1000,O9-P11,28919.913732,240698408684091.875000
Cu63_g2u1000,29,63,g2u1000,P10-Q12,17433.638636,106746739363123.125000
Cu63_g2u1000,29,63,g2u1000,P11-Q12,17417.265505,1638789497093.076904
Cu63_g2u1000,29,63,g2u1000,P11-Q13,17424.621011,108308106661233.703125
Cu63_g2u1000,29,63,g2u1000,Q12-R14,11307.945775,53861111726750.359375
Cu63_g2u1000,29,63,g2u1000,Q13-R14,11300.590269,597524302502.798340
Cu63_g2u1000,29,63,g2u1000,Q13-R15,11304.283324,54433580005965.742188
Ge74_g0u0050,32,74,g0u0050,K1-L2,1764890.671636,113651965778415200.000000
Ge74_g0u0050,32,74,g0u0050,K1-L3,1774056.893583,113694412828061744.000000
Ge74_g0u0050,32,74,g0u0050,L2-M4,411331.270955,12012136802739824.000000
Ge74_g0u0050,32,74,g0u0050,L3-M4,402165.049008,2339600720768376.500000
Ge74_g0u0050,32,74,g0u0050,L3-M5,403151.552339,14099815526280460.000000
Ge74_g0u0050,32,74,g0u0050,M4-N6,141453.840371,2822996921542070.500000
Ge74_g0u0050,32,74,g0u0050,M5-N6,140467.337039,199496233247328.687500
Ge74_g0u0050,32,74,g0u0050,M5-N7,140673.713328,3003972132368933.000000
Ge74_g0u0050,32,74,g0u0050,N6-O8,65097.879125,894474974295423.375000
Ge74_g0u0050,32,74,g0u0050,N7-O8,64891.502836,32936455244075.066406
Ge74_g0u0050,32,74,g0u0050,N7-O9,64954.629958,924873210287121.500000
Ge74_g0u0050,32,74,g0u0050,O8-P10,35273.176517,349660219400490.875000
Ge74_g0u0050,32,74,g0u0050,O9-P10,35210.049395,7917460686463.032227
Ge74_g0u0050,32,74,g0u0050,O9-P11,35234.344461,357055957410752.062500
Ge74_g0u0050,32,74,g0u0050,P10-Q12,21240.426253,158360904577927.031250
Ge74_g0u0050,32,74,g0u0050,P11-Q12,21216.131188,2430056614856.152344
Ge74_g0u0050,32,74,g0u0050,P11-Q13,21227.043520,160651088158162.406250
Ge74_g0u0050,32,74,g0u0050,Q12-R14,13775.515064,79892807484517.000000
Ge74_g0u0050,32,74,g0u0050,Q13-R14,13764.602731,886013526265.159424
Ge74_g0u0050,32,74,g0u0050,Q13-R15,13770.080849,80733554107756.875000
Ge74_g0u0100,32,74,g0u0100,K1-L2,1765043.144757,113661938098022400.000000
Ge74_g0u0100,32,74,g0u0100,K1-L3,1774209.956155,113704000472944032.000000
Ge74_g0u0100,32,74,g0u0100,L2-M4,411333.391899,12012218641600866.000000
Ge74_g0u0100,32,74,g0u0100,L3-M4,402166.580501,2339614588332795.000000
Ge74_g0u0100,32,74,g0u0100,L3-M5,403153.089023,14099899790276254.000000
Ge74_g0u0100,32,74,g0u0100,M4-N6,141454.178019,2823009671489570.500000
Ge74_g0u0100,32,74,g0u0100,M5-N6,140467.669497,199497156274303.250000
Ge74_g0u0100,32,74,g0u0100,M5-N7,140674.046726,3003985729063787.500000
Ge74_g0u0100,32,74,g0u0100,N6-O8,65098.015825,894478597924456.125000
Ge74_g0u0100,32,74,g0u0100,N7-O8,64891.638596,32936585146012.464844
Ge74_g0u0100,32,74,g0u0100,N7-O9,64954.765965,924876858558558.875000
Ge74_g0u0100,32,74,g0u0100,O8-P10,35273.237423,349661331704933.062500
Ge74_g0u0100,32,74,g0u0100,O9-P10,35210.110053,7917485876134.097656
Ge74_g0u0100,32,74,g0u0100,O9-P11,35234.405195,357057057516422.500000
Ge74_g0u0100,32,74,g0u0100,P10-Q12,21240.454241,158361285681683.187500
Ge74_g0u0100,32,74,g0u0100,P11-Q12,21216.159099,2430062463245.898438
Ge74_g0u0100,32,74,g0u0100,P11-Q13,21227.071458,160651474842696.375000
Ge74_g0u0100,32,74,g0u0100,Q12-R14,13775.527893,79892937075242.484375
Ge74_g0u0100,32,74,g0u0100,Q13-R14,13764.615534,886014963401.521973
Ge74_g0u0100,32,74,g0u0100,Q13-R15,13770.093661,80733685062360.671875
Ge74_g0u0150,32,74,g0u0150,K1-L2,1765069.570068,113663705669809792.000000
Ge74_g0u0150,32,74,g0u0150,K1-L3,1774236.487328,113705703909208928.000000
Ge74_g0u0150,32,74,g0u0150,L2-M4,411333.876113,12012239188453424.000000
Ge74_g0u0150,32,74,g0u0150,L3-M4,402166.958853,2339618136435561.000000
Ge74_g0u0150,32,74,g0u0150,L3-M5,403153.468690,14099920102479330.000000
Ge74_g0u0150,32,74,g0u0150,M4-N6,141454.260912,2823012896867596.000000
Ge74_g0u0150,32,74,g0u0150,M5-N6,140467.751075,199497364503888.125000
Ge74_g0u0150,32,74,g0u0150,M5-N7,140674.128534,3003989169051635.000000
Ge74_g0u0150,32,74,g0u0150,N6-O8,65098.049313,894479495561957.000000
Ge74_g0u0150,32,74,g0u0150,N7-O8,64891.671853,32936618222279.468750
Ge74_g0u0150,32,74,g0u0150,N7-O9,64954.799283,924877686312764.375000
Ge74_g0u0150,32,74,g0u0150,O8-P10,35273.252350,349661598493778.500000
Ge74_g0u0150,32,74,g0u0150,O9-P10,35210.124920,7917491117089.547852
Ge74_g0u0150,32,74,g0u0150,O9-P11,35234.420081,357057330006778.500000
Ge74_g0u0150,32,74,g0u0150,P10-Q12,21240.461106,158361366972465.656250
Ge74_g0u0150,32,74,g0u0150,P11-Q12,21216.165945,2430063914042.923340
Ge74_g0u0150,32,74,g0u0150,P11-Q13,21227.078309,160651570708690.156250
Ge74_g0u0150,32,74,g0u0150,Q12-R14,13775.531039,79892971792627.843750
Ge74_g0u0150,32,74,g0u0150,Q13-R14,13764.618676,886015348443.008301
Ge74_g0u0150,32,74,g0u0150,Q13-R15,13770.096804,80733720142957.765625
Ge74_g0u0200,32,74,g0u0200,K1-L2,1765078.544410,113664317947393312.000000
Ge74_g0u0200,32,74,g0u0200,K1-L3,1774245.498904,113706299176748288.000000
Ge74_g0u0200,32,74,g0u0200,L2-M4,411334.066713,12012247407175296.000000
Ge74_g0u0200,32,74,g0u0200,L3-M4,402167.112219,2339619314879463.000000
Ge74_g0u0200,32,74,g0u0200,L3-M5,403153.622600,14099928180394990.000000
Ge74_g0u0200,32,74,g0u0200,M4-N6,141454.295390,2823014098319535.500000
Ge74_g0u0200,32,74,g0u0200,M5-N6,140467.785009,199497469751173.312500
Ge74_g0u0200,32,74,g0u0200,M5-N7,140674.162565,3003990450209033.000000
Ge74_g0u0200,32,74,g0u0200,N6-O8,65098.063246,894479861216727.875000
Ge74_g0u0200,32,74,g0u0200,N7-O8,64891.685690,32936631694423.175781
Ge74_g0u0200,32,74,g0u0200,N7-O9,64954.813146,924878064644373.375000
Ge74_g0u0200,32,74,g0u0200,O8-P10,35273.258561,349661721331093.625000
Ge74_g0u0200,32,74,g0u0200,O9-P10,35210.131106,7917493899686.768555
Ge74_g0u0200,32,74,g0u0200,O9-P11,35234.426275,357057455474772.625000
Ge74_g0u0200,32,74,g0u0200,P10-Q12,21240.463961,158361410698682.718750
Ge74_g0u0200,32,74,g0u0200,P11-Q12,21216.168792,2430064585252.175781
Ge74_g0u0200,32,74,g0u0200,P11-Q13,21227.081160,160651615116558.406250
Ge74_g0u0200,32,74,g0u0200,Q12-R14,13775.532351,79892982815276.625000
Ge74_g0u0200,32,74,g0u0200,Q13-R14,13764.619983,886015527913.390137
Ge74_g0u0200,32,74,g0u0200,Q13-R15,13770.098113,80733736491580.046875
Ge74_g0u0250,32,74,g0u0250,K1-L2,1765082.659441,113664599905246048.000000
Ge74_g0u0250,32,74,g0u0250,K1-L3,1774249.631348,113706563207614064.000000
Ge74_g0u0250,32,74,g0u0250,L2-M4,411334.162290,12012250370154258.000000
Ge74_g0u0250,32,74,g0u0250,L3-M4,402167.190383,2339620085962272.500000
Ge74_g0u0250,32,74,g0u0250,L3-M5,403153.701047,14099932809311958.000000
Ge74_g0u0250,32,74,g0u0250,M4-N6,141454.313501,2823014998291451.500000
Ge74_g0u0250,32,74,g0u0250,M5-N6,140467.802837,199497513389062.718750
Ge74_g0u0250,32,74,g0u0250,M5-N7,140674.180443,3003991410355907.500000
Ge74_g0u0250,32,74,g0u0250,N6-O8,65098.070567,894479950820615.625000
Ge74_g0u0250,32,74,g0u0250,N7-O8,64891.692961,32936638589362.808594
Ge74_g0u0250,32,74,g0u0250,N7-O9,64954.820429,924878258296275.500000
Ge74_g0u0250,32,74,g0u0250,O8-P10,35273.261825,349661784085952.625000
Ge74_g0u0250,32,74,g0u0250,O9-P10,35210.134357,7917495321115.887695
Ge74_g0u0250,32,74,g0u0250,O9-P11,35234.429529,357057519572766.250000
Ge74_g0u0250,32,74,g0u0250,P10-Q12,21240.465462,158361433025285.093750
Ge74_g0u0250,32,74,g0u0250,P11-Q12,21216.170289,2430064927948.275879
Ge74_g0u0250,32,74,g0u0250,P11-Q13,21227.082658,160651624325670.875000
Ge74_g0u0250,32,74,g0u0250,Q12-R14,13775.533040,79892991054703.531250
Ge74_g0u0250,32,74,g0u0250,Q13-R14,13764.620671,886015619313.273682
Ge74_g0u0250,32,74,g0u0250,Q13-R15,13770.098801,80733739609466.453125
Ge74_g0u0300,32,74,g0u0300,K1-L2,1765084.889963,113664757402919600.000000
Ge74_g0u0300,32,74,g0u0300,K1-L3,1774251.871436,113706714692990032.000000
Ge74_g0u0300,32,74,g0u0300,L2-M4,411334.217591,12012252823773924.000000
Ge74_g0u0300,32,74,g0u0300,L3-M4,402167.236119,2339620583420291.500000
Ge74_g0u0300,32,74,g0u0300,L3-M5,403153.746953,14099935793405756.000000
Ge74_g0u0300,32,74,g0u0300,M4-N6,141454.324378,2823015198788617.000000
Ge74_g0u0300,32,74,g0u0300,M5-N6,140467.813544,199497547681304.156250
Ge74_g0u0300,32,74,g0u0300,M5-N7,140674.191180,3003991926197639.500000
Ge74_g0u0300,32,74,g0u0300,N6-O8,65098.074964,894480102205830.375000
Ge74_g0u0300,32,74,g0u0300,N7-O8,64891.697328,32936644174243.066406
Ge74_g0u0300,32,74,g0u0300,N7-O9,64954.824804,924878414956176.125000
Ge74_g0u0300,32,74,g0u0300,O8-P10,35273.263786,349661800630714.875000
Ge74_g0u0300,32,74,g0u0300,O9-P10,35210.136309,7917496494550.689453
Ge74_g0u0300,32,74,g0u0300,O9-P11,35234.431485,357057572443513.500000
Ge74_g0u0300,32,74,g0u0300,P10-Q12,21240.466364,158361438480570.093750
Ge74_g0u0300,32,74,g0u0300,P11-Q12,21216.171189,2430065011395.661621
Ge74_g0u0300,32,74,g0u0300,P11-Q13,21227.083558,160651643300311.843750
Ge74_g0u0300,32,74,g0u0300,Q12-R14,13775.533453,79892998061785.343750
Ge74_g0u0300,32,74,g0u0300,Q13-R14,13764.621083,886015639823.585327
Ge74_g0u0300,32,74,g0u0300,Q13-R15,13770.099214,80733746691040.781250
Ge74_g0u0350,32,74,g0u0350,K1-L2,1765086.235670,113664852481192960.000000
Ge74_g0u0350,32,74,g0u0350,K1-L3,1774253.222973,113706806179307184.000000
Ge74_g0u0350,32,74,g0u0350,L2-M4,411334.252756,12012255008438140.000000
Ge74_g0u0350,32,74,g0u0350,L3-M4,402167.265453,2339620858682621.500000
Ge74_g0u0350,32,74,g0u0350,L3-M5,403153.776397,14099937447890346.000000
Ge74_g0u0350,32,74,g0u0350,M4-N6,141454.331505,2823015613287298.000000
Ge74_g0u0350,32,74,g0u0350,M5-N6,140467.820561,199497577129963.906250
Ge74_g0u0350,32,74,g0u0350,M5-N7,140674.198217,3003992066110150.500000
Ge74_g0u0350,32,74,g0u0350,N6-O8,65098.077846,894480137481759.250000
Ge74_g0u0350,32,74,g0u0350,N7-O8,64891.700190,32936645465800.425781
Ge74_g0u0350,32,74,g0u0350,N7-O9,64954.827672,924878451425709.625000
Ge74_g0u0350,32,74,g0u0350,O8-P10,35273.265071,349661846687356.312500
Ge74_g0u0350,32,74,g0u0350,O9-P10,35210.137589,7917496739085.501953
Ge74_g0u0350,32,74,g0u0350,O9-P11,35234.432766,357057583513984.500000
Ge74_g0u0350,32,74,g0u0350,P10-Q12,21240.466955,158361455302379.906250
Ge74_g0u0350,32,74,g0u0350,P11-Q12,21216.171778,2430065269887.244141
Ge74_g0u0350,32,74,g0u0350,P11-Q13,21227.084148,160651646926890.531250
Ge74_g0u0350,32,74,g0u0350,Q12-R14,13775.533725,79892999277360.906250
Ge74_g0u0350,32,74,g0u0350,Q13-R14,13764.621354,886015653270.977417
Ge74_g0u0350,32,74,g0u0350,Q13-R15,13770.099485,80733747918824.468750
Ge74_g0u0400,32,74,g0u0400,K1-L2,1765087.110601,113664908738095376.000000
Ge74_g0u0400,32,74,g0u0400,K1-L3,1774254.101729,113706867368354688.000000
Ge74_g0u0400,32,74,g0u0400,L2-M4,411334.276661,12012256209736660.000000
Ge74_g0u0400,32,74,g0u0400,L3-M4,402167.285533,2339621101234362.500000
Ge74_g0u0400,32,74,g0u0400,L3-M5,403153.796554,14099938901988992.000000
Ge74_g0u0400,32,74,g0u0400,M4-N6,141454.336473,2823015704884925.000000
Ge74_g0u0400,32,74,g0u0400,M5-N6,140467.825452,199497583551381.062500
Ge74_g0u0400,32,74,g0u0400,M5-N7,140674.203122,3003992163631193.500000
Ge74_g0u0400,32,74,g0u0400,N6-O8,65098.079855,894480162070624.500000
Ge74_g0u0400,32,74,g0u0400,N7-O8,64891.702185,32936646366071.675781
Ge74_g0u0400,32,74,g0u0400,N7-O9,64954.829670,924878577863805.375000
Ge74_g0u0400,32,74,g0u0400,O8-P10,35273.265967,349661854246720.875000
Ge74_g0u0400,32,74,g0u0400,O9-P10,35210.138481,7917496909546.166016
Ge74_g0u0400,32,74,g0u0400,O9-P11,35234.433659,357057591230707.937500
Ge74_g0u0400,32,74,g0u0400,P10-Q12,21240.467367,158361457794626.437500
Ge74_g0u0400,32,74,g0u0400,P11-Q12,21216.172189,2430065308009.882812
Ge74_g0u0400,32,74,g0u0400,P11-Q13,21227.084560,160651649454561.593750
Ge74_g0u0400,32,74,g0u0400,Q12-R14,13775.533914,79893000124777.234375
Ge74_g0u0400,32,74,g0u0400,Q13-R14,13764.621543,886015719902.077271
Ge74_g0u0400,32,74,g0u0400,Q13-R15,13770.099674,80733748774831.906250
Ge74_g0u0450,32,74,g0u0450,K1-L2,1765087.711817,113664956286159984.000000
Ge74_g0u0450,32,74,g0u0450,K1-L3,1774254.705594,113706906113061552.000000
Ge74_g0u0450,32,74,g0u0450,L2-M4,411334.293740,12012256485971760.000000
Ge74_g0u0450,32,74,g0u0450,L3-M4,402167.299964,2339621157468727.000000
Ge74_g0u0450,32,74,g0u0450,L3-M5,403153.811040,14099939246339426.000000
Ge74_g0u0450,32,74,g0u0450,M4-N6,141454.340097,2823016054812333.000000
Ge74_g0u0450,32,74,g0u0450,M5-N6,140467.829021,199497588237072.906250
Ge74_g0u0450,32,74,g0u0450,M5-N7,140674.206700,3003992537165261.000000
Ge74_g0u0450,32,74,g0u0450,N6-O8,65098.081320,894480277576138.750000
Ge74_g0u0450,32,74,g0u0450,N7-O8,64891.703641,32936650637289.769531
Ge74_g0u0450,32,74,g0u0450,N7-O9,64954.831129,924878596412896.750000
Ge74_g0u0450,32,74,g0u0450,O8-P10,35273.266620,349661859762423.500000
Ge74_g0u0450,32,74,g0u0450,O9-P10,35210.139132,7917497834279.929688
Ge74_g0u0450,32,74,g0u0450,O9-P11,35234.434311,357057632842459.250000
Ge74_g0u0450,32,74,g0u0450,P10-Q12,21240.467667,158361459613546.656250
Ge74_g0u0450,32,74,g0u0450,P11-Q12,21216.172489,2430065335833.285645
Ge74_g0u0450,32,74,g0u0450,P11-Q13,21227.084860,160651651299397.062500
Ge74_g0u0450,32,74,g0u0450,Q12-R14,13775.534052,79893000743144.812500
Ge74_g0u0450,32,74,g0u0450,Q13-R14,13764.621680,886015726742.896240
Ge74_g0u0450,32,74,g0u0450,Q13-R15,13770.099811,80733754607730.750000
Ge74_g0u0500,32,74,g0u0500,K1-L2,1765088.142955,113664988293557360.000000
Ge74_g0u0500,32,74,g0u0500,K1-L3,1774255.138645,113706936939343776.000000
Ge74_g0u0500,32,74,g0u0500,L2-M4,411334.306421,12012257522417708.000000
Ge74_g0u0500,32,74,g0u0500,L3-M4,402167.310731,2339621366003135.500000
Ge74_g0u0500,32,74,g0u0500,L3-M5,403153.821850,14099939507698220.000000
Ge74_g0u0500,32,74,g0u0500,M4-N6,141454.342837,2823016105344664.000000
Ge74_g0u0500,32,74,g0u0500,M5-N6,140467.831718,199497591779547.937500
Ge74_g0u0500,32,74,g0u0500,M5-N7,140674.209406,3003992590965255.000000
Ge74_g0u0500,32,74,g0u0500,N6-O8,65098.082429,894480291140900.125000
Ge74_g0u0500,32,74,g0u0500,N7-O8,64891.704741,32936651133936.328125
Ge74_g0u0500,32,74,g0u0500,N7-O9,64954.832231,924878610436804.125000
Ge74_g0u0500,32,74,g0u0500,O8-P10,35273.267114,349661863932731.312500
Ge74_g0u0500,32,74,g0u0500,O9-P10,35210.139624,7917497928318.926758
Ge74_g0u0500,32,74,g0u0500,O9-P11,35234.434804,357057637099851.687500
Ge74_g0u0500,32,74,g0u0500,P10-Q12,21240.467895,158361460989037.625000
Ge74_g0u0500,32,74,g0u0500,P11-Q12,21216.172715,2430065356873.691895
Ge74_g0u0500,32,74,g0u0500,P11-Q13,21227.085087,160651666136283.343750
Ge74_g0u0500,32,74,g0u0500,Q12-R14,13775.534156,79893001210506.578125
Ge74_g0u0500,32,74,g0u0500,Q13-R14,13764.621785,886015731912.449219
Ge74_g0u0500,32,74,g0u0500,Q13-R15,13770.099916,80733755080271.968750
Ge74_g0u0550,32,74,g0u0550,K1-L2,1765088.462797,113665005048333456.000000
Ge74_g0u0550,32,74,g0u0550,K1-L3,1774255.459914,113706960125127920.000000
Ge74_g0u0550,32,74,g0u0550,L2-M4,411334.316127,12012257687057794.000000
Ge74_g0u0550,32,74,g0u0550,L3-M4,402167.319010,2339621399311680.000000
Ge74_g0u0550,32,74,g0u0550,L3-M5,403153.830161,14099940696009380.000000
Ge74_g0u0550,32,74,g0u0550,M4-N6,141454.344967,2823016144643850.000000
Ge74_g0u0550,32,74,g0u0550,M5-N6,140467.833816,199497614770550.656250
Ge74_g0u0550,32,74,g0u0550,M5-N7,140674.211510,3003992632803721.000000
Ge74_g0u0550,32,74,g0u0550,N6-O8,65098.083290,894480301689659.750000
Ge74_g0u0550,32,74,g0u0550,N7-O8,64891.705597,32936651520158.050781
Ge74_g0u0550,32,74,g0u0550,N7-O9,64954.833089,924878621342944.000000
Ge74_g0u0550,32,74,g0u0550,O8-P10,35273.267499,349661867176266.937500
Ge74_g0u0550,32,74,g0u0550,O9-P10,35210.140007,7917498001459.742188
Ge74_g0u0550,32,74,g0u0550,O9-P11,35234.435187,357057640410468.062500
Ge74_g0u0550,32,74,g0u0550,P10-Q12,21240.468071,158361462058566.968750
Ge74_g0u0550,32,74,g0u0550,P11-Q12,21216.172892,2430065373233.382812
Ge74_g0u0550,32,74,g0u0550,P11-Q13,21227.085263,160651667221054.250000
Ge74_g0u0550,32,74,g0u0550,Q12-R14,13775.534237,79893001574275.906250
Ge74_g0u0550,32,74,g0u0550,Q13-R14,13764.621866,886015735936.761108
Ge74_g0u0550,32,74,g0u0550,Q13-R15,13770.099997,80733755447318.343750
Ge74_g0u0600,32,74,g0u0600,K1-L2,1765088.706720,113665021358937392.000000
Ge74_g0u0600,32,74,g0u0600,K1-L3,1774255.704933,113706982877443520.000000
Ge74_g0u0600,32,74,g0u0600,L2-M4,411334.323746,12012257818787904.000000
Ge74_g0u0600,32,74,g0u0600,L3-M4,402167.325533,2339621425897267.000000
Ge74_g0u0600,32,74,g0u0600,L3-M5,403153.836710,14099940858776502.000000
Ge74_g0u0600,32,74,g0u0600,M4-N6,141454.346663,2823016175918695.000000
Ge74_g0u0600,32,74,g0u0600,M5-N6,140467.835486,199497616962979.562500
Ge74_g0u0600,32,74,g0u0600,M5-N7,140674.213184,3003992666099576.500000
Ge74_g0u0600,32,74,g0u0600,N6-O8,65098.083976,894480310085013.500000
Ge74_g0u0600,32,74,g0u0600,N7-O8,64891.706278,32936651827536.503906
Ge74_g0u0600,32,74,g0u0600,N7-O9,64954.833771,924878630022109.750000
Ge74_g0u0600,32,74,g0u0600,O8-P10,35273.267805,349661904969316.062500
Ge74_g0u0600,32,74,g0u0600,O9-P10,35210.140312,7917498059653.119141
Ge74_g0u0600,32,74,g0u0600,O9-P11,35234.435492,357057643045434.625000
Ge74_g0u0600,32,74,g0u0600,P10-Q12,21240.468212,158361462909732.656250
Ge74_g0u0600,32,74,g0u0600,P11-Q12,21216.173032,2430065386253.595215
Ge74_g0u0600,32,74,g0u0600,P11-Q13,21227.085404,160651668084235.500000
Ge74_g0u0600,32,74,g0u0600,Q12-R14,13775.534302,79893001863476.250000
Ge74_g0u0600,32,74,g0u0600,Q13-R14,13764.621930,886015739135.961182
Ge74_g0u0600,32,74,g0u0600,Q13-R15,13770.100061,80733755739631.421875
Ge74_g0u0700,32,74,g0u0700,K1-L2,1765089.048502,113665045772827584.000000
Ge74_g0u0700,32,74,g0u0700,K1-L3,1774256.048262,113706999381817600.000000
Ge74_g0u0700,32,74,g0u0700,L2-M4,411334.334826,12012258841109514.000000
Ge74_g0u0700,32,74,g0u0700,L3-M4,402167.335066,2339621631238738.000000
Ge74_g0u0700,32,74,g0u0700,L3-M5,403153.846281,14099941100543422.000000
Ge74_g0u0700,32,74,g0u0700,M4-N6,141454.349172,2823016222206948.500000
Ge74_g0u0700,32,74,g0u0700,M5-N6,140467.837957,199497620207842.562500
Ge74_g0u0700,32,74,g0u0700,M5-N7,140674.215662,3003992715379182.000000
Ge74_g0u0700,32,74,g0u0700,N6-O8,65098.084991,894480322510383.000000
Ge74_g0u0700,32,74,g0u0700,N7-O8,64891.707286,32936652282466.656250
Ge74_g0u0700,32,74,g0u0700,N7-O9,64954.834781,924878642867498.750000
Ge74_g0u0700,32,74,g0u0700,O8-P10,35273.268257,349661908789460.250000
Ge74_g0u0700,32,74,g0u0700,O9-P10,35210.140762,7917498145795.629883
Ge74_g0u0700,32,74,g0u0700,O9-P11,35234.435943,357057646945411.125000
Ge74_g0u0700,32,74,g0u0700,P10-Q12,21240.468420,158361477415537.437500
Ge74_g0u0700,32,74,g0u0700,P11-Q12,21216.173240,2430065405523.656738
Ge74_g0u0700,32,74,g0u0700,P11-Q13,21227.085611,160651669361828.437500
Ge74_g0u0700,32,74,g0u0700,Q12-R14,13775.534397,79893002291914.890625
Ge74_g0u0700,32,74,g0u0700,Q13-R14,13764.622025,886015743875.481567
Ge74_g0u0700,32,74,g0u0700,Q13-R15,13770.100156,80733756172392.593750
Ge74_g0u0800,32,74,g0u0800,K1-L2,1765089.271513,113665062109510848.000000
Ge74_g0u0800,32,74,g0u0800,K1-L3,1774256.272293,113707015136905024.000000
Ge74_g0u0800,32,74,g0u0800,L2-M4,411334.342398,12012258979014758.000000
Ge74_g0u0800,32,74,g0u0800,L3-M4,402167.341617,2339621658894881.000000
Ge74_g0u0800,32,74,g0u0800,L3-M5,403153.852859,14099942254213744.000000
Ge74_g0u0800,32,74,g0u0800,M4-N6,141454.350921,2823016254488092.000000
Ge74_g0u0800,32,74,g0u0800,M5-N6,140467.839680,199497622470769.437500
Ge74_g0u0800,32,74,g0u0800,M5-N7,140674.217390,3003993052118020.000000
Ge74_g0u0800,32,74,g0u0800,N6-O8,65098.085699,894480331175889.250000
Ge74_g0u0800,32,74,g0u0800,N7-O8,64891.707989,32936652599736.867188
Ge74_g0u0800,32,74,g0u0800,N7-O9,64954.835485,924878752843818.750000
Ge74_g0u0800,32,74,g0u0800,O8-P10,35273.268573,349661911453689.000000
Ge74_g0u0800,32,74,g0u0800,O9-P10,35210.141077,7917498205872.933594
Ge74_g0u0800,32,74,g0u0800,O9-P11,35234.436258,357057649665090.812500
Ge74_g0u0800,32,74,g0u0800,P10-Q12,21240.468566,158361478293870.968750
Ge74_g0u0800,32,74,g0u0800,P11-Q12,21216.173384,2430065622753.992188
Ge74_g0u0800,32,74,g0u0800,P11-Q13,21227.085756,160651670252825.187500
Ge74_g0u0800,32,74,g0u0800,Q12-R14,13775.534464,79893002590475.562500
Ge74_g0u0800,32,74,g0u0800,Q13-R14,13764.622092,886015747178.356079
Ge74_g0u0800,32,74,g0u0800,Q13-R15,13770.100223,80733756474139.796875
Ge74_g0u0900,32,74,g0u0900,K1-L2,1765089.425196,113665077975238912.000000
Ge74_g0u0900,32,74,g0u0900,K1-L3,1774256.426686,113707023397145200.000000
Ge74_g0u0900,32,74,g0u0900,L2-M4,411334.347832,12012259080299350.000000
Ge74_g0u0900,32,74,g0u0900,L3-M4,402167.346342,2339621679151996.000000
Ge74_g0u0900,32,74,g0u0900,L3-M5,403153.857603,14099942378207518.000000
Ge74_g0u0900,32,74,g0u0900,M4-N6,141454.352199,2823016278052007.000000
Ge74_g0u0900,32,74,g0u0900,M5-N6,140467.840937,199497624122599.781250
Ge74_g0u0900,32,74,g0u0900,M5-N7,140674.218651,3003993077205048.000000
Ge74_g0u0900,32,74,g0u0900,N6-O8,65098.086216,894480337501768.250000
Ge74_g0u0900,32,74,g0u0900,N7-O8,64891.708503,32936652831345.589844
Ge74_g0u0900,32,74,g0u0900,N7-O9,64954.836000,924878759383699.125000
Ge74_g0u0900,32,74,g0u0900,O8-P10,35273.268803,349661913398454.375000
Ge74_g0u0900,32,74,g0u0900,O9-P10,35210.141306,7917498249727.130859
Ge74_g0u0900,32,74,g0u0900,O9-P11,35234.436488,357057651650549.375000
Ge74_g0u0900,32,74,g0u0900,P10-Q12,21240.468672,158361478935391.031250
Ge74_g0u0900,32,74,g0u0900,P11-Q12,21216.173490,2430065632567.187988
Ge74_g0u0900,32,74,g0u0900,P11-Q13,21227.085862,160651670903167.437500
Ge74_g0u0900,32,74,g0u0900,Q12-R14,13775.534512,79893002808674.250000
Ge74_g0u0900,32,74,g0u0900,Q13-R14,13764.622140,886015749591.930176
Ge74_g0u0900,32,74,g0u0900,Q13-R15,13770.100272,80733756694353.546875
Ge74_g0u1000,32,74,g0u1000,K1-L2,1765089.535668,113665086219526496.000000
Ge74_g0u1000,32,74,g0u1000,K1-L3,1774256.537672,113707031353659168.000000
Ge74_g0u1000,32,74,g0u1000,L2-M4,411334.351883,12012259983347278.000000
Ge74_g0u1000,32,74,g0u1000,L3-M4,402167.349879,2339621694514813.500000
Ge74_g0u1000,32,74,g0u1000,L3-M5,403153.861154,14099942472244500.000000
Ge74_g0u1000,32,74,g0u1000,M4-N6,141454.353164,2823016578961960.500000
Ge74_g0u1000,32,74,g0u1000,M5-N6,140467.841889,199497625371903.875000
Ge74_g0u1000,32,74,g0u1000,M5-N7,140674.219605,3003993096177908.000000
Ge74_g0u1000,32,74,g0u1000,N6-O8,65098.086607,894480342285376.750000
Ge74_g0u1000,32,74,g0u1000,N7-O8,64891.708891,32936653006488.781250
Ge74_g0u1000,32,74,g0u1000,N7-O9,64954.836388,924878764329165.625000
Ge74_g0u1000,32,74,g0u1000,O8-P10,35273.268978,349661914869216.312500
Ge74_g0u1000,32,74,g0u1000,O9-P10,35210.141480,7917498282892.116211
Ge74_g0u1000,32,74,g0u1000,O9-P11,35234.436662,357057653151859.750000
Ge74_g0u1000,32,74,g0u1000,P10-Q12,21240.468752,158361479420604.281250
Ge74_g0u1000,32,74,g0u1000,P11-Q12,21216.173570,2430065639989.132812
Ge74_g0u1000,32,74,g0u1000,P11-Q13,21227.085942,160651671395343.875000
Ge74_g0u1000,32,74,g0u1000,Q12-R14,13775.534549,79893002973630.453125
Ge74_g0u1000,32,74,g0u1000,Q13-R14,13764.622177,886015751416.996216
Ge74_g0u1000,32,74,g0u1000,Q13-R15,13770.100308,80733756860999.718750
Ge74_g0u1100,32,74,g0u1100,K1-L2,1765089.617795,113665094253053168.000000
Ge74_g0u1100,32,74,g0u1100,K1-L3,1774256.620184,113707039101861536.000000
Ge74_g0u1100,32,74,g0u1100,L2-M4,411334.354995,12012260043492520.000000
Ge74_g0u1100,32,74,g0u1100,L3-M4,402167.352605,2339621706494261.500000
Ge74_g0u1100,32,74,g0u1100,L3-M5,403153.863892,14099942545564290.000000
Ge74_g0u1100,32,74,g0u1100,M4-N6,141454.353915,2823016592824907.000000
Ge74_g0u1100,32,74,g0u1100,M5-N6,140467.842628,199497626343681.562500
Ge74_g0u1100,32,74,g0u1100,M5-N7,140674.220347,3003993110936289.500000
Ge74_g0u1100,32,74,g0u1100,N6-O8,65098.086911,894480443569144.500000
Ge74_g0u1100,32,74,g0u1100,N7-O8,64891.709193,32936653142731.207031
Ge74_g0u1100,32,74,g0u1100,N7-O9,64954.836691,924878768175731.875000
Ge74_g0u1100,32,74,g0u1100,O8-P10,35273.269113,349661916013269.437500
Ge74_g0u1100,32,74,g0u1100,O9-P10,35210.141615,7917498308689.761719
Ge74_g0u1100,32,74,g0u1100,O9-P11,35234.436797,357057654320124.375000
Ge74_g0u1100,32,74,g0u1100,P10-Q12,21240.468814,158361479797746.468750
Ge74_g0u1100,32,74,g0u1100,P11-Q12,21216.173632,2430065645758.511719
Ge74_g0u1100,32,74,g0u1100,P11-Q13,21227.086004,160651671777631.687500
Ge74_g0u1100,32,74,g0u1100,Q12-R14,13775.534578,79893003101954.828125
Ge74_g0u1100,32,74,g0u1100,Q13-R14,13764.622206,886015752836.151611
Ge74_g0u1100,32,74,g0u1100,Q13-R15,13770.100337,80733756990772.250000
Ge74_g0u1200,32,74,g0u1200,K1-L2,1765089.680531,113665094823305696.000000
Ge74_g0u1200,32,74,g0u1200,K1-L3,1774256.683217,113707046701773840.000000
Ge74_g0u1200,32,74,g0u1200,L2-M4,411334.357444,12012260091547826.000000
Ge74_g0u1200,32,74,g0u1200,L3-M4,402167.354759,2339621716049929.500000
Ge74_g0u1200,32,74,g0u1200,L3-M5,403153.866055,14099942604048824.000000
Ge74_g0u1200,32,74,g0u1200,M4-N6,141454.354513,2823016603858819.500000
Ge74_g0u1200,32,74,g0u1200,M5-N6,140467.843217,199497627117143.187500
Ge74_g0u1200,32,74,g0u1200,M5-N7,140674.220937,3003993122683748.500000
Ge74_g0u1200,32,74,g0u1200,N6-O8,65098.087153,894480446531076.125000
Ge74_g0u1200,32,74,g0u1200,N7-O8,64891.709433,32936656865451.101562
Ge74_g0u1200,32,74,g0u1200,N7-O9,64954.836931,924878771238156.625000
Ge74_g0u1200,32,74,g0u1200,O8-P10,35273.269221,349661916923661.812500
Ge74_g0u1200,32,74,g0u1200,O9-P10,35210.141722,7917498329219.001953
Ge74_g0u1200,32,74,g0u1200,O9-P11,35234.436904,357057655249706.500000
Ge74_g0u1200,32,74,g0u1200,P10-Q12,21240.468864,158361480098154.562500
Ge74_g0u1200,32,74,g0u1200,P11-Q12,21216.173682,2430065650353.845215
Ge74_g0u1200,32,74,g0u1200,P11-Q13,21227.086054,160651672082479.281250
Ge74_g0u1200,32,74,g0u1200,Q12-R14,13775.534601,79893003203914.062500
Ge74_g0u1200,32,74,g0u1200,Q13-R14,13764.622228,886015753964.358887
Ge74_g0u1200,32,74,g0u1200,Q13-R15,13770.100360,80733757093704.656250
Ge74_g0u1300,32,74,g0u1300,K1-L2,1765089.729696,113665102598150928.000000
Ge74_g0u1300,32,74,g0u1300,K1-L3,1774256.732616,113707047162221824.000000
Ge74_g0u1300,32,74,g0u1300,L2-M4,411334.359415,12012260130650894.000000
Ge74_g0u1300,32,74,g0u1300,L3-M4,402167.356496,2339621889665368.500000
Ge74_g0u1300,32,74,g0u1300,L3-M5,403153.867799,14099942651573670.000000
Ge74_g0u1300,32,74,g0u1300,M4-N6,141454.354998,2823016612811959.000000
Ge74_g0u1300,32,74,g0u1300,M5-N6,140467.843695,199497627744746.687500
Ge74_g0u1300,32,74,g0u1300,M5-N7,140674.221416,3003993132214280.000000
Ge74_g0u1300,32,74,g0u1300,N6-O8,65098.087349,894480448934005.625000
Ge74_g0u1300,32,74,g0u1300,N7-O8,64891.709628,32936656953428.621094
Ge74_g0u1300,32,74,g0u1300,N7-O9,64954.837127,924878773722278.875000
Ge74_g0u1300,32,74,g0u1300,O8-P10,35273.269309,349661917662849.187500
Ge74_g0u1300,32,74,g0u1300,O9-P10,35210.141810,7917498345887.154297
Ge74_g0u1300,32,74,g0u1300,O9-P11,35234.436992,357057691984706.187500
Ge74_g0u1300,32,74,g0u1300,P10-Q12,21240.468904,158361480341903.375000
Ge74_g0u1300,32,74,g0u1300,P11-Q12,21216.173722,2430065654082.103516
Ge74_g0u1300,32,74,g0u1300,P11-Q13,21227.086094,160651672329708.593750
Ge74_g0u1300,32,74,g0u1300,Q12-R14,13775.534619,79893003286936.015625
Ge74_g0u1300,32,74,g0u1300,Q13-R14,13764.622247,886015754882.906128
Ge74_g0u1300,32,74,g0u1300,Q13-R15,13770.100378,80733757177575.375000
Ge74_g0u1400,32,74,g0u1400,K1-L2,1765089.775899,113665103014492096.000000
Ge74_g0u1400,32,74,g0u1400,K1-L3,1774256.779038,113707054607368176.000000
Ge74_g0u1400,32,74,g0u1400,L2-M4,411334.361139,12012260162256290.000000
Ge74_g0u1400,32,74,g0u1400,L3-M4,402167.358000,2339621895984440.500000
Ge74_g0u1400,32,74,g0u1400,L3-M5,403153.869309,14099942690257356.000000
Ge74_g0u1400,32,74,g0u1400,M4-N6,141454.355398,2823016620194119.500000
Ge74_g0u1400,32,74,g0u1400,M5-N6,140467.844089,199497628262240.312500
Ge74_g0u1400,32,74,g0u1400,M5-N7,140674.221812,3003993140073644.000000
Ge74_g0u1400,32,74,g0u1400,N6-O8,65098.087511,894480450915566.375000
Ge74_g0u1400,32,74,g0u1400,N7-O8,64891.709789,32936657025980.167969
Ge74_g0u1400,32,74,g0u1400,N7-O9,64954.837288,924878775770714.250000
Ge74_g0u1400,32,74,g0u1400,O8-P10,35273.269381,349661918272047.437500
Ge74_g0u1400,32,74,g0u1400,O9-P10,35210.141881,7917498359624.208984
Ge74_g0u1400,32,74,g0u1400,O9-P11,35234.437064,357057692606532.750000
Ge74_g0u1400,32,74,g0u1400,P10-Q12,21240.468937,158361480542866.156250
Ge74_g0u1400,32,74,g0u1400,P11-Q12,21216.173755,2430065657155.925293
Ge74_g0u1400,32,74,g0u1400,P11-Q13,21227.086127,160651672533352.718750
Ge74_g0u1400,32,74,g0u1400,Q12-R14,13775.534634,79893003355047.875000
Ge74_g0u1400,32,74,g0u1400,Q13-R14,13764.622262,886015812892.937988
Ge74_g0u1400,32,74,g0u1400,Q13-R15,13770.100393,80733757246432.093750
Ge74_g0u1500,32,74,g0u1500,K1-L2,1765089.795586,113665103295932176.000000
Ge74_g0u1500,32,74,g0u1500,K1-L3,1774256.798827,113707054892772496.000000
Ge74_g0u1500,32,74,g0u1500,L2-M4,411334.362323,12012260190369620.000000
Ge74_g0u1500,32,74,g0u1500,L3-M4,402167.359082,2339621901476503.000000
Ge74_g0u1500,32,74,g0u1500,L3-M5,403153.870396,14099942723853724.000000
Ge74_g0u1500,32,74,g0u1500,M4-N6,141454.355733,2823016626367511.500000
Ge74_g0u1500,32,74,g0u1500,M5-N6,140467.844418,199497628694955.781250
Ge74_g0u1500,32,74,g0u1500,M5-N7,140674.222142,3003993146644607.000000
Ge74_g0u1500,32,74,g0u1500,N6-O8,65098.087646,894480452572341.125000
Ge74_g0u1500,32,74,g0u1500,N7-O8,64891.709923,32936657086639.699219
Ge74_g0u1500,32,74,g0u1500,N7-O9,64954.837423,924878777484085.750000
Ge74_g0u1500,32,74,g0u1500,O8-P10,35273.269441,349661918781290.437500
Ge74_g0u1500,32,74,g0u1500,O9-P10,35210.141942,7917498371107.876953
Ge74_g0u1500,32,74,g0u1500,O9-P11,35234.437124,357057693126420.312500
Ge74_g0u1500,32,74,g0u1500,P10-Q12,21240.468965,158361480710646.375000
Ge74_g0u1500,32,74,g0u1500,P11-Q12,21216.173783,2430065659722.277832
Ge74_g0u1500,32,74,g0u1500,P11-Q13,21227.086155,160651672703511.093750
Ge74_g0u1500,32,74,g0u1500,Q12-R14,13775.534647,79893003412119.937500
Ge74_g0u1500,32,74,g0u1500,Q13-R14,13764.622275,886015813524.097900
Ge74_g0u1500,32,74,g0u1500,Q13-R15,13770.100406,80733757304188.125000
Ge74_g0u1600,32,74,g0u1600,K1-L2,1765089.931667,113665111578307200.000000
Ge74_g0u1600,32,74,g0u1600,K1-L3,1774256.935548,113707062857025168.000000
Ge74_g0u1600,32,74,g0u1600,L2-M4,411334.365375,12012260200914098.000000
Ge74_g0u1600,32,74,g0u1600,L3-M4,402167.361494,2339621904383353.000000
Ge74_g0u1600,32,74,g0u1600,L3-M5,403153.872814,14099942741815682.000000
Ge74_g0u1600,32,74,g0u1600,M4-N6,141454.356019,2823016631578361.500000
Ge74_g0u1600,32,74,g0u1600,M5-N6,140467.844699,199497629060598.937500
Ge74_g0u1600,32,74,g0u1600,M5-N7,140674.222423,3003993152197388.500000
Ge74_g0u1600,32,74,g0u1600,N6-O8,65098.087761,894480453974896.625000
Ge74_g0u1600,32,74,g0u1600,N7-O8,64891.710037,32936657137990.675781
Ge74_g0u1600,32,74,g0u1600,N7-O9,64954.837536,924878778932869.125000
Ge74_g0u1600,32,74,g0u1600,O8-P10,35273.269492,349661919212564.062500
Ge74_g0u1600,32,74,g0u1600,O9-P10,35210.141992,7917498380832.277344
Ge74_g0u1600,32,74,g0u1600,O9-P11,35234.437175,357057693566652.125000
Ge74_g0u1600,32,74,g0u1600,P10-Q12,21240.468988,158361480852938.656250
Ge74_g0u1600,32,74,g0u1600,P11-Q12,21216.173806,2430065661899.084961
Ge74_g0u1600,32,74,g0u1600,P11-Q13,21227.086179,160651672847944.531250
Ge74_g0u1600,32,74,g0u1600,Q12-R14,13775.534658,79893003460596.109375
Ge74_g0u1600,32,74,g0u1600,Q13-R14,13764.622286,886015814060.648315
Ge74_g0u1600,32,74,g0u1600,Q13-R15,13770.100417,80733757352977.343750
Ge74_g0u1700,32,74,g0u1700,K1-L2,1765088.824587,113665032082385936.000000
Ge74_g0u1700,32,74,g0u1700,K1-L3,1774255.823400,113706986554307776.000000
Ge74_g0u1700,32,74,g0u1700,L2-M4,411334.347402,12012259517041230.000000
Ge74_g0u1700,32,74,g0u1700,L3-M4,402167.348590,2339621758437209.000000
Ge74_g0u1700,32,74,g0u1700,L3-M5,403153.859901,14099942861939338.000000
Ge74_g0u1700,32,74,g0u1700,M4-N6,141454.356233,2823016636152805.500000
Ge74_g0u1700,32,74,g0u1700,M5-N6,140467.844922,199497629377621.843750
Ge74_g0u1700,32,74,g0u1700,M5-N7,140674.222647,3003993157011883.500000
Ge74_g0u1700,32,74,g0u1700,N6-O8,65098.087859,894480455173389.500000
Ge74_g0u1700,32,74,g0u1700,N7-O8,64891.710134,32936657181870.761719
Ge74_g0u1700,32,74,g0u1700,N7-O9,64954.837634,924878780172734.625000
Ge74_g0u1700,32,74,g0u1700,O8-P10,35273.269536,349661919580787.187500
Ge74_g0u1700,32,74,g0u1700,O9-P10,35210.142036,7917498389136.304688
Ge74_g0u1700,32,74,g0u1700,O9-P11,35234.437218,357057693942961.437500
Ge74_g0u1700,32,74,g0u1700,P10-Q12,21240.469009,158361480974485.531250
Ge74_g0u1700,32,74,g0u1700,P11-Q12,21216.173826,2430065663758.512695
Ge74_g0u1700,32,74,g0u1700,P11-Q13,21227.086199,160651672971038.062500
Ge74_g0u1700,32,74,g0u1700,Q12-R14,13775.534667,79893003502063.140625
Ge74_g0u1700,32,74,g0u1700,Q13-R14,13764.622295,886015814519.127930
Ge74_g0u1700,32,74,g0u1700,Q13-R15,13770.100426,80733757394701.843750
Ge74_g0u1800,32,74,g0u1800,K1-L2,1765125.298096,113667574047955024.000000
Ge74_g0u1800,32,74,g0u1800,K1-L3,1774292.461413,113709433016641696.000000
Ge74_g0u1800,32,74,g0u1800,L2-M4,411334.933498,12012273080997244.000000
Ge74_g0u1800,32,74,g0u1800,L3-M4,402167.770180,2339623757945380.500000
Ge74_g0u1800,32,74,g0u1800,L3-M5,403154.281886,14099954691355362.000000
Ge74_g0u1800,32,74,g0u1800,M4-N6,141454.357269,2823016636761860.500000
Ge74_g0u1800,32,74,g0u1800,M5-N6,140467.845563,199497629530935.281250
Ge74_g0u1800,32,74,g0u1800,M5-N7,140674.223289,3003993159359256.000000
Ge74_g0u1800,32,74,g0u1800,N6-O8,65098.087944,894480456207238.375000
Ge74_g0u1800,32,74,g0u1800,N7-O8,64891.710218,32936657219741.699219
Ge74_g0u1800,32,74,g0u1800,N7-O9,64954.837718,924878781241969.125000
Ge74_g0u1800,32,74,g0u1800,O8-P10,35273.269574,349661919898843.875000
Ge74_g0u1800,32,74,g0u1800,O9-P10,35210.142073,7917499196665.332031
Ge74_g0u1800,32,74,g0u1800,O9-P11,35234.437256,357057694267814.687500
Ge74_g0u1800,32,74,g0u1800,P10-Q12,21240.469026,158361481079284.125000
Ge74_g0u1800,32,74,g0u1800,P11-Q12,21216.173843,2430065665361.807617
Ge74_g0u1800,32,74,g0u1800,P11-Q13,21227.086216,160651673077641.000000
Ge74_g0u1800,32,74,g0u1800,Q12-R14,13775.534675,79893003537677.578125
Ge74_g0u1800,32,74,g0u1800,Q13-R14,13764.622303,886015814913.454224
Ge74_g0u1800,32,74,g0u1800,Q13-R15,13770.100434,80733757430874.859375
Ge74_g0u1900,32,74,g0u1900,K1-L2,1765480.525415,113692327378448800.000000
Ge74_g0u1900,32,74,g0u1900,K1-L3,1774649.296074,113733287320563952.000000
Ge74_g0u1900,32,74,g0u1900,L2-M4,411340.688647,12012402621692914.000000
Ge74_g0u1900,32,74,g0u1900,L3-M4,402171.917988,2339642968682921.500000
Ge74_g0u1900,32,74,g0u1900,L3-M5,403158.433567,14100068330320620.000000
Ge74_g0u1900,32,74,g0u1900,M4-N6,141454.365663,2823016607933382.500000
Ge74_g0u1900,32,74,g0u1900,M5-N6,140467.850084,199497648837823.406250
Ge74_g0u1900,32,74,g0u1900,M5-N7,140674.227812,3003993145431858.000000
Ge74_g0u1900,32,74,g0u1900,N6-O8,65098.088020,894480457099728.500000
Ge74_g0u1900,32,74,g0u1900,N7-O8,64891.710292,32936657252598.281250
Ge74_g0u1900,32,74,g0u1900,N7-O9,64954.837792,924878782169244.250000
Ge74_g0u1900,32,74,g0u1900,O8-P10,35273.269606,349661920175762.750000
Ge74_g0u1900,32,74,g0u1900,O9-P10,35210.142106,7917499202909.568359
Ge74_g0u1900,32,74,g0u1900,O9-P11,35234.437289,357057694550363.125000
Ge74_g0u1900,32,74,g0u1900,P10-Q12,21240.469041,158361481170455.218750
Ge74_g0u1900,32,74,g0u1900,P11-Q12,21216.173859,2430065666756.363770
Ge74_g0u1900,32,74,g0u1900,P11-Q13,21227.086231,160651673170061.875000
Ge74_g0u1900,32,74,g0u1900,Q12-R14,13775.534682,79893003568507.125000
Ge74_g0u1900,32,74,g0u1900,Q13-R14,13764.622310,886015815254.350342
Ge74_g0u1900,32,74,g0u1900,Q13-R15,13770.100441,80733757462218.546875
Ge74_g0u2000,32,74,g0u2000,K1-L2,1762577.652475,113488347003573808.000000
Ge74_g0u2000,32,74,g0u2000,K1-L3,1771733.053350,113536673848865648.000000
Ge74_g0u2000,32,74,g0u2000,L2-M4,411291.406506,12011290348183312.000000
Ge74_g0u2000,32,74,g0u2000,L3-M4,402136.005631,2339475407711030.000000
Ge74_g0u2000,32,74,g0u2000,L3-M5,403122.487476,14099076132367592.000000
Ge74_g0u2000,32,74,g0u2000,M4-N6,141454.292616,2823015482101501.000000
Ge74_g0u2000,32,74,g0u2000,M5-N6,140467.810772,199497598911180.156250
Ge74_g0u2000,32,74,g0u2000,M5-N7,140674.188482,3003992400376324.500000
Ge74_g0u2000,32,74,g0u2000,N6-O8,65098.088055,894480457960649.125000
Ge74_g0u2000,32,74,g0u2000,N7-O8,64891.710345,32936657282477.996094
Ge74_g0u2000,32,74,g0u2000,N7-O9,64954.837845,924878783013985.625000
Ge74_g0u2000,32,74,g0u2000,O8-P10,35273.269635,349661920418508.812500
Ge74_g0u2000,32,74,g0u2000,O9-P10,35210.142135,7917499208383.710938
Ge74_g0u2000,32,74,g0u2000,O9-P11,35234.437317,357057694797681.187500
Ge74_g0u2000,32,74,g0u2000,P10-Q12,21240.469054,158361481250361.437500
Ge74_g0u2000,32,74,g0u2000,P11-Q12,21216.173872,2430065667978.187012
Ge74_g0u2000,32,74,g0u2000,P11-Q13,21227.086244,160651673251107.093750
Ge74_g0u2000,32,74,g0u2000,Q12-R14,13775.534688,79893003595656.109375
Ge74_g0u2000,32,74,g0u2000,Q13-R14,13764.622316,886015815554.625732
Ge74_g0u2000,32,74,g0u2000,Q13-R15,13770.100447,80733757489860.671875
Ge74_g0u2100,32,74,g0u2100,K1-L2,1771731.045155,114124594053058384.000000
Ge74_g0u2100,32,74,g0u2100,K1-L3,1780927.632765,114149649252287328.000000
Ge74_g0u2100,32,74,g0u2100,L2-M4,411437.521130,12014583042751484.000000
Ge74_g0u2100,32,74,g0u2100,L3-M4,402240.933520,2339964354384915.000000
Ge74_g0u2100,32,74,g0u2100,L3-M5,403227.512998,14101972412183646.000000
Ge74_g0u2100,32,74,g0u2100,M4-N6,141454.498156,2823018642661478.500000
Ge74_g0u2100,32,74,g0u2100,M5-N6,140467.918678,199497711836214.562500
Ge74_g0u2100,32,74,g0u2100,M5-N7,140674.296438,3003994085289596.500000
Ge74_g0u2100,32,74,g0u2100,N6-O8,65098.088191,894480458464252.750000
Ge74_g0u2100,32,74,g0u2100,N7-O8,64891.710431,32936657305379.757812
Ge74_g0u2100,32,74,g0u2100,N7-O9,64954.837931,924878783659584.000000
Ge74_g0u2100,32,74,g0u2100,O8-P10,35273.269660,349661920632687.625000
Ge74_g0u2100,32,74,g0u2100,O9-P10,35210.142160,7917499213213.158203
Ge74_g0u2100,32,74,g0u2100,O9-P11,35234.437343,357057695016038.187500
Ge74_g0u2100,32,74,g0u2100,P10-Q12,21240.469066,158361481321175.750000
Ge74_g0u2100,32,74,g0u2100,P11-Q12,21216.173883,2430065669061.048828
Ge74_g0u2100,32,74,g0u2100,P11-Q13,21227.086256,160651673322983.656250
Ge74_g0u2100,32,74,g0u2100,Q12-R14,13775.534693,79893003619661.453125
Ge74_g0u2100,32,74,g0u2100,Q13-R14,13764.622321,886015815820.462280
Ge74_g0u2100,32,74,g0u2100,Q13-R15,13770.100452,80733757514019.093750
Ge74_g2u1000,32,74,g2u1000,K1-L2,1765092.122251,113665253840755264.000000
Ge74_g2u1000,32,74,g2u1000,K1-L3,1774259.134992,113707191678453648.000000
Ge74_g2u1000,32,74,g2u1000,L2-M4,411334.383088,12012260391041952.000000
Ge74_g2u1000,32,74,g2u1000,L3-M4,402167.370347,2339622192578327.500000
Ge74_g2u1000,32,74,g2u1000,L3-M5,403153.881638,14099941974612326.000000
Ge74_g2u1000,32,74,g2u1000,M4-N6,141454.352287,2823016322196990.500000
Ge74_g2u1000,32,74,g2u1000,M5-N6,140467.840996,199497625061233.718750
Ge74_g2u1000,32,74,g2u1000,M5-N7,140674.218714,3003993050781822.500000
Ge74_g2u1000,32,74,g2u1000,N6-O8,65098.086186,894480351404276.500000
Ge74_g2u1000,32,74,g2u1000,N7-O8,64891.708467,32936658063429.433594
Ge74_g2u1000,32,74,g2u1000,N7-O9,64954.835974,924878725236063.750000
Ge74_g2u1000,32,74,g2u1000,O8-P10,35273.268742,349661915335170.625000
Ge74_g2u1000,32,74,g2u1000,O9-P10,35210.141235,7917498898577.678711
Ge74_g2u1000,32,74,g2u1000,O9-P11,35234.436430,357057645448320.375000
Ge74_g2u1000,32,74,g2u1000,P10-Q12,21240.468652,158361479106641.406250
Ge74_g2u1000,32,74,g2u1000,P11-Q12,21216.173457,2430065642392.804688
Ge74_g2u1000,32,74,g2u1000,P11-Q13,21227.085842,160651670372858.968750
Ge74_g2u1000,32,74,g2u1000,Q12-R14,13775.534489,79893002550821.937500
Ge74_g2u1000,32,74,g2u1000,Q13-R14,13764.622104,886015752355.707764
Ge74_g2u1000,32,74,g2u1000,Q13-R15,13770.100246,80733756277707.515625
Sr88_g0u0050,38,88,g0u0050,K1-L2,2324082.328395,209437629009219040.000000
Sr88_g0u0050,38,88,g0u0050,K1-L3,2341548.485302,210381002708400032.000000
Sr88_g0u0050,38,88,g0u0050,L2-M4,584489.658835,24050344905495188.000000
Sr88_g0u0050,38,88,g0u0050,L3-M4,567023.501929,4638954665123892.000000
Sr88_g0u0050,38,88,g0u0050,L3-M5,568994.025339,28009476279633948.000000
Sr88_g0u0050,38,88,g0u0050,M4-N6,200270.105143,5634992289643385.000000
Sr88_g0u0050,38,88,g0u0050,M5-N6,198299.581733,396467123474568.000000
Sr88_g0u0050,38,88,g0u0050,M5-N7,198711.193938,5979399558392740.000000
Sr88_g0u0050,38,88,g0u0050,N6-O8,91996.090562,1782623139720408.750000
Sr88_g0u0050,38,88,g0u0050,N7-O8,91584.478357,65482954251172.859375
Sr88_g0u0050,38,88,g0u0050,N7-O9,91710.268260,1840972214207870.000000
Sr88_g0u0050,38,88,g0u0050,O8-P10,49811.495360,696362139513285.125000
Sr88_g0u0050,38,88,g0u0050,O9-P10,49685.705457,15743952273268.718750
Sr88_g0u0050,38,88,g0u0050,O9-P11,49734.091205,710640365292682.625000
Sr88_g0u0050,38,88,g0u0050,P10-Q12,29983.270158,315251797472380.687500
Sr88_g0u0050,38,88,g0u0050,P11-Q12,29934.884410,4832440321508.657227
Sr88_g0u0050,38,88,g0u0050,P11-Q13,29956.609266,319691503875996.437500
Sr88_g0u0050,38,88,g0u0050,Q12-R14,19440.911160,158998847995292.187500
Sr88_g0u0050,38,88,g0u0050,Q13-R14,19419.186304,1761926625825.655273
Sr88_g0u0050,38,88,g0u0050,Q13-R15,19430.089436,160633690289813.500000
Sr88_g0u0100,38,88,g0u0100,K1-L2,2324311.814226,209460488658413856.000000
Sr88_g0u0100,38,88,g0u0100,K1-L3,2341779.467461,210402947217158400.000000
Sr88_g0u0100,38,88,g0u0100,L2-M4,584494.206099,24050557767796708.000000
Sr88_g0u0100,38,88,g0u0100,L3-M4,567026.552864,4638987396392833.000000
Sr88_g0u0100,38,88,g0u0100,L3-M5,568997.087610,28009672250461048.000000
Sr88_g0u0100,38,88,g0u0100,M4-N6,200270.595070,5635019238423587.000000
Sr88_g0u0100,38,88,g0u0100,M5-N6,198300.060324,396468997045804.375000
Sr88_g0u0100,38,88,g0u0100,M5-N7,198711.674471,5979427397349098.000000
Sr88_g0u0100,38,88,g0u0100,N6-O8,91996.294528,1782630594617901.250000
Sr88_g0u0100,38,88,g0u0100,N7-O8,91584.680381,65483228258894.953125
Sr88_g0u0100,38,88,g0u0100,N7-O9,91710.470812,1840980062589131.250000
Sr88_g0u0100,38,88,g0u0100,O8-P10,49811.590010,696364594326305.125000
Sr88_g0u0100,38,88,g0u0100,O9-P10,49685.799579,15744007778590.906250
Sr88_g0u0100,38,88,g0u0100,O9-P11,49734.185498,710642871287301.750000
Sr88_g0u0100,38,88,g0u0100,P10-Q12,29983.316084,315252691345027.750000
Sr88_g0u0100,38,88,g0u0100,P11-Q12,29934.930166,4832454023657.279297
Sr88_g0u0100,38,88,g0u0100,P11-Q13,29956.655082,319692410441111.250000
Sr88_g0u0100,38,88,g0u0100,Q12-R14,19440.933656,158999171691432.593750
Sr88_g0u0100,38,88,g0u0100,Q13-R14,19419.208740,1761930212357.725098
Sr88_g0u0100,38,88,g0u0100,Q13-R15,19430.111894,160634031998366.812500
Sr88_g0u0150,38,88,g0u0150,K1-L2,2324351.463479,209464501919912320.000000
Sr88_g0u0150,38,88,g0u0150,K1-L3,2341819.380767,210406800139515840.000000
Sr88_g0u0150,38,88,g0u0150,L2-M4,584495.175696,24050606244720264.000000
Sr88_g0u0150,38,88,g0u0150,L3-M4,567027.258408,4638995657236596.000000
Sr88_g0u0150,38,88,g0u0150,L3-M5,568997.796056,28009721709388008.000000
Sr88_g0u0150,38,88,g0u0150,M4-N6,200270.716155,5635025599906612.000000
Sr88_g0u0150,38,88,g0u0150,M5-N6,198300.178507,396469445910044.312500
Sr88_g0u0150,38,88,g0u0150,M5-N7,198711.793130,5979434595661865.000000
Sr88_g0u0150,38,88,g0u0150,N6-O8,91996.344478,1782632577916761.000000
Sr88_g0u0150,38,88,g0u0150,N7-O8,91584.729855,65483296107988.070312
Sr88_g0u0150,38,88,g0u0150,N7-O9,91710.520415,1840981970619303.250000
Sr88_g0u0150,38,88,g0u0150,O8-P10,49811.613203,696365177510886.250000
Sr88_g0u0150,38,88,g0u0150,O9-P10,49685.822643,15744020962660.679688
Sr88_g0u0150,38,88,g0u0150,O9-P11,49734.208604,710643517321131.375000
Sr88_g0u0150,38,88,g0u0150,P10-Q12,29983.327343,315252940873267.937500
Sr88_g0u0150,38,88,g0u0150,P11-Q12,29934.941382,4832457275769.245117
Sr88_g0u0150,38,88,g0u0150,P11-Q13,29956.666314,319692587738322.812500
Sr88_g0u0150,38,88,g0u0150,Q12-R14,19440.939174,158999251923448.031250
Sr88_g0u0150,38,88,g0u0150,Q13-R14,19419.214242,1761931262795.528564
Sr88_g0u0150,38,88,g0u0150,Q13-R15,19430.117403,160634113055387.093750
Sr88_g0u0200,38,88,g0u0200,K1-L2,2324364.873548,209465884840650208.000000
Sr88_g0u0200,38,88,g0u0200,K1-L3,2341832.882992,210408122872940768.000000
Sr88_g0u0200,38,88,g0u0200,L2-M4,584495.548084,24050624229215468.000000
Sr88_g0u0200,38,88,g0u0200,L3-M4,567027.538640,4638998926694662.000000
Sr88_g0u0200,38,88,g0u0200,L3-M5,568998.077481,28009741299468776.000000
Sr88_g0u0200,38,88,g0u0200,M4-N6,200270.766503,5635028514427984.000000
Sr88_g0u0200,38,88,g0u0200,M5-N6,198300.227662,396469651805866.812500
Sr88_g0u0200,38,88,g0u0200,M5-N7,198711.842483,5979437273928753.000000
Sr88_g0u0200,38,88,g0u0200,N6-O8,91996.365260,1782633220453955.250000
Sr88_g0u0200,38,88,g0u0200,N7-O8,91584.750438,65483324784045.820312
Sr88_g0u0200,38,88,g0u0200,N7-O9,91710.541053,1840982634684385.250000
Sr88_g0u0200,38,88,g0u0200,O8-P10,49811.622854,696365445171398.500000
Sr88_g0u0200,38,88,g0u0200,O9-P10,49685.832240,15744027016750.281250
Sr88_g0u0200,38,88,g0u0200,O9-P11,49734.218218,710643790572267.500000
Sr88_g0u0200,38,88,g0u0200,P10-Q12,29983.332028,315253019898780.000000
Sr88_g0u0200,38,88,g0u0200,P11-Q12,29934.946050,4832458486457.338867
Sr88_g0u0200,38,88,g0u0200,P11-Q13,29956.670988,319692705774286.812500
Sr88_g0u0200,38,88,g0u0200,Q12-R14,19440.941470,158999296236758.531250
Sr88_g0u0200,38,88,g0u0200,Q13-R14,19419.216533,1761931592692.550049
Sr88_g0u0200,38,88,g0u0200,Q13-R15,19430.119695,160634143144668.312500
Sr88_g0u0250,38,88,g0u0250,K1-L2,2324371.009794,209466523394401024.000000
Sr88_g0u0250,38,88,g0u0250,K1-L3,2341839.062121,210408734110417120.000000
Sr88_g0u0250,38,88,g0u0250,L2-M4,584495.731413,24050633442468544.000000
Sr88_g0u0250,38,88,g0u0250,L3-M4,567027.679086,4639000363113485.000000
Sr88_g0u0250,38,88,g0u0250,L3-M5,568998.218544,28009752689650336.000000
Sr88_g0u0250,38,88,g0u0250,M4-N6,200270.792941,5635030005301036.000000
Sr88_g0u0250,38,88,g0u0250,M5-N6,198300.253482,396469757089701.250000
Sr88_g0u0250,38,88,g0u0250,M5-N7,198711.868407,5979438861361020.000000
Sr88_g0u0250,38,88,g0u0250,N6-O8,91996.376179,1782633688560126.250000
Sr88_g0u0250,38,88,g0u0250,N7-O8,91584.761253,65483336915785.781250
Sr88_g0u0250,38,88,g0u0250,N7-O9,91710.551896,1840983118637586.500000
Sr88_g0u0250,38,88,g0u0250,O8-P10,49811.627925,696365606844590.000000
Sr88_g0u0250,38,88,g0u0250,O9-P10,49685.837282,15744029547670.207031
Sr88_g0u0250,38,88,g0u0250,O9-P11,49734.223270,710643955634267.250000
Sr88_g0u0250,38,88,g0u0250,P10-Q12,29983.334490,315253079149197.500000
Sr88_g0u0250,38,88,g0u0250,P11-Q12,29934.948503,4832459395345.869141
Sr88_g0u0250,38,88,g0u0250,P11-Q13,29956.673444,319692727977858.562500
Sr88_g0u0250,38,88,g0u0250,Q12-R14,19440.942677,158999304254000.187500
Sr88_g0u0250,38,88,g0u0250,Q13-R14,19419.217737,1761931842674.933350
Sr88_g0u0250,38,88,g0u0250,Q13-R15,19430.120900,160634165925254.031250
Sr88_g0u0300,38,88,g0u0300,K1-L2,2324374.331580,209466878991900896.000000
Sr88_g0u0300,38,88,g0u0300,K1-L3,2341842.407369,210409074642187008.000000
Sr88_g0u0300,38,88,g0u0300,L2-M4,584495.835924,24050639489513040.000000
Sr88_g0u0300,38,88,g0u0300,L3-M4,567027.760135,4639001137406197.000000
Sr88_g0u0300,38,88,g0u0300,L3-M5,568998.299960,28009754593009452.000000
Sr88_g0u0300,38,88,g0u0300,M4-N6,200270.808813,5635030820571880.000000
Sr88_g0u0300,38,88,g0u0300,M5-N6,198300.268988,396469814590107.500000
Sr88_g0u0300,38,88,g0u0300,M5-N7,198711.883975,5979439729245213.000000
Sr88_g0u0300,38,88,g0u0300,N6-O8,91996.382737,1782633942051455.750000
Sr88_g0u0300,38,88,g0u0300,N7-O8,91584.767749,65483346236966.781250
Sr88_g0u0300,38,88,g0u0300,N7-O9,91710.558409,1840983380684705.750000
Sr88_g0u0300,38,88,g0u0300,O8-P10,49811.630971,696365644327089.000000
Sr88_g0u0300,38,88,g0u0300,O9-P10,49685.840311,15744031518455.375000
Sr88_g0u0300,38,88,g0u0300,O9-P11,49734.226304,710643993873906.375000
Sr88_g0u0300,38,88,g0u0300,P10-Q12,29983.335969,315253092306569.875000
Sr88_g0u0300,38,88,g0u0300,P11-Q12,29934.949977,4832459596149.407227
Sr88_g0u0300,38,88,g0u0300,P11-Q13,29956.674919,319692779208717.312500
Sr88_g0u0300,38,88,g0u0300,Q12-R14,19440.943402,158999309070581.687500
Sr88_g0u0300,38,88,g0u0300,Q13-R14,19419.218460,1761931895864.700195
Sr88_g0u0300,38,88,g0u0300,Q13-R15,19430.121624,160634170789206.812500
Sr88_g0u0350,38,88,g0u0350,K1-L2,2324376.333673,209467072983424640.000000
Sr88_g0u0350,38,88,g0u0350,K1-L3,2341844.423717,210409260619828640.000000
Sr88_g0u0350,38,88,g0u0350,L2-M4,584495.901566,24050645080215724.000000
Sr88_g0u0350,38,88,g0u0350,L3-M4,567027.811523,4639001808629084.000000
Sr88_g0u0350,38,88,g0u0350,L3-M5,568998.351586,28009758616512644.000000
Sr88_g0u0350,38,88,g0u0350,M4-N6,200270.819212,5635031492299837.000000
Sr88_g0u0350,38,88,g0u0350,M5-N6,198300.279149,396469862100036.250000
Sr88_g0u0350,38,88,g0u0350,M5-N7,198711.894177,5979440444617976.000000
Sr88_g0u0350,38,88,g0u0350,N6-O8,91996.387035,1782634018080858.500000
Sr88_g0u0350,38,88,g0u0350,N7-O8,91584.772007,65483354101487.851562
Sr88_g0u0350,38,88,g0u0350,N7-O9,91710.562677,1840983601458595.750000
Sr88_g0u0350,38,88,g0u0350,O8-P10,49811.632967,696365718530843.125000
Sr88_g0u0350,38,88,g0u0350,O9-P10,49685.842297,15744033198941.457031
Sr88_g0u0350,38,88,g0u0350,O9-P11,49734.228293,710644018937621.625000
Sr88_g0u0350,38,88,g0u0350,P10-Q12,29983.336939,315253100930790.937500
Sr88_g0u0350,38,88,g0u0350,P11-Q12,29934.950943,4832459727769.052734
Sr88_g0u0350,38,88,g0u0350,P11-Q13,29956.675886,319692787950968.625000
Sr88_g0u0350,38,88,g0u0350,Q12-R14,19440.943878,158999312227903.906250
Sr88_g0u0350,38,88,g0u0350,Q13-R14,19419.218934,1761932092177.758789
Sr88_g0u0350,38,88,g0u0350,Q13-R15,19430.122099,160634173977704.937500
Sr88_g0u0400,38,88,g0u0400,K1-L2,2324377.634277,209467215979528544.000000
Sr88_g0u0400,38,88,g0u0400,K1-L3,2341845.733642,210409417148654560.000000
Sr88_g0u0400,38,88,g0u0400,L2-M4,584495.945727,24050645754746224.000000
Sr88_g0u0400,38,88,g0u0400,L3-M4,567027.846362,4639002419553428.000000
Sr88_g0u0400,38,88,g0u0400,L3-M5,568998.386590,28009762266542436.000000
Sr88_g0u0400,38,88,g0u0400,M4-N6,200270.826458,5635031682649827.000000
Sr88_g0u0400,38,88,g0u0400,M5-N6,198300.286230,396469875345832.250000
Sr88_g0u0400,38,88,g0u0400,M5-N7,198711.901287,5979440646824199.000000
Sr88_g0u0400,38,88,g0u0400,N6-O8,91996.390031,1782634208565088.500000
Sr88_g0u0400,38,88,g0u0400,N7-O8,91584.774974,65483356032696.078125
Sr88_g0u0400,38,88,g0u0400,N7-O9,91710.565653,1840983656180096.250000
Sr88_g0u0400,38,88,g0u0400,O8-P10,49811.634359,696365735656176.625000
Sr88_g0u0400,38,88,g0u0400,O9-P10,49685.843680,15744033583891.033203
Sr88_g0u0400,38,88,g0u0400,O9-P11,49734.229679,710644087108547.125000
Sr88_g0u0400,38,88,g0u0400,P10-Q12,29983.337614,315253144289615.062500
Sr88_g0u0400,38,88,g0u0400,P11-Q12,29934.951616,4832459819506.570312
Sr88_g0u0400,38,88,g0u0400,P11-Q13,29956.676560,319692794045012.875000
Sr88_g0u0400,38,88,g0u0400,Q12-R14,19440.944209,158999314428329.187500
Sr88_g0u0400,38,88,g0u0400,Q13-R14,19419.219264,1761932116477.582520
Sr88_g0u0400,38,88,g0u0400,Q13-R15,19430.122429,160634190884101.312500
Sr88_g0u0450,38,88,g0u0450,K1-L2,2324378.527338,209467312039623680.000000
Sr88_g0u0450,38,88,g0u0450,K1-L3,2341846.633141,210409509250338816.000000
Sr88_g0u0450,38,88,g0u0450,L2-M4,584495.976993,24050648578175816.000000
Sr88_g0u0450,38,88,g0u0450,L3-M4,567027.871190,4639002525629901.000000
Sr88_g0u0450,38,88,g0u0450,L3-M5,568998.411538,28009762922721184.000000
Sr88_g0u0450,38,88,g0u0450,M4-N6,200270.831743,5635032220206556.000000
Sr88_g0u0450,38,88,g0u0450,M5-N6,198300.291396,396469913518148.250000
Sr88_g0u0450,38,88,g0u0450,M5-N7,198711.906474,5979441219653901.000000
Sr88_g0u0450,38,88,g0u0450,N6-O8,91996.392217,1782634247235651.250000
Sr88_g0u0450,38,88,g0u0450,N7-O8,91584.777140,65483362535810.632812
Sr88_g0u0450,38,88,g0u0450,N7-O9,91710.567824,1840983696108946.750000
Sr88_g0u0450,38,88,g0u0450,O8-P10,49811.635374,696365797787556.250000
Sr88_g0u0450,38,88,g0u0450,O9-P10,49685.844690,15744033864766.599609
Sr88_g0u0450,38,88,g0u0450,O9-P11,49734.230691,710644099857487.375000
Sr88_g0u0450,38,88,g0u0450,P10-Q12,29983.338108,315253148676773.687500
Sr88_g0u0450,38,88,g0u0450,P11-Q12,29934.952107,4832459886462.972656
Sr88_g0u0450,38,88,g0u0450,P11-Q13,29956.677052,319692798491733.687500
Sr88_g0u0450,38,88,g0u0450,Q12-R14,19440.944451,158999330564035.437500
Sr88_g0u0450,38,88,g0u0450,Q13-R14,19419.219505,1761932134212.374512
Sr88_g0u0450,38,88,g0u0450,Q13-R15,19430.122671,160634192506029.906250
Sr88_g0u0500,38,88,g0u0500,K1-L2,2324379.167334,209467383824270272.000000
Sr88_g0u0500,38,88,g0u0500,K1-L3,2341847.277775,210409558585464512.000000
Sr88_g0u0500,38,88,g0u0500,L2-M4,584496.000024,24050648962779796.000000
Sr88_g0u0500,38,88,g0u0500,L3-M4,567027.889583,4639002606445300.000000
Sr88_g0u0500,38,88,g0u0500,L3-M5,568998.430020,28009763422529304.000000
Sr88_g0u0500,38,88,g0u0500,M4-N6,200270.835739,5635032325226429.000000
Sr88_g0u0500,38,88,g0u0500,M5-N6,198300.295301,396469920825659.437500
Sr88_g0u0500,38,88,g0u0500,M5-N7,198711.910395,5979441331206645.000000
Sr88_g0u0500,38,88,g0u0500,N6-O8,91996.393870,1782634276471557.500000
Sr88_g0u0500,38,88,g0u0500,N7-O8,91584.778777,65483363601207.765625
Sr88_g0u0500,38,88,g0u0500,N7-O9,91710.569465,1840983868565151.500000
Sr88_g0u0500,38,88,g0u0500,O8-P10,49811.636142,696365807235358.000000
Sr88_g0u0500,38,88,g0u0500,O9-P10,49685.845453,15744035205380.759766
Sr88_g0u0500,38,88,g0u0500,O9-P11,49734.231455,710644109495813.625000
Sr88_g0u0500,38,88,g0u0500,P10-Q12,29983.338480,315253151993405.875000
Sr88_g0u0500,38,88,g0u0500,P11-Q12,29934.952478,4832459937080.165039
Sr88_g0u0500,38,88,g0u0500,P11-Q13,29956.677424,319692839747216.875000
Sr88_g0u0500,38,88,g0u0500,Q12-R14,19440.944633,158999331778497.968750
Sr88_g0u0500,38,88,g0u0500,Q13-R14,19419.219688,1761932147623.994629
Sr88_g0u0500,38,88,g0u0500,Q13-R15,19430.122853,160634193732393.843750
Sr88_g0u0550,38,88,g0u0550,K1-L2,2324379.641826,209467432601332000.000000
Sr88_g0u0550,38,88,g0u0550,K1-L3,2341847.755721,210409605398845312.000000
Sr88_g0u0550,38,88,g0u0550,L2-M4,584496.017529,24050651587908292.000000
Sr88_g0u0550,38,88,g0u0550,L3-M4,567027.903634,4639003136589478.000000
Sr88_g0u0550,38,88,g0u0550,L3-M5,568998.444141,28009766572505960.000000
Sr88_g0u0550,38,88,g0u0550,M4-N6,200270.838845,5635032406899655.000000
Sr88_g0u0550,38,88,g0u0550,M5-N6,198300.298338,396469926508516.937500
Sr88_g0u0550,38,88,g0u0550,M5-N7,198711.913444,5979441417960076.000000
Sr88_g0u0550,38,88,g0u0550,N6-O8,91996.395156,1782634436696947.000000
Sr88_g0u0550,38,88,g0u0550,N7-O8,91584.780050,65483364429740.640625
Sr88_g0u0550,38,88,g0u0550,N7-O9,91710.570741,1840983892040739.750000
Sr88_g0u0550,38,88,g0u0550,O8-P10,49811.636739,696365814582631.875000
Sr88_g0u0550,38,88,g0u0550,O9-P10,49685.846047,15744035370534.316406
Sr88_g0u0550,38,88,g0u0550,O9-P11,49734.232050,710644116990606.750000
Sr88_g0u0550,38,88,g0u0550,P10-Q12,29983.338770,315253154572729.000000
Sr88_g0u0550,38,88,g0u0550,P11-Q12,29934.952767,4832459976444.046875
Sr88_g0u0550,38,88,g0u0550,P11-Q13,29956.677713,319692842361876.812500
Sr88_g0u0550,38,88,g0u0550,Q12-R14,19440.944776,158999332722850.531250
Sr88_g0u0550,38,88,g0u0550,Q13-R14,19419.219829,1761932158052.659668
Sr88_g0u0550,38,88,g0u0550,Q13-R15,19430.122995,160634194686044.312500
Sr88_g0u0600,38,88,g0u0600,K1-L2,2324380.003484,209467459147810144.000000
Sr88_g0u0600,38,88,g0u0600,K1-L3,2341848.120024,210409650461201216.000000
Sr88_g0u0600,38,88,g0u0600,L2-M4,584496.031181,24050651831561324.000000
Sr88_g0u0600,38,88,g0u0600,L3-M4,567027.914641,4639003187218865.000000
Sr88_g0u0600,38,88,g0u0600,L3-M5,568998.455203,28009766885525568.000000
Sr88_g0u0600,38,88,g0u0600,M4-N6,200270.841316,5635032471901091.000000
Sr88_g0u0600,38,88,g0u0600,M5-N6,198300.300755,396469931031252.500000
Sr88_g0u0600,38,88,g0u0600,M5-N7,198711.915870,5979441486999756.000000
Sr88_g0u0600,38,88,g0u0600,N6-O8,91996.396178,1782634454789677.750000
Sr88_g0u0600,38,88,g0u0600,N7-O8,91584.781063,65483365089064.664062
Sr88_g0u0600,38,88,g0u0600,N7-O9,91710.571757,1840983910723824.750000
Sr88_g0u0600,38,88,g0u0600,O8-P10,49811.637214,696365820429606.250000
Sr88_g0u0600,38,88,g0u0600,O9-P10,49685.846519,15744035501965.144531
Sr88_g0u0600,38,88,g0u0600,O9-P11,49734.232523,710644173656679.125000
Sr88_g0u0600,38,88,g0u0600,P10-Q12,29983.339001,315253156625452.437500
Sr88_g0u0600,38,88,g0u0600,P11-Q12,29934.952997,4832460007772.397461
Sr88_g0u0600,38,88,g0u0600,P11-Q13,29956.677944,319692844442821.250000
Sr88_g0u0600,38,88,g0u0600,Q12-R14,19440.944889,158999333474544.781250
Sr88_g0u0600,38,88,g0u0600,Q13-R14,19419.219942,1761932166353.763672
Sr88_g0u0600,38,88,g0u0600,Q13-R15,19430.123108,160634195444803.250000
Sr88_g0u0700,38,88,g0u0700,K1-L2,2324380.509846,209467529261752544.000000
Sr88_g0u0700,38,88,g0u0700,K1-L3,2341848.630110,210409698159085248.000000
Sr88_g0u0700,38,88,g0u0700,L2-M4,584496.050878,24050652196924332.000000
Sr88_g0u0700,38,88,g0u0700,L3-M4,567027.930613,4639003262670919.000000
Sr88_g0u0700,38,88,g0u0700,L3-M5,568998.471256,28009767351940420.000000
Sr88_g0u0700,38,88,g0u0700,M4-N6,200270.844974,5635032568106168.000000
Sr88_g0u0700,38,88,g0u0700,M5-N6,198300.304331,396469966231786.687500
Sr88_g0u0700,38,88,g0u0700,M5-N7,198711.919461,5979442014463265.000000
Sr88_g0u0700,38,88,g0u0700,N6-O8,91996.397692,1782634481569140.750000
Sr88_g0u0700,38,88,g0u0700,N7-O8,91584.782562,65483371158852.875000
Sr88_g0u0700,38,88,g0u0700,N7-O9,91710.573261,1840983938374824.250000
Sr88_g0u0700,38,88,g0u0700,O8-P10,49811.637917,696365878719634.250000
Sr88_g0u0700,38,88,g0u0700,O9-P10,49685.847219,15744035696494.222656
Sr88_g0u0700,38,88,g0u0700,O9-P11,49734.233224,710644182485415.250000
Sr88_g0u0700,38,88,g0u0700,P10-Q12,29983.339342,315253159663331.625000
Sr88_g0u0700,38,88,g0u0700,P11-Q12,29934.953337,4832460628754.193359
Sr88_g0u0700,38,88,g0u0700,P11-Q13,29956.678284,319692847522732.875000
Sr88_g0u0700,38,88,g0u0700,Q12-R14,19440.945056,158999334586823.875000
Sr88_g0u0700,38,88,g0u0700,Q13-R14,19419.220109,1761932178636.981445
Sr88_g0u0700,38,88,g0u0700,Q13-R15,19430.123275,160634196568071.687500
Sr88_g0u0800,38,88,g0u0800,K1-L2,2324380.839922,209467555566631840.000000
Sr88_g0u0800,38,88,g0u0800,K1-L3,2341848.962633,210409742996693280.000000
Sr88_g0u0800,38,88,g0u0800,L2-M4,584496.064206,24050654777778820.000000
Sr88_g0u0800,38,88,g0u0800,L3-M4,567027.941495,4639003315707364.000000
Sr88_g0u0800,38,88,g0u0800,L3-M5,568998.482194,28009767679717792.000000
Sr88_g0u0800,38,88,g0u0800,M4-N6,200270.847523,5635032635200533.000000
Sr88_g0u0800,38,88,g0u0800,M5-N6,198300.306825,396469970899888.125000
Sr88_g0u0800,38,88,g0u0800,M5-N7,198711.921965,5979442085724670.000000
Sr88_g0u0800,38,88,g0u0800,N6-O8,91996.398748,1782634500244018.000000
Sr88_g0u0800,38,88,g0u0800,N7-O8,91584.783608,65483371839390.156250
Sr88_g0u0800,38,88,g0u0800,N7-O9,91710.574309,1840983957658121.000000
Sr88_g0u0800,38,88,g0u0800,O8-P10,49811.638407,696365884754440.500000
Sr88_g0u0800,38,88,g0u0800,O9-P10,49685.847706,15744035832146.187500
Sr88_g0u0800,38,88,g0u0800,O9-P11,49734.233712,710644188642233.375000
Sr88_g0u0800,38,88,g0u0800,P10-Q12,29983.339581,315253161781965.687500
Sr88_g0u0800,38,88,g0u0800,P11-Q12,29934.953575,4832460661087.891602
Sr88_g0u0800,38,88,g0u0800,P11-Q13,29956.678522,319692849670626.750000
Sr88_g0u0800,38,88,g0u0800,Q12-R14,19440.945173,158999335362339.531250
Sr88_g0u0800,38,88,g0u0800,Q13-R14,19419.220226,1761932187201.180908
Sr88_g0u0800,38,88,g0u0800,Q13-R15,19430.123392,160634197351665.687500
Sr88_g0u0900,38,88,g0u0900,K1-L2,2324381.067182,209467580156788576.000000
Sr88_g0u0900,38,88,g0u0900,K1-L3,2341849.191589,210409766626444480.000000
Sr88_g0u0900,38,88,g0u0900,L2-M4,584496.073693,24050654968819736.000000
Sr88_g0u0900,38,88,g0u0900,L3-M4,567027.949286,4639003821554979.000000
Sr88_g0u0900,38,88,g0u0900,L3-M5,568998.490026,28009770679287448.000000
Sr88_g0u0900,38,88,g0u0900,M4-N6,200270.849384,5635032684180111.000000
Sr88_g0u0900,38,88,g0u0900,M5-N6,198300.308645,396469974307549.562500
Sr88_g0u0900,38,88,g0u0900,M5-N7,198711.923792,5979442137745045.000000
Sr88_g0u0900,38,88,g0u0900,N6-O8,91996.399519,1782634513877514.500000
Sr88_g0u0900,38,88,g0u0900,N7-O8,91584.784371,65483372336213.796875
Sr88_g0u0900,38,88,g0u0900,N7-O9,91710.575074,1840983971734959.000000
Sr88_g0u0900,38,88,g0u0900,O8-P10,49811.638765,696365889160321.000000
Sr88_g0u0900,38,88,g0u0900,O9-P10,49685.848062,15744035931182.890625
Sr88_g0u0900,38,88,g0u0900,O9-P11,49734.234069,710644193137093.375000
Sr88_g0u0900,38,88,g0u0900,P10-Q12,29983.339754,315253163328707.125000
Sr88_g0u0900,38,88,g0u0900,P11-Q12,29934.953748,4832460684694.100586
Sr88_g0u0900,38,88,g0u0900,P11-Q13,29956.678695,319692851238574.562500
Sr88_g0u0900,38,88,g0u0900,Q12-R14,19440.945258,158999335928606.218750
Sr88_g0u0900,38,88,g0u0900,Q13-R14,19419.220311,1761932193454.511475
Sr88_g0u0900,38,88,g0u0900,Q13-R15,19430.123477,160634197923688.593750
Sr88_g0u1000,38,88,g0u1000,K1-L2,2324381.230411,209467603654641216.000000
Sr88_g0u1000,38,88,g0u1000,K1-L3,2341849.356043,210409789163242720.000000
Sr88_g0u1000,38,88,g0u1000,L2-M4,584496.080713,24050655114732212.000000
Sr88_g0u1000,38,88,g0u1000,L3-M4,567027.955081,4639003851179490.000000
Sr88_g0u1000,38,88,g0u1000,L3-M5,568998.495851,28009770862319632.000000
Sr88_g0u1000,38,88,g0u1000,M4-N6,200270.850791,5635032721223272.000000
Sr88_g0u1000,38,88,g0u1000,M5-N6,198300.310021,396469976884712.187500
Sr88_g0u1000,38,88,g0u1000,M5-N7,198711.925174,5979442177085463.000000
Sr88_g0u1000,38,88,g0u1000,N6-O8,91996.400102,1782634524186586.500000
Sr88_g0u1000,38,88,g0u1000,N7-O8,91584.784949,65483372711889.601562
Sr88_g0u1000,38,88,g0u1000,N7-O9,91710.575653,1840984124648809.750000
Sr88_g0u1000,38,88,g0u1000,O8-P10,49811.639036,696365892492051.750000
Sr88_g0u1000,38,88,g0u1000,O9-P10,49685.848332,15744037134317.955078
Sr88_g0u1000,38,88,g0u1000,O9-P11,49734.234339,710644196535654.375000
Sr88_g0u1000,38,88,g0u1000,P10-Q12,29983.339886,315253164498775.375000
Sr88_g0u1000,38,88,g0u1000,P11-Q12,29934.953879,4832460702550.673828
Sr88_g0u1000,38,88,g0u1000,P11-Q13,29956.678826,319692852424313.562500
Sr88_g0u1000,38,88,g0u1000,Q12-R14,19440.945323,158999336356943.218750
Sr88_g0u1000,38,88,g0u1000,Q13-R14,19419.220375,1761932198184.517334
Sr88_g0u1000,38,88,g0u1000,Q13-R15,19430.123541,160634198356229.750000
Sr88_g0u1100,38,88,g0u1100,K1-L2,2324381.351660,209467626421547232.000000
Sr88_g0u1100,38,88,g0u1100,K1-L3,2341849.478208,210409791473440160.000000
Sr88_g0u1100,38,88,g0u1100,L2-M4,584496.086072,24050655229182888.000000
Sr88_g0u1100,38,88,g0u1100,L3-M4,567027.959525,4639003874327731.000000
Sr88_g0u1100,38,88,g0u1100,L3-M5,568998.500319,28009771005325620.000000
Sr88_g0u1100,38,88,g0u1100,M4-N6,200270.851886,5635032750039198.000000
Sr88_g0u1100,38,88,g0u1100,M5-N6,198300.311092,396469978889458.187500
Sr88_g0u1100,38,88,g0u1100,M5-N7,198711.926249,5979442207688004.000000
Sr88_g0u1100,38,88,g0u1100,N6-O8,91996.400555,1782634532206723.750000
Sr88_g0u1100,38,88,g0u1100,N7-O8,91584.785398,65483373004154.976562
Sr88_g0u1100,38,88,g0u1100,N7-O9,91710.576103,1840984132929330.750000
Sr88_g0u1100,38,88,g0u1100,O8-P10,49811.639247,696365895084155.750000
Sr88_g0u1100,38,88,g0u1100,O9-P10,49685.848541,15744037192583.800781
Sr88_g0u1100,38,88,g0u1100,O9-P11,49734.234549,710644199180111.750000
Sr88_g0u1100,38,88,g0u1100,P10-Q12,29983.339988,315253165408512.250000
Sr88_g0u1100,38,88,g0u1100,P11-Q12,29934.953981,4832460716435.100586
Sr88_g0u1100,38,88,g0u1100,P11-Q13,29956.678928,319692853346766.062500
Sr88_g0u1100,38,88,g0u1100,Q12-R14,19440.945373,158999336690171.625000
Sr88_g0u1100,38,88,g0u1100,Q13-R14,19419.220425,1761932363311.194092
Sr88_g0u1100,38,88,g0u1100,Q13-R15,19430.123591,160634198692804.531250
Sr88_g0u1200,38,88,g0u1200,K1-L2,2324381.443924,209467628202466656.000000
Sr88_g0u1200,38,88,g0u1200,K1-L3,2341849.571172,210409812761904800.000000
Sr88_g0u1200,38,88,g0u1200,L2-M4,584496.090259,24050655321018476.000000
Sr88_g0u1200,38,88,g0u1200,L3-M4,567027.963011,4639003892835405.000000
Sr88_g0u1200,38,88,g0u1200,L3-M5,568998.503824,28009771119648624.000000
Sr88_g0u1200,38,88,g0u1200,M4-N6,200270.852757,5635032772974823.000000
Sr88_g0u1200,38,88,g0u1200,M5-N6,198300.311944,396469980485073.375000
Sr88_g0u1200,38,88,g0u1200,M5-N7,198711.927105,5979442232047984.000000
Sr88_g0u1200,38,88,g0u1200,N6-O8,91996.400916,1782634538590340.250000
Sr88_g0u1200,38,88,g0u1200,N7-O8,91584.785755,65483373236783.375000
Sr88_g0u1200,38,88,g0u1200,N7-O9,91710.576462,1840984139521107.500000
Sr88_g0u1200,38,88,g0u1200,O8-P10,49811.639414,696365897146943.000000
Sr88_g0u1200,38,88,g0u1200,O9-P10,49685.848708,15744037238952.121094
Sr88_g0u1200,38,88,g0u1200,O9-P11,49734.234716,710644201284658.375000
Sr88_g0u1200,38,88,g0u1200,P10-Q12,29983.340070,315253166132532.875000
Sr88_g0u1200,38,88,g0u1200,P11-Q12,29934.954062,4832460727484.865234
Sr88_g0u1200,38,88,g0u1200,P11-Q13,29956.679010,319692854080464.562500
Sr88_g0u1200,38,88,g0u1200,Q12-R14,19440.945413,158999336955549.156250
Sr88_g0u1200,38,88,g0u1200,Q13-R14,19419.220465,1761932366241.263916
Sr88_g0u1200,38,88,g0u1200,Q13-R15,19430.123631,160634198960298.281250
Sr88_g0u1300,38,88,g0u1300,K1-L2,2324381.519971,209467650166048352.000000
Sr88_g0u1300,38,88,g0u1300,K1-L3,2341849.647800,210409814264944384.000000
Sr88_g0u1300,38,88,g0u1300,L2-M4,584496.093720,24050655394969600.000000
Sr88_g0u1300,38,88,g0u1300,L3-M4,567027.965891,4639003907773096.000000
Sr88_g0u1300,38,88,g0u1300,L3-M5,568998.506719,28009771211929444.000000
Sr88_g0u1300,38,88,g0u1300,M4-N6,200270.853463,5635032791584412.000000
Sr88_g0u1300,38,88,g0u1300,M5-N6,198300.312635,396469981779758.437500
Sr88_g0u1300,38,88,g0u1300,M5-N7,198711.927799,5979442251812390.000000
Sr88_g0u1300,38,88,g0u1300,N6-O8,91996.401209,1782634543768911.500000
Sr88_g0u1300,38,88,g0u1300,N7-O8,91584.786045,65483373425497.250000
Sr88_g0u1300,38,88,g0u1300,N7-O9,91710.576753,1840984144868516.500000
Sr88_g0u1300,38,88,g0u1300,O8-P10,49811.639550,696365898821083.500000
Sr88_g0u1300,38,88,g0u1300,O9-P10,49685.848843,15744037276583.857422
Sr88_g0u1300,38,88,g0u1300,O9-P11,49734.234851,710644202992310.375000
Sr88_g0u1300,38,88,g0u1300,P10-Q12,29983.340136,315253166720216.937500
Sr88_g0u1300,38,88,g0u1300,P11-Q12,29934.954127,4832460736453.646484
Sr88_g0u1300,38,88,g0u1300,P11-Q13,29956.679075,319692854676293.812500
Sr88_g0u1300,38,88,g0u1300,Q12-R14,19440.945445,158999337170771.968750
Sr88_g0u1300,38,88,g0u1300,Q13-R14,19419.220497,1761932368618.155762
Sr88_g0u1300,38,88,g0u1300,Q13-R15,19430.123663,160634199177864.250000
Sr88_g0u1400,38,88,g0u1400,K1-L2,2324381.598669,209467651720033120.000000
Sr88_g0u1400,38,88,g0u1400,K1-L3,2341849.727106,210409815823643616.000000
Sr88_g0u1400,38,88,g0u1400,L2-M4,584496.097056,24050655451632708.000000
Sr88_g0u1400,38,88,g0u1400,L3-M4,567027.968619,4639003919537609.000000
Sr88_g0u1400,38,88,g0u1400,L3-M5,568998.509460,28009771284697908.000000
Sr88_g0u1400,38,88,g0u1400,M4-N6,200270.854047,5635032806922910.000000
Sr88_g0u1400,38,88,g0u1400,M5-N6,198300.313206,396469982847079.875000
Sr88_g0u1400,38,88,g0u1400,M5-N7,198711.928372,5979442268104965.000000
Sr88_g0u1400,38,88,g0u1400,N6-O8,91996.401450,1782634685528928.250000
Sr88_g0u1400,38,88,g0u1400,N7-O8,91584.786284,65483373581126.531250
Sr88_g0u1400,38,88,g0u1400,N7-O9,91710.576992,1840984149279062.500000
Sr88_g0u1400,38,88,g0u1400,O8-P10,49811.639662,696365900201206.250000
Sr88_g0u1400,38,88,g0u1400,O9-P10,49685.848954,15744037307607.267578
Sr88_g0u1400,38,88,g0u1400,O9-P11,49734.234963,710644204400329.625000
Sr88_g0u1400,38,88,g0u1400,P10-Q12,29983.340190,315253167204751.062500
Sr88_g0u1400,38,88,g0u1400,P11-Q12,29934.954182,4832460743848.467773
Sr88_g0u1400,38,88,g0u1400,P11-Q13,29956.679130,319692855167685.437500
Sr88_g0u1400,38,88,g0u1400,Q12-R14,19440.945472,158999337347930.406250
Sr88_g0u1400,38,88,g0u1400,Q13-R14,19419.220524,1761932370574.705811
Sr88_g0u1400,38,88,g0u1400,Q13-R15,19430.123690,160634199357195.812500
Sr88_g0u1500,38,88,g0u1500,K1-L2,2324381.708231,209467653801230688.000000
Sr88_g0u1500,38,88,g0u1500,K1-L3,2341849.837514,210409837390354720.000000
Sr88_g0u1500,38,88,g0u1500,L2-M4,584496.101034,24050655488264884.000000
Sr88_g0u1500,38,88,g0u1500,L3-M4,567027.971751,4639003928029495.000000
Sr88_g0u1500,38,88,g0u1500,L3-M5,568998.512604,28009771337434824.000000
Sr88_g0u1500,38,88,g0u1500,M4-N6,200270.854538,5635032819732161.000000
Sr88_g0u1500,38,88,g0u1500,M5-N6,198300.313685,396469983738904.687500
Sr88_g0u1500,38,88,g0u1500,M5-N7,198711.928852,5979442281719951.000000
Sr88_g0u1500,38,88,g0u1500,N6-O8,91996.401652,1782634689100356.000000
Sr88_g0u1500,38,88,g0u1500,N7-O8,91584.786484,65483373711274.835938
Sr88_g0u1500,38,88,g0u1500,N7-O9,91710.577193,1840984152965248.250000
Sr88_g0u1500,38,88,g0u1500,O8-P10,49811.639756,696365901354524.250000
Sr88_g0u1500,38,88,g0u1500,O9-P10,49685.849048,15744037333531.103516
Sr88_g0u1500,38,88,g0u1500,O9-P11,49734.235056,710644205577463.250000
Sr88_g0u1500,38,88,g0u1500,P10-Q12,29983.340236,315253167610287.562500
Sr88_g0u1500,38,88,g0u1500,P11-Q12,29934.954227,4832460750037.946289
Sr88_g0u1500,38,88,g0u1500,P11-Q13,29956.679175,319692855578376.625000
Sr88_g0u1500,38,88,g0u1500,Q12-R14,19440.945494,158999337496564.093750
Sr88_g0u1500,38,88,g0u1500,Q13-R14,19419.220546,1761932372215.932129
Sr88_g0u1500,38,88,g0u1500,Q13-R15,19430.123712,160634199506944.843750
Sr88_g0u1600,38,88,g0u1600,K1-L2,2324381.630707,209467652228248864.000000
Sr88_g0u1600,38,88,g0u1600,K1-L3,2341849.759352,210409835854114208.000000
Sr88_g0u1600,38,88,g0u1600,L2-M4,584496.099396,24050655563922084.000000
Sr88_g0u1600,38,88,g0u1600,L3-M4,567027.970750,4639003940898455.000000
Sr88_g0u1600,38,88,g0u1600,L3-M5,568998.511609,28009771416305992.000000
Sr88_g0u1600,38,88,g0u1600,M4-N6,200270.854941,5635032830637213.000000
Sr88_g0u1600,38,88,g0u1600,M5-N6,198300.314083,396469984495981.937500
Sr88_g0u1600,38,88,g0u1600,M5-N7,198711.929252,5979442293276750.000000
Sr88_g0u1600,38,88,g0u1600,N6-O8,91996.401823,1782634692120976.750000
Sr88_g0u1600,38,88,g0u1600,N7-O8,91584.786653,65483373821349.773438
Sr88_g0u1600,38,88,g0u1600,N7-O9,91710.577362,1840984156085563.750000
Sr88_g0u1600,38,88,g0u1600,O8-P10,49811.639836,696365902331316.750000
Sr88_g0u1600,38,88,g0u1600,O9-P10,49685.849127,15744037355488.832031
Sr88_g0u1600,38,88,g0u1600,O9-P11,49734.235135,710644206573746.625000
Sr88_g0u1600,38,88,g0u1600,P10-Q12,29983.340274,315253167953039.687500
Sr88_g0u1600,38,88,g0u1600,P11-Q12,29934.954266,4832460755268.916992
Sr88_g0u1600,38,88,g0u1600,P11-Q13,29956.679214,319692855925824.437500
Sr88_g0u1600,38,88,g0u1600,Q12-R14,19440.945513,158999337622030.906250
Sr88_g0u1600,38,88,g0u1600,Q13-R14,19419.220565,1761932373601.351318
Sr88_g0u1600,38,88,g0u1600,Q13-R15,19430.123731,160634199633441.250000
Sr88_g0u1700,38,88,g0u1700,K1-L2,2324390.934864,209468656431291328.000000
Sr88_g0u1700,38,88,g0u1700,K1-L3,2341859.135034,210410797280491040.000000
Sr88_g0u1700,38,88,g0u1700,L2-M4,584496.351028,24050662628935792.000000
Sr88_g0u1700,38,88,g0u1700,L3-M4,567028.150857,4639005066524815.000000
Sr88_g0u1700,38,88,g0u1700,L3-M5,568998.691979,28009778036894000.000000
Sr88_g0u1700,38,88,g0u1700,M4-N6,200270.855829,5635032836895503.000000
Sr88_g0u1700,38,88,g0u1700,M5-N6,198300.314708,396469985035230.812500
Sr88_g0u1700,38,88,g0u1700,M5-N7,198711.929879,5979442726812332.000000
Sr88_g0u1700,38,88,g0u1700,N6-O8,91996.401969,1782634694703729.000000
Sr88_g0u1700,38,88,g0u1700,N7-O8,91584.786798,65483373915493.687500
Sr88_g0u1700,38,88,g0u1700,N7-O9,91710.577508,1840984158752067.500000
Sr88_g0u1700,38,88,g0u1700,O8-P10,49811.639903,696365903166004.125000
Sr88_g0u1700,38,88,g0u1700,O9-P10,49685.849194,15744037374250.193359
Sr88_g0u1700,38,88,g0u1700,O9-P11,49734.235203,710644207425568.000000
Sr88_g0u1700,38,88,g0u1700,P10-Q12,29983.340307,315253168246028.000000
Sr88_g0u1700,38,88,g0u1700,P11-Q12,29934.954298,4832460759740.581055
Sr88_g0u1700,38,88,g0u1700,P11-Q13,29956.679247,319692856223186.937500
Sr88_g0u1700,38,88,g0u1700,Q12-R14,19440.945529,158999337729289.687500
Sr88_g0u1700,38,88,g0u1700,Q13-R14,19419.220581,1761932374786.211670
Sr88_g0u1700,38,88,g0u1700,Q13-R15,19430.123747,160634199742107.562500
Sr88_g0u1800,38,88,g0u1800,K1-L2,2324643.297076,209496294349884384.000000
Sr88_g0u1800,38,88,g0u1800,K1-L3,2342113.503414,210437441007982400.000000
Sr88_g0u1800,38,88,g0u1800,L2-M4,584503.748681,24050898322601496.000000
Sr88_g0u1800,38,88,g0u1800,L3-M4,567033.542343,4639040999062196.000000
Sr88_g0u1800,38,88,g0u1800,L3-M5,569004.091272,28009989382771400.000000
Sr88_g0u1800,38,88,g0u1800,M4-N6,200270.873213,5635033545899870.000000
Sr88_g0u1800,38,88,g0u1800,M5-N6,198300.324283,396470010578322.187500
Sr88_g0u1800,38,88,g0u1800,M5-N7,198711.939462,5979442682354902.000000
Sr88_g0u1800,38,88,g0u1800,N6-O8,91996.402105,1782634696896600.000000
Sr88_g0u1800,38,88,g0u1800,N7-O8,91584.786927,65483373996210.429688
Sr88_g0u1800,38,88,g0u1800,N7-O9,91710.577637,1840984161040496.250000
Sr88_g0u1800,38,88,g0u1800,O8-P10,49811.639962,696365903886725.625000
Sr88_g0u1800,38,88,g0u1800,O9-P10,49685.849252,15744037390451.957031
Sr88_g0u1800,38,88,g0u1800,O9-P11,49734.235261,710644208160581.375000
Sr88_g0u1800,38,88,g0u1800,P10-Q12,29983.340335,315253168498695.312500
Sr88_g0u1800,38,88,g0u1800,P11-Q12,29934.954327,4832460763596.424805
Sr88_g0u1800,38,88,g0u1800,P11-Q13,29956.679275,319692856479347.500000
Sr88_g0u1800,38,88,g0u1800,Q12-R14,19440.945543,158999337821991.843750
Sr88_g0u1800,38,88,g0u1800,Q13-R14,19419.220595,1761932375809.730225
Sr88_g0u1800,38,88,g0u1800,Q13-R15,19430.123761,160634199835690.625000
Sr88_g0u1900,38,88,g0u1900,K1-L2,2325362.293509,209573792170477088.000000
Sr88_g0u1900,38,88,g0u1900,K1-L3,2342838.040868,210512107546330816.000000
Sr88_g0u1900,38,88,g0u1900,L2-M4,584523.253576,24051518451604872.000000
Sr88_g0u1900,38,88,g0u1900,L3-M4,567047.506217,4639133784887010.000000
Sr88_g0u1900,38,88,g0u1900,L3-M5,569018.075086,28010535096403296.000000
Sr88_g0u1900,38,88,g0u1900,M4-N6,200270.915339,5635034512215353.000000
Sr88_g0u1900,38,88,g0u1900,M5-N6,198300.346470,396470059734464.875000
Sr88_g0u1900,38,88,g0u1900,M5-N7,198711.961664,5979443414828290.000000
Sr88_g0u1900,38,88,g0u1900,N6-O8,91996.402239,1782634698754918.500000
Sr88_g0u1900,38,88,g0u1900,N7-O8,91584.787045,65483374065823.453125
Sr88_g0u1900,38,88,g0u1900,N7-O9,91710.577754,1840984163012006.500000
Sr88_g0u1900,38,88,g0u1900,O8-P10,49811.640013,696365904513672.625000
Sr88_g0u1900,38,88,g0u1900,O9-P10,49685.849303,15744037404544.000000
Sr88_g0u1900,38,88,g0u1900,O9-P11,49734.235312,710644208799972.750000
Sr88_g0u1900,38,88,g0u1900,P10-Q12,29983.340360,315253168719168.375000
Sr88_g0u1900,38,88,g0u1900,P11-Q12,29934.954351,4832460766960.933594
Sr88_g0u1900,38,88,g0u1900,P11-Q13,29956.679300,319692856702504.625000
Sr88_g0u1900,38,88,g0u1900,Q12-R14,19440.945555,158999337902262.187500
Sr88_g0u1900,38,88,g0u1900,Q13-R14,19419.220607,1761932376696.006104
Sr88_g0u1900,38,88,g0u1900,Q13-R15,19430.123773,160634199916763.125000
Sr88_g2u1000,38,88,g2u1000,K1-L2,2324385.343051,209468037364889312.000000
Sr88_g2u1000,38,88,g2u1000,K1-L3,2341853.497956,210410167075897472.000000
Sr88_g2u1000,38,88,g2u1000,L2-M4,584496.170464,24050659110687520.000000
Sr88_g2u1000,38,88,g2u1000,L3-M4,567028.015559,4639004915908173.000000
Sr88_g2u1000,38,88,g2u1000,L3-M5,568998.556394,28009770198953344.000000
Sr88_g2u1000,38,88,g2u1000,M4-N6,200270.849664,5635032797299852.000000
Sr88_g2u1000,38,88,g2u1000,M5-N6,198300.308829,396469975892984.000000
Sr88_g2u1000,38,88,g2u1000,M5-N7,198711.924006,5979442063466888.000000
Sr88_g2u1000,38,88,g2u1000,N6-O8,91996.399505,1782634508432583.750000
Sr88_g2u1000,38,88,g2u1000,N7-O8,91584.784328,65483382704812.859375
Sr88_g2u1000,38,88,g2u1000,N7-O9,91710.575046,1840983902458316.000000
Sr88_g2u1000,38,88,g2u1000,O8-P10,49811.638708,696365891542120.125000
Sr88_g2u1000,38,88,g2u1000,O9-P10,49685.847991,15744037201899.509766
Sr88_g2u1000,38,88,g2u1000,O9-P11,49734.234016,710644179212805.250000
Sr88_g2u1000,38,88,g2u1000,P10-Q12,29983.339640,315253161744419.562500
Sr88_g2u1000,38,88,g2u1000,P11-Q12,29934.953614,4832460821077.814453
Sr88_g2u1000,38,88,g2u1000,P11-Q13,29956.678581,319692846998952.562500
Sr88_g2u1000,38,88,g2u1000,Q12-R14,19440.945099,158999334221796.312500
Sr88_g2u1000,38,88,g2u1000,Q13-R14,19419.220133,1761932187409.227539
Sr88_g2u1000,38,88,g2u1000,Q13-R15,19430.123316,160634195889490.781250
Zr90_g0u0050,40,90,g0u0050,K1-L2,2515035.102302,250055543298677088.000000
Zr90_g0u0050,40,90,g0u0050,K1-L3,2536126.407488,251659719520608160.000000
Zr90_g0u0050,40,90,g0u0050,L2-M4,649161.201199,29589668421793108.000000
Zr90_g0u0050,40,90,g0u0050,L3-M4,628069.896013,5687700066819871.000000
Zr90_g0u0050,40,90,g0u0050,L3-M5,630492.699486,34365988944848496.000000
Zr90_g0u0050,40,90,g0u0050,M4-N6,222214.420668,6927185172391604.000000
Zr90_g0u0050,40,90,g0u0050,M5-N6,219791.617195,486587620901164.062500
Zr90_g0u0050,40,90,g0u0050,M5-N7,220297.467044,7342905766701743.000000
Zr90_g0u0050,40,90,g0u0050,N6-O8,102007.436333,2190147935177890.000000
Zr90_g0u0050,40,90,g0u0050,N7-O8,101501.586485,80381401596557.515625
Zr90_g0u0050,40,90,g0u0050,N7-O9,101656.125205,2260818019014592.500000
Zr90_g0u0050,40,90,g0u0050,O8-P10,55217.571551,855349333255152.000000
Zr90_g0u0050,40,90,g0u0050,O9-P10,55063.032830,19327533086228.304688
Zr90_g0u0050,40,90,g0u0050,O9-P11,55122.466176,872681943588462.375000
Zr90_g0u0050,40,90,g0u0050,P10-Q12,33232.813827,387173656025241.812500
Zr90_g0u0050,40,90,g0u0050,P11-Q12,33173.380481,5932583546835.886719
Zr90_g0u0050,40,90,g0u0050,P11-Q13,33200.062365,392571676456357.187500
Zr90_g0u0050,40,90,g0u0050,Q12-R14,21546.053827,195254578329955.375000
Zr90_g0u0050,40,90,g0u0050,Q13-R14,21519.371943,2163063141443.141846
Zr90_g0u0050,40,90,g0u0050,Q13-R15,21532.761656,197244708828472.968750
Zr90_g0u0100,40,90,g0u0100,K1-L2,2515292.409825,250084646013990720.000000
Zr90_g0u0100,40,90,g0u0100,K1-L3,2536385.679776,251687619375540544.000000
Zr90_g0u0100,40,90,g0u0100,L2-M4,649166.994579,29589954940652584.000000
Zr90_g0u0100,40,90,g0u0100,L3-M4,628073.724628,5687743984733503.000000
Zr90_g0u0100,40,90,g0u0100,L3-M5,630496.542597,34366254438706256.000000
Zr90_g0u0100,40,90,g0u0100,M4-N6,222214.967411,6927218987474198.000000
Zr90_g0u0100,40,90,g0u0100,M5-N6,219792.149442,486589910382093.625000
Zr90_g0u0100,40,90,g0u0100,M5-N7,220298.001698,7342940333214212.000000
Zr90_g0u0100,40,90,g0u0100,N6-O8,102007.665674,2190157327479140.750000
Zr90_g0u0100,40,90,g0u0100,N7-O8,101501.813418,80381740905273.671875
Zr90_g0u0100,40,90,g0u0100,N7-O9,101656.352798,2260827724596560.500000
Zr90_g0u0100,40,90,g0u0100,O8-P10,55217.679083,855352516359163.750000
Zr90_g0u0100,40,90,g0u0100,O9-P10,55063.139703,19327605028225.261719
Zr90_g0u0100,40,90,g0u0100,O9-P11,55122.573264,872685136331359.000000
Zr90_g0u0100,40,90,g0u0100,P10-Q12,33232.866752,387174803886408.687500
Zr90_g0u0100,40,90,g0u0100,P11-Q12,33173.433191,5932601135258.470703
Zr90_g0u0100,40,90,g0u0100,P11-Q13,33200.115153,392572840479569.125000
Zr90_g0u0100,40,90,g0u0100,Q12-R14,21546.080213,195255016456908.218750
Zr90_g0u0100,40,90,g0u0100,Q13-R14,21519.398252,2163067994848.586426
Zr90_g0u0100,40,90,g0u0100,Q13-R15,21532.787994,197245151429599.906250
Zr90_g0u0150,40,90,g0u0150,K1-L2,2515336.832371,250089738298690624.000000
Zr90_g0u0150,40,90,g0u0150,K1-L3,2536430.447328,251692503060434720.000000
Zr90_g0u0150,40,90,g0u0150,L2-M4,649168.203146,29590018731860964.000000
Zr90_g0u0150,40,90,g0u0150,L3-M4,628074.588190,5687754295083734.000000
Zr90_g0u0150,40,90,g0u0150,L3-M5,630497.409875,34366316125803484.000000
Zr90_g0u0150,40,90,g0u0150,M4-N6,222215.103052,6927226898790499.000000
Zr90_g0u0150,40,90,g0u0150,M5-N6,219792.281367,486590499522203.937500
Zr90_g0u0150,40,90,g0u0150,M5-N7,220298.134213,7342948751732691.000000
Zr90_g0u0150,40,90,g0u0150,N6-O8,102007.721830,2190159653094161.750000
Zr90_g0u0150,40,90,g0u0150,N7-O8,101501.868983,80381826326154.546875
Zr90_g0u0150,40,90,g0u0150,N7-O9,101656.408526,2260829970251859.000000
Zr90_g0u0150,40,90,g0u0150,O8-P10,55217.705432,855353263630977.875000
Zr90_g0u0150,40,90,g0u0150,O9-P10,55063.165890,19327620663264.242188
Zr90_g0u0150,40,90,g0u0150,O9-P11,55122.599504,872685899029994.875000
Zr90_g0u0150,40,90,g0u0150,P10-Q12,33232.879726,387175057287807.125000
Zr90_g0u0150,40,90,g0u0150,P11-Q12,33173.446112,5932605016307.396484
Zr90_g0u0150,40,90,g0u0150,P11-Q13,33200.128092,392573139414927.875000
Zr90_g0u0150,40,90,g0u0150,Q12-R14,21546.086684,195255112997372.750000
Zr90_g0u0150,40,90,g0u0150,Q13-R14,21519.404704,2163069063915.725098
Zr90_g0u0150,40,90,g0u0150,Q13-R15,21532.794453,197245248952765.625000
Zr90_g0u0200,40,90,g0u0200,K1-L2,2515351.838973,250091466846297760.000000
Zr90_g0u0200,40,90,g0u0200,K1-L3,2536445.574068,251694198972102464.000000
Zr90_g0u0200,40,90,g0u0200,L2-M4,649168.663842,29590043843145012.000000
Zr90_g0u0200,40,90,g0u0200,L3-M4,628074.928746,5687757979862761.000000
Zr90_g0u0200,40,90,g0u0200,L3-M5,630497.751954,34366338226609080.000000
Zr90_g0u0200,40,90,g0u0200,M4-N6,222215.159444,6927230303254100.000000
Zr90_g0u0200,40,90,g0u0200,M5-N6,219792.336235,486590739566018.000000
Zr90_g0u0200,40,90,g0u0200,M5-N7,220298.189327,7342952374549905.000000
Zr90_g0u0200,40,90,g0u0200,N6-O8,102007.745193,2190160570676136.000000
Zr90_g0u0200,40,90,g0u0200,N7-O8,101501.892101,80381865656263.593750
Zr90_g0u0200,40,90,g0u0200,N7-O9,101656.431711,2260831075951988.500000
Zr90_g0u0200,40,90,g0u0200,O8-P10,55217.716395,855353579381311.625000
Zr90_g0u0200,40,90,g0u0200,O9-P10,55063.176786,19327629048408.531250
Zr90_g0u0200,40,90,g0u0200,O9-P11,55122.610422,872686221301585.000000
Zr90_g0u0200,40,90,g0u0200,P10-Q12,33232.885125,387175152466238.687500
Zr90_g0u0200,40,90,g0u0200,P11-Q12,33173.451489,5932607109955.862305
Zr90_g0u0200,40,90,g0u0200,P11-Q13,33200.133477,392573235924426.562500
Zr90_g0u0200,40,90,g0u0200,Q12-R14,21546.089378,195255149179254.625000
Zr90_g0u0200,40,90,g0u0200,Q13-R14,21519.407389,2163069643308.833740
Zr90_g0u0200,40,90,g0u0200,Q13-R15,21532.797142,197245301769215.875000
Zr90_g0u0250,40,90,g0u0250,K1-L2,2515358.701808,250092293095856416.000000
Zr90_g0u0250,40,90,g0u0250,K1-L3,2536452.492731,251694989555072832.000000
Zr90_g0u0250,40,90,g0u0250,L2-M4,649168.889423,29590056688901572.000000
Zr90_g0u0250,40,90,g0u0250,L3-M4,628075.098500,5687760642515699.000000
Zr90_g0u0250,40,90,g0u0250,L3-M5,630497.922495,34366354127264388.000000
Zr90_g0u0250,40,90,g0u0250,M4-N6,222215.189050,6927232047246936.000000
Zr90_g0u0250,40,90,g0u0250,M5-N6,219792.365055,486590830907274.250000
Zr90_g0u0250,40,90,g0u0250,M5-N7,220298.218275,7342954230206460.000000
Zr90_g0u0250,40,90,g0u0250,N6-O8,102007.757468,2190161117332771.000000
Zr90_g0u0250,40,90,g0u0250,N7-O8,101501.904247,80381880104507.390625
Zr90_g0u0250,40,90,g0u0250,N7-O9,101656.443892,2260831640893247.500000
Zr90_g0u0250,40,90,g0u0250,O8-P10,55217.722156,855353768591325.125000
Zr90_g0u0250,40,90,g0u0250,O9-P10,55063.182511,19327632077241.953125
Zr90_g0u0250,40,90,g0u0250,O9-P11,55122.616159,872686414434642.750000
Zr90_g0u0250,40,90,g0u0250,P10-Q12,33232.887962,387175222116852.250000
Zr90_g0u0250,40,90,g0u0250,P11-Q12,33173.454314,5932608177706.399414
Zr90_g0u0250,40,90,g0u0250,P11-Q13,33200.136307,392573306559268.375000
Zr90_g0u0250,40,90,g0u0250,Q12-R14,21546.090793,195255175832949.843750
Zr90_g0u0250,40,90,g0u0250,Q13-R14,21519.408801,2163069938674.685303
Zr90_g0u0250,40,90,g0u0250,Q13-R15,21532.798555,197245328696221.437500
Zr90_g0u0300,40,90,g0u0300,K1-L2,2515362.415628,250092725169474080.000000
Zr90_g0u0300,40,90,g0u0300,K1-L3,2536456.237064,251695403347082976.000000
Zr90_g0u0300,40,90,g0u0300,L2-M4,649169.017463,29590066018229480.000000
Zr90_g0u0300,40,90,g0u0300,L3-M4,628075.196027,5687761524797598.000000
Zr90_g0u0300,40,90,g0u0300,L3-M5,630498.020488,34366359449019040.000000
Zr90_g0u0300,40,90,g0u0300,M4-N6,222215.206821,6927233005959333.000000
Zr90_g0u0300,40,90,g0u0300,M5-N6,219792.382360,486590929954693.250000
Zr90_g0u0300,40,90,g0u0300,M5-N7,220298.235658,7342955250054162.000000
Zr90_g0u0300,40,90,g0u0300,N6-O8,102007.764841,2190161415023507.250000
Zr90_g0u0300,40,90,g0u0300,N7-O8,101501.911543,80381891036355.890625
Zr90_g0u0300,40,90,g0u0300,N7-O9,101656.451209,2260831948507473.000000
Zr90_g0u0300,40,90,g0u0300,O8-P10,55217.725616,855353871172277.000000
Zr90_g0u0300,40,90,g0u0300,O9-P10,55063.185950,19327635645665.390625
Zr90_g0u0300,40,90,g0u0300,O9-P11,55122.619605,872686519136222.375000
Zr90_g0u0300,40,90,g0u0300,P10-Q12,33232.889666,387175280478762.875000
Zr90_g0u0300,40,90,g0u0300,P11-Q12,33173.456011,5932608436686.368164
Zr90_g0u0300,40,90,g0u0300,P11-Q13,33200.138006,392573323773429.062500
Zr90_g0u0300,40,90,g0u0300,Q12-R14,21546.091644,195255198271969.968750
Zr90_g0u0300,40,90,g0u0300,Q13-R14,21519.409648,2163070008654.234375
Zr90_g0u0300,40,90,g0u0300,Q13-R15,21532.799403,197245335099239.406250
Zr90_g0u0350,40,90,g0u0350,K1-L2,2515364.653420,250092994776271456.000000
Zr90_g0u0350,40,90,g0u0350,K1-L3,2536458.493378,251695661597126688.000000
Zr90_g0u0350,40,90,g0u0350,L2-M4,649169.097592,29590069688886204.000000
Zr90_g0u0350,40,90,g0u0350,L3-M4,628075.257634,5687762802338448.000000
Zr90_g0u0350,40,90,g0u0350,L3-M5,630498.082397,34366367062723356.000000
Zr90_g0u0350,40,90,g0u0350,M4-N6,222215.218462,6927233344988876.000000
Zr90_g0u0350,40,90,g0u0350,M5-N6,219792.393699,486590953484586.062500
Zr90_g0u0350,40,90,g0u0350,M5-N7,220298.247048,7342956080700018.000000
Zr90_g0u0350,40,90,g0u0350,N6-O8,102007.769673,2190161662614788.250000
Zr90_g0u0350,40,90,g0u0350,N7-O8,101501.916324,80381894502744.515625
Zr90_g0u0350,40,90,g0u0350,N7-O9,101656.456004,2260832046856655.000000
Zr90_g0u0350,40,90,g0u0350,O8-P10,55217.727884,855353902365789.750000
Zr90_g0u0350,40,90,g0u0350,O9-P10,55063.188204,19327636346020.054688
Zr90_g0u0350,40,90,g0u0350,O9-P11,55122.621863,872686607113103.000000
Zr90_g0u0350,40,90,g0u0350,P10-Q12,33232.890783,387175291611054.375000
Zr90_g0u0350,40,90,g0u0350,P11-Q12,33173.457124,5932609243072.018555
Zr90_g0u0350,40,90,g0u0350,P11-Q13,33200.139120,392573335056629.937500
Zr90_g0u0350,40,90,g0u0350,Q12-R14,21546.092201,195255202428729.531250
Zr90_g0u0350,40,90,g0u0350,Q13-R14,21519.410204,2163070054528.182861
Zr90_g0u0350,40,90,g0u0350,Q13-R15,21532.799960,197245355564572.343750
Zr90_g0u0400,40,90,g0u0400,K1-L2,2515366.106821,250093159331063840.000000
Zr90_g0u0400,40,90,g0u0400,K1-L3,2536459.958881,251695819379292736.000000
Zr90_g0u0400,40,90,g0u0400,L2-M4,649169.151330,29590073048050172.000000
Zr90_g0u0400,40,90,g0u0400,L3-M4,628075.299269,5687762974485723.000000
Zr90_g0u0400,40,90,g0u0400,L3-M5,630498.124240,34366368132361484.000000
Zr90_g0u0400,40,90,g0u0400,M4-N6,222215.226572,6927234022802153.000000
Zr90_g0u0400,40,90,g0u0400,M5-N6,219792.401601,486591001459562.187500
Zr90_g0u0400,40,90,g0u0400,M5-N7,220298.254985,7342956802310911.000000
Zr90_g0u0400,40,90,g0u0400,N6-O8,102007.773041,2190161881336566.000000
Zr90_g0u0400,40,90,g0u0400,N7-O8,101501.919657,80381902561875.734375
Zr90_g0u0400,40,90,g0u0400,N7-O9,101656.459347,2260832115407664.500000
Zr90_g0u0400,40,90,g0u0400,O8-P10,55217.729465,855353979098070.250000
Zr90_g0u0400,40,90,g0u0400,O9-P10,55063.189775,19327638084136.582031
Zr90_g0u0400,40,90,g0u0400,O9-P11,55122.623438,872686629289622.000000
Zr90_g0u0400,40,90,g0u0400,P10-Q12,33232.891562,387175299370735.500000
Zr90_g0u0400,40,90,g0u0400,P11-Q12,33173.457899,5932609361397.332031
Zr90_g0u0400,40,90,g0u0400,P11-Q13,33200.139897,392573342921580.875000
Zr90_g0u0400,40,90,g0u0400,Q12-R14,21546.092589,195255205325970.656250
Zr90_g0u0400,40,90,g0u0400,Q13-R14,21519.410591,2163070086502.114746
Zr90_g0u0400,40,90,g0u0400,Q13-R15,21532.800347,197245358490233.312500
Zr90_g0u0450,40,90,g0u0450,K1-L2,2515367.104609,250093292578827360.000000
Zr90_g0u0450,40,90,g0u0450,K1-L3,2536460.965022,251695946997548224.000000
Zr90_g0u0450,40,90,g0u0450,L2-M4,649169.189274,29590076207056392.000000
Zr90_g0u0450,40,90,g0u0450,L3-M4,628075.328861,5687763618479007.000000
Zr90_g0u0450,40,90,g0u0450,L3-M5,630498.153983,34366371971089056.000000
Zr90_g0u0450,40,90,g0u0450,M4-N6,222215.232488,6927234636746893.000000
Zr90_g0u0450,40,90,g0u0450,M5-N6,219792.407366,486591013427854.562500
Zr90_g0u0450,40,90,g0u0450,M5-N7,220298.260776,7342956985367651.000000
Zr90_g0u0450,40,90,g0u0450,N6-O8,102007.775499,2190161929803131.250000
Zr90_g0u0450,40,90,g0u0450,N7-O8,101501.922089,80381904324982.734375
Zr90_g0u0450,40,90,g0u0450,N7-O9,101656.461786,2260832165429589.000000
Zr90_g0u0450,40,90,g0u0450,O8-P10,55217.730618,855353994963908.375000
Zr90_g0u0450,40,90,g0u0450,O9-P10,55063.190921,19327638440354.960938
Zr90_g0u0450,40,90,g0u0450,O9-P11,55122.624586,872686701633769.500000
Zr90_g0u0450,40,90,g0u0450,P10-Q12,33232.892130,387175305033108.437500
Zr90_g0u0450,40,90,g0u0450,P11-Q12,33173.458465,5932609447741.293945
Zr90_g0u0450,40,90,g0u0450,P11-Q13,33200.140464,392573390639162.312500
Zr90_g0u0450,40,90,g0u0450,Q12-R14,21546.092873,195255207440421.531250
Zr90_g0u0450,40,90,g0u0450,Q13-R14,21519.410874,2163070109836.476562
Zr90_g0u0450,40,90,g0u0450,Q13-R15,21532.800630,197245360625503.250000
Zr90_g0u0500,40,90,g0u0500,K1-L2,2515367.819531,250093375140275360.000000
Zr90_g0u0500,40,90,g0u0500,K1-L3,2536461.685957,251696026205734848.000000
Zr90_g0u0500,40,90,g0u0500,L2-M4,649169.217156,29590076660557036.000000
Zr90_g0u0500,40,90,g0u0500,L3-M4,628075.350730,5687763715413900.000000
Zr90_g0u0500,40,90,g0u0500,L3-M5,630498.175965,34366372573027028.000000
Zr90_g0u0500,40,90,g0u0500,M4-N6,222215.236959,6927234767139009.000000
Zr90_g0u0500,40,90,g0u0500,M5-N6,219792.411724,486591054049940.437500
Zr90_g0u0500,40,90,g0u0500,M5-N7,220298.265153,7342957594514986.000000
Zr90_g0u0500,40,90,g0u0500,N6-O8,102007.777357,2190161966443615.500000
Zr90_g0u0500,40,90,g0u0500,N7-O8,101501.923928,80381905657881.828125
Zr90_g0u0500,40,90,g0u0500,N7-O9,101656.463630,2260832360806409.000000
Zr90_g0u0500,40,90,g0u0500,O8-P10,55217.731490,855354061948812.250000
Zr90_g0u0500,40,90,g0u0500,O9-P10,55063.191788,19327638709670.515625
Zr90_g0u0500,40,90,g0u0500,O9-P11,55122.625455,872686713867943.250000
Zr90_g0u0500,40,90,g0u0500,P10-Q12,33232.892559,387175350692048.062500
Zr90_g0u0500,40,90,g0u0500,P11-Q12,33173.458893,5932609513017.870117
Zr90_g0u0500,40,90,g0u0500,P11-Q13,33200.140892,392573394978259.875000
Zr90_g0u0500,40,90,g0u0500,Q12-R14,21546.093087,195255225136966.812500
Zr90_g0u0500,40,90,g0u0500,Q13-R14,21519.411088,2163070127478.089844
Zr90_g0u0500,40,90,g0u0500,Q13-R15,21532.800844,197245362239865.656250
Zr90_g0u0550,40,90,g0u0550,K1-L2,2515368.349488,250093431454060864.000000
Zr90_g0u0550,40,90,g0u0550,K1-L3,2536462.220391,251696101748238080.000000
Zr90_g0u0550,40,90,g0u0550,L2-M4,649169.238303,29590079588915448.000000
Zr90_g0u0550,40,90,g0u0550,L3-M4,628075.367400,5687764308362986.000000
Zr90_g0u0550,40,90,g0u0550,L3-M5,630498.192723,34366376094453672.000000
Zr90_g0u0550,40,90,g0u0550,M4-N6,222215.240435,6927234868547951.000000
Zr90_g0u0550,40,90,g0u0550,M5-N6,219792.415113,486591061086867.000000
Zr90_g0u0550,40,90,g0u0550,M5-N7,220298.268557,7342957702145751.000000
Zr90_g0u0550,40,90,g0u0550,N6-O8,102007.778802,2190161994939180.500000
Zr90_g0u0550,40,90,g0u0550,N7-O8,101501.925357,80381912337441.171875
Zr90_g0u0550,40,90,g0u0550,N7-O9,101656.465064,2260832390216338.000000
Zr90_g0u0550,40,90,g0u0550,O8-P10,55217.732169,855354071277037.125000
Zr90_g0u0550,40,90,g0u0550,O9-P10,55063.192462,19327638919106.554688
Zr90_g0u0550,40,90,g0u0550,O9-P11,55122.626130,872686723381706.500000
Zr90_g0u0550,40,90,g0u0550,P10-Q12,33232.892893,387175354021640.000000
Zr90_g0u0550,40,90,g0u0550,P11-Q12,33173.459225,5932609563789.041016
Zr90_g0u0550,40,90,g0u0550,P11-Q13,33200.141225,392573398353261.937500
Zr90_g0u0550,40,90,g0u0550,Q12-R14,21546.093254,195255226380263.031250
Zr90_g0u0550,40,90,g0u0550,Q13-R14,21519.411254,2163070141199.702881
Zr90_g0u0550,40,90,g0u0550,Q13-R15,21532.801011,197245363495071.718750
Zr90_g0u0600,40,90,g0u0600,K1-L2,2515368.753362,250093485238227168.000000
Zr90_g0u0600,40,90,g0u0600,K1-L3,2536462.627690,251696131858474880.000000
Zr90_g0u0600,40,90,g0u0600,L2-M4,649169.254763,29590079877784020.000000
Zr90_g0u0600,40,90,g0u0600,L3-M4,628075.380435,5687764369244765.000000
Zr90_g0u0600,40,90,g0u0600,L3-M5,630498.205827,34366376472348164.000000
Zr90_g0u0600,40,90,g0u0600,M4-N6,222215.243201,6927234949254398.000000
Zr90_g0u0600,40,90,g0u0600,M5-N6,219792.417809,486591066687058.187500
Zr90_g0u0600,40,90,g0u0600,M5-N7,220298.271265,7342957787802235.000000
Zr90_g0u0600,40,90,g0u0600,N6-O8,102007.779952,2190162017615261.000000
Zr90_g0u0600,40,90,g0u0600,N7-O8,101501.926495,80381913162346.281250
Zr90_g0u0600,40,90,g0u0600,N7-O9,101656.466205,2260832413621373.000000
Zr90_g0u0600,40,90,g0u0600,O8-P10,55217.732708,855354078701534.750000
Zr90_g0u0600,40,90,g0u0600,O9-P10,55063.192999,19327640335756.589844
Zr90_g0u0600,40,90,g0u0600,O9-P11,55122.626668,872686730953755.375000
Zr90_g0u0600,40,90,g0u0600,P10-Q12,33232.893159,387175356671186.812500
Zr90_g0u0600,40,90,g0u0600,P11-Q12,33173.459490,5932609604191.247070
Zr90_g0u0600,40,90,g0u0600,P11-Q13,33200.141490,392573401038250.562500
Zr90_g0u0600,40,90,g0u0600,Q12-R14,21546.093387,195255227369880.687500
Zr90_g0u0600,40,90,g0u0600,Q13-R14,21519.411386,2163070152120.407959
Zr90_g0u0600,40,90,g0u0600,Q13-R15,21532.801143,197245364494572.843750
Zr90_g0u0700,40,90,g0u0700,K1-L2,2515369.318718,250093565276884480.000000
Zr90_g0u0700,40,90,g0u0700,K1-L3,2536463.197867,251696187119854752.000000
Zr90_g0u0700,40,90,g0u0700,L2-M4,649169.278451,29590080312248352.000000
Zr90_g0u0700,40,90,g0u0700,L3-M4,628075.399302,5687764460105819.000000
Zr90_g0u0700,40,90,g0u0700,L3-M5,630498.224796,34366377036190428.000000
Zr90_g0u0700,40,90,g0u0700,M4-N6,222215.247293,6927235510191159.000000
Zr90_g0u0700,40,90,g0u0700,M5-N6,219792.421799,486591074975624.562500
Zr90_g0u0700,40,90,g0u0700,M5-N7,220298.275273,7342957914577499.000000
Zr90_g0u0700,40,90,g0u0700,N6-O8,102007.781654,2190162051178667.000000
Zr90_g0u0700,40,90,g0u0700,N7-O8,101501.928179,80381914383308.218750
Zr90_g0u0700,40,90,g0u0700,N7-O9,101656.467894,2260832448261341.500000
Zr90_g0u0700,40,90,g0u0700,O8-P10,55217.733507,855354089688769.875000
Zr90_g0u0700,40,90,g0u0700,O9-P10,55063.193792,19327640582440.750000
Zr90_g0u0700,40,90,g0u0700,O9-P11,55122.627463,872686742160416.250000
Zr90_g0u0700,40,90,g0u0700,P10-Q12,33232.893553,387175360592286.750000
Zr90_g0u0700,40,90,g0u0700,P11-Q12,33173.459882,5932609663982.994141
Zr90_g0u0700,40,90,g0u0700,P11-Q13,33200.141883,392573405013546.250000
Zr90_g0u0700,40,90,g0u0700,Q12-R14,21546.093583,195255228834138.156250
Zr90_g0u0700,40,90,g0u0700,Q13-R14,21519.411582,2163070347154.431396
Zr90_g0u0700,40,90,g0u0700,Q13-R15,21532.801339,197245382240839.750000
Zr90_g0u0800,40,90,g0u0800,K1-L2,2515369.687156,250093596051514464.000000
Zr90_g0u0800,40,90,g0u0800,K1-L3,2536463.569468,251696238274541312.000000
Zr90_g0u0800,40,90,g0u0800,L2-M4,649169.294431,29590083190941832.000000
Zr90_g0u0800,40,90,g0u0800,L3-M4,628075.412119,5687764524075139.000000
Zr90_g0u0800,40,90,g0u0800,L3-M5,630498.237684,34366380482755572.000000
Zr90_g0u0800,40,90,g0u0800,M4-N6,222215.250146,6927235593502881.000000
Zr90_g0u0800,40,90,g0u0800,M5-N6,219792.424581,486591112329811.125000
Zr90_g0u0800,40,90,g0u0800,M5-N7,220298.278068,7342958473739722.000000
Zr90_g0u0800,40,90,g0u0800,N6-O8,102007.782840,2190162074583596.250000
Zr90_g0u0800,40,90,g0u0800,N7-O8,101501.929354,80381915234726.890625
Zr90_g0u0800,40,90,g0u0800,N7-O9,101656.469072,2260832472418103.000000
Zr90_g0u0800,40,90,g0u0800,O8-P10,55217.734064,855354097351464.500000
Zr90_g0u0800,40,90,g0u0800,O9-P10,55063.194346,19327640754482.250000
Zr90_g0u0800,40,90,g0u0800,O9-P11,55122.628018,872686806137438.125000
Zr90_g0u0800,40,90,g0u0800,P10-Q12,33232.893827,387175363327272.437500
Zr90_g0u0800,40,90,g0u0800,P11-Q12,33173.460155,5932609705687.689453
Zr90_g0u0800,40,90,g0u0800,P11-Q13,33200.142156,392573407785148.812500
Zr90_g0u0800,40,90,g0u0800,Q12-R14,21546.093720,195255229855183.781250
Zr90_g0u0800,40,90,g0u0800,Q13-R14,21519.411719,2163070358422.007812
Zr90_g0u0800,40,90,g0u0800,Q13-R15,21532.801476,197245383272388.093750
Zr90_g0u0900,40,90,g0u0900,K1-L2,2515369.940771,250093646981342240.000000
Zr90_g0u0900,40,90,g0u0900,K1-L3,2536463.825273,251696265533624224.000000
Zr90_g0u0900,40,90,g0u0900,L2-M4,649169.305774,29590083419467936.000000
Zr90_g0u0900,40,90,g0u0900,L3-M4,628075.421272,5687764571131789.000000
Zr90_g0u0900,40,90,g0u0900,L3-M5,630498.246888,34366380774623124.000000
Zr90_g0u0900,40,90,g0u0900,M4-N6,222215.252227,6927235654321500.000000
Zr90_g0u0900,40,90,g0u0900,M5-N6,219792.426612,486591116549511.000000
Zr90_g0u0900,40,90,g0u0900,M5-N7,220298.280108,7342958538281374.000000
Zr90_g0u0900,40,90,g0u0900,N6-O8,102007.783707,2190162091669575.250000
Zr90_g0u0900,40,90,g0u0900,N7-O8,101501.930211,80381915856277.406250
Zr90_g0u0900,40,90,g0u0900,N7-O9,101656.469931,2260832647611693.000000
Zr90_g0u0900,40,90,g0u0900,O8-P10,55217.734471,855354102944862.875000
Zr90_g0u0900,40,90,g0u0900,O9-P10,55063.194750,19327640880064.949219
Zr90_g0u0900,40,90,g0u0900,O9-P11,55122.628423,872686811842866.000000
Zr90_g0u0900,40,90,g0u0900,P10-Q12,33232.894027,387175365323652.000000
Zr90_g0u0900,40,90,g0u0900,P11-Q12,33173.460355,5932610372763.173828
Zr90_g0u0900,40,90,g0u0900,P11-Q13,33200.142356,392573409809179.437500
Zr90_g0u0900,40,90,g0u0900,Q12-R14,21546.093820,195255230600766.812500
Zr90_g0u0900,40,90,g0u0900,Q13-R14,21519.411818,2163070366650.991699
Zr90_g0u0900,40,90,g0u0900,Q13-R15,21532.801576,197245384024934.312500
Zr90_g0u1000,40,90,g0u1000,K1-L2,2515370.122886,250093651191438400.000000
Zr90_g0u1000,40,90,g0u1000,K1-L3,2536464.008970,251696291238567648.000000
Zr90_g0u1000,40,90,g0u1000,L2-M4,649169.314150,29590083594378876.000000
Zr90_g0u1000,40,90,g0u1000,L3-M4,628075.428066,5687764606946327.000000
Zr90_g0u1000,40,90,g0u1000,L3-M5,630498.253720,34366380996727844.000000
Zr90_g0u1000,40,90,g0u1000,M4-N6,222215.253801,6927235700319191.000000
Zr90_g0u1000,40,90,g0u1000,M5-N6,219792.428147,486591119740807.375000
Zr90_g0u1000,40,90,g0u1000,M5-N7,220298.281650,7342958587091067.000000
Zr90_g0u1000,40,90,g0u1000,N6-O8,102007.784362,2190162104590893.500000
Zr90_g0u1000,40,90,g0u1000,N7-O8,101501.930859,80381921969279.015625
Zr90_g0u1000,40,90,g0u1000,N7-O9,101656.470582,2260832660948023.500000
Zr90_g0u1000,40,90,g0u1000,O8-P10,55217.734778,855354162164890.875000
Zr90_g0u1000,40,90,g0u1000,O9-P10,55063.195056,19327640975044.281250
Zr90_g0u1000,40,90,g0u1000,O9-P11,55122.628729,872686816156844.250000
Zr90_g0u1000,40,90,g0u1000,P10-Q12,33232.894179,387175366833668.875000
Zr90_g0u1000,40,90,g0u1000,P11-Q12,33173.460506,5932610395788.089844
Zr90_g0u1000,40,90,g0u1000,P11-Q13,33200.142507,392573411339323.812500
Zr90_g0u1000,40,90,g0u1000,Q12-R14,21546.093895,195255231164714.468750
Zr90_g0u1000,40,90,g0u1000,Q13-R14,21519.411894,2163070372874.367920
Zr90_g0u1000,40,90,g0u1000,Q13-R15,21532.801651,197245384594589.562500
Zr90_g0u1100,40,90,g0u1100,K1-L2,2515370.258145,250093676961278912.000000
Zr90_g0u1100,40,90,g0u1100,K1-L3,2536464.145410,251696315906684352.000000
Zr90_g0u1100,40,90,g0u1100,L2-M4,649169.320530,29590083731822700.000000
Zr90_g0u1100,40,90,g0u1100,L3-M4,628075.433265,5687764634957090.000000
Zr90_g0u1100,40,90,g0u1100,L3-M5,630498.258949,34366381170405376.000000
Zr90_g0u1100,40,90,g0u1100,M4-N6,222215.255026,6927235736099595.000000
Zr90_g0u1100,40,90,g0u1100,M5-N6,219792.429341,486591122223199.812500
Zr90_g0u1100,40,90,g0u1100,M5-N7,220298.282850,7342958625061208.000000
Zr90_g0u1100,40,90,g0u1100,N6-O8,102007.784872,2190162114642225.500000
Zr90_g0u1100,40,90,g0u1100,N7-O8,101501.931364,80381922334925.093750
Zr90_g0u1100,40,90,g0u1100,N7-O9,101656.471088,2260832671320918.000000
Zr90_g0u1100,40,90,g0u1100,O8-P10,55217.735018,855354165455641.500000
Zr90_g0u1100,40,90,g0u1100,O9-P10,55063.195294,19327641048926.445312
Zr90_g0u1100,40,90,g0u1100,O9-P11,55122.628967,872686819513277.625000
Zr90_g0u1100,40,90,g0u1100,P10-Q12,33232.894297,387175368008638.000000
Zr90_g0u1100,40,90,g0u1100,P11-Q12,33173.460623,5932610413705.137695
Zr90_g0u1100,40,90,g0u1100,P11-Q13,33200.142625,392573412529823.562500
Zr90_g0u1100,40,90,g0u1100,Q12-R14,21546.093954,195255231603261.125000
Zr90_g0u1100,40,90,g0u1100,Q13-R14,21519.411952,2163070377713.961182
Zr90_g0u1100,40,90,g0u1100,Q13-R15,21532.801710,197245385037344.156250
Zr90_g0u1200,40,90,g0u1200,K1-L2,2515370.361174,250093679424118112.000000
Zr90_g0u1200,40,90,g0u1200,K1-L3,2536464.249343,251696318401608096.000000
Zr90_g0u1200,40,90,g0u1200,L2-M4,649169.325508,29590083842252484.000000
Zr90_g0u1200,40,90,g0u1200,L3-M4,628075.437339,5687764657366608.000000
Zr90_g0u1200,40,90,g0u1200,L3-M5,630498.263047,34366381309329312.000000
Zr90_g0u1200,40,90,g0u1200,M4-N6,222215.256000,6927235764582184.000000
Zr90_g0u1200,40,90,g0u1200,M5-N6,219792.430292,486591124199217.062500
Zr90_g0u1200,40,90,g0u1200,M5-N7,220298.283804,7342958655284624.000000
Zr90_g0u1200,40,90,g0u1200,N6-O8,102007.785277,2190162122642843.250000
Zr90_g0u1200,40,90,g0u1200,N7-O8,101501.931765,80381922625969.765625
Zr90_g0u1200,40,90,g0u1200,N7-O9,101656.471490,2260832679578134.500000
Zr90_g0u1200,40,90,g0u1200,O8-P10,55217.735208,855354168074770.000000
Zr90_g0u1200,40,90,g0u1200,O9-P10,55063.195483,19327641107730.609375
Zr90_g0u1200,40,90,g0u1200,O9-P11,55122.629157,872686822184460.375000
Zr90_g0u1200,40,90,g0u1200,P10-Q12,33232.894390,387175368943298.687500
Zr90_g0u1200,40,90,g0u1200,P11-Q12,33173.460716,5932610427957.275391
Zr90_g0u1200,40,90,g0u1200,P11-Q13,33200.142718,392573413477260.562500
Zr90_g0u1200,40,90,g0u1200,Q12-R14,21546.094001,195255231952661.593750
Zr90_g0u1200,40,90,g0u1200,Q13-R14,21519.411999,2163070381569.984375
Zr90_g0u1200,40,90,g0u1200,Q13-R15,21532.801757,197245385390130.625000
Zr90_g0u1300,40,90,g0u1300,K1-L2,2515370.436781,250093703842407616.000000
Zr90_g0u1300,40,90,g0u1300,K1-L3,2536464.325614,251696341707253280.000000
Zr90_g0u1300,40,90,g0u1300,L2-M4,649169.329317,29590083934141740.000000
Zr90_g0u1300,40,90,g0u1300,L3-M4,628075.440484,5687764675825250.000000
Zr90_g0u1300,40,90,g0u1300,L3-M5,630498.266211,34366381423718976.000000
Zr90_g0u1300,40,90,g0u1300,M4-N6,222215.256790,6927235787694641.000000
Zr90_g0u1300,40,90,g0u1300,M5-N6,219792.431063,486591125802558.000000
Zr90_g0u1300,40,90,g0u1300,M5-N7,220298.284579,7342958679806578.000000
Zr90_g0u1300,40,90,g0u1300,N6-O8,102007.785607,2190162129133243.750000
Zr90_g0u1300,40,90,g0u1300,N7-O8,101501.932091,80381922862074.812500
Zr90_g0u1300,40,90,g0u1300,N7-O9,101656.471817,2260832686278556.000000
Zr90_g0u1300,40,90,g0u1300,O8-P10,55217.735362,855354170199731.375000
Zr90_g0u1300,40,90,g0u1300,O9-P10,55063.195636,19327641155441.222656
Zr90_g0u1300,40,90,g0u1300,O9-P11,55122.629311,872686824352275.750000
Zr90_g0u1300,40,90,g0u1300,P10-Q12,33232.894466,387175369701759.437500
Zr90_g0u1300,40,90,g0u1300,P11-Q12,33173.460792,5932610439523.272461
Zr90_g0u1300,40,90,g0u1300,P11-Q13,33200.142794,392573414246157.375000
Zr90_g0u1300,40,90,g0u1300,Q12-R14,21546.094039,195255232235748.906250
Zr90_g0u1300,40,90,g0u1300,Q13-R14,21519.412037,2163070384694.253662
Zr90_g0u1300,40,90,g0u1300,Q13-R15,21532.801794,197245385675840.406250
Zr90_g0u1400,40,90,g0u1400,K1-L2,2515370.420013,250093703332127776.000000
Zr90_g0u1400,40,90,g0u1400,K1-L3,2536464.308656,251696341227185440.000000
Zr90_g0u1400,40,90,g0u1400,L2-M4,649169.329745,29590084036526844.000000
Zr90_g0u1400,40,90,g0u1400,L3-M4,628075.441102,5687764694396480.000000
Zr90_g0u1400,40,90,g0u1400,L3-M5,630498.266841,34366381538243288.000000
Zr90_g0u1400,40,90,g0u1400,M4-N6,222215.257434,6927235806797531.000000
Zr90_g0u1400,40,90,g0u1400,M5-N6,219792.431695,486591127126262.187500
Zr90_g0u1400,40,90,g0u1400,M5-N7,220298.285213,7342958700053372.000000
Zr90_g0u1400,40,90,g0u1400,N6-O8,102007.785878,2190162134485741.500000
Zr90_g0u1400,40,90,g0u1400,N7-O8,101501.932359,80381923056787.546875
Zr90_g0u1400,40,90,g0u1400,N7-O9,101656.472086,2260832691801947.500000
Zr90_g0u1400,40,90,g0u1400,O8-P10,55217.735490,855354171952444.000000
Zr90_g0u1400,40,90,g0u1400,O9-P10,55063.195763,19327641194792.230469
Zr90_g0u1400,40,90,g0u1400,O9-P11,55122.629438,872686826139760.125000
Zr90_g0u1400,40,90,g0u1400,P10-Q12,33232.894529,387175370327324.562500
Zr90_g0u1400,40,90,g0u1400,P11-Q12,33173.460855,5932610449062.326172
Zr90_g0u1400,40,90,g0u1400,P11-Q13,33200.142857,392573414880033.000000
Zr90_g0u1400,40,90,g0u1400,Q12-R14,21546.094070,195255232469168.593750
Zr90_g0u1400,40,90,g0u1400,Q13-R14,21519.412068,2163070387270.048096
Zr90_g0u1400,40,90,g0u1400,Q13-R15,21532.801826,197245385911670.437500
Zr90_g0u1500,40,90,g0u1500,K1-L2,2515370.822036,250093758798482976.000000
Zr90_g0u1500,40,90,g0u1500,K1-L3,2536464.714415,251696372952847008.000000
Zr90_g0u1500,40,90,g0u1500,L2-M4,649169.344485,29590086551249544.000000
Zr90_g0u1500,40,90,g0u1500,L3-M4,628075.452107,5687764692136229.000000
Zr90_g0u1500,40,90,g0u1500,L3-M5,630498.277873,34366381526747700.000000
Zr90_g0u1500,40,90,g0u1500,M4-N6,222215.258010,6927235822529932.000000
Zr90_g0u1500,40,90,g0u1500,M5-N6,219792.432244,486591128224292.687500
Zr90_g0u1500,40,90,g0u1500,M5-N7,220298.285765,7342958716849638.000000
Zr90_g0u1500,40,90,g0u1500,N6-O8,102007.786105,2190162291263428.250000
Zr90_g0u1500,40,90,g0u1500,N7-O8,101501.932584,80381923219579.421875
Zr90_g0u1500,40,90,g0u1500,N7-O9,101656.472311,2260832696421239.000000
Zr90_g0u1500,40,90,g0u1500,O8-P10,55217.735596,855354173417795.375000
Zr90_g0u1500,40,90,g0u1500,O9-P10,55063.195869,19327641227692.269531
Zr90_g0u1500,40,90,g0u1500,O9-P11,55122.629544,872686827634437.000000
Zr90_g0u1500,40,90,g0u1500,P10-Q12,33232.894582,387175370850088.250000
Zr90_g0u1500,40,90,g0u1500,P11-Q12,33173.460907,5932610457034.189453
Zr90_g0u1500,40,90,g0u1500,P11-Q13,33200.142909,392573415409845.375000
Zr90_g0u1500,40,90,g0u1500,Q12-R14,21546.094097,195255232664616.843750
Zr90_g0u1500,40,90,g0u1500,Q13-R14,21519.412094,2163070389426.797363
Zr90_g0u1500,40,90,g0u1500,Q13-R15,21532.801852,197245386108890.718750
Zr90_g0u1600,40,90,g0u1600,K1-L2,2515364.069065,250092909870964384.000000
Zr90_g0u1600,40,90,g0u1600,K1-L3,2536457.898600,251695558926349312.000000
Zr90_g0u1600,40,90,g0u1600,L2-M4,649169.115145,29590076029387552.000000
Zr90_g0u1600,40,90,g0u1600,L3-M4,628075.285610,5687763955061071.000000
Zr90_g0u1600,40,90,g0u1600,L3-M5,630498.111110,34366374169313924.000000
Zr90_g0u1600,40,90,g0u1600,M4-N6,222215.257866,6927235839821121.000000
Zr90_g0u1600,40,90,g0u1600,M5-N6,219792.432366,486591129297378.562500
Zr90_g0u1600,40,90,g0u1600,M5-N7,220298.285889,7342958733229404.000000
Zr90_g0u1600,40,90,g0u1600,N6-O8,102007.786297,2190162295052039.500000
Zr90_g0u1600,40,90,g0u1600,N7-O8,101501.932774,80381923357364.078125
Zr90_g0u1600,40,90,g0u1600,N7-O9,101656.472502,2260832700329625.500000
Zr90_g0u1600,40,90,g0u1600,O8-P10,55217.735686,855354174657465.375000
Zr90_g0u1600,40,90,g0u1600,O9-P10,55063.195959,19327641255525.437500
Zr90_g0u1600,40,90,g0u1600,O9-P11,55122.629634,872686828898559.750000
Zr90_g0u1600,40,90,g0u1600,P10-Q12,33232.894626,387175371292891.562500
Zr90_g0u1600,40,90,g0u1600,P11-Q12,33173.460951,5932610463786.096680
Zr90_g0u1600,40,90,g0u1600,P11-Q13,33200.142954,392573415858562.125000
Zr90_g0u1600,40,90,g0u1600,Q12-R14,21546.094119,195255232829897.156250
Zr90_g0u1600,40,90,g0u1600,Q13-R14,21519.412116,2163070391251.035156
Zr90_g0u1600,40,90,g0u1600,Q13-R15,21532.801874,197245386275817.218750
Zr90_g0u1700,40,90,g0u1700,K1-L2,2515349.516974,250091035323547104.000000
Zr90_g0u1700,40,90,g0u1700,K1-L3,2536443.205829,251693780485847264.000000
Zr90_g0u1700,40,90,g0u1700,L2-M4,649168.573331,29590058219875032.000000
Zr90_g0u1700,40,90,g0u1700,L3-M4,628074.884476,5687761020841318.000000
Zr90_g0u1700,40,90,g0u1700,L3-M5,630497.709311,34366356950700596.000000
Zr90_g0u1700,40,90,g0u1700,M4-N6,222215.256728,6927235860971739.000000
Zr90_g0u1700,40,90,g0u1700,M5-N6,219792.431893,486591130457402.750000
Zr90_g0u1700,40,90,g0u1700,M5-N7,220298.285417,7342958750882048.000000
Zr90_g0u1700,40,90,g0u1700,N6-O8,102007.786460,2190162298294063.750000
Zr90_g0u1700,40,90,g0u1700,N7-O8,101501.932936,80381923475208.468750
Zr90_g0u1700,40,90,g0u1700,N7-O9,101656.472664,2260832703674069.500000
Zr90_g0u1700,40,90,g0u1700,O8-P10,55217.735764,855354175716891.875000
Zr90_g0u1700,40,90,g0u1700,O9-P10,55063.196035,19327641279312.511719
Zr90_g0u1700,40,90,g0u1700,O9-P11,55122.629710,872686829979832.875000
Zr90_g0u1700,40,90,g0u1700,P10-Q12,33232.894664,387175371670953.500000
Zr90_g0u1700,40,90,g0u1700,P11-Q12,33173.460989,5932610469551.381836
Zr90_g0u1700,40,90,g0u1700,P11-Q13,33200.142991,392573416242180.062500
Zr90_g0u1700,40,90,g0u1700,Q12-R14,21546.094138,195255232971431.656250
Zr90_g0u1700,40,90,g0u1700,Q13-R14,21519.412135,2163070392813.327148
Zr90_g0u1700,40,90,g0u1700,Q13-R15,21532.801893,197245386418430.531250
Zr90_g0u1800,40,90,g0u1800,K1-L2,2515292.283130,250084038326426080.000000
Zr90_g0u1800,40,90,g0u1800,K1-L3,2536385.457150,251687014096811072.000000
Zr90_g0u1800,40,90,g0u1800,L2-M4,649166.778860,29589993877533384.000000
Zr90_g0u1800,40,90,g0u1800,L3-M4,628073.604840,5687751861808950.000000
Zr90_g0u1800,40,90,g0u1800,L3-M5,630496.427601,34366303207729236.000000
Zr90_g0u1800,40,90,g0u1800,M4-N6,222215.252733,6927235898296443.000000
Zr90_g0u1800,40,90,g0u1800,M5-N6,219792.429971,486591132099795.437500
Zr90_g0u1800,40,90,g0u1800,M5-N7,220298.283495,7342958775767151.000000
Zr90_g0u1800,40,90,g0u1800,N6-O8,102007.786599,2190162301098476.250000
Zr90_g0u1800,40,90,g0u1800,N7-O8,101501.933075,80381923576985.171875
Zr90_g0u1800,40,90,g0u1800,N7-O9,101656.472804,2260832706561406.500000
Zr90_g0u1800,40,90,g0u1800,O8-P10,55217.735830,855354176631982.250000
Zr90_g0u1800,40,90,g0u1800,O9-P10,55063.196101,19327641299857.363281
Zr90_g0u1800,40,90,g0u1800,O9-P11,55122.629776,872686830912680.250000
Zr90_g0u1800,40,90,g0u1800,P10-Q12,33232.894697,387175371997461.312500
Zr90_g0u1800,40,90,g0u1800,P11-Q12,33173.461022,5932610474529.921875
Zr90_g0u1800,40,90,g0u1800,P11-Q13,33200.143024,392573416573239.625000
Zr90_g0u1800,40,90,g0u1800,Q12-R14,21546.094154,195255233093224.593750
Zr90_g0u1800,40,90,g0u1800,Q13-R14,21519.412151,2163070394157.590088
Zr90_g0u1800,40,90,g0u1800,Q13-R15,21532.801909,197245386541706.312500
Zr90_g0u1900,40,90,g0u1900,K1-L2,2514576.837341,249993072847757408.000000
Zr90_g0u1900,40,90,g0u1900,K1-L3,2535663.094121,251598992800932256.000000
Zr90_g0u1900,40,90,g0u1900,L2-M4,649140.126318,29589049992113748.000000
Zr90_g0u1900,40,90,g0u1900,L3-M4,628053.869537,5687605111751093.000000
Zr90_g0u1900,40,90,g0u1900,L3-M5,630476.659297,34365441828871164.000000
Zr90_g0u1900,40,90,g0u1900,M4-N6,222215.178481,6927234167973799.000000
Zr90_g0u1900,40,90,g0u1900,M5-N6,219792.388722,486591055443260.125000
Zr90_g0u1900,40,90,g0u1900,M5-N7,220298.242215,7342957635481535.000000
Zr90_g0u1900,40,90,g0u1900,N6-O8,102007.786669,2190162303737309.750000
Zr90_g0u1900,40,90,g0u1900,N7-O8,101501.933175,80381923668451.968750
Zr90_g0u1900,40,90,g0u1900,N7-O9,101656.472905,2260832709156499.500000
Zr90_g0u1900,40,90,g0u1900,O8-P10,55217.735888,855354177428259.375000
Zr90_g0u1900,40,90,g0u1900,O9-P10,55063.196159,19327641317734.535156
Zr90_g0u1900,40,90,g0u1900,O9-P11,55122.629834,872686831724633.125000
Zr90_g0u1900,40,90,g0u1900,P10-Q12,33232.894725,387175372282015.062500
Zr90_g0u1900,40,90,g0u1900,P11-Q12,33173.461050,5932610478868.966797
Zr90_g0u1900,40,90,g0u1900,P11-Q13,33200.143052,392573416860796.375000
Zr90_g0u1900,40,90,g0u1900,Q12-R14,21546.094168,195255233199330.156250
Zr90_g0u1900,40,90,g0u1900,Q13-R14,21519.412166,2163070395327.706299
Zr90_g0u1900,40,90,g0u1900,Q13-R15,21532.801923,197245386648692.718750
Zr90_g2u1000,40,90,g2u1000,K1-L2,2515374.806514,250094201011865216.000000
Zr90_g2u1000,40,90,g2u1000,K1-L3,2536468.731772,251696794342964736.000000
Zr90_g2u1000,40,90,g2u1000,L2-M4,649169.435668,29590088086915080.000000
Zr90_g2u1000,40,90,g2u1000,L3-M4,628075.510410,5687765826649290.000000
Zr90_g2u1000,40,90,g2u1000,L3-M5,630498.336174,34366376561769624.000000
Zr90_g2u1000,40,90,g2u1000,M4-N6,222215.252620,6927235784402540.000000
Zr90_g2u1000,40,90,g2u1000,M5-N6,219792.426857,486591118728032.687500
Zr90_g2u1000,40,90,g2u1000,M5-N7,220298.280387,7342958437016595.000000
Zr90_g2u1000,40,90,g2u1000,N6-O8,102007.783700,2190162084322486.500000
Zr90_g2u1000,40,90,g2u1000,N7-O8,101501.930170,80381928562864.375000
Zr90_g2u1000,40,90,g2u1000,N7-O9,101656.469908,2260832561808773.500000
Zr90_g2u1000,40,90,g2u1000,O8-P10,55217.734427,855354106037257.625000
Zr90_g2u1000,40,90,g2u1000,O9-P10,55063.194689,19327642450399.867188
Zr90_g2u1000,40,90,g2u1000,O9-P11,55122.628382,872686794876675.375000
Zr90_g2u1000,40,90,g2u1000,P10-Q12,33232.893955,387175365060302.625000
Zr90_g2u1000,40,90,g2u1000,P11-Q12,33173.460262,5932610568074.546875
Zr90_g2u1000,40,90,g2u1000,P11-Q13,33200.142283,392573406204652.875000
Zr90_g2u1000,40,90,g2u1000,Q12-R14,21546.093792,195255230177550.250000
Zr90_g2u1000,40,90,g2u1000,Q13-R14,21519.411771,2163070378378.048096
Zr90_g2u1000,40,90,g2u1000,Q13-R15,21532.801546,197245383146064.843750
Nb93_g0u0050,41,93,g0u0050,K1-L2,2602941.646051,271118269801817248.000000
Nb93_g0u0050,41,93,g0u0050,K1-L3,2625957.964742,273192290468542592.000000
Nb93_g0u0050,41,93,g0u0050,L2-M4,682672.394143,32690247626981808.000000
Nb93_g0u0050,41,93,g0u0050,L3-M4,659656.075452,6272993076515833.000000
Nb93_g0u0050,41,93,g0u0050,L3-M5,662332.271380,37916578368476592.000000
Nb93_g0u0050,41,93,g0u0050,M4-N6,233637.151490,7651535909580055.000000
Nb93_g0u0050,41,93,g0u0050,M5-N6,230960.955563,537012785223773.250000
Nb93_g0u0050,41,93,g0u0050,M5-N7,231519.614155,8106339334330234.000000
Nb93_g0u0050,41,93,g0u0050,N6-O8,107213.613031,2418449898566825.000000
Nb93_g0u0050,41,93,g0u0050,N7-O8,106654.954439,88719363213930.687500
Nb93_g0u0050,41,93,g0u0050,N7-O9,106825.597809,2495902850697255.000000
Nb93_g0u0050,41,93,g0u0050,O8-P10,58027.821011,944394342572165.375000
Nb93_g0u0050,41,93,g0u0050,O9-P10,57857.177641,21333330054411.003906
Nb93_g0u0050,41,93,g0u0050,O9-P11,57922.798562,963413517906630.000000
Nb93_g0u0050,41,93,g0u0050,P10-Q12,34921.718242,427450012389415.750000
Nb93_g0u0050,41,93,g0u0050,P11-Q12,34856.097321,6548392378346.817383
Nb93_g0u0050,41,93,g0u0050,P11-Q13,34885.555235,433378294651375.687500
Nb93_g0u0050,41,93,g0u0050,Q12-R14,22640.053970,215556094163372.312500
Nb93_g0u0050,41,93,g0u0050,Q13-R14,22610.596055,2387607309961.770020
Nb93_g0u0050,41,93,g0u0050,Q13-R15,22625.378187,217743132675141.312500
Nb93_g0u0100,41,93,g0u0100,K1-L2,2603210.000102,271150608142621152.000000
Nb93_g0u0100,41,93,g0u0100,K1-L3,2626228.542140,273223348290394080.000000
Nb93_g0u0100,41,93,g0u0100,L2-M4,682678.932504,32690579488000224.000000
Nb93_g0u0100,41,93,g0u0100,L3-M4,659660.390466,6273043878289997.000000
Nb93_g0u0100,41,93,g0u0100,L3-M5,662336.602831,37916875212420960.000000
Nb93_g0u0100,41,93,g0u0100,M4-N6,233637.727959,7651572394398371.000000
Nb93_g0u0100,41,93,g0u0100,M5-N6,230961.515594,537015321883638.687500
Nb93_g0u0100,41,93,g0u0100,M5-N7,231520.176856,8106377646008358.000000
Nb93_g0u0100,41,93,g0u0100,N6-O8,107213.855627,2418460373493006.500000
Nb93_g0u0100,41,93,g0u0100,N7-O8,106655.194365,88719747768012.765625
Nb93_g0u0100,41,93,g0u0100,N7-O9,106825.838470,2495913673133471.500000
Nb93_g0u0100,41,93,g0u0100,O8-P10,58027.935295,944397848540163.875000
Nb93_g0u0100,41,93,g0u0100,O9-P10,57857.291190,21333409263065.417969
Nb93_g0u0100,41,93,g0u0100,O9-P11,57922.912352,963417036965073.000000
Nb93_g0u0100,41,93,g0u0100,P10-Q12,34921.774861,427451259980450.937500
Nb93_g0u0100,41,93,g0u0100,P11-Q12,34856.153699,6548412156680.614258
Nb93_g0u0100,41,93,g0u0100,P11-Q13,34885.611700,433379603810054.625000
Nb93_g0u0100,41,93,g0u0100,Q12-R14,22640.082429,215556605869769.031250
Nb93_g0u0100,41,93,g0u0100,Q13-R14,22610.624427,2387612790125.951660
Nb93_g0u0100,41,93,g0u0100,Q13-R15,22625.406592,217743615411487.218750
Nb93_g0u0150,41,93,g0u0150,K1-L2,2603256.284489,271156254871126304.000000
Nb93_g0u0150,41,93,g0u0150,K1-L3,2626275.216066,273228766270328512.000000
Nb93_g0u0150,41,93,g0u0150,L2-M4,682680.282056,32690654357177076.000000
Nb93_g0u0150,41,93,g0u0150,L3-M4,659661.350479,6273055298068477.000000
Nb93_g0u0150,41,93,g0u0150,L3-M5,662337.567052,37916946714356464.000000
Nb93_g0u0150,41,93,g0u0150,M4-N6,233637.871287,7651581863647717.000000
Nb93_g0u0150,41,93,g0u0150,M5-N6,230961.654714,537015923274749.000000
Nb93_g0u0150,41,93,g0u0150,M5-N7,231520.316630,8106387226919930.000000
Nb93_g0u0150,41,93,g0u0150,N6-O8,107213.915022,2418462887202852.500000
Nb93_g0u0150,41,93,g0u0150,N7-O8,106655.253106,88719840033045.906250
Nb93_g0u0150,41,93,g0u0150,N7-O9,106825.897391,2495916270173070.500000
Nb93_g0u0150,41,93,g0u0150,O8-P10,58027.963297,944398774647079.250000
Nb93_g0u0150,41,93,g0u0150,O9-P10,57857.319012,21333428882275.953125
Nb93_g0u0150,41,93,g0u0150,O9-P11,57922.940234,963417923164242.875000
Nb93_g0u0150,41,93,g0u0150,P10-Q12,34921.788740,427451623351371.625000
Nb93_g0u0150,41,93,g0u0150,P11-Q12,34856.167518,6548417057600.090820
Nb93_g0u0150,41,93,g0u0150,P11-Q13,34885.625541,433379972296234.437500
Nb93_g0u0150,41,93,g0u0150,Q12-R14,22640.089408,215556711607791.062500
Nb93_g0u0150,41,93,g0u0150,Q13-R14,22610.631385,2387614148602.019531
Nb93_g0u0150,41,93,g0u0150,Q13-R15,22625.413558,217743739308438.062500
Nb93_g0u0200,41,93,g0u0200,K1-L2,2603271.915407,271158203088961152.000000
Nb93_g0u0200,41,93,g0u0200,K1-L3,2626290.982499,273230630555620448.000000
Nb93_g0u0200,41,93,g0u0200,L2-M4,682680.794398,32690683417213624.000000
Nb93_g0u0200,41,93,g0u0200,L3-M4,659661.727307,6273060281875077.000000
Nb93_g0u0200,41,93,g0u0200,L3-M5,662337.945601,37916976507692712.000000
Nb93_g0u0200,41,93,g0u0200,M4-N6,233637.930868,7651585536167650.000000
Nb93_g0u0200,41,93,g0u0200,M5-N6,230961.712573,537016181957848.437500
Nb93_g0u0200,41,93,g0u0200,M5-N7,231520.374761,8106391133705144.000000
Nb93_g0u0200,41,93,g0u0200,N6-O8,107213.939733,2418464040506950.500000
Nb93_g0u0200,41,93,g0u0200,N7-O8,106655.277545,88719876474106.765625
Nb93_g0u0200,41,93,g0u0200,N7-O9,106825.921905,2495917461842131.000000
Nb93_g0u0200,41,93,g0u0200,O8-P10,58027.974949,944399059209747.875000
Nb93_g0u0200,41,93,g0u0200,O9-P10,57857.330589,21333436614302.332031
Nb93_g0u0200,41,93,g0u0200,O9-P11,57922.951835,963418331519159.125000
Nb93_g0u0200,41,93,g0u0200,P10-Q12,34921.794515,427451727593701.812500
Nb93_g0u0200,41,93,g0u0200,P11-Q12,34856.173268,6548419321535.417969
Nb93_g0u0200,41,93,g0u0200,P11-Q13,34885.631301,433380077986846.625000
Nb93_g0u0200,41,93,g0u0200,Q12-R14,22640.092312,215556751414980.031250
Nb93_g0u0200,41,93,g0u0200,Q13-R14,22610.634280,2387614777027.867676
Nb93_g0u0200,41,93,g0u0200,Q13-R15,22625.416457,217743796607249.906250
Nb93_g0u0250,41,93,g0u0250,K1-L2,2603279.063210,271159088452048576.000000
Nb93_g0u0250,41,93,g0u0250,K1-L3,2626298.193237,273231501049998080.000000
Nb93_g0u0250,41,93,g0u0250,L2-M4,682681.044564,32690696929674124.000000
Nb93_g0u0250,41,93,g0u0250,L3-M4,659661.914537,6273062552955498.000000
Nb93_g0u0250,41,93,g0u0250,L3-M5,662338.133719,37916990116095792.000000
Nb93_g0u0250,41,93,g0u0250,M4-N6,233637.962144,7651586955084575.000000
Nb93_g0u0250,41,93,g0u0250,M5-N6,230961.742962,537016314505287.000000
Nb93_g0u0250,41,93,g0u0250,M5-N7,231520.405293,8106393630503631.000000
Nb93_g0u0250,41,93,g0u0250,N6-O8,107213.952717,2418464630212412.500000
Nb93_g0u0250,41,93,g0u0250,N7-O8,106655.290386,88719898133017.171875
Nb93_g0u0250,41,93,g0u0250,N7-O9,106825.934785,2495917905653251.500000
Nb93_g0u0250,41,93,g0u0250,O8-P10,58027.981071,944399263563245.500000
Nb93_g0u0250,41,93,g0u0250,O9-P10,57857.336671,21333441233443.312500
Nb93_g0u0250,41,93,g0u0250,O9-P11,57922.957931,963418481089803.125000
Nb93_g0u0250,41,93,g0u0250,P10-Q12,34921.797550,427451803000142.437500
Nb93_g0u0250,41,93,g0u0250,P11-Q12,34856.176290,6548420477129.681641
Nb93_g0u0250,41,93,g0u0250,P11-Q13,34885.634327,433380154453326.937500
Nb93_g0u0250,41,93,g0u0250,Q12-R14,22640.093839,215556780359895.750000
Nb93_g0u0250,41,93,g0u0250,Q13-R14,22610.635802,2387615097697.642090
Nb93_g0u0250,41,93,g0u0250,Q13-R15,22625.417980,217743825847427.187500
Nb93_g0u0300,41,93,g0u0300,K1-L2,2603282.931025,271159599187810720.000000
Nb93_g0u0300,41,93,g0u0300,K1-L3,2626302.095434,273231990258234912.000000
Nb93_g0u0300,41,93,g0u0300,L2-M4,682681.186245,32690706752088492.000000
Nb93_g0u0300,41,93,g0u0300,L3-M4,659662.021836,6273064034363606.000000
Nb93_g0u0300,41,93,g0u0300,L3-M5,662338.241543,37916998982582856.000000
Nb93_g0u0300,41,93,g0u0300,M4-N6,233637.980915,7651588456307150.000000
Nb93_g0u0300,41,93,g0u0300,M5-N6,230961.761208,537016420609716.187500
Nb93_g0u0300,41,93,g0u0300,M5-N7,231520.423625,8106394239475626.000000
Nb93_g0u0300,41,93,g0u0300,N6-O8,107213.960515,2418464952210402.500000
Nb93_g0u0300,41,93,g0u0300,N7-O8,106655.298098,88719909949063.000000
Nb93_g0u0300,41,93,g0u0300,N7-O9,106825.942521,2495918403809071.000000
Nb93_g0u0300,41,93,g0u0300,O8-P10,58027.984748,944399432449458.875000
Nb93_g0u0300,41,93,g0u0300,O9-P10,57857.340325,21333442430492.691406
Nb93_g0u0300,41,93,g0u0300,O9-P11,57922.961592,963418535495582.125000
Nb93_g0u0300,41,93,g0u0300,P10-Q12,34921.799373,427451865654753.000000
Nb93_g0u0300,41,93,g0u0300,P11-Q12,34856.178106,6548420769534.997070
Nb93_g0u0300,41,93,g0u0300,P11-Q13,34885.636145,433380217995782.437500
Nb93_g0u0300,41,93,g0u0300,Q12-R14,22640.094756,215556804500757.781250
Nb93_g0u0300,41,93,g0u0300,Q13-R14,22610.636717,2387615177446.554199
Nb93_g0u0300,41,93,g0u0300,Q13-R15,22625.418896,217743850236797.468750
Nb93_g0u0350,41,93,g0u0350,K1-L2,2603285.261477,271159888134585408.000000
Nb93_g0u0350,41,93,g0u0350,K1-L3,2626304.446748,273232267343119360.000000
Nb93_g0u0350,41,93,g0u0350,L2-M4,682681.274749,32690713328289184.000000
Nb93_g0u0350,41,93,g0u0350,L3-M4,659662.089478,6273064841567137.000000
Nb93_g0u0350,41,93,g0u0350,L3-M5,662338.309525,37917003829403552.000000
Nb93_g0u0350,41,93,g0u0350,M4-N6,233637.993210,7651588832441698.000000
Nb93_g0u0350,41,93,g0u0350,M5-N6,230961.773164,537016513009261.125000
Nb93_g0u0350,41,93,g0u0350,M5-N7,231520.435637,8106395627263183.000000
Nb93_g0u0350,41,93,g0u0350,N6-O8,107213.965626,2418465218384748.000000
Nb93_g0u0350,41,93,g0u0350,N7-O8,106655.303153,88719919736207.328125
Nb93_g0u0350,41,93,g0u0350,N7-O9,106825.947591,2495918513375108.000000
Nb93_g0u0350,41,93,g0u0350,O8-P10,58027.987158,944399467416284.375000
Nb93_g0u0350,41,93,g0u0350,O9-P10,57857.342720,21333445841355.582031
Nb93_g0u0350,41,93,g0u0350,O9-P11,57922.963992,963418689146783.625000
Nb93_g0u0350,41,93,g0u0350,P10-Q12,34921.800568,427451878228515.750000
Nb93_g0u0350,41,93,g0u0350,P11-Q12,34856.179295,6548420961183.650391
Nb93_g0u0350,41,93,g0u0350,P11-Q13,34885.637337,433380230739405.812500
Nb93_g0u0350,41,93,g0u0350,Q12-R14,22640.095357,215556809238977.781250
Nb93_g0u0350,41,93,g0u0350,Q13-R14,22610.637316,2387615417641.005859
Nb93_g0u0350,41,93,g0u0350,Q13-R15,22625.419496,217743855021018.718750
Nb93_g0u0400,41,93,g0u0400,K1-L2,2603286.774976,271160088421939808.000000
Nb93_g0u0400,41,93,g0u0400,K1-L3,2626305.973875,273232459356231648.000000
Nb93_g0u0400,41,93,g0u0400,L2-M4,682681.334012,32690716874860676.000000
Nb93_g0u0400,41,93,g0u0400,L3-M4,659662.135113,6273065028576803.000000
Nb93_g0u0400,41,93,g0u0400,L3-M5,662338.355394,37917008194391080.000000
Nb93_g0u0400,41,93,g0u0400,M4-N6,233638.001775,7651590022043533.000000
Nb93_g0u0400,41,93,g0u0400,M5-N6,230961.781495,537016531181192.125000
Nb93_g0u0400,41,93,g0u0400,M5-N7,231520.444007,8106395905482370.000000
Nb93_g0u0400,41,93,g0u0400,N6-O8,107213.969188,2418465292396024.500000
Nb93_g0u0400,41,93,g0u0400,N7-O8,106655.306676,88719928354050.093750
Nb93_g0u0400,41,93,g0u0400,N7-O9,106825.951125,2495918755237048.500000
Nb93_g0u0400,41,93,g0u0400,O8-P10,58027.988838,944399491789414.125000
Nb93_g0u0400,41,93,g0u0400,O9-P10,57857.344389,21333446388244.687500
Nb93_g0u0400,41,93,g0u0400,O9-P11,57922.965665,963418714002383.125000
Nb93_g0u0400,41,93,g0u0400,P10-Q12,34921.801401,427451886993867.312500
Nb93_g0u0400,41,93,g0u0400,P11-Q12,34856.180125,6548421094784.567383
Nb93_g0u0400,41,93,g0u0400,P11-Q13,34885.638167,433380239622637.000000
Nb93_g0u0400,41,93,g0u0400,Q12-R14,22640.095776,215556829454343.625000
Nb93_g0u0400,41,93,g0u0400,Q13-R14,22610.637733,2387615454082.355957
Nb93_g0u0400,41,93,g0u0400,Q13-R15,22625.419914,217743858356570.437500
Nb93_g0u0450,41,93,g0u0450,K1-L2,2603287.813968,271160207259595456.000000
Nb93_g0u0450,41,93,g0u0450,K1-L3,2626307.022269,273232573522794752.000000
Nb93_g0u0450,41,93,g0u0450,L2-M4,682681.375801,32690717509148984.000000
Nb93_g0u0450,41,93,g0u0450,L3-M4,659662.167500,6273065709691046.000000
Nb93_g0u0450,41,93,g0u0450,L3-M5,662338.387950,37917012254797248.000000
Nb93_g0u0450,41,93,g0u0450,M4-N6,233638.008023,7651590213384413.000000
Nb93_g0u0450,41,93,g0u0450,M5-N6,230961.787573,537016544441353.875000
Nb93_g0u0450,41,93,g0u0450,M5-N7,231520.450113,8106396108505532.000000
Nb93_g0u0450,41,93,g0u0450,N6-O8,107213.971788,2418465506393079.500000
Nb93_g0u0450,41,93,g0u0450,N7-O8,106655.309247,88719930316904.843750
Nb93_g0u0450,41,93,g0u0450,N7-O9,106825.953704,2495918810965163.500000
Nb93_g0u0450,41,93,g0u0450,O8-P10,58027.990064,944399625112264.750000
Nb93_g0u0450,41,93,g0u0450,O9-P10,57857.345607,21333446787315.847656
Nb93_g0u0450,41,93,g0u0450,O9-P11,57922.966885,963418732140399.000000
Nb93_g0u0450,41,93,g0u0450,P10-Q12,34921.802008,427451936860442.812500
Nb93_g0u0450,41,93,g0u0450,P11-Q12,34856.180730,6548421192275.260742
Nb93_g0u0450,41,93,g0u0450,P11-Q13,34885.638773,433380290204628.375000
Nb93_g0u0450,41,93,g0u0450,Q12-R14,22640.096082,215556831864622.000000
Nb93_g0u0450,41,93,g0u0450,Q13-R14,22610.638038,2387615480673.312500
Nb93_g0u0450,41,93,g0u0450,Q13-R15,22625.420219,217743860790250.812500
Nb93_g0u0500,41,93,g0u0500,K1-L2,2603288.558376,271160295839594560.000000
Nb93_g0u0500,41,93,g0u0500,K1-L3,2626307.773444,273232658611232256.000000
Nb93_g0u0500,41,93,g0u0500,L2-M4,682681.406471,32690720697467672.000000
Nb93_g0u0500,41,93,g0u0500,L3-M4,659662.191403,6273065815220811.000000
Nb93_g0u0500,41,93,g0u0500,L3-M5,662338.411980,37917012911556256.000000
Nb93_g0u0500,41,93,g0u0500,M4-N6,233638.012744,7651590358054183.000000
Nb93_g0u0500,41,93,g0u0500,M5-N6,230961.792167,537016554466688.250000
Nb93_g0u0500,41,93,g0u0500,M5-N7,231520.454729,8106396261996595.000000
Nb93_g0u0500,41,93,g0u0500,N6-O8,107213.973753,2418465547223243.000000
Nb93_g0u0500,41,93,g0u0500,N7-O8,106655.311191,88719931800867.218750
Nb93_g0u0500,41,93,g0u0500,N7-O9,106825.955654,2495919018587000.000000
Nb93_g0u0500,41,93,g0u0500,O8-P10,58027.990991,944399638558352.750000
Nb93_g0u0500,41,93,g0u0500,O9-P10,57857.346528,21333447089020.226562
Nb93_g0u0500,41,93,g0u0500,O9-P11,57922.967808,963418745852184.375000
Nb93_g0u0500,41,93,g0u0500,P10-Q12,34921.802468,427451941695570.000000
Nb93_g0u0500,41,93,g0u0500,P11-Q12,34856.181187,6548421265971.262695
Nb93_g0u0500,41,93,g0u0500,P11-Q13,34885.639232,433380295105656.375000
Nb93_g0u0500,41,93,g0u0500,Q12-R14,22640.096313,215556833686565.187500
Nb93_g0u0500,41,93,g0u0500,Q13-R14,22610.638269,2387615500774.130859
Nb93_g0u0500,41,93,g0u0500,Q13-R15,22625.420450,217743879720343.562500
Nb93_g0u0550,41,93,g0u0550,K1-L2,2603289.110164,271160380049428160.000000
Nb93_g0u0550,41,93,g0u0550,K1-L3,2626308.330269,273232739300210816.000000
Nb93_g0u0550,41,93,g0u0550,L2-M4,682681.429708,32690721084734552.000000
Nb93_g0u0550,41,93,g0u0550,L3-M4,659662.209603,6273066440964743.000000
Nb93_g0u0550,41,93,g0u0550,L3-M5,662338.430278,37917016626946272.000000
Nb93_g0u0550,41,93,g0u0550,M4-N6,233638.016414,7651590470567458.000000
Nb93_g0u0550,41,93,g0u0550,M5-N6,230961.795739,537016562263338.562500
Nb93_g0u0550,41,93,g0u0550,M5-N7,231520.458318,8106397370013546.000000
Nb93_g0u0550,41,93,g0u0550,N6-O8,107213.975281,2418465578974667.000000
Nb93_g0u0550,41,93,g0u0550,N7-O8,106655.312702,88719938882783.843750
Nb93_g0u0550,41,93,g0u0550,N7-O9,106825.957170,2495919051352532.000000
Nb93_g0u0550,41,93,g0u0550,O8-P10,58027.991712,944399649015900.625000
Nb93_g0u0550,41,93,g0u0550,O9-P10,57857.347244,21333449949941.605469
Nb93_g0u0550,41,93,g0u0550,O9-P11,57922.968526,963418756516632.750000
Nb93_g0u0550,41,93,g0u0550,P10-Q12,34921.802825,427451945456605.062500
Nb93_g0u0550,41,93,g0u0550,P11-Q12,34856.181543,6548421992123.727539
Nb93_g0u0550,41,93,g0u0550,P11-Q13,34885.639588,433380298917034.187500
Nb93_g0u0550,41,93,g0u0550,Q12-R14,22640.096493,215556835103847.875000
Nb93_g0u0550,41,93,g0u0550,Q13-R14,22610.638448,2387615516409.796875
Nb93_g0u0550,41,93,g0u0550,Q13-R15,22625.420629,217743881151124.093750
Nb93_g0u0600,41,93,g0u0600,K1-L2,2603289.530657,271160437576866496.000000
Nb93_g0u0600,41,93,g0u0600,K1-L3,2626308.754614,273232794502283552.000000
Nb93_g0u0600,41,93,g0u0600,L2-M4,682681.447776,32690724096311564.000000
Nb93_g0u0600,41,93,g0u0600,L3-M4,659662.223819,6273066507343625.000000
Nb93_g0u0600,41,93,g0u0600,L3-M5,662338.444572,37917017039847464.000000
Nb93_g0u0600,41,93,g0u0600,M4-N6,233638.019335,7651590560112174.000000
Nb93_g0u0600,41,93,g0u0600,M5-N6,230961.798582,537016568468160.750000
Nb93_g0u0600,41,93,g0u0600,M5-N7,231520.461174,8106397465014153.000000
Nb93_g0u0600,41,93,g0u0600,N6-O8,107213.976497,2418465764235127.000000
Nb93_g0u0600,41,93,g0u0600,N7-O8,106655.313905,88719939801213.156250
Nb93_g0u0600,41,93,g0u0600,N7-O9,106825.958376,2495919077426462.000000
Nb93_g0u0600,41,93,g0u0600,O8-P10,58027.992285,944399657337372.875000
Nb93_g0u0600,41,93,g0u0600,O9-P10,57857.347814,21333450136659.714844
Nb93_g0u0600,41,93,g0u0600,O9-P11,57922.969097,963418765003201.375000
Nb93_g0u0600,41,93,g0u0600,P10-Q12,34921.803109,427451948449528.812500
Nb93_g0u0600,41,93,g0u0600,P11-Q12,34856.181826,6548422037741.761719
Nb93_g0u0600,41,93,g0u0600,P11-Q13,34885.639872,433380301949881.000000
Nb93_g0u0600,41,93,g0u0600,Q12-R14,22640.096636,215556836231863.593750
Nb93_g0u0600,41,93,g0u0600,Q13-R14,22610.638591,2387615528853.838379
Nb93_g0u0600,41,93,g0u0600,Q13-R15,22625.420772,217743882290020.250000
Nb93_g0u0700,41,93,g0u0700,K1-L2,2603290.119241,271160499417874624.000000
Nb93_g0u0700,41,93,g0u0700,K1-L3,2626309.348619,273232876527565248.000000
Nb93_g0u0700,41,93,g0u0700,L2-M4,682681.473746,32690724567473612.000000
Nb93_g0u0700,41,93,g0u0700,L3-M4,659662.244368,6273066606491706.000000
Nb93_g0u0700,41,93,g0u0700,L3-M5,662338.465235,37917017656401096.000000
Nb93_g0u0700,41,93,g0u0700,M4-N6,233638.023655,7651590692651197.000000
Nb93_g0u0700,41,93,g0u0700,M5-N6,230961.802788,537016610816697.250000
Nb93_g0u0700,41,93,g0u0700,M5-N7,231520.465400,8106397605619500.000000
Nb93_g0u0700,41,93,g0u0700,N6-O8,107213.978298,2418465801633885.000000
Nb93_g0u0700,41,93,g0u0700,N7-O8,106655.315685,88719941160462.703125
Nb93_g0u0700,41,93,g0u0700,N7-O9,106825.960162,2495919116017839.500000
Nb93_g0u0700,41,93,g0u0700,O8-P10,58027.993134,944399669654639.875000
Nb93_g0u0700,41,93,g0u0700,O9-P10,57857.348657,21333450413037.660156
Nb93_g0u0700,41,93,g0u0700,O9-P11,57922.969942,963418777563819.500000
Nb93_g0u0700,41,93,g0u0700,P10-Q12,34921.803530,427451952878885.125000
Nb93_g0u0700,41,93,g0u0700,P11-Q12,34856.182245,6548422105253.613281
Nb93_g0u0700,41,93,g0u0700,P11-Q13,34885.640291,433380306439453.062500
Nb93_g0u0700,41,93,g0u0700,Q12-R14,22640.096848,215556837901375.718750
Nb93_g0u0700,41,93,g0u0700,Q13-R14,22610.638802,2387615547272.873535
Nb93_g0u0700,41,93,g0u0700,Q13-R15,22625.420983,217743883975559.625000
Nb93_g0u0800,41,93,g0u0800,K1-L2,2603290.502787,271160532737255488.000000
Nb93_g0u0800,41,93,g0u0800,K1-L3,2626309.735720,273232931203743520.000000
Nb93_g0u0800,41,93,g0u0800,L2-M4,682681.491239,32690727601512516.000000
Nb93_g0u0800,41,93,g0u0800,L3-M4,659662.258306,6273067219317489.000000
Nb93_g0u0800,41,93,g0u0800,L3-M5,662338.479252,37917021291067600.000000
Nb93_g0u0800,41,93,g0u0800,M4-N6,233638.026667,7651590785089368.000000
Nb93_g0u0800,41,93,g0u0800,M5-N6,230961.805720,537016617221425.000000
Nb93_g0u0800,41,93,g0u0800,M5-N7,231520.468347,8106397703676152.000000
Nb93_g0u0800,41,93,g0u0800,N6-O8,107213.979553,2418465827716040.000000
Nb93_g0u0800,41,93,g0u0800,N7-O8,106655.316927,88719942108413.187500
Nb93_g0u0800,41,93,g0u0800,N7-O9,106825.961407,2495919142929496.000000
Nb93_g0u0800,41,93,g0u0800,O8-P10,58027.993726,944399678244335.500000
Nb93_g0u0800,41,93,g0u0800,O9-P10,57857.349245,21333450605774.292969
Nb93_g0u0800,41,93,g0u0800,O9-P11,57922.970532,963418786323848.750000
Nb93_g0u0800,41,93,g0u0800,P10-Q12,34921.803824,427451955968497.625000
Nb93_g0u0800,41,93,g0u0800,P11-Q12,34856.182538,6548422152345.775391
Nb93_g0u0800,41,93,g0u0800,P11-Q13,34885.640584,433380309570206.062500
Nb93_g0u0800,41,93,g0u0800,Q12-R14,22640.096995,215556839065684.156250
Nb93_g0u0800,41,93,g0u0800,Q13-R14,22610.638949,2387615748038.431641
Nb93_g0u0800,41,93,g0u0800,Q13-R15,22625.421131,217743885151396.343750
Nb93_g0u0900,41,93,g0u0900,K1-L2,2603290.766782,271160563173006464.000000
Nb93_g0u0900,41,93,g0u0900,K1-L3,2626310.002176,273232938069665632.000000
Nb93_g0u0900,41,93,g0u0900,L2-M4,682681.503639,32690727850156796.000000
Nb93_g0u0900,41,93,g0u0900,L3-M4,659662.268245,6273067270752600.000000
Nb93_g0u0900,41,93,g0u0900,L3-M5,662338.489249,37917021610731368.000000
Nb93_g0u0900,41,93,g0u0900,M4-N6,233638.028864,7651591779970544.000000
Nb93_g0u0900,41,93,g0u0900,M5-N6,230961.807861,537016621896787.812500
Nb93_g0u0900,41,93,g0u0900,M5-N7,231520.470497,8106397775258854.000000
Nb93_g0u0900,41,93,g0u0900,N6-O8,107213.980469,2418465846754990.000000
Nb93_g0u0900,41,93,g0u0900,N7-O8,106655.317833,88719942800378.734375
Nb93_g0u0900,41,93,g0u0900,N7-O9,106825.962316,2495919328066840.500000
Nb93_g0u0900,41,93,g0u0900,O8-P10,58027.994158,944399684513874.250000
Nb93_g0u0900,41,93,g0u0900,O9-P10,57857.349675,21333450746450.886719
Nb93_g0u0900,41,93,g0u0900,O9-P11,57922.970962,963418910709423.375000
Nb93_g0u0900,41,93,g0u0900,P10-Q12,34921.804038,427451958223166.437500
Nb93_g0u0900,41,93,g0u0900,P11-Q12,34856.182751,6548422186710.705078
Nb93_g0u0900,41,93,g0u0900,P11-Q13,34885.640798,433380311855904.875000
Nb93_g0u0900,41,93,g0u0900,Q12-R14,22640.097103,215556839915388.531250
Nb93_g0u0900,41,93,g0u0900,Q13-R14,22610.639056,2387615757413.178223
Nb93_g0u0900,41,93,g0u0900,Q13-R15,22625.421238,217743886009446.187500
Nb93_g0u1000,41,93,g0u1000,K1-L2,2603290.956340,271160591783382976.000000
Nb93_g0u1000,41,93,g0u1000,K1-L3,2626310.193510,273232965537307936.000000
Nb93_g0u1000,41,93,g0u1000,L2-M4,682681.512784,32690728040689896.000000
Nb93_g0u1000,41,93,g0u1000,L3-M4,659662.275614,6273067309923933.000000
Nb93_g0u1000,41,93,g0u1000,L3-M5,662338.496660,37917021854133184.000000
Nb93_g0u1000,41,93,g0u1000,M4-N6,233638.030526,7651591831005669.000000
Nb93_g0u1000,41,93,g0u1000,M5-N6,230961.809479,537016625432582.687500
Nb93_g0u1000,41,93,g0u1000,M5-N7,231520.472123,8106397829393938.000000
Nb93_g0u1000,41,93,g0u1000,N6-O8,107213.981162,2418465861152558.000000
Nb93_g0u1000,41,93,g0u1000,N7-O8,106655.318518,88719943323655.015625
Nb93_g0u1000,41,93,g0u1000,N7-O9,106825.963004,2495919342925065.500000
Nb93_g0u1000,41,93,g0u1000,O8-P10,58027.994485,944399689255692.875000
Nb93_g0u1000,41,93,g0u1000,O9-P10,57857.350000,21333450852850.191406
Nb93_g0u1000,41,93,g0u1000,O9-P11,57922.971287,963418915545626.625000
Nb93_g0u1000,41,93,g0u1000,P10-Q12,34921.804200,427451959929065.750000
Nb93_g0u1000,41,93,g0u1000,P11-Q12,34856.182912,6548422212712.508789
Nb93_g0u1000,41,93,g0u1000,P11-Q13,34885.640959,433380313584309.562500
Nb93_g0u1000,41,93,g0u1000,Q12-R14,22640.097185,215556840557937.093750
Nb93_g0u1000,41,93,g0u1000,Q13-R14,22610.639138,2387615764501.630371
Nb93_g0u1000,41,93,g0u1000,Q13-R15,22625.421320,217743886658487.500000
Nb93_g0u1100,41,93,g0u1100,K1-L2,2603291.097125,271160619179699168.000000
Nb93_g0u1100,41,93,g0u1100,K1-L3,2626310.335622,273232991775761664.000000
Nb93_g0u1100,41,93,g0u1100,L2-M4,682681.519744,32690728190546164.000000
Nb93_g0u1100,41,93,g0u1100,L3-M4,659662.281247,6273067340574216.000000
Nb93_g0u1100,41,93,g0u1100,L3-M5,662338.502327,37917022044553224.000000
Nb93_g0u1100,41,93,g0u1100,M4-N6,233638.031818,7651591870707474.000000
Nb93_g0u1100,41,93,g0u1100,M5-N6,230961.810738,537016628183102.312500
Nb93_g0u1100,41,93,g0u1100,M5-N7,231520.473388,8106397871505451.000000
Nb93_g0u1100,41,93,g0u1100,N6-O8,107213.981701,2418465872353161.500000
Nb93_g0u1100,41,93,g0u1100,N7-O8,106655.319052,88719943730738.578125
Nb93_g0u1100,41,93,g0u1100,N7-O9,106825.963539,2495919354481307.500000
Nb93_g0u1100,41,93,g0u1100,O8-P10,58027.994739,944399692945271.125000
Nb93_g0u1100,41,93,g0u1100,O9-P10,57857.350252,21333450935637.000000
Nb93_g0u1100,41,93,g0u1100,O9-P11,57922.971540,963418919307864.875000
Nb93_g0u1100,41,93,g0u1100,P10-Q12,34921.804326,427451961255246.312500
Nb93_g0u1100,41,93,g0u1100,P11-Q12,34856.183038,6548422232926.314453
Nb93_g0u1100,41,93,g0u1100,P11-Q13,34885.641085,433380314928800.062500
Nb93_g0u1100,41,93,g0u1100,Q12-R14,22640.097248,215556841058051.562500
Nb93_g0u1100,41,93,g0u1100,Q13-R14,22610.639201,2387615770019.235840
Nb93_g0u1100,41,93,g0u1100,Q13-R15,22625.421383,217743887163583.750000
Nb93_g0u1200,41,93,g0u1200,K1-L2,2603291.204643,271160645736278528.000000
Nb93_g0u1200,41,93,g0u1200,K1-L3,2626310.444158,273232994715164192.000000
Nb93_g0u1200,41,93,g0u1200,L2-M4,682681.525179,32690728310951660.000000
Nb93_g0u1200,41,93,g0u1200,L3-M4,659662.285665,6273067365094218.000000
Nb93_g0u1200,41,93,g0u1200,L3-M5,662338.506771,37917022196866728.000000
Nb93_g0u1200,41,93,g0u1200,M4-N6,233638.032846,7651591902312170.000000
Nb93_g0u1200,41,93,g0u1200,M5-N6,230961.811740,537016630372600.312500
Nb93_g0u1200,41,93,g0u1200,M5-N7,231520.474395,8106397905026415.000000
Nb93_g0u1200,41,93,g0u1200,N6-O8,107213.982130,2418465881268032.000000
Nb93_g0u1200,41,93,g0u1200,N7-O8,106655.319476,88719944054748.109375
Nb93_g0u1200,41,93,g0u1200,N7-O9,106825.963964,2495919363680857.500000
Nb93_g0u1200,41,93,g0u1200,O8-P10,58027.994942,944399695881240.750000
Nb93_g0u1200,41,93,g0u1200,O9-P10,57857.350453,21333451001515.210938
Nb93_g0u1200,41,93,g0u1200,O9-P11,57922.971742,963418922301255.500000
Nb93_g0u1200,41,93,g0u1200,P10-Q12,34921.804427,427451962311704.687500
Nb93_g0u1200,41,93,g0u1200,P11-Q12,34856.183138,6548422249027.777344
Nb93_g0u1200,41,93,g0u1200,P11-Q13,34885.641185,433380315998642.812500
Nb93_g0u1200,41,93,g0u1200,Q12-R14,22640.097299,215556841455955.562500
Nb93_g0u1200,41,93,g0u1200,Q13-R14,22610.639251,2387615774408.283691
Nb93_g0u1200,41,93,g0u1200,Q13-R15,22625.421433,217743887565508.343750
Nb93_g0u1300,41,93,g0u1300,K1-L2,2603291.289233,271160648039382336.000000
Nb93_g0u1300,41,93,g0u1300,K1-L3,2626310.529552,273232997058756480.000000
Nb93_g0u1300,41,93,g0u1300,L2-M4,682681.529532,32690728409252564.000000
Nb93_g0u1300,41,93,g0u1300,L3-M4,659662.289214,6273067385053443.000000
Nb93_g0u1300,41,93,g0u1300,L3-M5,662338.510341,37917022320833352.000000
Nb93_g0u1300,41,93,g0u1300,M4-N6,233638.033680,7651591927953249.000000
Nb93_g0u1300,41,93,g0u1300,M5-N6,230961.812553,537016632148931.500000
Nb93_g0u1300,41,93,g0u1300,M5-N7,231520.475211,8106397932224455.000000
Nb93_g0u1300,41,93,g0u1300,N6-O8,107213.982479,2418465888500749.500000
Nb93_g0u1300,41,93,g0u1300,N7-O8,106655.319820,88719944317620.093750
Nb93_g0u1300,41,93,g0u1300,N7-O9,106825.964310,2495919371143704.000000
Nb93_g0u1300,41,93,g0u1300,O8-P10,58027.995106,944399698263585.375000
Nb93_g0u1300,41,93,g0u1300,O9-P10,57857.350616,21333451054969.757812
Nb93_g0u1300,41,93,g0u1300,O9-P11,57922.971905,963418924731367.500000
Nb93_g0u1300,41,93,g0u1300,P10-Q12,34921.804508,427451963168213.312500
Nb93_g0u1300,41,93,g0u1300,P11-Q12,34856.183219,6548422262083.466797
Nb93_g0u1300,41,93,g0u1300,P11-Q13,34885.641266,433380316867462.000000
Nb93_g0u1300,41,93,g0u1300,Q12-R14,22640.097340,215556841778941.656250
Nb93_g0u1300,41,93,g0u1300,Q13-R14,22610.639292,2387615777972.355957
Nb93_g0u1300,41,93,g0u1300,Q13-R15,22625.421474,217743887891269.250000
Nb93_g0u1400,41,93,g0u1400,K1-L2,2603291.354573,271160649885991456.000000
Nb93_g0u1400,41,93,g0u1400,K1-L3,2626310.595521,273233021388808576.000000
Nb93_g0u1400,41,93,g0u1400,L2-M4,682681.533052,32690728491159020.000000
Nb93_g0u1400,41,93,g0u1400,L3-M4,659662.292104,6273067401593164.000000
Nb93_g0u1400,41,93,g0u1400,L3-M5,662338.513249,37917022423547632.000000
Nb93_g0u1400,41,93,g0u1400,M4-N6,233638.034368,7651591949095977.000000
Nb93_g0u1400,41,93,g0u1400,M5-N6,230961.813223,537016633613623.312500
Nb93_g0u1400,41,93,g0u1400,M5-N7,231520.475885,8106397954651143.000000
Nb93_g0u1400,41,93,g0u1400,N6-O8,107213.982766,2418465894464804.000000
Nb93_g0u1400,41,93,g0u1400,N7-O8,106655.320104,88719944534381.984375
Nb93_g0u1400,41,93,g0u1400,N7-O9,106825.964595,2495919377298298.000000
Nb93_g0u1400,41,93,g0u1400,O8-P10,58027.995241,944399700227407.875000
Nb93_g0u1400,41,93,g0u1400,O9-P10,57857.350751,21333451099034.996094
Nb93_g0u1400,41,93,g0u1400,O9-P11,57922.972040,963418926734493.250000
Nb93_g0u1400,41,93,g0u1400,P10-Q12,34921.804575,427451963874682.750000
Nb93_g0u1400,41,93,g0u1400,P11-Q12,34856.183286,6548422272851.651367
Nb93_g0u1400,41,93,g0u1400,P11-Q13,34885.641333,433380317583349.125000
Nb93_g0u1400,41,93,g0u1400,Q12-R14,22640.097373,215556858957219.750000
Nb93_g0u1400,41,93,g0u1400,Q13-R14,22610.639326,2387615780907.687988
Nb93_g0u1400,41,93,g0u1400,Q13-R15,22625.421508,217743888160402.437500
Nb93_g0u1500,41,93,g0u1500,K1-L2,2603291.081792,271160618077210016.000000
Nb93_g0u1500,41,93,g0u1500,K1-L3,2626310.319936,273232968355562880.000000
Nb93_g0u1500,41,93,g0u1500,L2-M4,682681.523590,32690728686071720.000000
Nb93_g0u1500,41,93,g0u1500,L3-M4,659662.285445,6273067431349587.000000
Nb93_g0u1500,41,93,g0u1500,L3-M5,662338.506589,37917022605502232.000000
Nb93_g0u1500,41,93,g0u1500,M4-N6,233638.034908,7651591967009499.000000
Nb93_g0u1500,41,93,g0u1500,M5-N6,230961.813764,537016634846865.562500
Nb93_g0u1500,41,93,g0u1500,M5-N7,231520.476428,8106397973527850.000000
Nb93_g0u1500,41,93,g0u1500,N6-O8,107213.983006,2418465899452717.500000
Nb93_g0u1500,41,93,g0u1500,N7-O8,106655.320341,88719944715663.468750
Nb93_g0u1500,41,93,g0u1500,N7-O9,106825.964833,2495919382444557.000000
Nb93_g0u1500,41,93,g0u1500,O8-P10,58027.995354,944399701869553.500000
Nb93_g0u1500,41,93,g0u1500,O9-P10,57857.350863,21333451135882.320312
Nb93_g0u1500,41,93,g0u1500,O9-P11,57922.972153,963418928409264.250000
Nb93_g0u1500,41,93,g0u1500,P10-Q12,34921.804631,427451964465096.312500
Nb93_g0u1500,41,93,g0u1500,P11-Q12,34856.183342,6548422281850.726562
Nb93_g0u1500,41,93,g0u1500,P11-Q13,34885.641389,433380318181842.250000
Nb93_g0u1500,41,93,g0u1500,Q12-R14,22640.097402,215556859179890.125000
Nb93_g0u1500,41,93,g0u1500,Q13-R14,22610.639354,2387615783364.150391
Nb93_g0u1500,41,93,g0u1500,Q13-R15,22625.421536,217743888384936.250000
Nb93_g0u1600,41,93,g0u1600,K1-L2,2603289.707192,271160438363793952.000000
Nb93_g0u1600,41,93,g0u1600,K1-L3,2626308.931761,273232818407559136.000000
Nb93_g0u1600,41,93,g0u1600,L2-M4,682681.476006,32690726561060972.000000
Nb93_g0u1600,41,93,g0u1600,L3-M4,659662.251437,6273067507068951.000000
Nb93_g0u1600,41,93,g0u1600,L3-M5,662338.472530,37917019863974808.000000
Nb93_g0u1600,41,93,g0u1600,M4-N6,233638.035260,7651591982861339.000000
Nb93_g0u1600,41,93,g0u1600,M5-N6,230961.814167,537016635914760.375000
Nb93_g0u1600,41,93,g0u1600,M5-N7,231520.476834,8106397989869845.000000
Nb93_g0u1600,41,93,g0u1600,N6-O8,107213.983209,2418465903672141.500000
Nb93_g0u1600,41,93,g0u1600,N7-O8,106655.320542,88719944869011.031250
Nb93_g0u1600,41,93,g0u1600,N7-O9,106825.965034,2495919386798837.000000
Nb93_g0u1600,41,93,g0u1600,O8-P10,58027.995450,944399703259366.500000
Nb93_g0u1600,41,93,g0u1600,O9-P10,57857.350958,21333451167067.625000
Nb93_g0u1600,41,93,g0u1600,O9-P11,57922.972248,963418929826626.125000
Nb93_g0u1600,41,93,g0u1600,P10-Q12,34921.804679,427451964965230.750000
Nb93_g0u1600,41,93,g0u1600,P11-Q12,34856.183389,6548422289473.826172
Nb93_g0u1600,41,93,g0u1600,P11-Q13,34885.641437,433380318688868.125000
Nb93_g0u1600,41,93,g0u1600,Q12-R14,22640.097425,215556859368202.906250
Nb93_g0u1600,41,93,g0u1600,Q13-R14,22610.639378,2387615785442.115234
Nb93_g0u1600,41,93,g0u1600,Q13-R15,22625.421560,217743888574983.000000
Nb93_g0u1700,41,93,g0u1700,K1-L2,2603168.725506,271144145118482848.000000
Nb93_g0u1700,41,93,g0u1700,K1-L3,2626186.702104,273217048361657440.000000
Nb93_g0u1700,41,93,g0u1700,L2-M4,682676.737587,32690550669672948.000000
Nb93_g0u1700,41,93,g0u1700,L3-M4,659658.760989,6273040491139815.000000
Nb93_g0u1700,41,93,g0u1700,L3-M5,662334.975872,37916861469598144.000000
Nb93_g0u1700,41,93,g0u1700,M4-N6,233638.021721,7651591160734869.000000
Nb93_g0u1700,41,93,g0u1700,M5-N6,230961.806838,537016640219534.500000
Nb93_g0u1700,41,93,g0u1700,M5-N7,231520.469500,8106398054886429.000000
Nb93_g0u1700,41,93,g0u1700,N6-O8,107213.983372,2418465907322149.000000
Nb93_g0u1700,41,93,g0u1700,N7-O8,106655.320710,88719945000728.406250
Nb93_g0u1700,41,93,g0u1700,N7-O9,106825.965202,2495919390539495.000000
Nb93_g0u1700,41,93,g0u1700,O8-P10,58027.995532,944399704447977.375000
Nb93_g0u1700,41,93,g0u1700,O9-P10,57857.351040,21333451193737.859375
Nb93_g0u1700,41,93,g0u1700,O9-P11,57922.972330,963418931038139.750000
Nb93_g0u1700,41,93,g0u1700,P10-Q12,34921.804719,427451965392475.562500
Nb93_g0u1700,41,93,g0u1700,P11-Q12,34856.183429,6548422295985.396484
Nb93_g0u1700,41,93,g0u1700,P11-Q13,34885.641477,433380319121894.125000
Nb93_g0u1700,41,93,g0u1700,Q12-R14,22640.097446,215556859529497.468750
Nb93_g0u1700,41,93,g0u1700,Q13-R14,22610.639398,2387615787221.564453
Nb93_g0u1700,41,93,g0u1700,Q13-R15,22625.421580,217743888737911.375000
Nb93_g0u1800,41,93,g0u1800,K1-L2,2603159.096861,271143202566987008.000000
Nb93_g0u1800,41,93,g0u1800,K1-L3,2626177.023295,273216143805657984.000000
Nb93_g0u1800,41,93,g0u1800,L2-M4,682676.795039,32690553510540376.000000
Nb93_g0u1800,41,93,g0u1800,L3-M4,659658.868605,6273040947376091.000000
Nb93_g0u1800,41,93,g0u1800,L3-M5,662335.083784,37916867344961752.000000
Nb93_g0u1800,41,93,g0u1800,M4-N6,233638.023308,7651591163895635.000000
Nb93_g0u1800,41,93,g0u1800,M5-N6,230961.808129,537016640577707.937500
Nb93_g0u1800,41,93,g0u1800,M5-N7,231520.470793,8106398060477296.000000
Nb93_g0u1800,41,93,g0u1800,N6-O8,107213.983523,2418465910429289.500000
Nb93_g0u1800,41,93,g0u1800,N7-O8,106655.320859,88719945113778.343750
Nb93_g0u1800,41,93,g0u1800,N7-O9,106825.965352,2495919393747791.000000
Nb93_g0u1800,41,93,g0u1800,O8-P10,58027.995603,944399705472859.375000
Nb93_g0u1800,41,93,g0u1800,O9-P10,57857.351110,21333451216733.386719
Nb93_g0u1800,41,93,g0u1800,O9-P11,57922.972400,963418932083516.375000
Nb93_g0u1800,41,93,g0u1800,P10-Q12,34921.804754,427451965761147.562500
Nb93_g0u1800,41,93,g0u1800,P11-Q12,34856.183464,6548422301604.412109
Nb93_g0u1800,41,93,g0u1800,P11-Q13,34885.641512,433380319495361.625000
Nb93_g0u1800,41,93,g0u1800,Q12-R14,22640.097463,215556859668666.312500
Nb93_g0u1800,41,93,g0u1800,Q13-R14,22610.639416,2387615788756.524414
Nb93_g0u1800,41,93,g0u1800,Q13-R15,22625.421598,217743888878103.937500
Nb93_g0u1900,41,93,g0u1900,K1-L2,2600954.723857,270850411028602976.000000
Nb93_g0u1900,41,93,g0u1900,K1-L3,2623950.461538,272932816844515904.000000
Nb93_g0u1900,41,93,g0u1900,L2-M4,682595.283321,32687522164275032.000000
Nb93_g0u1900,41,93,g0u1900,L3-M4,659599.545639,6272579676528181.000000
Nb93_g0u1900,41,93,g0u1900,L3-M5,662275.656218,37914153275698488.000000
Nb93_g0u1900,41,93,g0u1900,M4-N6,233637.795555,7651585732339325.000000
Nb93_g0u1900,41,93,g0u1900,M5-N6,230961.684976,537016397435175.875000
Nb93_g0u1900,41,93,g0u1900,M5-N7,231520.347543,8106394444626421.000000
Nb93_g0u1900,41,93,g0u1900,N6-O8,107213.983491,2418465913808105.000000
Nb93_g0u1900,41,93,g0u1900,N7-O8,106655.320924,88719945221667.593750
Nb93_g0u1900,41,93,g0u1900,N7-O9,106825.965417,2495919396810657.500000
Nb93_g0u1900,41,93,g0u1900,O8-P10,58027.995664,944399706365249.125000
Nb93_g0u1900,41,93,g0u1900,O9-P10,57857.351171,21333451236754.679688
Nb93_g0u1900,41,93,g0u1900,O9-P11,57922.972461,963418932994174.375000
Nb93_g0u1900,41,93,g0u1900,P10-Q12,34921.804785,427451966082455.750000
Nb93_g0u1900,41,93,g0u1900,P11-Q12,34856.183495,6548422306502.709961
Nb93_g0u1900,41,93,g0u1900,P11-Q13,34885.641542,433380319820526.250000
Nb93_g0u1900,41,93,g0u1900,Q12-R14,22640.097479,215556859789529.312500
Nb93_g0u1900,41,93,g0u1900,Q13-R14,22610.639431,2387615790089.593750
Nb93_g0u1900,41,93,g0u1900,Q13-R15,22625.421613,217743889000429.593750
Nb93_g2u1000,41,93,g2u1000,K1-L2,2603295.949767,271161246401191072.000000
Nb93_g2u1000,41,93,g2u1000,K1-L3,2626315.232345,273233564898819808.000000
Nb93_g2u1000,41,93,g2u1000,L2-M4,682681.655760,32690732536107284.000000
Nb93_g2u1000,41,93,g2u1000,L3-M4,659662.373182,6273069151469877.000000
Nb93_g2u1000,41,93,g2u1000,L3-M5,662338.594374,37917023207163904.000000
Nb93_g2u1000,41,93,g2u1000,M4-N6,233638.029369,7651591919709575.000000
Nb93_g2u1000,41,93,g2u1000,M5-N6,230961.808177,537016624520363.687500
Nb93_g2u1000,41,93,g2u1000,M5-N7,231520.470850,8106397658858307.000000
Nb93_g2u1000,41,93,g2u1000,N6-O8,107213.980464,2418465837744943.000000
Nb93_g2u1000,41,93,g2u1000,N7-O8,106655.317791,88719956794781.265625
Nb93_g2u1000,41,93,g2u1000,N7-O9,106825.962292,2495919232099690.000000
Nb93_g2u1000,41,93,g2u1000,O8-P10,58027.994110,944399687745371.375000
Nb93_g2u1000,41,93,g2u1000,O9-P10,57857.349610,21333452479362.781250
Nb93_g2u1000,41,93,g2u1000,O9-P11,57922.970919,963418891768570.500000
Nb93_g2u1000,41,93,g2u1000,P10-Q12,34921.803930,427451956550130.125000
Nb93_g2u1000,41,93,g2u1000,P11-Q12,34856.182621,6548422382495.505859
Nb93_g2u1000,41,93,g2u1000,P11-Q13,34885.640690,433380306531187.500000
Nb93_g2u1000,41,93,g2u1000,Q12-R14,22640.096957,215556837689952.437500
Nb93_g2u1000,41,93,g2u1000,Q13-R14,22610.638888,2387615751403.875977
Nb93_g2u1000,41,93,g2u1000,Q13-R15,22625.421087,217743883200799.750000
Ru102_g0u0050,44,102,g0u0050,K1-L2,2863337.496312,339843444642479488.000000
Ru102_g0u0050,44,102,g0u0050,K1-L3,2892752.147131,343866665918880064.000000
Ru102_g0u0050,44,102,g0u0050,L2-M4,788130.833982,43460149884775752.000000
Ru102_g0u0050,44,102,g0u0050,L3-M4,758716.183163,8296473724417856.000000
Ru102_g0u0050,44,102,g0u0050,L3-M5,762273.002742,50207256618891256.000000
Ru102_g0u0050,44,102,g0u0050,M4-N6,269696.061601,10170212418873772.000000
Ru102_g0u0050,44,102,g0u0050,M5-N6,266139.242023,711880996587176.625000
Ru102_g0u0050,44,102,g0u0050,M5-N7,266881.439454,10756418281816032.000000
Ru102_g0u0050,44,102,g0u0050,N6-O8,123625.618776,3211591839990503.000000
Ru102_g0u0050,44,102,g0u0050,N7-O8,122883.421344,117643866482826.078125
Ru102_g0u0050,44,102,g0u0050,N7-O9,123110.009204,3312006203784383.500000
Ru102_g0u0050,44,102,g0u0050,O8-P10,66882.146059,1253634346208103.500000
Ru102_g0u0050,44,102,g0u0050,O9-P10,66655.558199,28292691033202.894531
Ru102_g0u0050,44,102,g0u0050,O9-P11,66742.668062,1278388614546708.750000
Ru102_g0u0050,44,102,g0u0050,P10-Q12,40241.611646,567297616994623.500000
Ru102_g0u0050,44,102,g0u0050,P11-Q12,40154.501783,8685223073982.164062
Ru102_g0u0050,44,102,g0u0050,P11-Q13,40193.599064,575034937437218.875000
Ru102_g0u0050,44,102,g0u0050,Q12-R14,26085.534854,286038638198535.375000
Ru102_g0u0050,44,102,g0u0050,Q13-R14,26046.437573,3166805401620.369141
Ru102_g0u0050,44,102,g0u0050,Q13-R15,26066.054117,288898832287699.062500
Ru102_g0u0100,44,102,g0u0100,K1-L2,2863638.237678,339886860522090048.000000
Ru102_g0u0100,44,102,g0u0100,K1-L3,2893056.029724,343908563576928256.000000
Ru102_g0u0100,44,102,g0u0100,L2-M4,788140.089867,43460661045915664.000000
Ru102_g0u0100,44,102,g0u0100,L3-M4,758722.297821,8296549509678927.000000
Ru102_g0u0100,44,102,g0u0100,L3-M5,762279.141298,50207707456510120.000000
Ru102_g0u0100,44,102,g0u0100,M4-N6,269696.732309,10170263270642120.000000
Ru102_g0u0100,44,102,g0u0100,M5-N6,266139.888831,711884421332034.250000
Ru102_g0u0100,44,102,g0u0100,M5-N7,266882.089846,10756470057040456.000000
Ru102_g0u0100,44,102,g0u0100,N6-O8,123625.903385,3211606426324417.000000
Ru102_g0u0100,44,102,g0u0100,N7-O8,122883.702370,117644374097656.593750
Ru102_g0u0100,44,102,g0u0100,N7-O9,123110.291226,3312020885337967.000000
Ru102_g0u0100,44,102,g0u0100,O8-P10,66882.281815,1253639165456920.750000
Ru102_g0u0100,44,102,g0u0100,O9-P10,66655.692959,28292799810927.296875
Ru102_g0u0100,44,102,g0u0100,O9-P11,66742.803154,1278393667188611.000000
Ru102_g0u0100,44,102,g0u0100,P10-Q12,40241.680105,567299358698780.625000
Ru102_g0u0100,44,102,g0u0100,P11-Q12,40154.569910,8685251273249.176758
Ru102_g0u0100,44,102,g0u0100,P11-Q13,40193.667314,575036703183234.125000
Ru102_g0u0100,44,102,g0u0100,Q12-R14,26085.570035,286039332722467.187500
Ru102_g0u0100,44,102,g0u0100,Q13-R14,26046.472632,3166813305806.953613
Ru102_g0u0100,44,102,g0u0100,Q13-R15,26066.089224,288899553456680.875000
Ru102_g0u0150,44,102,g0u0150,K1-L2,2863689.964156,339894436052834112.000000
Ru102_g0u0150,44,102,g0u0150,K1-L3,2893108.303209,343915852274305600.000000
Ru102_g0u0150,44,102,g0u0150,L2-M4,788141.945684,43460773761493944.000000
Ru102_g0u0150,44,102,g0u0150,L3-M4,758723.606632,8296567749305583.000000
Ru102_g0u0150,44,102,g0u0150,L3-M5,762280.456185,50207816137133336.000000
Ru102_g0u0150,44,102,g0u0150,M4-N6,269696.900390,10170274476745444.000000
Ru102_g0u0150,44,102,g0u0150,M5-N6,266140.050836,711885208503676.250000
Ru102_g0u0150,44,102,g0u0150,M5-N7,266882.252729,10756481968515740.000000
Ru102_g0u0150,44,102,g0u0150,N6-O8,123625.973043,3211609578451229.500000
Ru102_g0u0150,44,102,g0u0150,N7-O8,122883.771150,117644503181065.250000
Ru102_g0u0150,44,102,g0u0150,N7-O9,123110.360250,3312024520653809.000000
Ru102_g0u0150,44,102,g0u0150,O8-P10,66882.315077,1253640392207246.250000
Ru102_g0u0150,44,102,g0u0150,O9-P10,66655.725977,28292827507854.484375
Ru102_g0u0150,44,102,g0u0150,O9-P11,66742.836253,1278394782987311.750000
Ru102_g0u0150,44,102,g0u0150,P10-Q12,40241.696884,567299815085150.250000
Ru102_g0u0150,44,102,g0u0150,P11-Q12,40154.586608,8685257491009.327148
Ru102_g0u0150,44,102,g0u0150,P11-Q13,40193.684042,575037165885474.125000
Ru102_g0u0150,44,102,g0u0150,Q12-R14,26085.578662,286039509691769.625000
Ru102_g0u0150,44,102,g0u0150,Q13-R14,26046.481228,3166815048590.474609
Ru102_g0u0150,44,102,g0u0150,Q13-R15,26066.097832,288899751881445.562500
Ru102_g0u0200,44,102,g0u0200,K1-L2,2863707.418864,339897033476520768.000000
Ru102_g0u0200,44,102,g0u0200,K1-L3,2893125.947686,343918372181638016.000000
Ru102_g0u0200,44,102,g0u0200,L2-M4,788142.642282,43460816287862440.000000
Ru102_g0u0200,44,102,g0u0200,L3-M4,758724.113460,8296574185607693.000000
Ru102_g0u0200,44,102,g0u0200,L3-M5,762280.965480,50207858264412792.000000
Ru102_g0u0200,44,102,g0u0200,M4-N6,269696.970227,10170280120938688.000000
Ru102_g0u0200,44,102,g0u0200,M5-N6,266140.118206,711885606215521.875000
Ru102_g0u0200,44,102,g0u0200,M5-N7,266882.320465,10756487969732082.000000
Ru102_g0u0200,44,102,g0u0200,N6-O8,123626.002023,3211611013607796.000000
Ru102_g0u0200,44,102,g0u0200,N7-O8,122883.799765,117644555791656.140625
Ru102_g0u0200,44,102,g0u0200,N7-O9,123110.388966,3312026002585758.500000
Ru102_g0u0200,44,102,g0u0200,O8-P10,66882.328916,1253640891955972.250000
Ru102_g0u0200,44,102,g0u0200,O9-P10,66655.739715,28292838789271.925781
Ru102_g0u0200,44,102,g0u0200,O9-P11,66742.850025,1278395292860293.500000
Ru102_g0u0200,44,102,g0u0200,P10-Q12,40241.703866,567300051028601.125000
Ru102_g0u0200,44,102,g0u0200,P11-Q12,40154.593556,8685260336912.480469
Ru102_g0u0200,44,102,g0u0200,P11-Q13,40193.691003,575037354343565.750000
Ru102_g0u0200,44,102,g0u0200,Q12-R14,26085.582252,286039581772568.687500
Ru102_g0u0200,44,102,g0u0200,Q13-R14,26046.484806,3166816062911.317871
Ru102_g0u0200,44,102,g0u0200,Q13-R15,26066.101415,288899805007791.187500
Ru102_g0u0250,44,102,g0u0250,K1-L2,2863715.399116,339898197907033408.000000
Ru102_g0u0250,44,102,g0u0250,K1-L3,2893134.015927,343919517409949568.000000
Ru102_g0u0250,44,102,g0u0250,L2-M4,788142.979813,43460834937044008.000000
Ru102_g0u0250,44,102,g0u0250,L3-M4,758724.363001,8296578100766125.000000
Ru102_g0u0250,44,102,g0u0250,L3-M5,762281.216286,50207877938319296.000000
Ru102_g0u0250,44,102,g0u0250,M4-N6,269697.006867,10170282471943992.000000
Ru102_g0u0250,44,102,g0u0250,M5-N6,266140.153581,711885771197489.500000
Ru102_g0u0250,44,102,g0u0250,M5-N7,266882.356032,10756490467949648.000000
Ru102_g0u0250,44,102,g0u0250,N6-O8,123626.017250,3211611748943459.500000
Ru102_g0u0250,44,102,g0u0250,N7-O8,122883.814799,117644582740495.546875
Ru102_g0u0250,44,102,g0u0250,N7-O9,123110.404054,3312026761859784.500000
Ru102_g0u0250,44,102,g0u0250,O8-P10,66882.336188,1253641147779082.750000
Ru102_g0u0250,44,102,g0u0250,O9-P10,66655.746934,28292844563202.292969
Ru102_g0u0250,44,102,g0u0250,O9-P11,66742.857261,1278395553860852.000000
Ru102_g0u0250,44,102,g0u0250,P10-Q12,40241.707535,567300146159578.625000
Ru102_g0u0250,44,102,g0u0250,P11-Q12,40154.597207,8685261793151.701172
Ru102_g0u0250,44,102,g0u0250,P11-Q13,40193.694660,575037450787982.750000
Ru102_g0u0250,44,102,g0u0250,Q12-R14,26085.584139,286039618659398.687500
Ru102_g0u0250,44,102,g0u0250,Q13-R14,26046.486686,3166816471200.386230
Ru102_g0u0250,44,102,g0u0250,Q13-R15,26066.103298,288899842264823.562500
Ru102_g0u0300,44,102,g0u0300,K1-L2,2863719.716762,339898874403430336.000000
Ru102_g0u0300,44,102,g0u0300,K1-L3,2893138.381583,343920167613887680.000000
Ru102_g0u0300,44,102,g0u0300,L2-M4,788143.169829,43460849388106432.000000
Ru102_g0u0300,44,102,g0u0300,L3-M4,758724.505008,8296579842224615.000000
Ru102_g0u0300,44,102,g0u0300,L3-M5,762281.359037,50207892049055672.000000
Ru102_g0u0300,44,102,g0u0300,M4-N6,269697.028846,10170284310398428.000000
Ru102_g0u0300,44,102,g0u0300,M5-N6,266140.174817,711885900783305.625000
Ru102_g0u0300,44,102,g0u0300,M5-N7,266882.377383,10756492422509292.000000
Ru102_g0u0300,44,102,g0u0300,N6-O8,123626.026395,3211612337720962.500000
Ru102_g0u0300,44,102,g0u0300,N7-O8,122883.823829,117644604377904.546875
Ru102_g0u0300,44,102,g0u0300,N7-O9,123110.413116,3312027370016576.500000
Ru102_g0u0300,44,102,g0u0300,O8-P10,66882.340556,1253641354565524.250000
Ru102_g0u0300,44,102,g0u0300,O9-P10,66655.751269,28292846215029.949219
Ru102_g0u0300,44,102,g0u0300,O9-P11,66742.861608,1278395764873881.500000
Ru102_g0u0300,44,102,g0u0300,P10-Q12,40241.709739,567300173236064.250000
Ru102_g0u0300,44,102,g0u0300,P11-Q12,40154.599401,8685262975429.667969
Ru102_g0u0300,44,102,g0u0300,P11-Q13,40193.696857,575037528996077.375000
Ru102_g0u0300,44,102,g0u0300,Q12-R14,26085.585273,286039648594040.250000
Ru102_g0u0300,44,102,g0u0300,Q13-R14,26046.487816,3166816586474.370605
Ru102_g0u0300,44,102,g0u0300,Q13-R15,26066.104429,288899872502354.125000
Ru102_g0u0350,44,102,g0u0350,K1-L2,2863722.317859,339899255115366656.000000
Ru102_g0u0350,44,102,g0u0350,K1-L3,2893141.011783,343920534132770688.000000
Ru102_g0u0350,44,102,g0u0350,L2-M4,788143.287942,43460857008613112.000000
Ru102_g0u0350,44,102,g0u0350,L3-M4,758724.594018,8296580797874252.000000
Ru102_g0u0350,44,102,g0u0350,L3-M5,762281.448527,50207897800072888.000000
Ru102_g0u0350,44,102,g0u0350,M4-N6,269697.043238,10170284816054706.000000
Ru102_g0u0350,44,102,g0u0350,M5-N6,266140.188729,711885935684685.000000
Ru102_g0u0350,44,102,g0u0350,M5-N7,266882.391370,10756492958568302.000000
Ru102_g0u0350,44,102,g0u0350,N6-O8,123626.032389,3211612850543876.500000
Ru102_g0u0350,44,102,g0u0350,N7-O8,122883.829748,117644609613654.546875
Ru102_g0u0350,44,102,g0u0350,N7-O9,123110.419056,3312027518982136.000000
Ru102_g0u0350,44,102,g0u0350,O8-P10,66882.343419,1253641402908223.750000
Ru102_g0u0350,44,102,g0u0350,O9-P10,66655.754111,28292850321592.976562
Ru102_g0u0350,44,102,g0u0350,O9-P11,66742.864456,1278395814153941.250000
Ru102_g0u0350,44,102,g0u0350,P10-Q12,40241.711184,567300241038499.125000
Ru102_g0u0350,44,102,g0u0350,P11-Q12,40154.600838,8685263245553.209961
Ru102_g0u0350,44,102,g0u0350,P11-Q13,40193.698297,575037546978539.500000
Ru102_g0u0350,44,102,g0u0350,Q12-R14,26085.586016,286039655450608.937500
Ru102_g0u0350,44,102,g0u0350,Q13-R14,26046.488556,3166816878437.265137
Ru102_g0u0350,44,102,g0u0350,Q13-R15,26066.105170,288899879424253.687500
Ru102_g0u0400,44,102,g0u0400,K1-L2,2863724.006878,339899526243480512.000000
Ru102_g0u0400,44,102,g0u0400,K1-L3,2893142.719795,343920794862409600.000000
Ru102_g0u0400,44,102,g0u0400,L2-M4,788143.366695,43460864244045328.000000
Ru102_g0u0400,44,102,g0u0400,L3-M4,758724.653779,8296581657958819.000000
Ru102_g0u0400,44,102,g0u0400,L3-M5,762281.508617,50207902949710360.000000
Ru102_g0u0400,44,102,g0u0400,M4-N6,269697.053260,10170286235670076.000000
Ru102_g0u0400,44,102,g0u0400,M5-N6,266140.198422,711886036352017.375000
Ru102_g0u0400,44,102,g0u0400,M5-N7,266882.401116,10756494468956686.000000
Ru102_g0u0400,44,102,g0u0400,N6-O8,123626.036567,3211612951241190.000000
Ru102_g0u0400,44,102,g0u0400,N7-O8,122883.833873,117644613263032.171875
Ru102_g0u0400,44,102,g0u0400,N7-O9,123110.423195,3312027622814651.000000
Ru102_g0u0400,44,102,g0u0400,O8-P10,66882.345414,1253641436604967.750000
Ru102_g0u0400,44,102,g0u0400,O9-P10,66655.756092,28292851076236.011719
Ru102_g0u0400,44,102,g0u0400,O9-P11,66742.866442,1278395848504671.000000
Ru102_g0u0400,44,102,g0u0400,P10-Q12,40241.712190,567300253409549.625000
Ru102_g0u0400,44,102,g0u0400,P11-Q12,40154.601840,8685263433851.352539
Ru102_g0u0400,44,102,g0u0400,P11-Q13,40193.699301,575037610286019.625000
Ru102_g0u0400,44,102,g0u0400,Q12-R14,26085.586533,286039679704461.000000
Ru102_g0u0400,44,102,g0u0400,Q13-R14,26046.489072,3166816931104.376953
Ru102_g0u0400,44,102,g0u0400,Q13-R15,26066.105687,288899884249262.187500
Ru102_g0u0450,44,102,g0u0450,K1-L2,2863725.166198,339899672591514752.000000
Ru102_g0u0450,44,102,g0u0450,K1-L3,2893143.892208,343920936286722240.000000
Ru102_g0u0450,44,102,g0u0450,L2-M4,788143.422022,43460868123881016.000000
Ru102_g0u0450,44,102,g0u0450,L3-M4,758724.696012,8296582457234164.000000
Ru102_g0u0450,44,102,g0u0450,L3-M5,762281.551089,50207907717048416.000000
Ru102_g0u0450,44,102,g0u0450,M4-N6,269697.060568,10170286492933608.000000
Ru102_g0u0450,44,102,g0u0450,M5-N6,266140.205492,711886054105434.125000
Ru102_g0u0450,44,102,g0u0450,M5-N7,266882.408225,10756494741634182.000000
Ru102_g0u0450,44,102,g0u0450,N6-O8,123626.039616,3211613024720832.500000
Ru102_g0u0450,44,102,g0u0450,N7-O8,122883.836883,117644615926014.671875
Ru102_g0u0450,44,102,g0u0450,N7-O9,123110.426216,3312028079451351.000000
Ru102_g0u0450,44,102,g0u0450,O8-P10,66882.346870,1253641594222360.000000
Ru102_g0u0450,44,102,g0u0450,O9-P10,66655.757537,28292851626916.332031
Ru102_g0u0450,44,102,g0u0450,O9-P11,66742.867891,1278396009394641.250000
Ru102_g0u0450,44,102,g0u0450,P10-Q12,40241.712925,567300262437130.875000
Ru102_g0u0450,44,102,g0u0450,P11-Q12,40154.602571,8685264341409.875977
Ru102_g0u0450,44,102,g0u0450,P11-Q13,40193.700034,575037619433139.625000
Ru102_g0u0450,44,102,g0u0450,Q12-R14,26085.586911,286039683192212.500000
Ru102_g0u0450,44,102,g0u0450,Q13-R14,26046.489449,3166816969542.373535
Ru102_g0u0450,44,102,g0u0450,Q13-R15,26066.106064,288899887770721.750000
Ru102_g0u0500,44,102,g0u0500,K1-L2,2863725.996706,339899808344959616.000000
Ru102_g0u0500,44,102,g0u0500,K1-L3,2893144.732133,343921066886881728.000000
Ru102_g0u0500,44,102,g0u0500,L2-M4,788143.462494,43460871830599440.000000
Ru102_g0u0500,44,102,g0u0500,L3-M4,758724.727067,8296583215703405.000000
Ru102_g0u0500,44,102,g0u0500,L3-M5,762281.582322,50207908555734120.000000
Ru102_g0u0500,44,102,g0u0500,M4-N6,269697.066090,10170286687456074.000000
Ru102_g0u0500,44,102,g0u0500,M5-N6,266140.210836,711886067528207.250000
Ru102_g0u0500,44,102,g0u0500,M5-N7,266882.413597,10756494947795744.000000
Ru102_g0u0500,44,102,g0u0500,N6-O8,123626.041921,3211613080271528.000000
Ru102_g0u0500,44,102,g0u0500,N7-O8,122883.839159,117644617939229.906250
Ru102_g0u0500,44,102,g0u0500,N7-O9,123110.428500,3312028136732078.000000
Ru102_g0u0500,44,102,g0u0500,O8-P10,66882.347971,1253641612812414.000000
Ru102_g0u0500,44,102,g0u0500,O9-P10,66655.758630,28292852043243.167969
Ru102_g0u0500,44,102,g0u0500,O9-P11,66742.868986,1278396028345574.750000
Ru102_g0u0500,44,102,g0u0500,P10-Q12,40241.713481,567300269262127.875000
Ru102_g0u0500,44,102,g0u0500,P11-Q12,40154.603124,8685264445292.555664
Ru102_g0u0500,44,102,g0u0500,P11-Q13,40193.700587,575037626348023.500000
Ru102_g0u0500,44,102,g0u0500,Q12-R14,26085.587197,286039685829087.375000
Ru102_g0u0500,44,102,g0u0500,Q13-R14,26046.489734,3166816998601.915039
Ru102_g0u0500,44,102,g0u0500,Q13-R15,26066.106349,288899910110342.562500
Ru102_g0u0550,44,102,g0u0550,K1-L2,2863726.612238,339899910123177152.000000
Ru102_g0u0550,44,102,g0u0550,K1-L3,2893145.354668,343921164812721472.000000
Ru102_g0u0550,44,102,g0u0550,L2-M4,788143.493066,43460872310683440.000000
Ru102_g0u0550,44,102,g0u0550,L3-M4,758724.750636,8296583320936107.000000
Ru102_g0u0550,44,102,g0u0550,L3-M5,762281.606027,50207912887437472.000000
Ru102_g0u0550,44,102,g0u0550,M4-N6,269697.070382,10170286838745726.000000
Ru102_g0u0550,44,102,g0u0550,M5-N6,266140.214990,711886077967091.375000
Ru102_g0u0550,44,102,g0u0550,M5-N7,266882.417775,10756495108129260.000000
Ru102_g0u0550,44,102,g0u0550,N6-O8,123626.043713,3211613123472418.500000
Ru102_g0u0550,44,102,g0u0550,N7-O8,122883.840929,117644619504876.781250
Ru102_g0u0550,44,102,g0u0550,N7-O9,123110.430276,3312028181276456.500000
Ru102_g0u0550,44,102,g0u0550,O8-P10,66882.348827,1253641627268979.750000
Ru102_g0u0550,44,102,g0u0550,O9-P10,66655.759480,28292855390921.164062
Ru102_g0u0550,44,102,g0u0550,O9-P11,66742.869838,1278396043083154.750000
Ru102_g0u0550,44,102,g0u0550,P10-Q12,40241.713913,567300324625349.250000
Ru102_g0u0550,44,102,g0u0550,P11-Q12,40154.603554,8685264526081.927734
Ru102_g0u0550,44,102,g0u0550,P11-Q13,40193.701018,575037631726014.500000
Ru102_g0u0550,44,102,g0u0550,Q12-R14,26085.587419,286039687879457.875000
Ru102_g0u0550,44,102,g0u0550,Q13-R14,26046.489955,3166817237596.641602
Ru102_g0u0550,44,102,g0u0550,Q13-R15,26066.106571,288899912181065.562500
Ru102_g0u0600,44,102,g0u0600,K1-L2,2863727.081249,339899980110603200.000000
Ru102_g0u0600,44,102,g0u0600,K1-L3,2893145.829034,343921257815018560.000000
Ru102_g0u0600,44,102,g0u0600,L2-M4,788143.516773,43460875803529416.000000
Ru102_g0u0600,44,102,g0u0600,L3-M4,758724.768989,8296584030186106.000000
Ru102_g0u0600,44,102,g0u0600,L3-M5,762281.624489,50207913417164616.000000
Ru102_g0u0600,44,102,g0u0600,M4-N6,269697.073796,10170288026257838.000000
Ru102_g0u0600,44,102,g0u0600,M5-N6,266140.218296,711886086275077.000000
Ru102_g0u0600,44,102,g0u0600,M5-N7,266882.421098,10756495235731186.000000
Ru102_g0u0600,44,102,g0u0600,N6-O8,123626.045139,3211613157852654.000000
Ru102_g0u0600,44,102,g0u0600,N7-O8,122883.842337,117644620750856.000000
Ru102_g0u0600,44,102,g0u0600,N7-O9,123110.431689,3312028216727654.500000
Ru102_g0u0600,44,102,g0u0600,O8-P10,66882.349508,1253641638774326.000000
Ru102_g0u0600,44,102,g0u0600,O9-P10,66655.760156,28292855648586.390625
Ru102_g0u0600,44,102,g0u0600,O9-P11,66742.870516,1278396054810925.500000
Ru102_g0u0600,44,102,g0u0600,P10-Q12,40241.714256,567300328848820.875000
Ru102_g0u0600,44,102,g0u0600,P11-Q12,40154.603896,8685264590365.962891
Ru102_g0u0600,44,102,g0u0600,P11-Q13,40193.701361,575037636005662.750000
Ru102_g0u0600,44,102,g0u0600,Q12-R14,26085.587596,286039689511798.312500
Ru102_g0u0600,44,102,g0u0600,Q13-R14,26046.490131,3166817255586.082031
Ru102_g0u0600,44,102,g0u0600,Q13-R15,26066.106747,288899913828486.625000
Ru102_g0u0700,44,102,g0u0700,K1-L2,2863727.737639,339900056781028352.000000
Ru102_g0u0700,44,102,g0u0700,K1-L3,2893146.492951,343921357688473408.000000
Ru102_g0u0700,44,102,g0u0700,L2-M4,788143.550729,43460876393612072.000000
Ru102_g0u0700,44,102,g0u0700,L3-M4,758724.795418,8296584156842660.000000
Ru102_g0u0700,44,102,g0u0700,L3-M5,762281.651077,50207917882497896.000000
Ru102_g0u0700,44,102,g0u0700,M4-N6,269697.078846,10170288204490614.000000
Ru102_g0u0700,44,102,g0u0700,M5-N6,266140.223187,711886174909989.125000
Ru102_g0u0700,44,102,g0u0700,M5-N7,266882.426016,10756496561314348.000000
Ru102_g0u0700,44,102,g0u0700,N6-O8,123626.047250,3211613577090542.000000
Ru102_g0u0700,44,102,g0u0700,N7-O8,122883.844421,117644636243959.421875
Ru102_g0u0700,44,102,g0u0700,N7-O9,123110.433781,3312028269194892.500000
Ru102_g0u0700,44,102,g0u0700,O8-P10,66882.350517,1253641655802425.000000
Ru102_g0u0700,44,102,g0u0700,O9-P10,66655.761157,28292856029931.503906
Ru102_g0u0700,44,102,g0u0700,O9-P11,66742.871520,1278396072169424.500000
Ru102_g0u0700,44,102,g0u0700,P10-Q12,40241.714765,567300335100598.250000
Ru102_g0u0700,44,102,g0u0700,P11-Q12,40154.604402,8685264685523.448242
Ru102_g0u0700,44,102,g0u0700,P11-Q13,40193.701868,575037642340220.125000
Ru102_g0u0700,44,102,g0u0700,Q12-R14,26085.587858,286039711401694.687500
Ru102_g0u0700,44,102,g0u0700,Q13-R14,26046.490392,3166817282200.985840
Ru102_g0u0700,44,102,g0u0700,Q13-R15,26066.107008,288899916267179.375000
Ru102_g0u0800,44,102,g0u0800,K1-L2,2863728.165280,339900125766749440.000000
Ru102_g0u0800,44,102,g0u0800,K1-L3,2893146.925522,343921398649320768.000000
Ru102_g0u0800,44,102,g0u0800,L2-M4,788143.573502,43460879919301688.000000
Ru102_g0u0800,44,102,g0u0800,L3-M4,758724.813260,8296584246366980.000000
Ru102_g0u0800,44,102,g0u0800,L3-M5,762281.669029,50207918442774928.000000
Ru102_g0u0800,44,102,g0u0800,M4-N6,269697.082365,10170288328802494.000000
Ru102_g0u0800,44,102,g0u0800,M5-N6,266140.226596,711886183485694.750000
Ru102_g0u0800,44,102,g0u0800,M5-N7,266882.429444,10756496693029526.000000
Ru102_g0u0800,44,102,g0u0800,N6-O8,123626.048722,3211613612575357.000000
Ru102_g0u0800,44,102,g0u0800,N7-O8,122883.845875,117644637529964.953125
Ru102_g0u0800,44,102,g0u0800,N7-O9,123110.435240,3312028305783894.500000
Ru102_g0u0800,44,102,g0u0800,O8-P10,66882.351220,1253641667677951.000000
Ru102_g0u0800,44,102,g0u0800,O9-P10,66655.761855,28292856295885.542969
Ru102_g0u0800,44,102,g0u0800,O9-P11,66742.872219,1278396084275402.250000
Ru102_g0u0800,44,102,g0u0800,P10-Q12,40241.715120,567300339461073.500000
Ru102_g0u0800,44,102,g0u0800,P11-Q12,40154.604755,8685264751893.750977
Ru102_g0u0800,44,102,g0u0800,P11-Q13,40193.702222,575037697531264.875000
Ru102_g0u0800,44,102,g0u0800,Q12-R14,26085.588040,286039713086689.000000
Ru102_g0u0800,44,102,g0u0800,Q13-R14,26046.490574,3166817300771.044922
Ru102_g0u0800,44,102,g0u0800,Q13-R15,26066.107190,288899917967967.062500
Ru102_g0u0900,44,102,g0u0900,K1-L2,2863728.459566,339900190211130304.000000
Ru102_g0u0900,44,102,g0u0900,K1-L3,2893147.223219,343921434954310144.000000
Ru102_g0u0900,44,102,g0u0900,L2-M4,788143.589586,43460880234085664.000000
Ru102_g0u0900,44,102,g0u0900,L3-M4,758724.825934,8296584937115351.000000
Ru102_g0u0900,44,102,g0u0900,L3-M5,762281.681782,50207918856074816.000000
Ru102_g0u0900,44,102,g0u0900,M4-N6,269697.084933,10170288419558784.000000
Ru102_g0u0900,44,102,g0u0900,M5-N6,266140.229085,711886189746159.375000
Ru102_g0u0900,44,102,g0u0900,M5-N7,266882.431946,10756496789185642.000000
Ru102_g0u0900,44,102,g0u0900,N6-O8,123626.049797,3211613638478365.000000
Ru102_g0u0900,44,102,g0u0900,N7-O8,122883.846936,117644638468718.031250
Ru102_g0u0900,44,102,g0u0900,N7-O9,123110.436305,3312028332492776.500000
Ru102_g0u0900,44,102,g0u0900,O8-P10,66882.351733,1253641676347271.000000
Ru102_g0u0900,44,102,g0u0900,O9-P10,66655.762364,28292856490035.054688
Ru102_g0u0900,44,102,g0u0900,O9-P11,66742.872730,1278396093111540.000000
Ru102_g0u0900,44,102,g0u0900,P10-Q12,40241.715379,567300342643251.250000
Ru102_g0u0900,44,102,g0u0900,P11-Q12,40154.605013,8685264800327.985352
Ru102_g0u0900,44,102,g0u0900,P11-Q13,40193.702480,575037700755818.250000
Ru102_g0u0900,44,102,g0u0900,Q12-R14,26085.588174,286039714316074.562500
Ru102_g0u0900,44,102,g0u0900,Q13-R14,26046.490707,3166817314319.620605
Ru102_g0u0900,44,102,g0u0900,Q13-R15,26066.107323,288899919208977.312500
Ru102_g0u1000,44,102,g0u1000,K1-L2,2863728.670840,339900224816251008.000000
Ru102_g0u1000,44,102,g0u1000,K1-L3,2893147.436952,343921468323073472.000000
Ru102_g0u1000,44,102,g0u1000,L2-M4,788143.601408,43460880476222568.000000
Ru102_g0u1000,44,102,g0u1000,L3-M4,758724.835296,8296584987527575.000000
Ru102_g0u1000,44,102,g0u1000,L3-M5,762281.691204,50207919171349008.000000
Ru102_g0u1000,44,102,g0u1000,M4-N6,269697.086874,10170288488199564.000000
Ru102_g0u1000,44,102,g0u1000,M5-N6,266140.230966,711886194480829.500000
Ru102_g0u1000,44,102,g0u1000,M5-N7,266882.433837,10756496861905552.000000
Ru102_g0u1000,44,102,g0u1000,N6-O8,123626.050610,3211613658068568.000000
Ru102_g0u1000,44,102,g0u1000,N7-O8,122883.847739,117644639178687.562500
Ru102_g0u1000,44,102,g0u1000,N7-O9,123110.437110,3312028352693116.000000
Ru102_g0u1000,44,102,g0u1000,O8-P10,66882.352121,1253641682903314.500000
Ru102_g0u1000,44,102,g0u1000,O9-P10,66655.762750,28292856636859.457031
Ru102_g0u1000,44,102,g0u1000,O9-P11,66742.873116,1278396099794712.750000
Ru102_g0u1000,44,102,g0u1000,P10-Q12,40241.715575,567300345050706.750000
Ru102_g0u1000,44,102,g0u1000,P11-Q12,40154.605208,8685264836971.598633
Ru102_g0u1000,44,102,g0u1000,P11-Q13,40193.702675,575037703194569.625000
Ru102_g0u1000,44,102,g0u1000,Q12-R14,26085.588274,286039715246480.375000
Ru102_g0u1000,44,102,g0u1000,Q13-R14,26046.490807,3166817324573.054199
Ru102_g0u1000,44,102,g0u1000,Q13-R15,26066.107424,288899920148389.125000
Ru102_g0u1100,44,102,g0u1100,K1-L2,2863728.827742,339900257525870400.000000
Ru102_g0u1100,44,102,g0u1100,K1-L3,2893147.595688,343921499745672640.000000
Ru102_g0u1100,44,102,g0u1100,L2-M4,788143.610379,43460880667264696.000000
Ru102_g0u1100,44,102,g0u1100,L3-M4,758724.842432,8296585027038792.000000
Ru102_g0u1100,44,102,g0u1100,L3-M5,762281.698386,50207923090682168.000000
Ru102_g0u1100,44,102,g0u1100,M4-N6,269697.088383,10170288541599740.000000
Ru102_g0u1100,44,102,g0u1100,M5-N6,266140.232429,711886198164059.125000
Ru102_g0u1100,44,102,g0u1100,M5-N7,266882.435308,10756496918474906.000000
Ru102_g0u1100,44,102,g0u1100,N6-O8,123626.051242,3211613673307066.500000
Ru102_g0u1100,44,102,g0u1100,N7-O8,122883.848363,117644639730946.906250
Ru102_g0u1100,44,102,g0u1100,N7-O9,123110.437737,3312028749276328.000000
Ru102_g0u1100,44,102,g0u1100,O8-P10,66882.352423,1253641821030832.000000
Ru102_g0u1100,44,102,g0u1100,O9-P10,66655.763049,28292856751060.953125
Ru102_g0u1100,44,102,g0u1100,O9-P11,66742.873417,1278396104993778.250000
Ru102_g0u1100,44,102,g0u1100,P10-Q12,40241.715727,567300346923162.125000
Ru102_g0u1100,44,102,g0u1100,P11-Q12,40154.605360,8685264865472.839844
Ru102_g0u1100,44,102,g0u1100,P11-Q13,40193.702827,575037705092182.875000
Ru102_g0u1100,44,102,g0u1100,Q12-R14,26085.588353,286039715969594.000000
Ru102_g0u1100,44,102,g0u1100,Q13-R14,26046.490885,3166817332542.773926
Ru102_g0u1100,44,102,g0u1100,Q13-R15,26066.107502,288899920878803.687500
Ru102_g0u1200,44,102,g0u1200,K1-L2,2863728.948339,339900261986262336.000000
Ru102_g0u1200,44,102,g0u1200,K1-L3,2893147.717703,343921504341030016.000000
Ru102_g0u1200,44,102,g0u1200,L2-M4,788143.617406,43460880820710088.000000
Ru102_g0u1200,44,102,g0u1200,L3-M4,758724.848043,8296585058633477.000000
Ru102_g0u1200,44,102,g0u1200,L3-M5,762281.704033,50207923288196320.000000
Ru102_g0u1200,44,102,g0u1200,M4-N6,269697.089584,10170288584105310.000000
Ru102_g0u1200,44,102,g0u1200,M5-N6,266140.233594,711886201095787.375000
Ru102_g0u1200,44,102,g0u1200,M5-N7,266882.436479,10756496963502344.000000
Ru102_g0u1200,44,102,g0u1200,N6-O8,123626.051745,3211613685435629.500000
Ru102_g0u1200,44,102,g0u1200,N7-O8,122883.848860,117644640170501.078125
Ru102_g0u1200,44,102,g0u1200,N7-O9,123110.438235,3312028761783800.500000
Ru102_g0u1200,44,102,g0u1200,O8-P10,66882.352664,1253641825090180.500000
Ru102_g0u1200,44,102,g0u1200,O9-P10,66655.763288,28292856841971.496094
Ru102_g0u1200,44,102,g0u1200,O9-P11,66742.873656,1278396109131367.000000
Ru102_g0u1200,44,102,g0u1200,P10-Q12,40241.715849,567300348413472.125000
Ru102_g0u1200,44,102,g0u1200,P11-Q12,40154.605481,8685264888156.087891
Ru102_g0u1200,44,102,g0u1200,P11-Q13,40193.702948,575037706602078.500000
Ru102_g0u1200,44,102,g0u1200,Q12-R14,26085.588415,286039716545565.062500
Ru102_g0u1200,44,102,g0u1200,Q13-R14,26046.490947,3166817338890.109375
Ru102_g0u1200,44,102,g0u1200,Q13-R15,26066.107564,288899921459874.750000
Ru102_g0u1300,44,102,g0u1300,K1-L2,2863729.067608,339900293570165888.000000
Ru102_g0u1300,44,102,g0u1300,K1-L3,2893147.838408,343921534599168064.000000
Ru102_g0u1300,44,102,g0u1300,L2-M4,788143.624257,43460884035738936.000000
Ru102_g0u1300,44,102,g0u1300,L3-M4,758724.853457,8296585082634294.000000
Ru102_g0u1300,44,102,g0u1300,L3-M5,762281.709479,50207923438573128.000000
Ru102_g0u1300,44,102,g0u1300,M4-N6,269697.090563,10170288618560126.000000
Ru102_g0u1300,44,102,g0u1300,M5-N6,266140.234541,711886203473276.000000
Ru102_g0u1300,44,102,g0u1300,M5-N7,266882.437432,10756497000018420.000000
Ru102_g0u1300,44,102,g0u1300,N6-O8,123626.052154,3211613695276820.000000
Ru102_g0u1300,44,102,g0u1300,N7-O8,122883.849263,117644640527154.703125
Ru102_g0u1300,44,102,g0u1300,N7-O9,123110.438640,3312028771931415.500000
Ru102_g0u1300,44,102,g0u1300,O8-P10,66882.352859,1253641828383391.250000
Ru102_g0u1300,44,102,g0u1300,O9-P10,66655.763482,28292856915723.820312
Ru102_g0u1300,44,102,g0u1300,O9-P11,66742.873850,1278396112488805.500000
Ru102_g0u1300,44,102,g0u1300,P10-Q12,40241.715947,567300349622837.500000
Ru102_g0u1300,44,102,g0u1300,P11-Q12,40154.605578,8685265676715.097656
Ru102_g0u1300,44,102,g0u1300,P11-Q13,40193.703046,575037707827526.750000
Ru102_g0u1300,44,102,g0u1300,Q12-R14,26085.588466,286039717012945.062500
Ru102_g0u1300,44,102,g0u1300,Q13-R14,26046.490998,3166817344041.307617
Ru102_g0u1300,44,102,g0u1300,Q13-R15,26066.107615,288899921931472.937500
Ru102_g0u1400,44,102,g0u1400,K1-L2,2863728.984134,339900262276065984.000000
Ru102_g0u1400,44,102,g0u1400,K1-L3,2893147.753725,343921530215856192.000000
Ru102_g0u1400,44,102,g0u1400,L2-M4,788143.620467,43460884232949848.000000
Ru102_g0u1400,44,102,g0u1400,L3-M4,758724.850876,8296585115754879.000000
Ru102_g0u1400,44,102,g0u1400,L3-M5,762281.706908,50207923643096920.000000
Ru102_g0u1400,44,102,g0u1400,M4-N6,269697.091334,10170288647240756.000000
Ru102_g0u1400,44,102,g0u1400,M5-N6,266140.235302,711886205443697.500000
Ru102_g0u1400,44,102,g0u1400,M5-N7,266882.438197,10756497030281158.000000
Ru102_g0u1400,44,102,g0u1400,N6-O8,123626.052490,3211613703391970.000000
Ru102_g0u1400,44,102,g0u1400,N7-O8,122883.849595,117644640821250.750000
Ru102_g0u1400,44,102,g0u1400,N7-O9,123110.438974,3312028780298873.500000
Ru102_g0u1400,44,102,g0u1400,O8-P10,66882.353019,1253641831098971.000000
Ru102_g0u1400,44,102,g0u1400,O9-P10,66655.763641,28292856976539.562500
Ru102_g0u1400,44,102,g0u1400,O9-P11,66742.874010,1278396115256961.500000
Ru102_g0u1400,44,102,g0u1400,P10-Q12,40241.716028,567300350619786.500000
Ru102_g0u1400,44,102,g0u1400,P11-Q12,40154.605659,8685265691889.266602
Ru102_g0u1400,44,102,g0u1400,P11-Q13,40193.703127,575037708837288.125000
Ru102_g0u1400,44,102,g0u1400,Q12-R14,26085.588507,286039717398019.250000
Ru102_g0u1400,44,102,g0u1400,Q13-R14,26046.491039,3166817348284.490723
Ru102_g0u1400,44,102,g0u1400,Q13-R15,26066.107657,288899922320540.625000
Ru102_g0u1500,44,102,g0u1500,K1-L2,2863727.573942,339900035034011392.000000
Ru102_g0u1500,44,102,g0u1500,K1-L3,2893146.324598,343921310281346560.000000
Ru102_g0u1500,44,102,g0u1500,L2-M4,788143.545232,43460878988280512.000000
Ru102_g0u1500,44,102,g0u1500,L3-M4,758724.794576,8296584620471808.000000
Ru102_g0u1500,44,102,g0u1500,L3-M5,762281.650498,50207920756191592.000000
Ru102_g0u1500,44,102,g0u1500,M4-N6,269697.091701,10170288673366390.000000
Ru102_g0u1500,44,102,g0u1500,M5-N6,266140.235779,711886207172527.625000
Ru102_g0u1500,44,102,g0u1500,M5-N7,266882.438677,10756497056805892.000000
Ru102_g0u1500,44,102,g0u1500,N6-O8,123626.052771,3211613710178376.000000
Ru102_g0u1500,44,102,g0u1500,N7-O8,122883.849873,117644641067168.859375
Ru102_g0u1500,44,102,g0u1500,N7-O9,123110.439252,3312028787294278.000000
Ru102_g0u1500,44,102,g0u1500,O8-P10,66882.353154,1253641833369620.500000
Ru102_g0u1500,44,102,g0u1500,O9-P10,66655.763775,28292857027389.886719
Ru102_g0u1500,44,102,g0u1500,O9-P11,66742.874144,1278396253395831.750000
Ru102_g0u1500,44,102,g0u1500,P10-Q12,40241.716096,567300351453206.125000
Ru102_g0u1500,44,102,g0u1500,P11-Q12,40154.605727,8685265704574.806641
Ru102_g0u1500,44,102,g0u1500,P11-Q13,40193.703195,575037709682064.125000
Ru102_g0u1500,44,102,g0u1500,Q12-R14,26085.588542,286039717719823.062500
Ru102_g0u1500,44,102,g0u1500,Q13-R14,26046.491074,3166817351831.093262
Ru102_g0u1500,44,102,g0u1500,Q13-R15,26066.107691,288899922645600.375000
Ru102_g0u1600,44,102,g0u1600,K1-L2,2863714.679916,339897968545793856.000000
Ru102_g0u1600,44,102,g0u1600,K1-L3,2893133.267477,343919316629087360.000000
Ru102_g0u1600,44,102,g0u1600,L2-M4,788142.936324,43460851873697472.000000
Ru102_g0u1600,44,102,g0u1600,L3-M4,758724.348762,8296581129232864.000000
Ru102_g0u1600,44,102,g0u1600,L3-M5,762281.203741,50207896705303352.000000
Ru102_g0u1600,44,102,g0u1600,M4-N6,269697.090157,10170288709805608.000000
Ru102_g0u1600,44,102,g0u1600,M5-N6,266140.235178,711886209148016.250000
Ru102_g0u1600,44,102,g0u1600,M5-N7,266882.438079,10756497086973040.000000
Ru102_g0u1600,44,102,g0u1600,N6-O8,123626.053008,3211613715927502.000000
Ru102_g0u1600,44,102,g0u1600,N7-O8,122883.850108,117644641275332.359375
Ru102_g0u1600,44,102,g0u1600,N7-O9,123110.439488,3312028793217161.500000
Ru102_g0u1600,44,102,g0u1600,O8-P10,66882.353268,1253641835291085.000000
Ru102_g0u1600,44,102,g0u1600,O9-P10,66655.763888,28292857070421.996094
Ru102_g0u1600,44,102,g0u1600,O9-P11,66742.874257,1278396255354585.000000
Ru102_g0u1600,44,102,g0u1600,P10-Q12,40241.716153,567300352158365.375000
Ru102_g0u1600,44,102,g0u1600,P11-Q12,40154.605784,8685265715308.254883
Ru102_g0u1600,44,102,g0u1600,P11-Q13,40193.703252,575037710397251.500000
Ru102_g0u1600,44,102,g0u1600,Q12-R14,26085.588572,286039717992517.437500
Ru102_g0u1600,44,102,g0u1600,Q13-R14,26046.491104,3166817354837.217773
Ru102_g0u1600,44,102,g0u1600,Q13-R15,26066.107721,288899922920838.375000
Ru102_g0u1700,44,102,g0u1700,K1-L2,2863360.187551,339840568747584832.000000
Ru102_g0u1700,44,102,g0u1700,K1-L3,2892774.168758,343863302390712000.000000
Ru102_g0u1700,44,102,g0u1700,L2-M4,788125.077359,43460080748650144.000000
Ru102_g0u1700,44,102,g0u1700,L3-M4,758711.096152,8296460220778599.000000
Ru102_g0u1700,44,102,g0u1700,L3-M5,762267.922396,50207190011721904.000000
Ru102_g0u1700,44,102,g0u1700,M4-N6,269697.025336,10170287096239386.000000
Ru102_g0u1700,44,102,g0u1700,M5-N6,266140.199092,711886152613729.250000
Ru102_g0u1700,44,102,g0u1700,M5-N7,266882.401960,10756496248835444.000000
Ru102_g0u1700,44,102,g0u1700,N6-O8,123626.053152,3211613721118086.500000
Ru102_g0u1700,44,102,g0u1700,N7-O8,122883.850284,117644641457386.156250
Ru102_g0u1700,44,102,g0u1700,N7-O9,123110.439665,3312028798395033.500000
Ru102_g0u1700,44,102,g0u1700,O8-P10,66882.353365,1253641836933971.750000
Ru102_g0u1700,44,102,g0u1700,O9-P10,66655.763984,28292857107212.773438
Ru102_g0u1700,44,102,g0u1700,O9-P11,66742.874354,1278396257029514.250000
Ru102_g0u1700,44,102,g0u1700,P10-Q12,40241.716203,567300352761577.250000
Ru102_g0u1700,44,102,g0u1700,P11-Q12,40154.605833,8685265724489.952148
Ru102_g0u1700,44,102,g0u1700,P11-Q13,40193.703301,575037711008503.250000
Ru102_g0u1700,44,102,g0u1700,Q12-R14,26085.588597,286039718225785.750000
Ru102_g0u1700,44,102,g0u1700,Q13-R14,26046.491129,3166817357408.141602
Ru102_g0u1700,44,102,g0u1700,Q13-R15,26066.107746,288899942834395.062500
Ru102_g0u1800,44,102,g0u1800,K1-L2,2864535.072743,340028662531213248.000000
Ru102_g0u1800,44,102,g0u1800,K1-L3,2893964.006851,344046520445083008.000000
Ru102_g0u1800,44,102,g0u1800,L2-M4,788181.470604,43462517978361592.000000
Ru102_g0u1800,44,102,g0u1800,L3-M4,758752.536495,8296835812055090.000000
Ru102_g0u1800,44,102,g0u1800,L3-M5,762309.451765,50209392462838752.000000
Ru102_g0u1800,44,102,g0u1800,M4-N6,269697.223065,10170293056738756.000000
Ru102_g0u1800,44,102,g0u1800,M5-N6,266140.307795,711886327385148.875000
Ru102_g0u1800,44,102,g0u1800,M5-N7,266882.510768,10756499979177620.000000
Ru102_g0u1800,44,102,g0u1800,N6-O8,123626.053499,3211613724537814.000000
Ru102_g0u1800,44,102,g0u1800,N7-O8,122883.850526,117644641599196.906250
Ru102_g0u1800,44,102,g0u1800,N7-O9,123110.439908,3312028802434306.500000
Ru102_g0u1800,44,102,g0u1800,O8-P10,66882.353449,1253641838350605.250000
Ru102_g0u1800,44,102,g0u1800,O9-P10,66655.764068,28292857138941.152344
Ru102_g0u1800,44,102,g0u1800,O9-P11,66742.874438,1278396258474630.500000
Ru102_g0u1800,44,102,g0u1800,P10-Q12,40241.716245,567300353282011.625000
Ru102_g0u1800,44,102,g0u1800,P11-Q12,40154.605875,8685265732411.685547
Ru102_g0u1800,44,102,g0u1800,P11-Q13,40193.703343,575037711535858.375000
Ru102_g0u1800,44,102,g0u1800,Q12-R14,26085.588619,286039718427017.062500
Ru102_g0u1800,44,102,g0u1800,Q13-R14,26046.491150,3166817359625.744629
Ru102_g0u1800,44,102,g0u1800,Q13-R15,26066.107768,288899943037354.625000
Ru102_g0u1900,44,102,g0u1900,K1-L2,3007774.604985,363701662965128448.000000
Ru102_g0u1900,44,102,g0u1900,K1-L3,3039118.728574,367075795480108352.000000
Ru102_g0u1900,44,102,g0u1900,L2-M4,795674.991713,43783522863244696.000000
Ru102_g0u1900,44,102,g0u1900,L3-M4,764330.868124,8347017683003520.000000
Ru102_g0u1900,44,102,g0u1900,L3-M5,767899.698632,50503310993172584.000000
Ru102_g0u1900,44,102,g0u1900,M4-N6,269724.616372,10171109331107658.000000
Ru102_g0u1900,44,102,g0u1900,M5-N6,266155.785863,711919971096326.125000
Ru102_g0u1900,44,102,g0u1900,M5-N7,266898.003467,10756999627790518.000000
Ru102_g0u1900,44,102,g0u1900,N6-O8,123626.078810,3211614344918451.000000
Ru102_g0u1900,44,102,g0u1900,N7-O8,122883.861206,117644653590986.921875
Ru102_g0u1900,44,102,g0u1900,N7-O9,123110.450594,3312028755910187.000000
Ru102_g0u1900,44,102,g0u1900,O8-P10,66882.353531,1253641839557385.750000
Ru102_g0u1900,44,102,g0u1900,O9-P10,66655.764143,28292857166408.632812
Ru102_g0u1900,44,102,g0u1900,O9-P11,66742.874513,1278396259723607.000000
Ru102_g0u1900,44,102,g0u1900,P10-Q12,40241.716282,567300353735608.375000
Ru102_g0u1900,44,102,g0u1900,P11-Q12,40154.605912,8685265739314.992188
Ru102_g0u1900,44,102,g0u1900,P11-Q13,40193.703380,575037711994457.875000
Ru102_g0u1900,44,102,g0u1900,Q12-R14,26085.588638,286039718601709.437500
Ru102_g0u1900,44,102,g0u1900,Q13-R14,26046.491169,3166817361550.208496
Ru102_g0u1900,44,102,g0u1900,Q13-R15,26066.107787,288899943213654.312500
Ru102_g2u1000,44,102,g2u1000,K1-L2,2863734.618889,339901135775204864.000000
Ru102_g2u1000,44,102,g2u1000,K1-L3,2893153.453579,343922283866182272.000000
Ru102_g2u1000,44,102,g2u1000,L2-M4,788143.826353,43460885944866616.000000
Ru102_g2u1000,44,102,g2u1000,L3-M4,758724.991664,8296587153462345.000000
Ru102_g2u1000,44,102,g2u1000,L3-M5,762281.847920,50207924463946320.000000
Ru102_g2u1000,44,102,g2u1000,M4-N6,269697.085874,10170288311613908.000000
Ru102_g2u1000,44,102,g2u1000,M5-N6,266140.229618,711886240452729.750000
Ru102_g2u1000,44,102,g2u1000,M5-N7,266882.432519,10756496419697646.000000
Ru102_g2u1000,44,102,g2u1000,N6-O8,123626.049848,3211613625344140.500000
Ru102_g2u1000,44,102,g2u1000,N7-O8,122883.846946,117644656996006.921875
Ru102_g2u1000,44,102,g2u1000,N7-O9,123110.436329,3312028200832394.500000
Ru102_g2u1000,44,102,g2u1000,O8-P10,66882.351648,1253641686309206.250000
Ru102_g2u1000,44,102,g2u1000,O9-P10,66655.762266,28292858816066.292969
Ru102_g2u1000,44,102,g2u1000,O9-P11,66742.872657,1278396068414900.500000
Ru102_g2u1000,44,102,g2u1000,P10-Q12,40241.715350,567300342322503.750000
Ru102_g2u1000,44,102,g2u1000,P11-Q12,40154.604959,8685265094155.444336
Ru102_g2u1000,44,102,g2u1000,P11-Q13,40193.702452,575037695560432.375000
Ru102_g2u1000,44,102,g2u1000,Q12-R14,26085.588145,286039713716604.437500
Ru102_g2u1000,44,102,g2u1000,Q13-R14,26046.490652,3166817334126.855469
Ru102_g2u1000,44,102,g2u1000,Q13-R15,26066.107291,288899917974963.875000
Pd104_g0u0050,46,104,g0u0050,K1-L2,3056889.047336,393704000321336320.000000
Pd104_g0u0050,46,104,g0u0050,K1-L3,3091345.777866,399434276948395200.000000
Pd104_g0u0050,46,104,g0u0050,L2-M4,863046.389013,52007286258752192.000000
Pd104_g0u0050,46,104,g0u0050,L3-M4,828589.658483,9891346907084026.000000
Pd104_g0u0050,46,104,g0u0050,L3-M5,832844.511404,59909692955952920.000000
Pd104_g0u0050,46,104,g0u0050,M4-N6,295228.058576,12166159518210224.000000
Pd104_g0u0050,46,104,g0u0050,M5-N6,290973.205654,849988024619172.750000
Pd104_g0u0050,46,104,g0u0050,M5-N7,291860.763323,12851980933825858.000000
Pd104_g0u0050,46,104,g0u0050,N6-O8,135225.169596,3839420622078636.000000
Pd104_g0u0050,46,104,g0u0050,N7-O8,134337.611927,140497261631479.203125
Pd104_g0u0050,46,104,g0u0050,N7-O9,134608.479300,3957406151734091.000000
Pd104_g0u0050,46,104,g0u0050,O8-P10,73135.813045,1498310672207614.750000
Pd104_g0u0050,46,104,g0u0050,O9-P10,72864.945672,33792587687748.167969
Pd104_g0u0050,46,104,g0u0050,O9-P11,72969.058392,1527480807093487.750000
Pd104_g0u0050,46,104,g0u0050,P10-Q12,43997.712808,677922051135549.500000
Pd104_g0u0050,46,104,g0u0050,P11-Q12,43893.600088,10374150545819.441406
Pd104_g0u0050,46,104,g0u0050,P11-Q13,43940.322901,687057959241941.000000
Pd104_g0u0050,46,104,g0u0050,Q12-R14,28517.743259,341784760823870.625000
Pd104_g0u0050,46,104,g0u0050,Q13-R14,28471.020446,3782718134792.647949
Pd104_g0u0050,46,104,g0u0050,Q13-R15,28494.460872,345167038636228.375000
Pd104_g0u0050,46,104,g0u0050,L3-N5,1123665.326411,19108528580978180.000000
Pd104_g0u0100,46,104,g0u0100,K1-L2,3057219.525585,393757073106330112.000000
Pd104_g0u0100,46,104,g0u0100,K1-L3,3091680.200251,399485609577356800.000000
Pd104_g0u0100,46,104,g0u0100,L2-M4,863057.864657,52007956298352256.000000
Pd104_g0u0100,46,104,g0u0100,L3-M4,828597.189990,9891445814164126.000000
Pd104_g0u0100,46,104,g0u0100,L3-M5,832852.073144,59910279789046296.000000
Pd104_g0u0100,46,104,g0u0100,M4-N6,295228.795545,12166218986430864.000000
Pd104_g0u0100,46,104,g0u0100,M5-N6,290973.912390,849992117494277.750000
Pd104_g0u0100,46,104,g0u0100,M5-N7,291861.474370,12852042862736010.000000
Pd104_g0u0100,46,104,g0u0100,N6-O8,135225.484086,3839437782181890.000000
Pd104_g0u0100,46,104,g0u0100,N7-O8,134337.922107,140497890137210.406250
Pd104_g0u0100,46,104,g0u0100,N7-O9,134608.790686,3957424280382885.000000
Pd104_g0u0100,46,104,g0u0100,O8-P10,73135.964121,1498316675017265.750000
Pd104_g0u0100,46,104,g0u0100,O9-P10,72865.095542,33792716504139.359375
Pd104_g0u0100,46,104,g0u0100,O9-P11,72969.208668,1527486930207203.250000
Pd104_g0u0100,46,104,g0u0100,P10-Q12,43997.789787,677924241386238.125000
Pd104_g0u0100,46,104,g0u0100,P11-Q12,43893.676662,10374184899234.091797
Pd104_g0u0100,46,104,g0u0100,P11-Q13,43940.399626,687060234928514.875000
Pd104_g0u0100,46,104,g0u0100,Q12-R14,28517.783339,341785637047378.812500
Pd104_g0u0100,46,104,g0u0100,Q13-R14,28471.060375,3782727830663.264648
Pd104_g0u0100,46,104,g0u0100,Q13-R15,28494.500861,345167923571453.500000
Pd104_g0u0100,46,104,g0u0100,L3-N5,1123673.592220,19108829462566636.000000
Pd104_g0u0150,46,104,g0u0150,K1-L2,3057276.347618,393766266269486784.000000
Pd104_g0u0150,46,104,g0u0150,K1-L3,3091737.706523,399494548426611200.000000
Pd104_g0u0150,46,104,g0u0150,L2-M4,863060.125846,52008101491353096.000000
Pd104_g0u0150,46,104,g0u0150,L3-M4,828598.766941,9891468503787816.000000
Pd104_g0u0150,46,104,g0u0150,L3-M5,832853.657755,59910414776616912.000000
Pd104_g0u0150,46,104,g0u0150,M4-N6,295228.981494,12166234210253394.000000
Pd104_g0u0150,46,104,g0u0150,M5-N6,290974.090680,849993187939561.500000
Pd104_g0u0150,46,104,g0u0150,M5-N7,291861.653717,12852057800331940.000000
Pd104_g0u0150,46,104,g0u0150,N6-O8,135225.561037,3839441829792199.500000
Pd104_g0u0150,46,104,g0u0150,N7-O8,134337.998000,140498053231555.546875
Pd104_g0u0150,46,104,g0u0150,N7-O9,134608.866875,3957428042056921.000000
Pd104_g0u0150,46,104,g0u0150,O8-P10,73136.001135,1498317943783550.000000
Pd104_g0u0150,46,104,g0u0150,O9-P10,72865.132261,33792751702174.214844
Pd104_g0u0150,46,104,g0u0150,O9-P11,72969.245486,1527488224235580.000000
Pd104_g0u0150,46,104,g0u0150,P10-Q12,43997.808653,677924824919405.750000
Pd104_g0u0150,46,104,g0u0150,P11-Q12,43893.695428,10374192148236.562500
Pd104_g0u0150,46,104,g0u0150,P11-Q13,43940.418430,687060770987883.875000
Pd104_g0u0150,46,104,g0u0150,Q12-R14,28517.793167,341785864811968.562500
Pd104_g0u0150,46,104,g0u0150,Q13-R14,28471.070165,3782730351591.954102
Pd104_g0u0150,46,104,g0u0150,Q13-R15,28494.510665,345168153605666.562500
Pd104_g0u0150,46,104,g0u0150,L3-N5,1123675.350893,19108893296566668.000000
Pd104_g0u0200,46,104,g0u0200,K1-L2,3057295.500497,393769414171276096.000000
Pd104_g0u0200,46,104,g0u0200,K1-L3,3091757.096316,399497604288391040.000000
Pd104_g0u0200,46,104,g0u0200,L2-M4,863060.969625,52008154350198832.000000
Pd104_g0u0200,46,104,g0u0200,L3-M4,828599.373806,9891476943734090.000000
Pd104_g0u0200,46,104,g0u0200,L3-M5,832854.267719,59910469092741048.000000
Pd104_g0u0200,46,104,g0u0200,M4-N6,295229.058732,12166240646927834.000000
Pd104_g0u0200,46,104,g0u0200,M5-N6,290974.164820,849993557205600.750000
Pd104_g0u0200,46,104,g0u0200,M5-N7,291861.728296,12852063399118466.000000
Pd104_g0u0200,46,104,g0u0200,N6-O8,135225.593051,3839443883987010.000000
Pd104_g0u0200,46,104,g0u0200,N7-O8,134338.029575,140498098772205.109375
Pd104_g0u0200,46,104,g0u0200,N7-O9,134608.898572,3957430162854723.000000
Pd104_g0u0200,46,104,g0u0200,O8-P10,73136.016536,1498318665872255.500000
Pd104_g0u0200,46,104,g0u0200,O9-P10,72865.147539,33792764707130.957031
Pd104_g0u0200,46,104,g0u0200,O9-P11,72969.260806,1527488960885150.500000
Pd104_g0u0200,46,104,g0u0200,P10-Q12,43997.816504,677925040578877.500000
Pd104_g0u0200,46,104,g0u0200,P11-Q12,43893.703237,10374196288899.601562
Pd104_g0u0200,46,104,g0u0200,P11-Q13,43940.426254,687061045072500.750000
Pd104_g0u0200,46,104,g0u0200,Q12-R14,28517.797256,341785949028716.000000
Pd104_g0u0200,46,104,g0u0200,Q13-R14,28471.074239,3782731283252.229492
Pd104_g0u0200,46,104,g0u0200,Q13-R15,28494.514746,345168238657444.937500
Pd104_g0u0200,46,104,g0u0200,L3-N5,1123676.033254,19108918314934556.000000
Pd104_g0u0250,46,104,g0u0250,K1-L2,3057304.252498,393770910996197824.000000
Pd104_g0u0250,46,104,g0u0250,K1-L3,3091765.958044,399499016986718400.000000
Pd104_g0u0250,46,104,g0u0250,L2-M4,863061.376833,52008181404933464.000000
Pd104_g0u0250,46,104,g0u0250,L3-M4,828599.671287,9891481253828258.000000
Pd104_g0u0250,46,104,g0u0250,L3-M5,832854.566782,59910494806512312.000000
Pd104_g0u0250,46,104,g0u0250,M4-N6,295229.099237,12166243357817056.000000
Pd104_g0u0250,46,104,g0u0250,M5-N6,290974.203742,849993830391328.375000
Pd104_g0u0250,46,104,g0u0250,M5-N7,291861.767450,12852067518846810.000000
Pd104_g0u0250,46,104,g0u0250,N6-O8,135225.609871,3839444731375790.000000
Pd104_g0u0250,46,104,g0u0250,N7-O8,134338.046164,140498144691606.359375
Pd104_g0u0250,46,104,g0u0250,N7-O9,134608.915225,3957431037421152.500000
Pd104_g0u0250,46,104,g0u0250,O8-P10,73136.024628,1498318961510944.000000
Pd104_g0u0250,46,104,g0u0250,O9-P10,72865.155566,33792771372379.570312
Pd104_g0u0250,46,104,g0u0250,O9-P11,72969.268855,1527489262428896.750000
Pd104_g0u0250,46,104,g0u0250,P10-Q12,43997.820629,677925096415138.625000
Pd104_g0u0250,46,104,g0u0250,P11-Q12,43893.707341,10374197979593.064453
Pd104_g0u0250,46,104,g0u0250,P11-Q13,43940.430366,687061157118232.500000
Pd104_g0u0250,46,104,g0u0250,Q12-R14,28517.799406,341785992200653.625000
Pd104_g0u0250,46,104,g0u0250,Q13-R14,28471.076381,3782731760795.063965
Pd104_g0u0250,46,104,g0u0250,Q13-R15,28494.516890,345168260753575.687500
Pd104_g0u0250,46,104,g0u0250,L3-N5,1123676.370342,19108930689816052.000000
Pd104_g0u0300,46,104,g0u0300,K1-L2,3057308.986248,393771676417606784.000000
Pd104_g0u0300,46,104,g0u0300,K1-L3,3091770.751619,399499782497287296.000000
Pd104_g0u0300,46,104,g0u0300,L2-M4,863061.605338,52008197175576760.000000
Pd104_g0u0300,46,104,g0u0300,L3-M4,828599.839968,9891483862938084.000000
Pd104_g0u0300,46,104,g0u0300,L3-M5,832854.736391,59910506371128512.000000
Pd104_g0u0300,46,104,g0u0300,M4-N6,295229.123527,12166245451857608.000000
Pd104_g0u0300,46,104,g0u0300,M5-N6,290974.227104,849993894305721.125000
Pd104_g0u0300,46,104,g0u0300,M5-N7,291861.790951,12852069743656352.000000
Pd104_g0u0300,46,104,g0u0300,N6-O8,135225.619974,3839444998615062.500000
Pd104_g0u0300,46,104,g0u0300,N7-O8,134338.056128,140498154357113.921875
Pd104_g0u0300,46,104,g0u0300,N7-O9,134608.925228,3957431728866988.000000
Pd104_g0u0300,46,104,g0u0300,O8-P10,73136.029488,1498319197140471.250000
Pd104_g0u0300,46,104,g0u0300,O9-P10,72865.160388,33792773391065.839844
Pd104_g0u0300,46,104,g0u0300,O9-P11,72969.273689,1527489502815461.750000
Pd104_g0u0300,46,104,g0u0300,P10-Q12,43997.823107,677925184657112.500000
Pd104_g0u0300,46,104,g0u0300,P11-Q12,43893.709806,10374199331250.386719
Pd104_g0u0300,46,104,g0u0300,P11-Q13,43940.432836,687061246577264.500000
Pd104_g0u0300,46,104,g0u0300,Q12-R14,28517.800697,341786005350003.187500
Pd104_g0u0300,46,104,g0u0300,Q13-R14,28471.077667,3782731905603.268066
Pd104_g0u0300,46,104,g0u0300,Q13-R15,28494.518178,345168317034308.187500
Pd104_g0u0300,46,104,g0u0300,L3-N5,1123676.562784,19108938274505272.000000
Pd104_g0u0350,46,104,g0u0350,K1-L2,3057311.837395,393772137745660736.000000
Pd104_g0u0350,46,104,g0u0350,K1-L3,3091773.639005,399500255097824576.000000
Pd104_g0u0350,46,104,g0u0350,L2-M4,863061.746989,52008208900164504.000000
Pd104_g0u0350,46,104,g0u0350,L3-M4,828599.945379,9891485607447314.000000
Pd104_g0u0350,46,104,g0u0350,L3-M5,832854.842399,59910516778617040.000000
Pd104_g0u0350,46,104,g0u0350,M4-N6,295229.139427,12166246060575176.000000
Pd104_g0u0350,46,104,g0u0350,M5-N6,290974.242406,849993936200100.250000
Pd104_g0u0350,46,104,g0u0350,M5-N7,291861.806344,12852070388573034.000000
Pd104_g0u0350,46,104,g0u0350,N6-O8,135225.626595,3839445173767001.500000
Pd104_g0u0350,46,104,g0u0350,N7-O8,134338.062658,140498175605729.453125
Pd104_g0u0350,46,104,g0u0350,N7-O9,134608.931784,3957431909377131.500000
Pd104_g0u0350,46,104,g0u0350,O8-P10,73136.032674,1498319256300758.500000
Pd104_g0u0350,46,104,g0u0350,O9-P10,72865.163548,33792778018644.085938
Pd104_g0u0350,46,104,g0u0350,O9-P11,72969.276858,1527489563105978.250000
Pd104_g0u0350,46,104,g0u0350,P10-Q12,43997.824731,677925206640698.250000
Pd104_g0u0350,46,104,g0u0350,P11-Q12,43893.711421,10374199665530.955078
Pd104_g0u0350,46,104,g0u0350,P11-Q13,43940.434454,687061268847755.875000
Pd104_g0u0350,46,104,g0u0350,Q12-R14,28517.801543,341786013968682.875000
Pd104_g0u0350,46,104,g0u0350,Q13-R14,28471.078510,3782732000516.604004
Pd104_g0u0350,46,104,g0u0350,Q13-R15,28494.519023,345168325734725.187500
Pd104_g0u0350,46,104,g0u0350,L3-N5,1123676.683753,19108942537913600.000000
Pd104_g0u0400,46,104,g0u0400,K1-L2,3057313.688450,393772473553701248.000000
Pd104_g0u0400,46,104,g0u0400,K1-L3,3091775.513698,399500550743637504.000000
Pd104_g0u0400,46,104,g0u0400,L2-M4,863061.841216,52008216822779992.000000
Pd104_g0u0400,46,104,g0u0400,L3-M4,828600.015967,9891486560942554.000000
Pd104_g0u0400,46,104,g0u0400,L3-M5,832854.913397,59910526496993928.000000
Pd104_g0u0400,46,104,g0u0400,M4-N6,295229.150497,12166246484961910.000000
Pd104_g0u0400,46,104,g0u0400,M5-N6,290974.253067,849994048797913.500000
Pd104_g0u0400,46,104,g0u0400,M5-N7,291861.817067,12852072079053546.000000
Pd104_g0u0400,46,104,g0u0400,N6-O8,135225.631211,3839445698317675.500000
Pd104_g0u0400,46,104,g0u0400,N7-O8,134338.067210,140498180021270.609375
Pd104_g0u0400,46,104,g0u0400,N7-O9,134608.936353,3957432451228506.000000
Pd104_g0u0400,46,104,g0u0400,O8-P10,73136.034894,1498319442905229.750000
Pd104_g0u0400,46,104,g0u0400,O9-P10,72865.165751,33792778940899.855469
Pd104_g0u0400,46,104,g0u0400,O9-P11,72969.279067,1527489753530155.500000
Pd104_g0u0400,46,104,g0u0400,P10-Q12,43997.825863,677925276666404.500000
Pd104_g0u0400,46,104,g0u0400,P11-Q12,43893.712547,10374199898542.998047
Pd104_g0u0400,46,104,g0u0400,P11-Q13,43940.435583,687061284371804.250000
Pd104_g0u0400,46,104,g0u0400,Q12-R14,28517.802133,341786019976464.750000
Pd104_g0u0400,46,104,g0u0400,Q13-R14,28471.079098,3782732066677.866699
Pd104_g0u0400,46,104,g0u0400,Q13-R15,28494.519611,345168331799684.875000
Pd104_g0u0400,46,104,g0u0400,L3-N5,1123676.765177,19108946021117656.000000
Pd104_g0u0450,46,104,g0u0450,K1-L2,3057314.958792,393772670097556032.000000
Pd104_g0u0450,46,104,g0u0450,K1-L3,3091776.800328,399500740679447296.000000
Pd104_g0u0450,46,104,g0u0450,L2-M4,863061.907276,52008221082618944.000000
Pd104_g0u0450,46,104,g0u0450,L3-M4,828600.065740,9891487444920054.000000
Pd104_g0u0450,46,104,g0u0450,L3-M5,832854.963465,59910531772475728.000000
Pd104_g0u0450,46,104,g0u0450,M4-N6,295229.158567,12166246794693210.000000
Pd104_g0u0450,46,104,g0u0450,M5-N6,290974.260842,849994070109516.500000
Pd104_g0u0450,46,104,g0u0450,M5-N7,291861.824889,12852072407121596.000000
Pd104_g0u0450,46,104,g0u0450,N6-O8,135225.634578,3839445787401252.000000
Pd104_g0u0450,46,104,g0u0450,N7-O8,134338.070531,140498198156967.593750
Pd104_g0u0450,46,104,g0u0450,N7-O9,134608.939688,3957432543037731.000000
Pd104_g0u0450,46,104,g0u0450,O8-P10,73136.036515,1498319472995129.000000
Pd104_g0u0450,46,104,g0u0450,O9-P10,72865.167358,33792779613851.867188
Pd104_g0u0450,46,104,g0u0450,O9-P11,72969.280678,1527489784195734.500000
Pd104_g0u0450,46,104,g0u0450,P10-Q12,43997.826689,677925287847718.625000
Pd104_g0u0450,46,104,g0u0450,P11-Q12,43893.713369,10374200910215.265625
Pd104_g0u0450,46,104,g0u0450,P11-Q13,43940.436406,687061351180582.500000
Pd104_g0u0450,46,104,g0u0450,Q12-R14,28517.802563,341786066927470.187500
Pd104_g0u0450,46,104,g0u0450,Q13-R14,28471.079526,3782732587948.427734
Pd104_g0u0450,46,104,g0u0450,Q13-R15,28494.520041,345168336224942.812500
Pd104_g0u0450,46,104,g0u0450,L3-N5,1123676.822851,19108947134666384.000000
Pd104_g0u0500,46,104,g0u0500,K1-L2,3057315.868708,393772823479721600.000000
Pd104_g0u0500,46,104,g0u0500,K1-L3,3091777.721952,399500916307071424.000000
Pd104_g0u0500,46,104,g0u0500,L2-M4,863061.955508,52008225151854608.000000
Pd104_g0u0500,46,104,g0u0500,L3-M4,828600.102264,9891488282089680.000000
Pd104_g0u0500,46,104,g0u0500,L3-M5,832855.000210,59910532749019032.000000
Pd104_g0u0500,46,104,g0u0500,M4-N6,295229.164663,12166248194428606.000000
Pd104_g0u0500,46,104,g0u0500,M5-N6,290974.266718,849994086222676.500000
Pd104_g0u0500,46,104,g0u0500,M5-N7,291861.830800,12852072655161312.000000
Pd104_g0u0500,46,104,g0u0500,N6-O8,135225.637124,3839445854750614.000000
Pd104_g0u0500,46,104,g0u0500,N7-O8,134338.073042,140498200592858.765625
Pd104_g0u0500,46,104,g0u0500,N7-O9,134608.942208,3957432612447501.500000
Pd104_g0u0500,46,104,g0u0500,O8-P10,73136.037740,1498319495744851.000000
Pd104_g0u0500,46,104,g0u0500,O9-P10,72865.168574,33792780122642.957031
Pd104_g0u0500,46,104,g0u0500,O9-P11,72969.281897,1527489807380616.500000
Pd104_g0u0500,46,104,g0u0500,P10-Q12,43997.827314,677925296302540.125000
Pd104_g0u0500,46,104,g0u0500,P11-Q12,43893.713990,10374201038779.593750
Pd104_g0u0500,46,104,g0u0500,P11-Q13,43940.437029,687061359744961.875000
Pd104_g0u0500,46,104,g0u0500,Q12-R14,28517.802889,341786070242186.437500
Pd104_g0u0500,46,104,g0u0500,Q13-R14,28471.079851,3782732624451.466797
Pd104_g0u0500,46,104,g0u0500,Q13-R15,28494.520365,345168339571409.250000
Pd104_g0u0500,46,104,g0u0500,L3-N5,1123676.865345,19108947951551600.000000
Pd104_g0u0550,46,104,g0u0550,K1-L2,3057316.543006,393772938426744000.000000
Pd104_g0u0550,46,104,g0u0550,K1-L3,3091778.404954,399501027225598528.000000
Pd104_g0u0550,46,104,g0u0550,L2-M4,863061.991882,52008229084270104.000000
Pd104_g0u0550,46,104,g0u0550,L3-M4,828600.129933,9891488404184882.000000
Pd104_g0u0550,46,104,g0u0550,L3-M5,832855.028048,59910537521221376.000000
Pd104_g0u0550,46,104,g0u0550,M4-N6,295229.169401,12166248376587590.000000
Pd104_g0u0550,46,104,g0u0550,M5-N6,290974.271286,849994098754219.125000
Pd104_g0u0550,46,104,g0u0550,M5-N7,291861.835395,12852074088989220.000000
Pd104_g0u0550,46,104,g0u0550,N6-O8,135225.639104,3839445907125618.500000
Pd104_g0u0550,46,104,g0u0550,N7-O8,134338.074995,140498202487156.156250
Pd104_g0u0550,46,104,g0u0550,N7-O9,134608.944169,3957432666425529.000000
Pd104_g0u0550,46,104,g0u0550,O8-P10,73136.038692,1498319513436652.750000
Pd104_g0u0550,46,104,g0u0550,O9-P10,72865.169519,33792780518315.324219
Pd104_g0u0550,46,104,g0u0550,O9-P11,72969.282845,1527489825409392.750000
Pd104_g0u0550,46,104,g0u0550,P10-Q12,43997.827799,677925302876371.875000
Pd104_g0u0550,46,104,g0u0550,P11-Q12,43893.714474,10374201138739.419922
Pd104_g0u0550,46,104,g0u0550,P11-Q13,43940.437513,687061366405997.625000
Pd104_g0u0550,46,104,g0u0550,Q12-R14,28517.803142,341786072819772.937500
Pd104_g0u0550,46,104,g0u0550,Q13-R14,28471.080103,3782732652838.499023
Pd104_g0u0550,46,104,g0u0550,Q13-R15,28494.520618,345168385181264.875000
Pd104_g0u0550,46,104,g0u0550,L3-N5,1123676.897655,19108950473567976.000000
Pd104_g0u0600,46,104,g0u0600,K1-L2,3057317.056735,393773047085752576.000000
Pd104_g0u0600,46,104,g0u0600,K1-L3,3091778.925335,399501104021848064.000000
Pd104_g0u0600,46,104,g0u0600,L2-M4,863062.020045,52008229527840560.000000
Pd104_g0u0600,46,104,g0u0600,L3-M4,828600.151444,9891489184686164.000000
Pd104_g0u0600,46,104,g0u0600,L3-M5,832855.049693,59910538139977264.000000
Pd104_g0u0600,46,104,g0u0600,M4-N6,295229.173170,12166248521571530.000000
Pd104_g0u0600,46,104,g0u0600,M5-N6,290974.274921,849994108727590.500000
Pd104_g0u0600,46,104,g0u0600,M5-N7,291861.839051,12852074242516106.000000
Pd104_g0u0600,46,104,g0u0600,N6-O8,135225.640680,3839445948806353.000000
Pd104_g0u0600,46,104,g0u0600,N7-O8,134338.076549,140498203994666.359375
Pd104_g0u0600,46,104,g0u0600,N7-O9,134608.945729,3957432709381057.000000
Pd104_g0u0600,46,104,g0u0600,O8-P10,73136.039450,1498319527516313.000000
Pd104_g0u0600,46,104,g0u0600,O9-P10,72865.170271,33792784137677.363281
Pd104_g0u0600,46,104,g0u0600,O9-P11,72969.283599,1527489839758480.500000
Pd104_g0u0600,46,104,g0u0600,P10-Q12,43997.828186,677925308108845.750000
Pd104_g0u0600,46,104,g0u0600,P11-Q12,43893.714858,10374201218304.994141
Pd104_g0u0600,46,104,g0u0600,P11-Q13,43940.437898,687061371705909.625000
Pd104_g0u0600,46,104,g0u0600,Q12-R14,28517.803343,341786074871154.812500
Pd104_g0u0600,46,104,g0u0600,Q13-R14,28471.080303,3782732675428.351074
Pd104_g0u0600,46,104,g0u0600,Q13-R15,28494.520819,345168387252193.625000
Pd104_g0u0600,46,104,g0u0600,L3-N5,1123676.922857,19108950954381264.000000
Pd104_g0u0700,46,104,g0u0700,K1-L2,3057317.775595,393773135086385408.000000
Pd104_g0u0700,46,104,g0u0700,K1-L3,3091779.653541,399501217390006336.000000
Pd104_g0u0700,46,104,g0u0700,L2-M4,863062.060301,52008233590492400.000000
Pd104_g0u0700,46,104,g0u0700,L3-M4,828600.182354,9891489332142534.000000
Pd104_g0u0700,46,104,g0u0700,L3-M5,832855.080799,59910543071001280.000000
Pd104_g0u0700,46,104,g0u0700,M4-N6,295229.178743,12166248736182226.000000
Pd104_g0u0700,46,104,g0u0700,M5-N6,290974.280298,849994206883078.375000
Pd104_g0u0700,46,104,g0u0700,M5-N7,291861.844460,12852074469754206.000000
Pd104_g0u0700,46,104,g0u0700,N6-O8,135225.643012,3839446412963304.000000
Pd104_g0u0700,46,104,g0u0700,N7-O8,134338.078849,140498206225880.078125
Pd104_g0u0700,46,104,g0u0700,N7-O9,134608.948038,3957432772958407.000000
Pd104_g0u0700,46,104,g0u0700,O8-P10,73136.040572,1498319548353858.250000
Pd104_g0u0700,46,104,g0u0700,O9-P10,72865.171384,33792784603703.609375
Pd104_g0u0700,46,104,g0u0700,O9-P11,72969.284715,1527489860994422.750000
Pd104_g0u0700,46,104,g0u0700,P10-Q12,43997.828758,677925370555043.875000
Pd104_g0u0700,46,104,g0u0700,P11-Q12,43893.715427,10374201336063.740234
Pd104_g0u0700,46,104,g0u0700,P11-Q13,43940.438468,687061379551459.250000
Pd104_g0u0700,46,104,g0u0700,Q12-R14,28517.803641,341786077907571.062500
Pd104_g0u0700,46,104,g0u0700,Q13-R14,28471.080600,3782732708867.467285
Pd104_g0u0700,46,104,g0u0700,Q13-R15,28494.521116,345168390317261.562500
Pd104_g0u0700,46,104,g0u0700,L3-N5,1123676.959227,19108951645020992.000000
Pd104_g0u0800,46,104,g0u0800,K1-L2,3057318.243842,393773213082147264.000000
Pd104_g0u0800,46,104,g0u0800,K1-L3,3091780.127907,399501292787621632.000000
Pd104_g0u0800,46,104,g0u0800,L2-M4,863062.087233,52008234075854584.000000
Pd104_g0u0800,46,104,g0u0800,L3-M4,828600.203168,9891490118815466.000000
Pd104_g0u0800,46,104,g0u0800,L3-M5,832855.101748,59910543727852976.000000
Pd104_g0u0800,46,104,g0u0800,M4-N6,295229.182626,12166248885876754.000000
Pd104_g0u0800,46,104,g0u0800,M5-N6,290974.284046,849994217178559.250000
Pd104_g0u0800,46,104,g0u0800,M5-N7,291861.848231,12852074628236772.000000
Pd104_g0u0800,46,104,g0u0800,N6-O8,135225.644638,3839446455985206.000000
Pd104_g0u0800,46,104,g0u0800,N7-O8,134338.080453,140498207781892.546875
Pd104_g0u0800,46,104,g0u0800,N7-O9,134608.949648,3957433233327055.000000
Pd104_g0u0800,46,104,g0u0800,O8-P10,73136.041355,1498319562886915.750000
Pd104_g0u0800,46,104,g0u0800,O9-P10,72865.172160,33792784928730.140625
Pd104_g0u0800,46,104,g0u0800,O9-P11,72969.285493,1527490024204036.000000
Pd104_g0u0800,46,104,g0u0800,P10-Q12,43997.829157,677925375955304.500000
Pd104_g0u0800,46,104,g0u0800,P11-Q12,43893.715824,10374201418179.089844
Pd104_g0u0800,46,104,g0u0800,P11-Q13,43940.438866,687061385022250.250000
Pd104_g0u0800,46,104,g0u0800,Q12-R14,28517.803849,341786080025379.312500
Pd104_g0u0800,46,104,g0u0800,Q13-R14,28471.080807,3782732732189.717285
Pd104_g0u0800,46,104,g0u0800,Q13-R15,28494.521324,345168392454789.562500
Pd104_g0u0800,46,104,g0u0800,L3-N5,1123676.983847,19108954013228520.000000
Pd104_g0u0900,46,104,g0u0900,K1-L2,3057318.566014,393773285177803584.000000
Pd104_g0u0900,46,104,g0u0900,K1-L3,3091780.454308,399501362084779456.000000
Pd104_g0u0900,46,104,g0u0900,L2-M4,863062.106212,52008237826668320.000000
Pd104_g0u0900,46,104,g0u0900,L3-M4,828600.217919,9891490196015588.000000
Pd104_g0u0900,46,104,g0u0900,L3-M5,832855.116596,59910548216221856.000000
Pd104_g0u0900,46,104,g0u0900,M4-N6,295229.185459,12166248995164818.000000
Pd104_g0u0900,46,104,g0u0900,M5-N6,290974.286781,849994224694375.750000
Pd104_g0u0900,46,104,g0u0900,M5-N7,291861.850982,12852074743935646.000000
Pd104_g0u0900,46,104,g0u0900,N6-O8,135225.645825,3839446487388700.000000
Pd104_g0u0900,46,104,g0u0900,N7-O8,134338.081624,140498208917693.375000
Pd104_g0u0900,46,104,g0u0900,N7-O9,134608.950823,3957433265692094.500000
Pd104_g0u0900,46,104,g0u0900,O8-P10,73136.041926,1498319718862428.750000
Pd104_g0u0900,46,104,g0u0900,O9-P10,72865.172727,33792785165976.933594
Pd104_g0u0900,46,104,g0u0900,O9-P11,72969.286061,1527490035015970.000000
Pd104_g0u0900,46,104,g0u0900,P10-Q12,43997.829448,677925379897806.875000
Pd104_g0u0900,46,104,g0u0900,P11-Q12,43893.716114,10374201478129.894531
Pd104_g0u0900,46,104,g0u0900,P11-Q13,43940.439156,687061389016071.375000
Pd104_g0u0900,46,104,g0u0900,Q12-R14,28517.804001,341786081571224.375000
Pd104_g0u0900,46,104,g0u0900,Q13-R14,28471.080959,3782732749213.293945
Pd104_g0u0900,46,104,g0u0900,Q13-R15,28494.521475,345168394015328.312500
Pd104_g0u0900,46,104,g0u0900,L3-N5,1123677.001374,19108954342509852.000000
Pd104_g0u1000,46,104,g0u1000,K1-L2,3057318.797274,393773324281843008.000000
Pd104_g0u1000,46,104,g0u1000,K1-L3,3091780.688617,399501399908582080.000000
Pd104_g0u1000,46,104,g0u1000,L2-M4,863062.120136,52008238106754752.000000
Pd104_g0u1000,46,104,g0u1000,L3-M4,828600.228794,9891490255003954.000000
Pd104_g0u1000,46,104,g0u1000,L3-M5,832855.127545,59910548586880504.000000
Pd104_g0u1000,46,104,g0u1000,M4-N6,295229.187600,12166249077824526.000000
Pd104_g0u1000,46,104,g0u1000,M5-N6,290974.288849,849994230378557.625000
Pd104_g0u1000,46,104,g0u1000,M5-N7,291861.853063,12852074831437284.000000
Pd104_g0u1000,46,104,g0u1000,N6-O8,135225.646723,3839446511138346.000000
Pd104_g0u1000,46,104,g0u1000,N7-O8,134338.082509,140498209776671.703125
Pd104_g0u1000,46,104,g0u1000,N7-O9,134608.951712,3957433290168507.500000
Pd104_g0u1000,46,104,g0u1000,O8-P10,73136.042358,1498319726884926.750000
Pd104_g0u1000,46,104,g0u1000,O9-P10,72865.173155,33792785345398.167969
Pd104_g0u1000,46,104,g0u1000,O9-P11,72969.286491,1527490043191081.000000
Pd104_g0u1000,46,104,g0u1000,P10-Q12,43997.829669,677925382879579.000000
Pd104_g0u1000,46,104,g0u1000,P11-Q12,43893.716333,10374202365119.142578
Pd104_g0u1000,46,104,g0u1000,P11-Q13,43940.439376,687061392036592.625000
Pd104_g0u1000,46,104,g0u1000,Q12-R14,28517.804116,341786082739967.875000
Pd104_g0u1000,46,104,g0u1000,Q13-R14,28471.081073,3782732762083.975098
Pd104_g0u1000,46,104,g0u1000,Q13-R15,28494.521590,345168395195436.312500
Pd104_g0u1000,46,104,g0u1000,L3-N5,1123677.014348,19108954585187948.000000
Pd104_g0u1100,46,104,g0u1100,K1-L2,3057318.968852,393773360924688000.000000
Pd104_g0u1100,46,104,g0u1100,K1-L3,3091780.862465,399501435184280512.000000
Pd104_g0u1100,46,104,g0u1100,L2-M4,863062.130676,52008238328367360.000000
Pd104_g0u1100,46,104,g0u1100,L3-M4,828600.237063,9891490301301048.000000
Pd104_g0u1100,46,104,g0u1100,L3-M5,832855.135870,59910548877687920.000000
Pd104_g0u1100,46,104,g0u1100,M4-N6,295229.189264,12166249142131668.000000
Pd104_g0u1100,46,104,g0u1100,M5-N6,290974.290457,849994234800433.750000
Pd104_g0u1100,46,104,g0u1100,M5-N7,291861.854680,12852074899504612.000000
Pd104_g0u1100,46,104,g0u1100,N6-O8,135225.647421,3839446529613483.500000
Pd104_g0u1100,46,104,g0u1100,N7-O8,134338.083198,140498210444881.093750
Pd104_g0u1100,46,104,g0u1100,N7-O9,134608.952404,3957433309207961.500000
Pd104_g0u1100,46,104,g0u1100,O8-P10,73136.042694,1498319733125207.750000
Pd104_g0u1100,46,104,g0u1100,O9-P10,72865.173488,33792785484960.117188
Pd104_g0u1100,46,104,g0u1100,O9-P11,72969.286825,1527490049551550.000000
Pd104_g0u1100,46,104,g0u1100,P10-Q12,43997.829840,677925385198799.375000
Pd104_g0u1100,46,104,g0u1100,P11-Q12,43893.716503,10374202400386.164062
Pd104_g0u1100,46,104,g0u1100,P11-Q13,43940.439546,687061394386472.625000
Pd104_g0u1100,46,104,g0u1100,Q12-R14,28517.804205,341786083649398.062500
Pd104_g0u1100,46,104,g0u1100,Q13-R14,28471.081162,3782732772099.755371
Pd104_g0u1100,46,104,g0u1100,Q13-R15,28494.521679,345168396113142.062500
Pd104_g0u1100,46,104,g0u1100,L3-N5,1123677.024249,19108954769640540.000000
Pd104_g0u1200,46,104,g0u1200,K1-L2,3057319.102439,393773366739536192.000000
Pd104_g0u1200,46,104,g0u1200,K1-L3,3091780.997831,399501441222719424.000000
Pd104_g0u1200,46,104,g0u1200,L2-M4,863062.139028,52008238505404888.000000
Pd104_g0u1200,46,104,g0u1200,L3-M4,828600.243635,9891490338192266.000000
Pd104_g0u1200,46,104,g0u1200,L3-M5,832855.142487,59910549109406888.000000
Pd104_g0u1200,46,104,g0u1200,M4-N6,295229.190589,12166249193318944.000000
Pd104_g0u1200,46,104,g0u1200,M5-N6,290974.291737,849994238320150.375000
Pd104_g0u1200,46,104,g0u1200,M5-N7,291861.855968,12852074953682644.000000
Pd104_g0u1200,46,104,g0u1200,N6-O8,135225.647977,3839446544319008.500000
Pd104_g0u1200,46,104,g0u1200,N7-O8,134338.083746,140498225890471.359375
Pd104_g0u1200,46,104,g0u1200,N7-O9,134608.952954,3957433324362731.500000
Pd104_g0u1200,46,104,g0u1200,O8-P10,73136.042961,1498319738092231.000000
Pd104_g0u1200,46,104,g0u1200,O9-P10,72865.173754,33792785596046.312500
Pd104_g0u1200,46,104,g0u1200,O9-P11,72969.287091,1527490054613865.000000
Pd104_g0u1200,46,104,g0u1200,P10-Q12,43997.829976,677925387044395.000000
Pd104_g0u1200,46,104,g0u1200,P11-Q12,43893.716639,10374202428450.552734
Pd104_g0u1200,46,104,g0u1200,P11-Q13,43940.439682,687061396256895.750000
Pd104_g0u1200,46,104,g0u1200,Q12-R14,28517.804276,341786084373239.875000
Pd104_g0u1200,46,104,g0u1200,Q13-R14,28471.081233,3782732780071.689941
Pd104_g0u1200,46,104,g0u1200,Q13-R15,28494.521750,345168396844277.375000
Pd104_g0u1200,46,104,g0u1200,L3-N5,1123677.032120,19108954916274616.000000
Pd104_g0u1300,46,104,g0u1300,K1-L2,3057319.226025,393773401670884096.000000
Pd104_g0u1300,46,104,g0u1300,K1-L3,3091781.123108,399501474720731264.000000
Pd104_g0u1300,46,104,g0u1300,L2-M4,863062.146854,52008238636833568.000000
Pd104_g0u1300,46,104,g0u1300,L3-M4,828600.249771,9891490366548966.000000
Pd104_g0u1300,46,104,g0u1300,L3-M5,832855.148662,59910549287890056.000000
Pd104_g0u1300,46,104,g0u1300,M4-N6,295229.191669,12166250400339756.000000
Pd104_g0u1300,46,104,g0u1300,M5-N6,290974.292778,849994241174181.750000
Pd104_g0u1300,46,104,g0u1300,M5-N7,291861.857016,12852074997617444.000000
Pd104_g0u1300,46,104,g0u1300,N6-O8,135225.648428,3839446556248477.000000
Pd104_g0u1300,46,104,g0u1300,N7-O8,134338.084191,140498226321934.578125
Pd104_g0u1300,46,104,g0u1300,N7-O9,134608.953401,3957433336659718.000000
Pd104_g0u1300,46,104,g0u1300,O8-P10,73136.043178,1498319742122850.750000
Pd104_g0u1300,46,104,g0u1300,O9-P10,72865.173969,33792785686191.078125
Pd104_g0u1300,46,104,g0u1300,O9-P11,72969.287307,1527490058720308.000000
Pd104_g0u1300,46,104,g0u1300,P10-Q12,43997.830087,677925388542368.625000
Pd104_g0u1300,46,104,g0u1300,P11-Q12,43893.716749,10374202451227.083984
Pd104_g0u1300,46,104,g0u1300,P11-Q13,43940.439793,687061397774241.375000
Pd104_g0u1300,46,104,g0u1300,Q12-R14,28517.804334,341786084960324.187500
Pd104_g0u1300,46,104,g0u1300,Q13-R14,28471.081290,3782732786536.712402
Pd104_g0u1300,46,104,g0u1300,Q13-R15,28494.521807,345168397437045.062500
Pd104_g0u1300,46,104,g0u1300,L3-N5,1123677.039314,19108955053694664.000000
Pd104_g0u1400,46,104,g0u1400,K1-L2,3057319.304282,393773404255883136.000000
Pd104_g0u1400,46,104,g0u1400,K1-L3,3091781.202286,399501477395825728.000000
Pd104_g0u1400,46,104,g0u1400,L2-M4,863062.150876,52008238771311288.000000
Pd104_g0u1400,46,104,g0u1400,L3-M4,828600.252872,9891491075700014.000000
Pd104_g0u1400,46,104,g0u1400,L3-M5,832855.151789,59910549456469200.000000
Pd104_g0u1400,46,104,g0u1400,M4-N6,295229.192546,12166250434666124.000000
Pd104_g0u1400,46,104,g0u1400,M5-N6,290974.293628,849994243532324.375000
Pd104_g0u1400,46,104,g0u1400,M5-N7,291861.857871,12852075033918820.000000
Pd104_g0u1400,46,104,g0u1400,N6-O8,135225.648800,3839446566088006.000000
Pd104_g0u1400,46,104,g0u1400,N7-O8,134338.084558,140498226677812.375000
Pd104_g0u1400,46,104,g0u1400,N7-O9,134608.953769,3957433346799094.000000
Pd104_g0u1400,46,104,g0u1400,O8-P10,73136.043357,1498319745446702.750000
Pd104_g0u1400,46,104,g0u1400,O9-P10,72865.174147,33792785760528.070312
Pd104_g0u1400,46,104,g0u1400,O9-P11,72969.287485,1527490062107751.500000
Pd104_g0u1400,46,104,g0u1400,P10-Q12,43997.830178,677925389777664.625000
Pd104_g0u1400,46,104,g0u1400,P11-Q12,43893.716840,10374202470011.654297
Pd104_g0u1400,46,104,g0u1400,P11-Q13,43940.439883,687061399025517.625000
Pd104_g0u1400,46,104,g0u1400,Q12-R14,28517.804381,341786085444628.250000
Pd104_g0u1400,46,104,g0u1400,Q13-R14,28471.081337,3782732791870.159668
Pd104_g0u1400,46,104,g0u1400,Q13-R15,28494.521855,345168397926187.687500
Pd104_g0u1400,46,104,g0u1400,L3-N5,1123677.043277,19108955121617372.000000
Pd104_g0u1500,46,104,g0u1500,K1-L2,3057321.085722,393773739278688576.000000
Pd104_g0u1500,46,104,g0u1500,K1-L3,3091783.011350,399501802610481792.000000
Pd104_g0u1500,46,104,g0u1500,L2-M4,863062.264786,52008244368344032.000000
Pd104_g0u1500,46,104,g0u1500,L3-M4,828600.339158,9891491616033878.000000
Pd104_g0u1500,46,104,g0u1500,L3-M5,832855.238307,59910556609523512.000000
Pd104_g0u1500,46,104,g0u1500,M4-N6,295229.193775,12166250459168910.000000
Pd104_g0u1500,46,104,g0u1500,M5-N6,290974.294627,849994245344466.750000
Pd104_g0u1500,46,104,g0u1500,M5-N7,291861.858874,12852075061864592.000000
Pd104_g0u1500,46,104,g0u1500,N6-O8,135225.649112,3839446574310457.500000
Pd104_g0u1500,46,104,g0u1500,N7-O8,134338.084865,140498226975258.156250
Pd104_g0u1500,46,104,g0u1500,N7-O9,134608.954077,3957433355274434.000000
Pd104_g0u1500,46,104,g0u1500,O8-P10,73136.043507,1498319748225434.250000
Pd104_g0u1500,46,104,g0u1500,O9-P10,72865.174295,33792785822673.222656
Pd104_g0u1500,46,104,g0u1500,O9-P11,72969.287634,1527490064938727.750000
Pd104_g0u1500,46,104,g0u1500,P10-Q12,43997.830254,677925390810402.500000
Pd104_g0u1500,46,104,g0u1500,P11-Q12,43893.716915,10374202485714.468750
Pd104_g0u1500,46,104,g0u1500,P11-Q13,43940.439960,687061400070986.625000
Pd104_g0u1500,46,104,g0u1500,Q12-R14,28517.804421,341786085850138.937500
Pd104_g0u1500,46,104,g0u1500,Q13-R14,28471.081377,3782732796335.042969
Pd104_g0u1500,46,104,g0u1500,Q13-R15,28494.521894,345168398334392.625000
Pd104_g0u1500,46,104,g0u1500,L3-N5,1123677.130609,19108957098221436.000000
Pd104_g0u1600,46,104,g0u1600,K1-L2,3057384.410646,393785322737884608.000000
Pd104_g0u1600,46,104,g0u1600,K1-L3,3091847.294876,399513118206731328.000000
Pd104_g0u1600,46,104,g0u1600,L2-M4,863066.059460,52008426452736952.000000
Pd104_g0u1600,46,104,g0u1600,L3-M4,828603.175230,9891519401774864.000000
Pd104_g0u1600,46,104,g0u1600,L3-M5,832858.081380,59910718644501224.000000
Pd104_g0u1600,46,104,g0u1600,M4-N6,295229.210485,12166250347066926.000000
Pd104_g0u1600,46,104,g0u1600,M5-N6,290974.304334,849994325340487.375000
Pd104_g0u1600,46,104,g0u1600,M5-N7,291861.868594,12852076252145810.000000
Pd104_g0u1600,46,104,g0u1600,N6-O8,135225.649391,3839446581183155.000000
Pd104_g0u1600,46,104,g0u1600,N7-O8,134338.085131,140498227225665.968750
Pd104_g0u1600,46,104,g0u1600,N7-O9,134608.954344,3957433362410303.500000
Pd104_g0u1600,46,104,g0u1600,O8-P10,73136.043634,1498319750575412.000000
Pd104_g0u1600,46,104,g0u1600,O9-P10,72865.174421,33792785875229.113281
Pd104_g0u1600,46,104,g0u1600,O9-P11,72969.287760,1527490067335044.000000
Pd104_g0u1600,46,104,g0u1600,P10-Q12,43997.830319,677925391684421.500000
Pd104_g0u1600,46,104,g0u1600,P11-Q12,43893.716980,10374202499005.671875
Pd104_g0u1600,46,104,g0u1600,P11-Q13,43940.440024,687061400956436.875000
Pd104_g0u1600,46,104,g0u1600,Q12-R14,28517.804455,341786086192650.750000
Pd104_g0u1600,46,104,g0u1600,Q13-R14,28471.081411,3782732800107.181152
Pd104_g0u1600,46,104,g0u1600,Q13-R15,28494.521928,345168398680167.062500
Pd104_g0u1600,46,104,g0u1600,L3-N5,1123679.977896,19109071503811228.000000
Pd104_g0u1700,46,104,g0u1700,K1-L2,3058098.023016,393913537928107840.000000
Pd104_g0u1700,46,104,g0u1700,K1-L3,3092571.418276,399638606313241344.000000
Pd104_g0u1700,46,104,g0u1700,L2-M4,863106.237609,52010334719376320.000000
Pd104_g0u1700,46,104,g0u1700,L3-M4,828632.842350,9891815335206168.000000
Pd104_g0u1700,46,104,g0u1700,L3-M5,832887.820708,59912448380433376.000000
Pd104_g0u1700,46,104,g0u1700,M4-N6,295229.372439,12166255988928278.000000
Pd104_g0u1700,46,104,g0u1700,M5-N6,290974.394080,849994527162535.000000
Pd104_g0u1700,46,104,g0u1700,M5-N7,291861.958437,12852079246856466.000000
Pd104_g0u1700,46,104,g0u1700,N6-O8,135225.649773,3839446586308146.000000
Pd104_g0u1700,46,104,g0u1700,N7-O8,134338.085417,140498227428974.015625
Pd104_g0u1700,46,104,g0u1700,N7-O9,134608.954631,3957433368209265.500000
Pd104_g0u1700,46,104,g0u1700,O8-P10,73136.043742,1498319752585638.000000
Pd104_g0u1700,46,104,g0u1700,O9-P10,72865.174528,33792785920192.300781
Pd104_g0u1700,46,104,g0u1700,O9-P11,72969.287867,1527490069383914.750000
Pd104_g0u1700,46,104,g0u1700,P10-Q12,43997.830374,677925392431129.375000
Pd104_g0u1700,46,104,g0u1700,P11-Q12,43893.717035,10374202510360.232422
Pd104_g0u1700,46,104,g0u1700,P11-Q13,43940.440079,687061401713271.000000
Pd104_g0u1700,46,104,g0u1700,Q12-R14,28517.804484,341786086485382.375000
Pd104_g0u1700,46,104,g0u1700,Q13-R14,28471.081439,3782732803331.004883
Pd104_g0u1700,46,104,g0u1700,Q13-R15,28494.521956,345168398976090.375000
Pd104_g0u1700,46,104,g0u1700,L3-N5,1123709.753196,19110246064940704.000000
Pd104_g0u1800,46,104,g0u1800,K1-L2,3077401.536342,397454912745312576.000000
Pd104_g0u1800,46,104,g0u1800,K1-L3,3112169.282974,403108210422981120.000000
Pd104_g0u1800,46,104,g0u1800,L2-M4,864277.063295,52066084173147760.000000
Pd104_g0u1800,46,104,g0u1800,L3-M4,829509.316663,9900565552722946.000000
Pd104_g0u1800,46,104,g0u1800,L3-M5,833766.453743,59963628717962864.000000
Pd104_g0u1800,46,104,g0u1800,M4-N6,295234.373572,12166418760275010.000000
Pd104_g0u1800,46,104,g0u1800,M5-N6,290977.236493,850001287184859.625000
Pd104_g0u1800,46,104,g0u1800,M5-N7,291864.803846,12852179546691218.000000
Pd104_g0u1800,46,104,g0u1800,N6-O8,135225.655153,3839446564256596.500000
Pd104_g0u1800,46,104,g0u1800,N7-O8,134338.087799,140498227206512.515625
Pd104_g0u1800,46,104,g0u1800,N7-O9,134608.957015,3957433362029112.500000
Pd104_g0u1800,46,104,g0u1800,O8-P10,73136.043837,1498319754314445.250000
Pd104_g0u1800,46,104,g0u1800,O9-P10,72865.174621,33792785958966.656250
Pd104_g0u1800,46,104,g0u1800,O9-P11,72969.287961,1527490071149782.750000
Pd104_g0u1800,46,104,g0u1800,P10-Q12,43997.830422,677925393075845.250000
Pd104_g0u1800,46,104,g0u1800,P11-Q12,43893.717082,10374202520163.216797
Pd104_g0u1800,46,104,g0u1800,P11-Q13,43940.440126,687061402366898.250000
Pd104_g0u1800,46,104,g0u1800,Q12-R14,28517.804508,341786086738214.687500
Pd104_g0u1800,46,104,g0u1800,Q13-R14,28471.081464,3782732806115.943848
Pd104_g0u1800,46,104,g0u1800,Q13-R15,28494.521981,345168399231385.812500
Pd104_g0u1800,46,104,g0u1800,L3-N5,1124589.517271,19145005055128332.000000
Pd104_g0u1900,46,104,g0u1900,K1-L2,3141455.461163,409077430379802432.000000
Pd104_g0u1900,46,104,g0u1900,K1-L3,3177177.662051,414456592495459968.000000
Pd104_g0u1900,46,104,g0u1900,L2-M4,867908.893550,52237024457417168.000000
Pd104_g0u1900,46,104,g0u1900,L3-M4,832186.692662,9927047594819600.000000
Pd104_g0u1900,46,104,g0u1900,L3-M5,836450.253396,60118447070863944.000000
Pd104_g0u1900,46,104,g0u1900,M4-N6,295248.724900,12166885199516622.000000
Pd104_g0u1900,46,104,g0u1900,M5-N6,290985.164166,850020043798992.750000
Pd104_g0u1900,46,104,g0u1900,M5-N7,291872.739786,12852459075383342.000000
Pd104_g0u1900,46,104,g0u1900,N6-O8,135225.669242,3839447300573324.000000
Pd104_g0u1900,46,104,g0u1900,N7-O8,134338.093622,140498226312966.218750
Pd104_g0u1900,46,104,g0u1900,N7-O9,134608.962842,3957433753007362.500000
Pd104_g0u1900,46,104,g0u1900,O8-P10,73136.043924,1498319755806272.500000
Pd104_g0u1900,46,104,g0u1900,O9-P10,72865.174703,33792785992614.539062
Pd104_g0u1900,46,104,g0u1900,O9-P11,72969.288043,1527490072682763.000000
Pd104_g0u1900,46,104,g0u1900,P10-Q12,43997.830463,677925393637083.750000
Pd104_g0u1900,46,104,g0u1900,P11-Q12,43893.717123,10374202528696.958984
Pd104_g0u1900,46,104,g0u1900,P11-Q13,43940.440168,687061402935092.375000
Pd104_g0u1900,46,104,g0u1900,Q12-R14,28517.804530,341786086958058.562500
Pd104_g0u1900,46,104,g0u1900,Q13-R14,28471.081486,3782732808536.765137
Pd104_g0u1900,46,104,g0u1900,Q13-R15,28494.522003,345168399453591.812500
Pd104_g0u1900,46,104,g0u1900,L3-N5,1127276.467333,19250724990679456.000000
Pd104_g2u1000,46,104,g2u1000,K1-L2,3057325.373573,393774453028766528.000000
Pd104_g2u1000,46,104,g2u1000,K1-L3,3091787.351696,399502416109659264.000000
Pd104_g2u1000,46,104,g2u1000,L2-M4,863062.406406,52008246607793248.000000
Pd104_g2u1000,46,104,g2u1000,L3-M4,828600.428283,9891492591804970.000000
Pd104_g2u1000,46,104,g2u1000,L3-M5,832855.327475,59910559130034816.000000
Pd104_g2u1000,46,104,g2u1000,M4-N6,295229.186710,12166249182102368.000000
Pd104_g2u1000,46,104,g2u1000,M5-N6,290974.287518,849994230055037.500000
Pd104_g2u1000,46,104,g2u1000,M5-N7,291861.851765,12852074510049168.000000
Pd104_g2u1000,46,104,g2u1000,N6-O8,135225.645831,3839446467410238.500000
Pd104_g2u1000,46,104,g2u1000,N7-O8,134338.081583,140498224066763.250000
Pd104_g2u1000,46,104,g2u1000,N7-O9,134608.950804,3957433144520122.500000
Pd104_g2u1000,46,104,g2u1000,O8-P10,73136.041899,1498319723346137.000000
Pd104_g2u1000,46,104,g2u1000,O9-P10,72865.172678,33792786638278.750000
Pd104_g2u1000,46,104,g2u1000,O9-P11,72969.286045,1527490013991464.500000
Pd104_g2u1000,46,104,g2u1000,P10-Q12,43997.829378,677925377846943.500000
Pd104_g2u1000,46,104,g2u1000,P11-Q12,43893.716011,10374201537144.083984
Pd104_g2u1000,46,104,g2u1000,P11-Q13,43940.439074,687061384334837.875000
Pd104_g2u1000,46,104,g2u1000,Q12-R14,28517.803977,341786083083328.250000
Pd104_g2u1000,46,104,g2u1000,Q13-R14,28471.080914,3782732998245.239746
Pd104_g2u1000,46,104,g2u1000,Q13-R15,28494.521455,345168390938541.687500
Pd104_g2u1000,46,104,g2u1000,L3-N5,1123677.212600,19108959999388488.000000
Pd106_g0u0050,46,106,g0u0050,K1-L2,3049153.424352,392499852095914944.000000
Pd106_g0u0050,46,106,g0u0050,K1-L3,3083524.331057,398273366920345216.000000
Pd106_g0u0050,46,106,g0u0050,L2-M4,862853.668035,51998621261610296.000000
Pd106_g0u0050,46,106,g0u0050,L3-M4,828482.761329,9890342364082868.000000
Pd106_g0u0050,46,106,g0u0050,L3-M5,832737.425775,59903865448517872.000000
Pd106_g0u0050,46,106,g0u0050,M4-N6,295233.711546,12166400048615476.000000
Pd106_g0u0050,46,106,g0u0050,M5-N6,290979.047101,850005418427751.750000
Pd106_g0u0050,46,106,g0u0050,M5-N7,291866.623213,12852243547493986.000000
Pd106_g0u0050,46,106,g0u0050,N6-O8,135227.977637,3839500757457388.000000
Pd106_g0u0050,46,106,g0u0050,N7-O8,134340.401525,140500211589935.421875
Pd106_g0u0050,46,106,g0u0050,N7-O9,134611.274564,3957489138994388.000000
Pd106_g0u0050,46,106,g0u0050,O8-P10,73137.329361,1498341900415287.750000
Pd106_g0u0050,46,106,g0u0050,O9-P10,72866.456322,33793290978938.558594
Pd106_g0u0050,46,106,g0u0050,O9-P11,72970.571215,1527512719402839.000000
Pd106_g0u0050,46,106,g0u0050,P10-Q12,43998.624126,677936156696686.125000
Pd106_g0u0050,46,106,g0u0050,P11-Q12,43894.509233,10374365993135.796875
Pd106_g0u0050,46,106,g0u0050,P11-Q13,43941.233020,687072274654836.000000
Pd106_g0u0050,46,106,g0u0050,Q12-R14,28518.333651,341791829906817.437500
Pd106_g0u0050,46,106,g0u0050,Q13-R14,28471.609865,3782796481543.204590
Pd106_g0u0050,46,106,g0u0050,Q13-R15,28495.050778,345174205330188.187500
Pd106_g0u0050,46,106,g0u0050,L3-N5,1123564.206039,19104037465698804.000000
Pd106_g0u0100,46,106,g0u0100,K1-L2,3049480.915874,392552518463140672.000000
Pd106_g0u0100,46,106,g0u0100,K1-L3,3083855.744800,398324367792129344.000000
Pd106_g0u0100,46,106,g0u0100,L2-M4,862865.157067,51999291689902616.000000
Pd106_g0u0100,46,106,g0u0100,L3-M4,828490.328141,9890440565206476.000000
Pd106_g0u0100,46,106,g0u0100,L3-M5,832745.022949,59904452137818904.000000
Pd106_g0u0100,46,106,g0u0100,M4-N6,295234.448879,12166458348649240.000000
Pd106_g0u0100,46,106,g0u0100,M5-N6,290979.754071,850009511203548.500000
Pd106_g0u0100,46,106,g0u0100,M5-N7,291867.334494,12852304234000182.000000
Pd106_g0u0100,46,106,g0u0100,N6-O8,135228.292136,3839517917799886.500000
Pd106_g0u0100,46,106,g0u0100,N7-O8,134340.711713,140500825190721.562500
Pd106_g0u0100,46,106,g0u0100,N7-O9,134611.585958,3957506851858912.000000
Pd106_g0u0100,46,106,g0u0100,O8-P10,73137.480441,1498347903315159.250000
Pd106_g0u0100,46,106,g0u0100,O9-P10,72866.606196,33793423101823.812500
Pd106_g0u0100,46,106,g0u0100,O9-P11,72970.721495,1527518842608551.000000
Pd106_g0u0100,46,106,g0u0100,P10-Q12,43998.701108,677938346986862.000000
Pd106_g0u0100,46,106,g0u0100,P11-Q12,43894.585809,10374400347150.810547
Pd106_g0u0100,46,106,g0u0100,P11-Q13,43941.309747,687074550381068.000000
Pd106_g0u0100,46,106,g0u0100,Q12-R14,28518.373733,341792769998753.187500
Pd106_g0u0100,46,106,g0u0100,Q13-R14,28471.649795,3782806414109.086426
Pd106_g0u0100,46,106,g0u0100,Q13-R15,28495.090769,345175090284399.750000
Pd106_g0u0100,46,106,g0u0100,L3-N5,1123572.507380,19104339241786544.000000
Pd106_g0u0150,46,106,g0u0150,K1-L2,3049537.197609,392561683594563328.000000
Pd106_g0u0150,46,106,g0u0150,K1-L3,3083912.707008,398333229067729280.000000
Pd106_g0u0150,46,106,g0u0150,L2-M4,862867.421242,51999436932564544.000000
Pd106_g0u0150,46,106,g0u0150,L3-M4,828491.911842,9890463248019654.000000
Pd106_g0u0150,46,106,g0u0150,L3-M5,832746.614332,59904587084563432.000000
Pd106_g0u0150,46,106,g0u0150,M4-N6,295234.634894,12166473572124694.000000
Pd106_g0u0150,46,106,g0u0150,M5-N6,290979.932404,850010414851573.375000
Pd106_g0u0150,46,106,g0u0150,M5-N7,291867.513884,12852320412371998.000000
Pd106_g0u0150,46,106,g0u0150,N6-O8,135228.369089,3839522367933373.500000
Pd106_g0u0150,46,106,g0u0150,N7-O8,134340.787608,140500988287140.437500
Pd106_g0u0150,46,106,g0u0150,N7-O9,134611.662148,3957511029621732.000000
Pd106_g0u0150,46,106,g0u0150,O8-P10,73137.517457,1498349317471384.250000
Pd106_g0u0150,46,106,g0u0150,O9-P10,72866.642917,33793454995892.269531
Pd106_g0u0150,46,106,g0u0150,O9-P11,72970.758315,1527520136659661.750000
Pd106_g0u0150,46,106,g0u0150,P10-Q12,43998.719974,677938930530137.500000
Pd106_g0u0150,46,106,g0u0150,P11-Q12,43894.604576,10374408437956.093750
Pd106_g0u0150,46,106,g0u0150,P11-Q13,43941.328552,687075086450578.875000
Pd106_g0u0150,46,106,g0u0150,Q12-R14,28518.383561,341792976484059.437500
Pd106_g0u0150,46,106,g0u0150,Q13-R14,28471.659586,3782808698588.713379
Pd106_g0u0150,46,106,g0u0150,Q13-R15,28495.100574,345175320322707.875000
Pd106_g0u0150,46,106,g0u0150,L3-N5,1123574.272845,19104403241445816.000000
Pd106_g0u0200,46,106,g0u0200,K1-L2,3049556.172339,392564802268962304.000000
Pd106_g0u0200,46,106,g0u0200,K1-L3,3083931.917368,398336286331211392.000000
Pd106_g0u0200,46,106,g0u0200,L2-M4,862868.265876,51999493199603400.000000
Pd106_g0u0200,46,106,g0u0200,L3-M4,828492.520847,9890471686244886.000000
Pd106_g0u0200,46,106,g0u0200,L3-M5,832747.226443,59904645393786080.000000
Pd106_g0u0200,46,106,g0u0200,M4-N6,295234.712156,12166480008685786.000000
Pd106_g0u0200,46,106,g0u0200,M5-N6,290980.006560,850010867508284.250000
Pd106_g0u0200,46,106,g0u0200,M5-N7,291867.588480,12852327252037274.000000
Pd106_g0u0200,46,106,g0u0200,N6-O8,135228.401103,3839524019684807.000000
Pd106_g0u0200,46,106,g0u0200,N7-O8,134340.819183,140501048742345.156250
Pd106_g0u0200,46,106,g0u0200,N7-O9,134611.693846,3957512734413224.500000
Pd106_g0u0200,46,106,g0u0200,O8-P10,73137.532858,1498349894201933.000000
Pd106_g0u0200,46,106,g0u0200,O9-P10,72866.658195,33793471305530.156250
Pd106_g0u0200,46,106,g0u0200,O9-P11,72970.773634,1527520873319725.250000
Pd106_g0u0200,46,106,g0u0200,P10-Q12,43998.727825,677939091490696.875000
Pd106_g0u0200,46,106,g0u0200,P11-Q12,43894.612386,10374411737017.117188
Pd106_g0u0200,46,106,g0u0200,P11-Q13,43941.336377,687075360539112.125000
Pd106_g0u0200,46,106,g0u0200,Q12-R14,28518.387651,341793060702547.812500
Pd106_g0u0200,46,106,g0u0200,Q13-R14,28471.663660,3782809630268.470215
Pd106_g0u0200,46,106,g0u0200,Q13-R15,28495.104655,345175405376929.125000
Pd106_g0u0200,46,106,g0u0200,L3-N5,1123574.957360,19104430215964704.000000
Pd106_g0u0250,46,106,g0u0250,K1-L2,3049564.844175,392566240457197824.000000
Pd106_g0u0250,46,106,g0u0250,K1-L3,3083940.698341,398337671938251712.000000
Pd106_g0u0250,46,106,g0u0250,L2-M4,862868.673428,51999520264505272.000000
Pd106_g0u0250,46,106,g0u0250,L3-M4,828492.819262,9890476677949758.000000
Pd106_g0u0250,46,106,g0u0250,L3-M5,832747.526443,59904667100565280.000000
Pd106_g0u0250,46,106,g0u0250,M4-N6,295234.752672,12166483885059090.000000
Pd106_g0u0250,46,106,g0u0250,M5-N6,290980.045490,850011140692778.500000
Pd106_g0u0250,46,106,g0u0250,M5-N7,291867.627642,12852330130825836.000000
Pd106_g0u0250,46,106,g0u0250,N6-O8,135228.417924,3839524867087031.000000
Pd106_g0u0250,46,106,g0u0250,N7-O8,134340.835773,140501079748514.625000
Pd106_g0u0250,46,106,g0u0250,N7-O9,134611.710500,3957513608993255.000000
Pd106_g0u0250,46,106,g0u0250,O8-P10,73137.540950,1498350189845292.250000
Pd106_g0u0250,46,106,g0u0250,O9-P10,72866.666223,33793477970884.144531
Pd106_g0u0250,46,106,g0u0250,O9-P11,72970.781684,1527521174866954.750000
Pd106_g0u0250,46,106,g0u0250,P10-Q12,43998.731951,677939256732679.000000
Pd106_g0u0250,46,106,g0u0250,P11-Q12,43894.616490,10374414269386.763672
Pd106_g0u0250,46,106,g0u0250,P11-Q13,43941.340488,687075472586697.375000
Pd106_g0u0250,46,106,g0u0250,Q12-R14,28518.389800,341793082592660.687500
Pd106_g0u0250,46,106,g0u0250,Q13-R14,28471.665802,3782810344322.872559
Pd106_g0u0250,46,106,g0u0250,Q13-R15,28495.106799,345175448977175.875000
Pd106_g0u0250,46,106,g0u0250,L3-N5,1123575.295390,19104442614131104.000000
Pd106_g0u0300,46,106,g0u0300,K1-L2,3049569.534920,392567035081821760.000000
Pd106_g0u0300,46,106,g0u0300,K1-L3,3083945.448590,398338410079642816.000000
Pd106_g0u0300,46,106,g0u0300,L2-M4,862868.902105,51999536040866584.000000
Pd106_g0u0300,46,106,g0u0300,L3-M4,828492.988435,9890479286754554.000000
Pd106_g0u0300,46,106,g0u0300,L3-M5,832747.696547,59904682666467120.000000
Pd106_g0u0300,46,106,g0u0300,M4-N6,295234.776968,12166484813542232.000000
Pd106_g0u0300,46,106,g0u0300,M5-N6,290980.068857,850011204606652.000000
Pd106_g0u0300,46,106,g0u0300,M5-N7,291867.651147,12852332355629304.000000
Pd106_g0u0300,46,106,g0u0300,N6-O8,135228.428027,3839525536800115.500000
Pd106_g0u0300,46,106,g0u0300,N7-O8,134340.845737,140501089414292.828125
Pd106_g0u0300,46,106,g0u0300,N7-O9,134611.720503,3957514300446544.000000
Pd106_g0u0300,46,106,g0u0300,O8-P10,73137.545811,1498350425478598.000000
Pd106_g0u0300,46,106,g0u0300,O9-P10,72866.671044,33793479989654.808594
Pd106_g0u0300,46,106,g0u0300,O9-P11,72970.786519,1527521266857444.000000
Pd106_g0u0300,46,106,g0u0300,P10-Q12,43998.734429,677939290274067.375000
Pd106_g0u0300,46,106,g0u0300,P11-Q12,43894.618954,10374414779415.728516
Pd106_g0u0300,46,106,g0u0300,P11-Q13,43941.342958,687075562047058.375000
Pd106_g0u0300,46,106,g0u0300,Q12-R14,28518.391091,341793138308717.812500
Pd106_g0u0300,46,106,g0u0300,Q13-R14,28471.667088,3782810962119.000000
Pd106_g0u0300,46,106,g0u0300,Q13-R15,28495.108088,345175462251431.625000
Pd106_g0u0300,46,106,g0u0300,L3-N5,1123575.488328,19104448307909152.000000
Pd106_g0u0350,46,106,g0u0350,K1-L2,3049572.360293,392567496360611200.000000
Pd106_g0u0350,46,106,g0u0350,K1-L3,3083948.310009,398338882821767232.000000
Pd106_g0u0350,46,106,g0u0350,L2-M4,862869.043853,51999544381097328.000000
Pd106_g0u0350,46,106,g0u0350,L3-M4,828493.094138,9890481031093344.000000
Pd106_g0u0350,46,106,g0u0350,L3-M5,832747.802847,59904693072960080.000000
Pd106_g0u0350,46,106,g0u0350,M4-N6,295234.792871,12166485422246346.000000
Pd106_g0u0350,46,106,g0u0350,M5-N6,290980.084162,850011329894635.375000
Pd106_g0u0350,46,106,g0u0350,M5-N7,291867.666543,12852334241464000.000000
Pd106_g0u0350,46,106,g0u0350,N6-O8,135228.434649,3839526114424002.000000
Pd106_g0u0350,46,106,g0u0350,N7-O8,134340.852268,140501110663110.109375
Pd106_g0u0350,46,106,g0u0350,N7-O9,134611.727059,3957514896993774.000000
Pd106_g0u0350,46,106,g0u0350,O8-P10,73137.548996,1498350484640743.750000
Pd106_g0u0350,46,106,g0u0350,O9-P10,72866.674205,33793481312800.394531
Pd106_g0u0350,46,106,g0u0350,O9-P11,72970.789687,1527521475549725.500000
Pd106_g0u0350,46,106,g0u0350,P10-Q12,43998.736053,677939366960917.625000
Pd106_g0u0350,46,106,g0u0350,P11-Q12,43894.620570,10374415955366.435547
Pd106_g0u0350,46,106,g0u0350,P11-Q13,43941.344577,687075584318895.375000
Pd106_g0u0350,46,106,g0u0350,Q12-R14,28518.391938,341793146927746.875000
Pd106_g0u0350,46,106,g0u0350,Q13-R14,28471.667931,3782811057036.511719
Pd106_g0u0350,46,106,g0u0350,Q13-R15,28495.108932,345175513959898.437500
Pd106_g0u0350,46,106,g0u0350,L3-N5,1123575.609591,19104452578607028.000000
Pd106_g0u0400,46,106,g0u0400,K1-L2,3049574.194674,392567802846761216.000000
Pd106_g0u0400,46,106,g0u0400,K1-L3,3083950.167902,398339206183983616.000000
Pd106_g0u0400,46,106,g0u0400,L2-M4,862869.138141,51999552306068920.000000
Pd106_g0u0400,46,106,g0u0400,L3-M4,828493.164913,9890482666723628.000000
Pd106_g0u0400,46,106,g0u0400,L3-M5,832747.874033,59904702790813432.000000
Pd106_g0u0400,46,106,g0u0400,M4-N6,295234.803944,12166487012159436.000000
Pd106_g0u0400,46,106,g0u0400,M5-N6,290980.094824,850011359098589.000000
Pd106_g0u0400,46,106,g0u0400,M5-N7,291867.677268,12852334691021396.000000
Pd106_g0u0400,46,106,g0u0400,N6-O8,135228.439264,3839526236511261.000000
Pd106_g0u0400,46,106,g0u0400,N7-O8,134340.856819,140501115078760.859375
Pd106_g0u0400,46,106,g0u0400,N7-O9,134611.731629,3957515022814874.000000
Pd106_g0u0400,46,106,g0u0400,O8-P10,73137.551217,1498350671246128.750000
Pd106_g0u0400,46,106,g0u0400,O9-P10,72866.676408,33793482235073.707031
Pd106_g0u0400,46,106,g0u0400,O9-P11,72970.791896,1527521517576103.750000
Pd106_g0u0400,46,106,g0u0400,P10-Q12,43998.737185,677939382285765.750000
Pd106_g0u0400,46,106,g0u0400,P11-Q12,43894.621696,10374416188395.673828
Pd106_g0u0400,46,106,g0u0400,P11-Q13,43941.345705,687075599843185.250000
Pd106_g0u0400,46,106,g0u0400,Q12-R14,28518.392528,341793152936296.562500
Pd106_g0u0400,46,106,g0u0400,Q13-R14,28471.668519,3782811123205.538086
Pd106_g0u0400,46,106,g0u0400,Q13-R15,28495.109520,345175520024929.500000
Pd106_g0u0400,46,106,g0u0400,L3-N5,1123575.691203,19104456066399008.000000
Pd106_g0u0450,46,106,g0u0450,K1-L2,3049575.453604,392568028632102144.000000
Pd106_g0u0450,46,106,g0u0450,K1-L3,3083951.443033,398339396178828608.000000
Pd106_g0u0450,46,106,g0u0450,L2-M4,862869.204241,51999556567445128.000000
Pd106_g0u0450,46,106,g0u0450,L3-M4,828493.214813,9890483550629668.000000
Pd106_g0u0450,46,106,g0u0450,L3-M5,832747.924228,59904708065879648.000000
Pd106_g0u0450,46,106,g0u0450,M4-N6,295234.812016,12166487321883756.000000
Pd106_g0u0450,46,106,g0u0450,M5-N6,290980.102600,850011463803863.125000
Pd106_g0u0450,46,106,g0u0450,M5-N7,291867.685091,12852335019086470.000000
Pd106_g0u0450,46,106,g0u0450,N6-O8,135228.442632,3839526325596135.500000
Pd106_g0u0450,46,106,g0u0450,N7-O8,134340.860141,140501118300779.968750
Pd106_g0u0450,46,106,g0u0450,N7-O9,134611.734963,3957515114627198.000000
Pd106_g0u0450,46,106,g0u0450,O8-P10,73137.552837,1498350701337665.250000
Pd106_g0u0450,46,106,g0u0450,O9-P10,72866.678015,33793486212539.394531
Pd106_g0u0450,46,106,g0u0450,O9-P11,72970.793508,1527521696642042.500000
Pd106_g0u0450,46,106,g0u0450,P10-Q12,43998.738011,677939393467825.250000
Pd106_g0u0450,46,106,g0u0450,P11-Q12,43894.622518,10374416358428.578125
Pd106_g0u0450,46,106,g0u0450,P11-Q13,43941.346529,687075611171876.375000
Pd106_g0u0450,46,106,g0u0450,Q12-R14,28518.392958,341793157320061.000000
Pd106_g0u0450,46,106,g0u0450,Q13-R14,28471.668947,3782811171482.461914
Pd106_g0u0450,46,106,g0u0450,Q13-R15,28495.109950,345175524450386.500000
Pd106_g0u0450,46,106,g0u0450,L3-N5,1123575.749005,19104457183247212.000000
Pd106_g0u0500,46,106,g0u0500,K1-L2,3049576.355364,392568181988354432.000000
Pd106_g0u0500,46,106,g0u0500,K1-L3,3083952.356438,398339544210398080.000000
Pd106_g0u0500,46,106,g0u0500,L2-M4,862869.252502,51999560637839728.000000
Pd106_g0u0500,46,106,g0u0500,L3-M4,828493.251427,9890483705505540.000000
Pd106_g0u0500,46,106,g0u0500,L3-M5,832747.961064,59904709042030928.000000
Pd106_g0u0500,46,106,g0u0500,M4-N6,295234.818113,12166487556083688.000000
Pd106_g0u0500,46,106,g0u0500,M5-N6,290980.108477,850011479917071.375000
Pd106_g0u0500,46,106,g0u0500,M5-N7,291867.691003,12852335267126646.000000
Pd106_g0u0500,46,106,g0u0500,N6-O8,135228.445178,3839526392947449.500000
Pd106_g0u0500,46,106,g0u0500,N7-O8,134340.862652,140501135650463.203125
Pd106_g0u0500,46,106,g0u0500,N7-O9,134611.737484,3957515184038936.500000
Pd106_g0u0500,46,106,g0u0500,O8-P10,73137.554062,1498350724087160.750000
Pd106_g0u0500,46,106,g0u0500,O9-P10,72866.679230,33793486721325.441406
Pd106_g0u0500,46,106,g0u0500,O9-P11,72970.794726,1527521719826705.000000
Pd106_g0u0500,46,106,g0u0500,P10-Q12,43998.738636,677939456624468.500000
Pd106_g0u0500,46,106,g0u0500,P11-Q12,43894.623139,10374417328640.326172
Pd106_g0u0500,46,106,g0u0500,P11-Q13,43941.347151,687075619736149.250000
Pd106_g0u0500,46,106,g0u0500,Q12-R14,28518.393284,341793160635232.937500
Pd106_g0u0500,46,106,g0u0500,Q13-R14,28471.669272,3782811207990.182129
Pd106_g0u0500,46,106,g0u0500,Q13-R15,28495.110275,345175527796659.750000
Pd106_g0u0500,46,106,g0u0500,L3-N5,1123575.791590,19104459905593428.000000
Pd106_g0u0550,46,106,g0u0550,K1-L2,3049577.023630,392568267648220800.000000
Pd106_g0u0550,46,106,g0u0550,K1-L3,3083953.033363,398339655155184832.000000
Pd106_g0u0550,46,106,g0u0550,L2-M4,862869.288896,51999564571163560.000000
Pd106_g0u0550,46,106,g0u0550,L3-M4,828493.279163,9890483827553300.000000
Pd106_g0u0550,46,106,g0u0550,L3-M5,832747.988969,59904713814081936.000000
Pd106_g0u0550,46,106,g0u0550,M4-N6,295234.822852,12166487738239228.000000
Pd106_g0u0550,46,106,g0u0550,M5-N6,290980.113046,850011492448543.000000
Pd106_g0u0550,46,106,g0u0550,M5-N7,291867.695599,12852335460034458.000000
Pd106_g0u0550,46,106,g0u0550,N6-O8,135228.447158,3839526445324756.500000
Pd106_g0u0550,46,106,g0u0550,N7-O8,134340.864605,140501137544846.140625
Pd106_g0u0550,46,106,g0u0550,N7-O9,134611.739444,3957515654050853.500000
Pd106_g0u0550,46,106,g0u0550,O8-P10,73137.555015,1498350741779896.000000
Pd106_g0u0550,46,106,g0u0550,O9-P10,72866.680175,33793487117018.750000
Pd106_g0u0550,46,106,g0u0550,O9-P11,72970.795674,1527521737857612.250000
Pd106_g0u0550,46,106,g0u0550,P10-Q12,43998.739121,677939463198535.750000
Pd106_g0u0550,46,106,g0u0550,P11-Q12,43894.623622,10374417428605.662109
Pd106_g0u0550,46,106,g0u0550,P11-Q13,43941.347635,687075626397438.250000
Pd106_g0u0550,46,106,g0u0550,Q12-R14,28518.393537,341793205779841.875000
Pd106_g0u0550,46,106,g0u0550,Q13-R14,28471.669524,3782811236379.573730
Pd106_g0u0550,46,106,g0u0550,Q13-R15,28495.110527,345175530399041.625000
Pd106_g0u0550,46,106,g0u0550,L3-N5,1123575.823966,19104460525945584.000000
Pd106_g0u0600,46,106,g0u0600,K1-L2,3049577.532772,392568376279516480.000000
Pd106_g0u0600,46,106,g0u0600,K1-L3,3083953.549122,398339759600459008.000000
Pd106_g0u0600,46,106,g0u0600,L2-M4,862869.317074,51999565015267528.000000
Pd106_g0u0600,46,106,g0u0600,L3-M4,828493.300724,9890483925788448.000000
Pd106_g0u0600,46,106,g0u0600,L3-M5,832748.010664,59904714432620384.000000
Pd106_g0u0600,46,106,g0u0600,M4-N6,295234.826621,12166489048754142.000000
Pd106_g0u0600,46,106,g0u0600,M5-N6,290980.116681,850011502421866.250000
Pd106_g0u0600,46,106,g0u0600,M5-N7,291867.699255,12852335613560278.000000
Pd106_g0u0600,46,106,g0u0600,N6-O8,135228.448733,3839526487007298.500000
Pd106_g0u0600,46,106,g0u0600,N7-O8,134340.866159,140501139052421.875000
Pd106_g0u0600,46,106,g0u0600,N7-O9,134611.741005,3957515697008280.000000
Pd106_g0u0600,46,106,g0u0600,O8-P10,73137.555773,1498350755859540.000000
Pd106_g0u0600,46,106,g0u0600,O9-P10,72866.680927,33793487431906.019531
Pd106_g0u0600,46,106,g0u0600,O9-P11,72970.796428,1527521752205476.250000
Pd106_g0u0600,46,106,g0u0600,P10-Q12,43998.739508,677939468431680.000000
Pd106_g0u0600,46,106,g0u0600,P11-Q12,43894.624007,10374417508179.490234
Pd106_g0u0600,46,106,g0u0600,P11-Q13,43941.348020,687075631698013.125000
Pd106_g0u0600,46,106,g0u0600,Q12-R14,28518.393738,341793207831292.000000
Pd106_g0u0600,46,106,g0u0600,Q13-R14,28471.669724,3782811258970.783691
Pd106_g0u0600,46,106,g0u0600,Q13-R15,28495.110728,345175532470034.500000
Pd106_g0u0600,46,106,g0u0600,L3-N5,1123575.849219,19104461008062424.000000
Pd106_g0u0700,46,106,g0u0700,K1-L2,3049578.245228,392568493537927040.000000
Pd106_g0u0700,46,106,g0u0700,K1-L3,3083954.270875,398339872994082368.000000
Pd106_g0u0700,46,106,g0u0700,L2-M4,862869.357350,51999569078864176.000000
Pd106_g0u0700,46,106,g0u0700,L3-M4,828493.331704,9890484755442796.000000
Pd106_g0u0700,46,106,g0u0700,L3-M5,832748.041840,59904719363472432.000000
Pd106_g0u0700,46,106,g0u0700,M4-N6,295234.832195,12166489263363824.000000
Pd106_g0u0700,46,106,g0u0700,M5-N6,290980.122059,850011517183643.125000
Pd106_g0u0700,46,106,g0u0700,M5-N7,291867.704665,12852335840799636.000000
Pd106_g0u0700,46,106,g0u0700,N6-O8,135228.451065,3839526548698488.500000
Pd106_g0u0700,46,106,g0u0700,N7-O8,134340.868459,140501141283665.781250
Pd106_g0u0700,46,106,g0u0700,N7-O9,134611.743313,3957515760586312.000000
Pd106_g0u0700,46,106,g0u0700,O8-P10,73137.556895,1498350922066218.500000
Pd106_g0u0700,46,106,g0u0700,O9-P10,72866.682040,33793487897969.074219
Pd106_g0u0700,46,106,g0u0700,O9-P11,72970.797544,1527521773443116.000000
Pd106_g0u0700,46,106,g0u0700,P10-Q12,43998.740080,677939476175679.375000
Pd106_g0u0700,46,106,g0u0700,P11-Q12,43894.624576,10374417625934.816406
Pd106_g0u0700,46,106,g0u0700,P11-Q13,43941.348591,687075639543282.750000
Pd106_g0u0700,46,106,g0u0700,Q12-R14,28518.394036,341793210868063.062500
Pd106_g0u0700,46,106,g0u0700,Q13-R14,28471.670021,3782811292413.315430
Pd106_g0u0700,46,106,g0u0700,Q13-R15,28495.111026,345175535535464.687500
Pd106_g0u0700,46,106,g0u0700,L3-N5,1123575.885660,19104461700507360.000000
Pd106_g0u0800,46,106,g0u0800,K1-L2,3049578.709316,392568571516502720.000000
Pd106_g0u0800,46,106,g0u0800,K1-L3,3083954.741049,398339920777726080.000000
Pd106_g0u0800,46,106,g0u0800,L2-M4,862869.384295,51999572952667144.000000
Pd106_g0u0800,46,106,g0u0800,L3-M4,828493.352562,9890484859852354.000000
Pd106_g0u0800,46,106,g0u0800,L3-M5,832748.062834,59904720020125608.000000
Pd106_g0u0800,46,106,g0u0800,M4-N6,295234.836079,12166489413057074.000000
Pd106_g0u0800,46,106,g0u0800,M5-N6,290980.125807,850011610872972.500000
Pd106_g0u0800,46,106,g0u0800,M5-N7,291867.708436,12852337240207464.000000
Pd106_g0u0800,46,106,g0u0800,N6-O8,135228.452692,3839526591720744.500000
Pd106_g0u0800,46,106,g0u0800,N7-O8,134340.870063,140501142839693.765625
Pd106_g0u0800,46,106,g0u0800,N7-O9,134611.744924,3957515804925585.500000
Pd106_g0u0800,46,106,g0u0800,O8-P10,73137.557677,1498350936599373.000000
Pd106_g0u0800,46,106,g0u0800,O9-P10,72866.682817,33793488222999.851562
Pd106_g0u0800,46,106,g0u0800,O9-P11,72970.798323,1527521788252951.250000
Pd106_g0u0800,46,106,g0u0800,P10-Q12,43998.740479,677939481576666.750000
Pd106_g0u0800,46,106,g0u0800,P11-Q12,43894.624973,10374417708061.191406
Pd106_g0u0800,46,106,g0u0800,P11-Q13,43941.348988,687075645014805.875000
Pd106_g0u0800,46,106,g0u0800,Q12-R14,28518.394244,341793212985315.812500
Pd106_g0u0800,46,106,g0u0800,Q13-R14,28471.670229,3782811315729.766602
Pd106_g0u0800,46,106,g0u0800,Q13-R15,28495.111233,345175537673080.312500
Pd106_g0u0800,46,106,g0u0800,L3-N5,1123575.910324,19104464069611456.000000
Pd106_g0u0900,46,106,g0u0900,K1-L2,3049579.028632,392568643590060032.000000
Pd106_g0u0900,46,106,g0u0900,K1-L3,3083955.064572,398339990080609792.000000
Pd106_g0u0900,46,106,g0u0900,L2-M4,862869.403283,51999573316050032.000000
Pd106_g0u0900,46,106,g0u0900,L3-M4,828493.367343,9890484937029956.000000
Pd106_g0u0900,46,106,g0u0900,L3-M5,832748.077712,59904724508497992.000000
Pd106_g0u0900,46,106,g0u0900,M4-N6,295234.838912,12166489522346694.000000
Pd106_g0u0900,46,106,g0u0900,M5-N6,290980.128543,850011618388987.750000
Pd106_g0u0900,46,106,g0u0900,M5-N7,291867.711188,12852337355903138.000000
Pd106_g0u0900,46,106,g0u0900,N6-O8,135228.453879,3839526623127346.500000
Pd106_g0u0900,46,106,g0u0900,N7-O8,134340.871234,140501143975603.500000
Pd106_g0u0900,46,106,g0u0900,N7-O9,134611.746099,3957515837292043.500000
Pd106_g0u0900,46,106,g0u0900,O8-P10,73137.558249,1498350947207772.250000
Pd106_g0u0900,46,106,g0u0900,O9-P10,72866.683383,33793488460253.300781
Pd106_g0u0900,46,106,g0u0900,O9-P11,72970.798891,1527521799065184.500000
Pd106_g0u0900,46,106,g0u0900,P10-Q12,43998.740770,677939485519469.250000
Pd106_g0u0900,46,106,g0u0900,P11-Q12,43894.625263,10374417768016.263672
Pd106_g0u0900,46,106,g0u0900,P11-Q13,43941.349279,687075649008931.875000
Pd106_g0u0900,46,106,g0u0900,Q12-R14,28518.394396,341793214531689.687500
Pd106_g0u0900,46,106,g0u0900,Q13-R14,28471.670380,3782811332759.308105
Pd106_g0u0900,46,106,g0u0900,Q13-R15,28495.111384,345175539233498.687500
Pd106_g0u0900,46,106,g0u0900,L3-N5,1123575.927882,19104464399681028.000000
Pd106_g0u1000,46,106,g0u1000,K1-L2,3049579.257842,392568682683774784.000000
Pd106_g0u1000,46,106,g0u1000,K1-L3,3083955.296814,398340027909824064.000000
Pd106_g0u1000,46,106,g0u1000,L2-M4,862869.417212,51999573596371560.000000
Pd106_g0u1000,46,106,g0u1000,L3-M4,828493.378239,9890485678251146.000000
Pd106_g0u1000,46,106,g0u1000,L3-M5,832748.088682,59904724879056856.000000
Pd106_g0u1000,46,106,g0u1000,M4-N6,295234.841054,12166489605007174.000000
Pd106_g0u1000,46,106,g0u1000,M5-N6,290980.130611,850011624073265.125000
Pd106_g0u1000,46,106,g0u1000,M5-N7,291867.713268,12852337443406314.000000
Pd106_g0u1000,46,106,g0u1000,N6-O8,135228.454777,3839526646876736.500000
Pd106_g0u1000,46,106,g0u1000,N7-O8,134340.872119,140501144834572.109375
Pd106_g0u1000,46,106,g0u1000,N7-O9,134611.746988,3957515861768181.000000
Pd106_g0u1000,46,106,g0u1000,O8-P10,73137.558681,1498350955229895.750000
Pd106_g0u1000,46,106,g0u1000,O9-P10,72866.683812,33793488639665.214844
Pd106_g0u1000,46,106,g0u1000,O9-P11,72970.799321,1527521807241142.250000
Pd106_g0u1000,46,106,g0u1000,P10-Q12,43998.740990,677939488500383.125000
Pd106_g0u1000,46,106,g0u1000,P11-Q12,43894.625482,10374417813343.832031
Pd106_g0u1000,46,106,g0u1000,P11-Q13,43941.349498,687075707510294.000000
Pd106_g0u1000,46,106,g0u1000,Q12-R14,28518.394511,341793215700787.937500
Pd106_g0u1000,46,106,g0u1000,Q13-R14,28471.670494,3782811818623.353027
Pd106_g0u1000,46,106,g0u1000,Q13-R15,28495.111499,345175540414001.812500
Pd106_g0u1000,46,106,g0u1000,L3-N5,1123575.940878,19104464642914696.000000
Pd106_g0u1100,46,106,g0u1100,K1-L2,3049579.427994,392568719319523008.000000
Pd106_g0u1100,46,106,g0u1100,K1-L3,3083955.469226,398340063192694592.000000
Pd106_g0u1100,46,106,g0u1100,L2-M4,862869.427761,51999573818095856.000000
Pd106_g0u1100,46,106,g0u1100,L3-M4,828493.386528,9890485724528746.000000
Pd106_g0u1100,46,106,g0u1100,L3-M5,832748.097027,59904725169743792.000000
Pd106_g0u1100,46,106,g0u1100,M4-N6,295234.842718,12166489669312318.000000
Pd106_g0u1100,46,106,g0u1100,M5-N6,290980.132219,850011628495058.625000
Pd106_g0u1100,46,106,g0u1100,M5-N7,291867.714886,12852337511475140.000000
Pd106_g0u1100,46,106,g0u1100,N6-O8,135228.455475,3839526665352279.500000
Pd106_g0u1100,46,106,g0u1100,N7-O8,134340.872808,140501145502794.578125
Pd106_g0u1100,46,106,g0u1100,N7-O9,134611.747680,3957515880808022.500000
Pd106_g0u1100,46,106,g0u1100,O8-P10,73137.559017,1498350961470566.500000
Pd106_g0u1100,46,106,g0u1100,O9-P10,72866.684145,33793488779235.773438
Pd106_g0u1100,46,106,g0u1100,O9-P11,72970.799655,1527521813600786.500000
Pd106_g0u1100,46,106,g0u1100,P10-Q12,43998.741162,677939490820299.000000
Pd106_g0u1100,46,106,g0u1100,P11-Q12,43894.625652,10374417848620.035156
Pd106_g0u1100,46,106,g0u1100,P11-Q13,43941.349669,687075709859967.250000
Pd106_g0u1100,46,106,g0u1100,Q12-R14,28518.394600,341793216609905.750000
Pd106_g0u1100,46,106,g0u1100,Q13-R14,28471.670583,3782811828634.790527
Pd106_g0u1100,46,106,g0u1100,Q13-R15,28495.111588,345175541332008.812500
Pd106_g0u1100,46,106,g0u1100,L3-N5,1123575.950799,19104464827866596.000000
Pd106_g0u1200,46,106,g0u1200,K1-L2,3049579.557621,392568724987081984.000000
Pd106_g0u1200,46,106,g0u1200,K1-L3,3083955.600582,398340069082582592.000000
Pd106_g0u1200,46,106,g0u1200,L2-M4,862869.435950,51999577385191216.000000
Pd106_g0u1200,46,106,g0u1200,L3-M4,828493.392989,9890485761656854.000000
Pd106_g0u1200,46,106,g0u1200,L3-M5,832748.103533,59904725402901776.000000
Pd106_g0u1200,46,106,g0u1200,M4-N6,295234.844043,12166489720504428.000000
Pd106_g0u1200,46,106,g0u1200,M5-N6,290980.133499,850011632014954.375000
Pd106_g0u1200,46,106,g0u1200,M5-N7,291867.716174,12852337565655822.000000
Pd106_g0u1200,46,106,g0u1200,N6-O8,135228.456031,3839526680057400.500000
Pd106_g0u1200,46,106,g0u1200,N7-O8,134340.873356,140501146034648.812500
Pd106_g0u1200,46,106,g0u1200,N7-O9,134611.748230,3957515895964197.500000
Pd106_g0u1200,46,106,g0u1200,O8-P10,73137.559284,1498350966438850.500000
Pd106_g0u1200,46,106,g0u1200,O9-P10,72866.684410,33793488890351.460938
Pd106_g0u1200,46,106,g0u1200,O9-P11,72970.799921,1527521818663171.500000
Pd106_g0u1200,46,106,g0u1200,P10-Q12,43998.741298,677939492666471.875000
Pd106_g0u1200,46,106,g0u1200,P11-Q12,43894.625788,10374417876692.523438
Pd106_g0u1200,46,106,g0u1200,P11-Q13,43941.349805,687075711730072.000000
Pd106_g0u1200,46,106,g0u1200,Q12-R14,28518.394671,341793217334015.250000
Pd106_g0u1200,46,106,g0u1200,Q13-R14,28471.670654,3782811836608.954590
Pd106_g0u1200,46,106,g0u1200,Q13-R15,28495.111659,345175585070423.875000
Pd106_g0u1200,46,106,g0u1200,L3-N5,1123575.958558,19104464971987724.000000
Pd106_g0u1300,46,106,g0u1300,K1-L2,3049579.634754,392568757490970048.000000
Pd106_g0u1300,46,106,g0u1300,K1-L3,3083955.678715,398340100088899200.000000
Pd106_g0u1300,46,106,g0u1300,L2-M4,862869.441102,51999577548562512.000000
Pd106_g0u1300,46,106,g0u1300,L3-M4,828493.397141,9890485794001808.000000
Pd106_g0u1300,46,106,g0u1300,L3-M5,832748.107718,59904725605490584.000000
Pd106_g0u1300,46,106,g0u1300,M4-N6,295234.845112,12166489762088090.000000
Pd106_g0u1300,46,106,g0u1300,M5-N6,290980.134534,850011634872570.250000
Pd106_g0u1300,46,106,g0u1300,M5-N7,291867.717215,12852337609646364.000000
Pd106_g0u1300,46,106,g0u1300,N6-O8,135228.456482,3839526691989444.500000
Pd106_g0u1300,46,106,g0u1300,N7-O8,134340.873801,140501146466205.328125
Pd106_g0u1300,46,106,g0u1300,N7-O9,134611.748676,3957515908260193.000000
Pd106_g0u1300,46,106,g0u1300,O8-P10,73137.559501,1498350970469316.000000
Pd106_g0u1300,46,106,g0u1300,O9-P10,72866.684626,33793492284967.074219
Pd106_g0u1300,46,106,g0u1300,O9-P11,72970.800137,1527521971170557.000000
Pd106_g0u1300,46,106,g0u1300,P10-Q12,43998.741409,677939494164021.375000
Pd106_g0u1300,46,106,g0u1300,P11-Q12,43894.625898,10374417899464.175781
Pd106_g0u1300,46,106,g0u1300,P11-Q13,43941.349915,687075713247013.500000
Pd106_g0u1300,46,106,g0u1300,Q12-R14,28518.394729,341793217921275.687500
Pd106_g0u1300,46,106,g0u1300,Q13-R14,28471.670711,3782811843075.779785
Pd106_g0u1300,46,106,g0u1300,Q13-R15,28495.111716,345175585663377.250000
Pd106_g0u1300,46,106,g0u1300,L3-N5,1123575.963760,19104465064014172.000000
Pd106_g0u1400,46,106,g0u1400,K1-L2,3049579.460006,392568717696995584.000000
Pd106_g0u1400,46,106,g0u1400,K1-L3,3083955.501135,398340061611930752.000000
Pd106_g0u1400,46,106,g0u1400,L2-M4,862869.430611,51999574468443896.000000
Pd106_g0u1400,46,106,g0u1400,L3-M4,828493.389481,9890485842593532.000000
Pd106_g0u1400,46,106,g0u1400,L3-M5,832748.100059,59904725905082080.000000
Pd106_g0u1400,46,106,g0u1400,M4-N6,295234.845929,12166489796920854.000000
Pd106_g0u1400,46,106,g0u1400,M5-N6,290980.135351,850011637249291.125000
Pd106_g0u1400,46,106,g0u1400,M5-N7,291867.718037,12852337646226872.000000
Pd106_g0u1400,46,106,g0u1400,N6-O8,135228.456854,3839526701827909.000000
Pd106_g0u1400,46,106,g0u1400,N7-O8,134340.874168,140501161735759.656250
Pd106_g0u1400,46,106,g0u1400,N7-O9,134611.749045,3957515918400030.500000
Pd106_g0u1400,46,106,g0u1400,O8-P10,73137.559680,1498350973792794.000000
Pd106_g0u1400,46,106,g0u1400,O9-P10,72866.684803,33793492359295.507812
Pd106_g0u1400,46,106,g0u1400,O9-P11,72970.800315,1527521974557627.250000
Pd106_g0u1400,46,106,g0u1400,P10-Q12,43998.741500,677939495399664.875000
Pd106_g0u1400,46,106,g0u1400,P11-Q12,43894.625989,10374417918253.451172
Pd106_g0u1400,46,106,g0u1400,P11-Q13,43941.350006,687075714498646.250000
Pd106_g0u1400,46,106,g0u1400,Q12-R14,28518.394776,341793218405762.812500
Pd106_g0u1400,46,106,g0u1400,Q13-R14,28471.670759,3782811848411.359863
Pd106_g0u1400,46,106,g0u1400,Q13-R15,28495.111764,345175586152037.562500
Pd106_g0u1400,46,106,g0u1400,L3-N5,1123575.956924,19104464885818756.000000
Pd106_g0u1500,46,106,g0u1500,K1-L2,3049581.271519,392569029001098432.000000
Pd106_g0u1500,46,106,g0u1500,K1-L3,3083957.341288,398340392786909952.000000
Pd106_g0u1500,46,106,g0u1500,L2-M4,862869.551672,51999580000652968.000000
Pd106_g0u1500,46,106,g0u1500,L3-M4,828493.481902,9890487055548792.000000
Pd106_g0u1500,46,106,g0u1500,L3-M5,832748.192729,59904728996809344.000000
Pd106_g0u1500,46,106,g0u1500,M4-N6,295234.847211,12166489820986468.000000
Pd106_g0u1500,46,106,g0u1500,M5-N6,290980.136385,850011639042203.000000
Pd106_g0u1500,46,106,g0u1500,M5-N7,291867.719075,12852337673882582.000000
Pd106_g0u1500,46,106,g0u1500,N6-O8,135228.457165,3839526710049934.000000
Pd106_g0u1500,46,106,g0u1500,N7-O8,134340.874475,140501162033200.265625
Pd106_g0u1500,46,106,g0u1500,N7-O9,134611.749353,3957515926875133.000000
Pd106_g0u1500,46,106,g0u1500,O8-P10,73137.559830,1498350976571037.750000
Pd106_g0u1500,46,106,g0u1500,O9-P10,72866.684952,33793492421429.363281
Pd106_g0u1500,46,106,g0u1500,O9-P11,72970.800463,1527521977389316.250000
Pd106_g0u1500,46,106,g0u1500,P10-Q12,43998.741576,677939496431835.500000
Pd106_g0u1500,46,106,g0u1500,P11-Q12,43894.626064,10374417933948.537109
Pd106_g0u1500,46,106,g0u1500,P11-Q13,43941.350082,687075715544445.500000
Pd106_g0u1500,46,106,g0u1500,Q12-R14,28518.394816,341793218810725.937500
Pd106_g0u1500,46,106,g0u1500,Q13-R14,28471.670798,3782811852870.835449
Pd106_g0u1500,46,106,g0u1500,Q13-R15,28495.111804,345175586561054.437500
Pd106_g0u1500,46,106,g0u1500,L3-N5,1123576.050422,19104468910132020.000000
Pd106_g0u1600,46,106,g0u1600,K1-L2,3049620.397650,392576093945290368.000000
Pd106_g0u1600,46,106,g0u1600,K1-L3,3083997.048137,398347295063732864.000000
Pd106_g0u1600,46,106,g0u1600,L2-M4,862871.798176,51999688771993608.000000
Pd106_g0u1600,46,106,g0u1600,L3-M4,828495.147690,9890503502223856.000000
Pd106_g0u1600,46,106,g0u1600,L3-M5,832749.862599,59904824910822936.000000
Pd106_g0u1600,46,106,g0u1600,M4-N6,295234.856980,12166490933085708.000000
Pd106_g0u1600,46,106,g0u1600,M5-N6,290980.142070,850011637875027.500000
Pd106_g0u1600,46,106,g0u1600,M5-N7,291867.724770,12852337656846672.000000
Pd106_g0u1600,46,106,g0u1600,N6-O8,135228.457437,3839526716963104.500000
Pd106_g0u1600,46,106,g0u1600,N7-O8,134340.874738,140501162284256.062500
Pd106_g0u1600,46,106,g0u1600,N7-O9,134611.749617,3957515934029449.000000
Pd106_g0u1600,46,106,g0u1600,O8-P10,73137.559956,1498350978921625.250000
Pd106_g0u1600,46,106,g0u1600,O9-P10,72866.685077,33793492474000.632812
Pd106_g0u1600,46,106,g0u1600,O9-P11,72970.800589,1527521979785038.000000
Pd106_g0u1600,46,106,g0u1600,P10-Q12,43998.741641,677939497305262.875000
Pd106_g0u1600,46,106,g0u1600,P11-Q12,43894.626129,10374417947229.697266
Pd106_g0u1600,46,106,g0u1600,P11-Q13,43941.350146,687075716430136.125000
Pd106_g0u1600,46,106,g0u1600,Q12-R14,28518.394850,341793219153324.812500
Pd106_g0u1600,46,106,g0u1600,Q13-R14,28471.670832,3782811856644.619629
Pd106_g0u1600,46,106,g0u1600,Q13-R15,28495.111837,345175586906953.250000
Pd106_g0u1600,46,106,g0u1600,L3-N5,1123577.722905,19104535548307716.000000
Pd106_g0u1700,46,106,g0u1700,K1-L2,3051927.753620,393000469585174976.000000
Pd106_g0u1700,46,106,g0u1700,K1-L3,3086339.776075,398763566535219072.000000
Pd106_g0u1700,46,106,g0u1700,L2-M4,863014.262718,52006496770656184.000000
Pd106_g0u1700,46,106,g0u1700,L3-M4,828602.240262,9891575441220264.000000
Pd106_g0u1700,46,106,g0u1700,L3-M5,832857.220865,59911096866636152.000000
Pd106_g0u1700,46,106,g0u1700,M4-N6,295235.478825,12166511336500620.000000
Pd106_g0u1700,46,106,g0u1700,M5-N6,290980.498223,850012525863772.500000
Pd106_g0u1700,46,106,g0u1700,M5-N7,291868.081301,12852350834609306.000000
Pd106_g0u1700,46,106,g0u1700,N6-O8,135228.458318,3839526719479104.500000
Pd106_g0u1700,46,106,g0u1700,N7-O8,134340.875240,140501162447412.468750
Pd106_g0u1700,46,106,g0u1700,N7-O9,134611.750120,3957515938698679.500000
Pd106_g0u1700,46,106,g0u1700,O8-P10,73137.560065,1498350980931670.250000
Pd106_g0u1700,46,106,g0u1700,O9-P10,72866.685185,33793492518969.140625
Pd106_g0u1700,46,106,g0u1700,O9-P11,72970.800697,1527521981834193.750000
Pd106_g0u1700,46,106,g0u1700,P10-Q12,43998.741696,677939498053063.000000
Pd106_g0u1700,46,106,g0u1700,P11-Q12,43894.626184,10374417958601.421875
Pd106_g0u1700,46,106,g0u1700,P11-Q13,43941.350201,687075717187208.000000
Pd106_g0u1700,46,106,g0u1700,Q12-R14,28518.394878,341793219446209.187500
Pd106_g0u1700,46,106,g0u1700,Q13-R14,28471.670860,3782811859869.717285
Pd106_g0u1700,46,106,g0u1700,Q13-R15,28495.111866,345175587202328.687500
Pd106_g0u1700,46,106,g0u1700,L3-N5,1123685.223203,19108786685712996.000000
Pd106_g0u1800,46,106,g0u1800,K1-L2,3110485.926321,403804339315204352.000000
Pd106_g0u1800,46,106,g0u1800,K1-L3,3145797.558429,409346056059670784.000000
Pd106_g0u1800,46,106,g0u1800,L2-M4,866603.325936,52176905251395848.000000
Pd106_g0u1800,46,106,g0u1800,L3-M4,831291.693829,9918365305088330.000000
Pd106_g0u1800,46,106,g0u1800,L3-M5,835553.273824,60067765800910528.000000
Pd106_g0u1800,46,106,g0u1800,M4-N6,295250.813476,12167009582734820.000000
Pd106_g0u1800,46,106,g0u1800,M5-N6,290989.233481,850033187077942.500000
Pd106_g0u1800,46,106,g0u1800,M5-N7,291876.825757,12852659865026388.000000
Pd106_g0u1800,46,106,g0u1800,N6-O8,135228.474480,3839527445830308.500000
Pd106_g0u1800,46,106,g0u1800,N7-O8,134340.882203,140501161371461.578125
Pd106_g0u1800,46,106,g0u1800,N7-O9,134611.757088,3957516324564022.500000
Pd106_g0u1800,46,106,g0u1800,O8-P10,73137.560164,1498350982644912.750000
Pd106_g0u1800,46,106,g0u1800,O9-P10,72866.685279,33793492557625.429688
Pd106_g0u1800,46,106,g0u1800,O9-P11,72970.800792,1527521983594703.500000
Pd106_g0u1800,46,106,g0u1800,P10-Q12,43998.741744,677939498697944.500000
Pd106_g0u1800,46,106,g0u1800,P11-Q12,43894.626231,10374417968406.128906
Pd106_g0u1800,46,106,g0u1800,P11-Q13,43941.350249,687075717840134.875000
Pd106_g0u1800,46,106,g0u1800,Q12-R14,28518.394903,341793219699134.062500
Pd106_g0u1800,46,106,g0u1800,Q13-R14,28471.670885,3782811862654.707520
Pd106_g0u1800,46,106,g0u1800,Q13-R15,28495.111891,345175587457681.625000
Pd106_g0u1800,46,106,g0u1800,L3-N5,1126384.751545,19215311989895128.000000
Pd106_g2u1000,46,106,g2u1000,K1-L2,3049585.840996,392569801431135424.000000
Pd106_g2u1000,46,106,g2u1000,K1-L3,3083961.967169,398341060678000512.000000
Pd106_g2u1000,46,106,g2u1000,L2-M4,862869.706846,51999585384692768.000000
Pd106_g2u1000,46,106,g2u1000,L3-M4,828493.580673,9890488031885008.000000
Pd106_g2u1000,46,106,g2u1000,L3-M5,832748.291616,59904729504028592.000000
Pd106_g2u1000,46,106,g2u1000,M4-N6,295234.840210,12166489380559936.000000
Pd106_g2u1000,46,106,g2u1000,M5-N6,290980.129267,850011623789023.625000
Pd106_g2u1000,46,106,g2u1000,M5-N7,291867.711957,12852337123330190.000000
Pd106_g2u1000,46,106,g2u1000,N6-O8,135228.453922,3839526601165420.500000
Pd106_g2u1000,46,106,g2u1000,N7-O8,134340.871231,140501166303165.718750
Pd106_g2u1000,46,106,g2u1000,N7-O9,134611.746118,3957515673420558.500000
Pd106_g2u1000,46,106,g2u1000,O8-P10,73137.558174,1498350952409917.750000
Pd106_g2u1000,46,106,g2u1000,O9-P10,72866.683287,33793489939918.238281
Pd106_g2u1000,46,106,g2u1000,O9-P11,72970.798827,1527521778977912.500000
Pd106_g2u1000,46,106,g2u1000,P10-Q12,43998.740749,677939483529503.750000
Pd106_g2u1000,46,106,g2u1000,P11-Q12,43894.625210,10374417828003.312500
Pd106_g2u1000,46,106,g2u1000,P11-Q13,43941.349246,687075644385930.000000
Pd106_g2u1000,46,106,g2u1000,Q12-R14,28518.394300,341793214189187.187500
Pd106_g2u1000,46,106,g2u1000,Q13-R14,28471.670263,3782811559310.218262
Pd106_g2u1000,46,106,g2u1000,Q13-R15,28495.111293,345175534322029.062500
Pd106_g2u1000,46,106,g2u1000,L3-N5,1123576.142115,19104491181758568.000000
Pd108_g0u0050,46,108,g0u0050,K1-L2,3041281.263776,391272305102371392.000000
Pd108_g0u0050,46,108,g0u0050,K1-L3,3075564.523541,397089249639678848.000000
Pd108_g0u0050,46,108,g0u0050,L2-M4,862654.615211,51989643759884536.000000
Pd108_g0u0050,46,108,g0u0050,L3-M4,828371.355446,9889290884747280.000000
Pd108_g0u0050,46,108,g0u0050,L3-M5,832625.818854,59897763183812896.000000
Pd108_g0u0050,46,108,g0u0050,M4-N6,295239.123546,12166629753510456.000000
Pd108_g0u0050,46,108,g0u0050,M5-N6,290984.660138,850022066319315.500000
Pd108_g0u0050,46,108,g0u0050,M5-N7,291872.254017,12852496245600082.000000
Pd108_g0u0050,46,108,g0u0050,N6-O8,135230.683923,3839578060822966.500000
Pd108_g0u0050,46,108,g0u0050,N7-O8,134343.090043,140503027046805.437500
Pd108_g0u0050,46,108,g0u0050,N7-O9,134613.968545,3957568781762961.500000
Pd108_g0u0050,46,108,g0u0050,O8-P10,73138.790540,1498372108179922.000000
Pd108_g0u0050,46,108,g0u0050,O9-P10,72867.912038,33793967804257.289062
Pd108_g0u0050,46,108,g0u0050,O9-P11,72972.029026,1527543441549957.500000
Pd108_g0u0050,46,108,g0u0050,P10-Q12,43999.502372,677949715965457.875000
Pd108_g0u0050,46,108,g0u0050,P11-Q12,43895.385384,10374574725152.873047
Pd108_g0u0050,46,108,g0u0050,P11-Q13,43942.110100,687086089940840.250000
Pd108_g0u0050,46,108,g0u0050,Q12-R14,28518.902489,341798728569842.187500
Pd108_g0u0050,46,108,g0u0050,Q13-R14,28472.177774,3782872729407.528809
Pd108_g0u0050,46,108,g0u0050,Q13-R15,28495.619158,345181108614061.750000
Pd108_g0u0050,46,108,g0u0050,L3-N5,1123458.341829,19099377412857884.000000
Pd108_g0u0100,46,108,g0u0100,K1-L2,3041605.739465,391324592903267584.000000
Pd108_g0u0100,46,108,g0u0100,K1-L3,3075892.899167,397139917292960960.000000
Pd108_g0u0100,46,108,g0u0100,L2-M4,862666.117777,51990314590344056.000000
Pd108_g0u0100,46,108,g0u0100,L3-M4,828378.958074,9889389745245614.000000
Pd108_g0u0100,46,108,g0u0100,L3-M5,832633.451977,59898357741106736.000000
Pd108_g0u0100,46,108,g0u0100,M4-N6,295239.861252,12166689216312944.000000
Pd108_g0u0100,46,108,g0u0100,M5-N6,290985.367349,850026158989372.625000
Pd108_g0u0100,46,108,g0u0100,M5-N7,291872.965539,12852556930517504.000000
Pd108_g0u0100,46,108,g0u0100,N6-O8,135230.998429,3839595623861316.000000
Pd108_g0u0100,46,108,g0u0100,N7-O8,134343.400238,140503670483365.718750
Pd108_g0u0100,46,108,g0u0100,N7-O9,134614.279945,3957586494865402.500000
Pd108_g0u0100,46,108,g0u0100,O8-P10,73138.941624,1498377965800745.500000
Pd108_g0u0100,46,108,g0u0100,O9-P10,72868.061917,33794103233589.582031
Pd108_g0u0100,46,108,g0u0100,O9-P11,72972.179311,1527549416445698.250000
Pd108_g0u0100,46,108,g0u0100,P10-Q12,43999.579356,677952015697572.375000
Pd108_g0u0100,46,108,g0u0100,P11-Q12,43895.461963,10374608238102.220703
Pd108_g0u0100,46,108,g0u0100,P11-Q13,43942.186829,687088365705455.500000
Pd108_g0u0100,46,108,g0u0100,Q12-R14,28518.942573,341799604829611.687500
Pd108_g0u0100,46,108,g0u0100,Q13-R14,28472.217706,3782882425673.043945
Pd108_g0u0100,46,108,g0u0100,Q13-R15,28495.659151,345182015089476.062500
Pd108_g0u0100,46,108,g0u0100,L3-N5,1123466.679219,19099680098770672.000000
Pd108_g0u0150,46,108,g0u0150,K1-L2,3041661.476449,391333719427954560.000000
Pd108_g0u0150,46,108,g0u0150,K1-L3,3075949.312799,397148678250372288.000000
Pd108_g0u0150,46,108,g0u0150,L2-M4,862668.384961,51990459884888272.000000
Pd108_g0u0150,46,108,g0u0150,L3-M4,828380.548611,9889412421381698.000000
Pd108_g0u0150,46,108,g0u0150,L3-M5,832635.050219,59898492647840440.000000
Pd108_g0u0150,46,108,g0u0150,M4-N6,295240.047334,12166703273891402.000000
Pd108_g0u0150,46,108,g0u0150,M5-N6,290985.545726,850027146020383.250000
Pd108_g0u0150,46,108,g0u0150,M5-N7,291873.144974,12852573108734404.000000
Pd108_g0u0150,46,108,g0u0150,N6-O8,135231.075383,3839599269116406.500000
Pd108_g0u0150,46,108,g0u0150,N7-O8,134343.476136,140503803754338.953125
Pd108_g0u0150,46,108,g0u0150,N7-O9,134614.356138,3957590672684798.000000
Pd108_g0u0150,46,108,g0u0150,O8-P10,73138.978641,1498379525345628.750000
Pd108_g0u0150,46,108,g0u0150,O9-P10,72868.098639,33794131823662.273438
Pd108_g0u0150,46,108,g0u0150,O9-P11,72972.216131,1527551007317830.500000
Pd108_g0u0150,46,108,g0u0150,P10-Q12,43999.598223,677952489846186.500000
Pd108_g0u0150,46,108,g0u0150,P11-Q12,43895.480730,10374617170695.939453
Pd108_g0u0150,46,108,g0u0150,P11-Q13,43942.205635,687088846303366.250000
Pd108_g0u0150,46,108,g0u0150,Q12-R14,28518.952401,341799832603117.062500
Pd108_g0u0150,46,108,g0u0150,Q13-R14,28472.227497,3782884946699.059082
Pd108_g0u0150,46,108,g0u0150,Q13-R15,28495.668956,345182223628782.000000
Pd108_g0u0150,46,108,g0u0150,L3-N5,1123468.451562,19099746169456160.000000
Pd108_g0u0200,46,108,g0u0200,K1-L2,3041680.271552,391336838035223296.000000
Pd108_g0u0200,46,108,g0u0200,K1-L3,3075968.342225,397151709186522688.000000
Pd108_g0u0200,46,108,g0u0200,L2-M4,862669.230453,51990516173189744.000000
Pd108_g0u0200,46,108,g0u0200,L3-M4,828381.159780,9889421540210718.000000
Pd108_g0u0200,46,108,g0u0200,L3-M5,832635.664501,59898542940703120.000000
Pd108_g0u0200,46,108,g0u0200,M4-N6,295240.124620,12166709710331818.000000
Pd108_g0u0200,46,108,g0u0200,M5-N6,290985.619899,850027515279723.125000
Pd108_g0u0200,46,108,g0u0200,M5-N7,291873.219587,12852579948343750.000000
Pd108_g0u0200,46,108,g0u0200,N6-O8,135231.107399,3839601323357997.500000
Pd108_g0u0200,46,108,g0u0200,N7-O8,134343.507711,140503879124125.765625
Pd108_g0u0200,46,108,g0u0200,N7-O9,134614.387837,3957592793531901.000000
Pd108_g0u0200,46,108,g0u0200,O8-P10,73138.994043,1498380102085269.250000
Pd108_g0u0200,46,108,g0u0200,O9-P10,72868.113917,33794148133504.230469
Pd108_g0u0200,46,108,g0u0200,O9-P11,72972.231451,1527551595588389.500000
Pd108_g0u0200,46,108,g0u0200,P10-Q12,43999.606074,677952760215097.375000
Pd108_g0u0200,46,108,g0u0200,P11-Q12,43895.488540,10374620469827.173828
Pd108_g0u0200,46,108,g0u0200,P11-Q13,43942.213460,687089120396440.250000
Pd108_g0u0200,46,108,g0u0200,Q12-R14,28518.956491,341799916822918.750000
Pd108_g0u0200,46,108,g0u0200,Q13-R14,28472.231572,3782885878393.238281
Pd108_g0u0200,46,108,g0u0200,Q13-R15,28495.673037,345182351692016.812500
Pd108_g0u0200,46,108,g0u0200,L3-N5,1123469.138258,19099769391818560.000000
Pd108_g0u0250,46,108,g0u0250,K1-L2,3041688.862537,391338246842138624.000000
Pd108_g0u0250,46,108,g0u0250,K1-L3,3075977.041747,397153095287520000.000000
Pd108_g0u0250,46,108,g0u0250,L2-M4,862669.638350,51990539860477208.000000
Pd108_g0u0250,46,108,g0u0250,L3-M4,828381.459140,9889425849058010.000000
Pd108_g0u0250,46,108,g0u0250,L3-M5,832635.965450,59898572650476400.000000
Pd108_g0u0250,46,108,g0u0250,M4-N6,295240.165148,12166712421119940.000000
Pd108_g0u0250,46,108,g0u0250,M5-N6,290985.658838,850027788462820.375000
Pd108_g0u0250,46,108,g0u0250,M5-N7,291873.258757,12852582827111404.000000
Pd108_g0u0250,46,108,g0u0250,N6-O8,135231.124220,3839602170772127.000000
Pd108_g0u0250,46,108,g0u0250,N7-O8,134343.524301,140503910130732.531250
Pd108_g0u0250,46,108,g0u0250,N7-O9,134614.404491,3957593668124003.000000
Pd108_g0u0250,46,108,g0u0250,O8-P10,73139.002135,1498380252366921.000000
Pd108_g0u0250,46,108,g0u0250,O9-P10,72868.121945,33794154798986.878906
Pd108_g0u0250,46,108,g0u0250,O9-P11,72972.239501,1527551897140165.500000
Pd108_g0u0250,46,108,g0u0250,P10-Q12,43999.610200,677952870757347.625000
Pd108_g0u0250,46,108,g0u0250,P11-Q12,43895.492644,10374622160580.291016
Pd108_g0u0250,46,108,g0u0250,P11-Q13,43942.217572,687089232446190.625000
Pd108_g0u0250,46,108,g0u0250,Q12-R14,28518.958641,341799959997105.125000
Pd108_g0u0250,46,108,g0u0250,Q13-R14,28472.233713,3782886592454.941406
Pd108_g0u0250,46,108,g0u0250,Q13-R15,28495.675181,345182373789085.937500
Pd108_g0u0250,46,108,g0u0250,L3-N5,1123469.477239,19099781813600056.000000
Pd108_g0u0300,46,108,g0u0300,K1-L2,3041693.509905,391339041358978752.000000
Pd108_g0u0300,46,108,g0u0300,K1-L3,3075981.748292,397153833667384960.000000
Pd108_g0u0300,46,108,g0u0300,L2-M4,862669.867198,51990559030939360.000000
Pd108_g0u0300,46,108,g0u0300,L3-M4,828381.628811,9889428457572590.000000
Pd108_g0u0300,46,108,g0u0300,L3-M5,832636.136053,59898588214679192.000000
Pd108_g0u0300,46,108,g0u0300,M4-N6,295240.189451,12166714515111902.000000
Pd108_g0u0300,46,108,g0u0300,M5-N6,290985.682209,850027935769983.625000
Pd108_g0u0300,46,108,g0u0300,M5-N7,291873.282267,12852585051905160.000000
Pd108_g0u0300,46,108,g0u0300,N6-O8,135231.134323,3839602840492414.500000
Pd108_g0u0300,46,108,g0u0300,N7-O8,134343.534266,140503934710496.859375
Pd108_g0u0300,46,108,g0u0300,N7-O9,134614.414494,3957594359584648.000000
Pd108_g0u0300,46,108,g0u0300,O8-P10,73139.006996,1498380488002011.500000
Pd108_g0u0300,46,108,g0u0300,O9-P10,72868.126767,33794160122271.468750
Pd108_g0u0300,46,108,g0u0300,O9-P11,72972.244336,1527552137533545.250000
Pd108_g0u0300,46,108,g0u0300,P10-Q12,43999.612678,677952959001594.000000
Pd108_g0u0300,46,108,g0u0300,P11-Q12,43895.495109,10374623512273.183594
Pd108_g0u0300,46,108,g0u0300,P11-Q13,43942.220041,687089321907521.875000
Pd108_g0u0300,46,108,g0u0300,Q12-R14,28518.959932,341799973147408.250000
Pd108_g0u0300,46,108,g0u0300,Q13-R14,28472.235000,3782886737273.458496
Pd108_g0u0300,46,108,g0u0300,Q13-R15,28495.676470,345182430072101.625000
Pd108_g0u0300,46,108,g0u0300,L3-N5,1123469.670679,19099789422878360.000000
Pd108_g0u0350,46,108,g0u0350,K1-L2,3041696.309279,391339502570516736.000000
Pd108_g0u0350,46,108,g0u0350,K1-L3,3075984.583515,397154306534918656.000000
Pd108_g0u0350,46,108,g0u0350,L2-M4,862670.009045,51990567374691536.000000
Pd108_g0u0350,46,108,g0u0350,L3-M4,828381.734809,9889430201749718.000000
Pd108_g0u0350,46,108,g0u0350,L3-M5,832636.242650,59898594616864144.000000
Pd108_g0u0350,46,108,g0u0350,M4-N6,295240.205357,12166716289335430.000000
Pd108_g0u0350,46,108,g0u0350,M5-N6,290985.697517,850027977663819.875000
Pd108_g0u0350,46,108,g0u0350,M5-N7,291873.297665,12852586937734636.000000
Pd108_g0u0350,46,108,g0u0350,N6-O8,135231.140945,3839603015653960.500000
Pd108_g0u0350,46,108,g0u0350,N7-O8,134343.540797,140503941045741.140625
Pd108_g0u0350,46,108,g0u0350,N7-O9,134614.421050,3957594540104543.500000
Pd108_g0u0350,46,108,g0u0350,O8-P10,73139.010181,1498380547166668.250000
Pd108_g0u0350,46,108,g0u0350,O9-P10,72868.129927,33794161445473.164062
Pd108_g0u0350,46,108,g0u0350,O9-P11,72972.247505,1527552197827263.250000
Pd108_g0u0350,46,108,g0u0350,P10-Q12,43999.614302,677952980987639.625000
Pd108_g0u0350,46,108,g0u0350,P11-Q12,43895.496725,10374624688240.164062
Pd108_g0u0350,46,108,g0u0350,P11-Q13,43942.221660,687089344180453.125000
Pd108_g0u0350,46,108,g0u0350,Q12-R14,28518.960778,341799981766673.687500
Pd108_g0u0350,46,108,g0u0350,Q13-R14,28472.235843,3782887068688.186523
Pd108_g0u0350,46,108,g0u0350,Q13-R15,28495.677314,345182438773098.062500
Pd108_g0u0350,46,108,g0u0350,L3-N5,1123469.792239,19099793700975796.000000
Pd108_g0u0400,46,108,g0u0400,K1-L2,3041698.126838,391339809003691200.000000
Pd108_g0u0400,46,108,g0u0400,K1-L3,3075986.424458,397154602345828928.000000
Pd108_g0u0400,46,108,g0u0400,L2-M4,862670.103394,51990575302099840.000000
Pd108_g0u0400,46,108,g0u0400,L3-M4,828381.805774,9889431155022978.000000
Pd108_g0u0400,46,108,g0u0400,L3-M5,832636.314025,59898604334224936.000000
Pd108_g0u0400,46,108,g0u0400,M4-N6,295240.216432,12166716713705088.000000
Pd108_g0u0400,46,108,g0u0400,M5-N6,290985.708181,850028090261411.125000
Pd108_g0u0400,46,108,g0u0400,M5-N7,291873.308393,12852587387290918.000000
Pd108_g0u0400,46,108,g0u0400,N6-O8,135231.145561,3839603540209914.000000
Pd108_g0u0400,46,108,g0u0400,N7-O8,134343.545349,140503960375198.781250
Pd108_g0u0400,46,108,g0u0400,N7-O9,134614.425620,3957595081962960.000000
Pd108_g0u0400,46,108,g0u0400,O8-P10,73139.012402,1498380733772595.250000
Pd108_g0u0400,46,108,g0u0400,O9-P10,72868.132130,33794162367760.988281
Pd108_g0u0400,46,108,g0u0400,O9-P11,72972.249714,1527552388255322.000000
Pd108_g0u0400,46,108,g0u0400,P10-Q12,43999.615434,677953051014478.875000
Pd108_g0u0400,46,108,g0u0400,P11-Q12,43895.497851,10374624921271.054688
Pd108_g0u0400,46,108,g0u0400,P11-Q13,43942.222789,687089359704816.000000
Pd108_g0u0400,46,108,g0u0400,Q12-R14,28518.961368,341799987775213.187500
Pd108_g0u0400,46,108,g0u0400,Q13-R14,28472.236430,3782887134856.607422
Pd108_g0u0400,46,108,g0u0400,Q13-R15,28495.677903,345182444838128.250000
Pd108_g0u0400,46,108,g0u0400,L3-N5,1123469.874043,19099797193417984.000000
Pd108_g0u0450,46,108,g0u0450,K1-L2,3041699.374255,391340034741377984.000000
Pd108_g0u0450,46,108,g0u0450,K1-L3,3075987.687988,397154820015831360.000000
Pd108_g0u0450,46,108,g0u0450,L2-M4,862670.169535,51990579565075752.000000
Pd108_g0u0450,46,108,g0u0450,L3-M4,828381.855802,9889432038862996.000000
Pd108_g0u0450,46,108,g0u0450,L3-M5,832636.364349,59898609608904944.000000
Pd108_g0u0450,46,108,g0u0450,M4-N6,295240.224506,12166718188960156.000000
Pd108_g0u0450,46,108,g0u0450,M5-N6,290985.715958,850028111572907.375000
Pd108_g0u0450,46,108,g0u0450,M5-N7,291873.316217,12852587715356524.000000
Pd108_g0u0450,46,108,g0u0450,N6-O8,135231.148928,3839603629298932.500000
Pd108_g0u0450,46,108,g0u0450,N7-O8,134343.548670,140503963597370.531250
Pd108_g0u0450,46,108,g0u0450,N7-O9,134614.428955,3957595173777701.000000
Pd108_g0u0450,46,108,g0u0450,O8-P10,73139.014022,1498380763865533.000000
Pd108_g0u0450,46,108,g0u0450,O9-P10,72868.133738,33794166345258.582031
Pd108_g0u0450,46,108,g0u0450,O9-P11,72972.251326,1527552418922754.250000
Pd108_g0u0450,46,108,g0u0450,P10-Q12,43999.616260,677953062197156.875000
Pd108_g0u0450,46,108,g0u0450,P11-Q12,43895.498673,10374625091314.087891
Pd108_g0u0450,46,108,g0u0450,P11-Q13,43942.223612,687089426514940.875000
Pd108_g0u0450,46,108,g0u0450,Q12-R14,28518.961799,341800034726577.562500
Pd108_g0u0450,46,108,g0u0450,Q13-R14,28472.236859,3782887183142.541504
Pd108_g0u0450,46,108,g0u0450,Q13-R15,28495.678332,345182449264385.812500
Pd108_g0u0450,46,108,g0u0450,L3-N5,1123469.931974,19099800216454680.000000
Pd108_g0u0500,46,108,g0u0500,K1-L2,3041700.267786,391340188065835840.000000
Pd108_g0u0500,46,108,g0u0500,K1-L3,3075988.593102,397154940456872256.000000
Pd108_g0u0500,46,108,g0u0500,L2-M4,862670.217823,51990583636663440.000000
Pd108_g0u0500,46,108,g0u0500,L3-M4,828381.892507,9889432875944200.000000
Pd108_g0u0500,46,108,g0u0500,L3-M5,832636.401276,59898610584679672.000000
Pd108_g0u0500,46,108,g0u0500,M4-N6,295240.230605,12166718423153460.000000
Pd108_g0u0500,46,108,g0u0500,M5-N6,290985.721836,850028127685882.000000
Pd108_g0u0500,46,108,g0u0500,M5-N7,291873.322130,12852587963395638.000000
Pd108_g0u0500,46,108,g0u0500,N6-O8,135231.151474,3839603696651727.500000
Pd108_g0u0500,46,108,g0u0500,N7-O8,134343.551181,140503966033382.031250
Pd108_g0u0500,46,108,g0u0500,N7-O9,134614.431476,3957595243190939.500000
Pd108_g0u0500,46,108,g0u0500,O8-P10,73139.015247,1498380786615819.750000
Pd108_g0u0500,46,108,g0u0500,O9-P10,72868.134953,33794166854062.195312
Pd108_g0u0500,46,108,g0u0500,O9-P11,72972.252544,1527552442108205.250000
Pd108_g0u0500,46,108,g0u0500,P10-Q12,43999.616885,677953070651698.875000
Pd108_g0u0500,46,108,g0u0500,P11-Q12,43895.499294,10374625219873.472656
Pd108_g0u0500,46,108,g0u0500,P11-Q13,43942.224235,687089435079909.625000
Pd108_g0u0500,46,108,g0u0500,Q12-R14,28518.962124,341800038041509.625000
Pd108_g0u0500,46,108,g0u0500,Q13-R14,28472.237183,3782887219648.396484
Pd108_g0u0500,46,108,g0u0500,Q13-R15,28495.678657,345182452610455.625000
Pd108_g0u0500,46,108,g0u0500,L3-N5,1123469.974651,19099801038057992.000000
Pd108_g0u0550,46,108,g0u0550,K1-L2,3041700.929967,391340273715396288.000000
Pd108_g0u0550,46,108,g0u0550,K1-L3,3075989.263895,397155051424026560.000000
Pd108_g0u0550,46,108,g0u0550,L2-M4,862670.254238,51990587570927024.000000
Pd108_g0u0550,46,108,g0u0550,L3-M4,828381.920310,9889432997946496.000000
Pd108_g0u0550,46,108,g0u0550,L3-M5,832636.429249,59898615356598520.000000
Pd108_g0u0550,46,108,g0u0550,M4-N6,295240.235345,12166718605307076.000000
Pd108_g0u0550,46,108,g0u0550,M5-N6,290985.726406,850028140217383.375000
Pd108_g0u0550,46,108,g0u0550,M5-N7,291873.326726,12852588156303724.000000
Pd108_g0u0550,46,108,g0u0550,N6-O8,135231.153454,3839603749030914.500000
Pd108_g0u0550,46,108,g0u0550,N7-O8,134343.553134,140503967927836.156250
Pd108_g0u0550,46,108,g0u0550,N7-O9,134614.433436,3957595297171417.500000
Pd108_g0u0550,46,108,g0u0550,O8-P10,73139.016200,1498380804309288.000000
Pd108_g0u0550,46,108,g0u0550,O9-P10,72868.135898,33794167249771.000000
Pd108_g0u0550,46,108,g0u0550,O9-P11,72972.253492,1527552460138640.250000
Pd108_g0u0550,46,108,g0u0550,P10-Q12,43999.617371,677953077226782.000000
Pd108_g0u0550,46,108,g0u0550,P11-Q12,43895.499777,10374625319852.937500
Pd108_g0u0550,46,108,g0u0550,P11-Q13,43942.224719,687089441740456.750000
Pd108_g0u0550,46,108,g0u0550,Q12-R14,28518.962377,341800040619550.812500
Pd108_g0u0550,46,108,g0u0550,Q13-R14,28472.237436,3782887248038.559570
Pd108_g0u0550,46,108,g0u0550,Q13-R15,28495.678909,345182455212994.125000
Pd108_g0u0550,46,108,g0u0550,L3-N5,1123470.007095,19099801660157644.000000
Pd108_g0u0600,46,108,g0u0600,K1-L2,3041701.434481,391340353064558912.000000
Pd108_g0u0600,46,108,g0u0600,K1-L3,3075989.774990,397155155881306816.000000
Pd108_g0u0600,46,108,g0u0600,L2-M4,862670.282430,51990588015583264.000000
Pd108_g0u0600,46,108,g0u0600,L3-M4,828381.941921,9889433778414780.000000
Pd108_g0u0600,46,108,g0u0600,L3-M5,832636.450995,59898615974924512.000000
Pd108_g0u0600,46,108,g0u0600,M4-N6,295240.239115,12166718750287644.000000
Pd108_g0u0600,46,108,g0u0600,M5-N6,290985.730041,850028233584647.750000
Pd108_g0u0600,46,108,g0u0600,M5-N7,291873.330383,12852588309830390.000000
Pd108_g0u0600,46,108,g0u0600,N6-O8,135231.155030,3839603790714955.500000
Pd108_g0u0600,46,108,g0u0600,N7-O8,134343.554688,140503969435461.046875
Pd108_g0u0600,46,108,g0u0600,N7-O9,134614.434996,3957595340130316.000000
Pd108_g0u0600,46,108,g0u0600,O8-P10,73139.016958,1498380818388802.000000
Pd108_g0u0600,46,108,g0u0600,O9-P10,72868.136650,33794167564655.312500
Pd108_g0u0600,46,108,g0u0600,O9-P11,72972.254246,1527552474488784.000000
Pd108_g0u0600,46,108,g0u0600,P10-Q12,43999.617757,677953082458820.500000
Pd108_g0u0600,46,108,g0u0600,P11-Q12,43895.500162,10374626241062.025391
Pd108_g0u0600,46,108,g0u0600,P11-Q13,43942.225104,687089447041711.250000
Pd108_g0u0600,46,108,g0u0600,Q12-R14,28518.962579,341800042670958.687500
Pd108_g0u0600,46,108,g0u0600,Q13-R14,28472.237636,3782887270630.503906
Pd108_g0u0600,46,108,g0u0600,Q13-R15,28495.679110,345182457284027.562500
Pd108_g0u0600,46,108,g0u0600,L3-N5,1123470.032399,19099804046443544.000000
Pd108_g0u0700,46,108,g0u0700,K1-L2,3041702.140477,391340499546078336.000000
Pd108_g0u0700,46,108,g0u0700,K1-L3,3075990.490232,397155269296289728.000000
Pd108_g0u0700,46,108,g0u0700,L2-M4,862670.322727,51990592080162840.000000
Pd108_g0u0700,46,108,g0u0700,L3-M4,828381.972972,9889433925772510.000000
Pd108_g0u0700,46,108,g0u0700,L3-M5,832636.482242,59898620905624040.000000
Pd108_g0u0700,46,108,g0u0700,M4-N6,295240.244690,12166718964894782.000000
Pd108_g0u0700,46,108,g0u0700,M5-N6,290985.735420,850028248346423.250000
Pd108_g0u0700,46,108,g0u0700,M5-N7,291873.335794,12852588537069478.000000
Pd108_g0u0700,46,108,g0u0700,N6-O8,135231.157362,3839604254874861.500000
Pd108_g0u0700,46,108,g0u0700,N7-O8,134343.556988,140503971666780.390625
Pd108_g0u0700,46,108,g0u0700,N7-O9,134614.437305,3957595819742124.000000
Pd108_g0u0700,46,108,g0u0700,O8-P10,73139.018080,1498380984595816.000000
Pd108_g0u0700,46,108,g0u0700,O9-P10,72868.137763,33794168030725.539062
Pd108_g0u0700,46,108,g0u0700,O9-P11,72972.255362,1527552495725530.250000
Pd108_g0u0700,46,108,g0u0700,P10-Q12,43999.618329,677953090204155.250000
Pd108_g0u0700,46,108,g0u0700,P11-Q12,43895.500731,10374626358836.054688
Pd108_g0u0700,46,108,g0u0700,P11-Q13,43942.225674,687089454887434.625000
Pd108_g0u0700,46,108,g0u0700,Q12-R14,28518.962877,341800045707475.125000
Pd108_g0u0700,46,108,g0u0700,Q13-R14,28472.237933,3782887304069.939453
Pd108_g0u0700,46,108,g0u0700,Q13-R15,28495.679408,345182460349811.375000
Pd108_g0u0700,46,108,g0u0700,L3-N5,1123470.068911,19099804740717892.000000
Pd108_g0u0800,46,108,g0u0800,K1-L2,3041702.600368,391340577504419328.000000
Pd108_g0u0800,46,108,g0u0800,K1-L3,3075990.956176,397155344720556736.000000
Pd108_g0u0800,46,108,g0u0800,L2-M4,862670.349684,51990595954673592.000000
Pd108_g0u0800,46,108,g0u0800,L3-M4,828381.993875,9889434712418636.000000
Pd108_g0u0800,46,108,g0u0800,L3-M5,832636.503281,59898621562077320.000000
Pd108_g0u0800,46,108,g0u0800,M4-N6,295240.248574,12166720280120054.000000
Pd108_g0u0800,46,108,g0u0800,M5-N6,290985.739169,850028258641877.750000
Pd108_g0u0800,46,108,g0u0800,M5-N7,291873.339565,12852588695554384.000000
Pd108_g0u0800,46,108,g0u0800,N6-O8,135231.158989,3839604297897138.000000
Pd108_g0u0800,46,108,g0u0800,N7-O8,134343.558592,140503988136539.125000
Pd108_g0u0800,46,108,g0u0800,N7-O9,134614.438915,3957595864081401.000000
Pd108_g0u0800,46,108,g0u0800,O8-P10,73139.018863,1498380999128931.250000
Pd108_g0u0800,46,108,g0u0800,O9-P10,72868.138540,33794168355754.390625
Pd108_g0u0800,46,108,g0u0800,O9-P11,72972.256140,1527552510536541.000000
Pd108_g0u0800,46,108,g0u0800,P10-Q12,43999.618728,677953150306891.750000
Pd108_g0u0800,46,108,g0u0800,P11-Q12,43895.501128,10374626440960.599609
Pd108_g0u0800,46,108,g0u0800,P11-Q13,43942.226072,687089460358794.000000
Pd108_g0u0800,46,108,g0u0800,Q12-R14,28518.963085,341800047825404.812500
Pd108_g0u0800,46,108,g0u0800,Q13-R14,28472.238140,3782887327393.497070
Pd108_g0u0800,46,108,g0u0800,Q13-R15,28495.679615,345182462487454.375000
Pd108_g0u0800,46,108,g0u0800,L3-N5,1123470.093621,19099805207883284.000000
Pd108_g0u0900,46,108,g0u0900,K1-L2,3041702.916806,391340620302947648.000000
Pd108_g0u0900,46,108,g0u0900,K1-L3,3075991.276799,397155386404150272.000000
Pd108_g0u0900,46,108,g0u0900,L2-M4,862670.368680,51990596318390736.000000
Pd108_g0u0900,46,108,g0u0900,L3-M4,828382.008687,9889434789573656.000000
Pd108_g0u0900,46,108,g0u0900,L3-M5,832636.518190,59898622047086744.000000
Pd108_g0u0900,46,108,g0u0900,M4-N6,295240.251408,12166720389410678.000000
Pd108_g0u0900,46,108,g0u0900,M5-N6,290985.741905,850028266158015.000000
Pd108_g0u0900,46,108,g0u0900,M5-N7,291873.342317,12852590052174716.000000
Pd108_g0u0900,46,108,g0u0900,N6-O8,135231.160176,3839604329304829.000000
Pd108_g0u0900,46,108,g0u0900,N7-O8,134343.559763,140503989272491.437500
Pd108_g0u0900,46,108,g0u0900,N7-O9,134614.440091,3957595896448984.500000
Pd108_g0u0900,46,108,g0u0900,O8-P10,73139.019434,1498381009738735.250000
Pd108_g0u0900,46,108,g0u0900,O9-P10,72868.139106,33794168593039.664062
Pd108_g0u0900,46,108,g0u0900,O9-P11,72972.256709,1527552521348977.750000
Pd108_g0u0900,46,108,g0u0900,P10-Q12,43999.619020,677953154249135.000000
Pd108_g0u0900,46,108,g0u0900,P11-Q12,43895.501417,10374626500906.539062
Pd108_g0u0900,46,108,g0u0900,P11-Q13,43942.226362,687089519833994.750000
Pd108_g0u0900,46,108,g0u0900,Q12-R14,28518.963237,341800049371600.687500
Pd108_g0u0900,46,108,g0u0900,Q13-R14,28472.238292,3782887344421.556152
Pd108_g0u0900,46,108,g0u0900,Q13-R15,28495.679767,345182507055439.937500
Pd108_g0u0900,46,108,g0u0900,L3-N5,1123470.111210,19099805538753532.000000
Pd108_g0u1000,46,108,g0u1000,K1-L2,3041703.143946,391340659384791616.000000
Pd108_g0u1000,46,108,g0u1000,K1-L3,3075991.506956,397155424237410816.000000
Pd108_g0u1000,46,108,g0u1000,L2-M4,862670.382615,51990596598957896.000000
Pd108_g0u1000,46,108,g0u1000,L3-M4,828382.019605,9889434848530930.000000
Pd108_g0u1000,46,108,g0u1000,L3-M5,832636.529182,59898626420920168.000000
Pd108_g0u1000,46,108,g0u1000,M4-N6,295240.253549,12166720472068482.000000
Pd108_g0u1000,46,108,g0u1000,M5-N6,290985.743973,850028271842176.125000
Pd108_g0u1000,46,108,g0u1000,M5-N7,291873.344398,12852590139675808.000000
Pd108_g0u1000,46,108,g0u1000,N6-O8,135231.161074,3839604353055589.500000
Pd108_g0u1000,46,108,g0u1000,N7-O8,134343.560649,140503990131509.984375
Pd108_g0u1000,46,108,g0u1000,N7-O9,134614.440980,3957595920926517.500000
Pd108_g0u1000,46,108,g0u1000,O8-P10,73139.019866,1498381017761637.500000
Pd108_g0u1000,46,108,g0u1000,O9-P10,72868.139535,33794172076945.972656
Pd108_g0u1000,46,108,g0u1000,O9-P11,72972.257138,1527552529524508.000000
Pd108_g0u1000,46,108,g0u1000,P10-Q12,43999.619240,677953157230915.125000
Pd108_g0u1000,46,108,g0u1000,P11-Q12,43895.501636,10374626546246.371094
Pd108_g0u1000,46,108,g0u1000,P11-Q13,43942.226582,687089522854517.375000
Pd108_g0u1000,46,108,g0u1000,Q12-R14,28518.963351,341800050540461.625000
Pd108_g0u1000,46,108,g0u1000,Q13-R14,28472.238406,3782887357293.558594
Pd108_g0u1000,46,108,g0u1000,Q13-R15,28495.679881,345182508235668.125000
Pd108_g0u1000,46,108,g0u1000,L3-N5,1123470.124227,19099805782554940.000000
Pd108_g0u1100,46,108,g0u1100,K1-L2,3041703.312432,391340696000523200.000000
Pd108_g0u1100,46,108,g0u1100,K1-L3,3075991.677687,397155459514341248.000000
Pd108_g0u1100,46,108,g0u1100,L2-M4,862670.393160,51990596820949408.000000
Pd108_g0u1100,46,108,g0u1100,L3-M4,828382.027904,9889434894807714.000000
Pd108_g0u1100,46,108,g0u1100,L3-M5,832636.537537,59898626711609408.000000
Pd108_g0u1100,46,108,g0u1100,M4-N6,295240.255215,12166720536374388.000000
Pd108_g0u1100,46,108,g0u1100,M5-N6,290985.745581,850028276264037.750000
Pd108_g0u1100,46,108,g0u1100,M5-N7,291873.346016,12852590207745938.000000
Pd108_g0u1100,46,108,g0u1100,N6-O8,135231.161772,3839604371529678.500000
Pd108_g0u1100,46,108,g0u1100,N7-O8,134343.561337,140503990799678.765625
Pd108_g0u1100,46,108,g0u1100,N7-O9,134614.441671,3957595939968440.000000
Pd108_g0u1100,46,108,g0u1100,O8-P10,73139.020202,1498381024002614.750000
Pd108_g0u1100,46,108,g0u1100,O9-P10,72868.139868,33794172216525.835938
Pd108_g0u1100,46,108,g0u1100,O9-P11,72972.257473,1527552535885706.500000
Pd108_g0u1100,46,108,g0u1100,P10-Q12,43999.619411,677953159550635.875000
Pd108_g0u1100,46,108,g0u1100,P11-Q12,43895.501807,10374626581521.150391
Pd108_g0u1100,46,108,g0u1100,P11-Q13,43942.226753,687089525204024.375000
Pd108_g0u1100,46,108,g0u1100,Q12-R14,28518.963441,341800051449865.687500
Pd108_g0u1100,46,108,g0u1100,Q13-R14,28472.238495,3782887840296.994629
Pd108_g0u1100,46,108,g0u1100,Q13-R15,28495.679970,345182509153967.125000
Pd108_g0u1100,46,108,g0u1100,L3-N5,1123470.134158,19099807870638224.000000
Pd108_g0u1200,46,108,g0u1200,K1-L2,3041703.447654,391340731287121856.000000
Pd108_g0u1200,46,108,g0u1200,K1-L3,3075991.814731,397155465788109696.000000
Pd108_g0u1200,46,108,g0u1200,L2-M4,862670.401761,51990596995403096.000000
Pd108_g0u1200,46,108,g0u1200,L3-M4,828382.034684,9889434931319580.000000
Pd108_g0u1200,46,108,g0u1200,L3-M5,832636.544362,59898626941031576.000000
Pd108_g0u1200,46,108,g0u1200,M4-N6,295240.256541,12166720587550828.000000
Pd108_g0u1200,46,108,g0u1200,M5-N6,290985.746862,850028279783367.375000
Pd108_g0u1200,46,108,g0u1200,M5-N7,291873.347304,12852590261920436.000000
Pd108_g0u1200,46,108,g0u1200,N6-O8,135231.162328,3839604386236018.000000
Pd108_g0u1200,46,108,g0u1200,N7-O8,134343.561886,140503991331577.546875
Pd108_g0u1200,46,108,g0u1200,N7-O9,134614.442222,3957595955124034.500000
Pd108_g0u1200,46,108,g0u1200,O8-P10,73139.020469,1498381028969728.250000
Pd108_g0u1200,46,108,g0u1200,O9-P10,72868.140133,33794172327612.535156
Pd108_g0u1200,46,108,g0u1200,O9-P11,72972.257739,1527552540948099.500000
Pd108_g0u1200,46,108,g0u1200,P10-Q12,43999.619548,677953161397291.750000
Pd108_g0u1200,46,108,g0u1200,P11-Q12,43895.501942,10374626609601.302734
Pd108_g0u1200,46,108,g0u1200,P11-Q13,43942.226888,687089527074652.375000
Pd108_g0u1200,46,108,g0u1200,Q12-R14,28518.963512,341800052174233.750000
Pd108_g0u1200,46,108,g0u1200,Q13-R14,28472.238566,3782887848274.346680
Pd108_g0u1200,46,108,g0u1200,Q13-R15,28495.680041,345182509884934.312500
Pd108_g0u1200,46,108,g0u1200,L3-N5,1123470.142238,19099808022095536.000000
Pd108_g0u1300,46,108,g0u1300,K1-L2,3041703.598830,391340738497048448.000000
Pd108_g0u1300,46,108,g0u1300,K1-L3,3075991.968023,397155500891654400.000000
Pd108_g0u1300,46,108,g0u1300,L2-M4,862670.411323,51990597106584504.000000
Pd108_g0u1300,46,108,g0u1300,L3-M4,828382.042130,9889434957087152.000000
Pd108_g0u1300,46,108,g0u1300,L3-M5,832636.551850,59898627103856952.000000
Pd108_g0u1300,46,108,g0u1300,M4-N6,295240.257628,12166720628979374.000000
Pd108_g0u1300,46,108,g0u1300,M5-N6,290985.747908,850028282635332.750000
Pd108_g0u1300,46,108,g0u1300,M5-N7,291873.348356,12852590305823288.000000
Pd108_g0u1300,46,108,g0u1300,N6-O8,135231.162779,3839604398168639.000000
Pd108_g0u1300,46,108,g0u1300,N7-O8,134343.562331,140503991763158.359375
Pd108_g0u1300,46,108,g0u1300,N7-O9,134614.442668,3957595967420689.000000
Pd108_g0u1300,46,108,g0u1300,O8-P10,73139.020686,1498381033001191.750000
Pd108_g0u1300,46,108,g0u1300,O9-P10,72868.140349,33794172417775.378906
Pd108_g0u1300,46,108,g0u1300,O9-P11,72972.257954,1527552545055366.750000
Pd108_g0u1300,46,108,g0u1300,P10-Q12,43999.619658,677953162895290.250000
Pd108_g0u1300,46,108,g0u1300,P11-Q12,43895.502053,10374626632379.058594
Pd108_g0u1300,46,108,g0u1300,P11-Q13,43942.226999,687089528592021.125000
Pd108_g0u1300,46,108,g0u1300,Q12-R14,28518.963569,341800052761055.875000
Pd108_g0u1300,46,108,g0u1300,Q13-R14,28472.238623,3782887854736.453125
Pd108_g0u1300,46,108,g0u1300,Q13-R15,28495.680099,345182510477435.500000
Pd108_g0u1300,46,108,g0u1300,L3-N5,1123470.150747,19099808189594536.000000
Pd108_g0u1400,46,108,g0u1400,K1-L2,3041703.372299,391340696082321280.000000
Pd108_g0u1400,46,108,g0u1400,K1-L3,3075991.737903,397155459695562240.000000
Pd108_g0u1400,46,108,g0u1400,L2-M4,862670.397901,51990597448965880.000000
Pd108_g0u1400,46,108,g0u1400,L3-M4,828382.032297,9889435010005124.000000
Pd108_g0u1400,46,108,g0u1400,L3-M5,832636.542013,59898627429606688.000000
Pd108_g0u1400,46,108,g0u1400,M4-N6,295240.258433,12166720663917698.000000
Pd108_g0u1400,46,108,g0u1400,M5-N6,290985.748718,850028285016008.125000
Pd108_g0u1400,46,108,g0u1400,M5-N7,291873.349171,12852590342459220.000000
Pd108_g0u1400,46,108,g0u1400,N6-O8,135231.163151,3839604408007362.500000
Pd108_g0u1400,46,108,g0u1400,N7-O8,134343.562697,140503992118993.921875
Pd108_g0u1400,46,108,g0u1400,N7-O9,134614.443037,3957595977559038.500000
Pd108_g0u1400,46,108,g0u1400,O8-P10,73139.020865,1498381036324284.500000
Pd108_g0u1400,46,108,g0u1400,O9-P10,72868.140526,33794172492094.101562
Pd108_g0u1400,46,108,g0u1400,O9-P11,72972.258132,1527552548442042.750000
Pd108_g0u1400,46,108,g0u1400,P10-Q12,43999.619750,677953164130416.375000
Pd108_g0u1400,46,108,g0u1400,P11-Q12,43895.502143,10374626651159.898438
Pd108_g0u1400,46,108,g0u1400,P11-Q13,43942.227090,687089529843135.125000
Pd108_g0u1400,46,108,g0u1400,Q12-R14,28518.963617,341800053245675.000000
Pd108_g0u1400,46,108,g0u1400,Q13-R14,28472.238671,3782887860073.156250
Pd108_g0u1400,46,108,g0u1400,Q13-R15,28495.680146,345182510966236.750000
Pd108_g0u1400,46,108,g0u1400,L3-N5,1123470.141729,19099807961554572.000000
Pd108_g0u1500,46,108,g0u1500,K1-L2,3041706.903696,391341355584497280.000000
Pd108_g0u1500,46,108,g0u1500,K1-L3,3075995.322829,397156099506105024.000000
Pd108_g0u1500,46,108,g0u1500,L2-M4,862670.612407,51990608629495632.000000
Pd108_g0u1500,46,108,g0u1500,L3-M4,828382.193275,9889436765156544.000000
Pd108_g0u1500,46,108,g0u1500,L3-M5,832636.703404,59898637681204336.000000
Pd108_g0u1500,46,108,g0u1500,M4-N6,295240.260075,12166720684916318.000000
Pd108_g0u1500,46,108,g0u1500,M5-N6,290985.749946,850028286700129.500000
Pd108_g0u1500,46,108,g0u1500,M5-N7,291873.350404,12852590368479196.000000
Pd108_g0u1500,46,108,g0u1500,N6-O8,135231.163463,3839604416227645.500000
Pd108_g0u1500,46,108,g0u1500,N7-O8,134343.563004,140503992416405.390625
Pd108_g0u1500,46,108,g0u1500,N7-O9,134614.443345,3957595986035193.500000
Pd108_g0u1500,46,108,g0u1500,O8-P10,73139.021015,1498381039103203.250000
Pd108_g0u1500,46,108,g0u1500,O9-P10,72868.140675,33794172554245.179688
Pd108_g0u1500,46,108,g0u1500,O9-P11,72972.258281,1527552551274435.500000
Pd108_g0u1500,46,108,g0u1500,P10-Q12,43999.619826,677953165162895.250000
Pd108_g0u1500,46,108,g0u1500,P11-Q12,43895.502219,10374626666860.458984
Pd108_g0u1500,46,108,g0u1500,P11-Q13,43942.227166,687089530890102.500000
Pd108_g0u1500,46,108,g0u1500,Q12-R14,28518.963657,341800053650783.125000
Pd108_g0u1500,46,108,g0u1500,Q13-R14,28472.238710,3782887864535.602539
Pd108_g0u1500,46,108,g0u1500,Q13-R15,28495.680186,345182511375430.187500
Pd108_g0u1500,46,108,g0u1500,L3-N5,1123470.304026,19099813551818408.000000
Pd108_g0u1600,46,108,g0u1600,K1-L2,3041673.180334,391335181432560384.000000
Pd108_g0u1600,46,108,g0u1600,K1-L3,3075961.089929,397150080710846336.000000
Pd108_g0u1600,46,108,g0u1600,L2-M4,862668.592230,51990514020469648.000000
Pd108_g0u1600,46,108,g0u1600,L3-M4,828380.682636,9889421373606046.000000
Pd108_g0u1600,46,108,g0u1600,L3-M5,832635.189049,59898547911933856.000000
Pd108_g0u1600,46,108,g0u1600,M4-N6,295240.252086,12166720782167760.000000
Pd108_g0u1600,46,108,g0u1600,M5-N6,290985.745672,850028291080130.625000
Pd108_g0u1600,46,108,g0u1600,M5-N7,291873.346129,12852590435013534.000000
Pd108_g0u1600,46,108,g0u1600,N6-O8,135231.163717,3839604423235091.000000
Pd108_g0u1600,46,108,g0u1600,N7-O8,134343.563260,140503992668867.578125
Pd108_g0u1600,46,108,g0u1600,N7-O9,134614.443602,3957595993227685.000000
Pd108_g0u1600,46,108,g0u1600,O8-P10,73139.021142,1498381041454398.250000
Pd108_g0u1600,46,108,g0u1600,O9-P10,72868.140800,33794172606828.785156
Pd108_g0u1600,46,108,g0u1600,O9-P11,72972.258407,1527552553670739.500000
Pd108_g0u1600,46,108,g0u1600,P10-Q12,43999.619890,677953166036595.250000
Pd108_g0u1600,46,108,g0u1600,P11-Q12,43895.502283,10374626680145.636719
Pd108_g0u1600,46,108,g0u1600,P11-Q13,43942.227230,687089531775195.375000
Pd108_g0u1600,46,108,g0u1600,Q12-R14,28518.963690,341800053993505.875000
Pd108_g0u1600,46,108,g0u1600,Q13-R14,28472.238744,3782887868309.701172
Pd108_g0u1600,46,108,g0u1600,Q13-R15,28495.680219,345182511721419.625000
Pd108_g0u1600,46,108,g0u1600,L3-N5,1123468.788324,19099754198604428.000000
Pd108_g0u1700,46,108,g0u1700,K1-L2,3041996.707250,391394388343009216.000000
Pd108_g0u1700,46,108,g0u1700,K1-L3,3076289.532731,397208135182627200.000000
Pd108_g0u1700,46,108,g0u1700,L2-M4,862688.226868,51991448475074408.000000
Pd108_g0u1700,46,108,g0u1700,L3-M4,828395.401387,9889568890052484.000000
Pd108_g0u1700,46,108,g0u1700,L3-M5,832649.944229,59899408295486120.000000
Pd108_g0u1700,46,108,g0u1700,M4-N6,295240.337003,12166723584684980.000000
Pd108_g0u1700,46,108,g0u1700,M5-N6,290985.794161,850028432620886.750000
Pd108_g0u1700,46,108,g0u1700,M5-N7,291873.394671,12852592536982812.000000
Pd108_g0u1700,46,108,g0u1700,N6-O8,135231.164029,3839604428727710.500000
Pd108_g0u1700,46,108,g0u1700,N7-O8,134343.563519,140503992877241.156250
Pd108_g0u1700,46,108,g0u1700,N7-O9,134614.443861,3957595999167976.000000
Pd108_g0u1700,46,108,g0u1700,O8-P10,73139.021250,1498381043464517.000000
Pd108_g0u1700,46,108,g0u1700,O9-P10,72868.140908,33794172651786.148438
Pd108_g0u1700,46,108,g0u1700,O9-P11,72972.258515,1527552555719425.000000
Pd108_g0u1700,46,108,g0u1700,P10-Q12,43999.619946,677953166783727.500000
Pd108_g0u1700,46,108,g0u1700,P11-Q12,43895.502338,10374626691506.707031
Pd108_g0u1700,46,108,g0u1700,P11-Q13,43942.227285,687089532531593.125000
Pd108_g0u1700,46,108,g0u1700,Q12-R14,28518.963719,341800054286451.375000
Pd108_g0u1700,46,108,g0u1700,Q13-R14,28472.238772,3782887871535.072266
Pd108_g0u1700,46,108,g0u1700,Q13-R15,28495.680248,345182512016861.812500
Pd108_g0u1700,46,108,g0u1700,L3-N5,1123483.563096,19100338936188380.000000
Pd108_g2u1000,46,108,g2u1000,K1-L2,3041709.734820,391341780794712768.000000
Pd108_g2u1000,46,108,g2u1000,K1-L3,3075998.185466,397156460508536640.000000
Pd108_g2u1000,46,108,g2u1000,L2-M4,862670.675782,51990608367733216.000000
Pd108_g2u1000,46,108,g2u1000,L3-M4,828382.225136,9889437193464782.000000
Pd108_g2u1000,46,108,g2u1000,L3-M5,832636.735222,59898635043113600.000000
Pd108_g2u1000,46,108,g2u1000,M4-N6,295240.252763,12166720248190910.000000
Pd108_g2u1000,46,108,g2u1000,M5-N6,290985.742677,850028271616254.250000
Pd108_g2u1000,46,108,g2u1000,M5-N7,291873.343135,12852589820140018.000000
Pd108_g2u1000,46,108,g2u1000,N6-O8,135231.160217,3839604307172973.500000
Pd108_g2u1000,46,108,g2u1000,N7-O8,134343.559758,140504011378897.421875
Pd108_g2u1000,46,108,g2u1000,N7-O9,134614.440107,3957595733975914.500000
Pd108_g2u1000,46,108,g2u1000,O8-P10,73139.019367,1498381015922940.500000
Pd108_g2u1000,46,108,g2u1000,O9-P10,72868.139018,33794171418502.320312
Pd108_g2u1000,46,108,g2u1000,O9-P11,72972.256647,1527552491775244.750000
Pd108_g2u1000,46,108,g2u1000,P10-Q12,43999.618979,677953152702986.000000
Pd108_g2u1000,46,108,g2u1000,P11-Q12,43895.501349,10374626540619.138672
Pd108_g2u1000,46,108,g2u1000,P11-Q13,43942.226322,687089459496157.125000
Pd108_g2u1000,46,108,g2u1000,Q12-R14,28518.963158,341800047896772.812500
Pd108_g2u1000,46,108,g2u1000,Q13-R14,28472.238185,3782887361172.831543
Pd108_g2u1000,46,108,g2u1000,Q13-R15,28495.679685,345182504876250.437500
Pd108_g2u1000,46,108,g2u1000,L3-N5,1123470.328604,19099832278814192.000000
Pd110_g0u0050,46,110,g0u0050,K1-L2,3034269.389687,390176962837110784.000000
Pd110_g0u0050,46,110,g0u0050,K1-L3,3068474.320026,396032054082326144.000000
Pd110_g0u0050,46,110,g0u0050,L2-M4,862476.685605,51981626038488936.000000
Pd110_g0u0050,46,110,g0u0050,L3-M4,828271.755266,9888352512316080.000000
Pd110_g0u0050,46,110,g0u0050,L3-M5,832526.041649,59892323557324592.000000
Pd110_g0u0050,46,110,g0u0050,M4-N6,295244.365579,12166853031217376.000000
Pd110_g0u0050,46,110,g0u0050,M5-N6,290990.079196,850038134166038.375000
Pd110_g0u0050,46,110,g0u0050,M5-N7,291877.690190,12852739681457388.000000
Pd110_g0u0050,46,110,g0u0050,N6-O8,135233.291768,3839652499665382.500000
Pd110_g0u0050,46,110,g0u0050,N7-O8,134345.680773,140505754736214.718750
Pd110_g0u0050,46,110,g0u0050,N7-O9,134616.564533,3957645843699424.000000
Pd110_g0u0050,46,110,g0u0050,O8-P10,73140.198703,1498401140498600.750000
Pd110_g0u0050,46,110,g0u0050,O9-P10,72869.314943,33794621867054.820312
Pd110_g0u0050,46,110,g0u0050,O9-P11,72973.433947,1527573103501500.000000
Pd110_g0u0050,46,110,g0u0050,P10-Q12,44000.348805,677962828137845.500000
Pd110_g0u0050,46,110,g0u0050,P11-Q12,43896.229801,10374775048225.498047
Pd110_g0u0050,46,110,g0u0050,P11-Q13,43942.955419,687099395158388.250000
Pd110_g0u0050,46,110,g0u0050,Q12-R14,28519.450640,341805323125248.750000
Pd110_g0u0050,46,110,g0u0050,Q13-R14,28472.725021,3782945553357.731445
Pd110_g0u0050,46,110,g0u0050,Q13-R15,28496.166858,345187776597593.750000
Pd110_g0u0050,46,110,g0u0050,L3-N5,1123364.102163,19095199049583056.000000
Pd110_g0u0100,46,110,g0u0100,K1-L2,3034591.198567,390228929163892800.000000
Pd110_g0u0100,46,110,g0u0100,K1-L3,3068800.009018,396082411828573632.000000
Pd110_g0u0100,46,110,g0u0100,L2-M4,862488.200232,51982297232250512.000000
Pd110_g0u0100,46,110,g0u0100,L3-M4,828279.389781,9888452035672140.000000
Pd110_g0u0100,46,110,g0u0100,L3-M5,832533.706777,59892917997206480.000000
Pd110_g0u0100,46,110,g0u0100,M4-N6,295245.103622,12166911326041496.000000
Pd110_g0u0100,46,110,g0u0100,M5-N6,290990.786626,850042226742743.500000
Pd110_g0u0100,46,110,g0u0100,M5-N7,291878.401931,12852801605908880.000000
Pd110_g0u0100,46,110,g0u0100,N6-O8,135233.606281,3839670062925499.000000
Pd110_g0u0100,46,110,g0u0100,N7-O8,134345.990975,140506398180811.515625
Pd110_g0u0100,46,110,g0u0100,N7-O9,134616.875941,3957663557031406.000000
Pd110_g0u0100,46,110,g0u0100,O8-P10,73140.349792,1498406998205436.750000
Pd110_g0u0100,46,110,g0u0100,O9-P10,72869.464826,33794757298307.343750
Pd110_g0u0100,46,110,g0u0100,O9-P11,72973.584236,1527579078482736.250000
Pd110_g0u0100,46,110,g0u0100,P10-Q12,44000.425791,677965073205452.750000
Pd110_g0u0100,46,110,g0u0100,P11-Q12,43896.306381,10374809403389.785156
Pd110_g0u0100,46,110,g0u0100,P11-Q13,43943.032152,687101615480614.250000
Pd110_g0u0100,46,110,g0u0100,Q12-R14,28519.490725,341806199401890.562500
Pd110_g0u0100,46,110,g0u0100,Q13-R14,28472.764955,3782955249814.184570
Pd110_g0u0100,46,110,g0u0100,Q13-R15,28496.206851,345188683091222.937500
Pd110_g0u0100,46,110,g0u0100,L3-N5,1123372.471649,19095502546874040.000000
Pd110_g0u0150,46,110,g0u0150,K1-L2,3034646.454543,390237920286080384.000000
Pd110_g0u0150,46,110,g0u0150,K1-L3,3068855.938236,396091171814198976.000000
Pd110_g0u0150,46,110,g0u0150,L2-M4,862490.470087,51982442574129320.000000
Pd110_g0u0150,46,110,g0u0150,L3-M4,828280.986393,9888474706070312.000000
Pd110_g0u0150,46,110,g0u0150,L3-M5,832535.311114,59893052869610328.000000
Pd110_g0u0150,46,110,g0u0150,M4-N6,295245.289765,12166925383300514.000000
Pd110_g0u0150,46,110,g0u0150,M5-N6,290990.965044,850043297158273.500000
Pd110_g0u0150,46,110,g0u0150,M5-N7,291878.581407,12852816543069424.000000
Pd110_g0u0150,46,110,g0u0150,N6-O8,135233.683237,3839674110699241.500000
Pd110_g0u0150,46,110,g0u0150,N7-O8,134346.066874,140506546367396.578125
Pd110_g0u0150,46,110,g0u0150,N7-O9,134616.952135,3957667734905850.500000
Pd110_g0u0150,46,110,g0u0150,O8-P10,73140.386809,1498408557770024.250000
Pd110_g0u0150,46,110,g0u0150,O9-P10,72869.501549,33794789193292.855469
Pd110_g0u0150,46,110,g0u0150,O9-P11,72973.621058,1527580520976073.000000
Pd110_g0u0150,46,110,g0u0150,P10-Q12,44000.444659,677965602064945.875000
Pd110_g0u0150,46,110,g0u0150,P11-Q12,43896.325150,10374817494470.898438
Pd110_g0u0150,46,110,g0u0150,P11-Q13,43943.050957,687102207049139.375000
Pd110_g0u0150,46,110,g0u0150,Q12-R14,28519.500553,341806427179644.875000
Pd110_g0u0150,46,110,g0u0150,Q13-R14,28472.774746,3782957770887.709961
Pd110_g0u0150,46,110,g0u0150,Q13-R15,28496.216657,345188891634115.250000
Pd110_g0u0150,46,110,g0u0150,L3-N5,1123374.250106,19095566864394164.000000
Pd110_g0u0200,46,110,g0u0200,K1-L2,3034665.091016,390241038737109952.000000
Pd110_g0u0200,46,110,g0u0200,K1-L3,3068874.807871,396094148568098752.000000
Pd110_g0u0200,46,110,g0u0200,L2-M4,862491.316340,51982498881762328.000000
Pd110_g0u0200,46,110,g0u0200,L3-M4,828281.599485,9888483823506554.000000
Pd110_g0u0200,46,110,g0u0200,L3-M5,832535.927326,59893107157598184.000000
Pd110_g0u0200,46,110,g0u0200,M4-N6,295245.367073,12166931819636812.000000
Pd110_g0u0200,46,110,g0u0200,M5-N6,290991.039233,850043666414636.875000
Pd110_g0u0200,46,110,g0u0200,M5-N7,291878.656035,12852822141716348.000000
Pd110_g0u0200,46,110,g0u0200,N6-O8,135233.715254,3839675762496877.000000
Pd110_g0u0200,46,110,g0u0200,N7-O8,134346.098451,140506606824282.000000
Pd110_g0u0200,46,110,g0u0200,N7-O9,134616.983835,3957669439744283.500000
Pd110_g0u0200,46,110,g0u0200,O8-P10,73140.402211,1498409134518492.500000
Pd110_g0u0200,46,110,g0u0200,O9-P10,72869.516828,33794802198856.847656
Pd110_g0u0200,46,110,g0u0200,O9-P11,72973.636378,1527581109254276.500000
Pd110_g0u0200,46,110,g0u0200,P10-Q12,44000.452510,677965872437232.125000
Pd110_g0u0200,46,110,g0u0200,P11-Q12,43896.332960,10374820793651.806641
Pd110_g0u0200,46,110,g0u0200,P11-Q13,43943.058783,687102425664777.000000
Pd110_g0u0200,46,110,g0u0200,Q12-R14,28519.504644,341806511401509.500000
Pd110_g0u0200,46,110,g0u0200,Q13-R14,28472.778821,3782958702604.868164
Pd110_g0u0200,46,110,g0u0200,Q13-R15,28496.220738,345188976691060.500000
Pd110_g0u0200,46,110,g0u0200,L3-N5,1123374.938738,19095593940074664.000000
Pd110_g0u0250,46,110,g0u0250,K1-L2,3034673.610587,390242447398526976.000000
Pd110_g0u0250,46,110,g0u0250,K1-L3,3068883.435445,396095535062117376.000000
Pd110_g0u0250,46,110,g0u0250,L2-M4,862491.724542,51982525966809480.000000
Pd110_g0u0250,46,110,g0u0250,L3-M4,828281.899684,9888488131844390.000000
Pd110_g0u0250,46,110,g0u0250,L3-M5,832536.229117,59893132861000272.000000
Pd110_g0u0250,46,110,g0u0250,M4-N6,295245.407612,12166935695917610.000000
Pd110_g0u0250,46,110,g0u0250,M5-N6,290991.078179,850043939596774.125000
Pd110_g0u0250,46,110,g0u0250,M5-N7,291878.695213,12852826261387054.000000
Pd110_g0u0250,46,110,g0u0250,N6-O8,135233.732075,3839676609922883.000000
Pd110_g0u0250,46,110,g0u0250,N7-O8,134346.115041,140506637831318.546875
Pd110_g0u0250,46,110,g0u0250,N7-O9,134617.000490,3957670730380118.500000
Pd110_g0u0250,46,110,g0u0250,O8-P10,73140.410304,1498409430171904.000000
Pd110_g0u0250,46,110,g0u0250,O9-P10,72869.524856,33794808864436.257812
Pd110_g0u0250,46,110,g0u0250,O9-P11,72973.644428,1527581559211521.750000
Pd110_g0u0250,46,110,g0u0250,P10-Q12,44000.456636,677965982981894.875000
Pd110_g0u0250,46,110,g0u0250,P11-Q12,43896.337064,10374823326092.507812
Pd110_g0u0250,46,110,g0u0250,P11-Q13,43943.062895,687102482236173.750000
Pd110_g0u0250,46,110,g0u0250,Q12-R14,28519.506793,341806575859514.875000
Pd110_g0u0250,46,110,g0u0250,Q13-R14,28472.780962,3782959416671.632812
Pd110_g0u0250,46,110,g0u0250,Q13-R15,28496.222883,345189041797557.312500
Pd110_g0u0250,46,110,g0u0250,L3-N5,1123375.278566,19095606382872892.000000
Pd110_g0u0300,46,110,g0u0300,K1-L2,3034678.219634,390243241796389440.000000
Pd110_g0u0300,46,110,g0u0300,K1-L3,3068888.103379,396096301247416064.000000
Pd110_g0u0300,46,110,g0u0300,L2-M4,862491.953543,51982541754474744.000000
Pd110_g0u0300,46,110,g0u0300,L3-M4,828282.069798,9888491422403294.000000
Pd110_g0u0300,46,110,g0u0300,L3-M5,832536.400164,59893148423802816.000000
Pd110_g0u0300,46,110,g0u0300,M4-N6,295245.431920,12166937789883628.000000
Pd110_g0u0300,46,110,g0u0300,M5-N6,290991.101554,850044086903155.750000
Pd110_g0u0300,46,110,g0u0300,M5-N7,291878.718726,12852828486173864.000000
Pd110_g0u0300,46,110,g0u0300,N6-O8,135233.742179,3839677279650095.000000
Pd110_g0u0300,46,110,g0u0300,N7-O8,134346.125006,140506662411330.062500
Pd110_g0u0300,46,110,g0u0300,N7-O9,134617.010493,3957671005816144.000000
Pd110_g0u0300,46,110,g0u0300,O8-P10,73140.415165,1498409520442884.000000
Pd110_g0u0300,46,110,g0u0300,O9-P10,72869.529678,33794814187796.492188
Pd110_g0u0300,46,110,g0u0300,O9-P11,72973.649263,1527581651207147.500000
Pd110_g0u0300,46,110,g0u0300,P10-Q12,44000.459114,677966071227629.375000
Pd110_g0u0300,46,110,g0u0300,P11-Q12,43896.339529,10374823836157.140625
Pd110_g0u0300,46,110,g0u0300,P11-Q13,43943.065365,687102571698095.500000
Pd110_g0u0300,46,110,g0u0300,Q12-R14,28519.508084,341806589010075.625000
Pd110_g0u0300,46,110,g0u0300,Q13-R14,28472.782249,3782959561492.059570
Pd110_g0u0300,46,110,g0u0300,Q13-R15,28496.224171,345189055073087.750000
Pd110_g0u0300,46,110,g0u0300,L3-N5,1123375.472452,19095614003165236.000000
Pd110_g0u0350,46,110,g0u0350,K1-L2,3034680.996038,390243702934456896.000000
Pd110_g0u0350,46,110,g0u0350,K1-L3,3068890.915457,396096746593553984.000000
Pd110_g0u0350,46,110,g0u0350,L2-M4,862492.095476,51982553489780744.000000
Pd110_g0u0350,46,110,g0u0350,L3-M4,828282.176057,9888492484161472.000000
Pd110_g0u0350,46,110,g0u0350,L3-M5,832536.507023,59893158828583432.000000
Pd110_g0u0350,46,110,g0u0350,M4-N6,295245.447830,12166938398563008.000000
Pd110_g0u0350,46,110,g0u0350,M5-N6,290991.116864,850044128796930.625000
Pd110_g0u0350,46,110,g0u0350,M5-N7,291878.734127,12852829131078922.000000
Pd110_g0u0350,46,110,g0u0350,N6-O8,135233.748801,3839677857282824.000000
Pd110_g0u0350,46,110,g0u0350,N7-O8,134346.131537,140506668746739.187500
Pd110_g0u0350,46,110,g0u0350,N7-O9,134617.017049,3957671602372268.000000
Pd110_g0u0350,46,110,g0u0350,O8-P10,73140.418351,1498409579608337.000000
Pd110_g0u0350,46,110,g0u0350,O9-P10,72869.532838,33794815511014.898438
Pd110_g0u0350,46,110,g0u0350,O9-P11,72973.652432,1527581859904000.250000
Pd110_g0u0350,46,110,g0u0350,P10-Q12,44000.460738,677966093213655.500000
Pd110_g0u0350,46,110,g0u0350,P11-Q12,43896.341145,10374825012126.115234
Pd110_g0u0350,46,110,g0u0350,P11-Q13,43943.066984,687102649452743.375000
Pd110_g0u0350,46,110,g0u0350,Q12-R14,28519.508931,341806597630073.312500
Pd110_g0u0350,46,110,g0u0350,Q13-R14,28472.783092,3782959656421.032715
Pd110_g0u0350,46,110,g0u0350,Q13-R15,28496.225016,345189106781907.562500
Pd110_g0u0350,46,110,g0u0350,L3-N5,1123375.594276,19095618287845856.000000
Pd110_g0u0400,46,110,g0u0400,K1-L2,3034682.798735,390243980074776000.000000
Pd110_g0u0400,46,110,g0u0400,K1-L3,3068892.741424,396097042463676544.000000
Pd110_g0u0400,46,110,g0u0400,L2-M4,862492.189879,51982558031036936.000000
Pd110_g0u0400,46,110,g0u0400,L3-M4,828282.247190,9888493437345464.000000
Pd110_g0u0400,46,110,g0u0400,L3-M5,832536.578568,59893164542052080.000000
Pd110_g0u0400,46,110,g0u0400,M4-N6,295245.458907,12166939988459416.000000
Pd110_g0u0400,46,110,g0u0400,M5-N6,290991.127529,850044158000482.125000
Pd110_g0u0400,46,110,g0u0400,M5-N7,291878.744856,12852830821558234.000000
Pd110_g0u0400,46,110,g0u0400,N6-O8,135233.753416,3839677979375062.000000
Pd110_g0u0400,46,110,g0u0400,N7-O8,134346.136089,140506688076305.109375
Pd110_g0u0400,46,110,g0u0400,N7-O9,134617.021619,3957671728202025.500000
Pd110_g0u0400,46,110,g0u0400,O8-P10,73140.420571,1498409766216804.750000
Pd110_g0u0400,46,110,g0u0400,O9-P10,72869.535041,33794819737835.738281
Pd110_g0u0400,46,110,g0u0400,O9-P11,72973.654641,1527581901932271.250000
Pd110_g0u0400,46,110,g0u0400,P10-Q12,44000.461871,677966108538497.375000
Pd110_g0u0400,46,110,g0u0400,P11-Q12,43896.342271,10374825245154.105469
Pd110_g0u0400,46,110,g0u0400,P11-Q13,43943.068112,687102664977850.875000
Pd110_g0u0400,46,110,g0u0400,Q12-R14,28519.509521,341806603638522.062500
Pd110_g0u0400,46,110,g0u0400,Q13-R14,28472.783679,3782960195578.217773
Pd110_g0u0400,46,110,g0u0400,Q13-R15,28496.225604,345189112847544.562500
Pd110_g0u0400,46,110,g0u0400,L3-N5,1123375.676249,19095619881822500.000000
Pd110_g0u0450,46,110,g0u0450,K1-L2,3034684.035980,390244205763872384.000000
Pd110_g0u0450,46,110,g0u0450,K1-L3,3068893.994703,396097260168390784.000000
Pd110_g0u0450,46,110,g0u0450,L2-M4,862492.256056,51982565683819960.000000
Pd110_g0u0450,46,110,g0u0450,L3-M4,828282.297332,9888494321130188.000000
Pd110_g0u0450,46,110,g0u0450,L3-M5,832536.629006,59893169816419840.000000
Pd110_g0u0450,46,110,g0u0450,M4-N6,295245.466983,12166940298173080.000000
Pd110_g0u0450,46,110,g0u0450,M5-N6,290991.135308,850044179311768.250000
Pd110_g0u0450,46,110,g0u0450,M5-N7,291878.752682,12852831149620378.000000
Pd110_g0u0450,46,110,g0u0450,N6-O8,135233.756784,3839678068467554.500000
Pd110_g0u0450,46,110,g0u0450,N7-O8,134346.139411,140506691298602.703125
Pd110_g0u0450,46,110,g0u0450,N7-O9,134617.024954,3957671820018509.000000
Pd110_g0u0450,46,110,g0u0450,O8-P10,73140.422192,1498409796309664.500000
Pd110_g0u0450,46,110,g0u0450,O9-P10,72869.536649,33794820410853.296875
Pd110_g0u0450,46,110,g0u0450,O9-P11,72973.656253,1527581932600828.000000
Pd110_g0u0450,46,110,g0u0450,P10-Q12,44000.462697,677966174424438.625000
Pd110_g0u0450,46,110,g0u0450,P11-Q12,43896.343093,10374825415217.867188
Pd110_g0u0450,46,110,g0u0450,P11-Q13,43943.068935,687102676307660.875000
Pd110_g0u0450,46,110,g0u0450,Q12-R14,28519.509951,341806629306615.312500
Pd110_g0u0450,46,110,g0u0450,Q13-R14,28472.784108,3782960243865.194824
Pd110_g0u0450,46,110,g0u0450,Q13-R15,28496.226034,345189117273887.062500
Pd110_g0u0450,46,110,g0u0450,L3-N5,1123375.734295,19095621004991140.000000
Pd110_g0u0500,46,110,g0u0500,K1-L2,3034684.922241,390244359055700544.000000
Pd110_g0u0500,46,110,g0u0500,K1-L3,3068894.892492,396097408256853632.000000
Pd110_g0u0500,46,110,g0u0500,L2-M4,862492.304369,51982566368132040.000000
Pd110_g0u0500,46,110,g0u0500,L3-M4,828282.334119,9888495158177476.000000
Pd110_g0u0500,46,110,g0u0500,L3-M5,832536.666014,59893174795375680.000000
Pd110_g0u0500,46,110,g0u0500,M4-N6,295245.473083,12166940532364580.000000
Pd110_g0u0500,46,110,g0u0500,M5-N6,290991.141187,850044195424812.375000
Pd110_g0u0500,46,110,g0u0500,M5-N7,291878.758595,12852831397660458.000000
Pd110_g0u0500,46,110,g0u0500,N6-O8,135233.759330,3839678135821271.000000
Pd110_g0u0500,46,110,g0u0500,N7-O8,134346.141922,140506693734648.359375
Pd110_g0u0500,46,110,g0u0500,N7-O9,134617.027475,3957672305466143.000000
Pd110_g0u0500,46,110,g0u0500,O8-P10,73140.423417,1498409819061723.500000
Pd110_g0u0500,46,110,g0u0500,O9-P10,72869.537864,33794820919698.058594
Pd110_g0u0500,46,110,g0u0500,O9-P11,72973.657471,1527582104186795.750000
Pd110_g0u0500,46,110,g0u0500,P10-Q12,44000.463321,677966182878749.625000
Pd110_g0u0500,46,110,g0u0500,P11-Q12,43896.343714,10374826385422.898438
Pd110_g0u0500,46,110,g0u0500,P11-Q13,43943.069558,687102684872357.250000
Pd110_g0u0500,46,110,g0u0500,Q12-R14,28519.510277,341806632621914.937500
Pd110_g0u0500,46,110,g0u0500,Q13-R14,28472.784433,3782960280374.606934
Pd110_g0u0500,46,110,g0u0500,Q13-R15,28496.226358,345189120620332.937500
Pd110_g0u0500,46,110,g0u0500,L3-N5,1123375.777054,19095623731307696.000000
Pd110_g0u0550,46,110,g0u0550,K1-L2,3034685.579046,390244444693107968.000000
Pd110_g0u0550,46,110,g0u0550,K1-L3,3068895.557866,396097491622439552.000000
Pd110_g0u0550,46,110,g0u0550,L2-M4,862492.340801,51982566914882936.000000
Pd110_g0u0550,46,110,g0u0550,L3-M4,828282.361980,9888495280141518.000000
Pd110_g0u0550,46,110,g0u0550,L3-M5,832536.694047,59893175563688120.000000
Pd110_g0u0550,46,110,g0u0550,M4-N6,295245.477823,12166940714518768.000000
Pd110_g0u0550,46,110,g0u0550,M5-N6,290991.145757,850044207956487.750000
Pd110_g0u0550,46,110,g0u0550,M5-N7,291878.763193,12852832831491214.000000
Pd110_g0u0550,46,110,g0u0550,N6-O8,135233.761310,3839678590668631.000000
Pd110_g0u0550,46,110,g0u0550,N7-O8,134346.143875,140506695629153.781250
Pd110_g0u0550,46,110,g0u0550,N7-O9,134617.029435,3957672359448150.500000
Pd110_g0u0550,46,110,g0u0550,O8-P10,73140.424369,1498409836754572.000000
Pd110_g0u0550,46,110,g0u0550,O9-P10,72869.538809,33794821315392.687500
Pd110_g0u0550,46,110,g0u0550,O9-P11,72973.658419,1527582122217815.000000
Pd110_g0u0550,46,110,g0u0550,P10-Q12,44000.463807,677966189453884.000000
Pd110_g0u0550,46,110,g0u0550,P11-Q12,43896.344197,10374826485403.839844
Pd110_g0u0550,46,110,g0u0550,P11-Q13,43943.070042,687102691533859.375000
Pd110_g0u0550,46,110,g0u0550,Q12-R14,28519.510530,341806635200112.875000
Pd110_g0u0550,46,110,g0u0550,Q13-R14,28472.784685,3782960308767.745605
Pd110_g0u0550,46,110,g0u0550,Q13-R15,28496.226611,345189123222403.125000
Pd110_g0u0550,46,110,g0u0550,L3-N5,1123375.809558,19095624354963180.000000
Pd110_g0u0600,46,110,g0u0600,K1-L2,3034686.079470,390244553262376640.000000
Pd110_g0u0600,46,110,g0u0600,K1-L3,3068896.064840,396097568469580544.000000
Pd110_g0u0600,46,110,g0u0600,L2-M4,862492.369007,51982570748406568.000000
Pd110_g0u0600,46,110,g0u0600,L3-M4,828282.383637,9888496060598522.000000
Pd110_g0u0600,46,110,g0u0600,L3-M5,832536.715838,59893180185336880.000000
Pd110_g0u0600,46,110,g0u0600,M4-N6,295245.481594,12166942025030242.000000
Pd110_g0u0600,46,110,g0u0600,M5-N6,290991.149393,850044217929716.250000
Pd110_g0u0600,46,110,g0u0600,M5-N7,291878.766850,12852832985018242.000000
Pd110_g0u0600,46,110,g0u0600,N6-O8,135233.762886,3839678632352107.500000
Pd110_g0u0600,46,110,g0u0600,N7-O8,134346.145429,140506697136759.953125
Pd110_g0u0600,46,110,g0u0600,N7-O9,134617.030995,3957672402408241.000000
Pd110_g0u0600,46,110,g0u0600,O8-P10,73140.425127,1498409850834991.750000
Pd110_g0u0600,46,110,g0u0600,O9-P10,72869.539561,33794821630298.011719
Pd110_g0u0600,46,110,g0u0600,O9-P11,72973.659173,1527582136567679.750000
Pd110_g0u0600,46,110,g0u0600,P10-Q12,44000.464194,677966194687369.750000
Pd110_g0u0600,46,110,g0u0600,P11-Q12,43896.344582,10374826564984.347656
Pd110_g0u0600,46,110,g0u0600,P11-Q13,43943.070427,687102752315620.000000
Pd110_g0u0600,46,110,g0u0600,Q12-R14,28519.510731,341806637251579.125000
Pd110_g0u0600,46,110,g0u0600,Q13-R14,28472.784885,3782960331358.929199
Pd110_g0u0600,46,110,g0u0600,Q13-R15,28496.226812,345189125294071.875000
Pd110_g0u0600,46,110,g0u0600,L3-N5,1123375.834907,19095624839575684.000000
Pd110_g0u0700,46,110,g0u0700,K1-L2,3034686.779757,390244670465282048.000000
Pd110_g0u0700,46,110,g0u0700,K1-L3,3068896.774328,396097709517895680.000000
Pd110_g0u0700,46,110,g0u0700,L2-M4,862492.409321,51982574813868488.000000
Pd110_g0u0700,46,110,g0u0700,L3-M4,828282.414750,9888496207914690.000000
Pd110_g0u0700,46,110,g0u0700,L3-M5,832536.747147,59893181112416080.000000
Pd110_g0u0700,46,110,g0u0700,M4-N6,295245.487170,12166942239637182.000000
Pd110_g0u0700,46,110,g0u0700,M5-N6,290991.154772,850044316085523.125000
Pd110_g0u0700,46,110,g0u0700,M5-N7,291878.772261,12852833212256168.000000
Pd110_g0u0700,46,110,g0u0700,N6-O8,135233.765218,3839678694046949.000000
Pd110_g0u0700,46,110,g0u0700,N7-O8,134346.147729,140506699368138.671875
Pd110_g0u0700,46,110,g0u0700,N7-O9,134617.033304,3957672465990049.000000
Pd110_g0u0700,46,110,g0u0700,O8-P10,73140.426250,1498410017043342.750000
Pd110_g0u0700,46,110,g0u0700,O9-P10,72869.540674,33794822096398.152344
Pd110_g0u0700,46,110,g0u0700,O9-P11,72973.660289,1527582157805771.500000
Pd110_g0u0700,46,110,g0u0700,P10-Q12,44000.464766,677966202432273.750000
Pd110_g0u0700,46,110,g0u0700,P11-Q12,43896.345151,10374826682752.130859
Pd110_g0u0700,46,110,g0u0700,P11-Q13,43943.070998,687102760161767.500000
Pd110_g0u0700,46,110,g0u0700,Q12-R14,28519.511029,341806640288368.312500
Pd110_g0u0700,46,110,g0u0700,Q13-R14,28472.785182,3782960364801.897949
Pd110_g0u0700,46,110,g0u0700,Q13-R15,28496.227109,345189128359511.062500
Pd110_g0u0700,46,110,g0u0700,L3-N5,1123375.871482,19095627438081792.000000
Pd110_g0u0800,46,110,g0u0800,K1-L2,3034687.235940,390244748403409600.000000
Pd110_g0u0800,46,110,g0u0800,K1-L3,3068897.236536,396097784950432448.000000
Pd110_g0u0800,46,110,g0u0800,L2-M4,862492.436290,51982575300652392.000000
Pd110_g0u0800,46,110,g0u0800,L3-M4,828282.435694,9888496994550856.000000
Pd110_g0u0800,46,110,g0u0800,L3-M5,832536.768227,59893185772208984.000000
Pd110_g0u0800,46,110,g0u0800,M4-N6,295245.491055,12166942389328096.000000
Pd110_g0u0800,46,110,g0u0800,M5-N6,290991.158522,850044326381078.250000
Pd110_g0u0800,46,110,g0u0800,M5-N7,291878.776033,12852833370742360.000000
Pd110_g0u0800,46,110,g0u0800,N6-O8,135233.766845,3839678737072395.000000
Pd110_g0u0800,46,110,g0u0800,N7-O8,134346.149333,140506715838012.125000
Pd110_g0u0800,46,110,g0u0800,N7-O9,134617.034915,3957672510330766.500000
Pd110_g0u0800,46,110,g0u0800,O8-P10,73140.427032,1498410031576318.500000
Pd110_g0u0800,46,110,g0u0800,O9-P10,72869.541451,33794825725900.605469
Pd110_g0u0800,46,110,g0u0800,O9-P11,72973.661068,1527582172617818.750000
Pd110_g0u0800,46,110,g0u0800,P10-Q12,44000.465165,677966207832808.750000
Pd110_g0u0800,46,110,g0u0800,P11-Q12,43896.345548,10374826764873.476562
Pd110_g0u0800,46,110,g0u0800,P11-Q13,43943.071395,687102765633768.000000
Pd110_g0u0800,46,110,g0u0800,Q12-R14,28519.511237,341806642406290.812500
Pd110_g0u0800,46,110,g0u0800,Q13-R14,28472.785390,3782960388126.309570
Pd110_g0u0800,46,110,g0u0800,Q13-R15,28496.227317,345189130497187.937500
Pd110_g0u0800,46,110,g0u0800,L3-N5,1123375.896232,19095627906291996.000000
Pd110_g0u0900,46,110,g0u0900,K1-L2,3034687.549833,390244820429223616.000000
Pd110_g0u0900,46,110,g0u0900,K1-L3,3068897.554593,396097826640692992.000000
Pd110_g0u0900,46,110,g0u0900,L2-M4,862492.455293,51982575664676736.000000
Pd110_g0u0900,46,110,g0u0900,L3-M4,828282.450533,9888497071687564.000000
Pd110_g0u0900,46,110,g0u0900,L3-M5,832536.783164,59893186257105352.000000
Pd110_g0u0900,46,110,g0u0900,M4-N6,295245.493889,12166942498616198.000000
Pd110_g0u0900,46,110,g0u0900,M5-N6,290991.161258,850044333897101.000000
Pd110_g0u0900,46,110,g0u0900,M5-N7,291878.778785,12852833486441344.000000
Pd110_g0u0900,46,110,g0u0900,N6-O8,135233.768032,3839678768479231.000000
Pd110_g0u0900,46,110,g0u0900,N7-O8,134346.150504,140506716973931.250000
Pd110_g0u0900,46,110,g0u0900,N7-O9,134617.036090,3957672542699241.000000
Pd110_g0u0900,46,110,g0u0900,O8-P10,73140.427603,1498410042186201.500000
Pd110_g0u0900,46,110,g0u0900,O9-P10,72869.542017,33794825963188.074219
Pd110_g0u0900,46,110,g0u0900,O9-P11,72973.661636,1527582183429135.250000
Pd110_g0u0900,46,110,g0u0900,P10-Q12,44000.465456,677966211776122.750000
Pd110_g0u0900,46,110,g0u0900,P11-Q12,43896.345837,10374826824834.298828
Pd110_g0u0900,46,110,g0u0900,P11-Q13,43943.071686,687102769627473.375000
Pd110_g0u0900,46,110,g0u0900,Q12-R14,28519.511389,341806643952368.312500
Pd110_g0u0900,46,110,g0u0900,Q13-R14,28472.785541,3782960405151.459961
Pd110_g0u0900,46,110,g0u0900,Q13-R15,28496.227468,345189132057924.750000
Pd110_g0u0900,46,110,g0u0900,L3-N5,1123375.913849,19095628237877920.000000
Pd110_g0u1000,46,110,g0u1000,K1-L2,3034687.775164,390244859500406272.000000
Pd110_g0u1000,46,110,g0u1000,K1-L3,3068897.782927,396097892095381184.000000
Pd110_g0u1000,46,110,g0u1000,L2-M4,862492.469234,51982579333817152.000000
Pd110_g0u1000,46,110,g0u1000,L3-M4,828282.461471,9888497130630566.000000
Pd110_g0u1000,46,110,g0u1000,L3-M5,832536.794175,59893186627483088.000000
Pd110_g0u1000,46,110,g0u1000,M4-N6,295245.496031,12166942581273924.000000
Pd110_g0u1000,46,110,g0u1000,M5-N6,290991.163326,850044339581316.000000
Pd110_g0u1000,46,110,g0u1000,M5-N7,291878.780866,12852833573943116.000000
Pd110_g0u1000,46,110,g0u1000,N6-O8,135233.768930,3839678792231187.000000
Pd110_g0u1000,46,110,g0u1000,N7-O8,134346.151390,140506717832989.234375
Pd110_g0u1000,46,110,g0u1000,N7-O9,134617.036979,3957672567177996.500000
Pd110_g0u1000,46,110,g0u1000,O8-P10,73140.428035,1498410050209812.250000
Pd110_g0u1000,46,110,g0u1000,O9-P10,72869.542446,33794826142634.652344
Pd110_g0u1000,46,110,g0u1000,O9-P11,72973.662066,1527582191606605.750000
Pd110_g0u1000,46,110,g0u1000,P10-Q12,44000.465676,677966214757877.375000
Pd110_g0u1000,46,110,g0u1000,P11-Q12,43896.346056,10374826870175.601562
Pd110_g0u1000,46,110,g0u1000,P11-Q13,43943.071905,687102772648866.000000
Pd110_g0u1000,46,110,g0u1000,Q12-R14,28519.511504,341806645121596.062500
Pd110_g0u1000,46,110,g0u1000,Q13-R14,28472.785655,3782960418028.577637
Pd110_g0u1000,46,110,g0u1000,Q13-R15,28496.227583,345189133238555.250000
Pd110_g0u1000,46,110,g0u1000,L3-N5,1123375.926887,19095628482195584.000000
Pd110_g0u1100,46,110,g0u1100,K1-L2,3034687.942173,390244866860218624.000000
Pd110_g0u1100,46,110,g0u1100,K1-L3,3068897.952169,396097899747708608.000000
Pd110_g0u1100,46,110,g0u1100,L2-M4,862492.479775,51982579556054968.000000
Pd110_g0u1100,46,110,g0u1100,L3-M4,828282.469779,9888497176908014.000000
Pd110_g0u1100,46,110,g0u1100,L3-M5,832536.802540,59893186918174504.000000
Pd110_g0u1100,46,110,g0u1100,M4-N6,295245.497696,12166942645580448.000000
Pd110_g0u1100,46,110,g0u1100,M5-N6,290991.164935,850044344003244.500000
Pd110_g0u1100,46,110,g0u1100,M5-N7,291878.782485,12852833642014090.000000
Pd110_g0u1100,46,110,g0u1100,N6-O8,135233.769628,3839678810707085.500000
Pd110_g0u1100,46,110,g0u1100,N7-O8,134346.152078,140506718501228.859375
Pd110_g0u1100,46,110,g0u1100,N7-O9,134617.037671,3957672586218173.500000
Pd110_g0u1100,46,110,g0u1100,O8-P10,73140.428371,1498410056449890.000000
Pd110_g0u1100,46,110,g0u1100,O9-P10,72869.542779,33794826282190.730469
Pd110_g0u1100,46,110,g0u1100,O9-P11,72973.662400,1527582197966847.750000
Pd110_g0u1100,46,110,g0u1100,P10-Q12,44000.465848,677966271779287.375000
Pd110_g0u1100,46,110,g0u1100,P11-Q12,43896.346227,10374826905445.339844
Pd110_g0u1100,46,110,g0u1100,P11-Q13,43943.072076,687102774998119.125000
Pd110_g0u1100,46,110,g0u1100,Q12-R14,28519.511593,341806646031268.562500
Pd110_g0u1100,46,110,g0u1100,Q13-R14,28472.785744,3782960428045.760254
Pd110_g0u1100,46,110,g0u1100,Q13-R15,28496.227672,345189134156472.187500
Pd110_g0u1100,46,110,g0u1100,L3-N5,1123375.936827,19095628667678320.000000
Pd110_g0u1200,46,110,g0u1200,K1-L2,3034688.072030,390244901898805888.000000
Pd110_g0u1200,46,110,g0u1200,K1-L3,3068898.083773,396097933400597120.000000
Pd110_g0u1200,46,110,g0u1200,L2-M4,862492.488116,51982579733716448.000000
Pd110_g0u1200,46,110,g0u1200,L3-M4,828282.476373,9888497213801566.000000
Pd110_g0u1200,46,110,g0u1200,L3-M5,832536.809179,59893187149904032.000000
Pd110_g0u1200,46,110,g0u1200,M4-N6,295245.499022,12166942696767440.000000
Pd110_g0u1200,46,110,g0u1200,M5-N6,290991.166215,850044347523030.125000
Pd110_g0u1200,46,110,g0u1200,M5-N7,291878.783773,12852833696195736.000000
Pd110_g0u1200,46,110,g0u1200,N6-O8,135233.770184,3839678825412839.500000
Pd110_g0u1200,46,110,g0u1200,N7-O8,134346.152627,140506719033103.937500
Pd110_g0u1200,46,110,g0u1200,N7-O9,134617.038221,3957672601374964.500000
Pd110_g0u1200,46,110,g0u1200,O8-P10,73140.428639,1498410061418159.500000
Pd110_g0u1200,46,110,g0u1200,O9-P10,72869.543045,33794826393306.015625
Pd110_g0u1200,46,110,g0u1200,O9-P11,72973.662666,1527582203029217.000000
Pd110_g0u1200,46,110,g0u1200,P10-Q12,44000.465984,677966273625623.500000
Pd110_g0u1200,46,110,g0u1200,P11-Q12,43896.346363,10374826933520.167969
Pd110_g0u1200,46,110,g0u1200,P11-Q13,43943.072212,687102776868388.500000
Pd110_g0u1200,46,110,g0u1200,Q12-R14,28519.511664,341806646755195.500000
Pd110_g0u1200,46,110,g0u1200,Q13-R14,28472.785815,3782960436017.826172
Pd110_g0u1200,46,110,g0u1200,Q13-R15,28496.227743,345189177894709.187500
Pd110_g0u1200,46,110,g0u1200,L3-N5,1123375.944721,19095628814929096.000000
Pd110_g0u1300,46,110,g0u1300,K1-L2,3034688.173724,390244906399450560.000000
Pd110_g0u1300,46,110,g0u1300,K1-L3,3068898.186829,396097938082940928.000000
Pd110_g0u1300,46,110,g0u1300,L2-M4,862492.494648,51982579880451000.000000
Pd110_g0u1300,46,110,g0u1300,L3-M4,828282.481543,9888497244061750.000000
Pd110_g0u1300,46,110,g0u1300,L3-M5,832536.814386,59893187339894176.000000
Pd110_g0u1300,46,110,g0u1300,M4-N6,295245.500096,12166942738308892.000000
Pd110_g0u1300,46,110,g0u1300,M5-N6,290991.167254,850044350379263.375000
Pd110_g0u1300,46,110,g0u1300,M5-N7,291878.784817,12852833740161660.000000
Pd110_g0u1300,46,110,g0u1300,N6-O8,135233.770635,3839678837344374.000000
Pd110_g0u1300,46,110,g0u1300,N7-O8,134346.153072,140506719464642.640625
Pd110_g0u1300,46,110,g0u1300,N7-O9,134617.038668,3957672613672247.500000
Pd110_g0u1300,46,110,g0u1300,O8-P10,73140.428856,1498410065449343.250000
Pd110_g0u1300,46,110,g0u1300,O9-P10,72869.543260,33794826483462.890625
Pd110_g0u1300,46,110,g0u1300,O9-P11,72973.662882,1527582207137445.750000
Pd110_g0u1300,46,110,g0u1300,P10-Q12,44000.466095,677966275124025.125000
Pd110_g0u1300,46,110,g0u1300,P11-Q12,43896.346473,10374826956305.107422
Pd110_g0u1300,46,110,g0u1300,P11-Q13,43943.072322,687102778386188.625000
Pd110_g0u1300,46,110,g0u1300,Q12-R14,28519.511722,341806647342871.437500
Pd110_g0u1300,46,110,g0u1300,Q13-R14,28472.785872,3782960442489.759277
Pd110_g0u1300,46,110,g0u1300,Q13-R15,28496.227800,345189178488070.875000
Pd110_g0u1300,46,110,g0u1300,L3-N5,1123375.950944,19095628930233516.000000
Pd110_g0u1400,46,110,g0u1400,K1-L2,3034688.060838,390244899266242432.000000
Pd110_g0u1400,46,110,g0u1400,K1-L3,3068898.072059,396097930732771968.000000
Pd110_g0u1400,46,110,g0u1400,L2-M4,862492.487907,51982580143280368.000000
Pd110_g0u1400,46,110,g0u1400,L3-M4,828282.476686,9888497286991974.000000
Pd110_g0u1400,46,110,g0u1400,L3-M5,832536.809535,59893187605260672.000000
Pd110_g0u1400,46,110,g0u1400,M4-N6,295245.500928,12166942773008500.000000
Pd110_g0u1400,46,110,g0u1400,M5-N6,290991.168079,850044352751098.375000
Pd110_g0u1400,46,110,g0u1400,M5-N7,291878.785648,12852833776669098.000000
Pd110_g0u1400,46,110,g0u1400,N6-O8,135233.771007,3839678847184907.500000
Pd110_g0u1400,46,110,g0u1400,N7-O8,134346.153438,140506719820550.593750
Pd110_g0u1400,46,110,g0u1400,N7-O9,134617.039036,3957672623812484.500000
Pd110_g0u1400,46,110,g0u1400,O8-P10,73140.429035,1498410068772044.250000
Pd110_g0u1400,46,110,g0u1400,O9-P10,72869.543437,33794826557773.492188
Pd110_g0u1400,46,110,g0u1400,O9-P11,72973.663060,1527582210524935.750000
Pd110_g0u1400,46,110,g0u1400,P10-Q12,44000.466186,677966276358609.250000
Pd110_g0u1400,46,110,g0u1400,P11-Q12,43896.346563,10374826975079.083984
Pd110_g0u1400,46,110,g0u1400,P11-Q13,43943.072413,687102779637658.375000
Pd110_g0u1400,46,110,g0u1400,Q12-R14,28519.511769,341806647826962.937500
Pd110_g0u1400,46,110,g0u1400,Q13-R14,28472.785920,3782960447821.307617
Pd110_g0u1400,46,110,g0u1400,Q13-R15,28496.227848,345189178977040.375000
Pd110_g0u1400,46,110,g0u1400,L3-N5,1123375.946921,19095628816040664.000000
Pd110_g0u1500,46,110,g0u1500,K1-L2,3034682.645865,390243893827038976.000000
Pd110_g0u1500,46,110,g0u1500,K1-L3,3068892.573544,396096926167220736.000000
Pd110_g0u1500,46,110,g0u1500,L2-M4,862492.148470,51982567310276808.000000
Pd110_g0u1500,46,110,g0u1500,L3-M4,828282.220792,9888495088141554.000000
Pd110_g0u1500,46,110,g0u1500,L3-M5,832536.553019,59893174802465128.000000
Pd110_g0u1500,46,110,g0u1500,M4-N6,295245.500145,12166942814537320.000000
Pd110_g0u1500,46,110,g0u1500,M5-N6,290991.167918,850044355207105.250000
Pd110_g0u1500,46,110,g0u1500,M5-N7,291878.785490,12852833814314520.000000
Pd110_g0u1500,46,110,g0u1500,N6-O8,135233.771316,3839678855418305.000000
Pd110_g0u1500,46,110,g0u1500,N7-O8,134346.153744,140506720118157.250000
Pd110_g0u1500,46,110,g0u1500,N7-O9,134617.039343,3957672632292380.500000
Pd110_g0u1500,46,110,g0u1500,O8-P10,73140.429184,1498410071551628.000000
Pd110_g0u1500,46,110,g0u1500,O9-P10,72869.543586,33794826619936.871094
Pd110_g0u1500,46,110,g0u1500,O9-P11,72973.663209,1527582213356752.500000
Pd110_g0u1500,46,110,g0u1500,P10-Q12,44000.466262,677966277391392.125000
Pd110_g0u1500,46,110,g0u1500,P11-Q12,43896.346639,10374826990783.011719
Pd110_g0u1500,46,110,g0u1500,P11-Q13,43943.072489,687102780684031.375000
Pd110_g0u1500,46,110,g0u1500,Q12-R14,28519.511809,341806648231561.250000
Pd110_g0u1500,46,110,g0u1500,Q13-R14,28472.785959,3782960452277.054199
Pd110_g0u1500,46,110,g0u1500,Q13-R15,28496.227887,345189179385678.312500
Pd110_g0u1500,46,110,g0u1500,L3-N5,1123375.690757,19095619134195820.000000
Pd110_g0u1600,46,110,g0u1600,K1-L2,3034557.122702,390220883503289216.000000
Pd110_g0u1600,46,110,g0u1600,K1-L3,3068765.138683,396074384906456064.000000
Pd110_g0u1600,46,110,g0u1600,L2-M4,862484.473811,51982196578002072.000000
Pd110_g0u1600,46,110,g0u1600,L3-M4,828276.457830,9888437588691526.000000
Pd110_g0u1600,46,110,g0u1600,L3-M5,832530.775774,59892835445421376.000000
Pd110_g0u1600,46,110,g0u1600,M4-N6,295245.467465,12166941955219988.000000
Pd110_g0u1600,46,110,g0u1600,M5-N6,290991.149521,850044284038248.125000
Pd110_g0u1600,46,110,g0u1600,M5-N7,291878.767076,12852833999030172.000000
Pd110_g0u1600,46,110,g0u1600,N6-O8,135233.771544,3839678862562105.500000
Pd110_g0u1600,46,110,g0u1600,N7-O8,134346.153989,140506720372678.062500
Pd110_g0u1600,46,110,g0u1600,N7-O9,134617.039589,3957672639543950.000000
Pd110_g0u1600,46,110,g0u1600,O8-P10,73140.429311,1498410073902211.750000
Pd110_g0u1600,46,110,g0u1600,O9-P10,72869.543711,33794826672506.769531
Pd110_g0u1600,46,110,g0u1600,O9-P11,72973.663335,1527582215752424.750000
Pd110_g0u1600,46,110,g0u1600,P10-Q12,44000.466327,677966278265305.000000
Pd110_g0u1600,46,110,g0u1600,P11-Q12,43896.346704,10374827004071.265625
Pd110_g0u1600,46,110,g0u1600,P11-Q13,43943.072553,687102781569349.125000
Pd110_g0u1600,46,110,g0u1600,Q12-R14,28519.511843,341806648574400.187500
Pd110_g0u1600,46,110,g0u1600,Q13-R14,28472.785993,3782960456052.757324
Pd110_g0u1600,46,110,g0u1600,Q13-R15,28496.227921,345189179731782.937500
Pd110_g0u1600,46,110,g0u1600,L3-N5,1123369.906545,19095391809182728.000000
Pd110_g0u1700,46,110,g0u1700,K1-L2,3035851.020122,390460989037973632.000000
Pd110_g0u1700,46,110,g0u1700,K1-L3,3070079.178405,396310274527680512.000000
Pd110_g0u1700,46,110,g0u1700,L2-M4,862567.555761,51986184572232360.000000
Pd110_g0u1700,46,110,g0u1700,L3-M4,828339.397478,9889068747445564.000000
Pd110_g0u1700,46,110,g0u1700,L3-M5,832593.873137,59896533005501776.000000
Pd110_g0u1700,46,110,g0u1700,M4-N6,295245.844112,12166953950879088.000000
Pd110_g0u1700,46,110,g0u1700,M5-N6,290991.368452,850044914935173.750000
Pd110_g0u1700,46,110,g0u1700,M5-N7,291878.986242,12852840883470348.000000
Pd110_g0u1700,46,110,g0u1700,N6-O8,135233.772180,3839678866362661.000000
Pd110_g0u1700,46,110,g0u1700,N7-O8,134346.154390,140506720554636.468750
Pd110_g0u1700,46,110,g0u1700,N7-O9,134617.039991,3957672644741738.500000
Pd110_g0u1700,46,110,g0u1700,O8-P10,73140.429419,1498410075912339.000000
Pd110_g0u1700,46,110,g0u1700,O9-P10,72869.543819,33794826717471.976562
Pd110_g0u1700,46,110,g0u1700,O9-P11,72973.663442,1527582366201391.250000
Pd110_g0u1700,46,110,g0u1700,P10-Q12,44000.466382,677966279012654.875000
Pd110_g0u1700,46,110,g0u1700,P11-Q12,43896.346758,10374827015435.630859
Pd110_g0u1700,46,110,g0u1700,P11-Q13,43943.072608,687102782325962.250000
Pd110_g0u1700,46,110,g0u1700,Q12-R14,28519.511871,341806648867447.875000
Pd110_g0u1700,46,110,g0u1700,Q13-R14,28472.786021,3782960459279.455566
Pd110_g0u1700,46,110,g0u1700,Q13-R15,28496.227950,345189180027328.750000
Pd110_g0u1700,46,110,g0u1700,L3-N5,1123433.091384,19097893662853540.000000
Pd110_g0u1800,46,110,g0u1800,K1-L2,3034191.028289,390157627452268800.000000
Pd110_g0u1800,46,110,g0u1800,K1-L3,3068394.018398,396012639171645696.000000
Pd110_g0u1800,46,110,g0u1800,L2-M4,862466.970441,51981373676448744.000000
Pd110_g0u1800,46,110,g0u1800,L3-M4,828263.980332,9888313781627148.000000
Pd110_g0u1800,46,110,g0u1800,L3-M5,832518.268931,59892117626235536.000000
Pd110_g0u1800,46,110,g0u1800,M4-N6,295245.408621,12166940175654796.000000
Pd110_g0u1800,46,110,g0u1800,M5-N6,290991.120023,850044303848591.000000
Pd110_g0u1800,46,110,g0u1800,M5-N7,291878.737553,12852833057414520.000000
Pd110_g0u1800,46,110,g0u1800,N6-O8,135233.771915,3839678873906043.000000
Pd110_g0u1800,46,110,g0u1800,N7-O8,134346.154385,140506720776956.156250
Pd110_g0u1800,46,110,g0u1800,N7-O9,134617.039986,3957672651062461.000000
Pd110_g0u1800,46,110,g0u1800,O8-P10,73140.429513,1498410077648917.250000
Pd110_g0u1800,46,110,g0u1800,O9-P10,72869.543911,33794826756300.972656
Pd110_g0u1800,46,110,g0u1800,O9-P11,72973.663535,1527582367969719.500000
Pd110_g0u1800,46,110,g0u1800,P10-Q12,44000.466430,677966279657916.125000
Pd110_g0u1800,46,110,g0u1800,P11-Q12,43896.346806,10374827025246.986328
Pd110_g0u1800,46,110,g0u1800,P11-Q13,43943.072656,687102782979269.500000
Pd110_g0u1800,46,110,g0u1800,Q12-R14,28519.511896,341806649120552.750000
Pd110_g0u1800,46,110,g0u1800,Q13-R14,28472.786046,3782960462066.469238
Pd110_g0u1800,46,110,g0u1800,Q13-R15,28496.227974,345189180282857.312500
Pd110_g0u1800,46,110,g0u1800,L3-N5,1123357.388571,19094898561085144.000000
Pd110_g2u1000,46,110,g2u1000,K1-L2,3034694.373782,390246019635579008.000000
Pd110_g2u1000,46,110,g2u1000,K1-L3,3068904.469586,396098893888782208.000000
Pd110_g2u1000,46,110,g2u1000,L2-M4,862492.765649,51982591074088656.000000
Pd110_g2u1000,46,110,g2u1000,L3-M4,828282.669845,9888500155708356.000000
Pd110_g2u1000,46,110,g2u1000,L3-M5,832537.003067,59893195211686632.000000
Pd110_g2u1000,46,110,g2u1000,M4-N6,295245.495267,12166942351953028.000000
Pd110_g2u1000,46,110,g2u1000,M5-N6,290991.162045,850044338975316.250000
Pd110_g2u1000,46,110,g2u1000,M5-N7,291878.779619,12852833248664914.000000
Pd110_g2u1000,46,110,g2u1000,N6-O8,135233.768052,3839678749875893.000000
Pd110_g2u1000,46,110,g2u1000,N7-O8,134346.150479,140506739306254.796875
Pd110_g2u1000,46,110,g2u1000,N7-O9,134617.036086,3957672383273629.500000
Pd110_g2u1000,46,110,g2u1000,O8-P10,73140.427545,1498410045984661.500000
Pd110_g2u1000,46,110,g2u1000,O9-P10,72869.541938,33794828746841.070312
Pd110_g2u1000,46,110,g2u1000,O9-P11,72973.661583,1527582151253851.500000
Pd110_g2u1000,46,110,g2u1000,P10-Q12,44000.465382,677966211553999.250000
Pd110_g2u1000,46,110,g2u1000,P11-Q12,43896.345736,10374826884586.035156
Pd110_g2u1000,46,110,g2u1000,P11-Q13,43943.071613,687102766188893.375000
Pd110_g2u1000,46,110,g2u1000,Q12-R14,28519.511402,341806643657875.500000
Pd110_g2u1000,46,110,g2u1000,Q13-R14,28472.785526,3782960648682.052734
Pd110_g2u1000,46,110,g2u1000,Q13-R15,28496.227478,345189128853710.875000
Pd110_g2u1000,46,110,g2u1000,L3-N5,1123376.134068,19095655078188444.000000
Ag107_g0u0050,47,107,g0u0050,K1-L2,3145542.119841,421028730789414720.000000
Ag107_g0u0050,47,107,g0u0050,K1-L3,3182616.608202,427838382187364352.000000
Ag107_g0u0050,47,107,g0u0050,L2-M4,901558.300055,56715131770280488.000000
Ag107_g0u0050,47,107,g0u0050,L3-M4,864483.811694,10767202380349446.000000
Ag107_g0u0050,47,107,g0u0050,L3-M5,869123.823545,65243793435522248.000000
Ag107_g0u0050,47,107,g0u0050,M4-N6,308454.463421,13268729090167860.000000
Ag107_g0u0050,47,107,g0u0050,M5-N6,303814.451570,926118215436498.250000
Ag107_g0u0050,47,107,g0u0050,M5-N7,304782.278844,14008037688541004.000000
Ag107_g0u0050,47,107,g0u0050,N6-O8,141227.673611,4186002242005170.500000
Ag107_g0u0050,47,107,g0u0050,N7-O8,140259.846336,153098451134908.906250
Ag107_g0u0050,47,107,g0u0050,N7-O9,140555.155889,4313479407959302.500000
Ag107_g0u0050,47,107,g0u0050,O8-P10,76370.545685,1633342559837397.250000
Ag107_g0u0050,47,107,g0u0050,O9-P10,76075.236132,36825622982102.968750
Ag107_g0u0050,47,107,g0u0050,O9-P11,76188.732526,1664907595561959.000000
Ag107_g0u0050,47,107,g0u0050,P10-Q12,45940.166786,738964655065453.625000
Ag107_g0u0050,47,107,g0u0050,P11-Q12,45826.670392,11305624019260.486328
Ag107_g0u0050,47,107,g0u0050,P11-Q13,45877.601131,748861242631452.375000
Ag107_g0u0050,47,107,g0u0050,Q12-R14,29775.401464,372542768622274.375000
Ag107_g0u0050,47,107,g0u0050,Q13-R14,29724.470724,4122420943288.057129
Ag107_g0u0050,47,107,g0u0050,Q13-R15,29750.021070,376209548433527.562500
Ag107_g0u0100,47,107,g0u0100,K1-L2,3145884.473083,421086694405325696.000000
Ag107_g0u0100,47,107,g0u0100,K1-L3,3182963.333628,427894599978815104.000000
Ag107_g0u0100,47,107,g0u0100,L2-M4,901571.049899,56715896633788472.000000
Ag107_g0u0100,47,107,g0u0100,L3-M4,864492.189354,10767314468438996.000000
Ag107_g0u0100,47,107,g0u0100,L3-M5,869132.235332,65244457574424016.000000
Ag107_g0u0100,47,107,g0u0100,M4-N6,308455.235159,13268793861227628.000000
Ag107_g0u0100,47,107,g0u0100,M5-N6,303815.189181,926122673988378.875000
Ag107_g0u0100,47,107,g0u0100,M5-N7,304783.021168,14008105181176268.000000
Ag107_g0u0100,47,107,g0u0100,N6-O8,141228.003621,4186021018230328.500000
Ag107_g0u0100,47,107,g0u0100,N7-O8,140260.171634,153099122906903.656250
Ag107_g0u0100,47,107,g0u0100,N7-O9,140555.482509,4313498784765028.000000
Ag107_g0u0100,47,107,g0u0100,O8-P10,76370.704729,1633348989357725.500000
Ag107_g0u0100,47,107,g0u0100,O9-P10,76075.393854,36825767954401.289062
Ag107_g0u0100,47,107,g0u0100,O9-P11,76188.890695,1664914153054761.250000
Ag107_g0u0100,47,107,g0u0100,P10-Q12,45940.248216,738967122842731.875000
Ag107_g0u0100,47,107,g0u0100,P11-Q12,45826.751375,11305661771946.207031
Ag107_g0u0100,47,107,g0u0100,P11-Q13,45877.682282,748863686099350.500000
Ag107_g0u0100,47,107,g0u0100,Q12-R14,29775.444121,372543779417990.562500
Ag107_g0u0100,47,107,g0u0100,Q13-R14,29724.513214,4122431634131.368164
Ag107_g0u0100,47,107,g0u0100,Q13-R15,29750.063627,376210501903854.625000
Ag107_g0u0150,47,107,g0u0150,K1-L2,3145943.299514,421096728760947776.000000
Ag107_g0u0150,47,107,g0u0150,K1-L3,3183022.917275,427904337933908288.000000
Ag107_g0u0150,47,107,g0u0150,L2-M4,901573.542172,56716064833863392.000000
Ag107_g0u0150,47,107,g0u0150,L3-M4,864493.924411,10767339564821582.000000
Ag107_g0u0150,47,107,g0u0150,L3-M5,869133.979002,65244610940962592.000000
Ag107_g0u0150,47,107,g0u0150,M4-N6,308455.430596,13268808884177848.000000
Ag107_g0u0150,47,107,g0u0150,M5-N6,303815.376005,926123814699513.750000
Ag107_g0u0150,47,107,g0u0150,M5-N7,304783.209149,14008121139951056.000000
Ag107_g0u0150,47,107,g0u0150,N6-O8,141228.084357,4186025772151188.000000
Ag107_g0u0150,47,107,g0u0150,N7-O8,140260.251213,153099297002599.250000
Ag107_g0u0150,47,107,g0u0150,N7-O9,140555.562412,4313503256821745.500000
Ag107_g0u0150,47,107,g0u0150,O8-P10,76370.743695,1633350657286448.750000
Ag107_g0u0150,47,107,g0u0150,O9-P10,76075.432496,36825805579744.890625
Ag107_g0u0150,47,107,g0u0150,O9-P11,76188.929447,1664915854263884.250000
Ag107_g0u0150,47,107,g0u0150,P10-Q12,45940.268172,738967748448896.500000
Ag107_g0u0150,47,107,g0u0150,P11-Q12,45826.771222,11305671344448.062500
Ag107_g0u0150,47,107,g0u0150,P11-Q13,45877.702170,748864320235642.250000
Ag107_g0u0150,47,107,g0u0150,Q12-R14,29775.454580,372544002181575.062500
Ag107_g0u0150,47,107,g0u0150,Q13-R14,29724.523632,4122434591622.042480
Ag107_g0u0150,47,107,g0u0150,Q13-R15,29750.074061,376210794206830.437500
Ag107_g0u0200,47,107,g0u0200,K1-L2,3145963.121626,421100162598175616.000000
Ag107_g0u0200,47,107,g0u0200,K1-L3,3183043.001342,427907704152823936.000000
Ag107_g0u0200,47,107,g0u0200,L2-M4,901574.469311,56716130373514952.000000
Ag107_g0u0200,47,107,g0u0200,L3-M4,864494.589595,10767349812974506.000000
Ag107_g0u0200,47,107,g0u0200,L3-M5,869134.647662,65244671904832304.000000
Ag107_g0u0200,47,107,g0u0200,M4-N6,308455.511757,13268815747965152.000000
Ag107_g0u0200,47,107,g0u0200,M5-N6,303815.453691,926124296909831.500000
Ag107_g0u0200,47,107,g0u0200,M5-N7,304783.287316,14008128431545218.000000
Ag107_g0u0200,47,107,g0u0200,N6-O8,141228.117946,4186027961632470.500000
Ag107_g0u0200,47,107,g0u0200,N7-O8,140260.284321,153099377276744.250000
Ag107_g0u0200,47,107,g0u0200,N7-O9,140555.595654,4313505516774405.500000
Ag107_g0u0200,47,107,g0u0200,O8-P10,76370.759907,1633351275958601.750000
Ag107_g0u0200,47,107,g0u0200,O9-P10,76075.448574,36825819522720.937500
Ag107_g0u0200,47,107,g0u0200,O9-P11,76188.945570,1664916485217156.750000
Ag107_g0u0200,47,107,g0u0200,P10-Q12,45940.276477,738967980422966.125000
Ag107_g0u0200,47,107,g0u0200,P11-Q12,45826.779481,11305674891508.642578
Ag107_g0u0200,47,107,g0u0200,P11-Q13,45877.710446,748864613269461.250000
Ag107_g0u0200,47,107,g0u0200,Q12-R14,29775.458933,372544137534251.437500
Ag107_g0u0200,47,107,g0u0200,Q13-R14,29724.527967,4122435597065.217285
Ag107_g0u0200,47,107,g0u0200,Q13-R15,29750.078403,376210886020186.750000
Ag107_g0u0250,47,107,g0u0250,K1-L2,3145972.178468,421101750925186624.000000
Ag107_g0u0250,47,107,g0u0250,K1-L3,3183052.179451,427909235905281088.000000
Ag107_g0u0250,47,107,g0u0250,L2-M4,901574.915838,56716158545759584.000000
Ag107_g0u0250,47,107,g0u0250,L3-M4,864494.914855,10767355037631508.000000
Ag107_g0u0250,47,107,g0u0250,L3-M5,869134.974692,65244703009231016.000000
Ag107_g0u0250,47,107,g0u0250,M4-N6,308455.554307,13268819870493904.000000
Ag107_g0u0250,47,107,g0u0250,M5-N6,303815.494470,926124500133379.500000
Ag107_g0u0250,47,107,g0u0250,M5-N7,304783.328348,14008131516874222.000000
Ag107_g0u0250,47,107,g0u0250,N6-O8,141228.135593,4186028869950841.000000
Ag107_g0u0250,47,107,g0u0250,N7-O8,140260.301715,153099410483732.375000
Ag107_g0u0250,47,107,g0u0250,N7-O9,140555.613119,4313506453996358.000000
Ag107_g0u0250,47,107,g0u0250,O8-P10,76370.768426,1633351745055036.250000
Ag107_g0u0250,47,107,g0u0250,O9-P10,76075.457022,36825830122824.484375
Ag107_g0u0250,47,107,g0u0250,O9-P11,76188.954042,1664916808866523.500000
Ag107_g0u0250,47,107,g0u0250,P10-Q12,45940.280840,738968156514086.625000
Ag107_g0u0250,47,107,g0u0250,P11-Q12,45826.783821,11305676710664.925781
Ag107_g0u0250,47,107,g0u0250,P11-Q13,45877.714795,748864733870473.875000
Ag107_g0u0250,47,107,g0u0250,Q12-R14,29775.461220,372544161962738.062500
Ag107_g0u0250,47,107,g0u0250,Q13-R14,29724.530246,4122436359733.242676
Ag107_g0u0250,47,107,g0u0250,Q13-R15,29750.080685,376210955572261.562500
Ag107_g0u0300,47,107,g0u0300,K1-L2,3145977.076774,421102625018857792.000000
Ag107_g0u0300,47,107,g0u0300,K1-L3,3183057.143850,427910079125802688.000000
Ag107_g0u0300,47,107,g0u0300,L2-M4,901575.166009,56716174991064304.000000
Ag107_g0u0300,47,107,g0u0300,L3-M4,864495.098933,10767358483907806.000000
Ag107_g0u0300,47,107,g0u0300,L3-M5,869135.159808,65244719329363696.000000
Ag107_g0u0300,47,107,g0u0300,M4-N6,308455.579818,13268822102213184.000000
Ag107_g0u0300,47,107,g0u0300,M5-N6,303815.518943,926124656965816.250000
Ag107_g0u0300,47,107,g0u0300,M5-N7,304783.352973,14008133887224416.000000
Ag107_g0u0300,47,107,g0u0300,N6-O8,141228.146193,4186029583286368.500000
Ag107_g0u0300,47,107,g0u0300,N7-O8,140260.312163,153099436645927.687500
Ag107_g0u0300,47,107,g0u0300,N7-O9,140555.623610,4313507190323384.000000
Ag107_g0u0300,47,107,g0u0300,O8-P10,76370.773542,1633351844533932.750000
Ag107_g0u0300,47,107,g0u0300,O9-P10,76075.462096,36825832346081.851562
Ag107_g0u0300,47,107,g0u0300,O9-P11,76188.959130,1664917065125215.000000
Ag107_g0u0300,47,107,g0u0300,P10-Q12,45940.283461,738968250790423.125000
Ag107_g0u0300,47,107,g0u0300,P11-Q12,45826.786427,11305678154231.103516
Ag107_g0u0300,47,107,g0u0300,P11-Q13,45877.717407,748864829439236.000000
Ag107_g0u0300,47,107,g0u0300,Q12-R14,29775.462594,372544221072324.000000
Ag107_g0u0300,47,107,g0u0300,Q13-R14,29724.531614,4122436521273.449707
Ag107_g0u0300,47,107,g0u0300,Q13-R15,29750.082056,376210970384943.812500
Ag107_g0u0350,47,107,g0u0350,K1-L2,3145980.026865,421103145599192192.000000
Ag107_g0u0350,47,107,g0u0350,K1-L3,3183060.133967,427910581717382080.000000
Ag107_g0u0350,47,107,g0u0350,L2-M4,901575.320887,56716190764682528.000000
Ag107_g0u0350,47,107,g0u0350,L3-M4,864495.213785,10767359601341994.000000
Ag107_g0u0350,47,107,g0u0350,L3-M5,869135.275326,65244730246678992.000000
Ag107_g0u0350,47,107,g0u0350,M4-N6,308455.596513,13268822767920046.000000
Ag107_g0u0350,47,107,g0u0350,M5-N6,303815.534972,926124702716875.125000
Ag107_g0u0350,47,107,g0u0350,M5-N7,304783.369101,14008135886983598.000000
Ag107_g0u0350,47,107,g0u0350,N6-O8,141228.153140,4186029775489632.500000
Ag107_g0u0350,47,107,g0u0350,N7-O8,140260.319011,153099443590283.125000
Ag107_g0u0350,47,107,g0u0350,N7-O9,140555.630485,4313507388352126.000000
Ag107_g0u0350,47,107,g0u0350,O8-P10,76370.776896,1633352061475323.000000
Ag107_g0u0350,47,107,g0u0350,O9-P10,76075.465422,36825837252636.859375
Ag107_g0u0350,47,107,g0u0350,O9-P11,76188.962465,1664917131562078.000000
Ag107_g0u0350,47,107,g0u0350,P10-Q12,45940.285179,738968275155988.625000
Ag107_g0u0350,47,107,g0u0350,P11-Q12,45826.788136,11305679403126.769531
Ag107_g0u0350,47,107,g0u0350,P11-Q13,45877.719119,748864854121607.000000
Ag107_g0u0350,47,107,g0u0350,Q12-R14,29775.463494,372544230691170.875000
Ag107_g0u0350,47,107,g0u0350,Q13-R14,29724.532512,4122436627161.837891
Ag107_g0u0350,47,107,g0u0350,Q13-R15,29750.082954,376210980093520.812500
Ag107_g0u0400,47,107,g0u0400,K1-L2,3145981.942060,421103471116488704.000000
Ag107_g0u0400,47,107,g0u0400,K1-L3,3183062.075263,427910925115027008.000000
Ag107_g0u0400,47,107,g0u0400,L2-M4,901575.423795,56716199041433552.000000
Ag107_g0u0400,47,107,g0u0400,L3-M4,864495.290592,10767360603274982.000000
Ag107_g0u0400,47,107,g0u0400,L3-M5,869135.352589,65244740429673056.000000
Ag107_g0u0400,47,107,g0u0400,M4-N6,308455.608135,13268824448386820.000000
Ag107_g0u0400,47,107,g0u0400,M5-N6,303815.546138,926124734609652.750000
Ag107_g0u0400,47,107,g0u0400,M5-N7,304783.380336,14008136378509156.000000
Ag107_g0u0400,47,107,g0u0400,N6-O8,141228.157982,4186029909457681.000000
Ag107_g0u0400,47,107,g0u0400,N7-O8,140260.323784,153099463997429.250000
Ag107_g0u0400,47,107,g0u0400,N7-O9,140555.635277,4313507960562963.000000
Ag107_g0u0400,47,107,g0u0400,O8-P10,76370.779233,1633352106922268.500000
Ag107_g0u0400,47,107,g0u0400,O9-P10,76075.467740,36825838268333.070312
Ag107_g0u0400,47,107,g0u0400,O9-P11,76188.964790,1664917177871968.750000
Ag107_g0u0400,47,107,g0u0400,P10-Q12,45940.286377,738968292140191.625000
Ag107_g0u0400,47,107,g0u0400,P11-Q12,45826.789327,11305679661258.384766
Ag107_g0u0400,47,107,g0u0400,P11-Q13,45877.720312,748864929237836.250000
Ag107_g0u0400,47,107,g0u0400,Q12-R14,29775.464122,372544237396025.687500
Ag107_g0u0400,47,107,g0u0400,Q13-R14,29724.533137,4122436700970.651367
Ag107_g0u0400,47,107,g0u0400,Q13-R15,29750.083581,376210986861783.750000
Ag107_g0u0450,47,107,g0u0450,K1-L2,3145983.256358,421103710584479552.000000
Ag107_g0u0450,47,107,g0u0450,K1-L3,3183063.407541,427911156331357440.000000
Ag107_g0u0450,47,107,g0u0450,L2-M4,901575.495869,56716199962799304.000000
Ag107_g0u0450,47,107,g0u0450,L3-M4,864495.344686,10767361531218412.000000
Ag107_g0u0450,47,107,g0u0450,L3-M5,869135.407011,65244741795989656.000000
Ag107_g0u0450,47,107,g0u0450,M4-N6,308455.616607,13268824787135658.000000
Ag107_g0u0450,47,107,g0u0450,M5-N6,303815.554281,926124844919615.500000
Ag107_g0u0450,47,107,g0u0450,M5-N7,304783.388530,14008136737203580.000000
Ag107_g0u0450,47,107,g0u0450,N6-O8,141228.161515,4186030007213504.500000
Ag107_g0u0450,47,107,g0u0450,N7-O8,140260.327266,153099467529370.000000
Ag107_g0u0450,47,107,g0u0450,N7-O9,140555.638774,4313508061282677.500000
Ag107_g0u0450,47,107,g0u0450,O8-P10,76370.780939,1633352140085684.000000
Ag107_g0u0450,47,107,g0u0450,O9-P10,76075.469431,36825842458883.539062
Ag107_g0u0450,47,107,g0u0450,O9-P11,76188.966486,1664917366556444.500000
Ag107_g0u0450,47,107,g0u0450,P10-Q12,45940.287251,738968361635784.375000
Ag107_g0u0450,47,107,g0u0450,P11-Q12,45826.790196,11305679849617.380859
Ag107_g0u0450,47,107,g0u0450,P11-Q13,45877.721183,748864941792099.125000
Ag107_g0u0450,47,107,g0u0450,Q12-R14,29775.464580,372544242288151.562500
Ag107_g0u0450,47,107,g0u0450,Q13-R14,29724.533593,4122437248576.460449
Ag107_g0u0450,47,107,g0u0450,Q13-R15,29750.084038,376211014247269.812500
Ag107_g0u0500,47,107,g0u0500,K1-L2,3145984.197715,421103873409558848.000000
Ag107_g0u0500,47,107,g0u0500,K1-L3,3183064.361822,427911313800222080.000000
Ag107_g0u0500,47,107,g0u0500,L2-M4,901575.548446,56716207754376400.000000
Ag107_g0u0500,47,107,g0u0500,L3-M4,864495.384340,10767362409249434.000000
Ag107_g0u0500,47,107,g0u0500,L3-M5,869135.446911,65244747019270768.000000
Ag107_g0u0500,47,107,g0u0500,M4-N6,308455.623006,13268825043287676.000000
Ag107_g0u0500,47,107,g0u0500,M5-N6,303815.560435,926124862516803.500000
Ag107_g0u0500,47,107,g0u0500,M5-N7,304783.394723,14008138303061856.000000
Ag107_g0u0500,47,107,g0u0500,N6-O8,141228.164186,4186030081120153.500000
Ag107_g0u0500,47,107,g0u0500,N7-O8,140260.329899,153099470199635.843750
Ag107_g0u0500,47,107,g0u0500,N7-O9,140555.641418,4313508137429727.000000
Ag107_g0u0500,47,107,g0u0500,O8-P10,76370.782229,1633352316898662.000000
Ag107_g0u0500,47,107,g0u0500,O9-P10,76075.470710,36825843019228.039062
Ag107_g0u0500,47,107,g0u0500,O9-P11,76188.967769,1664917392104553.500000
Ag107_g0u0500,47,107,g0u0500,P10-Q12,45940.287911,738968371006249.375000
Ag107_g0u0500,47,107,g0u0500,P11-Q12,45826.790853,11305680870615.031250
Ag107_g0u0500,47,107,g0u0500,P11-Q13,45877.721841,748864951283794.625000
Ag107_g0u0500,47,107,g0u0500,Q12-R14,29775.464927,372544245987442.500000
Ag107_g0u0500,47,107,g0u0500,Q13-R14,29724.533938,4122437289299.539551
Ag107_g0u0500,47,107,g0u0500,Q13-R15,29750.084383,376211017981518.687500
Ag107_g0u0550,47,107,g0u0550,K1-L2,3145984.895285,421104025839989568.000000
Ag107_g0u0550,47,107,g0u0550,K1-L3,3183065.068998,427911431790414976.000000
Ag107_g0u0550,47,107,g0u0550,L2-M4,901575.588064,56716208332875520.000000
Ag107_g0u0550,47,107,g0u0550,L3-M4,864495.414351,10767362540255550.000000
Ag107_g0u0550,47,107,g0u0550,L3-M5,869135.477111,65244747846851528.000000
Ag107_g0u0550,47,107,g0u0550,M4-N6,308455.627978,13268826458856192.000000
Ag107_g0u0550,47,107,g0u0550,M5-N6,303815.565219,926124876202584.375000
Ag107_g0u0550,47,107,g0u0550,M5-N7,304783.399536,14008138513981750.000000
Ag107_g0u0550,47,107,g0u0550,N6-O8,141228.166264,4186030138593981.000000
Ag107_g0u0550,47,107,g0u0550,N7-O8,140260.331947,153099472276183.218750
Ag107_g0u0550,47,107,g0u0550,N7-O9,140555.643473,4313508196647449.000000
Ag107_g0u0550,47,107,g0u0550,O8-P10,76370.783231,1633352336396145.750000
Ag107_g0u0550,47,107,g0u0550,O9-P10,76075.471705,36825843454978.656250
Ag107_g0u0550,47,107,g0u0550,O9-P11,76188.968766,1664917411971425.000000
Ag107_g0u0550,47,107,g0u0550,P10-Q12,45940.288425,738968378293389.000000
Ag107_g0u0550,47,107,g0u0550,P11-Q12,45826.791364,11305680981365.736328
Ag107_g0u0550,47,107,g0u0550,P11-Q13,45877.722353,748864958665008.000000
Ag107_g0u0550,47,107,g0u0550,Q12-R14,29775.465196,372544293299602.250000
Ag107_g0u0550,47,107,g0u0550,Q13-R14,29724.534206,4122437320969.161621
Ag107_g0u0550,47,107,g0u0550,Q13-R15,29750.084652,376211020885307.125000
Ag107_g0u0600,47,107,g0u0600,K1-L2,3145985.426724,421104079829967936.000000
Ag107_g0u0600,47,107,g0u0600,K1-L3,3183065.607776,427911513677954112.000000
Ag107_g0u0600,47,107,g0u0600,L2-M4,901575.618715,56716208804914712.000000
Ag107_g0u0600,47,107,g0u0600,L3-M4,864495.437663,10767363357736040.000000
Ag107_g0u0600,47,107,g0u0600,L3-M5,869135.500572,65244752686636304.000000
Ag107_g0u0600,47,107,g0u0600,M4-N6,308455.631933,13268826617434338.000000
Ag107_g0u0600,47,107,g0u0600,M5-N6,303815.569025,926124887094684.875000
Ag107_g0u0600,47,107,g0u0600,M5-N7,304783.403365,14008138681846604.000000
Ag107_g0u0600,47,107,g0u0600,N6-O8,141228.167917,4186030184332574.500000
Ag107_g0u0600,47,107,g0u0600,N7-O8,140260.333576,153099489495571.968750
Ag107_g0u0600,47,107,g0u0600,N7-O9,140555.645110,4313508243772642.000000
Ag107_g0u0600,47,107,g0u0600,O8-P10,76370.784029,1633352351912862.750000
Ag107_g0u0600,47,107,g0u0600,O9-P10,76075.472496,36825843801761.726562
Ag107_g0u0600,47,107,g0u0600,O9-P11,76188.969560,1664917427783803.000000
Ag107_g0u0600,47,107,g0u0600,P10-Q12,45940.288834,738968384092237.125000
Ag107_g0u0600,47,107,g0u0600,P11-Q12,45826.791770,11305681069499.789062
Ag107_g0u0600,47,107,g0u0600,P11-Q13,45877.722761,748865022451851.500000
Ag107_g0u0600,47,107,g0u0600,Q12-R14,29775.465410,372544295589318.875000
Ag107_g0u0600,47,107,g0u0600,Q13-R14,29724.534420,4122437346175.514648
Ag107_g0u0600,47,107,g0u0600,Q13-R15,29750.084866,376211023196275.500000
Ag107_g0u0700,47,107,g0u0700,K1-L2,3145986.170327,421104234852755520.000000
Ag107_g0u0700,47,107,g0u0700,K1-L3,3183066.361688,427911663101473088.000000
Ag107_g0u0700,47,107,g0u0700,L2-M4,901575.662486,56716213059460616.000000
Ag107_g0u0700,47,107,g0u0700,L3-M4,864495.471125,10767364228193720.000000
Ag107_g0u0700,47,107,g0u0700,L3-M5,869135.534251,65244753686812344.000000
Ag107_g0u0700,47,107,g0u0700,M4-N6,308455.637781,13268826852174902.000000
Ag107_g0u0700,47,107,g0u0700,M5-N6,303815.574655,926124903216463.875000
Ag107_g0u0700,47,107,g0u0700,M5-N7,304783.409031,14008138930311910.000000
Ag107_g0u0700,47,107,g0u0700,N6-O8,141228.170364,4186030252027405.000000
Ag107_g0u0700,47,107,g0u0700,N7-O8,140260.335988,153099491941402.250000
Ag107_g0u0700,47,107,g0u0700,N7-O9,140555.647531,4313508747700725.500000
Ag107_g0u0700,47,107,g0u0700,O8-P10,76370.785211,1633352374879433.250000
Ag107_g0u0700,47,107,g0u0700,O9-P10,76075.473667,36825844315043.046875
Ag107_g0u0700,47,107,g0u0700,O9-P11,76188.970734,1664917451184865.750000
Ag107_g0u0700,47,107,g0u0700,P10-Q12,45940.289439,738968392675672.250000
Ag107_g0u0700,47,107,g0u0700,P11-Q12,45826.792372,11305681199952.689453
Ag107_g0u0700,47,107,g0u0700,P11-Q13,45877.723364,748865031146285.875000
Ag107_g0u0700,47,107,g0u0700,Q12-R14,29775.465728,372544298978100.812500
Ag107_g0u0700,47,107,g0u0700,Q13-R14,29724.534736,4122437383480.358887
Ag107_g0u0700,47,107,g0u0700,Q13-R15,29750.085182,376211026616813.000000
Ag107_g0u0800,47,107,g0u0800,K1-L2,3145986.654658,421104317670448960.000000
Ag107_g0u0800,47,107,g0u0800,K1-L3,3183066.852766,427911743351218752.000000
Ag107_g0u0800,47,107,g0u0800,L2-M4,901575.691734,56716213578383112.000000
Ag107_g0u0800,47,107,g0u0800,L3-M4,864495.493626,10767364340590378.000000
Ag107_g0u0800,47,107,g0u0800,L3-M5,869135.556902,65244758569010320.000000
Ag107_g0u0800,47,107,g0u0800,M4-N6,308455.641855,13268827015914022.000000
Ag107_g0u0800,47,107,g0u0800,M5-N6,303815.578580,926125001496594.375000
Ag107_g0u0800,47,107,g0u0800,M5-N7,304783.412980,14008139103599488.000000
Ag107_g0u0800,47,107,g0u0800,N6-O8,141228.172070,4186030719318633.500000
Ag107_g0u0800,47,107,g0u0800,N7-O8,140260.337670,153099493647102.281250
Ag107_g0u0800,47,107,g0u0800,N7-O9,140555.649220,4313508796340079.500000
Ag107_g0u0800,47,107,g0u0800,O8-P10,76370.786034,1633352390895036.750000
Ag107_g0u0800,47,107,g0u0800,O9-P10,76075.474484,36825844672975.820312
Ag107_g0u0800,47,107,g0u0800,O9-P11,76188.971553,1664917622396956.250000
Ag107_g0u0800,47,107,g0u0800,P10-Q12,45940.289861,738968398661173.125000
Ag107_g0u0800,47,107,g0u0800,P11-Q12,45826.792792,11305681290920.447266
Ag107_g0u0800,47,107,g0u0800,P11-Q13,45877.723784,748865037209807.625000
Ag107_g0u0800,47,107,g0u0800,Q12-R14,29775.465949,372544301341232.250000
Ag107_g0u0800,47,107,g0u0800,Q13-R14,29724.534956,4122437409494.792969
Ag107_g0u0800,47,107,g0u0800,Q13-R15,29750.085403,376211029001978.750000
Ag107_g0u0900,47,107,g0u0900,K1-L2,3145986.987877,421104393810106688.000000
Ag107_g0u0900,47,107,g0u0900,K1-L3,3183067.190647,427911816660500928.000000
Ag107_g0u0900,47,107,g0u0900,L2-M4,901575.712324,56716213967261880.000000
Ag107_g0u0900,47,107,g0u0900,L3-M4,864495.509554,10767364423742508.000000
Ag107_g0u0900,47,107,g0u0900,L3-M5,869135.572938,65244759093041456.000000
Ag107_g0u0900,47,107,g0u0900,M4-N6,308455.644827,13268827135459086.000000
Ag107_g0u0900,47,107,g0u0900,M5-N6,303815.581443,926125009705099.625000
Ag107_g0u0900,47,107,g0u0900,M5-N7,304783.415861,14008139230107084.000000
Ag107_g0u0900,47,107,g0u0900,N6-O8,141228.173315,4186030753779748.500000
Ag107_g0u0900,47,107,g0u0900,N7-O8,140260.338897,153099494892187.343750
Ag107_g0u0900,47,107,g0u0900,N7-O9,140555.650452,4313508831847635.500000
Ag107_g0u0900,47,107,g0u0900,O8-P10,76370.786636,1633352402586650.250000
Ag107_g0u0900,47,107,g0u0900,O9-P10,76075.475081,36825844934273.203125
Ag107_g0u0900,47,107,g0u0900,O9-P11,76188.972151,1664917634311196.250000
Ag107_g0u0900,47,107,g0u0900,P10-Q12,45940.290169,738968460132586.000000
Ag107_g0u0900,47,107,g0u0900,P11-Q12,45826.793098,11305681357328.169922
Ag107_g0u0900,47,107,g0u0900,P11-Q13,45877.724091,748865041635786.500000
Ag107_g0u0900,47,107,g0u0900,Q12-R14,29775.466110,372544303066018.687500
Ag107_g0u0900,47,107,g0u0900,Q13-R14,29724.535117,4122437428481.610840
Ag107_g0u0900,47,107,g0u0900,Q13-R15,29750.085564,376211030743727.312500
Ag107_g0u1000,47,107,g0u1000,K1-L2,3145987.227060,421104435318613312.000000
Ag107_g0u1000,47,107,g0u1000,K1-L3,3183067.433190,427911856905109568.000000
Ag107_g0u1000,47,107,g0u1000,L2-M4,901575.727416,56716214267706432.000000
Ag107_g0u1000,47,107,g0u1000,L3-M4,864495.521286,10767364487323408.000000
Ag107_g0u1000,47,107,g0u1000,L3-M5,869135.584751,65244759493552160.000000
Ag107_g0u1000,47,107,g0u1000,M4-N6,308455.647073,13268827225879624.000000
Ag107_g0u1000,47,107,g0u1000,M5-N6,303815.583608,926125015913283.750000
Ag107_g0u1000,47,107,g0u1000,M5-N7,304783.418040,14008140620440150.000000
Ag107_g0u1000,47,107,g0u1000,N6-O8,141228.174257,4186030779842518.500000
Ag107_g0u1000,47,107,g0u1000,N7-O8,140260.339826,153099495833839.656250
Ag107_g0u1000,47,107,g0u1000,N7-O9,140555.651385,4313508858698619.000000
Ag107_g0u1000,47,107,g0u1000,O8-P10,76370.787090,1633352411428024.250000
Ag107_g0u1000,47,107,g0u1000,O9-P10,76075.475531,36825845131867.445312
Ag107_g0u1000,47,107,g0u1000,O9-P11,76188.972604,1664917643320477.000000
Ag107_g0u1000,47,107,g0u1000,P10-Q12,45940.290402,738968463437152.375000
Ag107_g0u1000,47,107,g0u1000,P11-Q12,45826.793330,11305681407552.080078
Ag107_g0u1000,47,107,g0u1000,P11-Q13,45877.724323,748865044983356.625000
Ag107_g0u1000,47,107,g0u1000,Q12-R14,29775.466232,372544304371064.437500
Ag107_g0u1000,47,107,g0u1000,Q13-R14,29724.535239,4122437442848.089844
Ag107_g0u1000,47,107,g0u1000,Q13-R15,29750.085686,376211032060314.437500
Ag107_g0u1100,47,107,g0u1100,K1-L2,3145987.404863,421104443631510272.000000
Ag107_g0u1100,47,107,g0u1100,K1-L3,3183067.613501,427911894277104768.000000
Ag107_g0u1100,47,107,g0u1100,L2-M4,901575.738852,56716214505442528.000000
Ag107_g0u1100,47,107,g0u1100,L3-M4,864495.530214,10767365249169082.000000
Ag107_g0u1100,47,107,g0u1100,L3-M5,869135.593741,65244759807757888.000000
Ag107_g0u1100,47,107,g0u1100,M4-N6,308455.648819,13268827296222602.000000
Ag107_g0u1100,47,107,g0u1100,M5-N6,303815.585292,926125020742660.375000
Ag107_g0u1100,47,107,g0u1100,M5-N7,304783.419734,14008140694867308.000000
Ag107_g0u1100,47,107,g0u1100,N6-O8,141228.174990,4186030800115482.000000
Ag107_g0u1100,47,107,g0u1100,N7-O8,140260.340548,153099496566308.750000
Ag107_g0u1100,47,107,g0u1100,N7-O9,140555.652110,4313508879586533.000000
Ag107_g0u1100,47,107,g0u1100,O8-P10,76370.787444,1633352418305425.250000
Ag107_g0u1100,47,107,g0u1100,O9-P10,76075.475882,36825848734952.203125
Ag107_g0u1100,47,107,g0u1100,O9-P11,76188.972955,1664917650327773.250000
Ag107_g0u1100,47,107,g0u1100,P10-Q12,45940.290583,738968466007597.875000
Ag107_g0u1100,47,107,g0u1100,P11-Q12,45826.793510,11305681446617.378906
Ag107_g0u1100,47,107,g0u1100,P11-Q13,45877.724504,748865047587635.000000
Ag107_g0u1100,47,107,g0u1100,Q12-R14,29775.466327,372544305385610.250000
Ag107_g0u1100,47,107,g0u1100,Q13-R14,29724.535333,4122437454017.197266
Ag107_g0u1100,47,107,g0u1100,Q13-R15,29750.085781,376211033085297.125000
Ag107_g0u1200,47,107,g0u1200,K1-L2,3145987.538979,421104480378531584.000000
Ag107_g0u1200,47,107,g0u1200,K1-L3,3183067.749513,427911900865397760.000000
Ag107_g0u1200,47,107,g0u1200,L2-M4,901575.747640,56716221768215840.000000
Ag107_g0u1200,47,107,g0u1200,L3-M4,864495.537106,10767365289351400.000000
Ag107_g0u1200,47,107,g0u1200,L3-M5,869135.600683,65244764234147456.000000
Ag107_g0u1200,47,107,g0u1200,M4-N6,308455.650208,13268827352224186.000000
Ag107_g0u1200,47,107,g0u1200,M5-N6,303815.586631,926125024587071.125000
Ag107_g0u1200,47,107,g0u1200,M5-N7,304783.421081,14008140754117398.000000
Ag107_g0u1200,47,107,g0u1200,N6-O8,141228.175573,4186030816251614.000000
Ag107_g0u1200,47,107,g0u1200,N7-O8,140260.341123,153099497149313.187500
Ag107_g0u1200,47,107,g0u1200,N7-O9,140555.652687,4313508896212744.000000
Ag107_g0u1200,47,107,g0u1200,O8-P10,76370.787726,1633352423780827.750000
Ag107_g0u1200,47,107,g0u1200,O9-P10,76075.476161,36825848857322.523438
Ag107_g0u1200,47,107,g0u1200,O9-P11,76188.973235,1664917655906496.500000
Ag107_g0u1200,47,107,g0u1200,P10-Q12,45940.290727,738968468054386.000000
Ag107_g0u1200,47,107,g0u1200,P11-Q12,45826.793653,11305681477725.154297
Ag107_g0u1200,47,107,g0u1200,P11-Q13,45877.724648,748865049659645.625000
Ag107_g0u1200,47,107,g0u1200,Q12-R14,29775.466403,372544306193572.000000
Ag107_g0u1200,47,107,g0u1200,Q13-R14,29724.535409,4122437462910.379395
Ag107_g0u1200,47,107,g0u1200,Q13-R15,29750.085856,376211033900573.062500
Ag107_g0u1300,47,107,g0u1300,K1-L2,3145987.720267,421104520191304064.000000
Ag107_g0u1300,47,107,g0u1300,K1-L3,3183067.933511,427911910627279488.000000
Ag107_g0u1300,47,107,g0u1300,L2-M4,901575.759412,56716221868402608.000000
Ag107_g0u1300,47,107,g0u1300,L3-M4,864495.546168,10767365314841980.000000
Ag107_g0u1300,47,107,g0u1300,L3-M5,869135.609794,65244764396331328.000000
Ag107_g0u1300,47,107,g0u1300,M4-N6,308455.651355,13268828613809644.000000
Ag107_g0u1300,47,107,g0u1300,M5-N6,303815.587730,926125027699411.375000
Ag107_g0u1300,47,107,g0u1300,M5-N7,304783.422187,14008140802084432.000000
Ag107_g0u1300,47,107,g0u1300,N6-O8,141228.176046,4186030829343632.000000
Ag107_g0u1300,47,107,g0u1300,N7-O8,140260.341589,153099497622328.343750
Ag107_g0u1300,47,107,g0u1300,N7-O9,140555.653155,4313508909702287.000000
Ag107_g0u1300,47,107,g0u1300,O8-P10,76370.787954,1633352428221752.000000
Ag107_g0u1300,47,107,g0u1300,O9-P10,76075.476388,36825848956572.914062
Ag107_g0u1300,47,107,g0u1300,O9-P11,76188.973463,1664917660432102.250000
Ag107_g0u1300,47,107,g0u1300,P10-Q12,45940.290844,738968469714257.750000
Ag107_g0u1300,47,107,g0u1300,P11-Q12,45826.793770,11305681502951.990234
Ag107_g0u1300,47,107,g0u1300,P11-Q13,45877.724764,748865051341046.375000
Ag107_g0u1300,47,107,g0u1300,Q12-R14,29775.466464,372544306849018.875000
Ag107_g0u1300,47,107,g0u1300,Q13-R14,29724.535470,4122437470125.595703
Ag107_g0u1300,47,107,g0u1300,Q13-R15,29750.085917,376211034561793.375000
Ag107_g0u1400,47,107,g0u1400,K1-L2,3145987.503827,421104475940257600.000000
Ag107_g0u1400,47,107,g0u1400,K1-L3,3183067.713385,427911896314623616.000000
Ag107_g0u1400,47,107,g0u1400,L2-M4,901575.745587,56716222237172072.000000
Ag107_g0u1400,47,107,g0u1400,L3-M4,864495.536029,10767365371777986.000000
Ag107_g0u1400,47,107,g0u1400,L3-M5,869135.599649,65244764747328256.000000
Ag107_g0u1400,47,107,g0u1400,M4-N6,308455.652195,13268828652069728.000000
Ag107_g0u1400,47,107,g0u1400,M5-N6,303815.588575,926125030300862.750000
Ag107_g0u1400,47,107,g0u1400,M5-N7,304783.423038,14008140842166604.000000
Ag107_g0u1400,47,107,g0u1400,N6-O8,141228.176436,4186030840139729.000000
Ag107_g0u1400,47,107,g0u1400,N7-O8,140260.341974,153099498012383.937500
Ag107_g0u1400,47,107,g0u1400,N7-O9,140555.653541,4313508920824470.500000
Ag107_g0u1400,47,107,g0u1400,O8-P10,76370.788142,1633352431884644.750000
Ag107_g0u1400,47,107,g0u1400,O9-P10,76075.476575,36825849038433.859375
Ag107_g0u1400,47,107,g0u1400,O9-P11,76188.973650,1664917664164752.750000
Ag107_g0u1400,47,107,g0u1400,P10-Q12,45940.290941,738968471083244.500000
Ag107_g0u1400,47,107,g0u1400,P11-Q12,45826.793866,11305681523758.662109
Ag107_g0u1400,47,107,g0u1400,P11-Q13,45877.724861,748865052728079.375000
Ag107_g0u1400,47,107,g0u1400,Q12-R14,29775.466515,372544307389429.687500
Ag107_g0u1400,47,107,g0u1400,Q13-R14,29724.535520,4122437476075.036621
Ag107_g0u1400,47,107,g0u1400,Q13-R15,29750.085968,376211035107815.687500
Ag107_g0u1500,47,107,g0u1500,K1-L2,3145985.920342,421104145046841600.000000
Ag107_g0u1500,47,107,g0u1500,K1-L3,3183066.105098,427911576183399488.000000
Ag107_g0u1500,47,107,g0u1500,L2-M4,901575.652417,56716216493538352.000000
Ag107_g0u1500,47,107,g0u1500,L3-M4,864495.467662,10767364121033968.000000
Ag107_g0u1500,47,107,g0u1500,L3-M5,869135.531124,65244757453174920.000000
Ag107_g0u1500,47,107,g0u1500,M4-N6,308455.652560,13268828687064120.000000
Ag107_g0u1500,47,107,g0u1500,M5-N6,303815.589098,926125032582892.250000
Ag107_g0u1500,47,107,g0u1500,M5-N7,304783.423565,14008140877291602.000000
Ag107_g0u1500,47,107,g0u1500,N6-O8,141228.176762,4186030849169057.000000
Ag107_g0u1500,47,107,g0u1500,N7-O8,140260.342295,153099498338565.500000
Ag107_g0u1500,47,107,g0u1500,N7-O9,140555.653864,4313508930125709.500000
Ag107_g0u1500,47,107,g0u1500,O8-P10,76370.788300,1633352434947518.000000
Ag107_g0u1500,47,107,g0u1500,O9-P10,76075.476731,36825849106886.742188
Ag107_g0u1500,47,107,g0u1500,O9-P11,76188.973807,1664917667284555.250000
Ag107_g0u1500,47,107,g0u1500,P10-Q12,45940.291022,738968472227524.250000
Ag107_g0u1500,47,107,g0u1500,P11-Q12,45826.793946,11305681541149.109375
Ag107_g0u1500,47,107,g0u1500,P11-Q13,45877.724941,748865053887070.625000
Ag107_g0u1500,47,107,g0u1500,Q12-R14,29775.466557,372544307841328.875000
Ag107_g0u1500,47,107,g0u1500,Q13-R14,29724.535562,4122437481049.374512
Ag107_g0u1500,47,107,g0u1500,Q13-R15,29750.086010,376211035563812.687500
Ag107_g0u1600,47,107,g0u1600,K1-L2,3145945.381415,421096405521633920.000000
Ag107_g0u1600,47,107,g0u1600,K1-L3,3183024.915210,427903969638463424.000000
Ag107_g0u1600,47,107,g0u1600,L2-M4,901573.091121,56716092403698720.000000
Ag107_g0u1600,47,107,g0u1600,L3-M4,864493.557327,10767345281215162.000000
Ag107_g0u1600,47,107,g0u1600,L3-M5,869133.615817,65244643580452280.000000
Ag107_g0u1600,47,107,g0u1600,M4-N6,308455.641794,13268827598750826.000000
Ag107_g0u1600,47,107,g0u1600,M5-N6,303815.583304,926125038139684.625000
Ag107_g0u1600,47,107,g0u1600,M5-N7,304783.417768,14008140961647308.000000
Ag107_g0u1600,47,107,g0u1600,N6-O8,141228.177026,4186030856873104.000000
Ag107_g0u1600,47,107,g0u1600,N7-O8,140260.342562,153099498615485.812500
Ag107_g0u1600,47,107,g0u1600,N7-O9,140555.654132,4313508938022007.500000
Ag107_g0u1600,47,107,g0u1600,O8-P10,76370.788433,1633352437538084.000000
Ag107_g0u1600,47,107,g0u1600,O9-P10,76075.476863,36825849164782.335938
Ag107_g0u1600,47,107,g0u1600,O9-P11,76188.973939,1664917669924814.500000
Ag107_g0u1600,47,107,g0u1600,P10-Q12,45940.291090,738968473196408.750000
Ag107_g0u1600,47,107,g0u1600,P11-Q12,45826.794014,11305681555874.701172
Ag107_g0u1600,47,107,g0u1600,P11-Q13,45877.725009,748865054868456.875000
Ag107_g0u1600,47,107,g0u1600,Q12-R14,29775.466593,372544308223403.375000
Ag107_g0u1600,47,107,g0u1600,Q13-R14,29724.535598,4122437485255.592285
Ag107_g0u1600,47,107,g0u1600,Q13-R15,29750.086046,376211035949875.625000
Ag107_g0u1700,47,107,g0u1700,K1-L2,3145730.813442,421053978776419264.000000
Ag107_g0u1700,47,107,g0u1700,K1-L3,3182806.722183,427862177182852480.000000
Ag107_g0u1700,47,107,g0u1700,L2-M4,901557.939742,56715325531709056.000000
Ag107_g0u1700,47,107,g0u1700,L3-M4,864482.031001,10767223751624648.000000
Ag107_g0u1700,47,107,g0u1700,L3-M5,869122.058782,65243935482683272.000000
Ag107_g0u1700,47,107,g0u1700,M4-N6,308455.568659,13268824624415792.000000
Ag107_g0u1700,47,107,g0u1700,M5-N6,303815.540877,926124890489975.125000
Ag107_g0u1700,47,107,g0u1700,M5-N7,304783.375297,14008138770999826.000000
Ag107_g0u1700,47,107,g0u1700,N6-O8,141228.177177,4186030863869965.500000
Ag107_g0u1700,47,107,g0u1700,N7-O8,140260.342758,153099498858648.875000
Ag107_g0u1700,47,107,g0u1700,N7-O9,140555.654329,4313508944953810.000000
Ag107_g0u1700,47,107,g0u1700,O8-P10,76370.788547,1633352439754017.500000
Ag107_g0u1700,47,107,g0u1700,O9-P10,76075.476976,36825849214305.039062
Ag107_g0u1700,47,107,g0u1700,O9-P11,76188.974052,1664917672182350.000000
Ag107_g0u1700,47,107,g0u1700,P10-Q12,45940.291148,738968474024488.250000
Ag107_g0u1700,47,107,g0u1700,P11-Q12,45826.794072,11305681568460.009766
Ag107_g0u1700,47,107,g0u1700,P11-Q13,45877.725067,748865055707737.375000
Ag107_g0u1700,47,107,g0u1700,Q12-R14,29775.466624,372544308550628.187500
Ag107_g0u1700,47,107,g0u1700,Q13-R14,29724.535629,4122437488858.435059
Ag107_g0u1700,47,107,g0u1700,Q13-R15,29750.086076,376211036279662.312500
Ag107_g0u1800,47,107,g0u1800,K1-L2,3136108.312955,419210008427840448.000000
Ag107_g0u1800,47,107,g0u1800,K1-L3,3173029.801393,426050897804297152.000000
Ag107_g0u1800,47,107,g0u1800,L2-M4,900949.396618,56684927526442872.000000
Ag107_g0u1800,47,107,g0u1800,L3-M4,864027.908180,10762468515162074.000000
Ag107_g0u1800,47,107,g0u1800,L3-M5,868666.748853,65216149394806072.000000
Ag107_g0u1800,47,107,g0u1800,M4-N6,308452.852537,13268733229931566.000000
Ag107_g0u1800,47,107,g0u1800,M5-N6,303814.011863,926121167962471.750000
Ag107_g0u1800,47,107,g0u1800,M5-N7,304781.844594,14008082276282864.000000
Ag107_g0u1800,47,107,g0u1800,N6-O8,141228.174478,4186030885450006.500000
Ag107_g0u1800,47,107,g0u1800,N7-O8,140260.341747,153099499298276.437500
Ag107_g0u1800,47,107,g0u1800,N7-O9,140555.653318,4313508957395567.500000
Ag107_g0u1800,47,107,g0u1800,O8-P10,76370.788644,1633352441670016.500000
Ag107_g0u1800,47,107,g0u1800,O9-P10,76075.477073,36825849257060.890625
Ag107_g0u1800,47,107,g0u1800,O9-P11,76188.974150,1664917674131921.250000
Ag107_g0u1800,47,107,g0u1800,P10-Q12,45940.291199,738968474738875.125000
Ag107_g0u1800,47,107,g0u1800,P11-Q12,45826.794122,11305681579317.443359
Ag107_g0u1800,47,107,g0u1800,P11-Q13,45877.725117,748865056431231.000000
Ag107_g0u1800,47,107,g0u1800,Q12-R14,29775.466650,372544308832813.937500
Ag107_g0u1800,47,107,g0u1800,Q13-R14,29724.535655,4122437491964.492188
Ag107_g0u1800,47,107,g0u1800,Q13-R15,29750.086103,376211036564319.687500
Ag107_g2u1000,47,107,g2u1000,K1-L2,3145994.130041,421105658677405312.000000
Ag107_g2u1000,47,107,g2u1000,K1-L3,3183074.433740,427912987478659712.000000
Ag107_g2u1000,47,107,g2u1000,L2-M4,901576.052444,56716229652325016.000000
Ag107_g2u1000,47,107,g2u1000,L3-M4,864495.748745,10767367594015548.000000
Ag107_g2u1000,47,107,g2u1000,L3-M5,869135.812751,65244774099523088.000000
Ag107_g2u1000,47,107,g2u1000,M4-N6,308455.646321,13268827333015840.000000
Ag107_g2u1000,47,107,g2u1000,M5-N6,303815.582316,926125016023737.125000
Ag107_g2u1000,47,107,g2u1000,M5-N7,304783.416783,14008140261520808.000000
Ag107_g2u1000,47,107,g2u1000,N6-O8,141228.173351,4186030729144233.000000
Ag107_g2u1000,47,107,g2u1000,N7-O8,140260.338885,153099511387446.250000
Ag107_g2u1000,47,107,g2u1000,N7-O9,140555.650463,4313508696282848.000000
Ag107_g2u1000,47,107,g2u1000,O8-P10,76370.786595,1633352408238434.250000
Ag107_g2u1000,47,107,g2u1000,O9-P10,76075.475016,36825846571745.882812
Ag107_g2u1000,47,107,g2u1000,O9-P11,76188.972121,1664917612012239.000000
Ag107_g2u1000,47,107,g2u1000,P10-Q12,45940.290130,738968458324748.875000
Ag107_g2u1000,47,107,g2u1000,P11-Q12,45826.793025,11305681431063.849609
Ag107_g2u1000,47,107,g2u1000,P11-Q13,45877.724039,748865036820596.125000
Ag107_g2u1000,47,107,g2u1000,Q12-R14,29775.466164,372544307822290.500000
Ag107_g2u1000,47,107,g2u1000,Q13-R14,29724.535151,4122437735713.053711
Ag107_g2u1000,47,107,g2u1000,Q13-R15,29750.085624,376211030501460.125000
In115_g0u0050,49,115,g0u0050,K1-L2,3322203.738239,478612841319393152.000000
In115_g0u0050,49,115,g0u0050,K1-L3,3364862.138278,487993652906127488.000000
In115_g0u0050,49,115,g0u0050,L2-M4,981000.894693,67077500087941360.000000
In115_g0u0050,49,115,g0u0050,L3-M4,938342.494654,12687870829821526.000000
In115_g0u0050,49,115,g0u0050,L3-M5,943830.878553,76954261997466608.000000
In115_g0u0050,49,115,g0u0050,M4-N6,335828.297392,15698955557124230.000000
In115_g0u0050,49,115,g0u0050,M5-N6,330339.913492,1093545364774833.125000
In115_g0u0050,49,115,g0u0050,M5-N7,331484.601205,16552556782563656.000000
In115_g0u0050,49,115,g0u0050,N6-O8,153636.520218,4949374421857214.000000
In115_g0u0050,49,115,g0u0050,N7-O8,152491.832506,180819350145679.625000
In115_g0u0050,49,115,g0u0050,N7-O9,152840.974175,5097269850150109.000000
In115_g0u0050,49,115,g0u0050,O8-P10,83054.621621,1930673609904018.750000
In115_g0u0050,49,115,g0u0050,O9-P10,82705.479952,43498946573526.375000
In115_g0u0050,49,115,g0u0050,O9-P11,82839.638928,1967413722204558.500000
In115_g0u0050,49,115,g0u0050,P10-Q12,49953.081278,873356678677075.875000
In115_g0u0050,49,115,g0u0050,P11-Q12,49818.922303,13355249411818.828125
In115_g0u0050,49,115,g0u0050,P11-Q13,49879.117593,884901690332759.750000
In115_g0u0050,49,115,g0u0050,Q12-R14,32373.277289,440253780485294.250000
In115_g0u0050,49,115,g0u0050,Q13-R14,32313.081999,4869945838021.259766
In115_g0u0050,49,115,g0u0050,Q13-R15,32343.277340,444538401060131.375000
In115_g0u0100,49,115,g0u0100,K1-L2,3322569.897053,478681414023500352.000000
In115_g0u0100,49,115,g0u0100,K1-L3,3365233.620292,488060506943496448.000000
In115_g0u0100,49,115,g0u0100,L2-M4,981016.514268,67078500326790880.000000
In115_g0u0100,49,115,g0u0100,L3-M4,938352.791029,12688016767366808.000000
In115_g0u0100,49,115,g0u0100,L3-M5,943841.218350,76955119558157760.000000
In115_g0u0100,49,115,g0u0100,M4-N6,335829.141596,15699033238219272.000000
In115_g0u0100,49,115,g0u0100,M5-N6,330340.714275,1093550621936751.625000
In115_g0u0100,49,115,g0u0100,M5-N7,331485.407588,16552636441239606.000000
In115_g0u0100,49,115,g0u0100,N6-O8,153636.882428,4949397195059641.000000
In115_g0u0100,49,115,g0u0100,N7-O8,152492.189115,180820166195990.750000
In115_g0u0100,49,115,g0u0100,N7-O9,152841.332363,5097292870967998.000000
In115_g0u0100,49,115,g0u0100,O8-P10,83054.797211,1930681461317587.500000
In115_g0u0100,49,115,g0u0100,O9-P10,82705.653963,43499123505357.179688
In115_g0u0100,49,115,g0u0100,O9-P11,82839.813476,1967421559857413.250000
In115_g0u0100,49,115,g0u0100,P10-Q12,49953.171989,873359637539881.750000
In115_g0u0100,49,115,g0u0100,P11-Q12,49819.012476,13355294650785.492188
In115_g0u0100,49,115,g0u0100,P11-Q13,49879.207970,884904751961367.500000
In115_g0u0100,49,115,g0u0100,Q12-R14,32373.325353,440255018955248.937500
In115_g0u0100,49,115,g0u0100,Q13-R14,32313.129859,4869959536543.572266
In115_g0u0100,49,115,g0u0100,Q13-R15,32343.325283,444539602894818.750000
In115_g0u0150,49,115,g0u0150,K1-L2,3322632.740410,478693303412362496.000000
In115_g0u0150,49,115,g0u0150,K1-L3,3365297.382688,488072077588329280.000000
In115_g0u0150,49,115,g0u0150,L2-M4,981019.522725,67078707389889056.000000
In115_g0u0150,49,115,g0u0150,L3-M4,938354.880446,12688047843398032.000000
In115_g0u0150,49,115,g0u0150,L3-M5,943843.318627,76955317528514416.000000
In115_g0u0150,49,115,g0u0150,M4-N6,335829.357112,15699051664904696.000000
In115_g0u0150,49,115,g0u0150,M5-N6,330340.918931,1093551913685287.375000
In115_g0u0150,49,115,g0u0150,M5-N7,331485.613621,16552657415862090.000000
In115_g0u0150,49,115,g0u0150,N6-O8,153636.971011,4949402606212723.000000
In115_g0u0150,49,115,g0u0150,N7-O8,152492.276322,180820380951491.156250
In115_g0u0150,49,115,g0u0150,N7-O9,152841.419957,5097298924369909.000000
In115_g0u0150,49,115,g0u0150,O8-P10,83054.840230,1930683364430161.500000
In115_g0u0150,49,115,g0u0150,O9-P10,82705.696595,43499166387955.015625
In115_g0u0150,49,115,g0u0150,O9-P11,82839.856240,1967423500406310.500000
In115_g0u0150,49,115,g0u0150,P10-Q12,49953.194218,873360416933094.375000
In115_g0u0150,49,115,g0u0150,P11-Q12,49819.034574,13355305617608.748047
In115_g0u0150,49,115,g0u0150,P11-Q13,49879.230118,884905478952725.750000
In115_g0u0150,49,115,g0u0150,Q12-R14,32373.337137,440255301744444.000000
In115_g0u0150,49,115,g0u0150,Q13-R14,32313.141593,4869962663367.313477
In115_g0u0150,49,115,g0u0150,Q13-R15,32343.337037,444539937237162.875000
In115_g0u0200,49,115,g0u0200,K1-L2,3322653.902492,478697323384875712.000000
In115_g0u0200,49,115,g0u0200,K1-L3,3365318.862172,488076059358439744.000000
In115_g0u0200,49,115,g0u0200,L2-M4,981020.635440,67078781827325824.000000
In115_g0u0200,49,115,g0u0200,L3-M4,938355.675760,12688061320631852.000000
In115_g0u0200,49,115,g0u0200,L3-M5,943844.118300,76955388444449312.000000
In115_g0u0200,49,115,g0u0200,M4-N6,335829.446564,15699059448436096.000000
In115_g0u0200,49,115,g0u0200,M5-N6,330341.004024,1093552459385206.625000
In115_g0u0200,49,115,g0u0200,M5-N7,331485.699286,16552665680538256.000000
In115_g0u0200,49,115,g0u0200,N6-O8,153637.007864,4949405087437121.000000
In115_g0u0200,49,115,g0u0200,N7-O8,152492.312602,180820454869005.000000
In115_g0u0200,49,115,g0u0200,N7-O9,152841.456398,5097301484234258.000000
In115_g0u0200,49,115,g0u0200,O8-P10,83054.858129,1930684239315612.750000
In115_g0u0200,49,115,g0u0200,O9-P10,82705.714333,43499182369779.195312
In115_g0u0200,49,115,g0u0200,O9-P11,82839.874032,1967424392581833.250000
In115_g0u0200,49,115,g0u0200,P10-Q12,49953.203469,873360746672967.375000
In115_g0u0200,49,115,g0u0200,P11-Q12,49819.043769,13355310661813.957031
In115_g0u0200,49,115,g0u0200,P11-Q13,49879.239334,884905813148967.625000
In115_g0u0200,49,115,g0u0200,Q12-R14,32373.342041,440255455730159.312500
In115_g0u0200,49,115,g0u0200,Q13-R14,32313.146476,4869964367983.286133
In115_g0u0200,49,115,g0u0200,Q13-R15,32343.341928,444540043958953.250000
In115_g0u0250,49,115,g0u0250,K1-L2,3322663.569494,478699204969630400.000000
In115_g0u0250,49,115,g0u0250,K1-L3,3365328.675975,488077849755857088.000000
In115_g0u0250,49,115,g0u0250,L2-M4,981021.169331,67078823770917256.000000
In115_g0u0250,49,115,g0u0250,L3-M4,938356.062850,12688067023879776.000000
In115_g0u0250,49,115,g0u0250,L3-M5,943844.507601,76955426936099744.000000
In115_g0u0250,49,115,g0u0250,M4-N6,335829.493430,15699064099063572.000000
In115_g0u0250,49,115,g0u0250,M5-N6,330341.048679,1093552786197866.375000
In115_g0u0250,49,115,g0u0250,M5-N7,331485.744241,16552670618881340.000000
In115_g0u0250,49,115,g0u0250,N6-O8,153637.027226,4949406128096437.000000
In115_g0u0250,49,115,g0u0250,N7-O8,152492.331664,180820492846590.218750
In115_g0u0250,49,115,g0u0250,N7-O9,152841.475544,5097302557465681.000000
In115_g0u0250,49,115,g0u0250,O8-P10,83054.867533,1930684603987348.250000
In115_g0u0250,49,115,g0u0250,O9-P10,82705.723653,43499190576617.671875
In115_g0u0250,49,115,g0u0250,O9-P11,82839.883381,1967424932669292.500000
In115_g0u0250,49,115,g0u0250,P10-Q12,49953.208329,873360884173321.500000
In115_g0u0250,49,115,g0u0250,P11-Q12,49819.048601,13355313716864.814453
In115_g0u0250,49,115,g0u0250,P11-Q13,49879.244177,884905952486939.000000
In115_g0u0250,49,115,g0u0250,Q12-R14,32373.344618,440255485895739.937500
In115_g0u0250,49,115,g0u0250,Q13-R14,32313.149042,4869964699793.050781
In115_g0u0250,49,115,g0u0250,Q13-R15,32343.344499,444540123191542.375000
In115_g0u0300,49,115,g0u0300,K1-L2,3322668.797115,478700185750278528.000000
In115_g0u0300,49,115,g0u0300,K1-L3,3365333.983552,488078862476891584.000000
In115_g0u0300,49,115,g0u0300,L2-M4,981021.467576,67078849264165144.000000
In115_g0u0300,49,115,g0u0300,L3-M4,938356.281139,12688070017112732.000000
In115_g0u0300,49,115,g0u0300,L3-M5,943844.727181,76955449339688336.000000
In115_g0u0300,49,115,g0u0300,M4-N6,335829.521513,15699066627127852.000000
In115_g0u0300,49,115,g0u0300,M5-N6,330341.075471,1093552963479883.375000
In115_g0u0300,49,115,g0u0300,M5-N7,331485.771214,16552671897042970.000000
In115_g0u0300,49,115,g0u0300,N6-O8,153637.038856,4949406935435752.000000
In115_g0u0300,49,115,g0u0300,N7-O8,152492.343113,180820522412397.562500
In115_g0u0300,49,115,g0u0300,N7-O9,152841.487044,5097303390430738.000000
In115_g0u0300,49,115,g0u0300,O8-P10,83054.873182,1930684888877111.750000
In115_g0u0300,49,115,g0u0300,O9-P10,82705.729251,43499197002985.625000
In115_g0u0300,49,115,g0u0300,O9-P11,82839.888996,1967425054905314.500000
In115_g0u0300,49,115,g0u0300,P10-Q12,49953.211249,873360929491624.750000
In115_g0u0300,49,115,g0u0300,P11-Q12,49819.051503,13355314404905.164062
In115_g0u0300,49,115,g0u0300,P11-Q13,49879.247086,884906061314870.625000
In115_g0u0300,49,115,g0u0300,Q12-R14,32373.346166,440255552308961.187500
In115_g0u0300,49,115,g0u0300,Q13-R14,32313.150583,4869965435730.302734
In115_g0u0300,49,115,g0u0300,Q13-R15,32343.346043,444540141481227.437500
In115_g0u0350,49,115,g0u0350,K1-L2,3322671.945195,478700802924547328.000000
In115_g0u0350,49,115,g0u0350,K1-L3,3365337.180029,488079460497917056.000000
In115_g0u0350,49,115,g0u0350,L2-M4,981021.651769,67078866393328616.000000
In115_g0u0350,49,115,g0u0350,L3-M4,938356.416935,12688073568914950.000000
In115_g0u0350,49,115,g0u0350,L3-M5,943844.863803,76955461316416496.000000
In115_g0u0350,49,115,g0u0350,M4-N6,335829.539883,15699068739615626.000000
In115_g0u0350,49,115,g0u0350,M5-N6,330341.093014,1093553017713485.250000
In115_g0u0350,49,115,g0u0350,M5-N7,331485.788876,16552674140270404.000000
In115_g0u0350,49,115,g0u0350,N6-O8,153637.046478,4949407621852185.000000
In115_g0u0350,49,115,g0u0350,N7-O8,152492.350617,180820530704130.562500
In115_g0u0350,49,115,g0u0350,N7-O9,152841.494581,5097304098873205.000000
In115_g0u0350,49,115,g0u0350,O8-P10,83054.876884,1930684967526691.750000
In115_g0u0350,49,115,g0u0350,O9-P10,82705.732920,43499202506618.578125
In115_g0u0350,49,115,g0u0350,O9-P11,82839.892676,1967425303313067.500000
In115_g0u0350,49,115,g0u0350,P10-Q12,49953.213162,873361021250627.000000
In115_g0u0350,49,115,g0u0350,P11-Q12,49819.053405,13355315810680.468750
In115_g0u0350,49,115,g0u0350,P11-Q13,49879.248992,884906154327295.750000
In115_g0u0350,49,115,g0u0350,Q12-R14,32373.347180,440255564186849.500000
In115_g0u0350,49,115,g0u0350,Q13-R14,32313.151593,4869965566382.078125
In115_g0u0350,49,115,g0u0350,Q13-R15,32343.347055,444540202256104.562500
In115_g0u0400,49,115,g0u0400,K1-L2,3322673.988721,478701234464734144.000000
In115_g0u0400,49,115,g0u0400,K1-L3,3365339.255099,488079847122120000.000000
In115_g0u0400,49,115,g0u0400,L2-M4,981021.773900,67078867721453464.000000
In115_g0u0400,49,115,g0u0400,L3-M4,938356.507521,12688075444870600.000000
In115_g0u0400,49,115,g0u0400,L3-M5,943844.954954,76955472464130432.000000
In115_g0u0400,49,115,g0u0400,M4-N6,335829.552666,15699069291430852.000000
In115_g0u0400,49,115,g0u0400,M5-N6,330341.105233,1093553150069360.875000
In115_g0u0400,49,115,g0u0400,M5-N7,331485.801176,16552674724359596.000000
In115_g0u0400,49,115,g0u0400,N6-O8,153637.051791,4949407782160569.000000
In115_g0u0400,49,115,g0u0400,N7-O8,152492.355847,180820553398141.000000
In115_g0u0400,49,115,g0u0400,N7-O9,152841.499834,5097304263953944.000000
In115_g0u0400,49,115,g0u0400,O8-P10,83054.879465,1930685187241375.250000
In115_g0u0400,49,115,g0u0400,O9-P10,82705.735477,43499203730060.187500
In115_g0u0400,49,115,g0u0400,O9-P11,82839.895242,1967425359156989.250000
In115_g0u0400,49,115,g0u0400,P10-Q12,49953.214496,873361041955585.250000
In115_g0u0400,49,115,g0u0400,P11-Q12,49819.054731,13355316125031.316406
In115_g0u0400,49,115,g0u0400,P11-Q13,49879.250321,884906175296419.625000
In115_g0u0400,49,115,g0u0400,Q12-R14,32373.347887,440255572466154.125000
In115_g0u0400,49,115,g0u0400,Q13-R14,32313.152298,4869965657451.291016
In115_g0u0400,49,115,g0u0400,Q13-R15,32343.347760,444540210612732.500000
In115_g0u0450,49,115,g0u0450,K1-L2,3322675.390958,478701470180692544.000000
In115_g0u0450,49,115,g0u0450,K1-L3,3365340.679059,488080107678578624.000000
In115_g0u0450,49,115,g0u0450,L2-M4,981021.859279,67078876419000168.000000
In115_g0u0450,49,115,g0u0450,L3-M4,938356.571178,12688075691048974.000000
In115_g0u0450,49,115,g0u0450,L3-M5,943845.019017,76955478555171200.000000
In115_g0u0450,49,115,g0u0450,M4-N6,335829.561982,15699071015293284.000000
In115_g0u0450,49,115,g0u0450,M5-N6,330341.114143,1093553177660609.375000
In115_g0u0450,49,115,g0u0450,M5-N7,331485.810146,16552675150616332.000000
In115_g0u0450,49,115,g0u0450,N6-O8,153637.055667,4949407899137035.000000
In115_g0u0450,49,115,g0u0450,N7-O8,152492.359663,180820557615429.937500
In115_g0u0450,49,115,g0u0450,N7-O9,152841.503668,5097304384410517.000000
In115_g0u0450,49,115,g0u0450,O8-P10,83054.881348,1930685227243390.750000
In115_g0u0450,49,115,g0u0450,O9-P10,82705.737343,43499204622771.062500
In115_g0u0450,49,115,g0u0450,O9-P11,82839.897114,1967425568198223.000000
In115_g0u0450,49,115,g0u0450,P10-Q12,49953.215469,873361119120171.000000
In115_g0u0450,49,115,g0u0450,P11-Q12,49819.055699,13355317309230.416016
In115_g0u0450,49,115,g0u0450,P11-Q13,49879.251291,884906253528627.250000
In115_g0u0450,49,115,g0u0450,Q12-R14,32373.348404,440255578508229.937500
In115_g0u0450,49,115,g0u0450,Q13-R14,32313.152812,4869966260522.362305
In115_g0u0450,49,115,g0u0450,Q13-R15,32343.348275,444540216710481.375000
In115_g0u0500,49,115,g0u0500,K1-L2,3322676.395217,478701685889995840.000000
In115_g0u0500,49,115,g0u0500,K1-L3,3365341.698924,488080285555596992.000000
In115_g0u0500,49,115,g0u0500,L2-M4,981021.921459,67078877224984808.000000
In115_g0u0500,49,115,g0u0500,L3-M4,938356.617752,12688077427282622.000000
In115_g0u0500,49,115,g0u0500,L3-M5,943845.065894,76955479762026192.000000
In115_g0u0500,49,115,g0u0500,M4-N6,335829.569016,15699071319876262.000000
In115_g0u0500,49,115,g0u0500,M5-N6,330341.120875,1093553198522443.875000
In115_g0u0500,49,115,g0u0500,M5-N7,331485.816924,16552676878279028.000000
In115_g0u0500,49,115,g0u0500,N6-O8,153637.058598,4949407987573249.000000
In115_g0u0500,49,115,g0u0500,N7-O8,152492.362548,180820560803764.125000
In115_g0u0500,49,115,g0u0500,N7-O9,152841.506566,5097304947085875.000000
In115_g0u0500,49,115,g0u0500,O8-P10,83054.882771,1930685257486970.500000
In115_g0u0500,49,115,g0u0500,O9-P10,82705.738754,43499205297707.960938
In115_g0u0500,49,115,g0u0500,O9-P11,82839.898529,1967425599006122.000000
In115_g0u0500,49,115,g0u0500,P10-Q12,49953.216205,873361130542423.000000
In115_g0u0500,49,115,g0u0500,P11-Q12,49819.056430,13355317482647.697266
In115_g0u0500,49,115,g0u0500,P11-Q13,49879.252024,884906265096431.875000
In115_g0u0500,49,115,g0u0500,Q12-R14,32373.348794,440255631368110.000000
In115_g0u0500,49,115,g0u0500,Q13-R14,32313.153200,4869966310766.487305
In115_g0u0500,49,115,g0u0500,Q13-R15,32343.348664,444540221321042.000000
In115_g0u0550,49,115,g0u0550,K1-L2,3322677.139340,478701855661698944.000000
In115_g0u0550,49,115,g0u0550,K1-L3,3365342.454644,488080449627661696.000000
In115_g0u0550,49,115,g0u0550,L2-M4,981021.968242,67078885549470448.000000
In115_g0u0550,49,115,g0u0550,L3-M4,938356.652938,12688077577271104.000000
In115_g0u0550,49,115,g0u0550,L3-M5,943845.101312,76955480715183744.000000
In115_g0u0550,49,115,g0u0550,M4-N6,335829.574482,15699071556793836.000000
In115_g0u0550,49,115,g0u0550,M5-N6,330341.126107,1093553309296145.625000
In115_g0u0550,49,115,g0u0550,M5-N7,331485.822192,16552677128941234.000000
In115_g0u0550,49,115,g0u0550,N6-O8,153637.060877,4949408056346995.000000
In115_g0u0550,49,115,g0u0550,N7-O8,152492.364792,180820563283223.968750
In115_g0u0550,49,115,g0u0550,N7-O9,152841.508819,5097305017907913.000000
In115_g0u0550,49,115,g0u0550,O8-P10,83054.883878,1930685445898933.500000
In115_g0u0550,49,115,g0u0550,O9-P10,82705.739851,43499209571012.554688
In115_g0u0550,49,115,g0u0550,O9-P11,82839.899629,1967425622963301.750000
In115_g0u0550,49,115,g0u0550,P10-Q12,49953.216777,873361139426026.750000
In115_g0u0550,49,115,g0u0550,P11-Q12,49819.056999,13355317617520.841797
In115_g0u0550,49,115,g0u0550,P11-Q13,49879.252594,884906274093123.875000
In115_g0u0550,49,115,g0u0550,Q12-R14,32373.349097,440255634920778.437500
In115_g0u0550,49,115,g0u0550,Q13-R14,32313.153502,4869966349844.240234
In115_g0u0550,49,115,g0u0550,Q13-R15,32343.348967,444540224905982.562500
In115_g0u0600,49,115,g0u0600,K1-L2,3322677.706204,478701950866271360.000000
In115_g0u0600,49,115,g0u0600,K1-L3,3365343.030365,488080542513710080.000000
In115_g0u0600,49,115,g0u0600,L2-M4,981022.004387,67078886081081096.000000
In115_g0u0600,49,115,g0u0600,L3-M4,938356.680226,12688077698299776.000000
In115_g0u0600,49,115,g0u0600,L3-M5,943845.128783,76955490531589552.000000
In115_g0u0600,49,115,g0u0600,M4-N6,335829.578827,15699071745373120.000000
In115_g0u0600,49,115,g0u0600,M5-N6,330341.130270,1093553322209580.500000
In115_g0u0600,49,115,g0u0600,M5-N7,331485.826383,16552677328439300.000000
In115_g0u0600,49,115,g0u0600,N6-O8,153637.062691,4949408111079090.000000
In115_g0u0600,49,115,g0u0600,N7-O8,152492.366578,180820565256450.500000
In115_g0u0600,49,115,g0u0600,N7-O9,152841.510613,5097305074269068.000000
In115_g0u0600,49,115,g0u0600,O8-P10,83054.884759,1930685464617076.250000
In115_g0u0600,49,115,g0u0600,O9-P10,82705.740724,43499209988739.703125
In115_g0u0600,49,115,g0u0600,O9-P11,82839.900505,1967425642030853.250000
In115_g0u0600,49,115,g0u0600,P10-Q12,49953.217233,873361146494827.750000
In115_g0u0600,49,115,g0u0600,P11-Q12,49819.057452,13355317724843.339844
In115_g0u0600,49,115,g0u0600,P11-Q13,49879.253048,884906281253519.250000
In115_g0u0600,49,115,g0u0600,Q12-R14,32373.349339,440255637747452.937500
In115_g0u0600,49,115,g0u0600,Q13-R14,32313.153743,4869966380937.833008
In115_g0u0600,49,115,g0u0600,Q13-R15,32343.349208,444540227760033.375000
In115_g0u0700,49,115,g0u0700,K1-L2,3322678.499295,478702091029894208.000000
In115_g0u0700,49,115,g0u0700,K1-L3,3365343.835892,488080709948606464.000000
In115_g0u0700,49,115,g0u0700,L2-M4,981022.055910,67078894571108016.000000
In115_g0u0700,49,115,g0u0700,L3-M4,938356.719313,12688079426926230.000000
In115_g0u0700,49,115,g0u0700,L3-M5,943845.168137,76955491687488896.000000
In115_g0u0700,49,115,g0u0700,M4-N6,335829.585251,15699072024542306.000000
In115_g0u0700,49,115,g0u0700,M5-N6,330341.136427,1093553341323806.000000
In115_g0u0700,49,115,g0u0700,M5-N7,331485.832581,16552677623729756.000000
In115_g0u0700,49,115,g0u0700,N6-O8,153637.065375,4949408192081957.000000
In115_g0u0700,49,115,g0u0700,N7-O8,152492.369221,180820585091298.125000
In115_g0u0700,49,115,g0u0700,N7-O9,152841.513267,5097305157682883.000000
In115_g0u0700,49,115,g0u0700,O8-P10,83054.886063,1930685492319275.250000
In115_g0u0700,49,115,g0u0700,O9-P10,82705.742016,43499210606959.460938
In115_g0u0700,49,115,g0u0700,O9-P11,82839.901801,1967425670249842.000000
In115_g0u0700,49,115,g0u0700,P10-Q12,49953.217907,873361156957744.250000
In115_g0u0700,49,115,g0u0700,P11-Q12,49819.058122,13355317883695.353516
In115_g0u0700,49,115,g0u0700,P11-Q13,49879.253719,884906291849687.500000
In115_g0u0700,49,115,g0u0700,Q12-R14,32373.349696,440255641931794.812500
In115_g0u0700,49,115,g0u0700,Q13-R14,32313.154099,4869966426963.237305
In115_g0u0700,49,115,g0u0700,Q13-R15,32343.349564,444540231983061.562500
In115_g0u0800,49,115,g0u0800,K1-L2,3322679.015793,478702216887114240.000000
In115_g0u0800,49,115,g0u0800,K1-L3,3365344.360525,488080831506640576.000000
In115_g0u0800,49,115,g0u0800,L2-M4,981022.090261,67078895161159616.000000
In115_g0u0800,49,115,g0u0800,L3-M4,938356.745529,12688079556378514.000000
In115_g0u0800,49,115,g0u0800,L3-M5,943845.194538,76955492508247984.000000
In115_g0u0800,49,115,g0u0800,M4-N6,335829.589726,15699073540372762.000000
In115_g0u0800,49,115,g0u0800,M5-N6,330341.140718,1093553354655468.875000
In115_g0u0800,49,115,g0u0800,M5-N7,331485.836901,16552679235055336.000000
In115_g0u0800,49,115,g0u0800,N6-O8,153637.067247,4949408248573553.000000
In115_g0u0800,49,115,g0u0800,N7-O8,152492.371064,180820587127951.125000
In115_g0u0800,49,115,g0u0800,N7-O9,152841.515119,5097305215855712.000000
In115_g0u0800,49,115,g0u0800,O8-P10,83054.886973,1930685511638189.500000
In115_g0u0800,49,115,g0u0800,O9-P10,82705.742918,43499211038094.796875
In115_g0u0800,49,115,g0u0800,O9-P11,82839.902705,1967425689929598.750000
In115_g0u0800,49,115,g0u0800,P10-Q12,49953.218377,873361164255197.125000
In115_g0u0800,49,115,g0u0800,P11-Q12,49819.058589,13355317994488.250000
In115_g0u0800,49,115,g0u0800,P11-Q13,49879.254188,884906299240096.875000
In115_g0u0800,49,115,g0u0800,Q12-R14,32373.349945,440255644850201.937500
In115_g0u0800,49,115,g0u0800,Q13-R14,32313.154347,4869966459064.581055
In115_g0u0800,49,115,g0u0800,Q13-R15,32343.349813,444540234928088.500000
In115_g0u0900,49,115,g0u0900,K1-L2,3322679.371097,478702268791868032.000000
In115_g0u0900,49,115,g0u0900,K1-L3,3365344.721447,488080882508734912.000000
In115_g0u0900,49,115,g0u0900,L2-M4,981022.114396,67078895605015800.000000
In115_g0u0900,49,115,g0u0900,L3-M4,938356.764046,12688079652316406.000000
In115_g0u0900,49,115,g0u0900,L3-M5,943845.213186,76955493116113216.000000
In115_g0u0900,49,115,g0u0900,M4-N6,335829.592989,15699073682561858.000000
In115_g0u0900,49,115,g0u0900,M5-N6,330341.143849,1093553364388240.875000
In115_g0u0900,49,115,g0u0900,M5-N7,331485.840053,16552679385414968.000000
In115_g0u0900,49,115,g0u0900,N6-O8,153637.068614,4949408746235869.000000
In115_g0u0900,49,115,g0u0900,N7-O8,152492.372409,180820588614632.312500
In115_g0u0900,49,115,g0u0900,N7-O9,152841.516470,5097305258319910.000000
In115_g0u0900,49,115,g0u0900,O8-P10,83054.887636,1930685525741364.500000
In115_g0u0900,49,115,g0u0900,O9-P10,82705.743575,43499211352830.757812
In115_g0u0900,49,115,g0u0900,O9-P11,82839.903365,1967425872586807.250000
In115_g0u0900,49,115,g0u0900,P10-Q12,49953.218720,873361231637509.625000
In115_g0u0900,49,115,g0u0900,P11-Q12,49819.058930,13355318075355.246094
In115_g0u0900,49,115,g0u0900,P11-Q13,49879.254529,884906304634715.000000
In115_g0u0900,49,115,g0u0900,Q12-R14,32373.350127,440255646981066.625000
In115_g0u0900,49,115,g0u0900,Q13-R14,32313.154528,4869966482503.459961
In115_g0u0900,49,115,g0u0900,Q13-R15,32343.349994,444540237078345.500000
In115_g0u1000,49,115,g0u1000,K1-L2,3322679.626065,478702315414322624.000000
In115_g0u1000,49,115,g0u1000,K1-L3,3365344.980463,488080927958898560.000000
In115_g0u1000,49,115,g0u1000,L2-M4,981022.132052,67078895949001680.000000
In115_g0u1000,49,115,g0u1000,L3-M4,938356.777655,12688079725783392.000000
In115_g0u1000,49,115,g0u1000,L3-M5,943845.226894,76955502629118800.000000
In115_g0u1000,49,115,g0u1000,M4-N6,335829.595455,15699073790110378.000000
In115_g0u1000,49,115,g0u1000,M5-N6,330341.146215,1093553371749103.000000
In115_g0u1000,49,115,g0u1000,M5-N7,331485.842436,16552679499134354.000000
In115_g0u1000,49,115,g0u1000,N6-O8,153637.069647,4949408777421899.000000
In115_g0u1000,49,115,g0u1000,N7-O8,152492.373426,180820589738963.718750
In115_g0u1000,49,115,g0u1000,N7-O9,152841.517492,5097305290433832.000000
In115_g0u1000,49,115,g0u1000,O8-P10,83054.888138,1930685536406731.000000
In115_g0u1000,49,115,g0u1000,O9-P10,82705.744073,43499211590847.062500
In115_g0u1000,49,115,g0u1000,O9-P11,82839.903864,1967425883450767.250000
In115_g0u1000,49,115,g0u1000,P10-Q12,49953.218979,873361235665802.375000
In115_g0u1000,49,115,g0u1000,P11-Q12,49819.059188,13355318136514.060547
In115_g0u1000,49,115,g0u1000,P11-Q13,49879.254788,884906308714476.625000
In115_g0u1000,49,115,g0u1000,Q12-R14,32373.350265,440255648592200.875000
In115_g0u1000,49,115,g0u1000,Q13-R14,32313.154665,4869966500225.216797
In115_g0u1000,49,115,g0u1000,Q13-R15,32343.350132,444540238704025.562500
In115_g0u1100,49,115,g0u1100,K1-L2,3322679.815304,478702358549883072.000000
In115_g0u1100,49,115,g0u1100,K1-L3,3365345.172715,488080938884204736.000000
In115_g0u1100,49,115,g0u1100,L2-M4,981022.145391,67078903897686640.000000
In115_g0u1100,49,115,g0u1100,L3-M4,938356.787980,12688079783536646.000000
In115_g0u1100,49,115,g0u1100,L3-M5,943845.237295,76955502994662864.000000
In115_g0u1100,49,115,g0u1100,M4-N6,335829.597371,15699073873784952.000000
In115_g0u1100,49,115,g0u1100,M5-N6,330341.148055,1093553377475476.000000
In115_g0u1100,49,115,g0u1100,M5-N7,331485.844288,16552679587599636.000000
In115_g0u1100,49,115,g0u1100,N6-O8,153637.070451,4949408801680871.000000
In115_g0u1100,49,115,g0u1100,N7-O8,152492.374218,180820590613557.125000
In115_g0u1100,49,115,g0u1100,N7-O9,152841.518287,5097305315414815.000000
In115_g0u1100,49,115,g0u1100,O8-P10,83054.888529,1930685544702138.000000
In115_g0u1100,49,115,g0u1100,O9-P10,82705.744460,43499211775973.351562
In115_g0u1100,49,115,g0u1100,O9-P11,82839.904252,1967425891901846.500000
In115_g0u1100,49,115,g0u1100,P10-Q12,49953.219181,873361238799473.000000
In115_g0u1100,49,115,g0u1100,P11-Q12,49819.059389,13355318184091.324219
In115_g0u1100,49,115,g0u1100,P11-Q13,49879.254989,884906311888435.375000
In115_g0u1100,49,115,g0u1100,Q12-R14,32373.350372,440255649845031.750000
In115_g0u1100,49,115,g0u1100,Q13-R14,32313.154772,4869966514006.261719
In115_g0u1100,49,115,g0u1100,Q13-R15,32343.350238,444540239968916.875000
In115_g0u1200,49,115,g0u1200,K1-L2,3322679.953759,478702398885671296.000000
In115_g0u1200,49,115,g0u1200,K1-L3,3365345.313370,488080977723037888.000000
In115_g0u1200,49,115,g0u1200,L2-M4,981022.155310,67078904124297816.000000
In115_g0u1200,49,115,g0u1200,L3-M4,938356.795699,12688079830601486.000000
In115_g0u1200,49,115,g0u1200,L3-M5,943845.245074,76955503292259040.000000
In115_g0u1200,49,115,g0u1200,M4-N6,335829.598893,15699073940418144.000000
In115_g0u1200,49,115,g0u1200,M5-N6,330341.149518,1093553382034589.625000
In115_g0u1200,49,115,g0u1200,M5-N7,331485.845761,16552679658031244.000000
In115_g0u1200,49,115,g0u1200,N6-O8,153637.071091,4949408820990010.000000
In115_g0u1200,49,115,g0u1200,N7-O8,152492.374848,180820591309694.000000
In115_g0u1200,49,115,g0u1200,N7-O9,152841.518919,5097305335297630.000000
In115_g0u1200,49,115,g0u1200,O8-P10,83054.888840,1930685551306671.250000
In115_g0u1200,49,115,g0u1200,O9-P10,82705.744768,43499211923363.937500
In115_g0u1200,49,115,g0u1200,O9-P11,82839.904561,1967425898628077.000000
In115_g0u1200,49,115,g0u1200,P10-Q12,49953.219342,873361241294244.125000
In115_g0u1200,49,115,g0u1200,P11-Q12,49819.059549,13355318221966.921875
In115_g0u1200,49,115,g0u1200,P11-Q13,49879.255149,884906314414577.750000
In115_g0u1200,49,115,g0u1200,Q12-R14,32373.350457,440255650842818.750000
In115_g0u1200,49,115,g0u1200,Q13-R14,32313.154857,4869966524981.425781
In115_g0u1200,49,115,g0u1200,Q13-R15,32343.350323,444540240976326.937500
In115_g0u1300,49,115,g0u1300,K1-L2,3322680.043199,478702403464773824.000000
In115_g0u1300,49,115,g0u1300,K1-L3,3365345.404178,488081013418009984.000000
In115_g0u1300,49,115,g0u1300,L2-M4,981022.161700,67078904329024976.000000
In115_g0u1300,49,115,g0u1300,L3-M4,938356.800721,12688079871378134.000000
In115_g0u1300,49,115,g0u1300,L3-M5,943845.250140,76955503549394624.000000
In115_g0u1300,49,115,g0u1300,M4-N6,335829.600120,15699073994567648.000000
In115_g0u1300,49,115,g0u1300,M5-N6,330341.150700,1093553385736910.625000
In115_g0u1300,49,115,g0u1300,M5-N7,331485.846952,16552679715223432.000000
In115_g0u1300,49,115,g0u1300,N6-O8,153637.071610,4949408836655174.000000
In115_g0u1300,49,115,g0u1300,N7-O8,152492.375359,180820591874459.968750
In115_g0u1300,49,115,g0u1300,N7-O9,152841.519433,5097305351431237.000000
In115_g0u1300,49,115,g0u1300,O8-P10,83054.889092,1930685556663623.500000
In115_g0u1300,49,115,g0u1300,O9-P10,82705.745018,43499212042914.664062
In115_g0u1300,49,115,g0u1300,O9-P11,82839.904812,1967425904086469.750000
In115_g0u1300,49,115,g0u1300,P10-Q12,49953.219472,873361243318040.750000
In115_g0u1300,49,115,g0u1300,P11-Q12,49819.059678,13355318252693.718750
In115_g0u1300,49,115,g0u1300,P11-Q13,49879.255279,884906316464172.875000
In115_g0u1300,49,115,g0u1300,Q12-R14,32373.350526,440255651652407.000000
In115_g0u1300,49,115,g0u1300,Q13-R14,32313.154925,4869966533886.410156
In115_g0u1300,49,115,g0u1300,Q13-R15,32343.350392,444540241793185.750000
In115_g0u1400,49,115,g0u1400,K1-L2,3322679.416793,478702260829136128.000000
In115_g0u1400,49,115,g0u1400,K1-L3,3365344.766097,488080874338356480.000000
In115_g0u1400,49,115,g0u1400,L2-M4,981022.115964,67078897471737544.000000
In115_g0u1400,49,115,g0u1400,L3-M4,938356.766660,12688079985984082.000000
In115_g0u1400,49,115,g0u1400,L3-M5,943845.216004,76955495203984944.000000
In115_g0u1400,49,115,g0u1400,M4-N6,335829.600872,15699074041730562.000000
In115_g0u1400,49,115,g0u1400,M5-N6,330341.151529,1093553388881954.000000
In115_g0u1400,49,115,g0u1400,M5-N7,331485.847786,16552679763772904.000000
In115_g0u1400,49,115,g0u1400,N6-O8,153637.072038,4949408849576170.000000
In115_g0u1400,49,115,g0u1400,N7-O8,152492.375780,180820592340246.687500
In115_g0u1400,49,115,g0u1400,N7-O9,152841.519856,5097305364734621.000000
In115_g0u1400,49,115,g0u1400,O8-P10,83054.889300,1930685561081817.250000
In115_g0u1400,49,115,g0u1400,O9-P10,82705.745224,43499212141513.093750
In115_g0u1400,49,115,g0u1400,O9-P11,82839.905019,1967425908586747.250000
In115_g0u1400,49,115,g0u1400,P10-Q12,49953.219580,873361244986597.375000
In115_g0u1400,49,115,g0u1400,P11-Q12,49819.059785,13355318278026.072266
In115_g0u1400,49,115,g0u1400,P11-Q13,49879.255386,884906318153986.750000
In115_g0u1400,49,115,g0u1400,Q12-R14,32373.350583,440255652319137.937500
In115_g0u1400,49,115,g0u1400,Q13-R14,32313.154982,4869966541219.982422
In115_g0u1400,49,115,g0u1400,Q13-R15,32343.350449,444540242466344.000000
In115_g0u1500,49,115,g0u1500,K1-L2,3322673.236689,478700942121798080.000000
In115_g0u1500,49,115,g0u1500,K1-L3,3365338.471597,488079554621344640.000000
In115_g0u1500,49,115,g0u1500,L2-M4,981021.654974,67078880473279288.000000
In115_g0u1500,49,115,g0u1500,L3-M4,938356.420066,12688076111390096.000000
In115_g0u1500,49,115,g0u1500,L3-M5,943844.868404,76955477222643408.000000
In115_g0u1500,49,115,g0u1500,M4-N6,335829.599309,15699074102448134.000000
In115_g0u1500,49,115,g0u1500,M5-N6,330341.150971,1093553392300037.500000
In115_g0u1500,49,115,g0u1500,M5-N7,331485.847233,16552679816255822.000000
In115_g0u1500,49,115,g0u1500,N6-O8,153637.072393,4949408860395059.000000
In115_g0u1500,49,115,g0u1500,N7-O8,152492.376131,180820592729925.437500
In115_g0u1500,49,115,g0u1500,N7-O9,152841.520209,5097305375864259.000000
In115_g0u1500,49,115,g0u1500,O8-P10,83054.889474,1930685564775801.750000
In115_g0u1500,49,115,g0u1500,O9-P10,82705.745396,43499212223950.648438
In115_g0u1500,49,115,g0u1500,O9-P11,82839.905192,1967425912349625.750000
In115_g0u1500,49,115,g0u1500,P10-Q12,49953.219670,873361246381111.500000
In115_g0u1500,49,115,g0u1500,P11-Q12,49819.059874,13355318299198.542969
In115_g0u1500,49,115,g0u1500,P11-Q13,49879.255476,884906319567384.375000
In115_g0u1500,49,115,g0u1500,Q12-R14,32373.350631,440255652877080.625000
In115_g0u1500,49,115,g0u1500,Q13-R14,32313.155030,4869966547358.162109
In115_g0u1500,49,115,g0u1500,Q13-R15,32343.350497,444540243029944.750000
In115_g0u1600,49,115,g0u1600,K1-L2,3322773.874844,478722244526939456.000000
In115_g0u1600,49,115,g0u1600,K1-L3,3365440.931244,488100591052871872.000000
In115_g0u1600,49,115,g0u1600,L2-M4,981028.820070,67079264663695200.000000
In115_g0u1600,49,115,g0u1600,L3-M4,938361.763670,12688137412455312.000000
In115_g0u1600,49,115,g0u1600,L3-M5,943850.227685,76955838075974272.000000
In115_g0u1600,49,115,g0u1600,M4-N6,335829.635594,15699075108866142.000000
In115_g0u1600,49,115,g0u1600,M5-N6,330341.171580,1093553476408942.625000
In115_g0u1600,49,115,g0u1600,M5-N7,331485.867870,16552681065057346.000000
In115_g0u1600,49,115,g0u1600,N6-O8,153637.072737,4949408869285154.000000
In115_g0u1600,49,115,g0u1600,N7-O8,152492.376447,180820593055761.687500
In115_g0u1600,49,115,g0u1600,N7-O9,152841.520525,5097305385171966.000000
In115_g0u1600,49,115,g0u1600,O8-P10,83054.889621,1930685567900767.500000
In115_g0u1600,49,115,g0u1600,O9-P10,82705.745542,43499212293690.453125
In115_g0u1600,49,115,g0u1600,O9-P11,82839.905338,1967425915533576.000000
In115_g0u1600,49,115,g0u1600,P10-Q12,49953.219746,873361247561794.250000
In115_g0u1600,49,115,g0u1600,P11-Q12,49819.059950,13355318317124.500000
In115_g0u1600,49,115,g0u1600,P11-Q13,49879.255552,884906320762699.250000
In115_g0u1600,49,115,g0u1600,Q12-R14,32373.350671,440255653349652.875000
In115_g0u1600,49,115,g0u1600,Q13-R14,32313.155070,4869966552555.651367
In115_g0u1600,49,115,g0u1600,Q13-R15,32343.350537,444540243505806.562500
In115_g0u1700,49,115,g0u1700,K1-L2,3322894.244384,478747054991724544.000000
In115_g0u1700,49,115,g0u1700,K1-L3,3365563.390479,488125054622707968.000000
In115_g0u1700,49,115,g0u1700,L2-M4,981036.605736,67079691843331232.000000
In115_g0u1700,49,115,g0u1700,L3-M4,938367.459641,12688202222420710.000000
In115_g0u1700,49,115,g0u1700,L3-M5,943855.940008,76956210187190112.000000
In115_g0u1700,49,115,g0u1700,M4-N6,335829.671510,15699077432531092.000000
In115_g0u1700,49,115,g0u1700,M5-N6,330341.191143,1093553560732555.875000
In115_g0u1700,49,115,g0u1700,M5-N7,331485.887460,16552680911609954.000000
In115_g0u1700,49,115,g0u1700,N6-O8,153637.073033,4949408876872901.000000
In115_g0u1700,49,115,g0u1700,N7-O8,152492.376716,180820593334329.062500
In115_g0u1700,49,115,g0u1700,N7-O9,152841.520796,5097305393132076.000000
In115_g0u1700,49,115,g0u1700,O8-P10,83054.889747,1930685570574155.750000
In115_g0u1700,49,115,g0u1700,O9-P10,82705.745667,43499212353353.148438
In115_g0u1700,49,115,g0u1700,O9-P11,82839.905463,1967425918256353.250000
In115_g0u1700,49,115,g0u1700,P10-Q12,49953.219811,873361248571205.500000
In115_g0u1700,49,115,g0u1700,P11-Q12,49819.060015,13355318332449.904297
In115_g0u1700,49,115,g0u1700,P11-Q13,49879.255616,884906321785457.250000
In115_g0u1700,49,115,g0u1700,Q12-R14,32373.350706,440255653753038.375000
In115_g0u1700,49,115,g0u1700,Q13-R14,32313.155104,4869966556993.400391
In115_g0u1700,49,115,g0u1700,Q13-R15,32343.350571,444540243913966.812500
In115_g0u1800,49,115,g0u1800,K1-L2,3349443.324848,484549169652412608.000000
In115_g0u1800,49,115,g0u1800,K1-L3,3392619.700322,493871431611721792.000000
In115_g0u1800,49,115,g0u1800,L2-M4,983152.722631,67195816011326384.000000
In115_g0u1800,49,115,g0u1800,L3-M4,939976.347157,12706705138433288.000000
In115_g0u1800,49,115,g0u1800,L3-M5,945469.631361,77064158441256784.000000
In115_g0u1800,49,115,g0u1800,M4-N6,335841.140944,15699497414975820.000000
In115_g0u1800,49,115,g0u1800,M5-N6,330347.856740,1093571492026863.750000
In115_g0u1800,49,115,g0u1800,M5-N7,331492.561249,16552949370306034.000000
In115_g0u1800,49,115,g0u1800,N6-O8,153637.087792,4949409252855552.000000
In115_g0u1800,49,115,g0u1800,N7-O8,152492.383282,180820609146257.781250
In115_g0u1800,49,115,g0u1800,N7-O9,152841.527368,5097305362246999.000000
In115_g0u1800,49,115,g0u1800,O8-P10,83054.889862,1930685572852384.500000
In115_g0u1800,49,115,g0u1800,O9-P10,82705.745777,43499212404608.695312
In115_g0u1800,49,115,g0u1800,O9-P11,82839.905573,1967425920596874.500000
In115_g0u1800,49,115,g0u1800,P10-Q12,49953.219867,873361249442820.625000
In115_g0u1800,49,115,g0u1800,P11-Q12,49819.060070,13355318345683.480469
In115_g0u1800,49,115,g0u1800,P11-Q13,49879.255672,884906322667305.000000
In115_g0u1800,49,115,g0u1800,Q12-R14,32373.350735,440255654101419.625000
In115_g0u1800,49,115,g0u1800,Q13-R14,32313.155134,4869966560824.533203
In115_g0u1800,49,115,g0u1800,Q13-R15,32343.350601,444540244265533.562500
In115_g2u1000,49,115,g2u1000,K1-L2,3322687.187250,478703839265571008.000000
In115_g2u1000,49,115,g2u1000,K1-L3,3365352.663452,488082343690291328.000000
In115_g2u1000,49,115,g2u1000,L2-M4,981022.545506,67078920821887360.000000
In115_g2u1000,49,115,g2u1000,L3-M4,938357.069304,12688083867180986.000000
In115_g2u1000,49,115,g2u1000,L3-M5,943845.519373,76955510293853344.000000
In115_g2u1000,49,115,g2u1000,M4-N6,335829.595202,15699073632376318.000000
In115_g2u1000,49,115,g2u1000,M5-N6,330341.145132,1093553513027470.875000
In115_g2u1000,49,115,g2u1000,M5-N7,331485.841362,16552678459465784.000000
In115_g2u1000,49,115,g2u1000,N6-O8,153637.068631,4949408771473517.000000
In115_g2u1000,49,115,g2u1000,N7-O8,152492.372401,180820589770800.500000
In115_g2u1000,49,115,g2u1000,N7-O9,152841.516504,5097305201460375.000000
In115_g2u1000,49,115,g2u1000,O8-P10,83054.887599,1930685516153997.750000
In115_g2u1000,49,115,g2u1000,O9-P10,82705.743496,43499216569191.898438
In115_g2u1000,49,115,g2u1000,O9-P11,82839.903312,1967425818912611.250000
In115_g2u1000,49,115,g2u1000,P10-Q12,49953.218658,873361234031349.125000
In115_g2u1000,49,115,g2u1000,P11-Q12,49819.058843,13355318543302.132812
In115_g2u1000,49,115,g2u1000,P11-Q13,49879.254472,884906296780464.500000
In115_g2u1000,49,115,g2u1000,Q12-R14,32373.350156,440255648238150.375000
In115_g2u1000,49,115,g2u1000,Q13-R14,32313.154527,4869966632164.116211
In115_g2u1000,49,115,g2u1000,Q13-R15,32343.350021,444540235521079.937500
I127_g0u0050,53,127,g0u0050,K1-L2,3667220.563530,604048619107784960.000000
I127_g0u0050,53,127,g0u0050,K1-L3,3722358.462420,620494878350653440.000000
I127_g0u0050,53,127,g0u0050,L2-M4,1149007.895041,91934813973569312.000000
I127_g0u0050,53,127,g0u0050,L3-M4,1093869.996151,17260977115560504.000000
I127_g0u0050,53,127,g0u0050,L3-M5,1101397.949119,104906760051403168.000000
I127_g0u0050,53,127,g0u0050,M4-N6,394258.398428,21553047092029328.000000
I127_g0u0050,53,127,g0u0050,M5-N6,386730.445460,1494951039255464.250000
I127_g0u0050,53,127,g0u0050,M5-N7,388300.841730,22663717876058572.000000
I127_g0u0050,53,127,g0u0050,N6-O8,180061.338346,6785516275167431.000000
I127_g0u0050,53,127,g0u0050,N7-O8,178490.942076,247322391420212.375000
I127_g0u0050,53,127,g0u0050,N7-O9,178969.548044,6980042143619234.000000
I127_g0u0050,53,127,g0u0050,O8-P10,97274.910428,2645406870192459.000000
I127_g0u0050,53,127,g0u0050,O9-P10,96796.304461,59513879029129.007812
I127_g0u0050,53,127,g0u0050,O9-P11,96980.134526,2694085442302295.000000
I127_g0u0050,53,127,g0u0050,P10-Q12,58486.633664,1196312923348259.250000
I127_g0u0050,53,127,g0u0050,P11-Q12,58302.803598,18275007507213.582031
I127_g0u0050,53,127,g0u0050,P11-Q13,58385.264312,1211686461096566.000000
I127_g0u0050,53,127,g0u0050,Q12-R14,37896.299941,602939216058788.125000
I127_g0u0050,53,127,g0u0050,Q13-R14,37813.839227,6664456784486.289062
I127_g0u0050,53,127,g0u0050,Q13-R15,37855.195846,608665558797526.625000
I127_g0u0100,53,127,g0u0100,K1-L2,3667632.427035,604141519065769728.000000
I127_g0u0100,53,127,g0u0100,K1-L3,3722777.927024,620586443538127232.000000
I127_g0u0100,53,127,g0u0100,L2-M4,1149030.656500,91936462196640240.000000
I127_g0u0100,53,127,g0u0100,L3-M4,1093885.156511,17261214658618106.000000
I127_g0u0100,53,127,g0u0100,L3-M5,1101413.179485,104908175637608784.000000
I127_g0u0100,53,127,g0u0100,M4-N6,394259.401415,21553153953729944.000000
I127_g0u0100,53,127,g0u0100,M5-N6,386731.378442,1494958294325193.250000
I127_g0u0100,53,127,g0u0100,M5-N7,388301.782454,22663828007615328.000000
I127_g0u0100,53,127,g0u0100,N6-O8,180061.769591,6785548078659880.000000
I127_g0u0100,53,127,g0u0100,N7-O8,178491.365578,247323532415966.093750
I127_g0u0100,53,127,g0u0100,N7-O9,178969.973751,6980074371697736.000000
I127_g0u0100,53,127,g0u0100,O8-P10,97275.121529,2645417947556422.000000
I127_g0u0100,53,127,g0u0100,O9-P10,96796.513357,59514123903474.968750
I127_g0u0100,53,127,g0u0100,O9-P11,96980.344182,2694096732157161.500000
I127_g0u0100,53,127,g0u0100,P10-Q12,58486.744429,1196317280805519.500000
I127_g0u0100,53,127,g0u0100,P11-Q12,58302.913604,18275074069666.785156
I127_g0u0100,53,127,g0u0100,P11-Q13,58385.374611,1211690875954624.250000
I127_g0u0100,53,127,g0u0100,Q12-R14,37896.359818,602941008125438.000000
I127_g0u0100,53,127,g0u0100,Q13-R14,37813.898811,6664476589000.009766
I127_g0u0100,53,127,g0u0100,Q13-R15,37855.255550,608667368072509.000000
I127_g0u0150,53,127,g0u0150,K1-L2,3667702.957018,604157502353377920.000000
I127_g0u0150,53,127,g0u0150,K1-L3,3722849.762364,620602233672111104.000000
I127_g0u0150,53,127,g0u0150,L2-M4,1149034.932231,91936795880078720.000000
I127_g0u0150,53,127,g0u0150,L3-M4,1093888.126885,17261266080588812.000000
I127_g0u0150,53,127,g0u0150,L3-M5,1101416.166956,104908479151413200.000000
I127_g0u0150,53,127,g0u0150,M4-N6,394259.662220,21553180512051680.000000
I127_g0u0150,53,127,g0u0150,M5-N6,386731.622148,1494960154089876.750000
I127_g0u0150,53,127,g0u0150,M5-N7,388302.028070,22663856204194288.000000
I127_g0u0150,53,127,g0u0150,N6-O8,180061.874975,6785555554139414.000000
I127_g0u0150,53,127,g0u0150,N7-O8,178491.469053,247323824857783.218750
I127_g0u0150,53,127,g0u0150,N7-O9,178970.077765,6980082075977269.000000
I127_g0u0150,53,127,g0u0150,O8-P10,97275.173245,2645420786935198.500000
I127_g0u0150,53,127,g0u0150,O9-P10,96796.564533,59514183439454.789062
I127_g0u0150,53,127,g0u0150,O9-P11,96980.395545,2694099429410525.000000
I127_g0u0150,53,127,g0u0150,P10-Q12,58486.771572,1196318287615782.250000
I127_g0u0150,53,127,g0u0150,P11-Q12,58302.940560,18275089442430.855469
I127_g0u0150,53,127,g0u0150,P11-Q13,58385.401639,1211691969568950.750000
I127_g0u0150,53,127,g0u0150,Q12-R14,37896.374496,602941438024223.250000
I127_g0u0150,53,127,g0u0150,Q13-R14,37813.913417,6664481339328.226562
I127_g0u0150,53,127,g0u0150,Q13-R15,37855.270186,608667859150481.750000
I127_g0u0200,53,127,g0u0200,K1-L2,3667726.679904,604162904465281280.000000
I127_g0u0200,53,127,g0u0200,K1-L3,3722873.934653,620607546533843328.000000
I127_g0u0200,53,127,g0u0200,L2-M4,1149036.497582,91936917122036400.000000
I127_g0u0200,53,127,g0u0200,L3-M4,1093889.242834,17261286378388464.000000
I127_g0u0200,53,127,g0u0200,L3-M5,1101417.289693,104908588599380000.000000
I127_g0u0200,53,127,g0u0200,M4-N6,394259.770309,21553191959242792.000000
I127_g0u0200,53,127,g0u0200,M5-N6,386731.723450,1494960845551242.250000
I127_g0u0200,53,127,g0u0200,M5-N7,388302.130166,22663866714058548.000000
I127_g0u0200,53,127,g0u0200,N6-O8,180061.918816,6785558711079483.000000
I127_g0u0200,53,127,g0u0200,N7-O8,178491.512100,247323920259055.187500
I127_g0u0200,53,127,g0u0200,N7-O9,178970.121036,6980085329630401.000000
I127_g0u0200,53,127,g0u0200,O8-P10,97275.194762,2645421904980246.000000
I127_g0u0200,53,127,g0u0200,O9-P10,96796.585826,59514208594570.070312
I127_g0u0200,53,127,g0u0200,O9-P11,96980.416915,2694100568889681.500000
I127_g0u0200,53,127,g0u0200,P10-Q12,58486.782866,1196318640324492.500000
I127_g0u0200,53,127,g0u0200,P11-Q12,58302.951777,18275094820054.953125
I127_g0u0200,53,127,g0u0200,P11-Q13,58385.412885,1211692400445061.500000
I127_g0u0200,53,127,g0u0200,Q12-R14,37896.380604,602941635881264.250000
I127_g0u0200,53,127,g0u0200,Q13-R14,37813.919495,6664483526799.216797
I127_g0u0200,53,127,g0u0200,Q13-R15,37855.276276,608668001859440.000000
I127_g0u0250,53,127,g0u0250,K1-L2,3667737.512776,604165423879138432.000000
I127_g0u0250,53,127,g0u0250,K1-L3,3722884.975035,620610044164320128.000000
I127_g0u0250,53,127,g0u0250,L2-M4,1149037.243795,91936983581993088.000000
I127_g0u0250,53,127,g0u0250,L3-M4,1093889.781536,17261296713019210.000000
I127_g0u0250,53,127,g0u0250,L3-M5,1101417.831807,104908649741777744.000000
I127_g0u0250,53,127,g0u0250,M4-N6,394259.826838,21553197819840496.000000
I127_g0u0250,53,127,g0u0250,M5-N6,386731.776566,1494961255744440.000000
I127_g0u0250,53,127,g0u0250,M5-N7,388302.183699,22663872931980104.000000
I127_g0u0250,53,127,g0u0250,N6-O8,180061.941850,6785560595874578.000000
I127_g0u0250,53,127,g0u0250,N7-O8,178491.534717,247323989153931.375000
I127_g0u0250,53,127,g0u0250,N7-O9,178970.143771,6980087272615197.000000
I127_g0u0250,53,127,g0u0250,O8-P10,97275.206068,2645422381317276.500000
I127_g0u0250,53,127,g0u0250,O9-P10,96796.597013,59514223669193.851562
I127_g0u0250,53,127,g0u0250,O9-P11,96980.428143,2694101054239391.500000
I127_g0u0250,53,127,g0u0250,P10-Q12,58486.788800,1196318894542566.500000
I127_g0u0250,53,127,g0u0250,P11-Q12,58302.957670,18275098705669.636719
I127_g0u0250,53,127,g0u0250,P11-Q13,58385.418795,1211692658026261.000000
I127_g0u0250,53,127,g0u0250,Q12-R14,37896.383813,602941736975062.625000
I127_g0u0250,53,127,g0u0250,Q13-R14,37813.922689,6664484644311.789062
I127_g0u0250,53,127,g0u0250,Q13-R15,37855.279477,608668103926236.125000
I127_g0u0300,53,127,g0u0300,K1-L2,3667743.369595,604166792989672704.000000
I127_g0u0300,53,127,g0u0300,K1-L3,3722890.944747,620611383021885440.000000
I127_g0u0300,53,127,g0u0300,L2-M4,1149037.658577,91937013234015584.000000
I127_g0u0300,53,127,g0u0300,L3-M4,1093890.083426,17261302971284500.000000
I127_g0u0300,53,127,g0u0300,L3-M5,1101418.135675,104908686776219744.000000
I127_g0u0300,53,127,g0u0300,M4-N6,394259.860661,21553201030825432.000000
I127_g0u0300,53,127,g0u0300,M5-N6,386731.808412,1494961590406947.250000
I127_g0u0300,53,127,g0u0300,M5-N7,388302.215795,22663876337286384.000000
I127_g0u0300,53,127,g0u0300,N6-O8,180061.955684,6785561620558488.000000
I127_g0u0300,53,127,g0u0300,N7-O8,178491.548301,247324026554411.375000
I127_g0u0300,53,127,g0u0300,N7-O9,178970.157426,6980088328748196.000000
I127_g0u0300,53,127,g0u0300,O8-P10,97275.212858,2645422744432302.500000
I127_g0u0300,53,127,g0u0300,O9-P10,96796.603733,59514231841394.507812
I127_g0u0300,53,127,g0u0300,O9-P11,96980.434887,2694101424326981.500000
I127_g0u0300,53,127,g0u0300,P10-Q12,58486.792364,1196319105209465.250000
I127_g0u0300,53,127,g0u0300,P11-Q12,58302.961210,18275101931538.292969
I127_g0u0300,53,127,g0u0300,P11-Q13,58385.422344,1211692724348741.500000
I127_g0u0300,53,127,g0u0300,Q12-R14,37896.385742,602941763771319.625000
I127_g0u0300,53,127,g0u0300,Q13-R14,37813.924608,6664484938565.145508
I127_g0u0300,53,127,g0u0300,Q13-R15,37855.281399,608668188019942.500000
I127_g0u0350,53,127,g0u0350,K1-L2,3667746.895925,604167595023271296.000000
I127_g0u0350,53,127,g0u0350,K1-L3,3722894.539346,620612239102726400.000000
I127_g0u0350,53,127,g0u0350,L2-M4,1149037.913689,91937042191779344.000000
I127_g0u0350,53,127,g0u0350,L3-M4,1093890.270269,17261305355899200.000000
I127_g0u0350,53,127,g0u0350,L3-M5,1101418.323777,104908711575729328.000000
I127_g0u0350,53,127,g0u0350,M4-N6,394259.882759,21553203667871960.000000
I127_g0u0350,53,127,g0u0350,M5-N6,386731.829251,1494961664948462.750000
I127_g0u0350,53,127,g0u0350,M5-N7,388302.236798,22663879134502068.000000
I127_g0u0350,53,127,g0u0350,N6-O8,180061.964751,6785561942448233.000000
I127_g0u0350,53,127,g0u0350,N7-O8,178491.557204,247324038106280.000000
I127_g0u0350,53,127,g0u0350,N7-O9,178970.166376,6980089210803618.000000
I127_g0u0350,53,127,g0u0350,O8-P10,97275.217309,2645423048867062.500000
I127_g0u0350,53,127,g0u0350,O9-P10,96796.608137,59514238708082.484375
I127_g0u0350,53,127,g0u0350,O9-P11,96980.439307,2694101734676874.000000
I127_g0u0350,53,127,g0u0350,P10-Q12,58486.794701,1196319148148464.500000
I127_g0u0350,53,127,g0u0350,P11-Q12,58302.963531,18275102582010.003906
I127_g0u0350,53,127,g0u0350,P11-Q13,58385.424671,1211692914986501.250000
I127_g0u0350,53,127,g0u0350,Q12-R14,37896.387005,602941837820670.250000
I127_g0u0350,53,127,g0u0350,Q13-R14,37813.925865,6664485131449.573242
I127_g0u0350,53,127,g0u0350,Q13-R15,37855.282659,608668205743292.750000
I127_g0u0400,53,127,g0u0400,K1-L2,3667749.184599,604168126666802816.000000
I127_g0u0400,53,127,g0u0400,K1-L3,3722896.872484,620612724423408256.000000
I127_g0u0400,53,127,g0u0400,L2-M4,1149038.082245,91937052741231056.000000
I127_g0u0400,53,127,g0u0400,L3-M4,1093890.394361,17261305774495460.000000
I127_g0u0400,53,127,g0u0400,L3-M5,1101418.448726,104908714283073712.000000
I127_g0u0400,53,127,g0u0400,M4-N6,394259.898122,21553205973940588.000000
I127_g0u0400,53,127,g0u0400,M5-N6,386731.843757,1494961827401002.500000
I127_g0u0400,53,127,g0u0400,M5-N7,388302.251419,22663879941559016.000000
I127_g0u0400,53,127,g0u0400,N6-O8,180061.971071,6785562700366202.000000
I127_g0u0400,53,127,g0u0400,N7-O8,178491.563409,247324065933140.218750
I127_g0u0400,53,127,g0u0400,N7-O9,178970.172613,6980089441578517.000000
I127_g0u0400,53,127,g0u0400,O8-P10,97275.220411,2645423126666972.500000
I127_g0u0400,53,127,g0u0400,O9-P10,96796.611207,59514240438971.234375
I127_g0u0400,53,127,g0u0400,O9-P11,96980.442388,2694101813877752.500000
I127_g0u0400,53,127,g0u0400,P10-Q12,58486.796329,1196319323232742.750000
I127_g0u0400,53,127,g0u0400,P11-Q12,58302.965148,18275103035412.113281
I127_g0u0400,53,127,g0u0400,P11-Q13,58385.426292,1211692945288248.750000
I127_g0u0400,53,127,g0u0400,Q12-R14,37896.387886,602941850063388.250000
I127_g0u0400,53,127,g0u0400,Q13-R14,37813.926742,6664485265890.348633
I127_g0u0400,53,127,g0u0400,Q13-R15,37855.283538,608668218096379.750000
I127_g0u0450,53,127,g0u0450,K1-L2,3667750.754809,604168497336587264.000000
I127_g0u0450,53,127,g0u0450,K1-L3,3722898.473291,620613122510370304.000000
I127_g0u0450,53,127,g0u0450,L2-M4,1149038.199710,91937062945757632.000000
I127_g0u0450,53,127,g0u0450,L3-M4,1093890.481229,17261307895548902.000000
I127_g0u0450,53,127,g0u0450,L3-M5,1101418.536207,104908726839956992.000000
I127_g0u0450,53,127,g0u0450,M4-N6,394259.909308,21553206530931296.000000
I127_g0u0450,53,127,g0u0450,M5-N6,386731.854330,1494961865331744.500000
I127_g0u0450,53,127,g0u0450,M5-N7,388302.262076,22663882170224348.000000
I127_g0u0450,53,127,g0u0450,N6-O8,180061.975682,6785562864084253.000000
I127_g0u0450,53,127,g0u0450,N7-O8,178491.567937,247324071808585.312500
I127_g0u0450,53,127,g0u0450,N7-O9,178970.177165,6980090160938616.000000
I127_g0u0450,53,127,g0u0450,O8-P10,97275.222675,2645423183435531.500000
I127_g0u0450,53,127,g0u0450,O9-P10,96796.613447,59514246085420.531250
I127_g0u0450,53,127,g0u0450,O9-P11,96980.444636,2694102068394718.000000
I127_g0u0450,53,127,g0u0450,P10-Q12,58486.797518,1196319345073351.750000
I127_g0u0450,53,127,g0u0450,P11-Q12,58302.966328,18275103366270.808594
I127_g0u0450,53,127,g0u0450,P11-Q13,58385.427475,1211692967398103.250000
I127_g0u0450,53,127,g0u0450,Q12-R14,37896.388529,602941858998023.000000
I127_g0u0450,53,127,g0u0450,Q13-R14,37813.927382,6664485364001.878906
I127_g0u0450,53,127,g0u0450,Q13-R15,37855.284179,608668227111324.500000
I127_g0u0500,53,127,g0u0500,K1-L2,3667751.879206,604168800237897088.000000
I127_g0u0500,53,127,g0u0500,K1-L3,3722899.619656,620613382413709824.000000
I127_g0u0500,53,127,g0u0500,L2-M4,1149038.285015,91937072900131056.000000
I127_g0u0500,53,127,g0u0500,L3-M4,1093890.544566,17261309945658636.000000
I127_g0u0500,53,127,g0u0500,L3-M5,1101418.599999,104908738936556992.000000
I127_g0u0500,53,127,g0u0500,M4-N6,394259.917749,21553206952210932.000000
I127_g0u0500,53,127,g0u0500,M5-N6,386731.862316,1494962004495937.750000
I127_g0u0500,53,127,g0u0500,M5-N7,388302.270125,22663882615623148.000000
I127_g0u0500,53,127,g0u0500,N6-O8,180061.979169,6785562987855255.000000
I127_g0u0500,53,127,g0u0500,N7-O8,178491.571360,247324076250422.000000
I127_g0u0500,53,127,g0u0500,N7-O9,178970.180606,6980090288246535.000000
I127_g0u0500,53,127,g0u0500,O8-P10,97275.224386,2645423419174678.500000
I127_g0u0500,53,127,g0u0500,O9-P10,96796.615140,59514247040301.570312
I127_g0u0500,53,127,g0u0500,O9-P11,96980.446336,2694102112087518.500000
I127_g0u0500,53,127,g0u0500,P10-Q12,58486.798416,1196319361585205.500000
I127_g0u0500,53,127,g0u0500,P11-Q12,58302.967220,18275105849840.429688
I127_g0u0500,53,127,g0u0500,P11-Q13,58385.428370,1211692984114927.750000
I127_g0u0500,53,127,g0u0500,Q12-R14,37896.389015,602941865752414.375000
I127_g0u0500,53,127,g0u0500,Q13-R14,37813.927865,6664485438173.572266
I127_g0u0500,53,127,g0u0500,Q13-R15,37855.284663,608668233927267.125000
I127_g0u0550,53,127,g0u0550,K1-L2,3667752.712235,604168970764620160.000000
I127_g0u0550,53,127,g0u0550,K1-L3,3722900.468999,620613585734570368.000000
I127_g0u0550,53,127,g0u0550,L2-M4,1149038.349032,91937082668864448.000000
I127_g0u0550,53,127,g0u0550,L3-M4,1093890.592268,17261310139071692.000000
I127_g0u0550,53,127,g0u0550,L3-M5,1101418.648049,104908740181917232.000000
I127_g0u0550,53,127,g0u0550,M4-N6,394259.924303,21553207279945348.000000
I127_g0u0550,53,127,g0u0550,M5-N6,386731.868522,1494962026804683.250000
I127_g0u0550,53,127,g0u0550,M5-N7,388302.276379,22663882962055216.000000
I127_g0u0550,53,127,g0u0550,N6-O8,180061.981880,6785563617664231.000000
I127_g0u0550,53,127,g0u0550,N7-O8,178491.574023,247324099479748.750000
I127_g0u0550,53,127,g0u0550,N7-O9,178970.183282,6980090387252113.000000
I127_g0u0550,53,127,g0u0550,O8-P10,97275.225717,2645423452551371.000000
I127_g0u0550,53,127,g0u0550,O9-P10,96796.616457,59514247782864.929688
I127_g0u0550,53,127,g0u0550,O9-P11,96980.447658,2694102146065288.500000
I127_g0u0550,53,127,g0u0550,P10-Q12,58486.799115,1196319374425660.000000
I127_g0u0550,53,127,g0u0550,P11-Q12,58302.967914,18275106044355.882812
I127_g0u0550,53,127,g0u0550,P11-Q13,58385.429066,1211692997115724.500000
I127_g0u0550,53,127,g0u0550,Q12-R14,37896.389393,602941871005813.250000
I127_g0u0550,53,127,g0u0550,Q13-R14,37813.928241,6664486123511.859375
I127_g0u0550,53,127,g0u0550,Q13-R15,37855.285040,608668239227999.500000
I127_g0u0600,53,127,g0u0600,K1-L2,3667753.346745,604169090179163520.000000
I127_g0u0600,53,127,g0u0600,K1-L3,3722901.115963,620613703965457664.000000
I127_g0u0600,53,127,g0u0600,L2-M4,1149038.398376,91937083335837520.000000
I127_g0u0600,53,127,g0u0600,L3-M4,1093890.629157,17261312102016844.000000
I127_g0u0600,53,127,g0u0600,L3-M5,1101418.685212,104908741189124320.000000
I127_g0u0600,53,127,g0u0600,M4-N6,394259.929511,21553209083972112.000000
I127_g0u0600,53,127,g0u0600,M5-N6,386731.873456,1494962044560929.000000
I127_g0u0600,53,127,g0u0600,M5-N7,388302.281352,22663884877425176.000000
I127_g0u0600,53,127,g0u0600,N6-O8,180061.984037,6785563694265491.000000
I127_g0u0600,53,127,g0u0600,N7-O8,178491.576141,247324102228779.468750
I127_g0u0600,53,127,g0u0600,N7-O9,178970.185412,6980090466042258.000000
I127_g0u0600,53,127,g0u0600,O8-P10,97275.226776,2645423479113890.500000
I127_g0u0600,53,127,g0u0600,O9-P10,96796.617505,59514248373829.664062
I127_g0u0600,53,127,g0u0600,O9-P11,96980.448710,2694102173106444.500000
I127_g0u0600,53,127,g0u0600,P10-Q12,58486.799671,1196319384645851.250000
I127_g0u0600,53,127,g0u0600,P11-Q12,58302.968466,18275106199179.714844
I127_g0u0600,53,127,g0u0600,P11-Q13,58385.429619,1211693007461222.500000
I127_g0u0600,53,127,g0u0600,Q12-R14,37896.389694,602941875186763.000000
I127_g0u0600,53,127,g0u0600,Q13-R14,37813.928541,6664486169422.566406
I127_g0u0600,53,127,g0u0600,Q13-R15,37855.285340,608668243445864.375000
I127_g0u0700,53,127,g0u0700,K1-L2,3667754.234327,604169302699964800.000000
I127_g0u0700,53,127,g0u0700,K1-L3,3722902.021019,620613912175276544.000000
I127_g0u0700,53,127,g0u0700,L2-M4,1149038.468493,91937093327990144.000000
I127_g0u0700,53,127,g0u0700,L3-M4,1093890.681801,17261312338583318.000000
I127_g0u0700,53,127,g0u0700,L3-M5,1101418.738255,104908753234399696.000000
I127_g0u0700,53,127,g0u0700,M4-N6,394259.937206,21553209470269868.000000
I127_g0u0700,53,127,g0u0700,M5-N6,386731.880753,1494962070845737.250000
I127_g0u0700,53,127,g0u0700,M5-N7,388302.288707,22663885285594972.000000
I127_g0u0700,53,127,g0u0700,N6-O8,180061.987231,6785563807636266.000000
I127_g0u0700,53,127,g0u0700,N7-O8,178491.579277,247324106297376.468750
I127_g0u0700,53,127,g0u0700,N7-O9,178970.188564,6980090582653504.000000
I127_g0u0700,53,127,g0u0700,O8-P10,97275.228344,2645423518427223.000000
I127_g0u0700,53,127,g0u0700,O9-P10,96796.619057,59514249248474.265625
I127_g0u0700,53,127,g0u0700,O9-P11,96980.450266,2694102409851784.000000
I127_g0u0700,53,127,g0u0700,P10-Q12,58486.800493,1196319399770897.500000
I127_g0u0700,53,127,g0u0700,P11-Q12,58302.969284,18275106428304.687500
I127_g0u0700,53,127,g0u0700,P11-Q13,58385.430439,1211693022773792.250000
I127_g0u0700,53,127,g0u0700,Q12-R14,37896.390139,602941881374168.000000
I127_g0u0700,53,127,g0u0700,Q13-R14,37813.928984,6664486237368.027344
I127_g0u0700,53,127,g0u0700,Q13-R15,37855.285784,608668249689250.875000
I127_g0u0800,53,127,g0u0800,K1-L2,3667754.812235,604169493730387200.000000
I127_g0u0800,53,127,g0u0800,K1-L3,3722902.610345,620614097297074176.000000
I127_g0u0800,53,127,g0u0800,L2-M4,1149038.515061,91937094082147952.000000
I127_g0u0800,53,127,g0u0800,L3-M4,1093890.716950,17261314313783182.000000
I127_g0u0800,53,127,g0u0800,L3-M5,1101418.773676,104908754317769152.000000
I127_g0u0800,53,127,g0u0800,M4-N6,394259.942562,21553209739787960.000000
I127_g0u0800,53,127,g0u0800,M5-N6,386731.885836,1494962199662032.750000
I127_g0u0800,53,127,g0u0800,M5-N7,388302.293830,22663885570300920.000000
I127_g0u0800,53,127,g0u0800,N6-O8,180061.989458,6785563886697777.000000
I127_g0u0800,53,127,g0u0800,N7-O8,178491.581463,247324109134693.687500
I127_g0u0800,53,127,g0u0800,N7-O9,178970.190762,6980091214939316.000000
I127_g0u0800,53,127,g0u0800,O8-P10,97275.229437,2645423545843457.500000
I127_g0u0800,53,127,g0u0800,O9-P10,96796.620138,59514254241891.851562
I127_g0u0800,53,127,g0u0800,O9-P11,96980.451352,2694102437762590.500000
I127_g0u0800,53,127,g0u0800,P10-Q12,58486.801067,1196319410318408.500000
I127_g0u0800,53,127,g0u0800,P11-Q12,58302.969854,18275106588087.187500
I127_g0u0800,53,127,g0u0800,P11-Q13,58385.431010,1211693033452152.250000
I127_g0u0800,53,127,g0u0800,Q12-R14,37896.390449,602941885688727.250000
I127_g0u0800,53,127,g0u0800,Q13-R14,37813.929292,6664486284746.515625
I127_g0u0800,53,127,g0u0800,Q13-R15,37855.286093,608668254043271.750000
I127_g0u0900,53,127,g0u0900,K1-L2,3667755.209698,604169597161648768.000000
I127_g0u0900,53,127,g0u0900,K1-L3,3722903.015689,620614163156775680.000000
I127_g0u0900,53,127,g0u0900,L2-M4,1149038.547666,91937103614591280.000000
I127_g0u0900,53,127,g0u0900,L3-M4,1093890.741676,17261314439320524.000000
I127_g0u0900,53,127,g0u0900,L3-M5,1101418.798597,104908755122522560.000000
I127_g0u0900,53,127,g0u0900,M4-N6,394259.946465,21553209936603692.000000
I127_g0u0900,53,127,g0u0900,M5-N6,386731.889543,1494962213047882.000000
I127_g0u0900,53,127,g0u0900,M5-N7,388302.297567,22663885778163972.000000
I127_g0u0900,53,127,g0u0900,N6-O8,180061.991083,6785563944413094.000000
I127_g0u0900,53,127,g0u0900,N7-O8,178491.583060,247324111205946.062500
I127_g0u0900,53,127,g0u0900,N7-O9,178970.192366,6980091274301351.000000
I127_g0u0900,53,127,g0u0900,O8-P10,97275.230235,2645423565858286.000000
I127_g0u0900,53,127,g0u0900,O9-P10,96796.620928,59514254687178.398438
I127_g0u0900,53,127,g0u0900,O9-P11,96980.452145,2694102458136804.500000
I127_g0u0900,53,127,g0u0900,P10-Q12,58486.801486,1196319418017987.250000
I127_g0u0900,53,127,g0u0900,P11-Q12,58302.970270,18275106704726.003906
I127_g0u0900,53,127,g0u0900,P11-Q13,58385.431427,1211693188414419.750000
I127_g0u0900,53,127,g0u0900,Q12-R14,37896.390676,602941888839403.375000
I127_g0u0900,53,127,g0u0900,Q13-R14,37813.929518,6664486319345.280273
I127_g0u0900,53,127,g0u0900,Q13-R15,37855.286319,608668257221477.625000
I127_g0u1000,53,127,g0u1000,K1-L2,3667755.494883,604169617707773312.000000
I127_g0u1000,53,127,g0u1000,K1-L3,3722903.306546,620614185288917632.000000
I127_g0u1000,53,127,g0u1000,L2-M4,1149038.571447,91937104059883232.000000
I127_g0u1000,53,127,g0u1000,L3-M4,1093890.759784,17261314535707840.000000
I127_g0u1000,53,127,g0u1000,L3-M5,1101418.816851,104908766265216096.000000
I127_g0u1000,53,127,g0u1000,M4-N6,394259.949412,21553210085493796.000000
I127_g0u1000,53,127,g0u1000,M5-N6,386731.892345,1494962223172504.000000
I127_g0u1000,53,127,g0u1000,M5-N7,388302.300391,22663885935385036.000000
I127_g0u1000,53,127,g0u1000,N6-O8,180061.992312,6785563988057943.000000
I127_g0u1000,53,127,g0u1000,N7-O8,178491.584267,247324112772253.218750
I127_g0u1000,53,127,g0u1000,N7-O9,178970.193580,6980091319196024.000000
I127_g0u1000,53,127,g0u1000,O8-P10,97275.230838,2645423773812649.000000
I127_g0u1000,53,127,g0u1000,O9-P10,96796.621525,59514255023909.695312
I127_g0u1000,53,127,g0u1000,O9-P11,96980.452744,2694102473543884.000000
I127_g0u1000,53,127,g0u1000,P10-Q12,58486.801803,1196319423841388.500000
I127_g0u1000,53,127,g0u1000,P11-Q12,58302.970584,18275106792942.179688
I127_g0u1000,53,127,g0u1000,P11-Q13,58385.431743,1211693194309756.250000
I127_g0u1000,53,127,g0u1000,Q12-R14,37896.390847,602941891221338.375000
I127_g0u1000,53,127,g0u1000,Q13-R14,37813.929689,6664486345501.857422
I127_g0u1000,53,127,g0u1000,Q13-R15,37855.286490,608668259625527.375000
I127_g0u1100,53,127,g0u1100,K1-L2,3667755.705505,604169670444566784.000000
I127_g0u1100,53,127,g0u1100,K1-L3,3722903.521364,620614272186712192.000000
I127_g0u1100,53,127,g0u1100,L2-M4,1149038.589257,91937104416363296.000000
I127_g0u1100,53,127,g0u1100,L3-M4,1093890.773397,17261314611816792.000000
I127_g0u1100,53,127,g0u1100,L3-M5,1101418.830576,104908766752326480.000000
I127_g0u1100,53,127,g0u1100,M4-N6,394259.951701,21553211744480236.000000
I127_g0u1100,53,127,g0u1100,M5-N6,386731.894522,1494962231049622.000000
I127_g0u1100,53,127,g0u1100,M5-N7,388302.302585,22663886057703796.000000
I127_g0u1100,53,127,g0u1100,N6-O8,180061.993269,6785564555565156.000000
I127_g0u1100,53,127,g0u1100,N7-O8,178491.585206,247324133765719.937500
I127_g0u1100,53,127,g0u1100,N7-O9,178970.194524,6980091354117564.000000
I127_g0u1100,53,127,g0u1100,O8-P10,97275.231308,2645423785586063.500000
I127_g0u1100,53,127,g0u1100,O9-P10,96796.621990,59514255285841.812500
I127_g0u1100,53,127,g0u1100,O9-P11,96980.453210,2694102485528788.500000
I127_g0u1100,53,127,g0u1100,P10-Q12,58486.802050,1196319428371110.750000
I127_g0u1100,53,127,g0u1100,P11-Q12,58302.970829,18275106861561.187500
I127_g0u1100,53,127,g0u1100,P11-Q13,58385.431988,1211693198895039.750000
I127_g0u1100,53,127,g0u1100,Q12-R14,37896.390981,602941893074212.125000
I127_g0u1100,53,127,g0u1100,Q13-R14,37813.929821,6664486365847.893555
I127_g0u1100,53,127,g0u1100,Q13-R15,37855.286623,608668261494915.625000
I127_g0u1200,53,127,g0u1200,K1-L2,3667755.893257,604169684745746048.000000
I127_g0u1200,53,127,g0u1200,K1-L3,3722903.712972,620614287602311680.000000
I127_g0u1200,53,127,g0u1200,L2-M4,1149038.605757,91937104670539776.000000
I127_g0u1200,53,127,g0u1200,L3-M4,1093890.786043,17261314668615426.000000
I127_g0u1200,53,127,g0u1200,L3-M5,1101418.843318,104908767117110048.000000
I127_g0u1200,53,127,g0u1200,M4-N6,394259.953540,21553211836507000.000000
I127_g0u1200,53,127,g0u1200,M5-N6,386731.896265,1494962237312180.000000
I127_g0u1200,53,127,g0u1200,M5-N7,388302.304342,22663886154953748.000000
I127_g0u1200,53,127,g0u1200,N6-O8,180061.994030,6785564582588350.000000
I127_g0u1200,53,127,g0u1200,N7-O8,178491.585953,247324134735513.531250
I127_g0u1200,53,127,g0u1200,N7-O9,178970.195275,6980091381913883.000000
I127_g0u1200,53,127,g0u1200,O8-P10,97275.231681,2645423794956409.500000
I127_g0u1200,53,127,g0u1200,O9-P10,96796.622359,59514255494314.093750
I127_g0u1200,53,127,g0u1200,O9-P11,96980.453581,2694102495069306.000000
I127_g0u1200,53,127,g0u1200,P10-Q12,58486.802246,1196319431977091.500000
I127_g0u1200,53,127,g0u1200,P11-Q12,58302.971024,18275106916188.585938
I127_g0u1200,53,127,g0u1200,P11-Q13,58385.432184,1211693202545767.750000
I127_g0u1200,53,127,g0u1200,Q12-R14,37896.391087,602941894549825.500000
I127_g0u1200,53,127,g0u1200,Q13-R14,37813.929927,6664486382052.211914
I127_g0u1200,53,127,g0u1200,Q13-R15,37855.286729,608668320039504.125000
I127_g0u1300,53,127,g0u1300,K1-L2,3667755.846954,604169676780865152.000000
I127_g0u1300,53,127,g0u1300,K1-L3,3722903.664997,620614279019667072.000000
I127_g0u1300,53,127,g0u1300,L2-M4,1149038.598549,91937105141957168.000000
I127_g0u1300,53,127,g0u1300,L3-M4,1093890.780506,17261314747931340.000000
I127_g0u1300,53,127,g0u1300,L3-M5,1101418.837798,104908767614714544.000000
I127_g0u1300,53,127,g0u1300,M4-N6,394259.954887,21553211912833256.000000
I127_g0u1300,53,127,g0u1300,M5-N6,386731.897595,1494962242455647.750000
I127_g0u1300,53,127,g0u1300,M5-N7,388302.305683,22663887874434508.000000
I127_g0u1300,53,127,g0u1300,N6-O8,180061.994647,6785564604517157.000000
I127_g0u1300,53,127,g0u1300,N7-O8,178491.586559,247324135522452.781250
I127_g0u1300,53,127,g0u1300,N7-O9,178970.195884,6980091404466979.000000
I127_g0u1300,53,127,g0u1300,O8-P10,97275.231984,2645423802559690.000000
I127_g0u1300,53,127,g0u1300,O9-P10,96796.622659,59514255663470.953125
I127_g0u1300,53,127,g0u1300,O9-P11,96980.453882,2694102502809327.000000
I127_g0u1300,53,127,g0u1300,P10-Q12,58486.802405,1196319434902658.000000
I127_g0u1300,53,127,g0u1300,P11-Q12,58302.971182,18275106960506.703125
I127_g0u1300,53,127,g0u1300,P11-Q13,58385.432342,1211693205507290.250000
I127_g0u1300,53,127,g0u1300,Q12-R14,37896.391173,602941895746755.125000
I127_g0u1300,53,127,g0u1300,Q13-R14,37813.930012,6664486395195.733398
I127_g0u1300,53,127,g0u1300,Q13-R15,37855.286815,608668321246609.875000
I127_g0u1400,53,127,g0u1400,K1-L2,3667754.978136,604169480950061824.000000
I127_g0u1400,53,127,g0u1400,K1-L3,3722902.775475,620614083621576832.000000
I127_g0u1400,53,127,g0u1400,L2-M4,1149038.513393,91937097628602576.000000
I127_g0u1400,53,127,g0u1400,L3-M4,1093890.716054,17261314944743910.000000
I127_g0u1400,53,127,g0u1400,L3-M5,1101418.773138,104908758297039952.000000
I127_g0u1400,53,127,g0u1400,M4-N6,394259.955484,21553211981699248.000000
I127_g0u1400,53,127,g0u1400,M5-N6,386731.898399,1494962246912436.250000
I127_g0u1400,53,127,g0u1400,M5-N7,388302.306496,22663887943527880.000000
I127_g0u1400,53,127,g0u1400,N6-O8,180061.995156,6785564622603110.000000
I127_g0u1400,53,127,g0u1400,N7-O8,178491.587059,247324136171373.343750
I127_g0u1400,53,127,g0u1400,N7-O9,178970.196387,6980091423066187.000000
I127_g0u1400,53,127,g0u1400,O8-P10,97275.232234,2645423808830425.500000
I127_g0u1400,53,127,g0u1400,O9-P10,96796.622907,59514255802982.953125
I127_g0u1400,53,127,g0u1400,O9-P11,96980.454131,2694102509192993.000000
I127_g0u1400,53,127,g0u1400,P10-Q12,58486.802536,1196319437314375.750000
I127_g0u1400,53,127,g0u1400,P11-Q12,58302.971312,18275106997042.132812
I127_g0u1400,53,127,g0u1400,P11-Q13,58385.432473,1211693207949567.000000
I127_g0u1400,53,127,g0u1400,Q12-R14,37896.391244,602941896733226.250000
I127_g0u1400,53,127,g0u1400,Q13-R14,37813.930083,6664486406029.028320
I127_g0u1400,53,127,g0u1400,Q13-R15,37855.286886,608668322242629.500000
I127_g0u1500,53,127,g0u1500,K1-L2,3667752.072898,604168744294235264.000000
I127_g0u1500,53,127,g0u1500,K1-L3,3722899.805524,620613322706497664.000000
I127_g0u1500,53,127,g0u1500,L2-M4,1149038.263501,91937083434434160.000000
I127_g0u1500,53,127,g0u1500,L3-M4,1093890.530875,17261311801586694.000000
I127_g0u1500,53,127,g0u1500,L3-M5,1101418.587314,104908740106673792.000000
I127_g0u1500,53,127,g0u1500,M4-N6,394259.954962,21553212051134608.000000
I127_g0u1500,53,127,g0u1500,M5-N6,386731.898524,1494962251046887.500000
I127_g0u1500,53,127,g0u1500,M5-N7,388302.306627,22663888007454304.000000
I127_g0u1500,53,127,g0u1500,N6-O8,180061.995579,6785564637733073.000000
I127_g0u1500,53,127,g0u1500,N7-O8,178491.587476,247324136714030.656250
I127_g0u1500,53,127,g0u1500,N7-O9,178970.196806,6980091438621537.000000
I127_g0u1500,53,127,g0u1500,O8-P10,97275.232443,2645423814072563.000000
I127_g0u1500,53,127,g0u1500,O9-P10,96796.623114,59514255919611.859375
I127_g0u1500,53,127,g0u1500,O9-P11,96980.454338,2694102514528956.000000
I127_g0u1500,53,127,g0u1500,P10-Q12,58486.802646,1196319439331922.500000
I127_g0u1500,53,127,g0u1500,P11-Q12,58302.971421,18275107027604.632812
I127_g0u1500,53,127,g0u1500,P11-Q13,58385.432582,1211693209991018.500000
I127_g0u1500,53,127,g0u1500,Q12-R14,37896.391303,602941897558400.750000
I127_g0u1500,53,127,g0u1500,Q13-R14,37813.930142,6664486415089.340820
I127_g0u1500,53,127,g0u1500,Q13-R15,37855.286945,608668323074810.875000
I127_g0u1600,53,127,g0u1600,K1-L2,3670207.370047,604816993502908288.000000
I127_g0u1600,53,127,g0u1600,K1-L3,3725414.708788,621265401564918528.000000
I127_g0u1600,53,127,g0u1600,L2-M4,1149295.089164,91954003122075328.000000
I127_g0u1600,53,127,g0u1600,L3-M4,1094087.750423,17264027416191540.000000
I127_g0u1600,53,127,g0u1600,L3-M5,1101616.555996,104924547662093200.000000
I127_g0u1600,53,127,g0u1600,M4-N6,394261.768196,21553288554080444.000000
I127_g0u1600,53,127,g0u1600,M5-N6,386732.962623,1494965561796340.000000
I127_g0u1600,53,127,g0u1600,M5-N7,388303.372315,22663936949735084.000000
I127_g0u1600,53,127,g0u1600,N6-O8,180061.998791,6785564630275091.000000
I127_g0u1600,53,127,g0u1600,N7-O8,178491.589099,247324136856786.031250
I127_g0u1600,53,127,g0u1600,N7-O9,178970.198432,6980091442882182.000000
I127_g0u1600,53,127,g0u1600,O8-P10,97275.232622,2645423818499909.500000
I127_g0u1600,53,127,g0u1600,O9-P10,96796.623289,59514256018226.054688
I127_g0u1600,53,127,g0u1600,O9-P11,96980.454514,2694102519040907.500000
I127_g0u1600,53,127,g0u1600,P10-Q12,58486.802739,1196319441038025.250000
I127_g0u1600,53,127,g0u1600,P11-Q12,58302.971513,18275107053449.265625
I127_g0u1600,53,127,g0u1600,P11-Q13,58385.432675,1211693211718958.000000
I127_g0u1600,53,127,g0u1600,Q12-R14,37896.391353,602941898256394.500000
I127_g0u1600,53,127,g0u1600,Q13-R14,37813.930192,6664486422754.789062
I127_g0u1600,53,127,g0u1600,Q13-R15,37855.286995,608668323779140.000000
I127_g0u1700,53,127,g0u1700,K1-L2,3664388.865795,603297414469450880.000000
I127_g0u1700,53,127,g0u1700,K1-L3,3719457.399829,619738899490196736.000000
I127_g0u1700,53,127,g0u1700,L2-M4,1148708.446632,91915458936147600.000000
I127_g0u1700,53,127,g0u1700,L3-M4,1093639.912599,17257875098460374.000000
I127_g0u1700,53,127,g0u1700,L3-M5,1101167.030056,104888761000627312.000000
I127_g0u1700,53,127,g0u1700,M4-N6,394257.749578,21553117142653964.000000
I127_g0u1700,53,127,g0u1700,M5-N6,386730.632121,1494958218859727.000000
I127_g0u1700,53,127,g0u1700,M5-N7,388301.038362,22663828402628284.000000
I127_g0u1700,53,127,g0u1700,N6-O8,180061.992948,6785564151368031.000000
I127_g0u1700,53,127,g0u1700,N7-O8,178491.586707,247324137921318.593750
I127_g0u1700,53,127,g0u1700,N7-O9,178970.196039,6980091473032607.000000
I127_g0u1700,53,127,g0u1700,O8-P10,97275.232770,2645423822308486.000000
I127_g0u1700,53,127,g0u1700,O9-P10,96796.623438,59514256102711.890625
I127_g0u1700,53,127,g0u1700,O9-P11,96980.454663,2694102522908644.500000
I127_g0u1700,53,127,g0u1700,P10-Q12,58486.802818,1196319442496719.000000
I127_g0u1700,53,127,g0u1700,P11-Q12,58302.971592,18275107075548.152344
I127_g0u1700,53,127,g0u1700,P11-Q13,58385.432754,1211693213196251.000000
I127_g0u1700,53,127,g0u1700,Q12-R14,37896.391396,602941898853516.750000
I127_g0u1700,53,127,g0u1700,Q13-R14,37813.930235,6664486429312.209961
I127_g0u1700,53,127,g0u1700,Q13-R15,37855.287038,608668324381821.750000
I127_g0u1800,53,127,g0u1800,K1-L2,3779905.915677,633669156576872192.000000
I127_g0u1800,53,127,g0u1800,K1-L3,3837742.775435,650195920282411008.000000
I127_g0u1800,53,127,g0u1800,L2-M4,1160196.576113,92660602875383072.000000
I127_g0u1800,53,127,g0u1800,L3-M4,1102359.716356,17376452725833520.000000
I127_g0u1800,53,127,g0u1800,L3-M5,1109919.053979,105577664596264864.000000
I127_g0u1800,53,127,g0u1800,M4-N6,394333.420461,21556348024932188.000000
I127_g0u1800,53,127,g0u1800,M5-N6,386774.082838,1495094858233085.750000
I127_g0u1800,53,127,g0u1800,M5-N7,388344.553021,22665851551565064.000000
I127_g0u1800,53,127,g0u1800,N6-O8,180062.105869,6785567627997834.000000
I127_g0u1800,53,127,g0u1800,N7-O8,178491.635686,247324185427208.250000
I127_g0u1800,53,127,g0u1800,N7-O9,178970.245061,6980093344612429.000000
I127_g0u1800,53,127,g0u1800,O8-P10,97275.232962,2645423825289223.000000
I127_g0u1800,53,127,g0u1800,O9-P10,96796.623587,59514256173450.687500
I127_g0u1800,53,127,g0u1800,O9-P11,96980.454813,2694102526145121.000000
I127_g0u1800,53,127,g0u1800,P10-Q12,58486.802887,1196319443757105.500000
I127_g0u1800,53,127,g0u1800,P11-Q12,58302.971660,18275107094642.289062
I127_g0u1800,53,127,g0u1800,P11-Q13,58385.432822,1211693214470782.000000
I127_g0u1800,53,127,g0u1800,Q12-R14,37896.391433,602941899368715.375000
I127_g0u1800,53,127,g0u1800,Q13-R14,37813.930272,6664486434968.618164
I127_g0u1800,53,127,g0u1800,Q13-R15,37855.287075,608668324901681.500000
I127_g2u1000,53,127,g2u1000,K1-L2,3667764.378510,604171742207586560.000000
I127_g2u1000,53,127,g2u1000,K1-L3,3722912.372385,620616253181628544.000000
I127_g2u1000,53,127,g2u1000,L2-M4,1149039.213563,91937136421677408.000000
I127_g2u1000,53,127,g2u1000,L3-M4,1093891.219688,17261323074776096.000000
I127_g2u1000,53,127,g2u1000,L3-M5,1101419.278439,104908789331968640.000000
I127_g2u1000,53,127,g2u1000,M4-N6,394259.950736,21553209576134416.000000
I127_g2u1000,53,127,g2u1000,M5-N6,386731.891985,1494962224991887.750000
I127_g2u1000,53,127,g2u1000,M5-N7,388302.300071,22663885214009696.000000
I127_g2u1000,53,127,g2u1000,N6-O8,180061.991134,6785563896053269.000000
I127_g2u1000,53,127,g2u1000,N7-O8,178491.583048,247324138299866.312500
I127_g2u1000,53,127,g2u1000,N7-O9,178970.192386,6980091040253636.000000
I127_g2u1000,53,127,g2u1000,O8-P10,97275.230210,2645423569129613.000000
I127_g2u1000,53,127,g2u1000,O9-P10,96796.620872,59514257348327.992188
I127_g2u1000,53,127,g2u1000,O9-P11,96980.452131,2694102415009528.500000
I127_g2u1000,53,127,g2u1000,P10-Q12,58486.801392,1196319413445247.750000
I127_g2u1000,53,127,g2u1000,P11-Q12,58302.970133,18275108306024.199219
I127_g2u1000,53,127,g2u1000,P11-Q13,58385.431317,1211693165713353.250000
I127_g2u1000,53,127,g2u1000,Q12-R14,37896.390609,602941889210562.125000
I127_g2u1000,53,127,g2u1000,Q13-R14,37813.929424,6664486613703.290039
I127_g2u1000,53,127,g2u1000,Q13-R15,37855.286253,608668249813886.375000
Cs133_g0u0050,55,133,g0u0050,K1-L2,3839896.110976,672534317552825088.000000
Cs133_g0u0050,55,133,g0u0050,K1-L3,3901994.071519,693592783622624384.000000
Cs133_g0u0050,55,133,g0u0050,L2-M4,1237604.815764,106654348230322128.000000
Cs133_g0u0050,55,133,g0u0050,L3-M4,1175506.855221,19948735007306408.000000
Cs133_g0u0050,55,133,g0u0050,L3-M5,1184245.122573,121378392686594400.000000
Cs133_g0u0050,55,133,g0u0050,M4-N6,425341.430390,25034273353276340.000000
Cs133_g0u0050,55,133,g0u0050,M5-N6,416603.163038,1732514107465177.750000
Cs133_g0u0050,55,133,g0u0050,M5-N7,418426.524483,26286918718820652.000000
Cs133_g0u0050,55,133,g0u0050,N6-O8,194084.836272,7875803764004113.000000
Cs133_g0u0050,55,133,g0u0050,N7-O8,192261.474827,286706975108108.500000
Cs133_g0u0050,55,133,g0u0050,N7-O9,192816.944844,8096528234535979.000000
Cs133_g0u0050,55,133,g0u0050,O8-P10,104814.074767,3069549720728040.500000
Cs133_g0u0050,55,133,g0u0050,O9-P10,104258.604749,69001607010566.726562
Cs133_g0u0050,55,133,g0u0050,O9-P11,104471.912137,3125011672621863.500000
Cs133_g0u0050,55,133,g0u0050,P10-Q12,63008.739652,1387905591683868.500000
Cs133_g0u0050,55,133,g0u0050,P11-Q12,62795.432264,21190229227808.199219
Cs133_g0u0050,55,133,g0u0050,P11-Q13,62891.102968,1405470784010036.750000
Cs133_g0u0050,55,133,g0u0050,Q12-R14,40822.290860,699434111646262.750000
Cs133_g0u0050,55,133,g0u0050,Q13-R14,40726.620156,7727933822562.473633
Cs133_g0u0050,55,133,g0u0050,Q13-R15,40774.597558,705990003233292.875000
Cs133_g0u0100,55,133,g0u0100,K1-L2,3840331.520121,672641184687153792.000000
Cs133_g0u0100,55,133,g0u0100,K1-L3,3902438.437880,693698696400798976.000000
Cs133_g0u0100,55,133,g0u0100,L2-M4,1237631.912725,106656435618419936.000000
Cs133_g0u0100,55,133,g0u0100,L3-M4,1175524.994965,19949037361908268.000000
Cs133_g0u0100,55,133,g0u0100,L3-M5,1184263.350776,121380161944768256.000000
Cs133_g0u0100,55,133,g0u0100,M4-N6,425342.520738,25034399774567704.000000
Cs133_g0u0100,55,133,g0u0100,M5-N6,416604.164927,1732522472396848.000000
Cs133_g0u0100,55,133,g0u0100,M5-N7,418427.535388,26287045849453424.000000
Cs133_g0u0100,55,133,g0u0100,N6-O8,194085.304391,7875841165878303.000000
Cs133_g0u0100,55,133,g0u0100,N7-O8,192261.933930,286708317488527.312500
Cs133_g0u0100,55,133,g0u0100,N7-O9,192817.406527,8096565580344656.000000
Cs133_g0u0100,55,133,g0u0100,O8-P10,104814.304836,3069562392204907.500000
Cs133_g0u0100,55,133,g0u0100,O9-P10,104258.832240,69001896546545.882812
Cs133_g0u0100,55,133,g0u0100,O9-P11,104472.140521,3125024795189604.500000
Cs133_g0u0100,55,133,g0u0100,P10-Q12,63008.861192,1387910665852970.500000
Cs133_g0u0100,55,133,g0u0100,P11-Q12,62795.552910,21190306684509.484375
Cs133_g0u0100,55,133,g0u0100,P11-Q13,62891.223961,1405475765569634.000000
Cs133_g0u0100,55,133,g0u0100,Q12-R14,40822.357143,699436204481045.625000
Cs133_g0u0100,55,133,g0u0100,Q13-R14,40726.686093,7727956937599.240234
Cs133_g0u0100,55,133,g0u0100,Q13-R15,40774.663639,705992177337652.875000
Cs133_g0u0150,55,133,g0u0150,K1-L2,3840406.018415,672659467819696512.000000
Cs133_g0u0150,55,133,g0u0150,K1-L3,3902514.470962,693716914339302400.000000
Cs133_g0u0150,55,133,g0u0150,L2-M4,1237636.948756,106656848597995776.000000
Cs133_g0u0150,55,133,g0u0150,L3-M4,1175528.496208,19949102256979420.000000
Cs133_g0u0150,55,133,g0u0150,L3-M5,1184266.873338,121380543993994560.000000
Cs133_g0u0150,55,133,g0u0150,M4-N6,425342.807157,25034431112094716.000000
Cs133_g0u0150,55,133,g0u0150,M5-N6,416604.430027,1732524546793378.000000
Cs133_g0u0150,55,133,g0u0150,M5-N7,418427.802718,26287079120234848.000000
Cs133_g0u0150,55,133,g0u0150,N6-O8,194085.418736,7875849566833146.000000
Cs133_g0u0150,55,133,g0u0150,N7-O8,192262.046046,286708623331896.125000
Cs133_g0u0150,55,133,g0u0150,N7-O9,192817.519274,8096574826529805.000000
Cs133_g0u0150,55,133,g0u0150,O8-P10,104814.361199,3069565788448073.500000
Cs133_g0u0150,55,133,g0u0150,O9-P10,104258.887971,69001963520012.429688
Cs133_g0u0150,55,133,g0u0150,O9-P11,104472.196471,3125027832409450.500000
Cs133_g0u0150,55,133,g0u0150,P10-Q12,63008.890974,1387912039732853.000000
Cs133_g0u0150,55,133,g0u0150,P11-Q12,62795.582473,21190327672538.128906
Cs133_g0u0150,55,133,g0u0150,P11-Q13,62891.253610,1405476999103462.500000
Cs133_g0u0150,55,133,g0u0150,Q12-R14,40822.373390,699436753289486.625000
Cs133_g0u0150,55,133,g0u0150,Q13-R14,40726.702253,7727962325899.677734
Cs133_g0u0150,55,133,g0u0150,Q13-R15,40774.679835,705992731374954.625000
Cs133_g0u0200,55,133,g0u0200,K1-L2,3840431.060365,672665712168666880.000000
Cs133_g0u0200,55,133,g0u0200,K1-L3,3902540.040504,693723120858586624.000000
Cs133_g0u0200,55,133,g0u0200,L2-M4,1237638.784313,106657007130840656.000000
Cs133_g0u0200,55,133,g0u0200,L3-M4,1175529.804174,19949126063510040.000000
Cs133_g0u0200,55,133,g0u0200,L3-M5,1184268.189720,121380684499830304.000000
Cs133_g0u0200,55,133,g0u0200,M4-N6,425342.925750,25034443888513192.000000
Cs133_g0u0200,55,133,g0u0200,M5-N6,416604.540204,1732525559063539.000000
Cs133_g0u0200,55,133,g0u0200,M5-N7,418427.913822,26287092678519060.000000
Cs133_g0u0200,55,133,g0u0200,N6-O8,194085.466304,7875853686715469.000000
Cs133_g0u0200,55,133,g0u0200,N7-O8,192262.092687,286708773731110.500000
Cs133_g0u0200,55,133,g0u0200,N7-O9,192817.566177,8096578478693987.000000
Cs133_g0u0200,55,133,g0u0200,O8-P10,104814.384649,3069567046958731.500000
Cs133_g0u0200,55,133,g0u0200,O9-P10,104258.911158,69001996518350.445312
Cs133_g0u0200,55,133,g0u0200,O9-P11,104472.219750,3125029326404562.000000
Cs133_g0u0200,55,133,g0u0200,P10-Q12,63008.903366,1387912442551292.500000
Cs133_g0u0200,55,133,g0u0200,P11-Q12,62795.594774,21190333807546.851562
Cs133_g0u0200,55,133,g0u0200,P11-Q13,62891.265945,1405477565374516.750000
Cs133_g0u0200,55,133,g0u0200,Q12-R14,40822.380151,699436976773302.875000
Cs133_g0u0200,55,133,g0u0200,Q13-R14,40726.708980,7727965470573.339844
Cs133_g0u0200,55,133,g0u0200,Q13-R15,40774.686577,705992956979068.500000
Cs133_g0u0250,55,133,g0u0250,K1-L2,3840442.493136,672668651952828032.000000
Cs133_g0u0250,55,133,g0u0250,K1-L3,3902551.716701,693726007309045632.000000
Cs133_g0u0250,55,133,g0u0250,L2-M4,1237639.656934,106657097689696688.000000
Cs133_g0u0250,55,133,g0u0250,L3-M4,1175530.433368,19949139162180996.000000
Cs133_g0u0250,55,133,g0u0250,L3-M5,1184268.823127,121380761797519024.000000
Cs133_g0u0250,55,133,g0u0250,M4-N6,425342.987701,25034450437055132.000000
Cs133_g0u0250,55,133,g0u0250,M5-N6,416604.597942,1732526016475133.750000
Cs133_g0u0250,55,133,g0u0250,M5-N7,418427.972046,26287099624648420.000000
Cs133_g0u0250,55,133,g0u0250,N6-O8,194085.491296,7875855792967878.000000
Cs133_g0u0250,55,133,g0u0250,N7-O8,192262.117192,286708850588621.875000
Cs133_g0u0250,55,133,g0u0250,N7-O9,192817.590820,8096580648818943.000000
Cs133_g0u0250,55,133,g0u0250,O8-P10,104814.396970,3069567796177936.500000
Cs133_g0u0250,55,133,g0u0250,O9-P10,104258.923341,69002008657265.468750
Cs133_g0u0250,55,133,g0u0250,O9-P11,104472.231981,3125030089856722.000000
Cs133_g0u0250,55,133,g0u0250,P10-Q12,63008.909877,1387912728382026.500000
Cs133_g0u0250,55,133,g0u0250,P11-Q12,62795.601237,21190338172421.738281
Cs133_g0u0250,55,133,g0u0250,P11-Q13,62891.272427,1405477854931941.000000
Cs133_g0u0250,55,133,g0u0250,Q12-R14,40822.383704,699437091113376.750000
Cs133_g0u0250,55,133,g0u0250,Q13-R14,40726.712515,7727966733595.255859
Cs133_g0u0250,55,133,g0u0250,Q13-R15,40774.690119,705993072403057.500000
Cs133_g0u0300,55,133,g0u0300,K1-L2,3840448.673547,672670162555617920.000000
Cs133_g0u0300,55,133,g0u0300,K1-L3,3902558.029476,693727569940389888.000000
Cs133_g0u0300,55,133,g0u0300,L2-M4,1237640.140967,106657129543339040.000000
Cs133_g0u0300,55,133,g0u0300,L3-M4,1175530.785038,19949143982861696.000000
Cs133_g0u0300,55,133,g0u0300,L3-M5,1184269.177230,121380801828535248.000000
Cs133_g0u0300,55,133,g0u0300,M4-N6,425343.024733,25034454038371796.000000
Cs133_g0u0300,55,133,g0u0300,M5-N6,416604.632541,1732526148442113.250000
Cs133_g0u0300,55,133,g0u0300,M5-N7,418428.006937,26287103442803788.000000
Cs133_g0u0300,55,133,g0u0300,N6-O8,194085.506306,7875856942460208.000000
Cs133_g0u0300,55,133,g0u0300,N7-O8,192262.131910,286708892467326.375000
Cs133_g0u0300,55,133,g0u0300,N7-O9,192817.605621,8096581832941742.000000
Cs133_g0u0300,55,133,g0u0300,O8-P10,104814.404370,3069567996815720.000000
Cs133_g0u0300,55,133,g0u0300,O9-P10,104258.930658,69002022552538.492188
Cs133_g0u0300,55,133,g0u0300,O9-P11,104472.239327,3125030505798482.500000
Cs133_g0u0300,55,133,g0u0300,P10-Q12,63008.913788,1387912806193591.750000
Cs133_g0u0300,55,133,g0u0300,P11-Q12,62795.605120,21190339349786.289062
Cs133_g0u0300,55,133,g0u0300,P11-Q13,62891.276320,1405478092128872.750000
Cs133_g0u0300,55,133,g0u0300,Q12-R14,40822.385838,699437184081666.625000
Cs133_g0u0300,55,133,g0u0300,Q13-R14,40726.714638,7727967086311.531250
Cs133_g0u0300,55,133,g0u0300,Q13-R15,40774.692246,705993166268238.125000
Cs133_g0u0350,55,133,g0u0350,K1-L2,3840452.394350,672671088230390016.000000
Cs133_g0u0350,55,133,g0u0350,K1-L3,3902561.830291,693728556272238336.000000
Cs133_g0u0350,55,133,g0u0350,L2-M4,1237640.438157,106657160706065488.000000
Cs133_g0u0350,55,133,g0u0350,L3-M4,1175531.002216,19949148516735464.000000
Cs133_g0u0350,55,133,g0u0350,L3-M5,1184269.395953,121380828658583728.000000
Cs133_g0u0350,55,133,g0u0350,M4-N6,425343.048910,25034456972030140.000000
Cs133_g0u0350,55,133,g0u0350,M5-N6,416604.655173,1732526353869001.250000
Cs133_g0u0350,55,133,g0u0350,M5-N7,418428.029761,26287106553318896.000000
Cs133_g0u0350,55,133,g0u0350,N6-O8,194085.516144,7875857893756127.000000
Cs133_g0u0350,55,133,g0u0350,N7-O8,192262.141556,286708927250446.812500
Cs133_g0u0350,55,133,g0u0350,N7-O9,192817.615322,8096582813325399.000000
Cs133_g0u0350,55,133,g0u0350,O8-P10,104814.409220,3069568335910144.000000
Cs133_g0u0350,55,133,g0u0350,O9-P10,104258.935454,69002025473452.695312
Cs133_g0u0350,55,133,g0u0350,O9-P11,104472.244142,3125030639625988.500000
Cs133_g0u0350,55,133,g0u0350,P10-Q12,63008.916352,1387913013483535.000000
Cs133_g0u0350,55,133,g0u0350,P11-Q12,62795.607664,21190340121494.648438
Cs133_g0u0350,55,133,g0u0350,P11-Q13,62891.278872,1405478143750464.250000
Cs133_g0u0350,55,133,g0u0350,Q12-R14,40822.387237,699437205154117.250000
Cs133_g0u0350,55,133,g0u0350,Q13-R14,40726.716029,7727967993331.266602
Cs133_g0u0350,55,133,g0u0350,Q13-R15,40774.693641,705993187527291.250000
Cs133_g0u0400,55,133,g0u0400,K1-L2,3840454.809037,672671754696712064.000000
Cs133_g0u0400,55,133,g0u0400,K1-L3,3902564.297072,693729059960529664.000000
Cs133_g0u0400,55,133,g0u0400,L2-M4,1237640.634221,106657181724251568.000000
Cs133_g0u0400,55,133,g0u0400,L3-M4,1175531.146187,19949152873801868.000000
Cs133_g0u0400,55,133,g0u0400,L3-M5,1184269.540972,121380843022768496.000000
Cs133_g0u0400,55,133,g0u0400,M4-N6,425343.065708,25034459520577172.000000
Cs133_g0u0400,55,133,g0u0400,M5-N6,416604.670922,1732526533099955.750000
Cs133_g0u0400,55,133,g0u0400,M5-N7,418428.045644,26287109255894940.000000
Cs133_g0u0400,55,133,g0u0400,N6-O8,194085.523001,7875858156507615.000000
Cs133_g0u0400,55,133,g0u0400,N7-O8,192262.148279,286708936657091.437500
Cs133_g0u0400,55,133,g0u0400,N7-O9,192817.622083,8096583676300432.000000
Cs133_g0u0400,55,133,g0u0400,O8-P10,104814.412601,3069568635161305.000000
Cs133_g0u0400,55,133,g0u0400,O9-P10,104258.938797,69002032228765.546875
Cs133_g0u0400,55,133,g0u0400,O9-P11,104472.247498,3125030732905223.000000
Cs133_g0u0400,55,133,g0u0400,P10-Q12,63008.918138,1387913049033354.500000
Cs133_g0u0400,55,133,g0u0400,P11-Q12,62795.609438,21190343064166.410156
Cs133_g0u0400,55,133,g0u0400,P11-Q13,62891.280651,1405478338169797.500000
Cs133_g0u0400,55,133,g0u0400,Q12-R14,40822.388212,699437280662328.750000
Cs133_g0u0400,55,133,g0u0400,Q13-R14,40726.716999,7727968154484.781250
Cs133_g0u0400,55,133,g0u0400,Q13-R15,40774.694613,705993202346522.750000
Cs133_g0u0450,55,133,g0u0450,K1-L2,3840456.465575,672672043851174400.000000
Cs133_g0u0450,55,133,g0u0450,K1-L3,3902565.989446,693729500435332992.000000
Cs133_g0u0450,55,133,g0u0450,L2-M4,1237640.770676,106657192736236832.000000
Cs133_g0u0450,55,133,g0u0450,L3-M4,1175531.246805,19949153228010148.000000
Cs133_g0u0450,55,133,g0u0450,L3-M5,1184269.642339,121380856627808192.000000
Cs133_g0u0450,55,133,g0u0450,M4-N6,425343.077932,25034460169094180.000000
Cs133_g0u0450,55,133,g0u0450,M5-N6,416604.682398,1732526577135248.000000
Cs133_g0u0450,55,133,g0u0450,M5-N7,418428.057217,26287109941609640.000000
Cs133_g0u0450,55,133,g0u0450,N6-O8,194085.528004,7875858348233416.000000
Cs133_g0u0450,55,133,g0u0450,N7-O8,192262.153186,286708943520971.187500
Cs133_g0u0450,55,133,g0u0450,N7-O9,192817.627017,8096583873388626.000000
Cs133_g0u0450,55,133,g0u0450,O8-P10,104814.415068,3069568702046749.500000
Cs133_g0u0450,55,133,g0u0450,O9-P10,104258.941236,69002033714403.742188
Cs133_g0u0450,55,133,g0u0450,O9-P11,104472.249947,3125031012728233.000000
Cs133_g0u0450,55,133,g0u0450,P10-Q12,63008.919442,1387913074973654.000000
Cs133_g0u0450,55,133,g0u0450,P11-Q12,62795.610732,21190343456667.921875
Cs133_g0u0450,55,133,g0u0450,P11-Q13,62891.281949,1405478364427152.250000
Cs133_g0u0450,55,133,g0u0450,Q12-R14,40822.388923,699437291381018.750000
Cs133_g0u0450,55,133,g0u0450,Q13-R14,40726.717707,7727968272085.189453
Cs133_g0u0450,55,133,g0u0450,Q13-R15,40774.695322,705993213160144.250000
Cs133_g0u0500,55,133,g0u0500,K1-L2,3840457.651706,672672376442929152.000000
Cs133_g0u0500,55,133,g0u0500,K1-L3,3902567.201299,693729826559585152.000000
Cs133_g0u0500,55,133,g0u0500,L2-M4,1237640.869653,106657203478707712.000000
Cs133_g0u0500,55,133,g0u0500,L3-M4,1175531.320060,19949155446544524.000000
Cs133_g0u0500,55,133,g0u0500,L3-M5,1184269.716148,121380869714123472.000000
Cs133_g0u0500,55,133,g0u0500,M4-N6,425343.087152,25034462320012256.000000
Cs133_g0u0500,55,133,g0u0500,M5-N6,416604.691063,1732526610434883.250000
Cs133_g0u0500,55,133,g0u0500,M5-N7,418428.065956,26287110460145736.000000
Cs133_g0u0500,55,133,g0u0500,N6-O8,194085.531787,7875859067514742.000000
Cs133_g0u0500,55,133,g0u0500,N7-O8,192262.156895,286708948710295.937500
Cs133_g0u0500,55,133,g0u0500,N7-O9,192817.630747,8096584022391533.000000
Cs133_g0u0500,55,133,g0u0500,O8-P10,104814.416933,3069568752613087.500000
Cs133_g0u0500,55,133,g0u0500,O9-P10,104258.943081,69002034837568.820312
Cs133_g0u0500,55,133,g0u0500,O9-P11,104472.251798,3125031064188613.500000
Cs133_g0u0500,55,133,g0u0500,P10-Q12,63008.920428,1387913094586202.500000
Cs133_g0u0500,55,133,g0u0500,P11-Q12,62795.611710,21190343753424.734375
Cs133_g0u0500,55,133,g0u0500,P11-Q13,62891.282930,1405478384278151.000000
Cs133_g0u0500,55,133,g0u0500,Q12-R14,40822.389461,699437299485088.250000
Cs133_g0u0500,55,133,g0u0500,Q13-R14,40726.718242,7727968360998.397461
Cs133_g0u0500,55,133,g0u0500,Q13-R15,40774.695858,705993221335708.750000
Cs133_g0u0550,55,133,g0u0550,K1-L2,3840458.530414,672672605409653248.000000
Cs133_g0u0550,55,133,g0u0550,K1-L3,3902568.099106,693730051871103616.000000
Cs133_g0u0550,55,133,g0u0550,L2-M4,1237640.943849,106657214019168784.000000
Cs133_g0u0550,55,133,g0u0550,L3-M4,1175531.375158,19949157608680840.000000
Cs133_g0u0550,55,133,g0u0550,L3-M5,1184269.771670,121380871131270944.000000
Cs133_g0u0550,55,133,g0u0550,M4-N6,425343.094308,25034462701681996.000000
Cs133_g0u0550,55,133,g0u0550,M5-N6,416604.697795,1732526755237039.500000
Cs133_g0u0550,55,133,g0u0550,M5-N7,418428.072745,26287112626581940.000000
Cs133_g0u0550,55,133,g0u0550,N6-O8,194085.534728,7875859180236217.000000
Cs133_g0u0550,55,133,g0u0550,N7-O8,192262.159779,286708952745763.562500
Cs133_g0u0550,55,133,g0u0550,N7-O9,192817.633648,8096584138264818.000000
Cs133_g0u0550,55,133,g0u0550,O8-P10,104814.418383,3069568791937426.000000
Cs133_g0u0550,55,133,g0u0550,O9-P10,104258.944515,69002040430412.343750
Cs133_g0u0550,55,133,g0u0550,O9-P11,104472.253238,3125031104208504.500000
Cs133_g0u0550,55,133,g0u0550,P10-Q12,63008.921194,1387913109838106.750000
Cs133_g0u0550,55,133,g0u0550,P11-Q12,62795.612471,21190343984201.710938
Cs133_g0u0550,55,133,g0u0550,P11-Q13,62891.283694,1405478399849635.250000
Cs133_g0u0550,55,133,g0u0550,Q12-R14,40822.389880,699437305786668.000000
Cs133_g0u0550,55,133,g0u0550,Q13-R14,40726.718657,7727968430316.914062
Cs133_g0u0550,55,133,g0u0550,Q13-R15,40774.696274,705993227699538.125000
Cs133_g0u0600,55,133,g0u0600,K1-L2,3840459.199676,672672818054343424.000000
Cs133_g0u0600,55,133,g0u0600,K1-L3,3902568.782944,693730259448447104.000000
Cs133_g0u0600,55,133,g0u0600,L2-M4,1237641.000982,106657214765501856.000000
Cs133_g0u0600,55,133,g0u0600,L3-M4,1175531.417714,19949157785853784.000000
Cs133_g0u0600,55,133,g0u0600,L3-M5,1184269.814559,121380872278809680.000000
Cs133_g0u0600,55,133,g0u0600,M4-N6,425343.099993,25034463005546172.000000
Cs133_g0u0600,55,133,g0u0600,M5-N6,416604.703147,1732526775853923.500000
Cs133_g0u0600,55,133,g0u0600,M5-N7,418428.078142,26287112947619564.000000
Cs133_g0u0600,55,133,g0u0600,N6-O8,194085.537069,7875859269942845.000000
Cs133_g0u0600,55,133,g0u0600,N7-O8,192262.162074,286708955957298.312500
Cs133_g0u0600,55,133,g0u0600,N7-O9,192817.635956,8096584823356020.000000
Cs133_g0u0600,55,133,g0u0600,O8-P10,104814.419538,3069569030823477.500000
Cs133_g0u0600,55,133,g0u0600,O9-P10,104258.945656,69002041125527.078125
Cs133_g0u0600,55,133,g0u0600,O9-P11,104472.254383,3125031136055139.000000
Cs133_g0u0600,55,133,g0u0600,P10-Q12,63008.921804,1387913121975963.750000
Cs133_g0u0600,55,133,g0u0600,P11-Q12,62795.613077,21190344167857.492188
Cs133_g0u0600,55,133,g0u0600,P11-Q13,62891.284300,1405478412002104.250000
Cs133_g0u0600,55,133,g0u0600,Q12-R14,40822.390212,699437310802929.125000
Cs133_g0u0600,55,133,g0u0600,Q13-R14,40726.718989,7727969160998.140625
Cs133_g0u0600,55,133,g0u0600,Q13-R15,40774.696607,705993232753933.750000
Cs133_g0u0700,55,133,g0u0700,K1-L2,3840460.135796,672673052295778816.000000
Cs133_g0u0700,55,133,g0u0700,K1-L3,3902569.739506,693730490554748928.000000
Cs133_g0u0700,55,133,g0u0700,L2-M4,1237641.082059,106657225563793968.000000
Cs133_g0u0700,55,133,g0u0700,L3-M4,1175531.478348,19949159997573332.000000
Cs133_g0u0700,55,133,g0u0700,L3-M5,1184269.875677,121380885314002288.000000
Cs133_g0u0700,55,133,g0u0700,M4-N6,425343.108389,25034463455499312.000000
Cs133_g0u0700,55,133,g0u0700,M5-N6,416604.711060,1732526806374514.500000
Cs133_g0u0700,55,133,g0u0700,M5-N7,418428.086122,26287113422875280.000000
Cs133_g0u0700,55,133,g0u0700,N6-O8,194085.540534,7875859402712600.000000
Cs133_g0u0700,55,133,g0u0700,N7-O8,192262.165472,286708960710508.750000
Cs133_g0u0700,55,133,g0u0700,N7-O9,192817.639372,8096584959837968.000000
Cs133_g0u0700,55,133,g0u0700,O8-P10,104814.421246,3069569077140492.500000
Cs133_g0u0700,55,133,g0u0700,O9-P10,104258.947345,69002042154309.320312
Cs133_g0u0700,55,133,g0u0700,O9-P11,104472.256079,3125031183192873.000000
Cs133_g0u0700,55,133,g0u0700,P10-Q12,63008.922707,1387913296229404.750000
Cs133_g0u0700,55,133,g0u0700,P11-Q12,62795.613973,21190344439693.453125
Cs133_g0u0700,55,133,g0u0700,P11-Q13,62891.285199,1405478430185540.750000
Cs133_g0u0700,55,133,g0u0700,Q12-R14,40822.390705,699437379046023.000000
Cs133_g0u0700,55,133,g0u0700,Q13-R14,40726.719479,7727969242442.086914
Cs133_g0u0700,55,133,g0u0700,Q13-R15,40774.697099,705993240243407.625000
Cs133_g0u0800,55,133,g0u0800,K1-L2,3840460.745241,672673181048787840.000000
Cs133_g0u0800,55,133,g0u0800,K1-L3,3902570.362306,693730618795794176.000000
Cs133_g0u0800,55,133,g0u0800,L2-M4,1237641.135817,106657236054465200.000000
Cs133_g0u0800,55,133,g0u0800,L3-M4,1175531.518751,19949160189270256.000000
Cs133_g0u0800,55,133,g0u0800,L3-M5,1184269.916410,121380886552051712.000000
Cs133_g0u0800,55,133,g0u0800,M4-N6,425343.114229,25034465429832964.000000
Cs133_g0u0800,55,133,g0u0800,M5-N6,416604.716570,1732526827664729.250000
Cs133_g0u0800,55,133,g0u0800,M5-N7,418428.091680,26287113754393596.000000
Cs133_g0u0800,55,133,g0u0800,N6-O8,194085.542950,7875859495302936.000000
Cs133_g0u0800,55,133,g0u0800,N7-O8,192262.167841,286708985312820.562500
Cs133_g0u0800,55,133,g0u0800,N7-O9,192817.641755,8096585055014399.000000
Cs133_g0u0800,55,133,g0u0800,O8-P10,104814.422437,3069569109441010.500000
Cs133_g0u0800,55,133,g0u0800,O9-P10,104258.948523,69002042871753.835938
Cs133_g0u0800,55,133,g0u0800,O9-P11,104472.257262,3125031427819827.000000
Cs133_g0u0800,55,133,g0u0800,P10-Q12,63008.923337,1387913308757102.500000
Cs133_g0u0800,55,133,g0u0800,P11-Q12,62795.614598,21190344629248.312500
Cs133_g0u0800,55,133,g0u0800,P11-Q13,62891.285826,1405478442865776.250000
Cs133_g0u0800,55,133,g0u0800,Q12-R14,40822.391049,699437384222931.250000
Cs133_g0u0800,55,133,g0u0800,Q13-R14,40726.719821,7727969299239.582031
Cs133_g0u0800,55,133,g0u0800,Q13-R15,40774.697441,705993245466215.375000
Cs133_g0u0900,55,133,g0u0900,K1-L2,3840461.164360,672673294723706240.000000
Cs133_g0u0900,55,133,g0u0900,K1-L3,3902570.790638,693730730634954880.000000
Cs133_g0u0900,55,133,g0u0900,L2-M4,1237641.173402,106657236701016416.000000
Cs133_g0u0900,55,133,g0u0900,L3-M4,1175531.547124,19949160332007464.000000
Cs133_g0u0900,55,133,g0u0900,L3-M5,1184269.945018,121380898773759408.000000
Cs133_g0u0900,55,133,g0u0900,M4-N6,425343.118483,25034465659136380.000000
Cs133_g0u0900,55,133,g0u0900,M5-N6,416604.720589,1732526843209656.500000
Cs133_g0u0900,55,133,g0u0900,M5-N7,418428.095732,26287113996444196.000000
Cs133_g0u0900,55,133,g0u0900,N6-O8,194085.544714,7875859562890564.000000
Cs133_g0u0900,55,133,g0u0900,N7-O8,192262.169570,286708987732475.562500
Cs133_g0u0900,55,133,g0u0900,N7-O9,192817.643494,8096585124492514.000000
Cs133_g0u0900,55,133,g0u0900,O8-P10,104814.423307,3069569133020442.500000
Cs133_g0u0900,55,133,g0u0900,O9-P10,104258.949383,69002043395495.242188
Cs133_g0u0900,55,133,g0u0900,O9-P11,104472.258125,3125031451816651.500000
Cs133_g0u0900,55,133,g0u0900,P10-Q12,63008.923797,1387913317903522.000000
Cs133_g0u0900,55,133,g0u0900,P11-Q12,62795.615055,21190344767643.617188
Cs133_g0u0900,55,133,g0u0900,P11-Q13,62891.286284,1405478452122760.750000
Cs133_g0u0900,55,133,g0u0900,Q12-R14,40822.391300,699437388001677.875000
Cs133_g0u0900,55,133,g0u0900,Q13-R14,40726.720071,7727969340697.357422
Cs133_g0u0900,55,133,g0u0900,Q13-R15,40774.697691,705993310708448.750000
Cs133_g0u1000,55,133,g0u1000,K1-L2,3840461.465085,672673398966649728.000000
Cs133_g0u1000,55,133,g0u1000,K1-L3,3902571.097992,693730757309790848.000000
Cs133_g0u1000,55,133,g0u1000,L2-M4,1237641.200780,106657237206046032.000000
Cs133_g0u1000,55,133,g0u1000,L3-M4,1175531.567872,19949162385313240.000000
Cs133_g0u1000,55,133,g0u1000,L3-M5,1184269.965943,121380899480805120.000000
Cs133_g0u1000,55,133,g0u1000,M4-N6,425343.121695,25034465832613796.000000
Cs133_g0u1000,55,133,g0u1000,M5-N6,416604.723625,1732526973868060.000000
Cs133_g0u1000,55,133,g0u1000,M5-N7,418428.098794,26287115942630916.000000
Cs133_g0u1000,55,133,g0u1000,N6-O8,194085.546047,7875859614003429.000000
Cs133_g0u1000,55,133,g0u1000,N7-O8,192262.170878,286708989562326.125000
Cs133_g0u1000,55,133,g0u1000,N7-O9,192817.644809,8096585177036114.000000
Cs133_g0u1000,55,133,g0u1000,O8-P10,104814.423965,3069569150852190.000000
Cs133_g0u1000,55,133,g0u1000,O9-P10,104258.950033,69002043791568.234375
Cs133_g0u1000,55,133,g0u1000,O9-P11,104472.258778,3125031469962466.500000
Cs133_g0u1000,55,133,g0u1000,P10-Q12,63008.924144,1387913324818970.250000
Cs133_g0u1000,55,133,g0u1000,P11-Q12,62795.615400,21190344872279.621094
Cs133_g0u1000,55,133,g0u1000,P11-Q13,62891.286630,1405478459124407.250000
Cs133_g0u1000,55,133,g0u1000,Q12-R14,40822.391489,699437390859849.250000
Cs133_g0u1000,55,133,g0u1000,Q13-R14,40726.720259,7727969372057.480469
Cs133_g0u1000,55,133,g0u1000,Q13-R15,40774.697880,705993313592447.625000
Cs133_g0u1100,55,133,g0u1100,K1-L2,3840461.689717,672673497155349888.000000
Cs133_g0u1100,55,133,g0u1100,K1-L3,3902571.327596,693730852294084864.000000
Cs133_g0u1100,55,133,g0u1100,L2-M4,1237641.221544,106657237607408080.000000
Cs133_g0u1100,55,133,g0u1100,L3-M4,1175531.583666,19949162471558464.000000
Cs133_g0u1100,55,133,g0u1100,L3-M5,1184269.981872,121380900036292448.000000
Cs133_g0u1100,55,133,g0u1100,M4-N6,425343.124191,25034465967589464.000000
Cs133_g0u1100,55,133,g0u1100,M5-N6,416604.725985,1732526983015146.750000
Cs133_g0u1100,55,133,g0u1100,M5-N7,418428.101175,26287116085065064.000000
Cs133_g0u1100,55,133,g0u1100,N6-O8,194085.547085,7875859653764839.000000
Cs133_g0u1100,55,133,g0u1100,N7-O8,192262.171895,286708990985796.812500
Cs133_g0u1100,55,133,g0u1100,N7-O9,192817.645832,8096585217908598.000000
Cs133_g0u1100,55,133,g0u1100,O8-P10,104814.424476,3069569164722943.000000
Cs133_g0u1100,55,133,g0u1100,O9-P10,104258.950539,69002048819048.078125
Cs133_g0u1100,55,133,g0u1100,O9-P11,104472.259286,3125031484078627.500000
Cs133_g0u1100,55,133,g0u1100,P10-Q12,63008.924415,1387913330199854.750000
Cs133_g0u1100,55,133,g0u1100,P11-Q12,62795.615668,21190347358468.343750
Cs133_g0u1100,55,133,g0u1100,P11-Q13,62891.286899,1405478464569586.000000
Cs133_g0u1100,55,133,g0u1100,Q12-R14,40822.391637,699437393083058.375000
Cs133_g0u1100,55,133,g0u1100,Q13-R14,40726.720406,7727969396448.429688
Cs133_g0u1100,55,133,g0u1100,Q13-R15,40774.698027,705993315835003.750000
Cs133_g0u1200,55,133,g0u1200,K1-L2,3840461.875694,672673512810953728.000000
Cs133_g0u1200,55,133,g0u1200,K1-L3,3902571.517753,693730869368970752.000000
Cs133_g0u1200,55,133,g0u1200,L2-M4,1237641.239162,106657247553088496.000000
Cs133_g0u1200,55,133,g0u1200,L3-M4,1175531.597103,19949162538413680.000000
Cs133_g0u1200,55,133,g0u1200,L3-M5,1184269.995421,121380900467543040.000000
Cs133_g0u1200,55,133,g0u1200,M4-N6,425343.126187,25034466074913508.000000
Cs133_g0u1200,55,133,g0u1200,M5-N6,416604.727869,1732526990291754.750000
Cs133_g0u1200,55,133,g0u1200,M5-N7,418428.103075,26287116198369984.000000
Cs133_g0u1200,55,133,g0u1200,N6-O8,194085.547911,7875859685411030.000000
Cs133_g0u1200,55,133,g0u1200,N7-O8,192262.172705,286708992118742.687500
Cs133_g0u1200,55,133,g0u1200,N7-O9,192817.646647,8096585250439785.000000
Cs133_g0u1200,55,133,g0u1200,O8-P10,104814.424883,3069569175763605.500000
Cs133_g0u1200,55,133,g0u1200,O9-P10,104258.950942,69002049064279.210938
Cs133_g0u1200,55,133,g0u1200,O9-P11,104472.259690,3125031495314664.000000
Cs133_g0u1200,55,133,g0u1200,P10-Q12,63008.924630,1387913334482617.000000
Cs133_g0u1200,55,133,g0u1200,P11-Q12,62795.615882,21190347423270.691406
Cs133_g0u1200,55,133,g0u1200,P11-Q13,62891.287113,1405478468903837.000000
Cs133_g0u1200,55,133,g0u1200,Q12-R14,40822.391754,699437394852267.125000
Cs133_g0u1200,55,133,g0u1200,Q13-R14,40726.720523,7727969415858.254883
Cs133_g0u1200,55,133,g0u1200,Q13-R15,40774.698145,705993317620644.000000
Cs133_g0u1300,55,133,g0u1300,K1-L2,3840461.578456,672673395185680512.000000
Cs133_g0u1300,55,133,g0u1300,K1-L3,3902571.211750,693730828021779328.000000
Cs133_g0u1300,55,133,g0u1300,L2-M4,1237641.200251,106657238842674768.000000
Cs133_g0u1300,55,133,g0u1300,L3-M4,1175531.566958,19949162677840072.000000
Cs133_g0u1300,55,133,g0u1300,L3-M5,1184269.965191,121380901334723424.000000
Cs133_g0u1300,55,133,g0u1300,M4-N6,425343.127381,25034466167267628.000000
Cs133_g0u1300,55,133,g0u1300,M5-N6,416604.729147,1732526996393378.250000
Cs133_g0u1300,55,133,g0u1300,M5-N7,418428.104366,26287116293285496.000000
Cs133_g0u1300,55,133,g0u1300,N6-O8,194085.548580,7875859711095458.000000
Cs133_g0u1300,55,133,g0u1300,N7-O8,192262.173362,286708993038138.375000
Cs133_g0u1300,55,133,g0u1300,N7-O9,192817.647307,8096585276838921.000000
Cs133_g0u1300,55,133,g0u1300,O8-P10,104814.425214,3069569392313114.000000
Cs133_g0u1300,55,133,g0u1300,O9-P10,104258.951269,69002049263262.664062
Cs133_g0u1300,55,133,g0u1300,O9-P11,104472.260018,3125031504430961.000000
Cs133_g0u1300,55,133,g0u1300,P10-Q12,63008.924804,1387913337956876.750000
Cs133_g0u1300,55,133,g0u1300,P11-Q12,62795.616055,21190347475838.839844
Cs133_g0u1300,55,133,g0u1300,P11-Q13,62891.287287,1405478630857761.000000
Cs133_g0u1300,55,133,g0u1300,Q12-R14,40822.391850,699437396288587.875000
Cs133_g0u1300,55,133,g0u1300,Q13-R14,40726.720618,7727969431617.339844
Cs133_g0u1300,55,133,g0u1300,Q13-R15,40774.698240,705993319069391.000000
Cs133_g0u1400,55,133,g0u1400,K1-L2,3840457.614542,672672230375903232.000000
Cs133_g0u1400,55,133,g0u1400,K1-L3,3902567.140302,693729666094309888.000000
Cs133_g0u1400,55,133,g0u1400,L2-M4,1237640.732087,106657206669717360.000000
Cs133_g0u1400,55,133,g0u1400,L3-M4,1175531.206328,19949155720089140.000000
Cs133_g0u1400,55,133,g0u1400,L3-M5,1184269.603066,121380861106926208.000000
Cs133_g0u1400,55,133,g0u1400,M4-N6,425343.124917,25034466286201732.000000
Cs133_g0u1400,55,133,g0u1400,M5-N6,416604.728179,1732527003020210.750000
Cs133_g0u1400,55,133,g0u1400,M5-N7,418428.103404,26287116395644196.000000
Cs133_g0u1400,55,133,g0u1400,N6-O8,194085.549126,7875859732319097.000000
Cs133_g0u1400,55,133,g0u1400,N7-O8,192262.173901,286708993796936.875000
Cs133_g0u1400,55,133,g0u1400,N7-O9,192817.647849,8096585298624769.000000
Cs133_g0u1400,55,133,g0u1400,O8-P10,104814.425486,3069569399700531.500000
Cs133_g0u1400,55,133,g0u1400,O9-P10,104258.951538,69002049427345.648438
Cs133_g0u1400,55,133,g0u1400,O9-P11,104472.260289,3125031511948022.500000
Cs133_g0u1400,55,133,g0u1400,P10-Q12,63008.924948,1387913340821614.250000
Cs133_g0u1400,55,133,g0u1400,P11-Q12,62795.616198,21190347519185.019531
Cs133_g0u1400,55,133,g0u1400,P11-Q13,62891.287430,1405478633758006.750000
Cs133_g0u1400,55,133,g0u1400,Q12-R14,40822.391928,699437397472503.125000
Cs133_g0u1400,55,133,g0u1400,Q13-R14,40726.720696,7727969444607.491211
Cs133_g0u1400,55,133,g0u1400,Q13-R15,40774.698318,705993320263375.625000
Cs133_g0u1500,55,133,g0u1500,K1-L2,3840390.079225,672653122632372864.000000
Cs133_g0u1500,55,133,g0u1500,K1-L3,3902497.820379,693710317703149184.000000
Cs133_g0u1500,55,133,g0u1500,L2-M4,1237633.158427,106656670555307680.000000
Cs133_g0u1500,55,133,g0u1500,L3-M4,1175525.417273,19949070994923432.000000
Cs133_g0u1500,55,133,g0u1500,L3-M5,1184263.789723,121380371708887296.000000
Cs133_g0u1500,55,133,g0u1500,M4-N6,425343.068383,25034463743103856.000000
Cs133_g0u1500,55,133,g0u1500,M5-N6,416604.695933,1732526795655595.250000
Cs133_g0u1500,55,133,g0u1500,M5-N7,418428.071113,26287113330858832.000000
Cs133_g0u1500,55,133,g0u1500,N6-O8,194085.549492,7875859750759257.000000
Cs133_g0u1500,55,133,g0u1500,N7-O8,192262.174312,286708994441963.687500
Cs133_g0u1500,55,133,g0u1500,N7-O9,192817.648263,8096585317138682.000000
Cs133_g0u1500,55,133,g0u1500,O8-P10,104814.425714,3069569405876921.000000
Cs133_g0u1500,55,133,g0u1500,O9-P10,104258.951763,69002049564532.492188
Cs133_g0u1500,55,133,g0u1500,O9-P11,104472.260515,3125031518233665.500000
Cs133_g0u1500,55,133,g0u1500,P10-Q12,63008.925069,1387913343217111.750000
Cs133_g0u1500,55,133,g0u1500,P11-Q12,62795.616317,21190347555431.710938
Cs133_g0u1500,55,133,g0u1500,P11-Q13,62891.287550,1405478636182485.750000
Cs133_g0u1500,55,133,g0u1500,Q12-R14,40822.391994,699437398462235.000000
Cs133_g0u1500,55,133,g0u1500,Q13-R14,40726.720761,7727969455466.078125
Cs133_g0u1500,55,133,g0u1500,Q13-R15,40774.698383,705993321262547.125000
Cs133_g0u1600,55,133,g0u1600,K1-L2,3840489.604955,672683669591581824.000000
Cs133_g0u1600,55,133,g0u1600,K1-L3,3902600.334137,693741590745625600.000000
Cs133_g0u1600,55,133,g0u1600,L2-M4,1237647.684699,106657727381712560.000000
Cs133_g0u1600,55,133,g0u1600,L3-M4,1175536.955518,19949245951037264.000000
Cs133_g0u1600,55,133,g0u1600,L3-M5,1184275.379362,121381394820234800.000000
Cs133_g0u1600,55,133,g0u1600,M4-N6,425343.204694,25034470438492936.000000
Cs133_g0u1600,55,133,g0u1600,M5-N6,416604.780850,1732527209303846.250000
Cs133_g0u1600,55,133,g0u1600,M5-N7,418428.156177,26287119449636084.000000
Cs133_g0u1600,55,133,g0u1600,N6-O8,194085.550152,7875859763674874.000000
Cs133_g0u1600,55,133,g0u1600,N7-O8,192262.174824,286708994943517.375000
Cs133_g0u1600,55,133,g0u1600,N7-O9,192817.648777,8096585924439668.000000
Cs133_g0u1600,55,133,g0u1600,O8-P10,104814.425907,3069569411101535.000000
Cs133_g0u1600,55,133,g0u1600,O9-P10,104258.951954,69002049680595.890625
Cs133_g0u1600,55,133,g0u1600,O9-P11,104472.260706,3125031523551071.500000
Cs133_g0u1600,55,133,g0u1600,P10-Q12,63008.925171,1387913345243669.500000
Cs133_g0u1600,55,133,g0u1600,P11-Q12,62795.616419,21190347586094.839844
Cs133_g0u1600,55,133,g0u1600,P11-Q13,62891.287652,1405478638233761.250000
Cs133_g0u1600,55,133,g0u1600,Q12-R14,40822.392050,699437399300121.875000
Cs133_g0u1600,55,133,g0u1600,Q13-R14,40726.720817,7727969464658.671875
Cs133_g0u1600,55,133,g0u1600,Q13-R15,40774.698439,705993322107353.000000
Cs133_g0u1700,55,133,g0u1700,K1-L2,3916375.849503,694756150124115328.000000
Cs133_g0u1700,55,133,g0u1700,K1-L3,3980567.781821,716119659952986112.000000
Cs133_g0u1700,55,133,g0u1700,L2-M4,1246712.197293,107304132401683040.000000
Cs133_g0u1700,55,133,g0u1700,L3-M4,1182520.264975,20053324671620008.000000
Cs133_g0u1700,55,133,g0u1700,L3-M5,1191288.107421,121985397437562800.000000
Cs133_g0u1700,55,133,g0u1700,M4-N6,425414.480917,25037743673789656.000000
Cs133_g0u1700,55,133,g0u1700,M5-N6,416646.638470,1732669043983179.750000
Cs133_g0u1700,55,133,g0u1700,M5-N7,418470.081759,26289217287000444.000000
Cs133_g0u1700,55,133,g0u1700,N6-O8,194085.673397,7875863999436620.000000
Cs133_g0u1700,55,133,g0u1700,N7-O8,192262.230109,286709065768273.750000
Cs133_g0u1700,55,133,g0u1700,N7-O9,192817.704115,8096587300257530.000000
Cs133_g0u1700,55,133,g0u1700,O8-P10,104814.426149,3069569415172731.500000
Cs133_g0u1700,55,133,g0u1700,O9-P10,104258.952143,69002049776895.617188
Cs133_g0u1700,55,133,g0u1700,O9-P11,104472.260896,3125031527962906.000000
Cs133_g0u1700,55,133,g0u1700,P10-Q12,63008.925258,1387913346976982.750000
Cs133_g0u1700,55,133,g0u1700,P11-Q12,62795.616505,21190347612322.550781
Cs133_g0u1700,55,133,g0u1700,P11-Q13,62891.287738,1405478639988691.500000
Cs133_g0u1700,55,133,g0u1700,Q12-R14,40822.392097,699437400015987.375000
Cs133_g0u1700,55,133,g0u1700,Q13-R14,40726.720864,7727969472513.487305
Cs133_g0u1700,55,133,g0u1700,Q13-R15,40774.698486,705993322829428.750000
Cs133_g2u1000,55,133,g2u1000,K1-L2,3840471.005739,672675904035516672.000000
Cs133_g2u1000,55,133,g2u1000,K1-L3,3902580.856893,693733172336043648.000000
Cs133_g2u1000,55,133,g2u1000,L2-M4,1237641.982736,106657293751817248.000000
Cs133_g2u1000,55,133,g2u1000,L3-M4,1175532.131582,19949170958723096.000000
Cs133_g2u1000,55,133,g2u1000,L3-M5,1184270.531887,121380940109290000.000000
Cs133_g2u1000,55,133,g2u1000,M4-N6,425343.124232,25034465915395384.000000
Cs133_g2u1000,55,133,g2u1000,M5-N6,416604.723927,1732527302051109.750000
Cs133_g2u1000,55,133,g2u1000,M5-N7,418428.099089,26287113717849484.000000
Cs133_g2u1000,55,133,g2u1000,N6-O8,194085.544711,7875859633595374.000000
Cs133_g2u1000,55,133,g2u1000,N7-O8,192262.169549,286709004775061.687500
Cs133_g2u1000,55,133,g2u1000,N7-O9,192817.643514,8096584921453996.000000
Cs133_g2u1000,55,133,g2u1000,O8-P10,104814.423316,3069569132048115.500000
Cs133_g2u1000,55,133,g2u1000,O9-P10,104258.949350,69002043992663.320312
Cs133_g2u1000,55,133,g2u1000,O9-P11,104472.258121,3125031421357909.000000
Cs133_g2u1000,55,133,g2u1000,P10-Q12,63008.923691,1387913321240990.750000
Cs133_g2u1000,55,133,g2u1000,P11-Q12,62795.614921,21190346065124.058594
Cs133_g2u1000,55,133,g2u1000,P11-Q13,62891.286184,1405478429276142.250000
Cs133_g2u1000,55,133,g2u1000,Q12-R14,40822.391261,699437390459314.625000
Cs133_g2u1000,55,133,g2u1000,Q13-R14,40726.719999,7727969576604.228516
Cs133_g2u1000,55,133,g2u1000,Q13-R15,40774.697652,705993307091341.875000
Au197_g0u0050,79,197,g0u0050,K1-L2,5592974.546460,1622781345741257984.000000
Au197_g0u0050,79,197,g0u0050,K1-L3,5762284.771293,1769542286193591040.000000
Au197_g0u0050,79,197,g0u0050,L2-M4,2472159.714972,440761418045031296.000000
Au197_g0u0050,79,197,g0u0050,L3-M4,2302849.490139,78798713448887280.000000
Au197_g0u0050,79,197,g0u0050,L3-M5,2339807.876776,489328628727633920.000000
Au197_g0u0050,79,197,g0u0050,M4-N6,899114.379108,108750336054735600.000000
Au197_g0u0050,79,197,g0u0050,M5-N6,862155.992470,7283251195054125.000000
Au197_g0u0050,79,197,g0u0050,M5-N7,870042.821867,111893822523495408.000000
Au197_g0u0050,79,197,g0u0050,N6-O8,405622.564179,33903109014621768.000000
Au197_g0u0050,79,197,g0u0050,N7-O8,397735.734782,1211588957433486.500000
Au197_g0u0050,79,197,g0u0050,N7-O9,400124.564148,34530424907050848.000000
Au197_g0u0050,79,197,g0u0050,O8-P10,217918.112549,13157085528681884.000000
Au197_g0u0050,79,197,g0u0050,O9-P10,215529.283183,292312403815788.500000
Au197_g0u0050,79,197,g0u0050,O9-P11,216443.830073,13329709091897126.000000
Au197_g0u0050,79,197,g0u0050,P10-Q12,130675.898001,5936438608445507.000000
Au197_g0u0050,79,197,g0u0050,P11-Q12,129761.351111,89900699617430.828125
Au197_g0u0050,79,197,g0u0050,P11-Q13,130170.801404,5994333614742099.000000
Au197_g0u0050,79,197,g0u0050,Q12-R14,84543.536471,2987916979657219.500000
Au197_g0u0050,79,197,g0u0050,Q13-R14,84134.086179,32815493161909.464844
Au197_g0u0050,79,197,g0u0050,Q13-R15,84339.173425,3010394980393800.500000
Au197_g0u0100,79,197,g0u0100,K1-L2,5593605.121885,1623088405988136192.000000
Au197_g0u0100,79,197,g0u0100,K1-L3,5762947.979365,1769880727624876288.000000
Au197_g0u0100,79,197,g0u0100,L2-M4,2472281.963902,440782675303496640.000000
Au197_g0u0100,79,197,g0u0100,L3-M4,2302939.106422,78801851714428544.000000
Au197_g0u0100,79,197,g0u0100,L3-M5,2339898.610176,489346761664127168.000000
Au197_g0u0100,79,197,g0u0100,M4-N6,899117.885296,108750988202103568.000000
Au197_g0u0100,79,197,g0u0100,M5-N6,862158.381542,7283288338561846.000000
Au197_g0u0100,79,197,g0u0100,M5-N7,870045.250428,111894393966495392.000000
Au197_g0u0100,79,197,g0u0100,N6-O8,405623.598459,33903276325831508.000000
Au197_g0u0100,79,197,g0u0100,N7-O8,397736.729573,1211594862826216.500000
Au197_g0u0100,79,197,g0u0100,N7-O9,400125.570759,34530593624731948.000000
Au197_g0u0100,79,197,g0u0100,O8-P10,217918.634657,13157146162745546.000000
Au197_g0u0100,79,197,g0u0100,O9-P10,215529.793471,292313731460369.875000
Au197_g0u0100,79,197,g0u0100,O9-P11,216444.344599,13329770636680770.000000
Au197_g0u0100,79,197,g0u0100,P10-Q12,130676.187402,5936463808767763.000000
Au197_g0u0100,79,197,g0u0100,P11-Q12,129761.636274,89901080996423.812500
Au197_g0u0100,79,197,g0u0100,P11-Q13,130171.088311,5994359733174190.000000
Au197_g0u0100,79,197,g0u0100,Q12-R14,84543.705254,2987928497419522.000000
Au197_g0u0100,79,197,g0u0100,Q13-R14,84134.253218,32815619583698.410156
Au197_g0u0100,79,197,g0u0100,Q13-R15,84339.341244,3010406336799253.000000
Au197_g0u0150,79,197,g0u0150,K1-L2,5593711.762499,1623140295779666688.000000
Au197_g0u0150,79,197,g0u0150,K1-L3,5763060.134578,1769938075772767488.000000
Au197_g0u0150,79,197,g0u0150,L2-M4,2472303.268787,440786690673305152.000000
Au197_g0u0150,79,197,g0u0150,L3-M4,2302954.896709,78802450689971376.000000
Au197_g0u0150,79,197,g0u0150,L3-M5,2339914.624493,489350220787792768.000000
Au197_g0u0150,79,197,g0u0150,M4-N6,899118.832399,108751160723965312.000000
Au197_g0u0150,79,197,g0u0150,M5-N6,862159.104615,7283298165809437.000000
Au197_g0u0150,79,197,g0u0150,M5-N7,870045.984126,111894551621422976.000000
Au197_g0u0150,79,197,g0u0150,N6-O8,405623.851725,33903319977083240.000000
Au197_g0u0150,79,197,g0u0150,N7-O8,397736.972213,1211596256195263.500000
Au197_g0u0150,79,197,g0u0150,N7-O9,400125.816279,34530635893978260.000000
Au197_g0u0150,79,197,g0u0150,O8-P10,217918.762402,13157162026321076.000000
Au197_g0u0150,79,197,g0u0150,O9-P10,215529.918337,292314065014004.625000
Au197_g0u0150,79,197,g0u0150,O9-P11,216444.470503,13329785873008708.000000
Au197_g0u0150,79,197,g0u0150,P10-Q12,130676.258301,5936470047085803.000000
Au197_g0u0150,79,197,g0u0150,P11-Q12,129761.706135,89901165527752.000000
Au197_g0u0150,79,197,g0u0150,P11-Q13,130171.158599,5994365387068931.000000
Au197_g0u0150,79,197,g0u0150,Q12-R14,84543.746610,2987931349650104.000000
Au197_g0u0150,79,197,g0u0150,Q13-R14,84134.294145,32815648111669.816406
Au197_g0u0150,79,197,g0u0150,Q13-R15,84339.382363,3010409211666422.000000
Au197_g0u0200,79,197,g0u0200,K1-L2,5593747.442398,1623157897788051200.000000
Au197_g0u0200,79,197,g0u0200,K1-L3,5763097.685060,1769957379958078720.000000
Au197_g0u0200,79,197,g0u0200,L2-M4,2472310.770493,440788119710467904.000000
Au197_g0u0200,79,197,g0u0200,L3-M4,2302960.527831,78802661518371408.000000
Au197_g0u0200,79,197,g0u0200,L3-M5,2339920.338939,489351488143162880.000000
Au197_g0u0200,79,197,g0u0200,M4-N6,899119.212158,108751232369181264.000000
Au197_g0u0200,79,197,g0u0200,M5-N6,862159.401050,7283302261561786.000000
Au197_g0u0200,79,197,g0u0200,M5-N7,870046.284961,111894614358697472.000000
Au197_g0u0200,79,197,g0u0200,N6-O8,405623.956999,33903337761661036.000000
Au197_g0u0200,79,197,g0u0200,N7-O8,397737.073088,1211596894566803.250000
Au197_g0u0200,79,197,g0u0200,N7-O9,400125.918351,34530654098647812.000000
Au197_g0u0200,79,197,g0u0200,O8-P10,217918.815548,13157167636568644.000000
Au197_g0u0200,79,197,g0u0200,O9-P10,215529.970285,292314208744321.062500
Au197_g0u0200,79,197,g0u0200,O9-P11,216444.522883,13329792433732476.000000
Au197_g0u0200,79,197,g0u0200,P10-Q12,130676.287799,5936472591006915.000000
Au197_g0u0200,79,197,g0u0200,P11-Q12,129761.735201,89901213916007.875000
Au197_g0u0200,79,197,g0u0200,P11-Q13,130171.187843,5994367957946762.000000
Au197_g0u0200,79,197,g0u0200,Q12-R14,84543.763817,2987932662535990.500000
Au197_g0u0200,79,197,g0u0200,Q13-R14,84134.311175,32815662541152.093750
Au197_g0u0200,79,197,g0u0200,Q13-R15,84339.399472,3010410282448121.000000
Au197_g0u0250,79,197,g0u0250,K1-L2,5593763.719043,1623165815581033472.000000
Au197_g0u0250,79,197,g0u0250,K1-L3,5763114.819517,1769966295945874176.000000
Au197_g0u0250,79,197,g0u0250,L2-M4,2472314.266292,440788740690257536.000000
Au197_g0u0250,79,197,g0u0250,L3-M4,2302963.165818,78802759752313792.000000
Au197_g0u0250,79,197,g0u0250,L3-M5,2339923.016907,489352059378109952.000000
Au197_g0u0250,79,197,g0u0250,M4-N6,899119.404487,108751272390703488.000000
Au197_g0u0250,79,197,g0u0250,M5-N6,862159.553399,7283304600114410.000000
Au197_g0u0250,79,197,g0u0250,M5-N7,870046.439608,111894650057119824.000000
Au197_g0u0250,79,197,g0u0250,N6-O8,405624.012287,33903344513944728.000000
Au197_g0u0250,79,197,g0u0250,N7-O8,397737.126078,1211597221100596.750000
Au197_g0u0250,79,197,g0u0250,N7-O9,400125.971970,34530663417861860.000000
Au197_g0u0250,79,197,g0u0250,O8-P10,217918.843470,13157170945656210.000000
Au197_g0u0250,79,197,g0u0250,O9-P10,215529.997579,292314262894077.625000
Au197_g0u0250,79,197,g0u0250,O9-P11,216444.550404,13329795792615244.000000
Au197_g0u0250,79,197,g0u0250,P10-Q12,130676.303298,5936473894951912.000000
Au197_g0u0250,79,197,g0u0250,P11-Q12,129761.750473,89901233638081.203125
Au197_g0u0250,79,197,g0u0250,P11-Q13,130171.203208,5994369275667370.000000
Au197_g0u0250,79,197,g0u0250,Q12-R14,84543.772858,2987933208065668.500000
Au197_g0u0250,79,197,g0u0250,Q13-R14,84134.320123,32815668519238.015625
Au197_g0u0250,79,197,g0u0250,Q13-R15,84339.408462,3010410832231200.500000
Au197_g0u0300,79,197,g0u0300,K1-L2,5593772.514444,1623170245560288000.000000
Au197_g0u0300,79,197,g0u0300,K1-L3,5763124.079596,1769971056366428672.000000
Au197_g0u0300,79,197,g0u0300,L2-M4,2472316.177826,440789136881308992.000000
Au197_g0u0300,79,197,g0u0300,L3-M4,2302964.612674,78802821865155920.000000
Au197_g0u0300,79,197,g0u0300,L3-M5,2339924.486090,489352419987145152.000000
Au197_g0u0300,79,197,g0u0300,M4-N6,899119.516615,108751293801869024.000000
Au197_g0u0300,79,197,g0u0300,M5-N6,862159.643199,7283305617998925.000000
Au197_g0u0300,79,197,g0u0300,M5-N7,870046.530782,111894665837118384.000000
Au197_g0u0300,79,197,g0u0300,N6-O8,405624.045484,33903349509447264.000000
Au197_g0u0300,79,197,g0u0300,N7-O8,397737.157901,1211597399657430.250000
Au197_g0u0300,79,197,g0u0300,N7-O9,400126.004171,34530668528758080.000000
Au197_g0u0300,79,197,g0u0300,O8-P10,217918.860241,13157172761552786.000000
Au197_g0u0300,79,197,g0u0300,O9-P10,215530.013972,292314322560411.187500
Au197_g0u0300,79,197,g0u0300,O9-P11,216444.566933,13329797635455010.000000
Au197_g0u0300,79,197,g0u0300,P10-Q12,130676.312607,5936474291957586.000000
Au197_g0u0300,79,197,g0u0300,P11-Q12,129761.759645,89901239540612.046875
Au197_g0u0300,79,197,g0u0300,P11-Q13,130171.212437,5994370327014642.000000
Au197_g0u0300,79,197,g0u0300,Q12-R14,84543.778289,2987933635746285.000000
Au197_g0u0300,79,197,g0u0300,Q13-R14,84134.325497,32815673221357.347656
Au197_g0u0300,79,197,g0u0300,Q13-R15,84339.413862,3010411263358052.500000
Au197_g0u0350,79,197,g0u0350,K1-L2,5593777.807226,1623172776495205888.000000
Au197_g0u0350,79,197,g0u0350,K1-L3,5763129.652468,1769974045798784512.000000
Au197_g0u0350,79,197,g0u0350,L2-M4,2472317.338099,440789361159024640.000000
Au197_g0u0350,79,197,g0u0350,L3-M4,2302965.492857,78802857918134320.000000
Au197_g0u0350,79,197,g0u0350,L3-M5,2339925.380057,489352629892818304.000000
Au197_g0u0350,79,197,g0u0350,M4-N6,899119.588346,108751299021929840.000000
Au197_g0u0350,79,197,g0u0350,M5-N6,862159.701145,7283306453958004.000000
Au197_g0u0350,79,197,g0u0350,M5-N7,870046.589624,111894678652587600.000000
Au197_g0u0350,79,197,g0u0350,N6-O8,405624.067235,33903353594432424.000000
Au197_g0u0350,79,197,g0u0350,N7-O8,397737.178755,1211597546769005.000000
Au197_g0u0350,79,197,g0u0350,N7-O9,400126.025272,34530672711528168.000000
Au197_g0u0350,79,197,g0u0350,O8-P10,217918.871233,13157174245590136.000000
Au197_g0u0350,79,197,g0u0350,O9-P10,215530.024716,292314336241490.250000
Au197_g0u0350,79,197,g0u0350,O9-P11,216444.577767,13329799142225874.000000
Au197_g0u0350,79,197,g0u0350,P10-Q12,130676.318708,5936474552160008.000000
Au197_g0u0350,79,197,g0u0350,P11-Q12,129761.765657,89901253304373.562500
Au197_g0u0350,79,197,g0u0350,P11-Q13,130171.218485,5994370589596637.000000
Au197_g0u0350,79,197,g0u0350,Q12-R14,84543.781848,2987933751929566.000000
Au197_g0u0350,79,197,g0u0350,Q13-R14,84134.329020,32815674479286.164062
Au197_g0u0350,79,197,g0u0350,Q13-R15,84339.417401,3010411380340096.500000
Au197_g0u0400,79,197,g0u0400,K1-L2,5593781.240514,1623174401701491968.000000
Au197_g0u0400,79,197,g0u0400,K1-L3,5763133.267684,1769975807429902592.000000
Au197_g0u0400,79,197,g0u0400,L2-M4,2472318.096111,440789498341891584.000000
Au197_g0u0400,79,197,g0u0400,L3-M4,2302966.068941,78802876811066256.000000
Au197_g0u0400,79,197,g0u0400,L3-M5,2339925.965279,489352740835572032.000000
Au197_g0u0400,79,197,g0u0400,M4-N6,899119.637350,108751316207993632.000000
Au197_g0u0400,79,197,g0u0400,M5-N6,862159.741012,7283307184628930.000000
Au197_g0u0400,79,197,g0u0400,M5-N7,870046.630115,111894689752856256.000000
Au197_g0u0400,79,197,g0u0400,N6-O8,405624.082392,33903357154707864.000000
Au197_g0u0400,79,197,g0u0400,N7-O8,397737.193289,1211597588457158.250000
Au197_g0u0400,79,197,g0u0400,N7-O9,400126.039979,34530673941976576.000000
Au197_g0u0400,79,197,g0u0400,O8-P10,217918.878894,13157175538384542.000000
Au197_g0u0400,79,197,g0u0400,O9-P10,215530.032205,292314365173416.687500
Au197_g0u0400,79,197,g0u0400,O9-P11,216444.585318,13329800455332002.000000
Au197_g0u0400,79,197,g0u0400,P10-Q12,130676.322961,5936475376514535.000000
Au197_g0u0400,79,197,g0u0400,P11-Q12,129761.769848,89901256000909.843750
Au197_g0u0400,79,197,g0u0400,P11-Q13,130171.222701,5994371423338390.000000
Au197_g0u0400,79,197,g0u0400,Q12-R14,84543.784329,2987934083332747.500000
Au197_g0u0400,79,197,g0u0400,Q13-R14,84134.331475,32815678139002.082031
Au197_g0u0400,79,197,g0u0400,Q13-R15,84339.419868,3010411714526696.500000
Au197_g0u0450,79,197,g0u0450,K1-L2,5593783.594791,1623175676587092224.000000
Au197_g0u0450,79,197,g0u0450,K1-L3,5763135.746854,1769977166987518720.000000
Au197_g0u0450,79,197,g0u0450,L2-M4,2472318.619123,440789630194415744.000000
Au197_g0u0450,79,197,g0u0450,L3-M4,2302966.467060,78802894855956720.000000
Au197_g0u0450,79,197,g0u0450,L3-M5,2339926.369783,489352845884918208.000000
Au197_g0u0450,79,197,g0u0450,M4-N6,899119.672508,108751318899164528.000000
Au197_g0u0450,79,197,g0u0450,M5-N6,862159.769784,7283307849589441.000000
Au197_g0u0450,79,197,g0u0450,M5-N7,870046.659340,111894699782920896.000000
Au197_g0u0450,79,197,g0u0450,N6-O8,405624.093449,33903358035672468.000000
Au197_g0u0450,79,197,g0u0450,N7-O8,397737.203894,1211597618876824.750000
Au197_g0u0450,79,197,g0u0450,N7-O9,400126.050709,34530677257311664.000000
Au197_g0u0450,79,197,g0u0450,O8-P10,217918.884485,13157175859411024.000000
Au197_g0u0450,79,197,g0u0450,O9-P10,215530.037669,292314372131727.375000
Au197_g0u0450,79,197,g0u0450,O9-P11,216444.590828,13329800780427706.000000
Au197_g0u0450,79,197,g0u0450,P10-Q12,130676.326064,5936475508856837.000000
Au197_g0u0450,79,197,g0u0450,P11-Q12,129761.772905,89901257968524.750000
Au197_g0u0450,79,197,g0u0450,P11-Q13,130171.225778,5994371556890922.000000
Au197_g0u0450,79,197,g0u0450,Q12-R14,84543.786140,2987934142427224.500000
Au197_g0u0450,79,197,g0u0450,Q13-R14,84134.333267,32815678778824.906250
Au197_g0u0450,79,197,g0u0450,Q13-R15,84339.421668,3010411774026069.500000
Au197_g0u0500,79,197,g0u0500,K1-L2,5593785.279808,1623176550456532224.000000
Au197_g0u0500,79,197,g0u0500,K1-L3,5763137.521349,1769978103926330368.000000
Au197_g0u0500,79,197,g0u0500,L2-M4,2472318.995538,440789719302479616.000000
Au197_g0u0500,79,197,g0u0500,L3-M4,2302966.753996,78802904447540432.000000
Au197_g0u0500,79,197,g0u0500,L3-M5,2339926.661369,489352947069793280.000000
Au197_g0u0500,79,197,g0u0500,M4-N6,899119.698704,108751320944163536.000000
Au197_g0u0500,79,197,g0u0500,M5-N6,862159.791332,7283307985433982.000000
Au197_g0u0500,79,197,g0u0500,M5-N7,870046.681229,111894701993494880.000000
Au197_g0u0500,79,197,g0u0500,N6-O8,405624.101808,33903358701717868.000000
Au197_g0u0500,79,197,g0u0500,N7-O8,397737.211910,1211597641874834.750000
Au197_g0u0500,79,197,g0u0500,N7-O9,400126.058821,34530677936113160.000000
Au197_g0u0500,79,197,g0u0500,O8-P10,217918.888711,13157176102108416.000000
Au197_g0u0500,79,197,g0u0500,O9-P10,215530.041800,292314396788312.875000
Au197_g0u0500,79,197,g0u0500,O9-P11,216444.594993,13329801026207396.000000
Au197_g0u0500,79,197,g0u0500,P10-Q12,130676.328410,5936475608910757.000000
Au197_g0u0500,79,197,g0u0500,P11-Q12,129761.775217,89901269351261.796875
Au197_g0u0500,79,197,g0u0500,P11-Q13,130171.228104,5994371657860270.000000
Au197_g0u0500,79,197,g0u0500,Q12-R14,84543.787508,2987934187103332.000000
Au197_g0u0500,79,197,g0u0500,Q13-R14,84134.334622,32815679262537.070312
Au197_g0u0500,79,197,g0u0500,Q13-R15,84339.423029,3010411819010323.000000
Au197_g0u0550,79,197,g0u0550,K1-L2,5593786.527596,1623177202985906944.000000
Au197_g0u0550,79,197,g0u0550,K1-L3,5763138.835458,1769978677688148480.000000
Au197_g0u0550,79,197,g0u0550,L2-M4,2472319.275696,440789766764322048.000000
Au197_g0u0550,79,197,g0u0550,L3-M4,2302966.967834,78802913657036352.000000
Au197_g0u0550,79,197,g0u0550,L3-M5,2339926.878703,489353000878722368.000000
Au197_g0u0550,79,197,g0u0550,M4-N6,899119.718820,108751329301664656.000000
Au197_g0u0550,79,197,g0u0550,M5-N6,862159.807951,7283308091293929.000000
Au197_g0u0550,79,197,g0u0550,M5-N7,870046.698114,111894703715899104.000000
Au197_g0u0550,79,197,g0u0550,N6-O8,405624.108307,33903361572696452.000000
Au197_g0u0550,79,197,g0u0550,N7-O8,397737.218144,1211597747062699.250000
Au197_g0u0550,79,197,g0u0550,N7-O9,400126.065129,34530678463997604.000000
Au197_g0u0550,79,197,g0u0550,O8-P10,217918.891998,13157177143702702.000000
Au197_g0u0550,79,197,g0u0550,O9-P10,215530.045013,292314400879359.312500
Au197_g0u0550,79,197,g0u0550,O9-P11,216444.598233,13329801217344596.000000
Au197_g0u0550,79,197,g0u0550,P10-Q12,130676.330234,5936475686721521.000000
Au197_g0u0550,79,197,g0u0550,P11-Q12,129761.777015,89901270508128.406250
Au197_g0u0550,79,197,g0u0550,P11-Q13,130171.229912,5994371736383181.000000
Au197_g0u0550,79,197,g0u0550,Q12-R14,84543.788573,2987934221848362.000000
Au197_g0u0550,79,197,g0u0550,Q13-R14,84134.335675,32815679638725.515625
Au197_g0u0550,79,197,g0u0550,Q13-R15,84339.424087,3010411853993358.000000
Au197_g0u0600,79,197,g0u0600,K1-L2,5593787.477599,1623177529277913856.000000
Au197_g0u0600,79,197,g0u0600,K1-L3,5763139.835997,1769979300017659648.000000
Au197_g0u0600,79,197,g0u0600,L2-M4,2472319.489998,440789812521129728.000000
Au197_g0u0600,79,197,g0u0600,L3-M4,2302967.131600,78802922594647328.000000
Au197_g0u0600,79,197,g0u0600,L3-M5,2339927.045170,489353008077335936.000000
Au197_g0u0600,79,197,g0u0600,M4-N6,899119.734652,108751330577616976.000000
Au197_g0u0600,79,197,g0u0600,M5-N6,862159.821082,7283308661393940.000000
Au197_g0u0600,79,197,g0u0600,M5-N7,870046.711455,111894712201511952.000000
Au197_g0u0600,79,197,g0u0600,N6-O8,405624.113478,33903361984921260.000000
Au197_g0u0600,79,197,g0u0600,N7-O8,397737.223104,1211597761295989.500000
Au197_g0u0600,79,197,g0u0600,N7-O9,400126.070148,34530678884101576.000000
Au197_g0u0600,79,197,g0u0600,O8-P10,217918.894614,13157177293904386.000000
Au197_g0u0600,79,197,g0u0600,O9-P10,215530.047570,292314404135006.437500
Au197_g0u0600,79,197,g0u0600,O9-P11,216444.600811,13329801369452436.000000
Au197_g0u0600,79,197,g0u0600,P10-Q12,130676.331686,5936475748644468.000000
Au197_g0u0600,79,197,g0u0600,P11-Q12,129761.778445,89901271428772.375000
Au197_g0u0600,79,197,g0u0600,P11-Q13,130171.231352,5994371798870919.000000
Au197_g0u0600,79,197,g0u0600,Q12-R14,84543.789420,2987934249497838.500000
Au197_g0u0600,79,197,g0u0600,Q13-R14,84134.336513,32815679938087.937500
Au197_g0u0600,79,197,g0u0600,Q13-R15,84339.424929,3010411881832590.500000
Au197_g0u0700,79,197,g0u0700,K1-L2,5593788.805704,1623178198968631808.000000
Au197_g0u0700,79,197,g0u0700,K1-L3,5763141.234830,1769980021062995712.000000
Au197_g0u0700,79,197,g0u0700,L2-M4,2472319.791461,440789861349016320.000000
Au197_g0u0700,79,197,g0u0700,L3-M4,2302967.362335,78802932024668144.000000
Au197_g0u0700,79,197,g0u0700,L3-M5,2339927.279754,489353063400534656.000000
Au197_g0u0700,79,197,g0u0700,M4-N6,899119.757759,108751332474827392.000000
Au197_g0u0700,79,197,g0u0700,M5-N6,862159.840341,7283308786576153.000000
Au197_g0u0700,79,197,g0u0700,M5-N7,870046.731026,111894714237773296.000000
Au197_g0u0700,79,197,g0u0700,N6-O8,405624.121131,33903362595043572.000000
Au197_g0u0700,79,197,g0u0700,N7-O8,397737.230446,1211597782361855.500000
Au197_g0u0700,79,197,g0u0700,N7-O9,400126.077577,34530681923345392.000000
Au197_g0u0700,79,197,g0u0700,O8-P10,217918.898485,13157177516206184.000000
Au197_g0u0700,79,197,g0u0700,O9-P10,215530.051354,292314408953430.875000
Au197_g0u0700,79,197,g0u0700,O9-P11,216444.604626,13329801594573580.000000
Au197_g0u0700,79,197,g0u0700,P10-Q12,130676.333835,5936476483276709.000000
Au197_g0u0700,79,197,g0u0700,P11-Q12,129761.780563,89901272791345.203125
Au197_g0u0700,79,197,g0u0700,P11-Q13,130171.233482,5994371891355776.000000
Au197_g0u0700,79,197,g0u0700,Q12-R14,84543.790673,2987934540840857.500000
Au197_g0u0700,79,197,g0u0700,Q13-R14,84134.337754,32815683164066.085938
Au197_g0u0700,79,197,g0u0700,Q13-R15,84339.426176,3010412175685344.000000
Au197_g0u0800,79,197,g0u0800,K1-L2,5593789.669769,1623178641476193792.000000
Au197_g0u0800,79,197,g0u0800,K1-L3,5763142.144974,1769980496764409344.000000
Au197_g0u0800,79,197,g0u0800,L2-M4,2472319.989151,440789907234004736.000000
Au197_g0u0800,79,197,g0u0800,L3-M4,2302967.513945,78802940984617200.000000
Au197_g0u0800,79,197,g0u0800,L3-M5,2339927.433928,489353115470024576.000000
Au197_g0u0800,79,197,g0u0800,M4-N6,899119.773614,108751333804922048.000000
Au197_g0u0800,79,197,g0u0800,M5-N6,862159.853631,7283308874096249.000000
Au197_g0u0800,79,197,g0u0800,M5-N7,870046.744532,111894715661165680.000000
Au197_g0u0800,79,197,g0u0800,N6-O8,405624.126466,33903363020544756.000000
Au197_g0u0800,79,197,g0u0800,N7-O8,397737.235565,1211597797052895.000000
Au197_g0u0800,79,197,g0u0800,N7-O9,400126.082757,34530682356958324.000000
Au197_g0u0800,79,197,g0u0800,O8-P10,217918.901184,13157177671235462.000000
Au197_g0u0800,79,197,g0u0800,O9-P10,215530.053993,292314431709793.562500
Au197_g0u0800,79,197,g0u0800,O9-P11,216444.607287,13329801751570602.000000
Au197_g0u0800,79,197,g0u0800,P10-Q12,130676.335334,5936476547189293.000000
Au197_g0u0800,79,197,g0u0800,P11-Q12,129761.782040,89901273741576.250000
Au197_g0u0800,79,197,g0u0800,P11-Q13,130171.234968,5994372606569024.000000
Au197_g0u0800,79,197,g0u0800,Q12-R14,84543.791548,2987934569380070.000000
Au197_g0u0800,79,197,g0u0800,Q13-R14,84134.338619,32815683473067.324219
Au197_g0u0800,79,197,g0u0800,Q13-R15,84339.427045,3010412204420719.000000
Au197_g0u0900,79,197,g0u0900,K1-L2,5593790.263469,1623179028980410112.000000
Au197_g0u0900,79,197,g0u0900,K1-L3,5763142.770373,1769980777042947840.000000
Au197_g0u0900,79,197,g0u0900,L2-M4,2472320.125928,440789951298586560.000000
Au197_g0u0900,79,197,g0u0900,L3-M4,2302967.619023,78802941756902784.000000
Au197_g0u0900,79,197,g0u0900,L3-M5,2339927.540806,489353165526683712.000000
Au197_g0u0900,79,197,g0u0900,M4-N6,899119.785030,108751334780106928.000000
Au197_g0u0900,79,197,g0u0900,M5-N6,862159.863247,7283309423822849.000000
Au197_g0u0900,79,197,g0u0900,M5-N7,870046.754306,111894723814869584.000000
Au197_g0u0900,79,197,g0u0900,N6-O8,405624.130361,33903363331160080.000000
Au197_g0u0900,79,197,g0u0900,N7-O8,397737.239302,1211597807777118.750000
Au197_g0u0900,79,197,g0u0900,N7-O9,400126.086538,34530682673487876.000000
Au197_g0u0900,79,197,g0u0900,O8-P10,217918.903155,13157178637256732.000000
Au197_g0u0900,79,197,g0u0900,O9-P10,215530.055919,292314434162784.062500
Au197_g0u0900,79,197,g0u0900,O9-P11,216444.609229,13329801866173174.000000
Au197_g0u0900,79,197,g0u0900,P10-Q12,130676.336428,5936476593844960.000000
Au197_g0u0900,79,197,g0u0900,P11-Q12,129761.783117,89901274435233.421875
Au197_g0u0900,79,197,g0u0900,P11-Q13,130171.236052,5994372653650422.000000
Au197_g0u0900,79,197,g0u0900,Q12-R14,84543.792186,2987934590213792.000000
Au197_g0u0900,79,197,g0u0900,Q13-R14,84134.339251,32815683698635.156250
Au197_g0u0900,79,197,g0u0900,Q13-R15,84339.427680,3010412225397773.500000
Au197_g0u1000,79,197,g0u1000,K1-L2,5593790.691143,1623179249900684288.000000
Au197_g0u1000,79,197,g0u1000,K1-L3,5763143.220951,1769981014515914752.000000
Au197_g0u1000,79,197,g0u1000,L2-M4,2472320.225554,440789954940951616.000000
Au197_g0u1000,79,197,g0u1000,L3-M4,2302967.695746,78802950237513008.000000
Au197_g0u1000,79,197,g0u1000,L3-M5,2339927.618857,489353169555465600.000000
Au197_g0u1000,79,197,g0u1000,M4-N6,899119.793595,108751335519491936.000000
Au197_g0u1000,79,197,g0u1000,M5-N6,862159.870484,7283309472295638.000000
Au197_g0u1000,79,197,g0u1000,M5-N7,870046.761663,111894724603045632.000000
Au197_g0u1000,79,197,g0u1000,N6-O8,405624.133306,33903365919068028.000000
Au197_g0u1000,79,197,g0u1000,N7-O8,397737.242127,1211597903190210.750000
Au197_g0u1000,79,197,g0u1000,N7-O9,400126.089397,34530682912868280.000000
Au197_g0u1000,79,197,g0u1000,O8-P10,217918.904645,13157178722839774.000000
Au197_g0u1000,79,197,g0u1000,O9-P10,215530.057376,292314436017819.500000
Au197_g0u1000,79,197,g0u1000,O9-P11,216444.610698,13329801952841846.000000
Au197_g0u1000,79,197,g0u1000,P10-Q12,130676.337255,5936476629129477.000000
Au197_g0u1000,79,197,g0u1000,P11-Q12,129761.783933,89901274959831.796875
Au197_g0u1000,79,197,g0u1000,P11-Q13,130171.236872,5994372689256345.000000
Au197_g0u1000,79,197,g0u1000,Q12-R14,84543.792669,2987934605968358.500000
Au197_g0u1000,79,197,g0u1000,Q13-R14,84134.339729,32815683869211.535156
Au197_g0u1000,79,197,g0u1000,Q13-R15,84339.428160,3010412241260325.000000
Au197_g0u1100,79,197,g0u1100,K1-L2,5593791.066057,1623179465234399232.000000
Au197_g0u1100,79,197,g0u1100,K1-L3,5763143.616922,1769981245089847808.000000
Au197_g0u1100,79,197,g0u1100,L2-M4,2472320.323043,440789997373923584.000000
Au197_g0u1100,79,197,g0u1100,L3-M4,2302967.772179,78802950737093008.000000
Au197_g0u1100,79,197,g0u1100,L3-M5,2339927.696565,489353172995144320.000000
Au197_g0u1100,79,197,g0u1100,M4-N6,899119.800886,108751336078479488.000000
Au197_g0u1100,79,197,g0u1100,M5-N6,862159.876500,7283309509421729.000000
Au197_g0u1100,79,197,g0u1100,M5-N7,870046.767773,111894725207344912.000000
Au197_g0u1100,79,197,g0u1100,N6-O8,405624.135599,33903366101739012.000000
Au197_g0u1100,79,197,g0u1100,N7-O8,397737.244327,1211597909497997.500000
Au197_g0u1100,79,197,g0u1100,N7-O9,400126.091623,34530683099046244.000000
Au197_g0u1100,79,197,g0u1100,O8-P10,217918.905805,13157178789412356.000000
Au197_g0u1100,79,197,g0u1100,O9-P10,215530.058509,292314437460789.312500
Au197_g0u1100,79,197,g0u1100,O9-P11,216444.611841,13329802887839044.000000
Au197_g0u1100,79,197,g0u1100,P10-Q12,130676.337899,5936476656575005.000000
Au197_g0u1100,79,197,g0u1100,P11-Q12,129761.784567,89901275367881.109375
Au197_g0u1100,79,197,g0u1100,P11-Q13,130171.237510,5994372716952676.000000
Au197_g0u1100,79,197,g0u1100,Q12-R14,84543.793044,2987934618223815.000000
Au197_g0u1100,79,197,g0u1100,Q13-R14,84134.340100,32815684001901.550781
Au197_g0u1100,79,197,g0u1100,Q13-R15,84339.428533,3010412253599991.500000
Au197_g0u1200,79,197,g0u1200,K1-L2,5593788.581272,1623177858906128640.000000
Au197_g0u1200,79,197,g0u1200,K1-L3,5763140.943899,1769979448832228352.000000
Au197_g0u1200,79,197,g0u1200,L2-M4,2472319.165814,440789741387476416.000000
Au197_g0u1200,79,197,g0u1200,L3-M4,2302966.803186,78802916511628544.000000
Au197_g0u1200,79,197,g0u1200,L3-M5,2339926.713470,489352976408307968.000000
Au197_g0u1200,79,197,g0u1200,M4-N6,899119.766762,108751337537651440.000000
Au197_g0u1200,79,197,g0u1200,M5-N6,862159.856478,7283309089990803.000000
Au197_g0u1200,79,197,g0u1200,M5-N7,870046.747719,111894719133521312.000000
Au197_g0u1200,79,197,g0u1200,N6-O8,405624.137218,33903366250678184.000000
Au197_g0u1200,79,197,g0u1200,N7-O8,397737.245977,1211597914576126.000000
Au197_g0u1200,79,197,g0u1200,N7-O9,400126.093293,34530683248859516.000000
Au197_g0u1200,79,197,g0u1200,O8-P10,217918.906727,13157178842404422.000000
Au197_g0u1200,79,197,g0u1200,O9-P10,215530.059411,292314438609343.812500
Au197_g0u1200,79,197,g0u1200,O9-P11,216444.612750,13329802941504804.000000
Au197_g0u1200,79,197,g0u1200,P10-Q12,130676.338411,5936476678420990.000000
Au197_g0u1200,79,197,g0u1200,P11-Q12,129761.785071,89901275692682.875000
Au197_g0u1200,79,197,g0u1200,P11-Q13,130171.238018,5994372738999431.000000
Au197_g0u1200,79,197,g0u1200,Q12-R14,84543.793343,2987934627979254.000000
Au197_g0u1200,79,197,g0u1200,Q13-R14,84134.340396,32815684107524.707031
Au197_g0u1200,79,197,g0u1200,Q13-R15,84339.428830,3010412263422401.000000
Au197_g0u1300,79,197,g0u1300,K1-L2,5593789.117996,1623177702482950144.000000
Au197_g0u1300,79,197,g0u1300,K1-L3,5763141.437782,1769979181054228480.000000
Au197_g0u1300,79,197,g0u1300,L2-M4,2472318.389494,440789582012068224.000000
Au197_g0u1300,79,197,g0u1300,L3-M4,2302966.069708,78802879099077792.000000
Au197_g0u1300,79,197,g0u1300,L3-M5,2339925.966290,489352759363215680.000000
Au197_g0u1300,79,197,g0u1300,M4-N6,899119.722295,108751339023511776.000000
Au197_g0u1300,79,197,g0u1300,M5-N6,862159.825713,7283309160345259.000000
Au197_g0u1300,79,197,g0u1300,M5-N7,870046.716855,111894720226895632.000000
Au197_g0u1300,79,197,g0u1300,N6-O8,405624.138341,33903366374649212.000000
Au197_g0u1300,79,197,g0u1300,N7-O8,397737.247198,1211597918760274.250000
Au197_g0u1300,79,197,g0u1300,N7-O9,400126.094531,34530683372218820.000000
Au197_g0u1300,79,197,g0u1300,O8-P10,217918.907475,13157178885409588.000000
Au197_g0u1300,79,197,g0u1300,O9-P10,215530.060142,292314439541370.812500
Au197_g0u1300,79,197,g0u1300,O9-P11,216444.613488,13329802985045790.000000
Au197_g0u1300,79,197,g0u1300,P10-Q12,130676.338826,5936476696145843.000000
Au197_g0u1300,79,197,g0u1300,P11-Q12,129761.785481,89901275956205.390625
Au197_g0u1300,79,197,g0u1300,P11-Q13,130171.238430,5994372756887113.000000
Au197_g0u1300,79,197,g0u1300,Q12-R14,84543.793585,2987934635894311.500000
Au197_g0u1300,79,197,g0u1300,Q13-R14,84134.340636,32815684193224.949219
Au197_g0u1300,79,197,g0u1300,Q13-R15,84339.429071,3010412271392899.500000
Au197_g0u1400,79,197,g0u1400,K1-L2,5593204.215055,1622819544336903168.000000
Au197_g0u1400,79,197,g0u1400,K1-L3,5762512.804530,1769564352543783424.000000
Au197_g0u1400,79,197,g0u1400,L2-M4,2472050.834382,440738205341319040.000000
Au197_g0u1400,79,197,g0u1400,L3-M4,2302742.244907,78794425221105632.000000
Au197_g0u1400,79,197,g0u1400,L3-M5,2339698.831078,489303525132647808.000000
Au197_g0u1400,79,197,g0u1400,M4-N6,899110.892317,108750514844407168.000000
Au197_g0u1400,79,197,g0u1400,M5-N6,862154.306146,7283270200156074.000000
Au197_g0u1400,79,197,g0u1400,M5-N7,870041.173669,111894154154307056.000000
Au197_g0u1400,79,197,g0u1400,N6-O8,405624.092932,33903362561172796.000000
Au197_g0u1400,79,197,g0u1400,N7-O8,397737.225409,1211597847783157.250000
Au197_g0u1400,79,197,g0u1400,N7-O9,400126.072706,34530681420678596.000000
Au197_g0u1400,79,197,g0u1400,O8-P10,217918.908010,13157178921787906.000000
Au197_g0u1400,79,197,g0u1400,O9-P10,215530.060714,292314440317426.312500
Au197_g0u1400,79,197,g0u1400,O9-P11,216444.614064,13329803021291686.000000
Au197_g0u1400,79,197,g0u1400,P10-Q12,130676.339169,5936476710762982.000000
Au197_g0u1400,79,197,g0u1400,P11-Q12,129761.785819,89901276173522.312500
Au197_g0u1400,79,197,g0u1400,P11-Q13,130171.238770,5994372771637513.000000
Au197_g0u1400,79,197,g0u1400,Q12-R14,84543.793785,2987934642422082.500000
Au197_g0u1400,79,197,g0u1400,Q13-R14,84134.340834,32815684263902.355469
Au197_g0u1400,79,197,g0u1400,Q13-R15,84339.429270,3010412277963646.000000
Au197_g0u1500,79,197,g0u1500,K1-L2,5581518.791642,1615817826711854336.000000
Au197_g0u1500,79,197,g0u1500,K1-L3,5749980.819374,1761486847596196864.000000
Au197_g0u1500,79,197,g0u1500,L2-M4,2467035.100595,439783804935258176.000000
Au197_g0u1500,79,197,g0u1500,L3-M4,2298573.072862,78638024160859136.000000
Au197_g0u1500,79,197,g0u1500,L3-M5,2335468.929941,488392970779780736.000000
Au197_g0u1500,79,197,g0u1500,M4-N6,898952.310946,108735717449128384.000000
Au197_g0u1500,79,197,g0u1500,M5-N6,862056.453868,7282580307772140.000000
Au197_g0u1500,79,197,g0u1500,M5-N7,869942.905562,111884081190536512.000000
Au197_g0u1500,79,197,g0u1500,N6-O8,405623.290007,33903310511993788.000000
Au197_g0u1500,79,197,g0u1500,N7-O8,397736.838314,1211596848246965.500000
Au197_g0u1500,79,197,g0u1500,N7-O9,400125.684774,34530656296772004.000000
Au197_g0u1500,79,197,g0u1500,O8-P10,217918.907167,13157178966784364.000000
Au197_g0u1500,79,197,g0u1500,O9-P10,215530.060707,292314441082969.500000
Au197_g0u1500,79,197,g0u1500,O9-P11,216444.614061,13329803056898014.000000
Au197_g0u1500,79,197,g0u1500,P10-Q12,130676.339455,5936476722989541.000000
Au197_g0u1500,79,197,g0u1500,P11-Q12,129761.786101,89901276355213.187500
Au197_g0u1500,79,197,g0u1500,P11-Q13,130171.239054,5994372783969267.000000
Au197_g0u1500,79,197,g0u1500,Q12-R14,84543.793952,2987934647878739.500000
Au197_g0u1500,79,197,g0u1500,Q13-R14,84134.340999,32815684322978.695312
Au197_g0u1500,79,197,g0u1500,Q13-R15,84339.429436,3010412283457804.000000
Au197_g0u1600,79,197,g0u1600,K1-L2,6319421.708520,2115894391619968768.000000
Au197_g0u1600,79,197,g0u1600,K1-L3,6549942.651782,2356606450283685888.000000
Au197_g0u1600,79,197,g0u1600,L2-M4,2870365.566915,513867525955360320.000000
Au197_g0u1600,79,197,g0u1600,L3-M4,2639844.623653,90917686508098016.000000
Au197_g0u1600,79,197,g0u1600,L3-M5,2681565.520896,558535087138492480.000000
Au197_g0u1600,79,197,g0u1600,M4-N6,911408.448049,109858909634042720.000000
Au197_g0u1600,79,197,g0u1600,M5-N6,869687.550807,7335227377377517.000000
Au197_g0u1600,79,197,g0u1600,M5-N7,877604.722119,112651649684584496.000000
Au197_g0u1600,79,197,g0u1600,N6-O8,405683.014068,33907221610980388.000000
Au197_g0u1600,79,197,g0u1600,N7-O8,397765.842755,1211669395800114.000000
Au197_g0u1600,79,197,g0u1600,N7-O9,400154.751527,34532660189547024.000000
Au197_g0u1600,79,197,g0u1600,O8-P10,217919.008203,13157182971616080.000000
Au197_g0u1600,79,197,g0u1600,O9-P10,215530.099431,292314490596903.000000
Au197_g0u1600,79,197,g0u1600,O9-P11,216444.652842,13329805266429276.000000
Au197_g0u1600,79,197,g0u1600,P10-Q12,130676.339772,5936476732727685.000000
Au197_g0u1600,79,197,g0u1600,P11-Q12,129761.786361,89901276506433.421875
Au197_g0u1600,79,197,g0u1600,P11-Q13,130171.239316,5994372794233469.000000
Au197_g0u1600,79,197,g0u1600,Q12-R14,84543.794094,2987934652496134.500000
Au197_g0u1600,79,197,g0u1600,Q13-R14,84134.341139,32815684372971.921875
Au197_g0u1600,79,197,g0u1600,Q13-R15,84339.429577,3010412288107606.000000
Au197_g2u1000,79,197,g2u1000,K1-L2,5593806.758869,1623187485433357312.000000
Au197_g2u1000,79,197,g2u1000,K1-L3,5763160.223105,1769990012704455680.000000
Au197_g2u1000,79,197,g2u1000,L2-M4,2472324.536486,440790723822526912.000000
Au197_g2u1000,79,197,g2u1000,L3-M4,2302971.072251,78803087196323232.000000
Au197_g2u1000,79,197,g2u1000,L3-M5,2339931.041359,489353790641825472.000000
Au197_g2u1000,79,197,g2u1000,M4-N6,899119.900265,108751344609570720.000000
Au197_g2u1000,79,197,g2u1000,M5-N6,862159.931157,7283310389250303.000000
Au197_g2u1000,79,197,g2u1000,M5-N7,870046.822542,111894721632416288.000000
Au197_g2u1000,79,197,g2u1000,N6-O8,405624.131043,33903363209552020.000000
Au197_g2u1000,79,197,g2u1000,N7-O8,397737.239658,1211597995492149.250000
Au197_g2u1000,79,197,g2u1000,N7-O9,400126.087003,34530680650011220.000000
Au197_g2u1000,79,197,g2u1000,O8-P10,217918.903219,13157178485453964.000000
Au197_g2u1000,79,197,g2u1000,O9-P10,215530.055873,292314460189417.937500
Au197_g2u1000,79,197,g2u1000,O9-P11,216444.609268,13329801463470900.000000
Au197_g2u1000,79,197,g2u1000,P10-Q12,130676.336435,5936476545767923.000000
Au197_g2u1000,79,197,g2u1000,P11-Q12,129761.783040,89901275320357.953125
Au197_g2u1000,79,197,g2u1000,P11-Q13,130171.236057,5994372565225093.000000
Au197_g2u1000,79,197,g2u1000,Q12-R14,84543.792041,2987934566888025.000000
Au197_g2u1000,79,197,g2u1000,Q13-R14,84134.339024,32815685880050.480469
Au197_g2u1000,79,197,g2u1000,Q13-R15,84339.427527,3010412172946672.500000
Tl205_g0u0050,81,205,g0u0050,K1-L2,5721035.282547,1708192092606299648.000000
Tl205_g0u0050,81,205,g0u0050,K1-L3,5900770.038813,1871394769710481152.000000
Tl205_g0u0050,81,205,g0u0050,L2-M4,2585506.635624,484491791331879424.000000
Tl205_g0u0050,81,205,g0u0050,L3-M4,2405771.879358,86295017924899392.000000
Tl205_g0u0050,81,205,g0u0050,L3-M5,2446521.494032,537160443716484224.000000
Tl205_g0u0050,81,205,g0u0050,M4-N6,947251.346165,120400361932274240.000000
Tl205_g0u0050,81,205,g0u0050,M5-N6,906501.731491,8037871093066242.000000
Tl205_g0u0050,81,205,g0u0050,M5-N7,915231.028410,123643272707317504.000000
Tl205_g0u0050,81,205,g0u0050,N6-O8,426956.246267,37508544594215736.000000
Tl205_g0u0050,81,205,g0u0050,N7-O8,418226.949348,1337964704969052.250000
Tl205_g0u0050,81,205,g0u0050,N7-O9,420869.577932,38167216294853592.000000
Tl205_g0u0050,81,205,g0u0050,O8-P10,229260.913283,14550222583957534.000000
Tl205_g0u0050,81,205,g0u0050,O9-P10,226618.284699,322885354607517.437500
Tl205_g0u0050,81,205,g0u0050,O9-P11,227629.696481,14733969418342748.000000
Tl205_g0u0050,81,205,g0u0050,P10-Q12,137444.090886,6563697525722750.000000
Tl205_g0u0050,81,205,g0u0050,P11-Q12,136432.679105,99319064820934.359375
Tl205_g0u0050,81,205,g0u0050,P11-Q13,136885.420001,6625814570165266.000000
Tl205_g0u0050,81,205,g0u0050,Q12-R14,88910.293463,3303248820320649.000000
Tl205_g0u0050,81,205,g0u0050,Q13-R14,88457.552567,36256998835117.859375
Tl205_g0u0050,81,205,g0u0050,Q13-R15,88684.298587,3327490329796497.500000
Tl205_g0u0100,81,205,g0u0100,K1-L2,5721677.852281,1708516713319796224.000000
Tl205_g0u0100,81,205,g0u0100,K1-L3,5901447.639051,1871755783314444288.000000
Tl205_g0u0100,81,205,g0u0100,L2-M4,2585640.250415,484516641605075200.000000
Tl205_g0u0100,81,205,g0u0100,L3-M4,2405870.463644,86298676618732032.000000
Tl205_g0u0100,81,205,g0u0100,L3-M5,2446621.413716,537181650814058368.000000
Tl205_g0u0100,81,205,g0u0100,M4-N6,947255.298767,120401098791672848.000000
Tl205_g0u0100,81,205,g0u0100,M5-N6,906504.348696,8037912636832064.000000
Tl205_g0u0100,81,205,g0u0100,M5-N7,915233.689421,123643919501238944.000000
Tl205_g0u0100,81,205,g0u0100,N6-O8,426957.337505,37508732810831856.000000
Tl205_g0u0100,81,205,g0u0100,N7-O8,418227.996780,1337971162865249.750000
Tl205_g0u0100,81,205,g0u0100,N7-O9,420870.638490,38167401072959512.000000
Tl205_g0u0100,81,205,g0u0100,O8-P10,229261.465296,14550290826484474.000000
Tl205_g0u0100,81,205,g0u0100,O9-P10,226618.823586,322886869367838.750000
Tl205_g0u0100,81,205,g0u0100,O9-P11,227630.240079,14734038662124392.000000
Tl205_g0u0100,81,205,g0u0100,P10-Q12,137444.397495,6563725486957116.000000
Tl205_g0u0100,81,205,g0u0100,P11-Q12,136432.981002,99319497987222.453125
Tl205_g0u0100,81,205,g0u0100,P11-Q13,136885.723842,6625843505072987.000000
Tl205_g0u0100,81,205,g0u0100,Q12-R14,88910.472909,3303261571828607.000000
Tl205_g0u0100,81,205,g0u0100,Q13-R14,88457.730068,36257138690126.171875
Tl205_g0u0100,81,205,g0u0100,Q13-R15,88684.476961,3327503180266944.500000
Tl205_g0u0150,81,205,g0u0150,K1-L2,5721786.425818,1708571639202499072.000000
Tl205_g0u0150,81,205,g0u0150,K1-L3,5901562.128922,1871816900256921600.000000
Tl205_g0u0150,81,205,g0u0150,L2-M4,2585663.478162,484521242217145728.000000
Tl205_g0u0150,81,205,g0u0150,L3-M4,2405887.775059,86299374279821568.000000
Tl205_g0u0150,81,205,g0u0150,L3-M5,2446638.989720,537185679938635840.000000
Tl205_g0u0150,81,205,g0u0150,M4-N6,947256.354077,120401295969047616.000000
Tl205_g0u0150,81,205,g0u0150,M5-N6,906505.139416,8037924139992328.000000
Tl205_g0u0150,81,205,g0u0150,M5-N7,915234.492063,123644102891840848.000000
Tl205_g0u0150,81,205,g0u0150,N6-O8,426957.605272,37508777387810248.000000
Tl205_g0u0150,81,205,g0u0150,N7-O8,418228.252624,1337972848629814.750000
Tl205_g0u0150,81,205,g0u0150,N7-O9,420870.897529,38167446665980776.000000
Tl205_g0u0150,81,205,g0u0150,O8-P10,229261.600318,14550307051218698.000000
Tl205_g0u0150,81,205,g0u0150,O9-P10,226618.955413,322887249608648.000000
Tl205_g0u0150,81,205,g0u0150,O9-P11,227630.373060,14734055123415898.000000
Tl205_g0u0150,81,205,g0u0150,P10-Q12,137444.472610,6563732239345350.000000
Tl205_g0u0150,81,205,g0u0150,P11-Q12,136433.054963,99319600055252.109375
Tl205_g0u0150,81,205,g0u0150,P11-Q13,136885.798280,6625849643589540.000000
Tl205_g0u0150,81,205,g0u0150,Q12-R14,88910.516875,3303264926573366.000000
Tl205_g0u0150,81,205,g0u0150,Q13-R14,88457.773558,36257175517474.687500
Tl205_g0u0150,81,205,g0u0150,Q13-R15,88684.520666,3327506561284835.000000
Tl205_g0u0200,81,205,g0u0200,K1-L2,5721822.740775,1708590030701412352.000000
Tl205_g0u0200,81,205,g0u0200,K1-L3,5901600.449065,1871837508054570496.000000
Tl205_g0u0200,81,205,g0u0200,L2-M4,2585671.641972,484522902644828864.000000
Tl205_g0u0200,81,205,g0u0200,L3-M4,2405893.933683,86299624684996176.000000
Tl205_g0u0200,81,205,g0u0200,L3-M5,2446645.246386,537187131527445824.000000
Tl205_g0u0200,81,205,g0u0200,M4-N6,947256.775472,120401379156687504.000000
Tl205_g0u0200,81,205,g0u0200,M5-N6,906505.462770,8037928510592589.000000
Tl205_g0u0200,81,205,g0u0200,M5-N7,915234.820350,123644177474378544.000000
Tl205_g0u0200,81,205,g0u0200,N6-O8,426957.716557,37508796567235616.000000
Tl205_g0u0200,81,205,g0u0200,N7-O8,418228.358977,1337973443586850.000000
Tl205_g0u0200,81,205,g0u0200,N7-O9,420871.005211,38167466284644024.000000
Tl205_g0u0200,81,205,g0u0200,O8-P10,229261.656491,14550314030450374.000000
Tl205_g0u0200,81,205,g0u0200,O9-P10,226619.010257,322887404534673.812500
Tl205_g0u0200,81,205,g0u0200,O9-P11,227630.428385,14734062204955488.000000
Tl205_g0u0200,81,205,g0u0200,P10-Q12,137444.503862,6563735670253256.000000
Tl205_g0u0200,81,205,g0u0200,P11-Q12,136433.085734,99319641687055.812500
Tl205_g0u0200,81,205,g0u0200,P11-Q13,136885.829249,6625853110930362.000000
Tl205_g0u0200,81,205,g0u0200,Q12-R14,88910.535169,3303266345469086.500000
Tl205_g0u0200,81,205,g0u0200,Q13-R14,88457.791654,36257185246900.546875
Tl205_g0u0200,81,205,g0u0200,Q13-R15,88684.538850,3327507991313890.500000
Tl205_g0u0250,81,205,g0u0250,K1-L2,5721839.306792,1708598441253469696.000000
Tl205_g0u0250,81,205,g0u0250,K1-L3,5901617.934312,1871846903373161728.000000
Tl205_g0u0250,81,205,g0u0250,L2-M4,2585675.442552,484523695714613376.000000
Tl205_g0u0250,81,205,g0u0250,L3-M4,2405896.815032,86299738142178608.000000
Tl205_g0u0250,81,205,g0u0250,L3-M5,2446648.174666,537187838337568768.000000
Tl205_g0u0250,81,205,g0u0250,M4-N6,947256.988136,120401414580777792.000000
Tl205_g0u0250,81,205,g0u0250,M5-N6,906505.628502,8037931514270086.000000
Tl205_g0u0250,81,205,g0u0250,M5-N7,915234.988656,123644208169398112.000000
Tl205_g0u0250,81,205,g0u0250,N6-O8,426957.774997,37508806393448496.000000
Tl205_g0u0250,81,205,g0u0250,N7-O8,418228.414842,1337973795053593.750000
Tl205_g0u0250,81,205,g0u0250,N7-O9,420871.061774,38167476334541864.000000
Tl205_g0u0250,81,205,g0u0250,O8-P10,229261.686004,14550317606311716.000000
Tl205_g0u0250,81,205,g0u0250,O9-P10,226619.039072,322887463480511.625000
Tl205_g0u0250,81,205,g0u0250,O9-P11,227630.457452,14734065833023740.000000
Tl205_g0u0250,81,205,g0u0250,P10-Q12,137444.520282,6563737083526580.000000
Tl205_g0u0250,81,205,g0u0250,P11-Q12,136433.101902,99319663032650.156250
Tl205_g0u0250,81,205,g0u0250,P11-Q13,136885.845521,6625854538736810.000000
Tl205_g0u0250,81,205,g0u0250,Q12-R14,88910.544781,3303266939333668.000000
Tl205_g0u0250,81,205,g0u0250,Q13-R14,88457.801162,36257194672205.945312
Tl205_g0u0250,81,205,g0u0250,Q13-R15,88684.548405,3327508589695948.000000
Tl205_g0u0300,81,205,g0u0300,K1-L2,5721848.258542,1708603204583972096.000000
Tl205_g0u0300,81,205,g0u0300,K1-L3,5901627.383919,1871852049838979840.000000
Tl205_g0u0300,81,205,g0u0300,L2-M4,2585677.519366,484524080208672384.000000
Tl205_g0u0300,81,205,g0u0300,L3-M4,2405898.393990,86299812771258304.000000
Tl205_g0u0300,81,205,g0u0300,L3-M5,2446649.779785,537188271177438080.000000
Tl205_g0u0300,81,205,g0u0300,M4-N6,947257.111765,120401437383252432.000000
Tl205_g0u0300,81,205,g0u0300,M5-N6,906505.725971,8037933116558254.000000
Tl205_g0u0300,81,205,g0u0300,M5-N7,915235.087663,123644225157709408.000000
Tl205_g0u0300,81,205,g0u0300,N6-O8,426957.810083,37508811798115360.000000
Tl205_g0u0300,81,205,g0u0300,N7-O8,418228.448391,1337973987697327.750000
Tl205_g0u0300,81,205,g0u0300,N7-O9,420871.095742,38167484398328232.000000
Tl205_g0u0300,81,205,g0u0300,O8-P10,229261.703730,14550320469887622.000000
Tl205_g0u0300,81,205,g0u0300,O9-P10,226619.056379,322887486643178.812500
Tl205_g0u0300,81,205,g0u0300,O9-P11,227630.474911,14734066917331908.000000
Tl205_g0u0300,81,205,g0u0300,P10-Q12,137444.530144,6563738202262653.000000
Tl205_g0u0300,81,205,g0u0300,P11-Q12,136433.111613,99319680006849.687500
Tl205_g0u0300,81,205,g0u0300,P11-Q13,136885.855295,6625854985651765.000000
Tl205_g0u0300,81,205,g0u0300,Q12-R14,88910.550555,3303267401150760.500000
Tl205_g0u0300,81,205,g0u0300,Q13-R14,88457.806873,36257199744765.820312
Tl205_g0u0300,81,205,g0u0300,Q13-R15,88684.554144,3327509055150290.000000
Tl205_g0u0350,81,205,g0u0350,K1-L2,5721853.645341,1708605849553744384.000000
Tl205_g0u0350,81,205,g0u0350,K1-L3,5901633.070766,1871855197501075968.000000
Tl205_g0u0350,81,205,g0u0350,L2-M4,2585678.779317,484524362851208896.000000
Tl205_g0u0350,81,205,g0u0350,L3-M4,2405899.353893,86299843038854144.000000
Tl205_g0u0350,81,205,g0u0350,L3-M5,2446650.755814,537188496180092992.000000
Tl205_g0u0350,81,205,g0u0350,M4-N6,947257.190669,120401457280871888.000000
Tl205_g0u0350,81,205,g0u0350,M5-N6,906505.788748,8037934520106275.000000
Tl205_g0u0350,81,205,g0u0350,M5-N7,915235.151443,123644246351242576.000000
Tl205_g0u0350,81,205,g0u0350,N6-O8,426957.833070,37508816192243840.000000
Tl205_g0u0350,81,205,g0u0350,N7-O8,418228.470375,1337974145564428.750000
Tl205_g0u0350,81,205,g0u0350,N7-O9,420871.118001,38167488894465008.000000
Tl205_g0u0350,81,205,g0u0350,O8-P10,229261.715348,14550321171987884.000000
Tl205_g0u0350,81,205,g0u0350,O9-P10,226619.067722,322887542588108.937500
Tl205_g0u0350,81,205,g0u0350,O9-P11,227630.486353,14734069450778162.000000
Tl205_g0u0350,81,205,g0u0350,P10-Q12,137444.536608,6563738492609720.000000
Tl205_g0u0350,81,205,g0u0350,P11-Q12,136433.117977,99319684316052.984375
Tl205_g0u0350,81,205,g0u0350,P11-Q13,136885.861700,6625855962312774.000000
Tl205_g0u0350,81,205,g0u0350,Q12-R14,88910.554339,3303267531331027.000000
Tl205_g0u0350,81,205,g0u0350,Q13-R14,88457.810616,36257201152380.390625
Tl205_g0u0350,81,205,g0u0350,Q13-R15,88684.557906,3327509451710290.000000
Tl205_g0u0400,81,205,g0u0400,K1-L2,5721857.139552,1708607685094050560.000000
Tl205_g0u0400,81,205,g0u0400,K1-L3,5901636.759845,1871857056288608768.000000
Tl205_g0u0400,81,205,g0u0400,L2-M4,2585679.602097,484524552019122752.000000
Tl205_g0u0400,81,205,g0u0400,L3-M4,2405899.981804,86299871625318896.000000
Tl205_g0u0400,81,205,g0u0400,L3-M5,2446651.394402,537188615808051648.000000
Tl205_g0u0400,81,205,g0u0400,M4-N6,947257.244469,120401461290433840.000000
Tl205_g0u0400,81,205,g0u0400,M5-N6,906505.831871,8037934788374878.000000
Tl205_g0u0400,81,205,g0u0400,M5-N7,915235.195263,123644250739537200.000000
Tl205_g0u0400,81,205,g0u0400,N6-O8,426957.849088,37508817532217384.000000
Tl205_g0u0400,81,205,g0u0400,N7-O8,418228.485697,1337974283390958.500000
Tl205_g0u0400,81,205,g0u0400,N7-O9,420871.133514,38167490259101728.000000
Tl205_g0u0400,81,205,g0u0400,O8-P10,229261.723446,14550321661361836.000000
Tl205_g0u0400,81,205,g0u0400,O9-P10,226619.075628,322887553169431.937500
Tl205_g0u0400,81,205,g0u0400,O9-P11,227630.494328,14734069946122482.000000
Tl205_g0u0400,81,205,g0u0400,P10-Q12,137444.541113,6563739370728811.000000
Tl205_g0u0400,81,205,g0u0400,P11-Q12,136433.122413,99319697719124.187500
Tl205_g0u0400,81,205,g0u0400,P11-Q13,136885.866165,6625856166480549.000000
Tl205_g0u0400,81,205,g0u0400,Q12-R14,88910.556977,3303267622070861.500000
Tl205_g0u0400,81,205,g0u0400,Q13-R14,88457.813225,36257205058470.703125
Tl205_g0u0400,81,205,g0u0400,Q13-R15,88684.560527,3327509543055200.500000
Tl205_g0u0450,81,205,g0u0450,K1-L2,5721859.535556,1708608878079434496.000000
Tl205_g0u0450,81,205,g0u0450,K1-L3,5901639.289613,1871858487021049600.000000
Tl205_g0u0450,81,205,g0u0450,L2-M4,2585680.169585,484524693182000192.000000
Tl205_g0u0450,81,205,g0u0450,L3-M4,2405900.415528,86299890891675280.000000
Tl205_g0u0450,81,205,g0u0450,L3-M5,2446651.835578,537188728217798784.000000
Tl205_g0u0450,81,205,g0u0450,M4-N6,947257.283002,120401478431426448.000000
Tl205_g0u0450,81,205,g0u0450,M5-N6,906505.862952,8037934984767127.000000
Tl205_g0u0450,81,205,g0u0450,M5-N7,915235.226851,123644268872062448.000000
Tl205_g0u0450,81,205,g0u0450,N6-O8,426957.860774,37508820981814488.000000
Tl205_g0u0450,81,205,g0u0450,N7-O8,418228.496875,1337974317034332.750000
Tl205_g0u0450,81,205,g0u0450,N7-O9,420871.144833,38167493793212360.000000
Tl205_g0u0450,81,205,g0u0450,O8-P10,229261.729355,14550322914615496.000000
Tl205_g0u0450,81,205,g0u0450,O9-P10,226619.081397,322887560890463.375000
Tl205_g0u0450,81,205,g0u0450,O9-P11,227630.500148,14734070307567472.000000
Tl205_g0u0450,81,205,g0u0450,P10-Q12,137444.544401,6563739518403614.000000
Tl205_g0u0450,81,205,g0u0450,P11-Q12,136433.125651,99319699910851.078125
Tl205_g0u0450,81,205,g0u0450,P11-Q13,136885.869423,6625856999209729.000000
Tl205_g0u0450,81,205,g0u0450,Q12-R14,88910.558901,3303267688283035.500000
Tl205_g0u0450,81,205,g0u0450,Q13-R14,88457.815129,36257205774412.460938
Tl205_g0u0450,81,205,g0u0450,Q13-R15,88684.562441,3327509609710655.000000
Tl205_g0u0500,81,205,g0u0500,K1-L2,5721861.250403,1708609790163678976.000000
Tl205_g0u0500,81,205,g0u0500,K1-L3,5901641.100286,1871859473769558016.000000
Tl205_g0u0500,81,205,g0u0500,L2-M4,2585680.577872,484524788717182400.000000
Tl205_g0u0500,81,205,g0u0500,L3-M4,2405900.727989,86299909481920800.000000
Tl205_g0u0500,81,205,g0u0500,L3-M5,2446652.153458,537188835919779392.000000
Tl205_g0u0500,81,205,g0u0500,M4-N6,947257.311671,120401480672191152.000000
Tl205_g0u0500,81,205,g0u0500,M5-N6,906505.886202,8037935133652846.000000
Tl205_g0u0500,81,205,g0u0500,M5-N7,915235.250482,123644271306492736.000000
Tl205_g0u0500,81,205,g0u0500,N6-O8,426957.869606,37508821721081192.000000
Tl205_g0u0500,81,205,g0u0500,N7-O8,418228.505326,1337974434190192.000000
Tl205_g0u0500,81,205,g0u0500,N7-O9,420871.153389,38167494546040544.000000
Tl205_g0u0500,81,205,g0u0500,O8-P10,229261.733822,14550323184585228.000000
Tl205_g0u0500,81,205,g0u0500,O9-P10,226619.085759,322887607491798.812500
Tl205_g0u0500,81,205,g0u0500,O9-P11,227630.504547,14734072403614790.000000
Tl205_g0u0500,81,205,g0u0500,P10-Q12,137444.546887,6563739630049066.000000
Tl205_g0u0500,81,205,g0u0500,P11-Q12,136433.128098,99319701567844.171875
Tl205_g0u0500,81,205,g0u0500,P11-Q13,136885.871886,6625857111842435.000000
Tl205_g0u0500,81,205,g0u0500,Q12-R14,88910.560356,3303268001541408.500000
Tl205_g0u0500,81,205,g0u0500,Q13-R14,88457.816568,36257206315696.226562
Tl205_g0u0500,81,205,g0u0500,Q13-R15,88684.563887,3327509660102261.500000
Tl205_g0u0550,81,205,g0u0550,K1-L2,5721862.520256,1708610471130459904.000000
Tl205_g0u0550,81,205,g0u0550,K1-L3,5901642.441158,1871860339004483328.000000
Tl205_g0u0550,81,205,g0u0550,L2-M4,2585680.881658,484524798843654784.000000
Tl205_g0u0550,81,205,g0u0550,L3-M4,2405900.960755,86299919326142416.000000
Tl205_g0u0550,81,205,g0u0550,L3-M5,2446652.390296,537188893583175360.000000
Tl205_g0u0550,81,205,g0u0550,M4-N6,947257.333658,120401482423545440.000000
Tl205_g0u0550,81,205,g0u0550,M5-N6,906505.904117,8037936269888968.000000
Tl205_g0u0550,81,205,g0u0550,M5-N7,915235.268693,123644273203846560.000000
Tl205_g0u0550,81,205,g0u0550,N6-O8,426957.876473,37508822296010656.000000
Tl205_g0u0550,81,205,g0u0550,N7-O8,418228.511897,1337974453970781.000000
Tl205_g0u0550,81,205,g0u0550,N7-O9,420871.160042,38167495131502288.000000
Tl205_g0u0550,81,205,g0u0550,O8-P10,229261.737296,14550323394531380.000000
Tl205_g0u0550,81,205,g0u0550,O9-P10,226619.089150,322887612031295.250000
Tl205_g0u0550,81,205,g0u0550,O9-P11,227630.507969,14734072616118090.000000
Tl205_g0u0550,81,205,g0u0550,P10-Q12,137444.548819,6563739716871335.000000
Tl205_g0u0550,81,205,g0u0550,P11-Q12,136433.130001,99319702856423.312500
Tl205_g0u0550,81,205,g0u0550,P11-Q13,136885.873801,6625857199434077.000000
Tl205_g0u0550,81,205,g0u0550,Q12-R14,88910.561488,3303268040470988.500000
Tl205_g0u0550,81,205,g0u0550,Q13-R14,88457.817687,36257206736635.140625
Tl205_g0u0550,81,205,g0u0550,Q13-R15,88684.565012,3327509964802562.500000
Tl205_g0u0600,81,205,g0u0600,K1-L2,5721863.487039,1708610950938414848.000000
Tl205_g0u0600,81,205,g0u0600,K1-L3,5901643.462054,1871860733981898496.000000
Tl205_g0u0600,81,205,g0u0600,L2-M4,2585681.113966,484524848025921472.000000
Tl205_g0u0600,81,205,g0u0600,L3-M4,2405901.138951,86299928843110832.000000
Tl205_g0u0600,81,205,g0u0600,L3-M5,2446652.571635,537188948970168064.000000
Tl205_g0u0600,81,205,g0u0600,M4-N6,947257.350942,120401483823369360.000000
Tl205_g0u0600,81,205,g0u0600,M5-N6,906505.918258,8037936362438960.000000
Tl205_g0u0600,81,205,g0u0600,M5-N7,915235.283070,123644274716668128.000000
Tl205_g0u0600,81,205,g0u0600,N6-O8,426957.881938,37508822753563048.000000
Tl205_g0u0600,81,205,g0u0600,N7-O8,418228.517126,1337974469712631.250000
Tl205_g0u0600,81,205,g0u0600,N7-O9,420871.165336,38167495597426760.000000
Tl205_g0u0600,81,205,g0u0600,O8-P10,229261.740060,14550323561606452.000000
Tl205_g0u0600,81,205,g0u0600,O9-P10,226619.091850,322887615643816.937500
Tl205_g0u0600,81,205,g0u0600,O9-P11,227630.510692,14734072785233544.000000
Tl205_g0u0600,81,205,g0u0600,P10-Q12,137444.550358,6563739785967926.000000
Tl205_g0u0600,81,205,g0u0600,P11-Q12,136433.131516,99319703881923.984375
Tl205_g0u0600,81,205,g0u0600,P11-Q13,136885.875326,6625857269139374.000000
Tl205_g0u0600,81,205,g0u0600,Q12-R14,88910.562388,3303268071451833.500000
Tl205_g0u0600,81,205,g0u0600,Q13-R14,88457.818578,36257209996562.304688
Tl205_g0u0600,81,205,g0u0600,Q13-R15,88684.565907,3327509995990166.000000
Tl205_g0u0700,81,205,g0u0700,K1-L2,5721864.838569,1708611513171430400.000000
Tl205_g0u0700,81,205,g0u0700,K1-L3,5901644.889309,1871861493678244608.000000
Tl205_g0u0700,81,205,g0u0700,L2-M4,2585681.440635,484524942106983872.000000
Tl205_g0u0700,81,205,g0u0700,L3-M4,2405901.389895,86299938935600624.000000
Tl205_g0u0700,81,205,g0u0700,L3-M5,2446652.827052,537189008349760512.000000
Tl205_g0u0700,81,205,g0u0700,M4-N6,947257.376133,120401485906200512.000000
Tl205_g0u0700,81,205,g0u0700,M5-N6,906505.938976,8037936499761369.000000
Tl205_g0u0700,81,205,g0u0700,M5-N7,915235.304135,123644276960951840.000000
Tl205_g0u0700,81,205,g0u0700,N6-O8,426957.890023,37508825902564512.000000
Tl205_g0u0700,81,205,g0u0700,N7-O8,418228.524864,1337974493011186.750000
Tl205_g0u0700,81,205,g0u0700,N7-O9,420871.173172,38167498825346160.000000
Tl205_g0u0700,81,205,g0u0700,O8-P10,229261.744152,14550323808885664.000000
Tl205_g0u0700,81,205,g0u0700,O9-P10,226619.095845,322887620990531.687500
Tl205_g0u0700,81,205,g0u0700,O9-P11,227630.514722,14734073035526118.000000
Tl205_g0u0700,81,205,g0u0700,P10-Q12,137444.552634,6563739888230501.000000
Tl205_g0u0700,81,205,g0u0700,P11-Q12,136433.133757,99319705399663.359375
Tl205_g0u0700,81,205,g0u0700,P11-Q13,136885.877582,6625857372307711.000000
Tl205_g0u0700,81,205,g0u0700,Q12-R14,88910.563721,3303268117305695.500000
Tl205_g0u0700,81,205,g0u0700,Q13-R14,88457.819897,36257210492369.203125
Tl205_g0u0700,81,205,g0u0700,Q13-R15,88684.567232,3327510042150122.000000
Tl205_g0u0800,81,205,g0u0800,K1-L2,5721865.717843,1708612111975821056.000000
Tl205_g0u0800,81,205,g0u0800,K1-L3,5901645.817915,1871862123831125760.000000
Tl205_g0u0800,81,205,g0u0800,L2-M4,2585681.654752,484524991350674112.000000
Tl205_g0u0800,81,205,g0u0800,L3-M4,2405901.554681,86299948467628304.000000
Tl205_g0u0800,81,205,g0u0800,L3-M5,2446652.994814,537189063834313152.000000
Tl205_g0u0800,81,205,g0u0800,M4-N6,947257.393388,120401501562138304.000000
Tl205_g0u0800,81,205,g0u0800,M5-N6,906505.953255,8037936595805749.000000
Tl205_g0u0800,81,205,g0u0800,M5-N7,915235.318655,123644278530294624.000000
Tl205_g0u0800,81,205,g0u0800,N6-O8,426957.895661,37508826374854560.000000
Tl205_g0u0800,81,205,g0u0800,N7-O8,418228.530260,1337974509259164.250000
Tl205_g0u0800,81,205,g0u0800,N7-O9,420871.178635,38167499306258968.000000
Tl205_g0u0800,81,205,g0u0800,O8-P10,229261.747005,14550323981331392.000000
Tl205_g0u0800,81,205,g0u0800,O9-P10,226619.098631,322887624719190.562500
Tl205_g0u0800,81,205,g0u0800,O9-P11,227630.517532,14734073210077998.000000
Tl205_g0u0800,81,205,g0u0800,P10-Q12,137444.554222,6563739959548402.000000
Tl205_g0u0800,81,205,g0u0800,P11-Q12,136433.135321,99319716857597.046875
Tl205_g0u0800,81,205,g0u0800,P11-Q13,136885.879155,6625857444257402.000000
Tl205_g0u0800,81,205,g0u0800,Q12-R14,88910.564651,3303268149283133.000000
Tl205_g0u0800,81,205,g0u0800,Q13-R14,88457.820816,36257210838137.640625
Tl205_g0u0800,81,205,g0u0800,Q13-R15,88684.568156,3327510074340856.000000
Tl205_g0u0900,81,205,g0u0900,K1-L2,5721866.322207,1708612378379371520.000000
Tl205_g0u0900,81,205,g0u0900,K1-L3,5901646.456227,1871862420175952896.000000
Tl205_g0u0900,81,205,g0u0900,L2-M4,2585681.802940,484524997164562752.000000
Tl205_g0u0900,81,205,g0u0900,L3-M4,2405901.668920,86299949370589136.000000
Tl205_g0u0900,81,205,g0u0900,L3-M5,2446653.111142,537189070098684608.000000
Tl205_g0u0900,81,205,g0u0900,M4-N6,947257.405799,120401502634178704.000000
Tl205_g0u0900,81,205,g0u0900,M5-N6,906505.963577,8037936666080942.000000
Tl205_g0u0900,81,205,g0u0900,M5-N7,915235.329153,123644294599086496.000000
Tl205_g0u0900,81,205,g0u0900,N6-O8,426957.899775,37508826719629696.000000
Tl205_g0u0900,81,205,g0u0900,N7-O8,418228.534199,1337974612840716.500000
Tl205_g0u0900,81,205,g0u0900,N7-O9,420871.182623,38167499657311440.000000
Tl205_g0u0900,81,205,g0u0900,O8-P10,229261.749088,14550324107216584.000000
Tl205_g0u0900,81,205,g0u0900,O9-P10,226619.100664,322887627441092.312500
Tl205_g0u0900,81,205,g0u0900,O9-P11,227630.519583,14734073337493252.000000
Tl205_g0u0900,81,205,g0u0900,P10-Q12,137444.555381,6563740011606345.000000
Tl205_g0u0900,81,205,g0u0900,P11-Q12,136433.136462,99319717630214.187500
Tl205_g0u0900,81,205,g0u0900,P11-Q13,136885.880304,6625857496778075.000000
Tl205_g0u0900,81,205,g0u0900,Q12-R14,88910.565329,3303268172625839.000000
Tl205_g0u0900,81,205,g0u0900,Q13-R14,88457.821487,36257211090540.296875
Tl205_g0u0900,81,205,g0u0900,Q13-R15,88684.568830,3327510097840193.000000
Tl205_g0u1000,81,205,g0u1000,K1-L2,5721866.762438,1708612610535672832.000000
Tl205_g0u1000,81,205,g0u1000,K1-L3,5901646.921355,1871862672340828416.000000
Tl205_g0u1000,81,205,g0u1000,L2-M4,2585681.913072,484525042789330624.000000
Tl205_g0u1000,81,205,g0u1000,L3-M4,2405901.754155,86299958342350272.000000
Tl205_g0u1000,81,205,g0u1000,L3-M5,2446653.197944,537189121690083456.000000
Tl205_g0u1000,81,205,g0u1000,M4-N6,947257.415177,120401503445274352.000000
Tl205_g0u1000,81,205,g0u1000,M5-N6,906505.971388,8037936719225046.000000
Tl205_g0u1000,81,205,g0u1000,M5-N7,915235.337097,123644295467323584.000000
Tl205_g0u1000,81,205,g0u1000,N6-O8,426957.902887,37508826980365744.000000
Tl205_g0u1000,81,205,g0u1000,N7-O8,418228.537178,1337974621810527.250000
Tl205_g0u1000,81,205,g0u1000,N7-O9,420871.185639,38167499922798216.000000
Tl205_g0u1000,81,205,g0u1000,O8-P10,229261.750663,14550324202413720.000000
Tl205_g0u1000,81,205,g0u1000,O9-P10,226619.102202,322887629499462.875000
Tl205_g0u1000,81,205,g0u1000,O9-P11,227630.521135,14734073433852106.000000
Tl205_g0u1000,81,205,g0u1000,P10-Q12,137444.556257,6563740050977479.000000
Tl205_g0u1000,81,205,g0u1000,P11-Q12,136433.137325,99319718214544.578125
Tl205_g0u1000,81,205,g0u1000,P11-Q13,136885.881172,6625857536495645.000000
Tl205_g0u1000,81,205,g0u1000,Q12-R14,88910.565842,3303268190281028.000000
Tl205_g0u1000,81,205,g0u1000,Q13-R14,88457.821995,36257211281440.773438
Tl205_g0u1000,81,205,g0u1000,Q13-R15,88684.569340,3327510115612880.000000
Tl205_g0u1100,81,205,g0u1100,K1-L2,5721867.124017,1708612828779065088.000000
Tl205_g0u1100,81,205,g0u1100,K1-L3,5901647.303970,1871862906667222784.000000
Tl205_g0u1100,81,205,g0u1100,L2-M4,2585682.009805,484525046494771200.000000
Tl205_g0u1100,81,205,g0u1100,L3-M4,2405901.829853,86299958910098560.000000
Tl205_g0u1100,81,205,g0u1100,L3-M5,2446653.275010,537189125620356032.000000
Tl205_g0u1100,81,205,g0u1100,M4-N6,947257.422856,120401504065855104.000000
Tl205_g0u1100,81,205,g0u1100,M5-N6,906505.977699,8037936760195455.000000
Tl205_g0u1100,81,205,g0u1100,M5-N7,915235.343513,123644296137087936.000000
Tl205_g0u1100,81,205,g0u1100,N6-O8,426957.905309,37508827183146840.000000
Tl205_g0u1100,81,205,g0u1100,N7-O8,418228.539495,1337974628787253.250000
Tl205_g0u1100,81,205,g0u1100,N7-O9,420871.187986,38167500129294320.000000
Tl205_g0u1100,81,205,g0u1100,O8-P10,229261.751889,14550326068795336.000000
Tl205_g0u1100,81,205,g0u1100,O9-P10,226619.103399,322887631100611.687500
Tl205_g0u1100,81,205,g0u1100,O9-P11,227630.522342,14734073508807496.000000
Tl205_g0u1100,81,205,g0u1100,P10-Q12,137444.556939,6563740081602173.000000
Tl205_g0u1100,81,205,g0u1100,P11-Q12,136433.137996,99319718669064.953125
Tl205_g0u1100,81,205,g0u1100,P11-Q13,136885.881848,6625857567390520.000000
Tl205_g0u1100,81,205,g0u1100,Q12-R14,88910.566242,3303268204012047.000000
Tl205_g0u1100,81,205,g0u1100,Q13-R14,88457.822390,36257211429910.531250
Tl205_g0u1100,81,205,g0u1100,Q13-R15,88684.569737,3327510129434832.000000
Tl205_g0u1200,81,205,g0u1200,K1-L2,5721866.162228,1708612221448594688.000000
Tl205_g0u1200,81,205,g0u1200,K1-L3,5901646.264119,1871862211859424768.000000
Tl205_g0u1200,81,205,g0u1200,L2-M4,2585681.517424,484524954102959808.000000
Tl205_g0u1200,81,205,g0u1200,L3-M4,2405901.415533,86299941110945056.000000
Tl205_g0u1200,81,205,g0u1200,L3-M5,2446652.854278,537189023730866624.000000
Tl205_g0u1200,81,205,g0u1200,M4-N6,947257.409460,120401505081831872.000000
Tl205_g0u1200,81,205,g0u1200,M5-N6,906505.970716,8037936811419355.000000
Tl205_g0u1200,81,205,g0u1200,M5-N7,915235.336558,123644296953063472.000000
Tl205_g0u1200,81,205,g0u1200,N6-O8,426957.907132,37508827346459600.000000
Tl205_g0u1200,81,205,g0u1200,N7-O8,418228.541290,1337974634370758.750000
Tl205_g0u1200,81,205,g0u1200,N7-O9,420871.189803,38167500294513632.000000
Tl205_g0u1200,81,205,g0u1200,O8-P10,229261.752864,14550326127740946.000000
Tl205_g0u1200,81,205,g0u1200,O9-P10,226619.104351,322887632375113.125000
Tl205_g0u1200,81,205,g0u1200,O9-P11,227630.523302,14734073568470456.000000
Tl205_g0u1200,81,205,g0u1200,P10-Q12,137444.557482,6563740105980553.000000
Tl205_g0u1200,81,205,g0u1200,P11-Q12,136433.138530,99319719030878.281250
Tl205_g0u1200,81,205,g0u1200,P11-Q13,136885.882386,6625858275732554.000000
Tl205_g0u1200,81,205,g0u1200,Q12-R14,88910.566559,3303268478141366.000000
Tl205_g0u1200,81,205,g0u1200,Q13-R14,88457.822704,36257211548100.882812
Tl205_g0u1200,81,205,g0u1200,Q13-R15,88684.570053,3327510140440221.000000
Tl205_g0u1300,81,205,g0u1300,K1-L2,5721837.127731,1708593976860140288.000000
Tl205_g0u1300,81,205,g0u1300,K1-L3,5901614.984761,1871840903937478144.000000
Tl205_g0u1300,81,205,g0u1300,L2-M4,2585667.767424,484522155961660224.000000
Tl205_g0u1300,81,205,g0u1300,L3-M4,2405889.910393,86299476021828960.000000
Tl205_g0u1300,81,205,g0u1300,L3-M5,2446641.165794,537186348432405568.000000
Tl205_g0u1300,81,205,g0u1300,M4-N6,947256.929769,120401447406415200.000000
Tl205_g0u1300,81,205,g0u1300,M5-N6,906505.674367,8037934240240433.000000
Tl205_g0u1300,81,205,g0u1300,M5-N7,915235.038906,123644259657710736.000000
Tl205_g0u1300,81,205,g0u1300,N6-O8,426957.906028,37508827525686248.000000
Tl205_g0u1300,81,205,g0u1300,N7-O8,418228.541490,1337974639649459.000000
Tl205_g0u1300,81,205,g0u1300,N7-O9,420871.190019,38167500449748728.000000
Tl205_g0u1300,81,205,g0u1300,O8-P10,229261.753650,14550326175622498.000000
Tl205_g0u1300,81,205,g0u1300,O9-P10,226619.105121,322887633409624.687500
Tl205_g0u1300,81,205,g0u1300,O9-P11,227630.524080,14734073616899570.000000
Tl205_g0u1300,81,205,g0u1300,P10-Q12,137444.557922,6563740125757871.000000
Tl205_g0u1300,81,205,g0u1300,P11-Q12,136433.138964,99319719324404.984375
Tl205_g0u1300,81,205,g0u1300,P11-Q13,136885.882822,6625858295683744.000000
Tl205_g0u1300,81,205,g0u1300,Q12-R14,88910.566817,3303268487009535.500000
Tl205_g0u1300,81,205,g0u1300,Q13-R14,88457.822959,36257211643989.085938
Tl205_g0u1300,81,205,g0u1300,Q13-R15,88684.570309,3327510149367455.500000
Tl205_g0u1400,81,205,g0u1400,K1-L2,5722047.640314,1708725184487859456.000000
Tl205_g0u1400,81,205,g0u1400,K1-L3,5901841.628807,1871994024017831936.000000
Tl205_g0u1400,81,205,g0u1400,L2-M4,2585765.605764,484542138023352704.000000
Tl205_g0u1400,81,205,g0u1400,L3-M4,2405971.617270,86302745267244432.000000
Tl205_g0u1400,81,205,g0u1400,L3-M5,2446724.168711,537205432606245632.000000
Tl205_g0u1400,81,205,g0u1400,M4-N6,947260.316326,120401783201036656.000000
Tl205_g0u1400,81,205,g0u1400,M5-N6,906507.764886,8037949904416437.000000
Tl205_g0u1400,81,205,g0u1400,M5-N7,915237.138974,123644494405531824.000000
Tl205_g0u1400,81,205,g0u1400,N6-O8,426957.925649,37508829773426152.000000
Tl205_g0u1400,81,205,g0u1400,N7-O8,418228.551561,1337974638089118.250000
Tl205_g0u1400,81,205,g0u1400,N7-O9,420871.200126,38167502948736752.000000
Tl205_g0u1400,81,205,g0u1400,O8-P10,229261.754336,14550326214664208.000000
Tl205_g0u1400,81,205,g0u1400,O9-P10,226619.105771,322887634259148.125000
Tl205_g0u1400,81,205,g0u1400,O9-P11,227630.524735,14734073656673544.000000
Tl205_g0u1400,81,205,g0u1400,P10-Q12,137444.558285,6563740142067689.000000
Tl205_g0u1400,81,205,g0u1400,P11-Q12,136433.139321,99319719566471.078125
Tl205_g0u1400,81,205,g0u1400,P11-Q13,136885.883182,6625858312138785.000000
Tl205_g0u1400,81,205,g0u1400,Q12-R14,88910.567030,3303268494323854.000000
Tl205_g0u1400,81,205,g0u1400,Q13-R14,88457.823169,36257211723079.695312
Tl205_g0u1400,81,205,g0u1400,Q13-R15,88684.570520,3327510156729282.000000
Tl205_g2u1000,81,205,g2u1000,K1-L2,5721883.220266,1708621701817272064.000000
Tl205_g2u1000,81,205,g2u1000,K1-L3,5901664.388252,1871872298570462464.000000
Tl205_g2u1000,81,205,g2u1000,L2-M4,2585686.667200,484525959656975808.000000
Tl205_g2u1000,81,205,g2u1000,L3-M4,2405905.499215,86300113735200432.000000
Tl205_g2u1000,81,205,g2u1000,L3-M5,2446656.998809,537189881074795200.000000
Tl205_g2u1000,81,205,g2u1000,M4-N6,947257.545766,120401509881453072.000000
Tl205_g2u1000,81,205,g2u1000,M5-N6,906506.046172,8037938551481911.000000
Tl205_g2u1000,81,205,g2u1000,M5-N7,915235.412231,123644279989865520.000000
Tl205_g2u1000,81,205,g2u1000,N6-O8,426957.900763,37508826154187480.000000
Tl205_g2u1000,81,205,g2u1000,N7-O8,418228.534703,1337974699211831.750000
Tl205_g2u1000,81,205,g2u1000,N7-O9,420871.183221,38167498073689376.000000
Tl205_g2u1000,81,205,g2u1000,O8-P10,229261.749121,14550324002471278.000000
Tl205_g2u1000,81,205,g2u1000,O9-P10,226619.100602,322887667188294.625000
Tl205_g2u1000,81,205,g2u1000,O9-P11,227630.519582,14734072800180106.000000
Tl205_g2u1000,81,205,g2u1000,P10-Q12,137444.555399,6563739994184604.000000
Tl205_g2u1000,81,205,g2u1000,P11-Q12,136433.136419,99319724180560.484375
Tl205_g2u1000,81,205,g2u1000,P11-Q13,136885.880340,6625857349027042.000000
Tl205_g2u1000,81,205,g2u1000,Q12-R14,88910.565173,3303268151712079.000000
Tl205_g2u1000,81,205,g2u1000,Q13-R14,88457.821252,36257212186216.679688
Tl205_g2u1000,81,205,g2u1000,Q13-R15,88684.568664,3327510049597625.500000
Pb208_g0u0050,82,208,g0u0050,K1-L2,5778423.295014,1748222181187171328.000000
Pb208_g0u0050,82,208,g0u0050,K1-L3,5963136.954081,1919680729091831296.000000
Pb208_g0u0050,82,208,g0u0050,L2-M4,2641640.462561,507223180543694976.000000
Pb208_g0u0050,82,208,g0u0050,L3-M4,2456926.803494,90183311318518144.000000
Pb208_g0u0050,82,208,g0u0050,L3-M5,2499661.863476,562070545092852352.000000
Pb208_g0u0050,82,208,g0u0050,M4-N6,971808.853972,126566231287314144.000000
Pb208_g0u0050,82,208,g0u0050,M5-N6,929073.793990,8435927797062207.000000
Pb208_g0u0050,82,208,g0u0050,M5-N7,938249.024228,129850200156715248.000000
Pb208_g0u0050,82,208,g0u0050,N6-O8,437841.497996,39416373229212400.000000
Pb208_g0u0050,82,208,g0u0050,N7-O8,428666.267758,1404697277493355.500000
Pb208_g0u0050,82,208,g0u0050,N7-O9,431443.182730,40089639154399880.000000
Pb208_g0u0050,82,208,g0u0050,O8-P10,235044.022934,15287070532160924.000000
Pb208_g0u0050,82,208,g0u0050,O9-P10,232267.107962,339034425270247.000000
Pb208_g0u0050,82,208,g0u0050,O9-P11,233329.754476,15476294693236914.000000
Pb208_g0u0050,82,208,g0u0050,P10-Q12,140893.589379,6895389971768738.000000
Pb208_g0u0050,82,208,g0u0050,P11-Q12,139830.942865,104294893972057.437500
Pb208_g0u0050,82,208,g0u0050,P11-Q13,140306.577265,6959632044321040.000000
Pb208_g0u0050,82,208,g0u0050,Q12-R14,91135.428940,3469975246899886.500000
Pb208_g0u0050,82,208,g0u0050,Q13-R14,90659.794540,38075404518135.984375
Pb208_g0u0050,82,208,g0u0050,Q13-R15,90897.993116,3495114737179615.500000
Pb208_g0u0100,82,208,g0u0100,K1-L2,5779069.723885,1748554400100629248.000000
Pb208_g0u0100,82,208,g0u0100,K1-L3,5963819.508637,1920051974366034944.000000
Pb208_g0u0100,82,208,g0u0100,L2-M4,2641779.759013,507249989373735808.000000
Pb208_g0u0100,82,208,g0u0100,L3-M4,2457029.974262,90187268735461776.000000
Pb208_g0u0100,82,208,g0u0100,L3-M5,2499766.492417,562093470353289856.000000
Pb208_g0u0100,82,208,g0u0100,M4-N6,971813.061665,126567022483656384.000000
Pb208_g0u0100,82,208,g0u0100,M5-N6,929076.543510,8435972127647008.000000
Pb208_g0u0100,82,208,g0u0100,M5-N7,938251.819888,129850897373846432.000000
Pb208_g0u0100,82,208,g0u0100,N6-O8,437842.618225,39416568697902752.000000
Pb208_g0u0100,82,208,g0u0100,N7-O8,428667.341847,1404704166282594.750000
Pb208_g0u0100,82,208,g0u0100,N7-O9,431444.270637,40089836276519864.000000
Pb208_g0u0100,82,208,g0u0100,O8-P10,235044.590235,15287141416751306.000000
Pb208_g0u0100,82,208,g0u0100,O9-P10,232267.661445,339035997193296.875000
Pb208_g0u0100,82,208,g0u0100,O9-P11,233330.312923,15476366601397654.000000
Pb208_g0u0100,82,208,g0u0100,P10-Q12,140893.904778,6895419735232941.000000
Pb208_g0u0100,82,208,g0u0100,P11-Q12,139831.253300,104295343868042.953125
Pb208_g0u0100,82,208,g0u0100,P11-Q13,140306.889751,6959662113264652.000000
Pb208_g0u0100,82,208,g0u0100,Q12-R14,91135.613838,3469988784184478.500000
Pb208_g0u0100,82,208,g0u0100,Q13-R14,90659.977387,38075552952330.421875
Pb208_g0u0100,82,208,g0u0100,Q13-R15,90898.176886,3495128378525879.000000
Pb208_g0u0150,82,208,g0u0150,K1-L2,5779178.884573,1748610554929612032.000000
Pb208_g0u0150,82,208,g0u0150,K1-L3,5963934.768636,1920114699665306880.000000
Pb208_g0u0150,82,208,g0u0150,L2-M4,2641803.949802,507254971184140096.000000
Pb208_g0u0150,82,208,g0u0150,L3-M4,2457048.065739,90188015310780272.000000
Pb208_g0u0150,82,208,g0u0150,L3-M5,2499784.871120,562097831596109568.000000
Pb208_g0u0150,82,208,g0u0150,M4-N6,971814.177013,126567232541468208.000000
Pb208_g0u0150,82,208,g0u0150,M5-N6,929077.371631,8435984512731777.000000
Pb208_g0u0150,82,208,g0u0150,M5-N7,938252.660638,129851086663949584.000000
Pb208_g0u0150,82,208,g0u0150,N6-O8,437842.893446,39416620053489720.000000
Pb208_g0u0150,82,208,g0u0150,N7-O8,428667.604440,1404705819399976.250000
Pb208_g0u0150,82,208,g0u0150,N7-O9,431444.536593,40089883606167096.000000
Pb208_g0u0150,82,208,g0u0150,O8-P10,235044.728973,15287160113462442.000000
Pb208_g0u0150,82,208,g0u0150,O9-P10,232267.796821,339036370788642.937500
Pb208_g0u0150,82,208,g0u0150,O9-P11,233330.449514,15476384637324338.000000
Pb208_g0u0150,82,208,g0u0150,P10-Q12,140893.982046,6895427449486284.000000
Pb208_g0u0150,82,208,g0u0150,P11-Q12,139831.329352,104295460590313.078125
Pb208_g0u0150,82,208,g0u0150,P11-Q13,140306.966306,6959669206763646.000000
Pb208_g0u0150,82,208,g0u0150,Q12-R14,91135.659140,3469992001351088.500000
Pb208_g0u0150,82,208,g0u0150,Q13-R14,90660.022186,38075588213226.617188
Pb208_g0u0150,82,208,g0u0150,Q13-R15,90898.221911,3495131892383099.000000
Pb208_g0u0200,82,208,g0u0200,K1-L2,5779215.392873,1748629447647821312.000000
Pb208_g0u0200,82,208,g0u0200,K1-L3,5963973.343396,1920135932825940992.000000
Pb208_g0u0200,82,208,g0u0200,L2-M4,2641812.444531,507256735927895296.000000
Pb208_g0u0200,82,208,g0u0200,L3-M4,2457054.494008,90188291251379968.000000
Pb208_g0u0200,82,208,g0u0200,L3-M5,2499791.405613,562099382816063040.000000
Pb208_g0u0200,82,208,g0u0200,M4-N6,971814.621373,126567318153087040.000000
Pb208_g0u0200,82,208,g0u0200,M5-N6,929077.709767,8435989023949781.000000
Pb208_g0u0200,82,208,g0u0200,M5-N7,938253.003996,129851156041049136.000000
Pb208_g0u0200,82,208,g0u0200,N6-O8,437843.007821,39416637429548784.000000
Pb208_g0u0200,82,208,g0u0200,N7-O8,428667.713592,1404706625203319.250000
Pb208_g0u0200,82,208,g0u0200,N7-O9,431444.647143,40089903963207912.000000
Pb208_g0u0200,82,208,g0u0200,O8-P10,235044.786692,15287167362737342.000000
Pb208_g0u0200,82,208,g0u0200,O9-P10,232267.853141,339036531557712.625000
Pb208_g0u0200,82,208,g0u0200,O9-P11,233330.506341,15476391057531108.000000
Pb208_g0u0200,82,208,g0u0200,P10-Q12,140894.014193,6895430315417032.000000
Pb208_g0u0200,82,208,g0u0200,P11-Q12,139831.360994,104295493208672.781250
Pb208_g0u0200,82,208,g0u0200,P11-Q13,140306.998157,6959672802421007.000000
Pb208_g0u0200,82,208,g0u0200,Q12-R14,91135.677989,3469993475790892.500000
Pb208_g0u0200,82,208,g0u0200,Q13-R14,90660.040826,38075604394189.257812
Pb208_g0u0200,82,208,g0u0200,Q13-R15,90898.240646,3495133378254105.500000
Pb208_g0u0250,82,208,g0u0250,K1-L2,5779232.047664,1748638162065902336.000000
Pb208_g0u0250,82,208,g0u0250,K1-L3,5963990.945379,1920145684037955840.000000
Pb208_g0u0250,82,208,g0u0250,L2-M4,2641816.397263,507257600826552896.000000
Pb208_g0u0250,82,208,g0u0250,L3-M4,2457057.499549,90188417145791920.000000
Pb208_g0u0250,82,208,g0u0250,L3-M5,2499794.461941,562100162623435712.000000
Pb208_g0u0250,82,208,g0u0250,M4-N6,971814.845210,126567361946213280.000000
Pb208_g0u0250,82,208,g0u0250,M5-N6,929077.882817,8435992119462465.000000
Pb208_g0u0250,82,208,g0u0250,M5-N7,938253.179770,129851203097988032.000000
Pb208_g0u0250,82,208,g0u0250,N6-O8,437843.067879,39416647632646544.000000
Pb208_g0u0250,82,208,g0u0250,N7-O8,428667.770927,1404706895691486.500000
Pb208_g0u0250,82,208,g0u0250,N7-O9,431444.705213,40089914394827200.000000
Pb208_g0u0250,82,208,g0u0250,O8-P10,235044.817018,15287171078241578.000000
Pb208_g0u0250,82,208,g0u0250,O9-P10,232267.882732,339036613904517.312500
Pb208_g0u0250,82,208,g0u0250,O9-P11,233330.536197,15476394826426070.000000
Pb208_g0u0250,82,208,g0u0250,P10-Q12,140894.031084,6895431786041612.000000
Pb208_g0u0250,82,208,g0u0250,P11-Q12,139831.377619,104295515404372.437500
Pb208_g0u0250,82,208,g0u0250,P11-Q13,140307.014892,6959674287952401.000000
Pb208_g0u0250,82,208,g0u0250,Q12-R14,91135.687893,3469994095089508.500000
Pb208_g0u0250,82,208,g0u0250,Q13-R14,90660.050621,38075611168990.460938
Pb208_g0u0250,82,208,g0u0250,Q13-R15,90898.250489,3495134002204254.000000
Pb208_g0u0300,82,208,g0u0300,K1-L2,5779241.047567,1748642739788676608.000000
Pb208_g0u0300,82,208,g0u0300,K1-L3,5964000.458242,1920150952845448192.000000
Pb208_g0u0300,82,208,g0u0300,L2-M4,2641818.556540,507258042607561088.000000
Pb208_g0u0300,82,208,g0u0300,L3-M4,2457059.145865,90188485768063360.000000
Pb208_g0u0300,82,208,g0u0300,L3-M5,2499796.136542,562100562461817472.000000
Pb208_g0u0300,82,208,g0u0300,M4-N6,971814.975142,126567385458557888.000000
Pb208_g0u0300,82,208,g0u0300,M5-N6,929077.984465,8435993772363765.000000
Pb208_g0u0300,82,208,g0u0300,M5-N7,938253.283044,129851213074293200.000000
Pb208_g0u0300,82,208,g0u0300,N6-O8,437843.103935,39416655783784616.000000
Pb208_g0u0300,82,208,g0u0300,N7-O8,428667.805357,1404707095685436.000000
Pb208_g0u0300,82,208,g0u0300,N7-O9,431444.740084,40089922736981824.000000
Pb208_g0u0300,82,208,g0u0300,O8-P10,235044.835232,15287173125089548.000000
Pb208_g0u0300,82,208,g0u0300,O9-P10,232267.900505,339036680045340.625000
Pb208_g0u0300,82,208,g0u0300,O9-P11,233330.554129,15476397835915222.000000
Pb208_g0u0300,82,208,g0u0300,P10-Q12,140894.041229,6895432945881991.000000
Pb208_g0u0300,82,208,g0u0300,P11-Q12,139831.387605,104295532991669.859375
Pb208_g0u0300,82,208,g0u0300,P11-Q13,140307.024943,6959675460002999.000000
Pb208_g0u0300,82,208,g0u0300,Q12-R14,91135.693842,3469994574783124.000000
Pb208_g0u0300,82,208,g0u0300,Q13-R14,90660.056503,38075616435289.398438
Pb208_g0u0300,82,208,g0u0300,Q13-R15,90898.256402,3495134485632217.000000
Pb208_g0u0350,82,208,g0u0350,K1-L2,5779246.463372,1748645575821733376.000000
Pb208_g0u0350,82,208,g0u0350,K1-L3,5964006.183180,1920154043807807488.000000
Pb208_g0u0350,82,208,g0u0350,L2-M4,2641819.866204,507258335630477760.000000
Pb208_g0u0350,82,208,g0u0350,L3-M4,2457060.146396,90188525666356896.000000
Pb208_g0u0350,82,208,g0u0350,L3-M5,2499797.154496,562100795689393600.000000
Pb208_g0u0350,82,208,g0u0350,M4-N6,971815.057967,126567405947132320.000000
Pb208_g0u0350,82,208,g0u0350,M5-N6,929078.049868,8435994172879052.000000
Pb208_g0u0350,82,208,g0u0350,M5-N7,938253.349507,129851234918250544.000000
Pb208_g0u0350,82,208,g0u0350,N6-O8,437843.127557,39416657806963344.000000
Pb208_g0u0350,82,208,g0u0350,N7-O8,428667.827918,1404707259144995.750000
Pb208_g0u0350,82,208,g0u0350,N7-O9,431444.762935,40089927396470384.000000
Pb208_g0u0350,82,208,g0u0350,O8-P10,235044.847169,15287173864800954.000000
Pb208_g0u0350,82,208,g0u0350,O9-P10,232267.912153,339036696019553.500000
Pb208_g0u0350,82,208,g0u0350,O9-P11,233330.565882,15476398584459360.000000
Pb208_g0u0350,82,208,g0u0350,P10-Q12,140894.047878,6895433944656337.000000
Pb208_g0u0350,82,208,g0u0350,P11-Q12,139831.394149,104295537534424.906250
Pb208_g0u0350,82,208,g0u0350,P11-Q13,140307.031531,6959675769024427.000000
Pb208_g0u0350,82,208,g0u0350,Q12-R14,91135.697741,3469994982119240.500000
Pb208_g0u0350,82,208,g0u0350,Q13-R14,90660.060359,38075617922456.218750
Pb208_g0u0350,82,208,g0u0350,Q13-R15,90898.260277,3495134896225991.000000
Pb208_g0u0400,82,208,g0u0400,K1-L2,5779249.976395,1748647446849178880.000000
Pb208_g0u0400,82,208,g0u0400,K1-L3,5964009.896963,1920156079081468928.000000
Pb208_g0u0400,82,208,g0u0400,L2-M4,2641820.721278,507258531703304448.000000
Pb208_g0u0400,82,208,g0u0400,L3-M4,2457060.800710,90188555215485536.000000
Pb208_g0u0400,82,208,g0u0400,L3-M5,2499797.820336,562101015868799296.000000
Pb208_g0u0400,82,208,g0u0400,M4-N6,971815.114383,126567410133914944.000000
Pb208_g0u0400,82,208,g0u0400,M5-N6,929078.094757,8435995498211367.000000
Pb208_g0u0400,82,208,g0u0400,M5-N7,938253.395132,129851254789553200.000000
Pb208_g0u0400,82,208,g0u0400,N6-O8,437843.144017,39416661749452696.000000
Pb208_g0u0400,82,208,g0u0400,N7-O8,428667.843642,1404707307581946.000000
Pb208_g0u0400,82,208,g0u0400,N7-O9,431444.778860,40089928832143608.000000
Pb208_g0u0400,82,208,g0u0400,O8-P10,235044.855490,15287174380387874.000000
Pb208_g0u0400,82,208,g0u0400,O9-P10,232267.920272,339036748921468.187500
Pb208_g0u0400,82,208,g0u0400,O9-P11,233330.574074,15476400973580962.000000
Pb208_g0u0400,82,208,g0u0400,P10-Q12,140894.052513,6895434158194372.000000
Pb208_g0u0400,82,208,g0u0400,P11-Q12,139831.398711,104295551357040.703125
Pb208_g0u0400,82,208,g0u0400,P11-Q13,140307.036123,6959675984417380.000000
Pb208_g0u0400,82,208,g0u0400,Q12-R14,91135.700459,3469995078051546.000000
Pb208_g0u0400,82,208,g0u0400,Q13-R14,90660.063047,38075621956323.468750
Pb208_g0u0400,82,208,g0u0400,Q13-R15,90898.262978,3495134992789571.500000
Pb208_g0u0450,82,208,g0u0450,K1-L2,5779252.385290,1748648663252551424.000000
Pb208_g0u0450,82,208,g0u0450,K1-L3,5964012.443660,1920157543209932288.000000
Pb208_g0u0450,82,208,g0u0450,L2-M4,2641821.310937,507258635713433344.000000
Pb208_g0u0450,82,208,g0u0450,L3-M4,2457061.252567,90188575136580928.000000
Pb208_g0u0450,82,208,g0u0450,L3-M5,2499798.280234,562101132265824704.000000
Pb208_g0u0450,82,208,g0u0450,M4-N6,971815.154754,126567427749530016.000000
Pb208_g0u0450,82,208,g0u0450,M5-N6,929078.127087,8435995703497950.000000
Pb208_g0u0450,82,208,g0u0450,M5-N7,938253.427997,129851258155275600.000000
Pb208_g0u0450,82,208,g0u0450,N6-O8,437843.156024,39416662778566056.000000
Pb208_g0u0450,82,208,g0u0450,N7-O8,428667.855114,1404707436895164.750000
Pb208_g0u0450,82,208,g0u0450,N7-O9,431444.790479,40089932479531872.000000
Pb208_g0u0450,82,208,g0u0450,O8-P10,235044.861561,15287174756608732.000000
Pb208_g0u0450,82,208,g0u0450,O9-P10,232267.926197,339036757046017.875000
Pb208_g0u0450,82,208,g0u0450,O9-P11,233330.580052,15476401354295958.000000
Pb208_g0u0450,82,208,g0u0450,P10-Q12,140894.055895,6895434314011015.000000
Pb208_g0u0450,82,208,g0u0450,P11-Q12,139831.402039,104295553667537.625000
Pb208_g0u0450,82,208,g0u0450,P11-Q13,140307.039474,6959676842150226.000000
Pb208_g0u0450,82,208,g0u0450,Q12-R14,91135.702442,3469995417762394.500000
Pb208_g0u0450,82,208,g0u0450,Q13-R14,90660.065008,38075622712762.656250
Pb208_g0u0450,82,208,g0u0450,Q13-R15,90898.264949,3495135063253929.000000
Pb208_g0u0500,82,208,g0u0500,K1-L2,5779254.109356,1748649592871037184.000000
Pb208_g0u0500,82,208,g0u0500,K1-L3,5964014.266441,1920158553318434560.000000
Pb208_g0u0500,82,208,g0u0500,L2-M4,2641821.735109,507258734727202560.000000
Pb208_g0u0500,82,208,g0u0500,L3-M4,2457061.578023,90188585830330256.000000
Pb208_g0u0500,82,208,g0u0500,L3-M5,2499798.611536,562101195566913152.000000
Pb208_g0u0500,82,208,g0u0500,M4-N6,971815.184768,126567430091571888.000000
Pb208_g0u0500,82,208,g0u0500,M5-N6,929078.151256,8435995859157205.000000
Pb208_g0u0500,82,208,g0u0500,M5-N7,938253.452570,129851260706811664.000000
Pb208_g0u0500,82,208,g0u0500,N6-O8,437843.165100,39416666088853824.000000
Pb208_g0u0500,82,208,g0u0500,N7-O8,428667.863786,1404707463616794.500000
Pb208_g0u0500,82,208,g0u0500,N7-O9,431444.799262,40089933271558792.000000
Pb208_g0u0500,82,208,g0u0500,O8-P10,235044.866152,15287176877463478.000000
Pb208_g0u0500,82,208,g0u0500,O9-P10,232267.930675,339036763188359.812500
Pb208_g0u0500,82,208,g0u0500,O9-P11,233330.584571,15476401642122892.000000
Pb208_g0u0500,82,208,g0u0500,P10-Q12,140894.058452,6895434431815339.000000
Pb208_g0u0500,82,208,g0u0500,P11-Q12,139831.404556,104295555414381.859375
Pb208_g0u0500,82,208,g0u0500,P11-Q13,140307.042007,6959676960978159.000000
Pb208_g0u0500,82,208,g0u0500,Q12-R14,91135.703941,3469995470685229.500000
Pb208_g0u0500,82,208,g0u0500,Q13-R14,90660.066490,38075623284623.914062
Pb208_g0u0500,82,208,g0u0500,Q13-R15,90898.266439,3495135388584495.000000
Pb208_g0u0550,82,208,g0u0550,K1-L2,5779255.386028,1748650286886469632.000000
Pb208_g0u0550,82,208,g0u0550,K1-L3,5964015.616272,1920159306785851392.000000
Pb208_g0u0550,82,208,g0u0550,L2-M4,2641822.050668,507258788165177600.000000
Pb208_g0u0550,82,208,g0u0550,L3-M4,2457061.820424,90188596015170288.000000
Pb208_g0u0550,82,208,g0u0550,L3-M5,2499798.858327,562101255320665728.000000
Pb208_g0u0550,82,208,g0u0550,M4-N6,971815.207771,126567431922766064.000000
Pb208_g0u0550,82,208,g0u0550,M5-N6,929078.169869,8435996503007864.000000
Pb208_g0u0550,82,208,g0u0550,M5-N7,938253.471495,129851262695743920.000000
Pb208_g0u0550,82,208,g0u0550,N6-O8,437843.172156,39416666693950024.000000
Pb208_g0u0550,82,208,g0u0550,N7-O8,428667.870529,1404707578366101.750000
Pb208_g0u0550,82,208,g0u0550,N7-O9,431444.806092,40089933887502040.000000
Pb208_g0u0550,82,208,g0u0550,O8-P10,235044.869721,15287177098656500.000000
Pb208_g0u0550,82,208,g0u0550,O9-P10,232267.934158,339036767965061.375000
Pb208_g0u0550,82,208,g0u0550,O9-P11,233330.588085,15476401865955328.000000
Pb208_g0u0550,82,208,g0u0550,P10-Q12,140894.060440,6895434523425413.000000
Pb208_g0u0550,82,208,g0u0550,P11-Q12,139831.406513,104295556772803.593750
Pb208_g0u0550,82,208,g0u0550,P11-Q13,140307.043977,6959677053386182.000000
Pb208_g0u0550,82,208,g0u0550,Q12-R14,91135.705107,3469995511843888.500000
Pb208_g0u0550,82,208,g0u0550,Q13-R14,90660.067644,38075626726635.218750
Pb208_g0u0550,82,208,g0u0550,Q13-R15,90898.267598,3495135430013051.500000
Pb208_g0u0600,82,208,g0u0600,K1-L2,5779256.357998,1748650776097018368.000000
Pb208_g0u0600,82,208,g0u0600,K1-L3,5964016.643982,1920159843591779840.000000
Pb208_g0u0600,82,208,g0u0600,L2-M4,2641822.291948,507258839208142592.000000
Pb208_g0u0600,82,208,g0u0600,L3-M4,2457062.005964,90188605840151280.000000
Pb208_g0u0600,82,208,g0u0600,L3-M5,2499799.047253,562101264678993536.000000
Pb208_g0u0600,82,208,g0u0600,M4-N6,971815.225843,126567433386862528.000000
Pb208_g0u0600,82,208,g0u0600,M5-N6,929078.184554,8435996599799895.000000
Pb208_g0u0600,82,208,g0u0600,M5-N7,938253.486429,129851264281794864.000000
Pb208_g0u0600,82,208,g0u0600,N6-O8,437843.177771,39416667175514488.000000
Pb208_g0u0600,82,208,g0u0600,N7-O8,428667.875895,1404707594903999.750000
Pb208_g0u0600,82,208,g0u0600,N7-O9,431444.811527,40089934377679904.000000
Pb208_g0u0600,82,208,g0u0600,O8-P10,235044.872562,15287177274682734.000000
Pb208_g0u0600,82,208,g0u0600,O9-P10,232267.936930,339036771766375.062500
Pb208_g0u0600,82,208,g0u0600,O9-P11,233330.590882,15476402044085696.000000
Pb208_g0u0600,82,208,g0u0600,P10-Q12,140894.062022,6895435288749789.000000
Pb208_g0u0600,82,208,g0u0600,P11-Q12,139831.408070,104295557853885.765625
Pb208_g0u0600,82,208,g0u0600,P11-Q13,140307.045544,6959677126923754.000000
Pb208_g0u0600,82,208,g0u0600,Q12-R14,91135.706035,3469995544598105.500000
Pb208_g0u0600,82,208,g0u0600,Q13-R14,90660.068561,38075627080557.671875
Pb208_g0u0600,82,208,g0u0600,Q13-R15,90898.268520,3495135462983406.500000
Pb208_g0u0700,82,208,g0u0700,K1-L2,5779257.716768,1748651488783626752.000000
Pb208_g0u0700,82,208,g0u0700,K1-L3,5964018.080752,1920160621404509952.000000
Pb208_g0u0700,82,208,g0u0700,L2-M4,2641822.631173,507258936507808832.000000
Pb208_g0u0700,82,208,g0u0700,L3-M4,2457062.267189,90188616288547056.000000
Pb208_g0u0700,82,208,g0u0700,L3-M5,2499799.313294,562101374148612416.000000
Pb208_g0u0700,82,208,g0u0700,M4-N6,971815.252162,126567450103472000.000000
Pb208_g0u0700,82,208,g0u0700,M5-N6,929078.206056,8435996743442291.000000
Pb208_g0u0700,82,208,g0u0700,M5-N7,938253.508298,129851281908849200.000000
Pb208_g0u0700,82,208,g0u0700,N6-O8,437843.186078,39416670420496456.000000
Pb208_g0u0700,82,208,g0u0700,N7-O8,428667.883836,1404707619380881.000000
Pb208_g0u0700,82,208,g0u0700,N7-O9,431444.819570,40089935103170656.000000
Pb208_g0u0700,82,208,g0u0700,O8-P10,235044.876766,15287177535208122.000000
Pb208_g0u0700,82,208,g0u0700,O9-P10,232267.941033,339036777392475.437500
Pb208_g0u0700,82,208,g0u0700,O9-P11,233330.595021,15476402307724260.000000
Pb208_g0u0700,82,208,g0u0700,P10-Q12,140894.064364,6895435396652731.000000
Pb208_g0u0700,82,208,g0u0700,P11-Q12,139831.410375,104295570110114.750000
Pb208_g0u0700,82,208,g0u0700,P11-Q13,140307.047865,6959677235765048.000000
Pb208_g0u0700,82,208,g0u0700,Q12-R14,91135.707408,3469995593075882.000000
Pb208_g0u0700,82,208,g0u0700,Q13-R14,90660.069919,38075627604386.929688
Pb208_g0u0700,82,208,g0u0700,Q13-R15,90898.269885,3495135511779804.500000
Pb208_g0u0800,82,208,g0u0800,K1-L2,5779258.600734,1748651959521940480.000000
Pb208_g0u0800,82,208,g0u0800,K1-L3,5964019.015527,1920161265237761792.000000
Pb208_g0u0800,82,208,g0u0800,L2-M4,2641822.853464,507258987567168064.000000
Pb208_g0u0800,82,208,g0u0800,L3-M4,2457062.438671,90188626123561120.000000
Pb208_g0u0800,82,208,g0u0800,L3-M5,2499799.487980,562101383571247424.000000
Pb208_g0u0800,82,208,g0u0800,M4-N6,971815.270174,126567451633212096.000000
Pb208_g0u0800,82,208,g0u0800,M5-N6,929078.220865,8435996843927776.000000
Pb208_g0u0800,82,208,g0u0800,M5-N7,938253.523362,129851283554737216.000000
Pb208_g0u0800,82,208,g0u0800,N6-O8,437843.191870,39416670917579632.000000
Pb208_g0u0800,82,208,g0u0800,N7-O8,428667.889374,1404707636450626.500000
Pb208_g0u0800,82,208,g0u0800,N7-O9,431444.825178,40089935609117376.000000
Pb208_g0u0800,82,208,g0u0800,O8-P10,235044.879698,15287177716891066.000000
Pb208_g0u0800,82,208,g0u0800,O9-P10,232267.943894,339036781315942.312500
Pb208_g0u0800,82,208,g0u0800,O9-P11,233330.597908,15476404358952448.000000
Pb208_g0u0800,82,208,g0u0800,P10-Q12,140894.065997,6895435471899886.000000
Pb208_g0u0800,82,208,g0u0800,P11-Q12,139831.411983,104295571225904.921875
Pb208_g0u0800,82,208,g0u0800,P11-Q13,140307.049483,6959677311668674.000000
Pb208_g0u0800,82,208,g0u0800,Q12-R14,91135.708366,3469995896590667.500000
Pb208_g0u0800,82,208,g0u0800,Q13-R14,90660.070866,38075627969709.757812
Pb208_g0u0800,82,208,g0u0800,Q13-R15,90898.270837,3495135545810123.500000
Pb208_g0u0900,82,208,g0u0900,K1-L2,5779259.208415,1748652231359251456.000000
Pb208_g0u0900,82,208,g0u0900,K1-L3,5964019.658182,1920161569099618816.000000
Pb208_g0u0900,82,208,g0u0900,L2-M4,2641823.007333,507259036144789120.000000
Pb208_g0u0900,82,208,g0u0900,L3-M4,2457062.557567,90188635582386064.000000
Pb208_g0u0900,82,208,g0u0900,L3-M5,2499799.609123,562101438263055232.000000
Pb208_g0u0900,82,208,g0u0900,M4-N6,971815.283120,126567452755726464.000000
Pb208_g0u0900,82,208,g0u0900,M5-N6,929078.231565,8435996917463078.000000
Pb208_g0u0900,82,208,g0u0900,M5-N7,938253.534247,129851284758986256.000000
Pb208_g0u0900,82,208,g0u0900,N6-O8,437843.196098,39416671280457216.000000
Pb208_g0u0900,82,208,g0u0900,N7-O8,428667.893415,1404707648911488.000000
Pb208_g0u0900,82,208,g0u0900,N7-O9,431444.829271,40089935978452976.000000
Pb208_g0u0900,82,208,g0u0900,O8-P10,235044.881838,15287177849518128.000000
Pb208_g0u0900,82,208,g0u0900,O9-P10,232267.945982,339036805063910.125000
Pb208_g0u0900,82,208,g0u0900,O9-P11,233330.600015,15476404493162898.000000
Pb208_g0u0900,82,208,g0u0900,P10-Q12,140894.067189,6895435526831807.000000
Pb208_g0u0900,82,208,g0u0900,P11-Q12,139831.413156,104295572040453.843750
Pb208_g0u0900,82,208,g0u0900,P11-Q13,140307.050664,6959678067639200.000000
Pb208_g0u0900,82,208,g0u0900,Q12-R14,91135.709065,3469995921268300.500000
Pb208_g0u0900,82,208,g0u0900,Q13-R14,90660.071558,38075628236365.515625
Pb208_g0u0900,82,208,g0u0900,Q13-R15,90898.271532,3495135570651183.000000
Pb208_g0u1000,82,208,g0u1000,K1-L2,5779259.646152,1748652466370916352.000000
Pb208_g0u1000,82,208,g0u1000,K1-L3,5964020.121180,1920161825127630592.000000
Pb208_g0u1000,82,208,g0u1000,L2-M4,2641823.119301,507259040952640576.000000
Pb208_g0u1000,82,208,g0u1000,L3-M4,2457062.644274,90188636318673216.000000
Pb208_g0u1000,82,208,g0u1000,L3-M5,2499799.697483,562101443381999360.000000
Pb208_g0u1000,82,208,g0u1000,M4-N6,971815.292817,126567453607417504.000000
Pb208_g0u1000,82,208,g0u1000,M5-N6,929078.239608,8435996973157616.000000
Pb208_g0u1000,82,208,g0u1000,M5-N7,938253.542430,129851285670979232.000000
Pb208_g0u1000,82,208,g0u1000,N6-O8,437843.199294,39416671554888456.000000
Pb208_g0u1000,82,208,g0u1000,N7-O8,428667.896472,1404707658335017.750000
Pb208_g0u1000,82,208,g0u1000,N7-O9,431444.832367,40089936257765056.000000
Pb208_g0u1000,82,208,g0u1000,O8-P10,235044.883457,15287177949817132.000000
Pb208_g0u1000,82,208,g0u1000,O9-P10,232267.947562,339036807229885.375000
Pb208_g0u1000,82,208,g0u1000,O9-P11,233330.601609,15476404594658382.000000
Pb208_g0u1000,82,208,g0u1000,P10-Q12,140894.068091,6895435568371783.000000
Pb208_g0u1000,82,208,g0u1000,P11-Q12,139831.414044,104295572656420.562500
Pb208_g0u1000,82,208,g0u1000,P11-Q13,140307.051557,6959678109541061.000000
Pb208_g0u1000,82,208,g0u1000,Q12-R14,91135.709594,3469995939933102.000000
Pb208_g0u1000,82,208,g0u1000,Q13-R14,90660.072080,38075628438049.210938
Pb208_g0u1000,82,208,g0u1000,Q13-R15,90898.272058,3495135589438131.000000
Pb208_g0u1100,82,208,g0u1100,K1-L2,5779260.041809,1748652700461476096.000000
Pb208_g0u1100,82,208,g0u1100,K1-L3,5964020.541245,1920162080363075584.000000
Pb208_g0u1100,82,208,g0u1100,L2-M4,2641823.238086,507259087796620032.000000
Pb208_g0u1100,82,208,g0u1100,L3-M4,2457062.738649,90188637012105472.000000
Pb208_g0u1100,82,208,g0u1100,L3-M5,2499799.793599,562101496065261888.000000
Pb208_g0u1100,82,208,g0u1100,M4-N6,971815.301577,126567454237024896.000000
Pb208_g0u1100,82,208,g0u1100,M5-N6,929078.246627,8435997015289795.000000
Pb208_g0u1100,82,208,g0u1100,M5-N7,938253.549563,129851286362287264.000000
Pb208_g0u1100,82,208,g0u1100,N6-O8,437843.201788,39416671768227392.000000
Pb208_g0u1100,82,208,g0u1100,N7-O8,428667.898853,1404707759631825.250000
Pb208_g0u1100,82,208,g0u1100,N7-O9,431444.834778,40089936474975856.000000
Pb208_g0u1100,82,208,g0u1100,O8-P10,235044.884716,15287178027834780.000000
Pb208_g0u1100,82,208,g0u1100,O9-P10,232267.948790,339036808914695.312500
Pb208_g0u1100,82,208,g0u1100,O9-P11,233330.602848,15476404673608924.000000
Pb208_g0u1100,82,208,g0u1100,P10-Q12,140894.068792,6895435600687472.000000
Pb208_g0u1100,82,208,g0u1100,P11-Q12,139831.414734,104295573135608.921875
Pb208_g0u1100,82,208,g0u1100,P11-Q13,140307.052252,6959678142135152.000000
Pb208_g0u1100,82,208,g0u1100,Q12-R14,91135.710005,3469995954451022.500000
Pb208_g0u1100,82,208,g0u1100,Q13-R14,90660.072487,38075628594919.585938
Pb208_g0u1100,82,208,g0u1100,Q13-R15,90898.272466,3495135604051313.000000
Pb208_g0u1200,82,208,g0u1200,K1-L2,5779257.044908,1748650708847111424.000000
Pb208_g0u1200,82,208,g0u1200,K1-L3,5964017.302814,1920159820577611008.000000
Pb208_g0u1200,82,208,g0u1200,L2-M4,2641821.722503,507258753227058880.000000
Pb208_g0u1200,82,208,g0u1200,L3-M4,2457061.464597,90188581080698352.000000
Pb208_g0u1200,82,208,g0u1200,L3-M5,2499798.498509,562101222593124864.000000
Pb208_g0u1200,82,208,g0u1200,M4-N6,971815.249607,126567456340582352.000000
Pb208_g0u1200,82,208,g0u1200,M5-N6,929078.215695,8435997106135966.000000
Pb208_g0u1200,82,208,g0u1200,M5-N7,938253.518547,129851287783597040.000000
Pb208_g0u1200,82,208,g0u1200,N6-O8,437843.203437,39416671944280192.000000
Pb208_g0u1200,82,208,g0u1200,N7-O8,428667.900585,1404707765564483.250000
Pb208_g0u1200,82,208,g0u1200,N7-O9,431444.836535,40089936650685800.000000
Pb208_g0u1200,82,208,g0u1200,O8-P10,235044.885717,15287178089944940.000000
Pb208_g0u1200,82,208,g0u1200,O9-P10,232267.949768,339036810255866.437500
Pb208_g0u1200,82,208,g0u1200,O9-P11,233330.603835,15476404736452034.000000
Pb208_g0u1200,82,208,g0u1200,P10-Q12,140894.069350,6895435626407425.000000
Pb208_g0u1200,82,208,g0u1200,P11-Q12,139831.415283,104295573516986.437500
Pb208_g0u1200,82,208,g0u1200,P11-Q13,140307.052805,6959678168079934.000000
Pb208_g0u1200,82,208,g0u1200,Q12-R14,91135.710333,3469995966006359.500000
Pb208_g0u1200,82,208,g0u1200,Q13-R14,90660.072811,38075628719781.953125
Pb208_g0u1200,82,208,g0u1200,Q13-R15,90898.272792,3495135615682709.000000
Pb208_g0u1300,82,208,g0u1300,K1-L2,5779148.308018,1748579632318841856.000000
Pb208_g0u1300,82,208,g0u1300,K1-L3,5963899.618400,1920075750145645824.000000
Pb208_g0u1300,82,208,g0u1300,L2-M4,2641763.963970,507246333948807104.000000
Pb208_g0u1300,82,208,g0u1300,L3-M4,2457012.653588,90186549949081104.000000
Pb208_g0u1300,82,208,g0u1300,L3-M5,2499748.858657,562089220801174272.000000
Pb208_g0u1300,82,208,g0u1300,M4-N6,971813.011103,126567226138075152.000000
Pb208_g0u1300,82,208,g0u1300,M5-N6,929076.806034,8435986778322786.000000
Pb208_g0u1300,82,208,g0u1300,M5-N7,938252.102197,129851122866232624.000000
Pb208_g0u1300,82,208,g0u1300,N6-O8,437843.191594,39416672331247472.000000
Pb208_g0u1300,82,208,g0u1300,N7-O8,428667.895430,1404707680402245.250000
Pb208_g0u1300,82,208,g0u1300,N7-O9,431444.831384,40089936906285296.000000
Pb208_g0u1300,82,208,g0u1300,O8-P10,235044.886504,15287178140654668.000000
Pb208_g0u1300,82,208,g0u1300,O9-P10,232267.950551,339036811346635.375000
Pb208_g0u1300,82,208,g0u1300,O9-P11,233330.604625,15476404787564724.000000
Pb208_g0u1300,82,208,g0u1300,P10-Q12,140894.069803,6895435647276805.000000
Pb208_g0u1300,82,208,g0u1300,P11-Q12,139831.415729,104295573826444.828125
Pb208_g0u1300,82,208,g0u1300,P11-Q13,140307.053254,6959678189132298.000000
Pb208_g0u1300,82,208,g0u1300,Q12-R14,91135.710598,3469995975383866.000000
Pb208_g0u1300,82,208,g0u1300,Q13-R14,90660.073074,38075628821114.554688
Pb208_g0u1300,82,208,g0u1300,Q13-R15,90898.273056,3495135625120577.500000
Pb208_g0u1400,82,208,g0u1400,K1-L2,5776110.014042,1746595021074360832.000000
Pb208_g0u1400,82,208,g0u1400,K1-L3,5960612.182632,1917735274521777664.000000
Pb208_g0u1400,82,208,g0u1400,L2-M4,2640160.421473,506901916401354112.000000
Pb208_g0u1400,82,208,g0u1400,L3-M4,2455658.252884,90129858612971728.000000
Pb208_g0u1400,82,208,g0u1400,L3-M5,2498371.474798,561757449475555584.000000
Pb208_g0u1400,82,208,g0u1400,M4-N6,971750.931349,126560967131812432.000000
Pb208_g0u1400,82,208,g0u1400,M5-N6,929037.709435,8435688253085965.000000
Pb208_g0u1400,82,208,g0u1400,M5-N7,938212.818731,129846771549462768.000000
Pb208_g0u1400,82,208,g0u1400,N6-O8,437842.821234,39416646410562336.000000
Pb208_g0u1400,82,208,g0u1400,N7-O8,428667.711939,1404707326933607.250000
Pb208_g0u1400,82,208,g0u1400,N7-O9,431444.647463,40089924607186336.000000
Pb208_g0u1400,82,208,g0u1400,O8-P10,235044.886443,15287178191170426.000000
Pb208_g0u1400,82,208,g0u1400,O9-P10,232267.950919,339036812318268.062500
Pb208_g0u1400,82,208,g0u1400,O9-P11,233330.604998,15476404832987092.000000
Pb208_g0u1400,82,208,g0u1400,P10-Q12,140894.070176,6895435664490244.000000
Pb208_g0u1400,82,208,g0u1400,P11-Q12,139831.416097,104295574081638.203125
Pb208_g0u1400,82,208,g0u1400,P11-Q13,140307.053624,6959678206489637.000000
Pb208_g0u1400,82,208,g0u1400,Q12-R14,91135.710817,3469995983114989.500000
Pb208_g0u1400,82,208,g0u1400,Q13-R14,90660.073290,38075628904651.359375
Pb208_g0u1400,82,208,g0u1400,Q13-R15,90898.273273,3495135632903965.500000
Pb208_g2u1000,82,208,g2u1000,K1-L2,5779276.279600,1748661778482729216.000000
Pb208_g2u1000,82,208,g2u1000,K1-L3,5964037.800674,1920171832454086400.000000
Pb208_g2u1000,82,208,g2u1000,L2-M4,2641828.110632,507260036851523328.000000
Pb208_g2u1000,82,208,g2u1000,L3-M4,2457066.589558,90188802852706448.000000
Pb208_g2u1000,82,208,g2u1000,L3-M5,2499803.704108,562102311349531328.000000
Pb208_g2u1000,82,208,g2u1000,M4-N6,971815.437446,126567461804635040.000000
Pb208_g2u1000,82,208,g2u1000,M5-N6,929078.322896,8435998028010179.000000
Pb208_g2u1000,82,208,g2u1000,M5-N7,938253.626048,129851290336208912.000000
Pb208_g2u1000,82,208,g2u1000,N6-O8,437843.197244,39416671175559056.000000
Pb208_g2u1000,82,208,g2u1000,N7-O8,428667.894092,1404707873699833.500000
Pb208_g2u1000,82,208,g2u1000,N7-O9,431444.830002,40089933531323112.000000
Pb208_g2u1000,82,208,g2u1000,O8-P10,235044.881791,15287177812185768.000000
Pb208_g2u1000,82,208,g2u1000,O9-P10,232267.945881,339036822439561.125000
Pb208_g2u1000,82,208,g2u1000,O9-P11,233330.600016,15476404091169618.000000
Pb208_g2u1000,82,208,g2u1000,P10-Q12,140894.067272,6895435466190058.000000
Pb208_g2u1000,82,208,g2u1000,P11-Q12,139831.413137,104295581623089.500000
Pb208_g2u1000,82,208,g2u1000,P11-Q13,140307.050710,6959677890655298.000000
Pb208_g2u1000,82,208,g2u1000,Q12-R14,91135.708908,3469995909993656.500000
Pb208_g2u1000,82,208,g2u1000,Q13-R14,90660.071335,38075630088989.742188
Pb208_g2u1000,82,208,g2u1000,Q13-R15,90898.271375,3495135510914912.000000
