Z,A,symbol,rms_fm,sigma_rms_fm,radius_fm,fermi_t_fm,most_abundant,iaea_rms_fm,source
1,1,H,0.8783,0.0086,1.133880424324658,2.3,1,0.8783,nuclear_radii.dat blob 92c402f80690adcefc6aaa6e23529418c4660160; charge_radii.csv sha256 683d028dae93235376ddf7a345f736561ee7c0dba070091912c034bdf740eee6
1,2,H,2.1421,0.0088,2.7654392086369692,2.3,1,2.1421,nuclear_radii.dat blob 92c402f80690adcefc6aaa6e23529418c4660160; charge_radii.csv sha256 683d028dae93235376ddf7a345f736561ee7c0dba070091912c034bdf740eee6
1,3,H,1.7591,0.0363,2.2709883347711557,2.3,1,1.7591,nuclear_radii.dat blob 92c402f80690adcefc6aaa6e23529418c4660160; charge_radii.csv sha256 683d028dae93235376ddf7a345f736561ee7c0dba070091912c034bdf740eee6
2,3,He,1.9661,0.0030,2.5382241856594674,2.3,4,1.9661,nuclear_radii.dat blob 92c402f80690adcefc6aaa6e23529418c4660160; charge_radii.csv sha256 683d028dae93235376ddf7a345f736561ee7c0dba070091912c034bdf740eee6
2,4,He,1.6755000000000002,0.0028,2.1630611988568424,2.3,4,1.6755,nuclear_radii.dat blob 92c402f80690adcefc6aaa6e23529418c4660160; charge_radii.csv sha256 683d028dae93235376ddf7a345f736561ee7c0dba070091912c034bdf740eee6
2,6,He,2.066,0.0111,2.667194531088174,2.3,4,2.0660,nuclear_radii.dat blob 92c402f80690adcefc6aaa6e23529418c4660160; charge_radii.csv sha256 683d028dae93235376ddf7a345f736561ee7c0dba070091912c034bdf740eee6
2,8,He,1.9238999999999997,0.0306,2.483744219922816,2.3,4,1.9239,nuclear_radii.dat blob 92c402f80690adcefc6aaa6e23529418c4660160; charge_radii.csv sha256 683d028dae93235376ddf7a345f736561ee7c0dba070091912c034bdf740eee6
3,6,Li,2.589,0.0390,3.3423846277770006,2.3,7,2.5890,nuclear_radii.dat blob 92c402f80690adcefc6aaa6e23529418c4660160; charge_radii.csv sha256 683d028dae93235376ddf7a345f736561ee7c0dba070091912c034bdf740eee6
3,7,Li,2.444,0.0420,3.1551904327103086,2.3,7,2.4440,nuclear_radii.dat blob 92c402f80690adcefc6aaa6e23529418c4660160; charge_radii.csv sha256 683d028dae93235376ddf7a345f736561ee7c0dba070091912c034bdf740eee6
3,8,Li,2.339,0.0440,3.0196360155930493,2.3,7,2.3390,nuclear_radii.dat blob 92c402f80690adcefc6aaa6e23529418c4660160; charge_radii.csv sha256 683d028dae93235376ddf7a345f736561ee7c0dba070091912c034bdf740eee6
3,9,Li,2.245,0.0460,2.898282537411884,2.3,7,2.2450,nuclear_radii.dat blob 92c402f80690adcefc6aaa6e23529418c4660160; charge_radii.csv sha256 683d028dae93235376ddf7a345f736561ee7c0dba070091912c034bdf740eee6
3,11,Li,2.482,0.0430,3.2042482217622696,2.3,7,2.4820,nuclear_radii.dat blob 92c402f80690adcefc6aaa6e23529418c4660160; charge_radii.csv sha256 683d028dae93235376ddf7a345f736561ee7c0dba070091912c034bdf740eee6
4,7,Be,2.646,0.0160,3.4159713113549417,2.3,9,2.6460,nuclear_radii.dat blob 92c402f80690adcefc6aaa6e23529418c4660160; charge_radii.csv sha256 683d028dae93235376ddf7a345f736561ee7c0dba070091912c034bdf740eee6
4,9,Be,2.519,0.0120,3.2520150163654944,2.3,9,2.5190,nuclear_radii.dat blob 92c402f80690adcefc6aaa6e23529418c4660160; charge_radii.csv sha256 683d028dae93235376ddf7a345f736561ee7c0dba070091912c034bdf740eee6
4,10,Be,2.355,0.0170,3.0402919267728223,2.3,9,2.3550,nuclear_radii.dat blob 92c402f80690adcefc6aaa6e23529418c4660160; charge_radii.csv sha256 683d028dae93235376ddf7a345f736561ee7c0dba070091912c034bdf740eee6
4,11,Be,2.463,0.0150,3.179719327236289,2.3,9,2.4630,nuclear_radii.dat blob 92c402f80690adcefc6aaa6e23529418c4660160; charge_radii.csv sha256 683d028dae93235376ddf7a345f736561ee7c0dba070091912c034bdf740eee6
5,10,B,2.4277,0.0499,3.1341472231959155,2.3,11,2.4277,nuclear_radii.dat blob 92c402f80690adcefc6aaa6e23529418c4660160; charge_radii.csv sha256 683d028dae93235376ddf7a345f736561ee7c0dba070091912c034bdf740eee6
5,11,B,2.406,0.0294,3.1061326436583485,2.3,11,2.4060,nuclear_radii.dat blob 92c402f80690adcefc6aaa6e23529418c4660160; charge_radii.csv sha256 683d028dae93235376ddf7a345f736561ee7c0dba070091912c034bdf740eee6
6,12,C,2.4702,0.0022,3.1890144872671873,2.3,12,2.4702,nuclear_radii.dat blob 92c402f80690adcefc6aaa6e23529418c4660160; charge_radii.csv sha256 683d028dae93235376ddf7a345f736561ee7c0dba070091912c034bdf740eee6
6,13,C,2.4614,0.0034,3.1776537361183115,2.3,12,2.4614,nuclear_radii.dat blob 92c402f80690adcefc6aaa6e23529418c4660160; charge_radii.csv sha256 683d028dae93235376ddf7a345f736561ee7c0dba070091912c034bdf740eee6
6,14,C,2.5025,0.0087,3.2307136079613534,2.3,12,2.5025,nuclear_radii.dat blob 92c402f80690adcefc6aaa6e23529418c4660160; charge_radii.csv sha256 683d028dae93235376ddf7a345f736561ee7c0dba070091912c034bdf740eee6
7,14,N,2.5582,0.0070,3.3026219987559378,2.3,14,2.5582,nuclear_radii.dat blob 92c402f80690adcefc6aaa6e23529418c4660160; charge_radii.csv sha256 683d028dae93235376ddf7a345f736561ee7c0dba070091912c034bdf740eee6
7,15,N,2.6058,0.0080,3.364073334515762,2.3,14,2.6058,nuclear_radii.dat blob 92c402f80690adcefc6aaa6e23529418c4660160; charge_radii.csv sha256 683d028dae93235376ddf7a345f736561ee7c0dba070091912c034bdf740eee6
8,16,O,2.6991,0.0052,3.484523116582813,2.3,16,2.6991,nuclear_radii.dat blob 92c402f80690adcefc6aaa6e23529418c4660160; charge_radii.csv sha256 683d028dae93235376ddf7a345f736561ee7c0dba070091912c034bdf740eee6
8,17,O,2.6932,0.0075,3.4769062493352716,2.3,16,2.6932,nuclear_radii.dat blob 92c402f80690adcefc6aaa6e23529418c4660160; charge_radii.csv sha256 683d028dae93235376ddf7a345f736561ee7c0dba070091912c034bdf740eee6
8,18,O,2.7726,0.0056,3.579411208564895,2.3,16,2.7726,nuclear_radii.dat blob 92c402f80690adcefc6aaa6e23529418c4660160; charge_radii.csv sha256 683d028dae93235376ddf7a345f736561ee7c0dba070091912c034bdf740eee6
9,19,F,2.8976,0.0025,3.7407855146568707,2.3,19,2.8976,nuclear_radii.dat blob 92c402f80690adcefc6aaa6e23529418c4660160; charge_radii.csv sha256 683d028dae93235376ddf7a345f736561ee7c0dba070091912c034bdf740eee6
10,17,Ne,3.0413,0.0088,3.9263014169402055,2.3,20,3.0413,nuclear_radii.dat blob 92c402f80690adcefc6aaa6e23529418c4660160; charge_radii.csv sha256 683d028dae93235376ddf7a345f736561ee7c0dba070091912c034bdf740eee6
10,18,Ne,2.9714,0.0076,3.8360609049735728,2.3,20,2.9714,nuclear_radii.dat blob 92c402f80690adcefc6aaa6e23529418c4660160; charge_radii.csv sha256 683d028dae93235376ddf7a345f736561ee7c0dba070091912c034bdf740eee6
10,19,Ne,3.0082,0.0040,3.8835695006870505,2.3,20,3.0082,nuclear_radii.dat blob 92c402f80690adcefc6aaa6e23529418c4660160; charge_radii.csv sha256 683d028dae93235376ddf7a345f736561ee7c0dba070091912c034bdf740eee6
10,20,Ne,3.0055,0.0021,3.880083815675464,2.3,20,3.0055,nuclear_radii.dat blob 92c402f80690adcefc6aaa6e23529418c4660160; charge_radii.csv sha256 683d028dae93235376ddf7a345f736561ee7c0dba070091912c034bdf740eee6
10,21,Ne,2.9695,0.0033,3.8336080155209746,2.3,20,2.9695,nuclear_radii.dat blob 92c402f80690adcefc6aaa6e23529418c4660160; charge_radii.csv sha256 683d028dae93235376ddf7a345f736561ee7c0dba070091912c034bdf740eee6
10,22,Ne,2.9525,0.0040,3.811661109892466,2.3,20,2.9525,nuclear_radii.dat blob 92c402f80690adcefc6aaa6e23529418c4660160; charge_radii.csv sha256 683d028dae93235376ddf7a345f736561ee7c0dba070091912c034bdf740eee6
10,23,Ne,2.9104,0.0071,3.757310243600689,2.3,20,2.9104,nuclear_radii.dat blob 92c402f80690adcefc6aaa6e23529418c4660160; charge_radii.csv sha256 683d028dae93235376ddf7a345f736561ee7c0dba070091912c034bdf740eee6
10,24,Ne,2.9007,0.0078,3.744787597447951,2.3,20,2.9007,nuclear_radii.dat blob 92c402f80690adcefc6aaa6e23529418c4660160; charge_radii.csv sha256 683d028dae93235376ddf7a345f736561ee7c0dba070091912c034bdf740eee6
10,25,Ne,2.9316,0.0088,3.7846793259138876,2.3,20,2.9316,nuclear_radii.dat blob 92c402f80690adcefc6aaa6e23529418c4660160; charge_radii.csv sha256 683d028dae93235376ddf7a345f736561ee7c0dba070091912c034bdf740eee6
10,26,Ne,2.9251,0.0100,3.776287861997105,2.3,20,2.9251,nuclear_radii.dat blob 92c402f80690adcefc6aaa6e23529418c4660160; charge_radii.csv sha256 683d028dae93235376ddf7a345f736561ee7c0dba070091912c034bdf740eee6
10,28,Ne,2.9642,0.0134,3.826765744942675,2.3,20,2.9642,nuclear_radii.dat blob 92c402f80690adcefc6aaa6e23529418c4660160; charge_radii.csv sha256 683d028dae93235376ddf7a345f736561ee7c0dba070091912c034bdf740eee6
11,20,Na,2.9718,0.0420,3.836577302753067,2.3,23,2.9718,nuclear_radii.dat blob 92c402f80690adcefc6aaa6e23529418c4660160; charge_radii.csv sha256 683d028dae93235376ddf7a345f736561ee7c0dba070091912c034bdf740eee6
11,21,Na,3.0136,0.0284,3.8905408707102236,2.3,23,3.0136,nuclear_radii.dat blob 92c402f80690adcefc6aaa6e23529418c4660160; charge_radii.csv sha256 683d028dae93235376ddf7a345f736561ee7c0dba070091912c034bdf740eee6
11,22,Na,2.9852,0.0169,3.8538766283661268,2.3,23,2.9852,nuclear_radii.dat blob 92c402f80690adcefc6aaa6e23529418c4660160; charge_radii.csv sha256 683d028dae93235376ddf7a345f736561ee7c0dba070091912c034bdf740eee6
11,23,Na,2.9936,0.0021,3.8647209817355073,2.3,23,2.9936,nuclear_radii.dat blob 92c402f80690adcefc6aaa6e23529418c4660160; charge_radii.csv sha256 683d028dae93235376ddf7a345f736561ee7c0dba070091912c034bdf740eee6
11,24,Na,2.9735,0.0169,3.838771993315918,2.3,23,2.9735,nuclear_radii.dat blob 92c402f80690adcefc6aaa6e23529418c4660160; charge_radii.csv sha256 683d028dae93235376ddf7a345f736561ee7c0dba070091912c034bdf740eee6
11,25,Na,2.9769,0.0252,3.8431613744416198,2.3,23,2.9769,nuclear_radii.dat blob 92c402f80690adcefc6aaa6e23529418c4660160; charge_radii.csv sha256 683d028dae93235376ddf7a345f736561ee7c0dba070091912c034bdf740eee6
11,26,Na,2.9928,0.0331,3.863688186176519,2.3,23,2.9928,nuclear_radii.dat blob 92c402f80690adcefc6aaa6e23529418c4660160; charge_radii.csv sha256 683d028dae93235376ddf7a345f736561ee7c0dba070091912c034bdf740eee6
11,27,Na,3.0136,0.0467,3.8905408707102236,2.3,23,3.0136,nuclear_radii.dat blob 92c402f80690adcefc6aaa6e23529418c4660160; charge_radii.csv sha256 683d028dae93235376ddf7a345f736561ee7c0dba070091912c034bdf740eee6
11,28,Na,3.04,0.0581,3.924623124156849,2.3,23,3.0400,nuclear_radii.dat blob 92c402f80690adcefc6aaa6e23529418c4660160; charge_radii.csv sha256 683d028dae93235376ddf7a345f736561ee7c0dba070091912c034bdf740eee6
11,29,Na,3.0922,0.0723,3.992013034380858,2.3,23,3.0922,nuclear_radii.dat blob 92c402f80690adcefc6aaa6e23529418c4660160; charge_radii.csv sha256 683d028dae93235376ddf7a345f736561ee7c0dba070091912c034bdf740eee6
11,30,Na,3.118,0.0884,4.0253206911582415,2.3,23,3.1180,nuclear_radii.dat blob 92c402f80690adcefc6aaa6e23529418c4660160; charge_radii.csv sha256 683d028dae93235376ddf7a345f736561ee7c0dba070091912c034bdf740eee6
11,31,Na,3.1704,0.0893,4.092968800271998,2.3,23,3.1704,nuclear_radii.dat blob 92c402f80690adcefc6aaa6e23529418c4660160; charge_radii.csv sha256 683d028dae93235376ddf7a345f736561ee7c0dba070091912c034bdf740eee6
12,24,Mg,3.057,0.0016,3.9465700297853576,2.3,24,3.0570,nuclear_radii.dat blob 92c402f80690adcefc6aaa6e23529418c4660160; charge_radii.csv sha256 683d028dae93235376ddf7a345f736561ee7c0dba070091912c034bdf740eee6
12,25,Mg,3.0284,0.0022,3.909647588551514,2.3,24,3.0284,nuclear_radii.dat blob 92c402f80690adcefc6aaa6e23529418c4660160; charge_radii.csv sha256 683d028dae93235376ddf7a345f736561ee7c0dba070091912c034bdf740eee6
12,26,Mg,3.0337,0.0018,3.9164898591298134,2.3,24,3.0337,nuclear_radii.dat blob 92c402f80690adcefc6aaa6e23529418c4660160; charge_radii.csv sha256 683d028dae93235376ddf7a345f736561ee7c0dba070091912c034bdf740eee6
13,27,Al,3.061,0.0031,3.951734007580301,2.3,27,3.0610,nuclear_radii.dat blob 92c402f80690adcefc6aaa6e23529418c4660160; charge_radii.csv sha256 683d028dae93235376ddf7a345f736561ee7c0dba070091912c034bdf740eee6
14,28,Si,3.1223999999999994,0.0024,4.031001066732679,2.3,28,3.1224,nuclear_radii.dat blob 92c402f80690adcefc6aaa6e23529418c4660160; charge_radii.csv sha256 683d028dae93235376ddf7a345f736561ee7c0dba070091912c034bdf740eee6
14,29,Si,3.1176,0.0052,4.024804293378748,2.3,28,3.1176,nuclear_radii.dat blob 92c402f80690adcefc6aaa6e23529418c4660160; charge_radii.csv sha256 683d028dae93235376ddf7a345f736561ee7c0dba070091912c034bdf740eee6
14,30,Si,3.1336,0.0040,4.045460204558521,2.3,28,3.1336,nuclear_radii.dat blob 92c402f80690adcefc6aaa6e23529418c4660160; charge_radii.csv sha256 683d028dae93235376ddf7a345f736561ee7c0dba070091912c034bdf740eee6
15,31,P,3.1889,0.0019,4.1168521975736105,2.3,31,3.1889,nuclear_radii.dat blob 92c402f80690adcefc6aaa6e23529418c4660160; charge_radii.csv sha256 683d028dae93235376ddf7a345f736561ee7c0dba070091912c034bdf740eee6
16,32,S,3.2611,0.0018,4.210061996772335,2.3,32,3.2611,nuclear_radii.dat blob 92c402f80690adcefc6aaa6e23529418c4660160; charge_radii.csv sha256 683d028dae93235376ddf7a345f736561ee7c0dba070091912c034bdf740eee6
16,34,S,3.2847000000000004,0.0021,4.240529465762501,2.3,32,3.2847,nuclear_radii.dat blob 92c402f80690adcefc6aaa6e23529418c4660160; charge_radii.csv sha256 683d028dae93235376ddf7a345f736561ee7c0dba070091912c034bdf740eee6
16,36,S,3.2985000000000007,0.0024,4.258345189155055,2.3,32,3.2985,nuclear_radii.dat blob 92c402f80690adcefc6aaa6e23529418c4660160; charge_radii.csv sha256 683d028dae93235376ddf7a345f736561ee7c0dba070091912c034bdf740eee6
17,35,Cl,3.3654,0.0191,4.34471271777548,2.3,35,3.3654,nuclear_radii.dat blob 92c402f80690adcefc6aaa6e23529418c4660160; charge_radii.csv sha256 683d028dae93235376ddf7a345f736561ee7c0dba070091912c034bdf740eee6
17,37,Cl,3.384,0.0170,4.368725214521966,2.3,35,3.3840,nuclear_radii.dat blob 92c402f80690adcefc6aaa6e23529418c4660160; charge_radii.csv sha256 683d028dae93235376ddf7a345f736561ee7c0dba070091912c034bdf740eee6
18,32,Ar,3.3467999999999996,0.0062,4.320700221028994,2.3,40,3.3468,nuclear_radii.dat blob 92c402f80690adcefc6aaa6e23529418c4660160; charge_radii.csv sha256 683d028dae93235376ddf7a345f736561ee7c0dba070091912c034bdf740eee6
18,33,Ar,3.3437999999999994,0.0058,4.316827237682786,2.3,40,3.3438,nuclear_radii.dat blob 92c402f80690adcefc6aaa6e23529418c4660160; charge_radii.csv sha256 683d028dae93235376ddf7a345f736561ee7c0dba070091912c034bdf740eee6
18,34,Ar,3.3654,0.0040,4.34471271777548,2.3,40,3.3654,nuclear_radii.dat blob 92c402f80690adcefc6aaa6e23529418c4660160; charge_radii.csv sha256 683d028dae93235376ddf7a345f736561ee7c0dba070091912c034bdf740eee6
18,35,Ar,3.3636,0.0042,4.342388927767756,2.3,40,3.3636,nuclear_radii.dat blob 92c402f80690adcefc6aaa6e23529418c4660160; charge_radii.csv sha256 683d028dae93235376ddf7a345f736561ee7c0dba070091912c034bdf740eee6
18,36,Ar,3.3905,0.0023,4.377116678438749,2.3,40,3.3905,nuclear_radii.dat blob 92c402f80690adcefc6aaa6e23529418c4660160; charge_radii.csv sha256 683d028dae93235376ddf7a345f736561ee7c0dba070091912c034bdf740eee6
18,37,Ar,3.3908,0.0022,4.37750397677337,2.3,40,3.3908,nuclear_radii.dat blob 92c402f80690adcefc6aaa6e23529418c4660160; charge_radii.csv sha256 683d028dae93235376ddf7a345f736561ee7c0dba070091912c034bdf740eee6
18,38,Ar,3.4028,0.0019,4.3929959101581995,2.3,40,3.4028,nuclear_radii.dat blob 92c402f80690adcefc6aaa6e23529418c4660160; charge_radii.csv sha256 683d028dae93235376ddf7a345f736561ee7c0dba070091912c034bdf740eee6
18,39,Ar,3.4093,0.0031,4.401387374074982,2.3,40,3.4093,nuclear_radii.dat blob 92c402f80690adcefc6aaa6e23529418c4660160; charge_radii.csv sha256 683d028dae93235376ddf7a345f736561ee7c0dba070091912c034bdf740eee6
18,40,Ar,3.4274,0.0026,4.4247543735971,2.3,40,3.4274,nuclear_radii.dat blob 92c402f80690adcefc6aaa6e23529418c4660160; charge_radii.csv sha256 683d028dae93235376ddf7a345f736561ee7c0dba070091912c034bdf740eee6
18,41,Ar,3.4250999999999996,0.0030,4.4217850863650074,2.3,40,3.4251,nuclear_radii.dat blob 92c402f80690adcefc6aaa6e23529418c4660160; charge_radii.csv sha256 683d028dae93235376ddf7a345f736561ee7c0dba070091912c034bdf740eee6
18,42,Ar,3.4354,0.0041,4.4350823291869865,2.3,40,3.4414,nuclear_radii.dat blob 92c402f80690adcefc6aaa6e23529418c4660160; charge_radii.csv sha256 683d028dae93235376ddf7a345f736561ee7c0dba070091912c034bdf740eee6
18,43,Ar,3.4414000000000002,0.0039,4.442828295879401,2.3,40,3.4354,nuclear_radii.dat blob 92c402f80690adcefc6aaa6e23529418c4660160; charge_radii.csv sha256 683d028dae93235376ddf7a345f736561ee7c0dba070091912c034bdf740eee6
18,44,Ar,3.4454000000000002,0.0046,4.447992273674345,2.3,40,3.4454,nuclear_radii.dat blob 92c402f80690adcefc6aaa6e23529418c4660160; charge_radii.csv sha256 683d028dae93235376ddf7a345f736561ee7c0dba070091912c034bdf740eee6
18,46,Ar,3.4377,0.0044,4.438051616419079,2.3,40,3.4377,nuclear_radii.dat blob 92c402f80690adcefc6aaa6e23529418c4660160; charge_radii.csv sha256 683d028dae93235376ddf7a345f736561ee7c0dba070091912c034bdf740eee6
19,38,K,3.4264,0.0051,4.423463379148364,2.3,39,3.4264,nuclear_radii.dat blob 92c402f80690adcefc6aaa6e23529418c4660160; charge_radii.csv sha256 683d028dae93235376ddf7a345f736561ee7c0dba070091912c034bdf740eee6
19,39,K,3.4349,0.0019,4.434436831962619,2.3,39,3.4349,nuclear_radii.dat blob 92c402f80690adcefc6aaa6e23529418c4660160; charge_radii.csv sha256 683d028dae93235376ddf7a345f736561ee7c0dba070091912c034bdf740eee6
19,40,K,3.4381,0.0028,4.438568014198573,2.3,39,3.4381,nuclear_radii.dat blob 92c402f80690adcefc6aaa6e23529418c4660160; charge_radii.csv sha256 683d028dae93235376ddf7a345f736561ee7c0dba070091912c034bdf740eee6
19,41,K,3.4518,0.0055,4.4562546381462536,2.3,39,3.4518,nuclear_radii.dat blob 92c402f80690adcefc6aaa6e23529418c4660160; charge_radii.csv sha256 683d028dae93235376ddf7a345f736561ee7c0dba070091912c034bdf740eee6
19,42,K,3.4517,0.0070,4.4561255387013805,2.3,39,3.4517,nuclear_radii.dat blob 92c402f80690adcefc6aaa6e23529418c4660160; charge_radii.csv sha256 683d028dae93235376ddf7a345f736561ee7c0dba070091912c034bdf740eee6
19,43,K,3.4556,0.0086,4.46116041705145,2.3,39,3.4556,nuclear_radii.dat blob 92c402f80690adcefc6aaa6e23529418c4660160; charge_radii.csv sha256 683d028dae93235376ddf7a345f736561ee7c0dba070091912c034bdf740eee6
19,44,K,3.4562999999999997,0.0101,4.462064113165565,2.3,39,3.4563,nuclear_radii.dat blob 92c402f80690adcefc6aaa6e23529418c4660160; charge_radii.csv sha256 683d028dae93235376ddf7a345f736561ee7c0dba070091912c034bdf740eee6
19,45,K,3.4605000000000006,0.0118,4.467486289850256,2.3,39,3.4605,nuclear_radii.dat blob 92c402f80690adcefc6aaa6e23529418c4660160; charge_radii.csv sha256 683d028dae93235376ddf7a345f736561ee7c0dba070091912c034bdf740eee6
19,46,K,3.4558,0.0126,4.461418615941197,2.3,39,3.4558,nuclear_radii.dat blob 92c402f80690adcefc6aaa6e23529418c4660160; charge_radii.csv sha256 683d028dae93235376ddf7a345f736561ee7c0dba070091912c034bdf740eee6
19,47,K,3.4534000000000002,0.0138,4.458320229264231,2.3,39,3.4534,nuclear_radii.dat blob 92c402f80690adcefc6aaa6e23529418c4660160; charge_radii.csv sha256 683d028dae93235376ddf7a345f736561ee7c0dba070091912c034bdf740eee6
20,39,Ca,3.4595,0.0025,4.466195295401519,2.3,40,3.4595,nuclear_radii.dat blob 92c402f80690adcefc6aaa6e23529418c4660160; charge_radii.csv sha256 683d028dae93235376ddf7a345f736561ee7c0dba070091912c034bdf740eee6
20,40,Ca,3.4775999999999994,0.0019,4.489562294923637,2.3,40,3.4776,nuclear_radii.dat blob 92c402f80690adcefc6aaa6e23529418c4660160; charge_radii.csv sha256 683d028dae93235376ddf7a345f736561ee7c0dba070091912c034bdf740eee6
20,41,Ca,3.4779999999999998,0.0019,4.490078692703132,2.3,40,3.4780,nuclear_radii.dat blob 92c402f80690adcefc6aaa6e23529418c4660160; charge_radii.csv sha256 683d028dae93235376ddf7a345f736561ee7c0dba070091912c034bdf740eee6
20,42,Ca,3.5081,0.0021,4.52893762561008,2.3,40,3.5081,nuclear_radii.dat blob 92c402f80690adcefc6aaa6e23529418c4660160; charge_radii.csv sha256 683d028dae93235376ddf7a345f736561ee7c0dba070091912c034bdf740eee6
20,43,Ca,3.4953999999999996,0.0019,4.512541996111135,2.3,40,3.4954,nuclear_radii.dat blob 92c402f80690adcefc6aaa6e23529418c4660160; charge_radii.csv sha256 683d028dae93235376ddf7a345f736561ee7c0dba070091912c034bdf740eee6
20,44,Ca,3.5179,0.0021,4.5415893712076905,2.3,40,3.5179,nuclear_radii.dat blob 92c402f80690adcefc6aaa6e23529418c4660160; charge_radii.csv sha256 683d028dae93235376ddf7a345f736561ee7c0dba070091912c034bdf740eee6
20,45,Ca,3.4944000000000006,0.0021,4.5112510016624,2.3,40,3.4944,nuclear_radii.dat blob 92c402f80690adcefc6aaa6e23529418c4660160; charge_radii.csv sha256 683d028dae93235376ddf7a345f736561ee7c0dba070091912c034bdf740eee6
20,46,Ca,3.4953000000000003,0.0020,4.5124128966662616,2.3,40,3.4953,nuclear_radii.dat blob 92c402f80690adcefc6aaa6e23529418c4660160; charge_radii.csv sha256 683d028dae93235376ddf7a345f736561ee7c0dba070091912c034bdf740eee6
20,47,Ca,3.4783,0.0024,4.490465991037753,2.3,40,3.4783,nuclear_radii.dat blob 92c402f80690adcefc6aaa6e23529418c4660160; charge_radii.csv sha256 683d028dae93235376ddf7a345f736561ee7c0dba070091912c034bdf740eee6
20,48,Ca,3.4771,0.0020,4.48891679769927,2.3,40,3.4771,nuclear_radii.dat blob 92c402f80690adcefc6aaa6e23529418c4660160; charge_radii.csv sha256 683d028dae93235376ddf7a345f736561ee7c0dba070091912c034bdf740eee6
20,50,Ca,3.5167999999999995,0.0064,4.540169277314081,2.3,40,3.5168,nuclear_radii.dat blob 92c402f80690adcefc6aaa6e23529418c4660160; charge_radii.csv sha256 683d028dae93235376ddf7a345f736561ee7c0dba070091912c034bdf740eee6
21,42,Sc,3.5702,0.0238,4.609108380876573,2.3,45,3.5702,nuclear_radii.dat blob 92c402f80690adcefc6aaa6e23529418c4660160; charge_radii.csv sha256 683d028dae93235376ddf7a345f736561ee7c0dba070091912c034bdf740eee6
21,43,Sc,3.5574999999999997,0.0147,4.592712751377628,2.3,45,3.5575,nuclear_radii.dat blob 92c402f80690adcefc6aaa6e23529418c4660160; charge_radii.csv sha256 683d028dae93235376ddf7a345f736561ee7c0dba070091912c034bdf740eee6
21,44,Sc,3.5432,0.0016,4.574251530760707,2.3,45,3.5432,nuclear_radii.dat blob 92c402f80690adcefc6aaa6e23529418c4660160; charge_radii.csv sha256 683d028dae93235376ddf7a345f736561ee7c0dba070091912c034bdf740eee6
21,45,Sc,3.5459,0.0025,4.577737215772293,2.3,45,3.5459,nuclear_radii.dat blob 92c402f80690adcefc6aaa6e23529418c4660160; charge_radii.csv sha256 683d028dae93235376ddf7a345f736561ee7c0dba070091912c034bdf740eee6
21,46,Sc,3.5243,0.0089,4.5498517356796,2.3,45,3.5243,nuclear_radii.dat blob 92c402f80690adcefc6aaa6e23529418c4660160; charge_radii.csv sha256 683d028dae93235376ddf7a345f736561ee7c0dba070091912c034bdf740eee6
22,44,Ti,3.6114999999999995,0.0051,4.662426451609361,2.3,48,3.6115,nuclear_radii.dat blob 92c402f80690adcefc6aaa6e23529418c4660160; charge_radii.csv sha256 683d028dae93235376ddf7a345f736561ee7c0dba070091912c034bdf740eee6
22,45,Ti,3.5939,0.0032,4.639704949311612,2.3,48,3.5939,nuclear_radii.dat blob 92c402f80690adcefc6aaa6e23529418c4660160; charge_radii.csv sha256 683d028dae93235376ddf7a345f736561ee7c0dba070091912c034bdf740eee6
22,46,Ti,3.607,0.0022,4.656616976590051,2.3,48,3.6070,nuclear_radii.dat blob 92c402f80690adcefc6aaa6e23529418c4660160; charge_radii.csv sha256 683d028dae93235376ddf7a345f736561ee7c0dba070091912c034bdf740eee6
22,47,Ti,3.5962,0.0019,4.642674236543704,2.3,48,3.5962,nuclear_radii.dat blob 92c402f80690adcefc6aaa6e23529418c4660160; charge_radii.csv sha256 683d028dae93235376ddf7a345f736561ee7c0dba070091912c034bdf740eee6
22,48,Ti,3.5921,0.0017,4.637381159303887,2.3,48,3.5921,nuclear_radii.dat blob 92c402f80690adcefc6aaa6e23529418c4660160; charge_radii.csv sha256 683d028dae93235376ddf7a345f736561ee7c0dba070091912c034bdf740eee6
22,49,Ti,3.5733,0.0021,4.613110463667654,2.3,48,3.5733,nuclear_radii.dat blob 92c402f80690adcefc6aaa6e23529418c4660160; charge_radii.csv sha256 683d028dae93235376ddf7a345f736561ee7c0dba070091912c034bdf740eee6
22,50,Ti,3.5704,0.0022,4.60936657976632,2.3,48,3.5704,nuclear_radii.dat blob 92c402f80690adcefc6aaa6e23529418c4660160; charge_radii.csv sha256 683d028dae93235376ddf7a345f736561ee7c0dba070091912c034bdf740eee6
23,51,V,3.6002,0.0022,4.647838214338647,2.3,51,3.6002,nuclear_radii.dat blob 92c402f80690adcefc6aaa6e23529418c4660160; charge_radii.csv sha256 683d028dae93235376ddf7a345f736561ee7c0dba070091912c034bdf740eee6
24,50,Cr,3.6588000000000003,0.0065,4.723490489034566,2.3,52,3.6588,nuclear_radii.dat blob 92c402f80690adcefc6aaa6e23529418c4660160; charge_radii.csv sha256 683d028dae93235376ddf7a345f736561ee7c0dba070091912c034bdf740eee6
24,52,Cr,3.6451999999999996,0.0042,4.705932964531758,2.3,52,3.6452,nuclear_radii.dat blob 92c402f80690adcefc6aaa6e23529418c4660160; charge_radii.csv sha256 683d028dae93235376ddf7a345f736561ee7c0dba070091912c034bdf740eee6
24,53,Cr,3.6511,0.0075,4.7135498317793,2.3,52,3.6511,nuclear_radii.dat blob 92c402f80690adcefc6aaa6e23529418c4660160; charge_radii.csv sha256 683d028dae93235376ddf7a345f736561ee7c0dba070091912c034bdf740eee6
24,54,Cr,3.6885000000000003,0.0074,4.761833024162019,2.3,52,3.6885,nuclear_radii.dat blob 92c402f80690adcefc6aaa6e23529418c4660160; charge_radii.csv sha256 683d028dae93235376ddf7a345f736561ee7c0dba070091912c034bdf740eee6
25,50,Mn,3.7120000000000006,0.0196,4.792171393707311,2.3,55,3.7120,nuclear_radii.dat blob 92c402f80690adcefc6aaa6e23529418c4660160; charge_radii.csv sha256 683d028dae93235376ddf7a345f736561ee7c0dba070091912c034bdf740eee6
25,51,Mn,3.7026,0.0212,4.780036045889194,2.3,55,3.7026,nuclear_radii.dat blob 92c402f80690adcefc6aaa6e23529418c4660160; charge_radii.csv sha256 683d028dae93235376ddf7a345f736561ee7c0dba070091912c034bdf740eee6
25,52,Mn,3.6706,0.0128,4.738724223529648,2.3,55,3.6706,nuclear_radii.dat blob 92c402f80690adcefc6aaa6e23529418c4660160; charge_radii.csv sha256 683d028dae93235376ddf7a345f736561ee7c0dba070091912c034bdf740eee6
25,53,Mn,3.6662,0.0076,4.73304384795521,2.3,55,3.6662,nuclear_radii.dat blob 92c402f80690adcefc6aaa6e23529418c4660160; charge_radii.csv sha256 683d028dae93235376ddf7a345f736561ee7c0dba070091912c034bdf740eee6
25,54,Mn,3.6834,0.0049,4.755248952473466,2.3,55,3.6834,nuclear_radii.dat blob 92c402f80690adcefc6aaa6e23529418c4660160; charge_radii.csv sha256 683d028dae93235376ddf7a345f736561ee7c0dba070091912c034bdf740eee6
25,55,Mn,3.7057,0.0022,4.784038128680275,2.3,55,3.7057,nuclear_radii.dat blob 92c402f80690adcefc6aaa6e23529418c4660160; charge_radii.csv sha256 683d028dae93235376ddf7a345f736561ee7c0dba070091912c034bdf740eee6
25,56,Mn,3.7146,0.0052,4.7955279792740235,2.3,55,3.7146,nuclear_radii.dat blob 92c402f80690adcefc6aaa6e23529418c4660160; charge_radii.csv sha256 683d028dae93235376ddf7a345f736561ee7c0dba070091912c034bdf740eee6
26,54,Fe,3.6933,0.0019,4.7680297975159505,2.3,56,3.6933,nuclear_radii.dat blob 92c402f80690adcefc6aaa6e23529418c4660160; charge_radii.csv sha256 683d028dae93235376ddf7a345f736561ee7c0dba070091912c034bdf740eee6
26,56,Fe,3.7377,0.0016,4.82534995103982,2.3,56,3.7377,nuclear_radii.dat blob 92c402f80690adcefc6aaa6e23529418c4660160; charge_radii.csv sha256 683d028dae93235376ddf7a345f736561ee7c0dba070091912c034bdf740eee6
26,57,Fe,3.7532,0.0017,4.8453603649952255,2.3,56,3.7532,nuclear_radii.dat blob 92c402f80690adcefc6aaa6e23529418c4660160; charge_radii.csv sha256 683d028dae93235376ddf7a345f736561ee7c0dba070091912c034bdf740eee6
26,58,Fe,3.7745,0.0014,4.8728585467532985,2.3,56,3.7745,nuclear_radii.dat blob 92c402f80690adcefc6aaa6e23529418c4660160; charge_radii.csv sha256 683d028dae93235376ddf7a345f736561ee7c0dba070091912c034bdf740eee6
27,59,Co,3.7875000000000005,0.0021,4.889641474586864,2.3,59,3.7875,nuclear_radii.dat blob 92c402f80690adcefc6aaa6e23529418c4660160; charge_radii.csv sha256 683d028dae93235376ddf7a345f736561ee7c0dba070091912c034bdf740eee6
28,58,Ni,3.7757,0.0020,4.874407740091781,2.3,58,3.7757,nuclear_radii.dat blob 92c402f80690adcefc6aaa6e23529418c4660160; charge_radii.csv sha256 683d028dae93235376ddf7a345f736561ee7c0dba070091912c034bdf740eee6
28,60,Ni,3.8118,0.0016,4.921012639691144,2.3,58,3.8118,nuclear_radii.dat blob 92c402f80690adcefc6aaa6e23529418c4660160; charge_radii.csv sha256 683d028dae93235376ddf7a345f736561ee7c0dba070091912c034bdf740eee6
28,61,Ni,3.8225,0.0019,4.934826280292617,2.3,58,3.8225,nuclear_radii.dat blob 92c402f80690adcefc6aaa6e23529418c4660160; charge_radii.csv sha256 683d028dae93235376ddf7a345f736561ee7c0dba070091912c034bdf740eee6
28,62,Ni,3.8398999999999996,0.0021,4.95728958370062,2.3,58,3.8399,nuclear_radii.dat blob 92c402f80690adcefc6aaa6e23529418c4660160; charge_radii.csv sha256 683d028dae93235376ddf7a345f736561ee7c0dba070091912c034bdf740eee6
28,64,Ni,3.8572,0.0023,4.9796237876637495,2.3,58,3.8572,nuclear_radii.dat blob 92c402f80690adcefc6aaa6e23529418c4660160; charge_radii.csv sha256 683d028dae93235376ddf7a345f736561ee7c0dba070091912c034bdf740eee6
29,63,Cu,3.8823,0.0015,5.012027748327018,2.3,63,3.8823,nuclear_radii.dat blob 92c402f80690adcefc6aaa6e23529418c4660160; charge_radii.csv sha256 683d028dae93235376ddf7a345f736561ee7c0dba070091912c034bdf740eee6
29,65,Cu,3.9022000000000006,0.0014,5.037718537856861,2.3,63,3.9022,nuclear_radii.dat blob 92c402f80690adcefc6aaa6e23529418c4660160; charge_radii.csv sha256 683d028dae93235376ddf7a345f736561ee7c0dba070091912c034bdf740eee6
30,64,Zn,3.9283,0.0015,5.0714134929688655,2.3,64,3.9283,nuclear_radii.dat blob 92c402f80690adcefc6aaa6e23529418c4660160; charge_radii.csv sha256 683d028dae93235376ddf7a345f736561ee7c0dba070091912c034bdf740eee6
30,66,Zn,3.9491,0.0014,5.09826617750257,2.3,64,3.9491,nuclear_radii.dat blob 92c402f80690adcefc6aaa6e23529418c4660160; charge_radii.csv sha256 683d028dae93235376ddf7a345f736561ee7c0dba070091912c034bdf740eee6
30,67,Zn,3.9529999999999994,0.0027,5.103301055852639,2.3,64,3.9530,nuclear_radii.dat blob 92c402f80690adcefc6aaa6e23529418c4660160; charge_radii.csv sha256 683d028dae93235376ddf7a345f736561ee7c0dba070091912c034bdf740eee6
30,68,Zn,3.9658000000000007,0.0014,5.119825784796459,2.3,64,3.9658,nuclear_radii.dat blob 92c402f80690adcefc6aaa6e23529418c4660160; charge_radii.csv sha256 683d028dae93235376ddf7a345f736561ee7c0dba070091912c034bdf740eee6
30,70,Zn,3.9844999999999997,0.0019,5.143967380987817,2.3,64,3.9845,nuclear_radii.dat blob 92c402f80690adcefc6aaa6e23529418c4660160; charge_radii.csv sha256 683d028dae93235376ddf7a345f736561ee7c0dba070091912c034bdf740eee6
31,69,Ga,3.9973,0.0017,5.160492109931636,2.3,69,3.9973,nuclear_radii.dat blob 92c402f80690adcefc6aaa6e23529418c4660160; charge_radii.csv sha256 683d028dae93235376ddf7a345f736561ee7c0dba070091912c034bdf740eee6
31,71,Ga,4.0118,0.0018,5.179211529438305,2.3,69,4.0118,nuclear_radii.dat blob 92c402f80690adcefc6aaa6e23529418c4660160; charge_radii.csv sha256 683d028dae93235376ddf7a345f736561ee7c0dba070091912c034bdf740eee6
32,70,Ge,4.0414,0.0012,5.217424965120885,2.3,74,4.0414,nuclear_radii.dat blob 92c402f80690adcefc6aaa6e23529418c4660160; charge_radii.csv sha256 683d028dae93235376ddf7a345f736561ee7c0dba070091912c034bdf740eee6
32,72,Ge,4.0576,0.0013,5.238339075190405,2.3,74,4.0576,nuclear_radii.dat blob 92c402f80690adcefc6aaa6e23529418c4660160; charge_radii.csv sha256 683d028dae93235376ddf7a345f736561ee7c0dba070091912c034bdf740eee6
32,73,Ge,4.0632,0.0014,5.245568644103326,2.3,74,4.0632,nuclear_radii.dat blob 92c402f80690adcefc6aaa6e23529418c4660160; charge_radii.csv sha256 683d028dae93235376ddf7a345f736561ee7c0dba070091912c034bdf740eee6
32,74,Ge,4.0742,0.0012,5.25976958303942,2.3,74,4.0742,nuclear_radii.dat blob 92c402f80690adcefc6aaa6e23529418c4660160; charge_radii.csv sha256 683d028dae93235376ddf7a345f736561ee7c0dba070091912c034bdf740eee6
32,76,Ge,4.0811,0.0012,5.2686774447356965,2.3,74,4.0811,nuclear_radii.dat blob 92c402f80690adcefc6aaa6e23529418c4660160; charge_radii.csv sha256 683d028dae93235376ddf7a345f736561ee7c0dba070091912c034bdf740eee6
33,75,As,4.0968,0.0020,5.288946057580849,2.3,75,4.0968,nuclear_radii.dat blob 92c402f80690adcefc6aaa6e23529418c4660160; charge_radii.csv sha256 683d028dae93235376ddf7a345f736561ee7c0dba070091912c034bdf740eee6
34,74,Se,4.07,0.0200,5.2543474063547295,2.3,80,4.0700,nuclear_radii.dat blob 92c402f80690adcefc6aaa6e23529418c4660160; charge_radii.csv sha256 683d028dae93235376ddf7a345f736561ee7c0dba070091912c034bdf740eee6
34,76,Se,4.1395,0.0016,5.344071520541867,2.3,80,4.1395,nuclear_radii.dat blob 92c402f80690adcefc6aaa6e23529418c4660160; charge_radii.csv sha256 683d028dae93235376ddf7a345f736561ee7c0dba070091912c034bdf740eee6
34,77,Se,4.1395,0.0018,5.344071520541867,2.3,80,4.1395,nuclear_radii.dat blob 92c402f80690adcefc6aaa6e23529418c4660160; charge_radii.csv sha256 683d028dae93235376ddf7a345f736561ee7c0dba070091912c034bdf740eee6
34,78,Se,4.1406,0.0017,5.345491614435477,2.3,80,4.1406,nuclear_radii.dat blob 92c402f80690adcefc6aaa6e23529418c4660160; charge_radii.csv sha256 683d028dae93235376ddf7a345f736561ee7c0dba070091912c034bdf740eee6
34,80,Se,4.14,0.0018,5.344717017766235,2.3,80,4.1400,nuclear_radii.dat blob 92c402f80690adcefc6aaa6e23529418c4660160; charge_radii.csv sha256 683d028dae93235376ddf7a345f736561ee7c0dba070091912c034bdf740eee6
34,82,Se,4.14,0.0019,5.344717017766235,2.3,80,4.1400,nuclear_radii.dat blob 92c402f80690adcefc6aaa6e23529418c4660160; charge_radii.csv sha256 683d028dae93235376ddf7a345f736561ee7c0dba070091912c034bdf740eee6
35,79,Br,4.1629,0.0021,5.374280790642285,2.3,79,4.1629,nuclear_radii.dat blob 92c402f80690adcefc6aaa6e23529418c4660160; charge_radii.csv sha256 683d028dae93235376ddf7a345f736561ee7c0dba070091912c034bdf740eee6
35,81,Br,4.1599,0.0021,5.370407807296078,2.3,79,4.1599,nuclear_radii.dat blob 92c402f80690adcefc6aaa6e23529418c4660160; charge_radii.csv sha256 683d028dae93235376ddf7a345f736561ee7c0dba070091912c034bdf740eee6
36,72,Kr,4.1635,0.0060,5.3750553873115265,2.3,84,4.1635,nuclear_radii.dat blob 92c402f80690adcefc6aaa6e23529418c4660160; charge_radii.csv sha256 683d028dae93235376ddf7a345f736561ee7c0dba070091912c034bdf740eee6
36,74,Kr,4.187,0.0041,5.405393756856818,2.3,84,4.1870,nuclear_radii.dat blob 92c402f80690adcefc6aaa6e23529418c4660160; charge_radii.csv sha256 683d028dae93235376ddf7a345f736561ee7c0dba070091912c034bdf740eee6
36,75,Kr,4.2097,0.0041,5.43469933084312,2.3,84,4.2097,nuclear_radii.dat blob 92c402f80690adcefc6aaa6e23529418c4660160; charge_radii.csv sha256 683d028dae93235376ddf7a345f736561ee7c0dba070091912c034bdf740eee6
36,76,Kr,4.202,0.0036,5.4247586735878555,2.3,84,4.2020,nuclear_radii.dat blob 92c402f80690adcefc6aaa6e23529418c4660160; charge_radii.csv sha256 683d028dae93235376ddf7a345f736561ee7c0dba070091912c034bdf740eee6
36,77,Kr,4.2082,0.0037,5.4327628391700165,2.3,84,4.2082,nuclear_radii.dat blob 92c402f80690adcefc6aaa6e23529418c4660160; charge_radii.csv sha256 683d028dae93235376ddf7a345f736561ee7c0dba070091912c034bdf740eee6
36,78,Kr,4.2038,0.0033,5.42708246359558,2.3,84,4.2038,nuclear_radii.dat blob 92c402f80690adcefc6aaa6e23529418c4660160; charge_radii.csv sha256 683d028dae93235376ddf7a345f736561ee7c0dba070091912c034bdf740eee6
36,79,Kr,4.2034,0.0032,5.426566065816085,2.3,84,4.2034,nuclear_radii.dat blob 92c402f80690adcefc6aaa6e23529418c4660160; charge_radii.csv sha256 683d028dae93235376ddf7a345f736561ee7c0dba070091912c034bdf740eee6
36,80,Kr,4.197,0.0029,5.418303701344176,2.3,84,4.1970,nuclear_radii.dat blob 92c402f80690adcefc6aaa6e23529418c4660160; charge_radii.csv sha256 683d028dae93235376ddf7a345f736561ee7c0dba070091912c034bdf740eee6
36,81,Kr,4.1952,0.0026,5.415979911336452,2.3,84,4.1952,nuclear_radii.dat blob 92c402f80690adcefc6aaa6e23529418c4660160; charge_radii.csv sha256 683d028dae93235376ddf7a345f736561ee7c0dba070091912c034bdf740eee6
36,82,Kr,4.1919,0.0025,5.411719629655624,2.3,84,4.1919,nuclear_radii.dat blob 92c402f80690adcefc6aaa6e23529418c4660160; charge_radii.csv sha256 683d028dae93235376ddf7a345f736561ee7c0dba070091912c034bdf740eee6
36,83,Kr,4.1871,0.0023,5.405522856301691,2.3,84,4.1871,nuclear_radii.dat blob 92c402f80690adcefc6aaa6e23529418c4660160; charge_radii.csv sha256 683d028dae93235376ddf7a345f736561ee7c0dba070091912c034bdf740eee6
36,84,Kr,4.1884,0.0022,5.407201149085048,2.3,84,4.1884,nuclear_radii.dat blob 92c402f80690adcefc6aaa6e23529418c4660160; charge_radii.csv sha256 683d028dae93235376ddf7a345f736561ee7c0dba070091912c034bdf740eee6
36,85,Kr,4.1846,0.0022,5.402295370179852,2.3,84,4.1846,nuclear_radii.dat blob 92c402f80690adcefc6aaa6e23529418c4660160; charge_radii.csv sha256 683d028dae93235376ddf7a345f736561ee7c0dba070091912c034bdf740eee6
36,86,Kr,4.1835,0.0021,5.400875276286243,2.3,84,4.1835,nuclear_radii.dat blob 92c402f80690adcefc6aaa6e23529418c4660160; charge_radii.csv sha256 683d028dae93235376ddf7a345f736561ee7c0dba070091912c034bdf740eee6
36,87,Kr,4.1984,0.0027,5.420111093572407,2.3,84,4.1984,nuclear_radii.dat blob 92c402f80690adcefc6aaa6e23529418c4660160; charge_radii.csv sha256 683d028dae93235376ddf7a345f736561ee7c0dba070091912c034bdf740eee6
36,88,Kr,4.2171,0.0043,5.444252689763766,2.3,84,4.2171,nuclear_radii.dat blob 92c402f80690adcefc6aaa6e23529418c4660160; charge_radii.csv sha256 683d028dae93235376ddf7a345f736561ee7c0dba070091912c034bdf740eee6
36,89,Kr,4.2286,0.0054,5.459099125924228,2.3,84,4.2286,nuclear_radii.dat blob 92c402f80690adcefc6aaa6e23529418c4660160; charge_radii.csv sha256 683d028dae93235376ddf7a345f736561ee7c0dba070091912c034bdf740eee6
36,90,Kr,4.2423,0.0069,5.476785749871908,2.3,84,4.2423,nuclear_radii.dat blob 92c402f80690adcefc6aaa6e23529418c4660160; charge_radii.csv sha256 683d028dae93235376ddf7a345f736561ee7c0dba070091912c034bdf740eee6
36,91,Kr,4.2543,0.0081,5.492277683256737,2.3,84,4.2543,nuclear_radii.dat blob 92c402f80690adcefc6aaa6e23529418c4660160; charge_radii.csv sha256 683d028dae93235376ddf7a345f736561ee7c0dba070091912c034bdf740eee6
36,92,Kr,4.2724,0.0099,5.515644682778856,2.3,84,4.2724,nuclear_radii.dat blob 92c402f80690adcefc6aaa6e23529418c4660160; charge_radii.csv sha256 683d028dae93235376ddf7a345f736561ee7c0dba070091912c034bdf740eee6
36,93,Kr,4.2794,0.0107,5.524681643920006,2.3,84,4.2794,nuclear_radii.dat blob 92c402f80690adcefc6aaa6e23529418c4660160; charge_radii.csv sha256 683d028dae93235376ddf7a345f736561ee7c0dba070091912c034bdf740eee6
36,94,Kr,4.3002,0.0129,5.5515343284537115,2.3,84,4.3002,nuclear_radii.dat blob 92c402f80690adcefc6aaa6e23529418c4660160; charge_radii.csv sha256 683d028dae93235376ddf7a345f736561ee7c0dba070091912c034bdf740eee6
36,95,Kr,4.3067,0.0136,5.559925792370494,2.3,84,4.3067,nuclear_radii.dat blob 92c402f80690adcefc6aaa6e23529418c4660160; charge_radii.csv sha256 683d028dae93235376ddf7a345f736561ee7c0dba070091912c034bdf740eee6
36,96,Kr,4.3267,0.0158,5.58574568134521,2.3,84,4.3267,nuclear_radii.dat blob 92c402f80690adcefc6aaa6e23529418c4660160; charge_radii.csv sha256 683d028dae93235376ddf7a345f736561ee7c0dba070091912c034bdf740eee6
37,76,Rb,4.2273,0.0070,5.457420833140871,2.3,85,4.2273,nuclear_radii.dat blob 92c402f80690adcefc6aaa6e23529418c4660160; charge_radii.csv sha256 683d028dae93235376ddf7a345f736561ee7c0dba070091912c034bdf740eee6
37,77,Rb,4.2356,0.0080,5.468136087065378,2.3,85,4.2356,nuclear_radii.dat blob 92c402f80690adcefc6aaa6e23529418c4660160; charge_radii.csv sha256 683d028dae93235376ddf7a345f736561ee7c0dba070091912c034bdf740eee6
37,78,Rb,4.2385,0.0083,5.471879970966712,2.3,85,4.2385,nuclear_radii.dat blob 92c402f80690adcefc6aaa6e23529418c4660160; charge_radii.csv sha256 683d028dae93235376ddf7a345f736561ee7c0dba070091912c034bdf740eee6
37,79,Rb,4.2284,0.0065,5.45884092703448,2.3,85,4.2284,nuclear_radii.dat blob 92c402f80690adcefc6aaa6e23529418c4660160; charge_radii.csv sha256 683d028dae93235376ddf7a345f736561ee7c0dba070091912c034bdf740eee6
37,80,Rb,4.2271,0.0061,5.457162634251124,2.3,85,4.2271,nuclear_radii.dat blob 92c402f80690adcefc6aaa6e23529418c4660160; charge_radii.csv sha256 683d028dae93235376ddf7a345f736561ee7c0dba070091912c034bdf740eee6
37,81,Rb,4.2213,0.0051,5.449674866448457,2.3,85,4.2213,nuclear_radii.dat blob 92c402f80690adcefc6aaa6e23529418c4660160; charge_radii.csv sha256 683d028dae93235376ddf7a345f736561ee7c0dba070091912c034bdf740eee6
37,82,Rb,4.216,0.0042,5.442832595870157,2.3,85,4.2160,nuclear_radii.dat blob 92c402f80690adcefc6aaa6e23529418c4660160; charge_radii.csv sha256 683d028dae93235376ddf7a345f736561ee7c0dba070091912c034bdf740eee6
37,83,Rb,4.2058,0.0028,5.429664452493051,2.3,85,4.2058,nuclear_radii.dat blob 92c402f80690adcefc6aaa6e23529418c4660160; charge_radii.csv sha256 683d028dae93235376ddf7a345f736561ee7c0dba070091912c034bdf740eee6
37,84,Rb,4.1999,0.0023,5.422047585245511,2.3,85,4.1999,nuclear_radii.dat blob 92c402f80690adcefc6aaa6e23529418c4660160; charge_radii.csv sha256 683d028dae93235376ddf7a345f736561ee7c0dba070091912c034bdf740eee6
37,85,Rb,4.2036,0.0024,5.426824264705832,2.3,85,4.2036,nuclear_radii.dat blob 92c402f80690adcefc6aaa6e23529418c4660160; charge_radii.csv sha256 683d028dae93235376ddf7a345f736561ee7c0dba070091912c034bdf740eee6
37,86,Rb,4.2025,0.0023,5.4254041708122225,2.3,85,4.2025,nuclear_radii.dat blob 92c402f80690adcefc6aaa6e23529418c4660160; charge_radii.csv sha256 683d028dae93235376ddf7a345f736561ee7c0dba070091912c034bdf740eee6
37,87,Rb,4.1989,0.0021,5.420756590796774,2.3,85,4.1989,nuclear_radii.dat blob 92c402f80690adcefc6aaa6e23529418c4660160; charge_radii.csv sha256 683d028dae93235376ddf7a345f736561ee7c0dba070091912c034bdf740eee6
37,88,Rb,4.217,0.0038,5.444123590318892,2.3,85,4.2170,nuclear_radii.dat blob 92c402f80690adcefc6aaa6e23529418c4660160; charge_radii.csv sha256 683d028dae93235376ddf7a345f736561ee7c0dba070091912c034bdf740eee6
37,89,Rb,4.2391,0.0074,5.472654567635953,2.3,85,4.2391,nuclear_radii.dat blob 92c402f80690adcefc6aaa6e23529418c4660160; charge_radii.csv sha256 683d028dae93235376ddf7a345f736561ee7c0dba070091912c034bdf740eee6
37,90,Rb,4.2554,0.0102,5.493697777150347,2.3,85,4.2554,nuclear_radii.dat blob 92c402f80690adcefc6aaa6e23529418c4660160; charge_radii.csv sha256 683d028dae93235376ddf7a345f736561ee7c0dba070091912c034bdf740eee6
37,91,Rb,4.2723,0.0131,5.515515583333983,2.3,85,4.2723,nuclear_radii.dat blob 92c402f80690adcefc6aaa6e23529418c4660160; charge_radii.csv sha256 683d028dae93235376ddf7a345f736561ee7c0dba070091912c034bdf740eee6
37,92,Rb,4.2903,0.0163,5.538753483411227,2.3,85,4.2903,nuclear_radii.dat blob 92c402f80690adcefc6aaa6e23529418c4660160; charge_radii.csv sha256 683d028dae93235376ddf7a345f736561ee7c0dba070091912c034bdf740eee6
37,93,Rb,4.3048,0.0187,5.557472902917896,2.3,85,4.3048,nuclear_radii.dat blob 92c402f80690adcefc6aaa6e23529418c4660160; charge_radii.csv sha256 683d028dae93235376ddf7a345f736561ee7c0dba070091912c034bdf740eee6
37,94,Rb,4.3184,0.0211,5.575030427420702,2.3,85,4.3184,nuclear_radii.dat blob 92c402f80690adcefc6aaa6e23529418c4660160; charge_radii.csv sha256 683d028dae93235376ddf7a345f736561ee7c0dba070091912c034bdf740eee6
37,95,Rb,4.3391,0.0248,5.601754012509534,2.3,85,4.3391,nuclear_radii.dat blob 92c402f80690adcefc6aaa6e23529418c4660160; charge_radii.csv sha256 683d028dae93235376ddf7a345f736561ee7c0dba070091912c034bdf740eee6
37,96,Rb,4.3501,0.0267,5.615954951445628,2.3,85,4.3501,nuclear_radii.dat blob 92c402f80690adcefc6aaa6e23529418c4660160; charge_radii.csv sha256 683d028dae93235376ddf7a345f736561ee7c0dba070091912c034bdf740eee6
37,97,Rb,4.4231,0.0395,5.710197546203341,2.3,85,4.4231,nuclear_radii.dat blob 92c402f80690adcefc6aaa6e23529418c4660160; charge_radii.csv sha256 683d028dae93235376ddf7a345f736561ee7c0dba070091912c034bdf740eee6
37,98,Rb,4.4336,0.0414,5.723752987915068,2.3,85,4.4336,nuclear_radii.dat blob 92c402f80690adcefc6aaa6e23529418c4660160; charge_radii.csv sha256 683d028dae93235376ddf7a345f736561ee7c0dba070091912c034bdf740eee6
38,77,Sr,4.2569,0.0044,5.4956342688234505,2.3,88,4.2569,nuclear_radii.dat blob 92c402f80690adcefc6aaa6e23529418c4660160; charge_radii.csv sha256 683d028dae93235376ddf7a345f736561ee7c0dba070091912c034bdf740eee6
38,78,Sr,4.2561,0.0040,5.494601473264463,2.3,88,4.2561,nuclear_radii.dat blob 92c402f80690adcefc6aaa6e23529418c4660160; charge_radii.csv sha256 683d028dae93235376ddf7a345f736561ee7c0dba070091912c034bdf740eee6
38,79,Sr,4.2586,0.0039,5.497828959386302,2.3,88,4.2586,nuclear_radii.dat blob 92c402f80690adcefc6aaa6e23529418c4660160; charge_radii.csv sha256 683d028dae93235376ddf7a345f736561ee7c0dba070091912c034bdf740eee6
38,80,Sr,4.2562,0.0037,5.494730572709336,2.3,88,4.2562,nuclear_radii.dat blob 92c402f80690adcefc6aaa6e23529418c4660160; charge_radii.csv sha256 683d028dae93235376ddf7a345f736561ee7c0dba070091912c034bdf740eee6
38,81,Sr,4.2547,0.0034,5.492794081036232,2.3,88,4.2547,nuclear_radii.dat blob 92c402f80690adcefc6aaa6e23529418c4660160; charge_radii.csv sha256 683d028dae93235376ddf7a345f736561ee7c0dba070091912c034bdf740eee6
38,82,Sr,4.2478,0.0030,5.483886219339955,2.3,88,4.2478,nuclear_radii.dat blob 92c402f80690adcefc6aaa6e23529418c4660160; charge_radii.csv sha256 683d028dae93235376ddf7a345f736561ee7c0dba070091912c034bdf740eee6
38,83,Sr,4.2455,0.0027,5.480916932107863,2.3,88,4.2455,nuclear_radii.dat blob 92c402f80690adcefc6aaa6e23529418c4660160; charge_radii.csv sha256 683d028dae93235376ddf7a345f736561ee7c0dba070091912c034bdf740eee6
38,84,Sr,4.2394,0.0024,5.473041865970574,2.3,88,4.2394,nuclear_radii.dat blob 92c402f80690adcefc6aaa6e23529418c4660160; charge_radii.csv sha256 683d028dae93235376ddf7a345f736561ee7c0dba070091912c034bdf740eee6
38,85,Sr,4.2304,0.0021,5.461422915931952,2.3,88,4.2304,nuclear_radii.dat blob 92c402f80690adcefc6aaa6e23529418c4660160; charge_radii.csv sha256 683d028dae93235376ddf7a345f736561ee7c0dba070091912c034bdf740eee6
38,86,Sr,4.2307,0.0020,5.461810214266572,2.3,88,4.2307,nuclear_radii.dat blob 92c402f80690adcefc6aaa6e23529418c4660160; charge_radii.csv sha256 683d028dae93235376ddf7a345f736561ee7c0dba070091912c034bdf740eee6
38,87,Sr,4.2249,0.0019,5.454322446463905,2.3,88,4.2249,nuclear_radii.dat blob 92c402f80690adcefc6aaa6e23529418c4660160; charge_radii.csv sha256 683d028dae93235376ddf7a345f736561ee7c0dba070091912c034bdf740eee6
38,88,Sr,4.224,0.0018,5.453160551460043,2.3,88,4.2240,nuclear_radii.dat blob 92c402f80690adcefc6aaa6e23529418c4660160; charge_radii.csv sha256 683d028dae93235376ddf7a345f736561ee7c0dba070091912c034bdf740eee6
38,89,Sr,4.2407,0.0023,5.474720158753931,2.3,88,4.2407,nuclear_radii.dat blob 92c402f80690adcefc6aaa6e23529418c4660160; charge_radii.csv sha256 683d028dae93235376ddf7a345f736561ee7c0dba070091912c034bdf740eee6
38,90,Sr,4.2611,0.0037,5.501056445508141,2.3,88,4.2611,nuclear_radii.dat blob 92c402f80690adcefc6aaa6e23529418c4660160; charge_radii.csv sha256 683d028dae93235376ddf7a345f736561ee7c0dba070091912c034bdf740eee6
38,91,Sr,4.274,0.0046,5.517710273896833,2.3,88,4.2740,nuclear_radii.dat blob 92c402f80690adcefc6aaa6e23529418c4660160; charge_radii.csv sha256 683d028dae93235376ddf7a345f736561ee7c0dba070091912c034bdf740eee6
38,92,Sr,4.2924,0.0064,5.541464571753572,2.3,88,4.2924,nuclear_radii.dat blob 92c402f80690adcefc6aaa6e23529418c4660160; charge_radii.csv sha256 683d028dae93235376ddf7a345f736561ee7c0dba070091912c034bdf740eee6
38,93,Sr,4.3026,0.0075,5.554632715130677,2.3,88,4.3026,nuclear_radii.dat blob 92c402f80690adcefc6aaa6e23529418c4660160; charge_radii.csv sha256 683d028dae93235376ddf7a345f736561ee7c0dba070091912c034bdf740eee6
38,94,Sr,4.3191,0.0091,5.575934123534817,2.3,88,4.3191,nuclear_radii.dat blob 92c402f80690adcefc6aaa6e23529418c4660160; charge_radii.csv sha256 683d028dae93235376ddf7a345f736561ee7c0dba070091912c034bdf740eee6
38,95,Sr,4.3305,0.0102,5.590651460250406,2.3,88,4.3305,nuclear_radii.dat blob 92c402f80690adcefc6aaa6e23529418c4660160; charge_radii.csv sha256 683d028dae93235376ddf7a345f736561ee7c0dba070091912c034bdf740eee6
38,96,Sr,4.3522,0.0125,5.618666039787973,2.3,88,4.3522,nuclear_radii.dat blob 92c402f80690adcefc6aaa6e23529418c4660160; charge_radii.csv sha256 683d028dae93235376ddf7a345f736561ee7c0dba070091912c034bdf740eee6
38,97,Sr,4.3625,0.0135,5.631963282609951,2.3,88,4.3625,nuclear_radii.dat blob 92c402f80690adcefc6aaa6e23529418c4660160; charge_radii.csv sha256 683d028dae93235376ddf7a345f736561ee7c0dba070091912c034bdf740eee6
38,98,Sr,4.4377,0.0214,5.729046065154885,2.3,88,4.4377,nuclear_radii.dat blob 92c402f80690adcefc6aaa6e23529418c4660160; charge_radii.csv sha256 683d028dae93235376ddf7a345f736561ee7c0dba070091912c034bdf740eee6
38,99,Sr,4.4495,0.0226,5.744279799649966,2.3,88,4.4495,nuclear_radii.dat blob 92c402f80690adcefc6aaa6e23529418c4660160; charge_radii.csv sha256 683d028dae93235376ddf7a345f736561ee7c0dba070091912c034bdf740eee6
38,100,Sr,4.464,0.0240,5.762999219156637,2.3,88,4.4640,nuclear_radii.dat blob 92c402f80690adcefc6aaa6e23529418c4660160; charge_radii.csv sha256 683d028dae93235376ddf7a345f736561ee7c0dba070091912c034bdf740eee6
39,86,Y,4.2513,0.0023,5.48840469991053,2.3,89,4.2513,nuclear_radii.dat blob 92c402f80690adcefc6aaa6e23529418c4660160; charge_radii.csv sha256 683d028dae93235376ddf7a345f736561ee7c0dba070091912c034bdf740eee6
39,87,Y,4.2498,0.0022,5.486468208237426,2.3,89,4.2498,nuclear_radii.dat blob 92c402f80690adcefc6aaa6e23529418c4660160; charge_radii.csv sha256 683d028dae93235376ddf7a345f736561ee7c0dba070091912c034bdf740eee6
39,88,Y,4.2441,0.0021,5.479109539879633,2.3,89,4.2441,nuclear_radii.dat blob 92c402f80690adcefc6aaa6e23529418c4660160; charge_radii.csv sha256 683d028dae93235376ddf7a345f736561ee7c0dba070091912c034bdf740eee6
39,89,Y,4.243,0.0021,5.477689445986024,2.3,89,4.2430,nuclear_radii.dat blob 92c402f80690adcefc6aaa6e23529418c4660160; charge_radii.csv sha256 683d028dae93235376ddf7a345f736561ee7c0dba070091912c034bdf740eee6
39,90,Y,4.2573,0.0026,5.496150666602945,2.3,89,4.2573,nuclear_radii.dat blob 92c402f80690adcefc6aaa6e23529418c4660160; charge_radii.csv sha256 683d028dae93235376ddf7a345f736561ee7c0dba070091912c034bdf740eee6
39,92,Y,4.2887,0.0050,5.53668789229325,2.3,89,4.2887,nuclear_radii.dat blob 92c402f80690adcefc6aaa6e23529418c4660160; charge_radii.csv sha256 683d028dae93235376ddf7a345f736561ee7c0dba070091912c034bdf740eee6
39,93,Y,4.3052,0.0065,5.557989300697391,2.3,89,4.3052,nuclear_radii.dat blob 92c402f80690adcefc6aaa6e23529418c4660160; charge_radii.csv sha256 683d028dae93235376ddf7a345f736561ee7c0dba070091912c034bdf740eee6
39,94,Y,4.3142,0.0074,5.569608250736012,2.3,89,4.3142,nuclear_radii.dat blob 92c402f80690adcefc6aaa6e23529418c4660160; charge_radii.csv sha256 683d028dae93235376ddf7a345f736561ee7c0dba070091912c034bdf740eee6
39,95,Y,4.3284,0.0087,5.587940371908061,2.3,89,4.3284,nuclear_radii.dat blob 92c402f80690adcefc6aaa6e23529418c4660160; charge_radii.csv sha256 683d028dae93235376ddf7a345f736561ee7c0dba070091912c034bdf740eee6
39,96,Y,4.3402,0.0099,5.603174106403144,2.3,89,4.3402,nuclear_radii.dat blob 92c402f80690adcefc6aaa6e23529418c4660160; charge_radii.csv sha256 683d028dae93235376ddf7a345f736561ee7c0dba070091912c034bdf740eee6
39,97,Y,4.358,0.0116,5.62615380759064,2.3,89,4.3580,nuclear_radii.dat blob 92c402f80690adcefc6aaa6e23529418c4660160; charge_radii.csv sha256 683d028dae93235376ddf7a345f736561ee7c0dba070091912c034bdf740eee6
39,98,Y,4.3711,0.0129,5.6430658348690805,2.3,89,4.3711,nuclear_radii.dat blob 92c402f80690adcefc6aaa6e23529418c4660160; charge_radii.csv sha256 683d028dae93235376ddf7a345f736561ee7c0dba070091912c034bdf740eee6
39,99,Y,4.4658,0.0223,5.76532300916436,2.3,89,4.4658,nuclear_radii.dat blob 92c402f80690adcefc6aaa6e23529418c4660160; charge_radii.csv sha256 683d028dae93235376ddf7a345f736561ee7c0dba070091912c034bdf740eee6
39,100,Y,4.4705,0.0228,5.771390683073419,2.3,89,4.4705,nuclear_radii.dat blob 92c402f80690adcefc6aaa6e23529418c4660160; charge_radii.csv sha256 683d028dae93235376ddf7a345f736561ee7c0dba070091912c034bdf740eee6
39,101,Y,4.4863,0.0244,5.791788395363445,2.3,89,4.4863,nuclear_radii.dat blob 92c402f80690adcefc6aaa6e23529418c4660160; charge_radii.csv sha256 683d028dae93235376ddf7a345f736561ee7c0dba070091912c034bdf740eee6
39,102,Y,4.4911,0.0249,5.797985168717377,2.3,89,4.4911,nuclear_radii.dat blob 92c402f80690adcefc6aaa6e23529418c4660160; charge_radii.csv sha256 683d028dae93235376ddf7a345f736561ee7c0dba070091912c034bdf740eee6
40,87,Zr,4.2789,0.0030,5.5240361466956385,2.3,90,4.2789,nuclear_radii.dat blob 92c402f80690adcefc6aaa6e23529418c4660160; charge_radii.csv sha256 683d028dae93235376ddf7a345f736561ee7c0dba070091912c034bdf740eee6
40,88,Zr,4.2787,0.0025,5.5237779478058915,2.3,90,4.2787,nuclear_radii.dat blob 92c402f80690adcefc6aaa6e23529418c4660160; charge_radii.csv sha256 683d028dae93235376ddf7a345f736561ee7c0dba070091912c034bdf740eee6
40,89,Zr,4.2706,0.0010,5.513320892771131,2.3,90,4.2706,nuclear_radii.dat blob 92c402f80690adcefc6aaa6e23529418c4660160; charge_radii.csv sha256 683d028dae93235376ddf7a345f736561ee7c0dba070091912c034bdf740eee6
40,90,Zr,4.2694,0.0010,5.511771699432648,2.3,90,4.2694,nuclear_radii.dat blob 92c402f80690adcefc6aaa6e23529418c4660160; charge_radii.csv sha256 683d028dae93235376ddf7a345f736561ee7c0dba070091912c034bdf740eee6
40,91,Zr,4.2845,0.0013,5.531265715608559,2.3,90,4.2845,nuclear_radii.dat blob 92c402f80690adcefc6aaa6e23529418c4660160; charge_radii.csv sha256 683d028dae93235376ddf7a345f736561ee7c0dba070091912c034bdf740eee6
40,92,Zr,4.3057,0.0013,5.558634797921758,2.3,90,4.3057,nuclear_radii.dat blob 92c402f80690adcefc6aaa6e23529418c4660160; charge_radii.csv sha256 683d028dae93235376ddf7a345f736561ee7c0dba070091912c034bdf740eee6
40,94,Zr,4.332,0.0013,5.59258795192351,2.3,90,4.3320,nuclear_radii.dat blob 92c402f80690adcefc6aaa6e23529418c4660160; charge_radii.csv sha256 683d028dae93235376ddf7a345f736561ee7c0dba070091912c034bdf740eee6
40,96,Zr,4.3512,0.0015,5.617375045339238,2.3,90,4.3512,nuclear_radii.dat blob 92c402f80690adcefc6aaa6e23529418c4660160; charge_radii.csv sha256 683d028dae93235376ddf7a345f736561ee7c0dba070091912c034bdf740eee6
40,97,Zr,4.3792,0.0136,5.65352288990384,2.3,90,4.3792,nuclear_radii.dat blob 92c402f80690adcefc6aaa6e23529418c4660160; charge_radii.csv sha256 683d028dae93235376ddf7a345f736561ee7c0dba070091912c034bdf740eee6
40,98,Zr,4.4012,0.0164,5.681924767776028,2.3,90,4.4012,nuclear_radii.dat blob 92c402f80690adcefc6aaa6e23529418c4660160; charge_radii.csv sha256 683d028dae93235376ddf7a345f736561ee7c0dba070091912c034bdf740eee6
40,99,Zr,4.4156,0.0181,5.7005150878378235,2.3,90,4.4156,nuclear_radii.dat blob 92c402f80690adcefc6aaa6e23529418c4660160; charge_radii.csv sha256 683d028dae93235376ddf7a345f736561ee7c0dba070091912c034bdf740eee6
40,100,Zr,4.4891,0.0289,5.795403179819904,2.3,90,4.4891,nuclear_radii.dat blob 92c402f80690adcefc6aaa6e23529418c4660160; charge_radii.csv sha256 683d028dae93235376ddf7a345f736561ee7c0dba070091912c034bdf740eee6
40,101,Zr,4.5119,0.0318,5.824837853251081,2.3,90,4.5119,nuclear_radii.dat blob 92c402f80690adcefc6aaa6e23529418c4660160; charge_radii.csv sha256 683d028dae93235376ddf7a345f736561ee7c0dba070091912c034bdf740eee6
40,102,Zr,4.5292,0.0340,5.847172057214211,2.3,90,4.5292,nuclear_radii.dat blob 92c402f80690adcefc6aaa6e23529418c4660160; charge_radii.csv sha256 683d028dae93235376ddf7a345f736561ee7c0dba070091912c034bdf740eee6
41,90,Nb,4.2891,0.0040,5.5372042900727445,2.3,93,4.2891,nuclear_radii.dat blob 92c402f80690adcefc6aaa6e23529418c4660160; charge_radii.csv sha256 683d028dae93235376ddf7a345f736561ee7c0dba070091912c034bdf740eee6
41,91,Nb,4.2878,0.0040,5.535525997289387,2.3,93,4.2878,nuclear_radii.dat blob 92c402f80690adcefc6aaa6e23529418c4660160; charge_radii.csv sha256 683d028dae93235376ddf7a345f736561ee7c0dba070091912c034bdf740eee6
41,92,Nb,4.3026,0.0043,5.554632715130677,2.3,93,4.3026,nuclear_radii.dat blob 92c402f80690adcefc6aaa6e23529418c4660160; charge_radii.csv sha256 683d028dae93235376ddf7a345f736561ee7c0dba070091912c034bdf740eee6
41,93,Nb,4.324,0.0017,5.582259996333623,2.3,93,4.3240,nuclear_radii.dat blob 92c402f80690adcefc6aaa6e23529418c4660160; charge_radii.csv sha256 683d028dae93235376ddf7a345f736561ee7c0dba070091912c034bdf740eee6
41,99,Nb,4.4062,0.0125,5.688379740019707,2.3,93,4.4062,nuclear_radii.dat blob 92c402f80690adcefc6aaa6e23529418c4660160; charge_radii.csv sha256 683d028dae93235376ddf7a345f736561ee7c0dba070091912c034bdf740eee6
41,101,Nb,4.4861,0.0203,5.791530196473698,2.3,93,4.4861,nuclear_radii.dat blob 92c402f80690adcefc6aaa6e23529418c4660160; charge_radii.csv sha256 683d028dae93235376ddf7a345f736561ee7c0dba070091912c034bdf740eee6
41,103,Nb,4.5097,0.0227,5.821997665463862,2.3,93,4.5097,nuclear_radii.dat blob 92c402f80690adcefc6aaa6e23529418c4660160; charge_radii.csv sha256 683d028dae93235376ddf7a345f736561ee7c0dba070091912c034bdf740eee6
42,90,Mo,4.3265,0.0016,5.585487482455464,2.3,98,4.3265,nuclear_radii.dat blob 92c402f80690adcefc6aaa6e23529418c4660160; charge_radii.csv sha256 683d028dae93235376ddf7a345f736561ee7c0dba070091912c034bdf740eee6
42,91,Mo,4.3182,0.0012,5.574772228530956,2.3,98,4.3182,nuclear_radii.dat blob 92c402f80690adcefc6aaa6e23529418c4660160; charge_radii.csv sha256 683d028dae93235376ddf7a345f736561ee7c0dba070091912c034bdf740eee6
42,92,Mo,4.3151,0.0012,5.570770145739875,2.3,98,4.3151,nuclear_radii.dat blob 92c402f80690adcefc6aaa6e23529418c4660160; charge_radii.csv sha256 683d028dae93235376ddf7a345f736561ee7c0dba070091912c034bdf740eee6
42,94,Mo,4.3529,0.0013,5.619569735902088,2.3,98,4.3529,nuclear_radii.dat blob 92c402f80690adcefc6aaa6e23529418c4660160; charge_radii.csv sha256 683d028dae93235376ddf7a345f736561ee7c0dba070091912c034bdf740eee6
42,95,Mo,4.3628,0.0018,5.632350580944573,2.3,98,4.3628,nuclear_radii.dat blob 92c402f80690adcefc6aaa6e23529418c4660160; charge_radii.csv sha256 683d028dae93235376ddf7a345f736561ee7c0dba070091912c034bdf740eee6
42,96,Mo,4.3847,0.0015,5.660623359371886,2.3,98,4.3847,nuclear_radii.dat blob 92c402f80690adcefc6aaa6e23529418c4660160; charge_radii.csv sha256 683d028dae93235376ddf7a345f736561ee7c0dba070091912c034bdf740eee6
42,97,Mo,4.388,0.0015,5.664883641052715,2.3,98,4.3880,nuclear_radii.dat blob 92c402f80690adcefc6aaa6e23529418c4660160; charge_radii.csv sha256 683d028dae93235376ddf7a345f736561ee7c0dba070091912c034bdf740eee6
42,98,Mo,4.4091,0.0018,5.69212362392104,2.3,98,4.4091,nuclear_radii.dat blob 92c402f80690adcefc6aaa6e23529418c4660160; charge_radii.csv sha256 683d028dae93235376ddf7a345f736561ee7c0dba070091912c034bdf740eee6
42,100,Mo,4.4468,0.0025,5.74079411463838,2.3,98,4.4468,nuclear_radii.dat blob 92c402f80690adcefc6aaa6e23529418c4660160; charge_radii.csv sha256 683d028dae93235376ddf7a345f736561ee7c0dba070091912c034bdf740eee6
42,102,Mo,4.4914,0.0038,5.798372467051997,2.3,98,4.4914,nuclear_radii.dat blob 92c402f80690adcefc6aaa6e23529418c4660160; charge_radii.csv sha256 683d028dae93235376ddf7a345f736561ee7c0dba070091912c034bdf740eee6
42,103,Mo,4.5145,0.0046,5.828194438817794,2.3,98,4.5145,nuclear_radii.dat blob 92c402f80690adcefc6aaa6e23529418c4660160; charge_radii.csv sha256 683d028dae93235376ddf7a345f736561ee7c0dba070091912c034bdf740eee6
42,104,Mo,4.5249,0.0051,5.8416207810846466,2.3,98,4.5249,nuclear_radii.dat blob 92c402f80690adcefc6aaa6e23529418c4660160; charge_radii.csv sha256 683d028dae93235376ddf7a345f736561ee7c0dba070091912c034bdf740eee6
42,105,Mo,4.5389,0.0057,5.859694703366948,2.3,98,4.5389,nuclear_radii.dat blob 92c402f80690adcefc6aaa6e23529418c4660160; charge_radii.csv sha256 683d028dae93235376ddf7a345f736561ee7c0dba070091912c034bdf740eee6
42,106,Mo,4.549,0.0058,5.87273374729918,2.3,98,4.5490,nuclear_radii.dat blob 92c402f80690adcefc6aaa6e23529418c4660160; charge_radii.csv sha256 683d028dae93235376ddf7a345f736561ee7c0dba070091912c034bdf740eee6
42,108,Mo,4.5602,0.0067,5.887192885125021,2.3,98,4.5602,nuclear_radii.dat blob 92c402f80690adcefc6aaa6e23529418c4660160; charge_radii.csv sha256 683d028dae93235376ddf7a345f736561ee7c0dba070091912c034bdf740eee6
44,96,Ru,4.3908,0.0047,5.668498425509175,2.3,102,4.3908,nuclear_radii.dat blob 92c402f80690adcefc6aaa6e23529418c4660160; charge_radii.csv sha256 683d028dae93235376ddf7a345f736561ee7c0dba070091912c034bdf740eee6
44,98,Ru,4.4229,0.0055,5.709939347313595,2.3,102,4.4229,nuclear_radii.dat blob 92c402f80690adcefc6aaa6e23529418c4660160; charge_radii.csv sha256 683d028dae93235376ddf7a345f736561ee7c0dba070091912c034bdf740eee6
44,99,Ru,4.4338,0.0042,5.724011186804814,2.3,102,4.4338,nuclear_radii.dat blob 92c402f80690adcefc6aaa6e23529418c4660160; charge_radii.csv sha256 683d028dae93235376ddf7a345f736561ee7c0dba070091912c034bdf740eee6
44,100,Ru,4.4531,0.0031,5.748927379665416,2.3,102,4.4531,nuclear_radii.dat blob 92c402f80690adcefc6aaa6e23529418c4660160; charge_radii.csv sha256 683d028dae93235376ddf7a345f736561ee7c0dba070091912c034bdf740eee6
44,101,Ru,4.4606,0.0020,5.758609838030935,2.3,102,4.4606,nuclear_radii.dat blob 92c402f80690adcefc6aaa6e23529418c4660160; charge_radii.csv sha256 683d028dae93235376ddf7a345f736561ee7c0dba070091912c034bdf740eee6
44,102,Ru,4.4809,0.0018,5.7848170253402715,2.3,102,4.4809,nuclear_radii.dat blob 92c402f80690adcefc6aaa6e23529418c4660160; charge_radii.csv sha256 683d028dae93235376ddf7a345f736561ee7c0dba070091912c034bdf740eee6
44,104,Ru,4.5098,0.0020,5.822126764908736,2.3,102,4.5098,nuclear_radii.dat blob 92c402f80690adcefc6aaa6e23529418c4660160; charge_radii.csv sha256 683d028dae93235376ddf7a345f736561ee7c0dba070091912c034bdf740eee6
45,103,Rh,4.4945,0.0023,5.802374549843079,2.3,103,4.4945,nuclear_radii.dat blob 92c402f80690adcefc6aaa6e23529418c4660160; charge_radii.csv sha256 683d028dae93235376ddf7a345f736561ee7c0dba070091912c034bdf740eee6
46,102,Pd,4.4827,0.0044,5.787140815347996,2.3,106,4.4827,nuclear_radii.dat blob 92c402f80690adcefc6aaa6e23529418c4660160; charge_radii.csv sha256 683d028dae93235376ddf7a345f736561ee7c0dba070091912c034bdf740eee6
46,104,Pd,4.5078,0.0027,5.819544776011264,2.3,106,4.5078,nuclear_radii.dat blob 92c402f80690adcefc6aaa6e23529418c4660160; charge_radii.csv sha256 683d028dae93235376ddf7a345f736561ee7c0dba070091912c034bdf740eee6
46,105,Pd,4.515,0.0030,5.828839936042161,2.3,106,4.5150,nuclear_radii.dat blob 92c402f80690adcefc6aaa6e23529418c4660160; charge_radii.csv sha256 683d028dae93235376ddf7a345f736561ee7c0dba070091912c034bdf740eee6
46,106,Pd,4.5318,0.0029,5.850528642780923,2.3,106,4.5318,nuclear_radii.dat blob 92c402f80690adcefc6aaa6e23529418c4660160; charge_radii.csv sha256 683d028dae93235376ddf7a345f736561ee7c0dba070091912c034bdf740eee6
46,108,Pd,4.5563,0.0027,5.882158006774952,2.3,106,4.5563,nuclear_radii.dat blob 92c402f80690adcefc6aaa6e23529418c4660160; charge_radii.csv sha256 683d028dae93235376ddf7a345f736561ee7c0dba070091912c034bdf740eee6
46,110,Pd,4.5782,0.0030,5.910430785202265,2.3,106,4.5782,nuclear_radii.dat blob 92c402f80690adcefc6aaa6e23529418c4660160; charge_radii.csv sha256 683d028dae93235376ddf7a345f736561ee7c0dba070091912c034bdf740eee6
47,101,Ag,4.4799,0.0088,5.783526030891535,2.3,107,4.4799,nuclear_radii.dat blob 92c402f80690adcefc6aaa6e23529418c4660160; charge_radii.csv sha256 683d028dae93235376ddf7a345f736561ee7c0dba070091912c034bdf740eee6
47,103,Ag,4.5036,0.0065,5.8141225993265735,2.3,107,4.5036,nuclear_radii.dat blob 92c402f80690adcefc6aaa6e23529418c4660160; charge_radii.csv sha256 683d028dae93235376ddf7a345f736561ee7c0dba070091912c034bdf740eee6
47,104,Ag,4.5119,0.0058,5.824837853251081,2.3,107,4.5119,nuclear_radii.dat blob 92c402f80690adcefc6aaa6e23529418c4660160; charge_radii.csv sha256 683d028dae93235376ddf7a345f736561ee7c0dba070091912c034bdf740eee6
47,105,Ag,4.5269,0.0045,5.844202769982119,2.3,107,4.5269,nuclear_radii.dat blob 92c402f80690adcefc6aaa6e23529418c4660160; charge_radii.csv sha256 683d028dae93235376ddf7a345f736561ee7c0dba070091912c034bdf740eee6
47,107,Ag,4.5454,0.0031,5.868086167283731,2.3,107,4.5454,nuclear_radii.dat blob 92c402f80690adcefc6aaa6e23529418c4660160; charge_radii.csv sha256 683d028dae93235376ddf7a345f736561ee7c0dba070091912c034bdf740eee6
47,109,Ag,4.5638,0.0025,5.891840465140469,2.3,107,4.5638,nuclear_radii.dat blob 92c402f80690adcefc6aaa6e23529418c4660160; charge_radii.csv sha256 683d028dae93235376ddf7a345f736561ee7c0dba070091912c034bdf740eee6
48,102,Cd,4.481,0.0122,5.784946124785145,2.3,114,4.4810,nuclear_radii.dat blob 92c402f80690adcefc6aaa6e23529418c4660160; charge_radii.csv sha256 683d028dae93235376ddf7a345f736561ee7c0dba070091912c034bdf740eee6
48,103,Cd,4.4951,0.0105,5.80314914651232,2.3,114,4.4951,nuclear_radii.dat blob 92c402f80690adcefc6aaa6e23529418c4660160; charge_radii.csv sha256 683d028dae93235376ddf7a345f736561ee7c0dba070091912c034bdf740eee6
48,104,Cd,4.5122,0.0083,5.825225151585702,2.3,114,4.5122,nuclear_radii.dat blob 92c402f80690adcefc6aaa6e23529418c4660160; charge_radii.csv sha256 683d028dae93235376ddf7a345f736561ee7c0dba070091912c034bdf740eee6
48,105,Cd,4.5216,0.0070,5.837360499403819,2.3,114,4.5216,nuclear_radii.dat blob 92c402f80690adcefc6aaa6e23529418c4660160; charge_radii.csv sha256 683d028dae93235376ddf7a345f736561ee7c0dba070091912c034bdf740eee6
48,106,Cd,4.5383,0.0036,5.858920106697706,2.3,114,4.5383,nuclear_radii.dat blob 92c402f80690adcefc6aaa6e23529418c4660160; charge_radii.csv sha256 683d028dae93235376ddf7a345f736561ee7c0dba070091912c034bdf740eee6
48,107,Cd,4.5466,0.0039,5.869635360622214,2.3,114,4.5466,nuclear_radii.dat blob 92c402f80690adcefc6aaa6e23529418c4660160; charge_radii.csv sha256 683d028dae93235376ddf7a345f736561ee7c0dba070091912c034bdf740eee6
48,108,Cd,4.5577,0.0031,5.883965399003181,2.3,114,4.5577,nuclear_radii.dat blob 92c402f80690adcefc6aaa6e23529418c4660160; charge_radii.csv sha256 683d028dae93235376ddf7a345f736561ee7c0dba070091912c034bdf740eee6
48,109,Cd,4.5601,0.0035,5.887063785680147,2.3,114,4.5601,nuclear_radii.dat blob 92c402f80690adcefc6aaa6e23529418c4660160; charge_radii.csv sha256 683d028dae93235376ddf7a345f736561ee7c0dba070091912c034bdf740eee6
48,110,Cd,4.5765,0.0026,5.908236094639415,2.3,114,4.5765,nuclear_radii.dat blob 92c402f80690adcefc6aaa6e23529418c4660160; charge_radii.csv sha256 683d028dae93235376ddf7a345f736561ee7c0dba070091912c034bdf740eee6
48,111,Cd,4.5845,0.0058,5.918564050229301,2.3,114,4.5845,nuclear_radii.dat blob 92c402f80690adcefc6aaa6e23529418c4660160; charge_radii.csv sha256 683d028dae93235376ddf7a345f736561ee7c0dba070091912c034bdf740eee6
48,112,Cd,4.5944,0.0024,5.931344895271786,2.3,114,4.5944,nuclear_radii.dat blob 92c402f80690adcefc6aaa6e23529418c4660160; charge_radii.csv sha256 683d028dae93235376ddf7a345f736561ee7c0dba070091912c034bdf740eee6
48,113,Cd,4.6012,0.0028,5.9401236575231895,2.3,114,4.6012,nuclear_radii.dat blob 92c402f80690adcefc6aaa6e23529418c4660160; charge_radii.csv sha256 683d028dae93235376ddf7a345f736561ee7c0dba070091912c034bdf740eee6
48,114,Cd,4.6087,0.0023,5.949806115888707,2.3,114,4.6087,nuclear_radii.dat blob 92c402f80690adcefc6aaa6e23529418c4660160; charge_radii.csv sha256 683d028dae93235376ddf7a345f736561ee7c0dba070091912c034bdf740eee6
48,115,Cd,4.6114,0.0046,5.953291800900294,2.3,114,4.6114,nuclear_radii.dat blob 92c402f80690adcefc6aaa6e23529418c4660160; charge_radii.csv sha256 683d028dae93235376ddf7a345f736561ee7c0dba070091912c034bdf740eee6
48,116,Cd,4.6203,0.0059,5.964781651494043,2.3,114,4.6203,nuclear_radii.dat blob 92c402f80690adcefc6aaa6e23529418c4660160; charge_radii.csv sha256 683d028dae93235376ddf7a345f736561ee7c0dba070091912c034bdf740eee6
48,117,Cd,4.6136,0.0025,5.956131988687512,2.3,114,4.6136,nuclear_radii.dat blob 92c402f80690adcefc6aaa6e23529418c4660160; charge_radii.csv sha256 683d028dae93235376ddf7a345f736561ee7c0dba070091912c034bdf740eee6
48,118,Cd,4.6246,0.0060,5.970332927623606,2.3,114,4.6246,nuclear_radii.dat blob 92c402f80690adcefc6aaa6e23529418c4660160; charge_radii.csv sha256 683d028dae93235376ddf7a345f736561ee7c0dba070091912c034bdf740eee6
48,120,Cd,4.63,0.0069,5.977304297646779,2.3,114,4.6300,nuclear_radii.dat blob 92c402f80690adcefc6aaa6e23529418c4660160; charge_radii.csv sha256 683d028dae93235376ddf7a345f736561ee7c0dba070091912c034bdf740eee6
49,104,In,4.5184,0.0117,5.833229317167864,2.3,115,4.5184,nuclear_radii.dat blob 92c402f80690adcefc6aaa6e23529418c4660160; charge_radii.csv sha256 683d028dae93235376ddf7a345f736561ee7c0dba070091912c034bdf740eee6
49,105,In,4.5311,0.0103,5.849624946666809,2.3,115,4.5311,nuclear_radii.dat blob 92c402f80690adcefc6aaa6e23529418c4660160; charge_radii.csv sha256 683d028dae93235376ddf7a345f736561ee7c0dba070091912c034bdf740eee6
49,106,In,4.5375,0.0095,5.857887311138717,2.3,115,4.5375,nuclear_radii.dat blob 92c402f80690adcefc6aaa6e23529418c4660160; charge_radii.csv sha256 683d028dae93235376ddf7a345f736561ee7c0dba070091912c034bdf740eee6
49,107,In,4.5494,0.0082,5.873250145078674,2.3,115,4.5494,nuclear_radii.dat blob 92c402f80690adcefc6aaa6e23529418c4660160; charge_radii.csv sha256 683d028dae93235376ddf7a345f736561ee7c0dba070091912c034bdf740eee6
49,108,In,4.5571,0.0071,5.88319080233394,2.3,115,4.5571,nuclear_radii.dat blob 92c402f80690adcefc6aaa6e23529418c4660160; charge_radii.csv sha256 683d028dae93235376ddf7a345f736561ee7c0dba070091912c034bdf740eee6
49,109,In,4.5685,0.0061,5.8979081390495285,2.3,115,4.5685,nuclear_radii.dat blob 92c402f80690adcefc6aaa6e23529418c4660160; charge_radii.csv sha256 683d028dae93235376ddf7a345f736561ee7c0dba070091912c034bdf740eee6
49,110,In,4.5742,0.0056,5.9052668074073225,2.3,115,4.5742,nuclear_radii.dat blob 92c402f80690adcefc6aaa6e23529418c4660160; charge_radii.csv sha256 683d028dae93235376ddf7a345f736561ee7c0dba070091912c034bdf740eee6
49,111,In,4.5856,0.0044,5.91998414412291,2.3,115,4.5856,nuclear_radii.dat blob 92c402f80690adcefc6aaa6e23529418c4660160; charge_radii.csv sha256 683d028dae93235376ddf7a345f736561ee7c0dba070091912c034bdf740eee6
49,112,In,4.5907,0.0041,5.9265682158114625,2.3,115,4.5907,nuclear_radii.dat blob 92c402f80690adcefc6aaa6e23529418c4660160; charge_radii.csv sha256 683d028dae93235376ddf7a345f736561ee7c0dba070091912c034bdf740eee6
49,113,In,4.601,0.0031,5.939865458633442,2.3,115,4.6010,nuclear_radii.dat blob 92c402f80690adcefc6aaa6e23529418c4660160; charge_radii.csv sha256 683d028dae93235376ddf7a345f736561ee7c0dba070091912c034bdf740eee6
49,114,In,4.6056,0.0029,5.945804033097626,2.3,115,4.6056,nuclear_radii.dat blob 92c402f80690adcefc6aaa6e23529418c4660160; charge_radii.csv sha256 683d028dae93235376ddf7a345f736561ee7c0dba070091912c034bdf740eee6
49,115,In,4.6156,0.0026,5.958713977584984,2.3,115,4.6156,nuclear_radii.dat blob 92c402f80690adcefc6aaa6e23529418c4660160; charge_radii.csv sha256 683d028dae93235376ddf7a345f736561ee7c0dba070091912c034bdf740eee6
49,116,In,4.6211,0.0027,5.965814447053032,2.3,115,4.6211,nuclear_radii.dat blob 92c402f80690adcefc6aaa6e23529418c4660160; charge_radii.csv sha256 683d028dae93235376ddf7a345f736561ee7c0dba070091912c034bdf740eee6
49,117,In,4.6292,0.0032,5.9762715020877915,2.3,115,4.6292,nuclear_radii.dat blob 92c402f80690adcefc6aaa6e23529418c4660160; charge_radii.csv sha256 683d028dae93235376ddf7a345f736561ee7c0dba070091912c034bdf740eee6
49,118,In,4.6335,0.0033,5.981822778217355,2.3,115,4.6335,nuclear_radii.dat blob 92c402f80690adcefc6aaa6e23529418c4660160; charge_radii.csv sha256 683d028dae93235376ddf7a345f736561ee7c0dba070091912c034bdf740eee6
49,119,In,4.6407,0.0040,5.9911179382482525,2.3,115,4.6407,nuclear_radii.dat blob 92c402f80690adcefc6aaa6e23529418c4660160; charge_radii.csv sha256 683d028dae93235376ddf7a345f736561ee7c0dba070091912c034bdf740eee6
49,120,In,4.6443,0.0042,5.995765518263703,2.3,115,4.6443,nuclear_radii.dat blob 92c402f80690adcefc6aaa6e23529418c4660160; charge_radii.csv sha256 683d028dae93235376ddf7a345f736561ee7c0dba070091912c034bdf740eee6
49,121,In,4.6505,0.0047,6.003769683845864,2.3,115,4.6505,nuclear_radii.dat blob 92c402f80690adcefc6aaa6e23529418c4660160; charge_radii.csv sha256 683d028dae93235376ddf7a345f736561ee7c0dba070091912c034bdf740eee6
49,122,In,4.6534,0.0051,6.007513567747198,2.3,115,4.6534,nuclear_radii.dat blob 92c402f80690adcefc6aaa6e23529418c4660160; charge_radii.csv sha256 683d028dae93235376ddf7a345f736561ee7c0dba070091912c034bdf740eee6
49,123,In,4.6594,0.0056,6.015259534439612,2.3,115,4.6594,nuclear_radii.dat blob 92c402f80690adcefc6aaa6e23529418c4660160; charge_radii.csv sha256 683d028dae93235376ddf7a345f736561ee7c0dba070091912c034bdf740eee6
49,124,In,4.6625,0.0060,6.019261617230693,2.3,115,4.6625,nuclear_radii.dat blob 92c402f80690adcefc6aaa6e23529418c4660160; charge_radii.csv sha256 683d028dae93235376ddf7a345f736561ee7c0dba070091912c034bdf740eee6
49,125,In,4.667,0.0064,6.025071092250005,2.3,115,4.6670,nuclear_radii.dat blob 92c402f80690adcefc6aaa6e23529418c4660160; charge_radii.csv sha256 683d028dae93235376ddf7a345f736561ee7c0dba070091912c034bdf740eee6
49,126,In,4.6702,0.0068,6.02920227448596,2.3,115,4.6702,nuclear_radii.dat blob 92c402f80690adcefc6aaa6e23529418c4660160; charge_radii.csv sha256 683d028dae93235376ddf7a345f736561ee7c0dba070091912c034bdf740eee6
49,127,In,4.6733,0.0071,6.03320435727704,2.3,115,4.6733,nuclear_radii.dat blob 92c402f80690adcefc6aaa6e23529418c4660160; charge_radii.csv sha256 683d028dae93235376ddf7a345f736561ee7c0dba070091912c034bdf740eee6
50,108,Sn,4.5605,0.0029,5.887580183459642,2.3,120,4.5605,nuclear_radii.dat blob 92c402f80690adcefc6aaa6e23529418c4660160; charge_radii.csv sha256 683d028dae93235376ddf7a345f736561ee7c0dba070091912c034bdf740eee6
50,109,Sn,4.5679,0.0027,5.897133542380287,2.3,120,4.5679,nuclear_radii.dat blob 92c402f80690adcefc6aaa6e23529418c4660160; charge_radii.csv sha256 683d028dae93235376ddf7a345f736561ee7c0dba070091912c034bdf740eee6
50,110,Sn,4.5785,0.0025,5.910818083536886,2.3,120,4.5785,nuclear_radii.dat blob 92c402f80690adcefc6aaa6e23529418c4660160; charge_radii.csv sha256 683d028dae93235376ddf7a345f736561ee7c0dba070091912c034bdf740eee6
50,111,Sn,4.5836,0.0024,5.917402155225438,2.3,120,4.5836,nuclear_radii.dat blob 92c402f80690adcefc6aaa6e23529418c4660160; charge_radii.csv sha256 683d028dae93235376ddf7a345f736561ee7c0dba070091912c034bdf740eee6
50,112,Sn,4.5948,0.0022,5.93186129305128,2.3,120,4.5948,nuclear_radii.dat blob 92c402f80690adcefc6aaa6e23529418c4660160; charge_radii.csv sha256 683d028dae93235376ddf7a345f736561ee7c0dba070091912c034bdf740eee6
50,113,Sn,4.6015,0.0021,5.940510955857809,2.3,120,4.6015,nuclear_radii.dat blob 92c402f80690adcefc6aaa6e23529418c4660160; charge_radii.csv sha256 683d028dae93235376ddf7a345f736561ee7c0dba070091912c034bdf740eee6
50,114,Sn,4.6099,0.0020,5.95135530922719,2.3,120,4.6099,nuclear_radii.dat blob 92c402f80690adcefc6aaa6e23529418c4660160; charge_radii.csv sha256 683d028dae93235376ddf7a345f736561ee7c0dba070091912c034bdf740eee6
50,115,Sn,4.6148,0.0019,5.957681182025995,2.3,120,4.6148,nuclear_radii.dat blob 92c402f80690adcefc6aaa6e23529418c4660160; charge_radii.csv sha256 683d028dae93235376ddf7a345f736561ee7c0dba070091912c034bdf740eee6
50,116,Sn,4.625,0.0019,5.970849325403101,2.3,120,4.6250,nuclear_radii.dat blob 92c402f80690adcefc6aaa6e23529418c4660160; charge_radii.csv sha256 683d028dae93235376ddf7a345f736561ee7c0dba070091912c034bdf740eee6
50,117,Sn,4.6302,0.0019,5.977562496536527,2.3,120,4.6302,nuclear_radii.dat blob 92c402f80690adcefc6aaa6e23529418c4660160; charge_radii.csv sha256 683d028dae93235376ddf7a345f736561ee7c0dba070091912c034bdf740eee6
50,118,Sn,4.6393,0.0019,5.9893105460200236,2.3,120,4.6393,nuclear_radii.dat blob 92c402f80690adcefc6aaa6e23529418c4660160; charge_radii.csv sha256 683d028dae93235376ddf7a345f736561ee7c0dba070091912c034bdf740eee6
50,119,Sn,4.6438,0.0020,5.995120021039334,2.3,120,4.6438,nuclear_radii.dat blob 92c402f80690adcefc6aaa6e23529418c4660160; charge_radii.csv sha256 683d028dae93235376ddf7a345f736561ee7c0dba070091912c034bdf740eee6
50,120,Sn,4.6519,0.0021,6.005577076074094,2.3,120,4.6519,nuclear_radii.dat blob 92c402f80690adcefc6aaa6e23529418c4660160; charge_radii.csv sha256 683d028dae93235376ddf7a345f736561ee7c0dba070091912c034bdf740eee6
50,121,Sn,4.6566,0.0021,6.0116447499831525,2.3,120,4.6566,nuclear_radii.dat blob 92c402f80690adcefc6aaa6e23529418c4660160; charge_radii.csv sha256 683d028dae93235376ddf7a345f736561ee7c0dba070091912c034bdf740eee6
50,122,Sn,4.6634,0.0022,6.020423512234556,2.3,120,4.6634,nuclear_radii.dat blob 92c402f80690adcefc6aaa6e23529418c4660160; charge_radii.csv sha256 683d028dae93235376ddf7a345f736561ee7c0dba070091912c034bdf740eee6
50,123,Sn,4.6665,0.0023,6.024425595025637,2.3,120,4.6665,nuclear_radii.dat blob 92c402f80690adcefc6aaa6e23529418c4660160; charge_radii.csv sha256 683d028dae93235376ddf7a345f736561ee7c0dba070091912c034bdf740eee6
50,124,Sn,4.6735,0.0023,6.033462556166787,2.3,120,4.6735,nuclear_radii.dat blob 92c402f80690adcefc6aaa6e23529418c4660160; charge_radii.csv sha256 683d028dae93235376ddf7a345f736561ee7c0dba070091912c034bdf740eee6
50,125,Sn,4.6765,0.0026,6.037335539512995,2.3,120,4.6765,nuclear_radii.dat blob 92c402f80690adcefc6aaa6e23529418c4660160; charge_radii.csv sha256 683d028dae93235376ddf7a345f736561ee7c0dba070091912c034bdf740eee6
50,126,Sn,4.6833,0.0043,6.046114301764399,2.3,120,4.6833,nuclear_radii.dat blob 92c402f80690adcefc6aaa6e23529418c4660160; charge_radii.csv sha256 683d028dae93235376ddf7a345f736561ee7c0dba070091912c034bdf740eee6
50,127,Sn,4.6867,0.0048,6.0505036828901,2.3,120,4.6867,nuclear_radii.dat blob 92c402f80690adcefc6aaa6e23529418c4660160; charge_radii.csv sha256 683d028dae93235376ddf7a345f736561ee7c0dba070091912c034bdf740eee6
50,128,Sn,4.6921,0.0054,6.057475052913273,2.3,120,4.6921,nuclear_radii.dat blob 92c402f80690adcefc6aaa6e23529418c4660160; charge_radii.csv sha256 683d028dae93235376ddf7a345f736561ee7c0dba070091912c034bdf740eee6
50,129,Sn,4.6934,0.0058,6.05915334569663,2.3,120,4.6934,nuclear_radii.dat blob 92c402f80690adcefc6aaa6e23529418c4660160; charge_radii.csv sha256 683d028dae93235376ddf7a345f736561ee7c0dba070091912c034bdf740eee6
50,130,Sn,4.7019,0.0066,6.070126798510884,2.3,120,4.7019,nuclear_radii.dat blob 92c402f80690adcefc6aaa6e23529418c4660160; charge_radii.csv sha256 683d028dae93235376ddf7a345f736561ee7c0dba070091912c034bdf740eee6
50,131,Sn,4.7078,0.0073,6.077743665758425,2.3,120,4.7078,nuclear_radii.dat blob 92c402f80690adcefc6aaa6e23529418c4660160; charge_radii.csv sha256 683d028dae93235376ddf7a345f736561ee7c0dba070091912c034bdf740eee6
50,132,Sn,4.7093,0.0076,6.079680157431529,2.3,120,4.7093,nuclear_radii.dat blob 92c402f80690adcefc6aaa6e23529418c4660160; charge_radii.csv sha256 683d028dae93235376ddf7a345f736561ee7c0dba070091912c034bdf740eee6
51,121,Sb,4.6802,0.0026,6.042112218973317,2.3,121,4.6802,nuclear_radii.dat blob 92c402f80690adcefc6aaa6e23529418c4660160; charge_radii.csv sha256 683d028dae93235376ddf7a345f736561ee7c0dba070091912c034bdf740eee6
51,123,Sb,4.6879,0.0025,6.052052876228583,2.3,121,4.6879,nuclear_radii.dat blob 92c402f80690adcefc6aaa6e23529418c4660160; charge_radii.csv sha256 683d028dae93235376ddf7a345f736561ee7c0dba070091912c034bdf740eee6
52,116,Te,4.6847,0.0128,6.047921693992629,2.3,130,4.6847,nuclear_radii.dat blob 92c402f80690adcefc6aaa6e23529418c4660160; charge_radii.csv sha256 683d028dae93235376ddf7a345f736561ee7c0dba070091912c034bdf740eee6
52,118,Te,4.6956,0.0105,6.061993533483848,2.3,130,4.6956,nuclear_radii.dat blob 92c402f80690adcefc6aaa6e23529418c4660160; charge_radii.csv sha256 683d028dae93235376ddf7a345f736561ee7c0dba070091912c034bdf740eee6
52,120,Te,4.7038,0.0088,6.072579687963483,2.3,130,4.7038,nuclear_radii.dat blob 92c402f80690adcefc6aaa6e23529418c4660160; charge_radii.csv sha256 683d028dae93235376ddf7a345f736561ee7c0dba070091912c034bdf740eee6
52,122,Te,4.7095,0.0031,6.079938356321277,2.3,130,4.7095,nuclear_radii.dat blob 92c402f80690adcefc6aaa6e23529418c4660160; charge_radii.csv sha256 683d028dae93235376ddf7a345f736561ee7c0dba070091912c034bdf740eee6
52,123,Te,4.7117,0.0035,6.082778544108495,2.3,130,4.7117,nuclear_radii.dat blob 92c402f80690adcefc6aaa6e23529418c4660160; charge_radii.csv sha256 683d028dae93235376ddf7a345f736561ee7c0dba070091912c034bdf740eee6
52,124,Te,4.7183,0.0029,6.091299107470152,2.3,130,4.7183,nuclear_radii.dat blob 92c402f80690adcefc6aaa6e23529418c4660160; charge_radii.csv sha256 683d028dae93235376ddf7a345f736561ee7c0dba070091912c034bdf740eee6
52,125,Te,4.7204,0.0030,6.094010195812497,2.3,130,4.7204,nuclear_radii.dat blob 92c402f80690adcefc6aaa6e23529418c4660160; charge_radii.csv sha256 683d028dae93235376ddf7a345f736561ee7c0dba070091912c034bdf740eee6
52,126,Te,4.7266,0.0032,6.10201436139466,2.3,130,4.7266,nuclear_radii.dat blob 92c402f80690adcefc6aaa6e23529418c4660160; charge_radii.csv sha256 683d028dae93235376ddf7a345f736561ee7c0dba070091912c034bdf740eee6
52,128,Te,4.7346,0.0029,6.112342316984545,2.3,130,4.7346,nuclear_radii.dat blob 92c402f80690adcefc6aaa6e23529418c4660160; charge_radii.csv sha256 683d028dae93235376ddf7a345f736561ee7c0dba070091912c034bdf740eee6
52,130,Te,4.7423,0.0025,6.122282974239811,2.3,130,4.7423,nuclear_radii.dat blob 92c402f80690adcefc6aaa6e23529418c4660160; charge_radii.csv sha256 683d028dae93235376ddf7a345f736561ee7c0dba070091912c034bdf740eee6
52,132,Te,4.75,0.0031,6.132223631495076,2.3,130,4.7500,nuclear_radii.dat blob 92c402f80690adcefc6aaa6e23529418c4660160; charge_radii.csv sha256 683d028dae93235376ddf7a345f736561ee7c0dba070091912c034bdf740eee6
52,134,Te,4.7569,0.0041,6.141131493191353,2.3,130,4.7569,nuclear_radii.dat blob 92c402f80690adcefc6aaa6e23529418c4660160; charge_radii.csv sha256 683d028dae93235376ddf7a345f736561ee7c0dba070091912c034bdf740eee6
52,136,Te,4.7815,0.0089,6.172889956630255,2.3,130,4.7815,nuclear_radii.dat blob 92c402f80690adcefc6aaa6e23529418c4660160; charge_radii.csv sha256 683d028dae93235376ddf7a345f736561ee7c0dba070091912c034bdf740eee6
53,127,I,4.75,0.0081,6.132223631495076,2.3,127,4.7500,nuclear_radii.dat blob 92c402f80690adcefc6aaa6e23529418c4660160; charge_radii.csv sha256 683d028dae93235376ddf7a345f736561ee7c0dba070091912c034bdf740eee6
54,116,Xe,4.7211,0.0096,6.094913891926612,2.3,132,4.7211,nuclear_radii.dat blob 92c402f80690adcefc6aaa6e23529418c4660160; charge_radii.csv sha256 683d028dae93235376ddf7a345f736561ee7c0dba070091912c034bdf740eee6
54,118,Xe,4.7387,0.0070,6.1176353942243615,2.3,132,4.7387,nuclear_radii.dat blob 92c402f80690adcefc6aaa6e23529418c4660160; charge_radii.csv sha256 683d028dae93235376ddf7a345f736561ee7c0dba070091912c034bdf740eee6
54,120,Xe,4.7509,0.0063,6.133385526498938,2.3,132,4.7509,nuclear_radii.dat blob 92c402f80690adcefc6aaa6e23529418c4660160; charge_radii.csv sha256 683d028dae93235376ddf7a345f736561ee7c0dba070091912c034bdf740eee6
54,122,Xe,4.759,0.0059,6.1438425815337,2.3,132,4.7590,nuclear_radii.dat blob 92c402f80690adcefc6aaa6e23529418c4660160; charge_radii.csv sha256 683d028dae93235376ddf7a345f736561ee7c0dba070091912c034bdf740eee6
54,124,Xe,4.7661,0.0055,6.1530086421197225,2.3,132,4.7661,nuclear_radii.dat blob 92c402f80690adcefc6aaa6e23529418c4660160; charge_radii.csv sha256 683d028dae93235376ddf7a345f736561ee7c0dba070091912c034bdf740eee6
54,126,Xe,4.7722,0.0052,6.160883708257011,2.3,132,4.7722,nuclear_radii.dat blob 92c402f80690adcefc6aaa6e23529418c4660160; charge_radii.csv sha256 683d028dae93235376ddf7a345f736561ee7c0dba070091912c034bdf740eee6
54,127,Xe,4.7747,0.0038,6.164111194378851,2.3,132,4.7747,nuclear_radii.dat blob 92c402f80690adcefc6aaa6e23529418c4660160; charge_radii.csv sha256 683d028dae93235376ddf7a345f736561ee7c0dba070091912c034bdf740eee6
54,128,Xe,4.7774,0.0050,6.167596879390437,2.3,132,4.7774,nuclear_radii.dat blob 92c402f80690adcefc6aaa6e23529418c4660160; charge_radii.csv sha256 683d028dae93235376ddf7a345f736561ee7c0dba070091912c034bdf740eee6
54,129,Xe,4.7775,0.0050,6.167725978835311,2.3,132,4.7775,nuclear_radii.dat blob 92c402f80690adcefc6aaa6e23529418c4660160; charge_radii.csv sha256 683d028dae93235376ddf7a345f736561ee7c0dba070091912c034bdf740eee6
54,130,Xe,4.7818,0.0049,6.173277254964875,2.3,132,4.7818,nuclear_radii.dat blob 92c402f80690adcefc6aaa6e23529418c4660160; charge_radii.csv sha256 683d028dae93235376ddf7a345f736561ee7c0dba070091912c034bdf740eee6
54,131,Xe,4.7808,0.0049,6.17198626051614,2.3,132,4.7808,nuclear_radii.dat blob 92c402f80690adcefc6aaa6e23529418c4660160; charge_radii.csv sha256 683d028dae93235376ddf7a345f736561ee7c0dba070091912c034bdf740eee6
54,132,Xe,4.7859,0.0048,6.178570332204692,2.3,132,4.7859,nuclear_radii.dat blob 92c402f80690adcefc6aaa6e23529418c4660160; charge_radii.csv sha256 683d028dae93235376ddf7a345f736561ee7c0dba070091912c034bdf740eee6
54,133,Xe,4.7831,0.0048,6.174955547748232,2.3,132,4.7831,nuclear_radii.dat blob 92c402f80690adcefc6aaa6e23529418c4660160; charge_radii.csv sha256 683d028dae93235376ddf7a345f736561ee7c0dba070091912c034bdf740eee6
54,134,Xe,4.7899,0.0047,6.183734309999636,2.3,132,4.7899,nuclear_radii.dat blob 92c402f80690adcefc6aaa6e23529418c4660160; charge_radii.csv sha256 683d028dae93235376ddf7a345f736561ee7c0dba070091912c034bdf740eee6
54,136,Xe,4.7964,0.0047,6.192125773916418,2.3,132,4.7964,nuclear_radii.dat blob 92c402f80690adcefc6aaa6e23529418c4660160; charge_radii.csv sha256 683d028dae93235376ddf7a345f736561ee7c0dba070091912c034bdf740eee6
54,137,Xe,4.8094,0.0049,6.2089087017499835,2.3,132,4.8094,nuclear_radii.dat blob 92c402f80690adcefc6aaa6e23529418c4660160; charge_radii.csv sha256 683d028dae93235376ddf7a345f736561ee7c0dba070091912c034bdf740eee6
54,138,Xe,4.8279,0.0079,6.232792099051595,2.3,132,4.8279,nuclear_radii.dat blob 92c402f80690adcefc6aaa6e23529418c4660160; charge_radii.csv sha256 683d028dae93235376ddf7a345f736561ee7c0dba070091912c034bdf740eee6
54,139,Xe,4.8409,0.0100,6.249575026885162,2.3,132,4.8409,nuclear_radii.dat blob 92c402f80690adcefc6aaa6e23529418c4660160; charge_radii.csv sha256 683d028dae93235376ddf7a345f736561ee7c0dba070091912c034bdf740eee6
54,140,Xe,4.8566,0.0125,6.269843639730314,2.3,132,4.8566,nuclear_radii.dat blob 92c402f80690adcefc6aaa6e23529418c4660160; charge_radii.csv sha256 683d028dae93235376ddf7a345f736561ee7c0dba070091912c034bdf740eee6
54,141,Xe,4.8694,0.0147,6.286368368674132,2.3,132,4.8694,nuclear_radii.dat blob 92c402f80690adcefc6aaa6e23529418c4660160; charge_radii.csv sha256 683d028dae93235376ddf7a345f736561ee7c0dba070091912c034bdf740eee6
54,142,Xe,4.8841,0.0169,6.305345987070548,2.3,132,4.8841,nuclear_radii.dat blob 92c402f80690adcefc6aaa6e23529418c4660160; charge_radii.csv sha256 683d028dae93235376ddf7a345f736561ee7c0dba070091912c034bdf740eee6
54,143,Xe,4.8942,0.0187,6.318385031002779,2.3,132,4.8942,nuclear_radii.dat blob 92c402f80690adcefc6aaa6e23529418c4660160; charge_radii.csv sha256 683d028dae93235376ddf7a345f736561ee7c0dba070091912c034bdf740eee6
54,144,Xe,4.9082,0.0208,6.336458953285081,2.3,132,4.9082,nuclear_radii.dat blob 92c402f80690adcefc6aaa6e23529418c4660160; charge_radii.csv sha256 683d028dae93235376ddf7a345f736561ee7c0dba070091912c034bdf740eee6
54,146,Xe,4.9315,0.0245,6.366539123940625,2.3,132,4.9315,nuclear_radii.dat blob 92c402f80690adcefc6aaa6e23529418c4660160; charge_radii.csv sha256 683d028dae93235376ddf7a345f736561ee7c0dba070091912c034bdf740eee6
55,118,Cs,4.7832,0.0092,6.175084647193105,2.3,133,4.7832,nuclear_radii.dat blob 92c402f80690adcefc6aaa6e23529418c4660160; charge_radii.csv sha256 683d028dae93235376ddf7a345f736561ee7c0dba070091912c034bdf740eee6
55,119,Cs,4.7896,0.0089,6.183347011665014,2.3,133,4.7896,nuclear_radii.dat blob 92c402f80690adcefc6aaa6e23529418c4660160; charge_radii.csv sha256 683d028dae93235376ddf7a345f736561ee7c0dba070091912c034bdf740eee6
55,120,Cs,4.7915,0.0075,6.185799901117613,2.3,133,4.7915,nuclear_radii.dat blob 92c402f80690adcefc6aaa6e23529418c4660160; charge_radii.csv sha256 683d028dae93235376ddf7a345f736561ee7c0dba070091912c034bdf740eee6
55,121,Cs,4.7769,0.0078,6.16695138216607,2.3,133,4.7769,nuclear_radii.dat blob 92c402f80690adcefc6aaa6e23529418c4660160; charge_radii.csv sha256 683d028dae93235376ddf7a345f736561ee7c0dba070091912c034bdf740eee6
55,122,Cs,4.7773,0.0070,6.167467779945564,2.3,133,4.7773,nuclear_radii.dat blob 92c402f80690adcefc6aaa6e23529418c4660160; charge_radii.csv sha256 683d028dae93235376ddf7a345f736561ee7c0dba070091912c034bdf740eee6
55,123,Cs,4.782,0.0070,6.1735354538546225,2.3,133,4.7820,nuclear_radii.dat blob 92c402f80690adcefc6aaa6e23529418c4660160; charge_radii.csv sha256 683d028dae93235376ddf7a345f736561ee7c0dba070091912c034bdf740eee6
55,124,Cs,4.7828,0.0062,6.174568249413611,2.3,133,4.7828,nuclear_radii.dat blob 92c402f80690adcefc6aaa6e23529418c4660160; charge_radii.csv sha256 683d028dae93235376ddf7a345f736561ee7c0dba070091912c034bdf740eee6
55,125,Cs,4.788,0.0062,6.181281420547037,2.3,133,4.7880,nuclear_radii.dat blob 92c402f80690adcefc6aaa6e23529418c4660160; charge_radii.csv sha256 683d028dae93235376ddf7a345f736561ee7c0dba070091912c034bdf740eee6
55,126,Cs,4.7872,0.0056,6.180248624988049,2.3,133,4.7872,nuclear_radii.dat blob 92c402f80690adcefc6aaa6e23529418c4660160; charge_radii.csv sha256 683d028dae93235376ddf7a345f736561ee7c0dba070091912c034bdf740eee6
55,127,Cs,4.7936,0.0055,6.1885109894599575,2.3,133,4.7936,nuclear_radii.dat blob 92c402f80690adcefc6aaa6e23529418c4660160; charge_radii.csv sha256 683d028dae93235376ddf7a345f736561ee7c0dba070091912c034bdf740eee6
55,128,Cs,4.7921,0.0052,6.186574497786854,2.3,133,4.7921,nuclear_radii.dat blob 92c402f80690adcefc6aaa6e23529418c4660160; charge_radii.csv sha256 683d028dae93235376ddf7a345f736561ee7c0dba070091912c034bdf740eee6
55,129,Cs,4.7981,0.0050,6.194320464479269,2.3,133,4.7981,nuclear_radii.dat blob 92c402f80690adcefc6aaa6e23529418c4660160; charge_radii.csv sha256 683d028dae93235376ddf7a345f736561ee7c0dba070091912c034bdf740eee6
55,130,Cs,4.7992,0.0049,6.195740558372878,2.3,133,4.7992,nuclear_radii.dat blob 92c402f80690adcefc6aaa6e23529418c4660160; charge_radii.csv sha256 683d028dae93235376ddf7a345f736561ee7c0dba070091912c034bdf740eee6
55,131,Cs,4.8026,0.0047,6.20012993949858,2.3,133,4.8026,nuclear_radii.dat blob 92c402f80690adcefc6aaa6e23529418c4660160; charge_radii.csv sha256 683d028dae93235376ddf7a345f736561ee7c0dba070091912c034bdf740eee6
55,132,Cs,4.8002,0.0046,6.197031552821614,2.3,133,4.8002,nuclear_radii.dat blob 92c402f80690adcefc6aaa6e23529418c4660160; charge_radii.csv sha256 683d028dae93235376ddf7a345f736561ee7c0dba070091912c034bdf740eee6
55,133,Cs,4.8041,0.0046,6.2020664311716835,2.3,133,4.8041,nuclear_radii.dat blob 92c402f80690adcefc6aaa6e23529418c4660160; charge_radii.csv sha256 683d028dae93235376ddf7a345f736561ee7c0dba070091912c034bdf740eee6
55,134,Cs,4.8031,0.0046,6.200775436722948,2.3,133,4.8031,nuclear_radii.dat blob 92c402f80690adcefc6aaa6e23529418c4660160; charge_radii.csv sha256 683d028dae93235376ddf7a345f736561ee7c0dba070091912c034bdf740eee6
55,135,Cs,4.8067,0.0047,6.205423016738397,2.3,133,4.8067,nuclear_radii.dat blob 92c402f80690adcefc6aaa6e23529418c4660160; charge_radii.csv sha256 683d028dae93235376ddf7a345f736561ee7c0dba070091912c034bdf740eee6
55,136,Cs,4.8059,0.0052,6.204390221179408,2.3,133,4.8059,nuclear_radii.dat blob 92c402f80690adcefc6aaa6e23529418c4660160; charge_radii.csv sha256 683d028dae93235376ddf7a345f736561ee7c0dba070091912c034bdf740eee6
55,137,Cs,4.8128,0.0050,6.213298082875686,2.3,133,4.8128,nuclear_radii.dat blob 92c402f80690adcefc6aaa6e23529418c4660160; charge_radii.csv sha256 683d028dae93235376ddf7a345f736561ee7c0dba070091912c034bdf740eee6
55,138,Cs,4.8255,0.0050,6.22969371237463,2.3,133,4.8255,nuclear_radii.dat blob 92c402f80690adcefc6aaa6e23529418c4660160; charge_radii.csv sha256 683d028dae93235376ddf7a345f736561ee7c0dba070091912c034bdf740eee6
55,139,Cs,4.8422,0.0069,6.251253319668518,2.3,133,4.8422,nuclear_radii.dat blob 92c402f80690adcefc6aaa6e23529418c4660160; charge_radii.csv sha256 683d028dae93235376ddf7a345f736561ee7c0dba070091912c034bdf740eee6
55,140,Cs,4.8554,0.0088,6.268294446391831,2.3,133,4.8554,nuclear_radii.dat blob 92c402f80690adcefc6aaa6e23529418c4660160; charge_radii.csv sha256 683d028dae93235376ddf7a345f736561ee7c0dba070091912c034bdf740eee6
55,141,Cs,4.8689,0.0108,6.285722871449764,2.3,133,4.8689,nuclear_radii.dat blob 92c402f80690adcefc6aaa6e23529418c4660160; charge_radii.csv sha256 683d028dae93235376ddf7a345f736561ee7c0dba070091912c034bdf740eee6
55,142,Cs,4.8825,0.0132,6.303280395952571,2.3,133,4.8825,nuclear_radii.dat blob 92c402f80690adcefc6aaa6e23529418c4660160; charge_radii.csv sha256 683d028dae93235376ddf7a345f736561ee7c0dba070091912c034bdf740eee6
55,143,Cs,4.8965,0.0151,6.321354318234872,2.3,133,4.8965,nuclear_radii.dat blob 92c402f80690adcefc6aaa6e23529418c4660160; charge_radii.csv sha256 683d028dae93235376ddf7a345f736561ee7c0dba070091912c034bdf740eee6
55,144,Cs,4.9055,0.0161,6.332973268273494,2.3,133,4.9055,nuclear_radii.dat blob 92c402f80690adcefc6aaa6e23529418c4660160; charge_radii.csv sha256 683d028dae93235376ddf7a345f736561ee7c0dba070091912c034bdf740eee6
55,145,Cs,4.9188,0.0191,6.350143494441681,2.3,133,4.9188,nuclear_radii.dat blob 92c402f80690adcefc6aaa6e23529418c4660160; charge_radii.csv sha256 683d028dae93235376ddf7a345f736561ee7c0dba070091912c034bdf740eee6
55,146,Cs,4.9281,0.0193,6.362149742814923,2.3,133,4.9281,nuclear_radii.dat blob 92c402f80690adcefc6aaa6e23529418c4660160; charge_radii.csv sha256 683d028dae93235376ddf7a345f736561ee7c0dba070091912c034bdf740eee6
56,120,Ba,4.8092,0.0058,6.208650502860236,2.3,138,4.8092,nuclear_radii.dat blob 92c402f80690adcefc6aaa6e23529418c4660160; charge_radii.csv sha256 683d028dae93235376ddf7a345f736561ee7c0dba070091912c034bdf740eee6
56,121,Ba,4.8176,0.0052,6.219494856229616,2.3,138,4.8176,nuclear_radii.dat blob 92c402f80690adcefc6aaa6e23529418c4660160; charge_radii.csv sha256 683d028dae93235376ddf7a345f736561ee7c0dba070091912c034bdf740eee6
56,122,Ba,4.8153,0.0054,6.2165255689975245,2.3,138,4.8153,nuclear_radii.dat blob 92c402f80690adcefc6aaa6e23529418c4660160; charge_radii.csv sha256 683d028dae93235376ddf7a345f736561ee7c0dba070091912c034bdf740eee6
56,123,Ba,4.8135,0.0055,6.214201778989801,2.3,138,4.8135,nuclear_radii.dat blob 92c402f80690adcefc6aaa6e23529418c4660160; charge_radii.csv sha256 683d028dae93235376ddf7a345f736561ee7c0dba070091912c034bdf740eee6
56,124,Ba,4.8185,0.0052,6.22065675123348,2.3,138,4.8185,nuclear_radii.dat blob 92c402f80690adcefc6aaa6e23529418c4660160; charge_radii.csv sha256 683d028dae93235376ddf7a345f736561ee7c0dba070091912c034bdf740eee6
56,125,Ba,4.8177,0.0052,6.219623955674491,2.3,138,4.8177,nuclear_radii.dat blob 92c402f80690adcefc6aaa6e23529418c4660160; charge_radii.csv sha256 683d028dae93235376ddf7a345f736561ee7c0dba070091912c034bdf740eee6
56,126,Ba,4.8221,0.0050,6.225304331248928,2.3,138,4.8221,nuclear_radii.dat blob 92c402f80690adcefc6aaa6e23529418c4660160; charge_radii.csv sha256 683d028dae93235376ddf7a345f736561ee7c0dba070091912c034bdf740eee6
56,127,Ba,4.8204,0.0051,6.2231096406860775,2.3,138,4.8204,nuclear_radii.dat blob 92c402f80690adcefc6aaa6e23529418c4660160; charge_radii.csv sha256 683d028dae93235376ddf7a345f736561ee7c0dba070091912c034bdf740eee6
56,128,Ba,4.8255,0.0048,6.22969371237463,2.3,138,4.8255,nuclear_radii.dat blob 92c402f80690adcefc6aaa6e23529418c4660160; charge_radii.csv sha256 683d028dae93235376ddf7a345f736561ee7c0dba070091912c034bdf740eee6
56,129,Ba,4.8248,0.0049,6.228790016260515,2.3,138,4.8248,nuclear_radii.dat blob 92c402f80690adcefc6aaa6e23529418c4660160; charge_radii.csv sha256 683d028dae93235376ddf7a345f736561ee7c0dba070091912c034bdf740eee6
56,130,Ba,4.8283,0.0047,6.233308496831089,2.3,138,4.8283,nuclear_radii.dat blob 92c402f80690adcefc6aaa6e23529418c4660160; charge_radii.csv sha256 683d028dae93235376ddf7a345f736561ee7c0dba070091912c034bdf740eee6
56,131,Ba,4.8276,0.0048,6.232404800716975,2.3,138,4.8276,nuclear_radii.dat blob 92c402f80690adcefc6aaa6e23529418c4660160; charge_radii.csv sha256 683d028dae93235376ddf7a345f736561ee7c0dba070091912c034bdf740eee6
56,132,Ba,4.8303,0.0047,6.235890485728562,2.3,138,4.8303,nuclear_radii.dat blob 92c402f80690adcefc6aaa6e23529418c4660160; charge_radii.csv sha256 683d028dae93235376ddf7a345f736561ee7c0dba070091912c034bdf740eee6
56,133,Ba,4.8286,0.0047,6.233695795165711,2.3,138,4.8286,nuclear_radii.dat blob 92c402f80690adcefc6aaa6e23529418c4660160; charge_radii.csv sha256 683d028dae93235376ddf7a345f736561ee7c0dba070091912c034bdf740eee6
56,134,Ba,4.8322,0.0047,6.23834337518116,2.3,138,4.8322,nuclear_radii.dat blob 92c402f80690adcefc6aaa6e23529418c4660160; charge_radii.csv sha256 683d028dae93235376ddf7a345f736561ee7c0dba070091912c034bdf740eee6
56,135,Ba,4.8294,0.0047,6.234728590724699,2.3,138,4.8294,nuclear_radii.dat blob 92c402f80690adcefc6aaa6e23529418c4660160; charge_radii.csv sha256 683d028dae93235376ddf7a345f736561ee7c0dba070091912c034bdf740eee6
56,136,Ba,4.8334,0.0046,6.239892568519643,2.3,138,4.8334,nuclear_radii.dat blob 92c402f80690adcefc6aaa6e23529418c4660160; charge_radii.csv sha256 683d028dae93235376ddf7a345f736561ee7c0dba070091912c034bdf740eee6
56,137,Ba,4.8314,0.0047,6.2373105796221715,2.3,138,4.8314,nuclear_radii.dat blob 92c402f80690adcefc6aaa6e23529418c4660160; charge_radii.csv sha256 683d028dae93235376ddf7a345f736561ee7c0dba070091912c034bdf740eee6
56,138,Ba,4.8378,0.0046,6.2455729440940795,2.3,138,4.8378,nuclear_radii.dat blob 92c402f80690adcefc6aaa6e23529418c4660160; charge_radii.csv sha256 683d028dae93235376ddf7a345f736561ee7c0dba070091912c034bdf740eee6
56,139,Ba,4.8513,0.0049,6.263001369152014,2.3,138,4.8513,nuclear_radii.dat blob 92c402f80690adcefc6aaa6e23529418c4660160; charge_radii.csv sha256 683d028dae93235376ddf7a345f736561ee7c0dba070091912c034bdf740eee6
56,140,Ba,4.8684,0.0059,6.285077374225397,2.3,138,4.8684,nuclear_radii.dat blob 92c402f80690adcefc6aaa6e23529418c4660160; charge_radii.csv sha256 683d028dae93235376ddf7a345f736561ee7c0dba070091912c034bdf740eee6
56,141,Ba,4.8807,0.0069,6.3009566059448465,2.3,138,4.8807,nuclear_radii.dat blob 92c402f80690adcefc6aaa6e23529418c4660160; charge_radii.csv sha256 683d028dae93235376ddf7a345f736561ee7c0dba070091912c034bdf740eee6
56,142,Ba,4.8953,0.0083,6.319805124896389,2.3,138,4.8953,nuclear_radii.dat blob 92c402f80690adcefc6aaa6e23529418c4660160; charge_radii.csv sha256 683d028dae93235376ddf7a345f736561ee7c0dba070091912c034bdf740eee6
56,143,Ba,4.9087,0.0096,6.3371044505094485,2.3,138,4.9087,nuclear_radii.dat blob 92c402f80690adcefc6aaa6e23529418c4660160; charge_radii.csv sha256 683d028dae93235376ddf7a345f736561ee7c0dba070091912c034bdf740eee6
56,144,Ba,4.9236,0.0112,6.356340267795613,2.3,138,4.9236,nuclear_radii.dat blob 92c402f80690adcefc6aaa6e23529418c4660160; charge_radii.csv sha256 683d028dae93235376ddf7a345f736561ee7c0dba070091912c034bdf740eee6
56,145,Ba,4.9345,0.0123,6.370412107286833,2.3,138,4.9345,nuclear_radii.dat blob 92c402f80690adcefc6aaa6e23529418c4660160; charge_radii.csv sha256 683d028dae93235376ddf7a345f736561ee7c0dba070091912c034bdf740eee6
56,146,Ba,4.9479,0.0138,6.387711432899892,2.3,138,4.9479,nuclear_radii.dat blob 92c402f80690adcefc6aaa6e23529418c4660160; charge_radii.csv sha256 683d028dae93235376ddf7a345f736561ee7c0dba070091912c034bdf740eee6
56,148,Ba,4.9731,0.0167,6.420244493008035,2.3,138,4.9731,nuclear_radii.dat blob 92c402f80690adcefc6aaa6e23529418c4660160; charge_radii.csv sha256 683d028dae93235376ddf7a345f736561ee7c0dba070091912c034bdf740eee6
57,135,La,4.8488,0.0060,6.259773883030174,2.3,139,4.8488,nuclear_radii.dat blob 92c402f80690adcefc6aaa6e23529418c4660160; charge_radii.csv sha256 683d028dae93235376ddf7a345f736561ee7c0dba070091912c034bdf740eee6
57,137,La,4.8496,0.0053,6.260806678589162,2.3,139,4.8496,nuclear_radii.dat blob 92c402f80690adcefc6aaa6e23529418c4660160; charge_radii.csv sha256 683d028dae93235376ddf7a345f736561ee7c0dba070091912c034bdf740eee6
57,138,La,4.8473,0.0051,6.25783739135707,2.3,139,4.8473,nuclear_radii.dat blob 92c402f80690adcefc6aaa6e23529418c4660160; charge_radii.csv sha256 683d028dae93235376ddf7a345f736561ee7c0dba070091912c034bdf740eee6
57,139,La,4.855,0.0049,6.267778048612337,2.3,139,4.8550,nuclear_radii.dat blob 92c402f80690adcefc6aaa6e23529418c4660160; charge_radii.csv sha256 683d028dae93235376ddf7a345f736561ee7c0dba070091912c034bdf740eee6
58,136,Ce,4.8739,0.0018,6.292177843693443,2.3,140,4.8739,nuclear_radii.dat blob 92c402f80690adcefc6aaa6e23529418c4660160; charge_radii.csv sha256 683d028dae93235376ddf7a345f736561ee7c0dba070091912c034bdf740eee6
58,138,Ce,4.8737,0.0018,6.291919644803696,2.3,140,4.8737,nuclear_radii.dat blob 92c402f80690adcefc6aaa6e23529418c4660160; charge_radii.csv sha256 683d028dae93235376ddf7a345f736561ee7c0dba070091912c034bdf740eee6
58,140,Ce,4.8771,0.0018,6.296309025929398,2.3,140,4.8771,nuclear_radii.dat blob 92c402f80690adcefc6aaa6e23529418c4660160; charge_radii.csv sha256 683d028dae93235376ddf7a345f736561ee7c0dba070091912c034bdf740eee6
58,142,Ce,4.9063,0.0020,6.334006063832483,2.3,140,4.9063,nuclear_radii.dat blob 92c402f80690adcefc6aaa6e23529418c4660160; charge_radii.csv sha256 683d028dae93235376ddf7a345f736561ee7c0dba070091912c034bdf740eee6
58,144,Ce,4.9303,0.0024,6.3649899306021425,2.3,140,4.9303,nuclear_radii.dat blob 92c402f80690adcefc6aaa6e23529418c4660160; charge_radii.csv sha256 683d028dae93235376ddf7a345f736561ee7c0dba070091912c034bdf740eee6
58,146,Ce,4.959,0.0028,6.402041471280859,2.3,140,4.9590,nuclear_radii.dat blob 92c402f80690adcefc6aaa6e23529418c4660160; charge_radii.csv sha256 683d028dae93235376ddf7a345f736561ee7c0dba070091912c034bdf740eee6
58,148,Ce,4.9893,0.0035,6.441158603077555,2.3,140,4.9893,nuclear_radii.dat blob 92c402f80690adcefc6aaa6e23529418c4660160; charge_radii.csv sha256 683d028dae93235376ddf7a345f736561ee7c0dba070091912c034bdf740eee6
59,141,Pr,4.8919,0.0050,6.315415743770687,2.3,141,4.8919,nuclear_radii.dat blob 92c402f80690adcefc6aaa6e23529418c4660160; charge_radii.csv sha256 683d028dae93235376ddf7a345f736561ee7c0dba070091912c034bdf740eee6
60,132,Nd,4.9174,0.0026,6.34833610221345,2.3,142,4.9174,nuclear_radii.dat blob 92c402f80690adcefc6aaa6e23529418c4660160; charge_radii.csv sha256 683d028dae93235376ddf7a345f736561ee7c0dba070091912c034bdf740eee6
60,134,Nd,4.9128,0.0026,6.342397527749266,2.3,142,4.9128,nuclear_radii.dat blob 92c402f80690adcefc6aaa6e23529418c4660160; charge_radii.csv sha256 683d028dae93235376ddf7a345f736561ee7c0dba070091912c034bdf740eee6
60,135,Nd,4.9086,0.0026,6.336975351064575,2.3,142,4.9086,nuclear_radii.dat blob 92c402f80690adcefc6aaa6e23529418c4660160; charge_radii.csv sha256 683d028dae93235376ddf7a345f736561ee7c0dba070091912c034bdf740eee6
60,136,Nd,4.9111,0.0026,6.340202837186415,2.3,142,4.9111,nuclear_radii.dat blob 92c402f80690adcefc6aaa6e23529418c4660160; charge_radii.csv sha256 683d028dae93235376ddf7a345f736561ee7c0dba070091912c034bdf740eee6
60,137,Nd,4.908,0.0026,6.3362007543953345,2.3,142,4.9080,nuclear_radii.dat blob 92c402f80690adcefc6aaa6e23529418c4660160; charge_radii.csv sha256 683d028dae93235376ddf7a345f736561ee7c0dba070091912c034bdf740eee6
60,138,Nd,4.9123,0.0026,6.341752030524898,2.3,142,4.9123,nuclear_radii.dat blob 92c402f80690adcefc6aaa6e23529418c4660160; charge_radii.csv sha256 683d028dae93235376ddf7a345f736561ee7c0dba070091912c034bdf740eee6
60,139,Nd,4.9076,0.0025,6.3356843566158405,2.3,142,4.9076,nuclear_radii.dat blob 92c402f80690adcefc6aaa6e23529418c4660160; charge_radii.csv sha256 683d028dae93235376ddf7a345f736561ee7c0dba070091912c034bdf740eee6
60,140,Nd,4.9101,0.0026,6.338911842737679,2.3,142,4.9101,nuclear_radii.dat blob 92c402f80690adcefc6aaa6e23529418c4660160; charge_radii.csv sha256 683d028dae93235376ddf7a345f736561ee7c0dba070091912c034bdf740eee6
60,141,Nd,4.9057,0.0026,6.333231467163242,2.3,142,4.9057,nuclear_radii.dat blob 92c402f80690adcefc6aaa6e23529418c4660160; charge_radii.csv sha256 683d028dae93235376ddf7a345f736561ee7c0dba070091912c034bdf740eee6
60,142,Nd,4.9123,0.0025,6.341752030524898,2.3,142,4.9123,nuclear_radii.dat blob 92c402f80690adcefc6aaa6e23529418c4660160; charge_radii.csv sha256 683d028dae93235376ddf7a345f736561ee7c0dba070091912c034bdf740eee6
60,143,Nd,4.9254,0.0026,6.358664057803336,2.3,142,4.9254,nuclear_radii.dat blob 92c402f80690adcefc6aaa6e23529418c4660160; charge_radii.csv sha256 683d028dae93235376ddf7a345f736561ee7c0dba070091912c034bdf740eee6
60,144,Nd,4.9421,0.0027,6.380223665097224,2.3,142,4.9421,nuclear_radii.dat blob 92c402f80690adcefc6aaa6e23529418c4660160; charge_radii.csv sha256 683d028dae93235376ddf7a345f736561ee7c0dba070091912c034bdf740eee6
60,145,Nd,4.9535,0.0028,6.394941001812813,2.3,142,4.9535,nuclear_radii.dat blob 92c402f80690adcefc6aaa6e23529418c4660160; charge_radii.csv sha256 683d028dae93235376ddf7a345f736561ee7c0dba070091912c034bdf740eee6
60,146,Nd,4.9696,0.0030,6.415726012437459,2.3,142,4.9696,nuclear_radii.dat blob 92c402f80690adcefc6aaa6e23529418c4660160; charge_radii.csv sha256 683d028dae93235376ddf7a345f736561ee7c0dba070091912c034bdf740eee6
60,148,Nd,4.9999,0.0036,6.454843144234155,2.3,142,4.9999,nuclear_radii.dat blob 92c402f80690adcefc6aaa6e23529418c4660160; charge_radii.csv sha256 683d028dae93235376ddf7a345f736561ee7c0dba070091912c034bdf740eee6
60,150,Nd,5.04,0.0044,6.50661202162846,2.3,142,5.0400,nuclear_radii.dat blob 92c402f80690adcefc6aaa6e23529418c4660160; charge_radii.csv sha256 683d028dae93235376ddf7a345f736561ee7c0dba070091912c034bdf740eee6
62,138,Sm,4.9599,0.0034,6.403203366284722,2.3,152,4.9599,nuclear_radii.dat blob 92c402f80690adcefc6aaa6e23529418c4660160; charge_radii.csv sha256 683d028dae93235376ddf7a345f736561ee7c0dba070091912c034bdf740eee6
62,139,Sm,4.9556,0.0034,6.397652090155158,2.3,152,4.9556,nuclear_radii.dat blob 92c402f80690adcefc6aaa6e23529418c4660160; charge_radii.csv sha256 683d028dae93235376ddf7a345f736561ee7c0dba070091912c034bdf740eee6
62,140,Sm,4.9565,0.0034,6.398813985159021,2.3,152,4.9565,nuclear_radii.dat blob 92c402f80690adcefc6aaa6e23529418c4660160; charge_radii.csv sha256 683d028dae93235376ddf7a345f736561ee7c0dba070091912c034bdf740eee6
62,141,Sm,4.9517,0.0034,6.392617211805089,2.3,152,4.9517,nuclear_radii.dat blob 92c402f80690adcefc6aaa6e23529418c4660160; charge_radii.csv sha256 683d028dae93235376ddf7a345f736561ee7c0dba070091912c034bdf740eee6
62,142,Sm,4.9518,0.0034,6.3927463112499625,2.3,152,4.9518,nuclear_radii.dat blob 92c402f80690adcefc6aaa6e23529418c4660160; charge_radii.csv sha256 683d028dae93235376ddf7a345f736561ee7c0dba070091912c034bdf740eee6
62,143,Sm,4.9479,0.0034,6.387711432899892,2.3,152,4.9479,nuclear_radii.dat blob 92c402f80690adcefc6aaa6e23529418c4660160; charge_radii.csv sha256 683d028dae93235376ddf7a345f736561ee7c0dba070091912c034bdf740eee6
62,144,Sm,4.9524,0.0034,6.3935209079192035,2.3,152,4.9524,nuclear_radii.dat blob 92c402f80690adcefc6aaa6e23529418c4660160; charge_radii.csv sha256 683d028dae93235376ddf7a345f736561ee7c0dba070091912c034bdf740eee6
62,145,Sm,4.9651,0.0034,6.409916537418148,2.3,152,4.9651,nuclear_radii.dat blob 92c402f80690adcefc6aaa6e23529418c4660160; charge_radii.csv sha256 683d028dae93235376ddf7a345f736561ee7c0dba070091912c034bdf740eee6
62,146,Sm,4.9808,0.0035,6.430185150263301,2.3,152,4.9808,nuclear_radii.dat blob 92c402f80690adcefc6aaa6e23529418c4660160; charge_radii.csv sha256 683d028dae93235376ddf7a345f736561ee7c0dba070091912c034bdf740eee6
62,147,Sm,4.9892,0.0035,6.441029503632682,2.3,152,4.9892,nuclear_radii.dat blob 92c402f80690adcefc6aaa6e23529418c4660160; charge_radii.csv sha256 683d028dae93235376ddf7a345f736561ee7c0dba070091912c034bdf740eee6
62,148,Sm,5.0042,0.0034,6.460394420363718,2.3,152,5.0042,nuclear_radii.dat blob 92c402f80690adcefc6aaa6e23529418c4660160; charge_radii.csv sha256 683d028dae93235376ddf7a345f736561ee7c0dba070091912c034bdf740eee6
62,149,Sm,5.0134,0.0035,6.472271569292087,2.3,152,5.0134,nuclear_radii.dat blob 92c402f80690adcefc6aaa6e23529418c4660160; charge_radii.csv sha256 683d028dae93235376ddf7a345f736561ee7c0dba070091912c034bdf740eee6
62,150,Sm,5.0387,0.0048,6.504933728845105,2.3,152,5.0387,nuclear_radii.dat blob 92c402f80690adcefc6aaa6e23529418c4660160; charge_radii.csv sha256 683d028dae93235376ddf7a345f736561ee7c0dba070091912c034bdf740eee6
62,151,Sm,5.055,0.0057,6.525976938359497,2.3,152,5.0550,nuclear_radii.dat blob 92c402f80690adcefc6aaa6e23529418c4660160; charge_radii.csv sha256 683d028dae93235376ddf7a345f736561ee7c0dba070091912c034bdf740eee6
62,152,Sm,5.0819,0.0060,6.560704689030491,2.3,152,5.0819,nuclear_radii.dat blob 92c402f80690adcefc6aaa6e23529418c4660160; charge_radii.csv sha256 683d028dae93235376ddf7a345f736561ee7c0dba070091912c034bdf740eee6
62,153,Sm,5.0925,0.0068,6.574389230187091,2.3,152,5.0925,nuclear_radii.dat blob 92c402f80690adcefc6aaa6e23529418c4660160; charge_radii.csv sha256 683d028dae93235376ddf7a345f736561ee7c0dba070091912c034bdf740eee6
62,154,Sm,5.1053,0.0067,6.590913959130908,2.3,152,5.1053,nuclear_radii.dat blob 92c402f80690adcefc6aaa6e23529418c4660160; charge_radii.csv sha256 683d028dae93235376ddf7a345f736561ee7c0dba070091912c034bdf740eee6
63,137,Eu,4.9762,0.0095,6.424246575799116,2.3,153,4.9762,nuclear_radii.dat blob 92c402f80690adcefc6aaa6e23529418c4660160; charge_radii.csv sha256 683d028dae93235376ddf7a345f736561ee7c0dba070091912c034bdf740eee6
63,138,Eu,4.9779,0.0094,6.426441266361967,2.3,153,4.9779,nuclear_radii.dat blob 92c402f80690adcefc6aaa6e23529418c4660160; charge_radii.csv sha256 683d028dae93235376ddf7a345f736561ee7c0dba070091912c034bdf740eee6
63,139,Eu,4.976,0.0093,6.423988376909369,2.3,153,4.9760,nuclear_radii.dat blob 92c402f80690adcefc6aaa6e23529418c4660160; charge_radii.csv sha256 683d028dae93235376ddf7a345f736561ee7c0dba070091912c034bdf740eee6
63,140,Eu,4.9695,0.0091,6.415596912992586,2.3,153,4.9695,nuclear_radii.dat blob 92c402f80690adcefc6aaa6e23529418c4660160; charge_radii.csv sha256 683d028dae93235376ddf7a345f736561ee7c0dba070091912c034bdf740eee6
63,141,Eu,4.9697,0.0091,6.415855111882332,2.3,153,4.9697,nuclear_radii.dat blob 92c402f80690adcefc6aaa6e23529418c4660160; charge_radii.csv sha256 683d028dae93235376ddf7a345f736561ee7c0dba070091912c034bdf740eee6
63,142,Eu,4.9607,0.0091,6.404236161843711,2.3,153,4.9607,nuclear_radii.dat blob 92c402f80690adcefc6aaa6e23529418c4660160; charge_radii.csv sha256 683d028dae93235376ddf7a345f736561ee7c0dba070091912c034bdf740eee6
63,143,Eu,4.9636,0.0091,6.407980045745044,2.3,153,4.9636,nuclear_radii.dat blob 92c402f80690adcefc6aaa6e23529418c4660160; charge_radii.csv sha256 683d028dae93235376ddf7a345f736561ee7c0dba070091912c034bdf740eee6
63,144,Eu,4.9612,0.0091,6.404881659068079,2.3,153,4.9612,nuclear_radii.dat blob 92c402f80690adcefc6aaa6e23529418c4660160; charge_radii.csv sha256 683d028dae93235376ddf7a345f736561ee7c0dba070091912c034bdf740eee6
63,145,Eu,4.9663,0.0091,6.411465730756632,2.3,153,4.9663,nuclear_radii.dat blob 92c402f80690adcefc6aaa6e23529418c4660160; charge_radii.csv sha256 683d028dae93235376ddf7a345f736561ee7c0dba070091912c034bdf740eee6
63,146,Eu,4.9789,0.0092,6.427732260810703,2.3,153,4.9789,nuclear_radii.dat blob 92c402f80690adcefc6aaa6e23529418c4660160; charge_radii.csv sha256 683d028dae93235376ddf7a345f736561ee7c0dba070091912c034bdf740eee6
63,147,Eu,4.9938,0.0094,6.446968078096866,2.3,153,4.9938,nuclear_radii.dat blob 92c402f80690adcefc6aaa6e23529418c4660160; charge_radii.csv sha256 683d028dae93235376ddf7a345f736561ee7c0dba070091912c034bdf740eee6
63,148,Eu,5.0045,0.0097,6.460781718698339,2.3,153,5.0045,nuclear_radii.dat blob 92c402f80690adcefc6aaa6e23529418c4660160; charge_radii.csv sha256 683d028dae93235376ddf7a345f736561ee7c0dba070091912c034bdf740eee6
63,149,Eu,5.0202,0.0103,6.481050331543491,2.3,153,5.0202,nuclear_radii.dat blob 92c402f80690adcefc6aaa6e23529418c4660160; charge_radii.csv sha256 683d028dae93235376ddf7a345f736561ee7c0dba070091912c034bdf740eee6
63,150,Eu,5.0296,0.0108,6.493185679361608,2.3,153,5.0296,nuclear_radii.dat blob 92c402f80690adcefc6aaa6e23529418c4660160; charge_radii.csv sha256 683d028dae93235376ddf7a345f736561ee7c0dba070091912c034bdf740eee6
63,151,Eu,5.0522,0.0046,6.522362153903037,2.3,153,5.0522,nuclear_radii.dat blob 92c402f80690adcefc6aaa6e23529418c4660160; charge_radii.csv sha256 683d028dae93235376ddf7a345f736561ee7c0dba070091912c034bdf740eee6
63,152,Eu,5.1064,0.0066,6.592334053024517,2.3,153,5.1064,nuclear_radii.dat blob 92c402f80690adcefc6aaa6e23529418c4660160; charge_radii.csv sha256 683d028dae93235376ddf7a345f736561ee7c0dba070091912c034bdf740eee6
63,153,Eu,5.1115,0.0062,6.59891812471307,2.3,153,5.1115,nuclear_radii.dat blob 92c402f80690adcefc6aaa6e23529418c4660160; charge_radii.csv sha256 683d028dae93235376ddf7a345f736561ee7c0dba070091912c034bdf740eee6
63,154,Eu,5.1239,0.0079,6.614926455877394,2.3,153,5.1239,nuclear_radii.dat blob 92c402f80690adcefc6aaa6e23529418c4660160; charge_radii.csv sha256 683d028dae93235376ddf7a345f736561ee7c0dba070091912c034bdf740eee6
63,155,Eu,5.1221,0.0069,6.6126026658696695,2.3,153,5.1221,nuclear_radii.dat blob 92c402f80690adcefc6aaa6e23529418c4660160; charge_radii.csv sha256 683d028dae93235376ddf7a345f736561ee7c0dba070091912c034bdf740eee6
63,156,Eu,5.1264,0.0071,6.618153941999235,2.3,153,5.1264,nuclear_radii.dat blob 92c402f80690adcefc6aaa6e23529418c4660160; charge_radii.csv sha256 683d028dae93235376ddf7a345f736561ee7c0dba070091912c034bdf740eee6
63,157,Eu,5.1351,0.0075,6.629385593703236,2.3,153,5.1351,nuclear_radii.dat blob 92c402f80690adcefc6aaa6e23529418c4660160; charge_radii.csv sha256 683d028dae93235376ddf7a345f736561ee7c0dba070091912c034bdf740eee6
63,158,Eu,5.1413,0.0078,6.637389759285398,2.3,153,5.1413,nuclear_radii.dat blob 92c402f80690adcefc6aaa6e23529418c4660160; charge_radii.csv sha256 683d028dae93235376ddf7a345f736561ee7c0dba070091912c034bdf740eee6
63,159,Eu,5.1498,0.0084,6.648363212099651,2.3,153,5.1498,nuclear_radii.dat blob 92c402f80690adcefc6aaa6e23529418c4660160; charge_radii.csv sha256 683d028dae93235376ddf7a345f736561ee7c0dba070091912c034bdf740eee6
64,145,Gd,4.9786,0.0077,6.427344962476082,2.3,158,4.9786,nuclear_radii.dat blob 92c402f80690adcefc6aaa6e23529418c4660160; charge_radii.csv sha256 683d028dae93235376ddf7a345f736561ee7c0dba070091912c034bdf740eee6
64,146,Gd,4.9801,0.0140,6.429281454149185,2.3,158,4.9801,nuclear_radii.dat blob 92c402f80690adcefc6aaa6e23529418c4660160; charge_radii.csv sha256 683d028dae93235376ddf7a345f736561ee7c0dba070091912c034bdf740eee6
64,148,Gd,5.008,0.0171,6.465300199268914,2.3,158,5.0080,nuclear_radii.dat blob 92c402f80690adcefc6aaa6e23529418c4660160; charge_radii.csv sha256 683d028dae93235376ddf7a345f736561ee7c0dba070091912c034bdf740eee6
64,150,Gd,5.0342,0.0159,6.4991242538257925,2.3,158,5.0342,nuclear_radii.dat blob 92c402f80690adcefc6aaa6e23529418c4660160; charge_radii.csv sha256 683d028dae93235376ddf7a345f736561ee7c0dba070091912c034bdf740eee6
64,152,Gd,5.0774,0.0048,6.55489521401118,2.3,158,5.0774,nuclear_radii.dat blob 92c402f80690adcefc6aaa6e23529418c4660160; charge_radii.csv sha256 683d028dae93235376ddf7a345f736561ee7c0dba070091912c034bdf740eee6
64,154,Gd,5.1223,0.0040,6.612860864759417,2.3,158,5.1223,nuclear_radii.dat blob 92c402f80690adcefc6aaa6e23529418c4660160; charge_radii.csv sha256 683d028dae93235376ddf7a345f736561ee7c0dba070091912c034bdf740eee6
64,155,Gd,5.1319,0.0041,6.625254411467281,2.3,158,5.1319,nuclear_radii.dat blob 92c402f80690adcefc6aaa6e23529418c4660160; charge_radii.csv sha256 683d028dae93235376ddf7a345f736561ee7c0dba070091912c034bdf740eee6
64,156,Gd,5.142,0.0042,6.638293455399513,2.3,158,5.1420,nuclear_radii.dat blob 92c402f80690adcefc6aaa6e23529418c4660160; charge_radii.csv sha256 683d028dae93235376ddf7a345f736561ee7c0dba070091912c034bdf740eee6
64,157,Gd,5.1449,0.0042,6.642037339300846,2.3,158,5.1449,nuclear_radii.dat blob 92c402f80690adcefc6aaa6e23529418c4660160; charge_radii.csv sha256 683d028dae93235376ddf7a345f736561ee7c0dba070091912c034bdf740eee6
64,158,Gd,5.1569,0.0043,6.657529272685676,2.3,158,5.1569,nuclear_radii.dat blob 92c402f80690adcefc6aaa6e23529418c4660160; charge_radii.csv sha256 683d028dae93235376ddf7a345f736561ee7c0dba070091912c034bdf740eee6
64,160,Gd,5.1734,0.0044,6.678830681089817,2.3,158,5.1734,nuclear_radii.dat blob 92c402f80690adcefc6aaa6e23529418c4660160; charge_radii.csv sha256 683d028dae93235376ddf7a345f736561ee7c0dba070091912c034bdf740eee6
65,147,Tb,4.9201,0.1508,6.351821787225036,2.3,159,4.9201,nuclear_radii.dat blob 92c402f80690adcefc6aaa6e23529418c4660160; charge_radii.csv sha256 683d028dae93235376ddf7a345f736561ee7c0dba070091912c034bdf740eee6
65,148,Tb,4.9291,0.1507,6.36344073726366,2.3,159,4.9291,nuclear_radii.dat blob 92c402f80690adcefc6aaa6e23529418c4660160; charge_radii.csv sha256 683d028dae93235376ddf7a345f736561ee7c0dba070091912c034bdf740eee6
65,149,Tb,4.9427,0.1506,6.380998261766467,2.3,159,4.9427,nuclear_radii.dat blob 92c402f80690adcefc6aaa6e23529418c4660160; charge_radii.csv sha256 683d028dae93235376ddf7a345f736561ee7c0dba070091912c034bdf740eee6
65,150,Tb,4.9499,0.1505,6.390293421797365,2.3,159,4.9499,nuclear_radii.dat blob 92c402f80690adcefc6aaa6e23529418c4660160; charge_radii.csv sha256 683d028dae93235376ddf7a345f736561ee7c0dba070091912c034bdf740eee6
65,151,Tb,4.963,0.1504,6.4072054490758035,2.3,159,4.9630,nuclear_radii.dat blob 92c402f80690adcefc6aaa6e23529418c4660160; charge_radii.csv sha256 683d028dae93235376ddf7a345f736561ee7c0dba070091912c034bdf740eee6
65,152,Tb,4.9689,0.1504,6.414822316323344,2.3,159,4.9689,nuclear_radii.dat blob 92c402f80690adcefc6aaa6e23529418c4660160; charge_radii.csv sha256 683d028dae93235376ddf7a345f736561ee7c0dba070091912c034bdf740eee6
65,153,Tb,4.995,0.1502,6.448517271435349,2.3,159,4.9950,nuclear_radii.dat blob 92c402f80690adcefc6aaa6e23529418c4660160; charge_radii.csv sha256 683d028dae93235376ddf7a345f736561ee7c0dba070091912c034bdf740eee6
65,154,Tb,5.0333,0.1501,6.49796235882193,2.3,159,5.0333,nuclear_radii.dat blob 92c402f80690adcefc6aaa6e23529418c4660160; charge_radii.csv sha256 683d028dae93235376ddf7a345f736561ee7c0dba070091912c034bdf740eee6
65,155,Tb,5.0391,0.1500,6.5054501266245985,2.3,159,5.0391,nuclear_radii.dat blob 92c402f80690adcefc6aaa6e23529418c4660160; charge_radii.csv sha256 683d028dae93235376ddf7a345f736561ee7c0dba070091912c034bdf740eee6
65,157,Tb,5.0489,0.1500,6.518101872222209,2.3,159,5.0489,nuclear_radii.dat blob 92c402f80690adcefc6aaa6e23529418c4660160; charge_radii.csv sha256 683d028dae93235376ddf7a345f736561ee7c0dba070091912c034bdf740eee6
65,159,Tb,5.06,0.1500,6.532431910603176,2.3,159,5.0600,nuclear_radii.dat blob 92c402f80690adcefc6aaa6e23529418c4660160; charge_radii.csv sha256 683d028dae93235376ddf7a345f736561ee7c0dba070091912c034bdf740eee6
66,146,Dy,5.0438,0.2389,6.511517800533657,2.3,164,5.0438,nuclear_radii.dat blob 92c402f80690adcefc6aaa6e23529418c4660160; charge_radii.csv sha256 683d028dae93235376ddf7a345f736561ee7c0dba070091912c034bdf740eee6
66,148,Dy,5.0455,0.2389,6.5137124910965065,2.3,164,5.0455,nuclear_radii.dat blob 92c402f80690adcefc6aaa6e23529418c4660160; charge_radii.csv sha256 683d028dae93235376ddf7a345f736561ee7c0dba070091912c034bdf740eee6
66,149,Dy,5.0567,0.2394,6.528171628922348,2.3,164,5.0567,nuclear_radii.dat blob 92c402f80690adcefc6aaa6e23529418c4660160; charge_radii.csv sha256 683d028dae93235376ddf7a345f736561ee7c0dba070091912c034bdf740eee6
66,150,Dy,5.0706,0.2413,6.546116451759776,2.3,164,5.0706,nuclear_radii.dat blob 92c402f80690adcefc6aaa6e23529418c4660160; charge_radii.csv sha256 683d028dae93235376ddf7a345f736561ee7c0dba070091912c034bdf740eee6
66,151,Dy,5.0801,0.2435,6.558380899022766,2.3,164,5.0801,nuclear_radii.dat blob 92c402f80690adcefc6aaa6e23529418c4660160; charge_radii.csv sha256 683d028dae93235376ddf7a345f736561ee7c0dba070091912c034bdf740eee6
66,152,Dy,5.095,0.2482,6.577616716308929,2.3,164,5.0950,nuclear_radii.dat blob 92c402f80690adcefc6aaa6e23529418c4660160; charge_radii.csv sha256 683d028dae93235376ddf7a345f736561ee7c0dba070091912c034bdf740eee6
66,153,Dy,5.1035,0.2516,6.588590169123185,2.3,164,5.1035,nuclear_radii.dat blob 92c402f80690adcefc6aaa6e23529418c4660160; charge_radii.csv sha256 683d028dae93235376ddf7a345f736561ee7c0dba070091912c034bdf740eee6
66,154,Dy,5.1241,0.2618,6.615184654767142,2.3,164,5.1241,nuclear_radii.dat blob 92c402f80690adcefc6aaa6e23529418c4660160; charge_radii.csv sha256 683d028dae93235376ddf7a345f736561ee7c0dba070091912c034bdf740eee6
66,155,Dy,5.1457,0.2751,6.643070134859834,2.3,164,5.1457,nuclear_radii.dat blob 92c402f80690adcefc6aaa6e23529418c4660160; charge_radii.csv sha256 683d028dae93235376ddf7a345f736561ee7c0dba070091912c034bdf740eee6
66,156,Dy,5.1622,0.2869,6.664371543263976,2.3,164,5.1622,nuclear_radii.dat blob 92c402f80690adcefc6aaa6e23529418c4660160; charge_radii.csv sha256 683d028dae93235376ddf7a345f736561ee7c0dba070091912c034bdf740eee6
66,157,Dy,5.1709,0.2936,6.675603194967977,2.3,164,5.1709,nuclear_radii.dat blob 92c402f80690adcefc6aaa6e23529418c4660160; charge_radii.csv sha256 683d028dae93235376ddf7a345f736561ee7c0dba070091912c034bdf740eee6
66,158,Dy,5.1815,0.3023,6.689287736124577,2.3,164,5.1815,nuclear_radii.dat blob 92c402f80690adcefc6aaa6e23529418c4660160; charge_radii.csv sha256 683d028dae93235376ddf7a345f736561ee7c0dba070091912c034bdf740eee6
66,159,Dy,5.1825,0.3031,6.690578730573312,2.3,164,5.1825,nuclear_radii.dat blob 92c402f80690adcefc6aaa6e23529418c4660160; charge_radii.csv sha256 683d028dae93235376ddf7a345f736561ee7c0dba070091912c034bdf740eee6
66,160,Dy,5.1951,0.3139,6.706845260627384,2.3,164,5.1951,nuclear_radii.dat blob 92c402f80690adcefc6aaa6e23529418c4660160; charge_radii.csv sha256 683d028dae93235376ddf7a345f736561ee7c0dba070091912c034bdf740eee6
66,161,Dy,5.1962,0.0459,6.708265354520993,2.3,164,5.1962,nuclear_radii.dat blob 92c402f80690adcefc6aaa6e23529418c4660160; charge_radii.csv sha256 683d028dae93235376ddf7a345f736561ee7c0dba070091912c034bdf740eee6
66,162,Dy,5.2074,0.0172,6.722724492346834,2.3,164,5.2074,nuclear_radii.dat blob 92c402f80690adcefc6aaa6e23529418c4660160; charge_radii.csv sha256 683d028dae93235376ddf7a345f736561ee7c0dba070091912c034bdf740eee6
66,163,Dy,5.2099,0.0120,6.725951978468673,2.3,164,5.2099,nuclear_radii.dat blob 92c402f80690adcefc6aaa6e23529418c4660160; charge_radii.csv sha256 683d028dae93235376ddf7a345f736561ee7c0dba070091912c034bdf740eee6
66,164,Dy,5.2218,0.0106,6.741314812408629,2.3,164,5.2218,nuclear_radii.dat blob 92c402f80690adcefc6aaa6e23529418c4660160; charge_radii.csv sha256 683d028dae93235376ddf7a345f736561ee7c0dba070091912c034bdf740eee6
67,151,Ho,5.0398,0.0354,6.5063538227387125,2.3,165,5.0398,nuclear_radii.dat blob 92c402f80690adcefc6aaa6e23529418c4660160; charge_radii.csv sha256 683d028dae93235376ddf7a345f736561ee7c0dba070091912c034bdf740eee6
67,152,Ho,5.0614,0.0343,6.5342393028314065,2.3,165,5.0614,nuclear_radii.dat blob 92c402f80690adcefc6aaa6e23529418c4660160; charge_radii.csv sha256 683d028dae93235376ddf7a345f736561ee7c0dba070091912c034bdf740eee6
67,153,Ho,5.076,0.0339,6.553087821782949,2.3,165,5.0760,nuclear_radii.dat blob 92c402f80690adcefc6aaa6e23529418c4660160; charge_radii.csv sha256 683d028dae93235376ddf7a345f736561ee7c0dba070091912c034bdf740eee6
67,154,Ho,5.0856,0.0333,6.565481368490813,2.3,165,5.0856,nuclear_radii.dat blob 92c402f80690adcefc6aaa6e23529418c4660160; charge_radii.csv sha256 683d028dae93235376ddf7a345f736561ee7c0dba070091912c034bdf740eee6
67,155,Ho,5.1076,0.0326,6.593883246363,2.3,165,5.1076,nuclear_radii.dat blob 92c402f80690adcefc6aaa6e23529418c4660160; charge_radii.csv sha256 683d028dae93235376ddf7a345f736561ee7c0dba070091912c034bdf740eee6
67,156,Ho,5.1156,0.0326,6.604211201952887,2.3,165,5.1156,nuclear_radii.dat blob 92c402f80690adcefc6aaa6e23529418c4660160; charge_radii.csv sha256 683d028dae93235376ddf7a345f736561ee7c0dba070091912c034bdf740eee6
67,157,Ho,5.1535,0.0316,6.653139891559975,2.3,165,5.1535,nuclear_radii.dat blob 92c402f80690adcefc6aaa6e23529418c4660160; charge_radii.csv sha256 683d028dae93235376ddf7a345f736561ee7c0dba070091912c034bdf740eee6
67,158,Ho,5.1571,0.0316,6.657787471575423,2.3,165,5.1571,nuclear_radii.dat blob 92c402f80690adcefc6aaa6e23529418c4660160; charge_radii.csv sha256 683d028dae93235376ddf7a345f736561ee7c0dba070091912c034bdf740eee6
67,159,Ho,5.1675,0.0314,6.671213813842276,2.3,165,5.1675,nuclear_radii.dat blob 92c402f80690adcefc6aaa6e23529418c4660160; charge_radii.csv sha256 683d028dae93235376ddf7a345f736561ee7c0dba070091912c034bdf740eee6
67,160,Ho,5.1662,0.0315,6.6695355210589184,2.3,165,5.1662,nuclear_radii.dat blob 92c402f80690adcefc6aaa6e23529418c4660160; charge_radii.csv sha256 683d028dae93235376ddf7a345f736561ee7c0dba070091912c034bdf740eee6
67,161,Ho,5.1785,0.0313,6.685414752778369,2.3,165,5.1785,nuclear_radii.dat blob 92c402f80690adcefc6aaa6e23529418c4660160; charge_radii.csv sha256 683d028dae93235376ddf7a345f736561ee7c0dba070091912c034bdf740eee6
67,162,Ho,5.1817,0.0313,6.6895459350143245,2.3,165,5.1817,nuclear_radii.dat blob 92c402f80690adcefc6aaa6e23529418c4660160; charge_radii.csv sha256 683d028dae93235376ddf7a345f736561ee7c0dba070091912c034bdf740eee6
67,163,Ho,5.1907,0.0313,6.701164885052946,2.3,165,5.1907,nuclear_radii.dat blob 92c402f80690adcefc6aaa6e23529418c4660160; charge_radii.csv sha256 683d028dae93235376ddf7a345f736561ee7c0dba070091912c034bdf740eee6
67,165,Ho,5.2022,0.0312,6.716011321213409,2.3,165,5.2022,nuclear_radii.dat blob 92c402f80690adcefc6aaa6e23529418c4660160; charge_radii.csv sha256 683d028dae93235376ddf7a345f736561ee7c0dba070091912c034bdf740eee6
68,150,Er,5.0548,0.0254,6.525718739469751,2.3,166,5.0548,nuclear_radii.dat blob 92c402f80690adcefc6aaa6e23529418c4660160; charge_radii.csv sha256 683d028dae93235376ddf7a345f736561ee7c0dba070091912c034bdf740eee6
68,152,Er,5.0843,0.0257,6.563803075707456,2.3,166,5.0843,nuclear_radii.dat blob 92c402f80690adcefc6aaa6e23529418c4660160; charge_radii.csv sha256 683d028dae93235376ddf7a345f736561ee7c0dba070091912c034bdf740eee6
68,154,Er,5.1129,0.0268,6.6007255169413,2.3,166,5.1129,nuclear_radii.dat blob 92c402f80690adcefc6aaa6e23529418c4660160; charge_radii.csv sha256 683d028dae93235376ddf7a345f736561ee7c0dba070091912c034bdf740eee6
68,156,Er,5.1429,0.0285,6.639455350403375,2.3,166,5.1429,nuclear_radii.dat blob 92c402f80690adcefc6aaa6e23529418c4660160; charge_radii.csv sha256 683d028dae93235376ddf7a345f736561ee7c0dba070091912c034bdf740eee6
68,158,Er,5.1761,0.0312,6.682316366101404,2.3,166,5.1761,nuclear_radii.dat blob 92c402f80690adcefc6aaa6e23529418c4660160; charge_radii.csv sha256 683d028dae93235376ddf7a345f736561ee7c0dba070091912c034bdf740eee6
68,160,Er,5.2045,0.0336,6.7189806084455,2.3,166,5.2045,nuclear_radii.dat blob 92c402f80690adcefc6aaa6e23529418c4660160; charge_radii.csv sha256 683d028dae93235376ddf7a345f736561ee7c0dba070091912c034bdf740eee6
68,162,Er,5.2246,0.0040,6.74492959686509,2.3,166,5.2246,nuclear_radii.dat blob 92c402f80690adcefc6aaa6e23529418c4660160; charge_radii.csv sha256 683d028dae93235376ddf7a345f736561ee7c0dba070091912c034bdf740eee6
68,164,Er,5.2389,0.0035,6.763390817482012,2.3,166,5.2389,nuclear_radii.dat blob 92c402f80690adcefc6aaa6e23529418c4660160; charge_radii.csv sha256 683d028dae93235376ddf7a345f736561ee7c0dba070091912c034bdf740eee6
68,166,Er,5.2516,0.0031,6.779786446980957,2.3,166,5.2516,nuclear_radii.dat blob 92c402f80690adcefc6aaa6e23529418c4660160; charge_radii.csv sha256 683d028dae93235376ddf7a345f736561ee7c0dba070091912c034bdf740eee6
68,167,Er,5.256,0.0031,6.785466822555395,2.3,166,5.2560,nuclear_radii.dat blob 92c402f80690adcefc6aaa6e23529418c4660160; charge_radii.csv sha256 683d028dae93235376ddf7a345f736561ee7c0dba070091912c034bdf740eee6
68,168,Er,5.2644,0.0035,6.796311175924775,2.3,166,5.2644,nuclear_radii.dat blob 92c402f80690adcefc6aaa6e23529418c4660160; charge_radii.csv sha256 683d028dae93235376ddf7a345f736561ee7c0dba070091912c034bdf740eee6
68,170,Er,5.2789,0.0041,6.815030595431445,2.3,166,5.2789,nuclear_radii.dat blob 92c402f80690adcefc6aaa6e23529418c4660160; charge_radii.csv sha256 683d028dae93235376ddf7a345f736561ee7c0dba070091912c034bdf740eee6
69,153,Tm,5.0643,0.0190,6.537983186732741,2.3,169,5.0643,nuclear_radii.dat blob 92c402f80690adcefc6aaa6e23529418c4660160; charge_radii.csv sha256 683d028dae93235376ddf7a345f736561ee7c0dba070091912c034bdf740eee6
69,154,Tm,5.0755,0.0166,6.552442324558581,2.3,169,5.0755,nuclear_radii.dat blob 92c402f80690adcefc6aaa6e23529418c4660160; charge_radii.csv sha256 683d028dae93235376ddf7a345f736561ee7c0dba070091912c034bdf740eee6
69,156,Tm,5.0976,0.0135,6.580973301875643,2.3,169,5.0976,nuclear_radii.dat blob 92c402f80690adcefc6aaa6e23529418c4660160; charge_radii.csv sha256 683d028dae93235376ddf7a345f736561ee7c0dba070091912c034bdf740eee6
69,157,Tm,5.114,0.0074,6.60214561083491,2.3,169,5.1140,nuclear_radii.dat blob 92c402f80690adcefc6aaa6e23529418c4660160; charge_radii.csv sha256 683d028dae93235376ddf7a345f736561ee7c0dba070091912c034bdf740eee6
69,158,Tm,5.1235,0.0069,6.6144100580979,2.3,169,5.1235,nuclear_radii.dat blob 92c402f80690adcefc6aaa6e23529418c4660160; charge_radii.csv sha256 683d028dae93235376ddf7a345f736561ee7c0dba070091912c034bdf740eee6
69,159,Tm,5.1392,0.0060,6.634678670943051,2.3,169,5.1392,nuclear_radii.dat blob 92c402f80690adcefc6aaa6e23529418c4660160; charge_radii.csv sha256 683d028dae93235376ddf7a345f736561ee7c0dba070091912c034bdf740eee6
69,160,Tm,5.1504,0.0055,6.649137808768893,2.3,169,5.1504,nuclear_radii.dat blob 92c402f80690adcefc6aaa6e23529418c4660160; charge_radii.csv sha256 683d028dae93235376ddf7a345f736561ee7c0dba070091912c034bdf740eee6
69,161,Tm,5.1616,0.0050,6.663596946594734,2.3,169,5.1616,nuclear_radii.dat blob 92c402f80690adcefc6aaa6e23529418c4660160; charge_radii.csv sha256 683d028dae93235376ddf7a345f736561ee7c0dba070091912c034bdf740eee6
69,162,Tm,5.1713,0.0048,6.676119592747471,2.3,169,5.1713,nuclear_radii.dat blob 92c402f80690adcefc6aaa6e23529418c4660160; charge_radii.csv sha256 683d028dae93235376ddf7a345f736561ee7c0dba070091912c034bdf740eee6
69,163,Tm,5.1849,0.0042,6.693677117250278,2.3,169,5.1849,nuclear_radii.dat blob 92c402f80690adcefc6aaa6e23529418c4660160; charge_radii.csv sha256 683d028dae93235376ddf7a345f736561ee7c0dba070091912c034bdf740eee6
69,164,Tm,5.1906,0.0042,6.701035785608072,2.3,169,5.1906,nuclear_radii.dat blob 92c402f80690adcefc6aaa6e23529418c4660160; charge_radii.csv sha256 683d028dae93235376ddf7a345f736561ee7c0dba070091912c034bdf740eee6
69,165,Tm,5.2004,0.0038,6.713687531205683,2.3,169,5.2004,nuclear_radii.dat blob 92c402f80690adcefc6aaa6e23529418c4660160; charge_radii.csv sha256 683d028dae93235376ddf7a345f736561ee7c0dba070091912c034bdf740eee6
69,166,Tm,5.2046,0.0038,6.719109707890374,2.3,169,5.2046,nuclear_radii.dat blob 92c402f80690adcefc6aaa6e23529418c4660160; charge_radii.csv sha256 683d028dae93235376ddf7a345f736561ee7c0dba070091912c034bdf740eee6
69,167,Tm,5.2129,0.0036,6.729824961814882,2.3,169,5.2129,nuclear_radii.dat blob 92c402f80690adcefc6aaa6e23529418c4660160; charge_radii.csv sha256 683d028dae93235376ddf7a345f736561ee7c0dba070091912c034bdf740eee6
69,168,Tm,5.217,0.0036,6.735118039054697,2.3,169,5.2170,nuclear_radii.dat blob 92c402f80690adcefc6aaa6e23529418c4660160; charge_radii.csv sha256 683d028dae93235376ddf7a345f736561ee7c0dba070091912c034bdf740eee6
69,169,Tm,5.2256,0.0035,6.746220591313826,2.3,169,5.2256,nuclear_radii.dat blob 92c402f80690adcefc6aaa6e23529418c4660160; charge_radii.csv sha256 683d028dae93235376ddf7a345f736561ee7c0dba070091912c034bdf740eee6
69,170,Tm,5.2303,0.0036,6.752288265222884,2.3,169,5.2303,nuclear_radii.dat blob 92c402f80690adcefc6aaa6e23529418c4660160; charge_radii.csv sha256 683d028dae93235376ddf7a345f736561ee7c0dba070091912c034bdf740eee6
69,171,Tm,5.2388,0.0037,6.763261718037139,2.3,169,5.2388,nuclear_radii.dat blob 92c402f80690adcefc6aaa6e23529418c4660160; charge_radii.csv sha256 683d028dae93235376ddf7a345f736561ee7c0dba070091912c034bdf740eee6
69,172,Tm,5.2411,0.0052,6.766231005269231,2.3,169,5.2411,nuclear_radii.dat blob 92c402f80690adcefc6aaa6e23529418c4660160; charge_radii.csv sha256 683d028dae93235376ddf7a345f736561ee7c0dba070091912c034bdf740eee6
70,152,Yb,5.0423,0.0146,6.509581308860553,2.3,174,5.0423,nuclear_radii.dat blob 92c402f80690adcefc6aaa6e23529418c4660160; charge_radii.csv sha256 683d028dae93235376ddf7a345f736561ee7c0dba070091912c034bdf740eee6
70,154,Yb,5.0875,0.0105,6.567934257943412,2.3,174,5.0875,nuclear_radii.dat blob 92c402f80690adcefc6aaa6e23529418c4660160; charge_radii.csv sha256 683d028dae93235376ddf7a345f736561ee7c0dba070091912c034bdf740eee6
70,155,Yb,5.104,0.0110,6.589235666347552,2.3,174,5.1040,nuclear_radii.dat blob 92c402f80690adcefc6aaa6e23529418c4660160; charge_radii.csv sha256 683d028dae93235376ddf7a345f736561ee7c0dba070091912c034bdf740eee6
70,156,Yb,5.1219,0.0103,6.6123444669799225,2.3,174,5.1219,nuclear_radii.dat blob 92c402f80690adcefc6aaa6e23529418c4660160; charge_radii.csv sha256 683d028dae93235376ddf7a345f736561ee7c0dba070091912c034bdf740eee6
70,157,Yb,5.1324,0.0100,6.625899908691649,2.3,174,5.1324,nuclear_radii.dat blob 92c402f80690adcefc6aaa6e23529418c4660160; charge_radii.csv sha256 683d028dae93235376ddf7a345f736561ee7c0dba070091912c034bdf740eee6
70,158,Yb,5.1498,0.0088,6.648363212099651,2.3,174,5.1498,nuclear_radii.dat blob 92c402f80690adcefc6aaa6e23529418c4660160; charge_radii.csv sha256 683d028dae93235376ddf7a345f736561ee7c0dba070091912c034bdf740eee6
70,159,Yb,5.1629,0.0084,6.66527523937809,2.3,174,5.1629,nuclear_radii.dat blob 92c402f80690adcefc6aaa6e23529418c4660160; charge_radii.csv sha256 683d028dae93235376ddf7a345f736561ee7c0dba070091912c034bdf740eee6
70,160,Yb,5.1781,0.0076,6.684898354998874,2.3,174,5.1781,nuclear_radii.dat blob 92c402f80690adcefc6aaa6e23529418c4660160; charge_radii.csv sha256 683d028dae93235376ddf7a345f736561ee7c0dba070091912c034bdf740eee6
70,161,Yb,5.1889,0.0072,6.698841095045222,2.3,174,5.1889,nuclear_radii.dat blob 92c402f80690adcefc6aaa6e23529418c4660160; charge_radii.csv sha256 683d028dae93235376ddf7a345f736561ee7c0dba070091912c034bdf740eee6
70,162,Yb,5.2054,0.0067,6.720142503449362,2.3,174,5.2054,nuclear_radii.dat blob 92c402f80690adcefc6aaa6e23529418c4660160; charge_radii.csv sha256 683d028dae93235376ddf7a345f736561ee7c0dba070091912c034bdf740eee6
70,163,Yb,5.2157,0.0064,6.733439746271341,2.3,174,5.2157,nuclear_radii.dat blob 92c402f80690adcefc6aaa6e23529418c4660160; charge_radii.csv sha256 683d028dae93235376ddf7a345f736561ee7c0dba070091912c034bdf740eee6
70,164,Yb,5.2307,0.0060,6.752804663002378,2.3,174,5.2307,nuclear_radii.dat blob 92c402f80690adcefc6aaa6e23529418c4660160; charge_radii.csv sha256 683d028dae93235376ddf7a345f736561ee7c0dba070091912c034bdf740eee6
70,165,Yb,5.2399,0.0058,6.764681811930747,2.3,174,5.2399,nuclear_radii.dat blob 92c402f80690adcefc6aaa6e23529418c4660160; charge_radii.csv sha256 683d028dae93235376ddf7a345f736561ee7c0dba070091912c034bdf740eee6
70,166,Yb,5.2525,0.0057,6.7809483419848195,2.3,174,5.2525,nuclear_radii.dat blob 92c402f80690adcefc6aaa6e23529418c4660160; charge_radii.csv sha256 683d028dae93235376ddf7a345f736561ee7c0dba070091912c034bdf740eee6
70,167,Yb,5.2621,0.0056,6.793341888692683,2.3,174,5.2621,nuclear_radii.dat blob 92c402f80690adcefc6aaa6e23529418c4660160; charge_radii.csv sha256 683d028dae93235376ddf7a345f736561ee7c0dba070091912c034bdf740eee6
70,168,Yb,5.2702,0.0056,6.803798943727442,2.3,174,5.2702,nuclear_radii.dat blob 92c402f80690adcefc6aaa6e23529418c4660160; charge_radii.csv sha256 683d028dae93235376ddf7a345f736561ee7c0dba070091912c034bdf740eee6
70,169,Yb,5.2771,0.0056,6.812706805423719,2.3,174,5.2771,nuclear_radii.dat blob 92c402f80690adcefc6aaa6e23529418c4660160; charge_radii.csv sha256 683d028dae93235376ddf7a345f736561ee7c0dba070091912c034bdf740eee6
70,170,Yb,5.2853,0.0056,6.823292959903354,2.3,174,5.2853,nuclear_radii.dat blob 92c402f80690adcefc6aaa6e23529418c4660160; charge_radii.csv sha256 683d028dae93235376ddf7a345f736561ee7c0dba070091912c034bdf740eee6
70,171,Yb,5.2906,0.0057,6.830135230481654,2.3,174,5.2906,nuclear_radii.dat blob 92c402f80690adcefc6aaa6e23529418c4660160; charge_radii.csv sha256 683d028dae93235376ddf7a345f736561ee7c0dba070091912c034bdf740eee6
70,172,Yb,5.2995,0.0058,6.841625081075402,2.3,174,5.2995,nuclear_radii.dat blob 92c402f80690adcefc6aaa6e23529418c4660160; charge_radii.csv sha256 683d028dae93235376ddf7a345f736561ee7c0dba070091912c034bdf740eee6
70,173,Yb,5.3046,0.0059,6.848209152763954,2.3,174,5.3046,nuclear_radii.dat blob 92c402f80690adcefc6aaa6e23529418c4660160; charge_radii.csv sha256 683d028dae93235376ddf7a345f736561ee7c0dba070091912c034bdf740eee6
70,174,Yb,5.3108,0.0060,6.856213318346117,2.3,174,5.3108,nuclear_radii.dat blob 92c402f80690adcefc6aaa6e23529418c4660160; charge_radii.csv sha256 683d028dae93235376ddf7a345f736561ee7c0dba070091912c034bdf740eee6
70,175,Yb,5.3135,0.0061,6.859699003357703,2.3,174,5.3135,nuclear_radii.dat blob 92c402f80690adcefc6aaa6e23529418c4660160; charge_radii.csv sha256 683d028dae93235376ddf7a345f736561ee7c0dba070091912c034bdf740eee6
70,176,Yb,5.3215,0.0062,6.87002695894759,2.3,174,5.3215,nuclear_radii.dat blob 92c402f80690adcefc6aaa6e23529418c4660160; charge_radii.csv sha256 683d028dae93235376ddf7a345f736561ee7c0dba070091912c034bdf740eee6
71,161,Lu,5.2293,0.0320,6.750997270774149,2.3,175,5.2293,nuclear_radii.dat blob 92c402f80690adcefc6aaa6e23529418c4660160; charge_radii.csv sha256 683d028dae93235376ddf7a345f736561ee7c0dba070091912c034bdf740eee6
71,162,Lu,5.2398,0.0317,6.764552712485874,2.3,175,5.2398,nuclear_radii.dat blob 92c402f80690adcefc6aaa6e23529418c4660160; charge_radii.csv sha256 683d028dae93235376ddf7a345f736561ee7c0dba070091912c034bdf740eee6
71,163,Lu,5.2567,0.0312,6.78637051866951,2.3,175,5.2567,nuclear_radii.dat blob 92c402f80690adcefc6aaa6e23529418c4660160; charge_radii.csv sha256 683d028dae93235376ddf7a345f736561ee7c0dba070091912c034bdf740eee6
71,164,Lu,5.2677,0.0310,6.800571457605603,2.3,175,5.2677,nuclear_radii.dat blob 92c402f80690adcefc6aaa6e23529418c4660160; charge_radii.csv sha256 683d028dae93235376ddf7a345f736561ee7c0dba070091912c034bdf740eee6
71,165,Lu,5.283,0.0307,6.820323672671261,2.3,175,5.2830,nuclear_radii.dat blob 92c402f80690adcefc6aaa6e23529418c4660160; charge_radii.csv sha256 683d028dae93235376ddf7a345f736561ee7c0dba070091912c034bdf740eee6
71,166,Lu,5.2972,0.0305,6.8386557938433095,2.3,175,5.2972,nuclear_radii.dat blob 92c402f80690adcefc6aaa6e23529418c4660160; charge_radii.csv sha256 683d028dae93235376ddf7a345f736561ee7c0dba070091912c034bdf740eee6
71,167,Lu,5.3108,0.0303,6.856213318346117,2.3,175,5.3108,nuclear_radii.dat blob 92c402f80690adcefc6aaa6e23529418c4660160; charge_radii.csv sha256 683d028dae93235376ddf7a345f736561ee7c0dba070091912c034bdf740eee6
71,168,Lu,5.3227,0.0302,6.871576152286073,2.3,175,5.3227,nuclear_radii.dat blob 92c402f80690adcefc6aaa6e23529418c4660160; charge_radii.csv sha256 683d028dae93235376ddf7a345f736561ee7c0dba070091912c034bdf740eee6
71,169,Lu,5.329,0.0302,6.879709417313108,2.3,175,5.3290,nuclear_radii.dat blob 92c402f80690adcefc6aaa6e23529418c4660160; charge_radii.csv sha256 683d028dae93235376ddf7a345f736561ee7c0dba070091912c034bdf740eee6
71,170,Lu,5.3364,0.0302,6.889262776233753,2.3,175,5.3364,nuclear_radii.dat blob 92c402f80690adcefc6aaa6e23529418c4660160; charge_radii.csv sha256 683d028dae93235376ddf7a345f736561ee7c0dba070091912c034bdf740eee6
71,171,Lu,5.3436,0.0302,6.898557936264651,2.3,175,5.3436,nuclear_radii.dat blob 92c402f80690adcefc6aaa6e23529418c4660160; charge_radii.csv sha256 683d028dae93235376ddf7a345f736561ee7c0dba070091912c034bdf740eee6
71,172,Lu,5.3486,0.0302,6.90501290850833,2.3,175,5.3486,nuclear_radii.dat blob 92c402f80690adcefc6aaa6e23529418c4660160; charge_radii.csv sha256 683d028dae93235376ddf7a345f736561ee7c0dba070091912c034bdf740eee6
71,173,Lu,5.3577,0.0303,6.916760957991826,2.3,175,5.3577,nuclear_radii.dat blob 92c402f80690adcefc6aaa6e23529418c4660160; charge_radii.csv sha256 683d028dae93235376ddf7a345f736561ee7c0dba070091912c034bdf740eee6
71,174,Lu,5.3634,0.0303,6.92411962634962,2.3,175,5.3634,nuclear_radii.dat blob 92c402f80690adcefc6aaa6e23529418c4660160; charge_radii.csv sha256 683d028dae93235376ddf7a345f736561ee7c0dba070091912c034bdf740eee6
71,175,Lu,5.37,0.0304,6.932640189711276,2.3,175,5.3700,nuclear_radii.dat blob 92c402f80690adcefc6aaa6e23529418c4660160; charge_radii.csv sha256 683d028dae93235376ddf7a345f736561ee7c0dba070091912c034bdf740eee6
71,176,Lu,5.3739,0.0304,6.9376750680613455,2.3,175,5.3739,nuclear_radii.dat blob 92c402f80690adcefc6aaa6e23529418c4660160; charge_radii.csv sha256 683d028dae93235376ddf7a345f736561ee7c0dba070091912c034bdf740eee6
71,177,Lu,5.3815,0.0305,6.947486625871738,2.3,175,5.3815,nuclear_radii.dat blob 92c402f80690adcefc6aaa6e23529418c4660160; charge_radii.csv sha256 683d028dae93235376ddf7a345f736561ee7c0dba070091912c034bdf740eee6
71,178,Lu,5.3857,0.0306,6.952908802556428,2.3,175,5.3857,nuclear_radii.dat blob 92c402f80690adcefc6aaa6e23529418c4660160; charge_radii.csv sha256 683d028dae93235376ddf7a345f736561ee7c0dba070091912c034bdf740eee6
71,179,Lu,5.3917,0.0307,6.960654769248843,2.3,175,5.3917,nuclear_radii.dat blob 92c402f80690adcefc6aaa6e23529418c4660160; charge_radii.csv sha256 683d028dae93235376ddf7a345f736561ee7c0dba070091912c034bdf740eee6
72,170,Hf,5.2898,0.0055,6.829102434922664,2.3,180,5.2898,nuclear_radii.dat blob 92c402f80690adcefc6aaa6e23529418c4660160; charge_radii.csv sha256 683d028dae93235376ddf7a345f736561ee7c0dba070091912c034bdf740eee6
72,171,Hf,5.3041,0.0049,6.847563655539586,2.3,180,5.3041,nuclear_radii.dat blob 92c402f80690adcefc6aaa6e23529418c4660160; charge_radii.csv sha256 683d028dae93235376ddf7a345f736561ee7c0dba070091912c034bdf740eee6
72,172,Hf,5.3065,0.0043,6.850662042216552,2.3,180,5.3065,nuclear_radii.dat blob 92c402f80690adcefc6aaa6e23529418c4660160; charge_radii.csv sha256 683d028dae93235376ddf7a345f736561ee7c0dba070091912c034bdf740eee6
72,173,Hf,5.314,0.0038,6.860344500582071,2.3,180,5.3140,nuclear_radii.dat blob 92c402f80690adcefc6aaa6e23529418c4660160; charge_radii.csv sha256 683d028dae93235376ddf7a345f736561ee7c0dba070091912c034bdf740eee6
72,174,Hf,5.3201,0.0035,6.868219566719359,2.3,180,5.3201,nuclear_radii.dat blob 92c402f80690adcefc6aaa6e23529418c4660160; charge_radii.csv sha256 683d028dae93235376ddf7a345f736561ee7c0dba070091912c034bdf740eee6
72,175,Hf,5.3191,0.0036,6.8669285722706235,2.3,180,5.3191,nuclear_radii.dat blob 92c402f80690adcefc6aaa6e23529418c4660160; charge_radii.csv sha256 683d028dae93235376ddf7a345f736561ee7c0dba070091912c034bdf740eee6
72,176,Hf,5.3286,0.0032,6.879193019533614,2.3,180,5.3286,nuclear_radii.dat blob 92c402f80690adcefc6aaa6e23529418c4660160; charge_radii.csv sha256 683d028dae93235376ddf7a345f736561ee7c0dba070091912c034bdf740eee6
72,177,Hf,5.3309,0.0031,6.882162306765705,2.3,180,5.3309,nuclear_radii.dat blob 92c402f80690adcefc6aaa6e23529418c4660160; charge_radii.csv sha256 683d028dae93235376ddf7a345f736561ee7c0dba070091912c034bdf740eee6
72,178,Hf,5.3371,0.0031,6.890166472347868,2.3,180,5.3371,nuclear_radii.dat blob 92c402f80690adcefc6aaa6e23529418c4660160; charge_radii.csv sha256 683d028dae93235376ddf7a345f736561ee7c0dba070091912c034bdf740eee6
72,179,Hf,5.3408,0.0031,6.8949431518081905,2.3,180,5.3408,nuclear_radii.dat blob 92c402f80690adcefc6aaa6e23529418c4660160; charge_radii.csv sha256 683d028dae93235376ddf7a345f736561ee7c0dba070091912c034bdf740eee6
72,180,Hf,5.347,0.0032,6.902947317390353,2.3,180,5.3470,nuclear_radii.dat blob 92c402f80690adcefc6aaa6e23529418c4660160; charge_radii.csv sha256 683d028dae93235376ddf7a345f736561ee7c0dba070091912c034bdf740eee6
72,182,Hf,5.3516,0.0036,6.9088858918545375,2.3,180,5.3516,nuclear_radii.dat blob 92c402f80690adcefc6aaa6e23529418c4660160; charge_radii.csv sha256 683d028dae93235376ddf7a345f736561ee7c0dba070091912c034bdf740eee6
73,181,Ta,5.3507,0.0034,6.907723996850675,2.3,181,5.3507,nuclear_radii.dat blob 92c402f80690adcefc6aaa6e23529418c4660160; charge_radii.csv sha256 683d028dae93235376ddf7a345f736561ee7c0dba070091912c034bdf740eee6
74,180,W,5.3491,0.0022,6.905658405732698,2.3,184,5.3491,nuclear_radii.dat blob 92c402f80690adcefc6aaa6e23529418c4660160; charge_radii.csv sha256 683d028dae93235376ddf7a345f736561ee7c0dba070091912c034bdf740eee6
74,182,W,5.3559,0.0017,6.914437167984102,2.3,184,5.3559,nuclear_radii.dat blob 92c402f80690adcefc6aaa6e23529418c4660160; charge_radii.csv sha256 683d028dae93235376ddf7a345f736561ee7c0dba070091912c034bdf740eee6
74,183,W,5.3611,0.0020,6.921150339117528,2.3,184,5.3611,nuclear_radii.dat blob 92c402f80690adcefc6aaa6e23529418c4660160; charge_radii.csv sha256 683d028dae93235376ddf7a345f736561ee7c0dba070091912c034bdf740eee6
74,184,W,5.3658,0.0023,6.927218013026586,2.3,184,5.3658,nuclear_radii.dat blob 92c402f80690adcefc6aaa6e23529418c4660160; charge_radii.csv sha256 683d028dae93235376ddf7a345f736561ee7c0dba070091912c034bdf740eee6
74,186,W,5.3743,0.0026,6.9381914658408395,2.3,184,5.3743,nuclear_radii.dat blob 92c402f80690adcefc6aaa6e23529418c4660160; charge_radii.csv sha256 683d028dae93235376ddf7a345f736561ee7c0dba070091912c034bdf740eee6
75,185,Re,5.3596,0.0172,6.919213847444424,2.3,187,5.3596,nuclear_radii.dat blob 92c402f80690adcefc6aaa6e23529418c4660160; charge_radii.csv sha256 683d028dae93235376ddf7a345f736561ee7c0dba070091912c034bdf740eee6
75,187,Re,5.3698,0.0173,6.932381990821528,2.3,187,5.3698,nuclear_radii.dat blob 92c402f80690adcefc6aaa6e23529418c4660160; charge_radii.csv sha256 683d028dae93235376ddf7a345f736561ee7c0dba070091912c034bdf740eee6
76,184,Os,5.3823,0.0022,6.948519421430726,2.3,192,5.3823,nuclear_radii.dat blob 92c402f80690adcefc6aaa6e23529418c4660160; charge_radii.csv sha256 683d028dae93235376ddf7a345f736561ee7c0dba070091912c034bdf740eee6
76,186,Os,5.3909,0.0017,6.959621973689854,2.3,192,5.3909,nuclear_radii.dat blob 92c402f80690adcefc6aaa6e23529418c4660160; charge_radii.csv sha256 683d028dae93235376ddf7a345f736561ee7c0dba070091912c034bdf740eee6
76,187,Os,5.3933,0.0018,6.96272036036682,2.3,192,5.3933,nuclear_radii.dat blob 92c402f80690adcefc6aaa6e23529418c4660160; charge_radii.csv sha256 683d028dae93235376ddf7a345f736561ee7c0dba070091912c034bdf740eee6
76,188,Os,5.3993,0.0011,6.970466327059236,2.3,192,5.3993,nuclear_radii.dat blob 92c402f80690adcefc6aaa6e23529418c4660160; charge_radii.csv sha256 683d028dae93235376ddf7a345f736561ee7c0dba070091912c034bdf740eee6
76,189,Os,5.4016,0.0012,6.973435614291327,2.3,192,5.4016,nuclear_radii.dat blob 92c402f80690adcefc6aaa6e23529418c4660160; charge_radii.csv sha256 683d028dae93235376ddf7a345f736561ee7c0dba070091912c034bdf740eee6
76,190,Os,5.4062,0.0013,6.9793741887555125,2.3,192,5.4062,nuclear_radii.dat blob 92c402f80690adcefc6aaa6e23529418c4660160; charge_radii.csv sha256 683d028dae93235376ddf7a345f736561ee7c0dba070091912c034bdf740eee6
76,192,Os,5.4126,0.0015,6.987636553227421,2.3,192,5.4126,nuclear_radii.dat blob 92c402f80690adcefc6aaa6e23529418c4660160; charge_radii.csv sha256 683d028dae93235376ddf7a345f736561ee7c0dba070091912c034bdf740eee6
77,182,Ir,5.3705,0.1061,6.933285686935644,2.3,193,5.3705,nuclear_radii.dat blob 92c402f80690adcefc6aaa6e23529418c4660160; charge_radii.csv sha256 683d028dae93235376ddf7a345f736561ee7c0dba070091912c034bdf740eee6
77,183,Ir,5.378,0.1061,6.942968145301163,2.3,193,5.3780,nuclear_radii.dat blob 92c402f80690adcefc6aaa6e23529418c4660160; charge_radii.csv sha256 683d028dae93235376ddf7a345f736561ee7c0dba070091912c034bdf740eee6
77,184,Ir,5.3805,0.1061,6.946195631423001,2.3,193,5.3805,nuclear_radii.dat blob 92c402f80690adcefc6aaa6e23529418c4660160; charge_radii.csv sha256 683d028dae93235376ddf7a345f736561ee7c0dba070091912c034bdf740eee6
77,185,Ir,5.3854,0.1061,6.952521504221807,2.3,193,5.3854,nuclear_radii.dat blob 92c402f80690adcefc6aaa6e23529418c4660160; charge_radii.csv sha256 683d028dae93235376ddf7a345f736561ee7c0dba070091912c034bdf740eee6
77,186,Ir,5.39,0.1061,6.958460078685992,2.3,193,5.3900,nuclear_radii.dat blob 92c402f80690adcefc6aaa6e23529418c4660160; charge_radii.csv sha256 683d028dae93235376ddf7a345f736561ee7c0dba070091912c034bdf740eee6
77,187,Ir,5.3812,0.1061,6.947099327537117,2.3,193,5.3812,nuclear_radii.dat blob 92c402f80690adcefc6aaa6e23529418c4660160; charge_radii.csv sha256 683d028dae93235376ddf7a345f736561ee7c0dba070091912c034bdf740eee6
77,188,Ir,5.3838,0.1061,6.95045591310383,2.3,193,5.3838,nuclear_radii.dat blob 92c402f80690adcefc6aaa6e23529418c4660160; charge_radii.csv sha256 683d028dae93235376ddf7a345f736561ee7c0dba070091912c034bdf740eee6
77,189,Ir,5.3898,0.1061,6.9582018797962455,2.3,193,5.3898,nuclear_radii.dat blob 92c402f80690adcefc6aaa6e23529418c4660160; charge_radii.csv sha256 683d028dae93235376ddf7a345f736561ee7c0dba070091912c034bdf740eee6
77,191,Ir,5.3968,0.1061,6.967238840937395,2.3,193,5.3968,nuclear_radii.dat blob 92c402f80690adcefc6aaa6e23529418c4660160; charge_radii.csv sha256 683d028dae93235376ddf7a345f736561ee7c0dba070091912c034bdf740eee6
77,193,Ir,5.4032,0.1061,6.975501205409305,2.3,193,5.4032,nuclear_radii.dat blob 92c402f80690adcefc6aaa6e23529418c4660160; charge_radii.csv sha256 683d028dae93235376ddf7a345f736561ee7c0dba070091912c034bdf740eee6
78,178,Pt,5.3728,0.0066,6.936254974167736,2.3,195,5.3728,nuclear_radii.dat blob 92c402f80690adcefc6aaa6e23529418c4660160; charge_radii.csv sha256 683d028dae93235376ddf7a345f736561ee7c0dba070091912c034bdf740eee6
78,179,Pt,5.3915,0.0050,6.960396570359095,2.3,195,5.3915,nuclear_radii.dat blob 92c402f80690adcefc6aaa6e23529418c4660160; charge_radii.csv sha256 683d028dae93235376ddf7a345f736561ee7c0dba070091912c034bdf740eee6
78,180,Pt,5.3891,0.0049,6.95729818368213,2.3,195,5.3891,nuclear_radii.dat blob 92c402f80690adcefc6aaa6e23529418c4660160; charge_radii.csv sha256 683d028dae93235376ddf7a345f736561ee7c0dba070091912c034bdf740eee6
78,181,Pt,5.3996,0.0041,6.970853625393857,2.3,195,5.3996,nuclear_radii.dat blob 92c402f80690adcefc6aaa6e23529418c4660160; charge_radii.csv sha256 683d028dae93235376ddf7a345f736561ee7c0dba070091912c034bdf740eee6
78,182,Pt,5.3969,0.0041,6.967367940382268,2.3,195,5.3969,nuclear_radii.dat blob 92c402f80690adcefc6aaa6e23529418c4660160; charge_radii.csv sha256 683d028dae93235376ddf7a345f736561ee7c0dba070091912c034bdf740eee6
78,183,Pt,5.4038,0.0036,6.976275802078547,2.3,195,5.4038,nuclear_radii.dat blob 92c402f80690adcefc6aaa6e23529418c4660160; charge_radii.csv sha256 683d028dae93235376ddf7a345f736561ee7c0dba070091912c034bdf740eee6
78,184,Pt,5.4015,0.0036,6.973306514846454,2.3,195,5.4015,nuclear_radii.dat blob 92c402f80690adcefc6aaa6e23529418c4660160; charge_radii.csv sha256 683d028dae93235376ddf7a345f736561ee7c0dba070091912c034bdf740eee6
78,185,Pt,5.4148,0.0028,6.99047674101464,2.3,195,5.4148,nuclear_radii.dat blob 92c402f80690adcefc6aaa6e23529418c4660160; charge_radii.csv sha256 683d028dae93235376ddf7a345f736561ee7c0dba070091912c034bdf740eee6
78,186,Pt,5.4037,0.0036,6.976146702633672,2.3,195,5.4037,nuclear_radii.dat blob 92c402f80690adcefc6aaa6e23529418c4660160; charge_radii.csv sha256 683d028dae93235376ddf7a345f736561ee7c0dba070091912c034bdf740eee6
78,187,Pt,5.4063,0.0037,6.979503288200386,2.3,195,5.4063,nuclear_radii.dat blob 92c402f80690adcefc6aaa6e23529418c4660160; charge_radii.csv sha256 683d028dae93235376ddf7a345f736561ee7c0dba070091912c034bdf740eee6
78,188,Pt,5.4053,0.0034,6.978212293751651,2.3,195,5.4053,nuclear_radii.dat blob 92c402f80690adcefc6aaa6e23529418c4660160; charge_radii.csv sha256 683d028dae93235376ddf7a345f736561ee7c0dba070091912c034bdf740eee6
78,189,Pt,5.406,0.0035,6.979115989865765,2.3,195,5.4060,nuclear_radii.dat blob 92c402f80690adcefc6aaa6e23529418c4660160; charge_radii.csv sha256 683d028dae93235376ddf7a345f736561ee7c0dba070091912c034bdf740eee6
78,190,Pt,5.4108,0.0030,6.985312763219697,2.3,195,5.4108,nuclear_radii.dat blob 92c402f80690adcefc6aaa6e23529418c4660160; charge_radii.csv sha256 683d028dae93235376ddf7a345f736561ee7c0dba070091912c034bdf740eee6
78,191,Pt,5.4102,0.0031,6.984538166550455,2.3,195,5.4102,nuclear_radii.dat blob 92c402f80690adcefc6aaa6e23529418c4660160; charge_radii.csv sha256 683d028dae93235376ddf7a345f736561ee7c0dba070091912c034bdf740eee6
78,192,Pt,5.4169,0.0028,6.993187829356986,2.3,195,5.4169,nuclear_radii.dat blob 92c402f80690adcefc6aaa6e23529418c4660160; charge_radii.csv sha256 683d028dae93235376ddf7a345f736561ee7c0dba070091912c034bdf740eee6
78,193,Pt,5.4191,0.0027,6.996028017144204,2.3,195,5.4191,nuclear_radii.dat blob 92c402f80690adcefc6aaa6e23529418c4660160; charge_radii.csv sha256 683d028dae93235376ddf7a345f736561ee7c0dba070091912c034bdf740eee6
78,194,Pt,5.4236,0.0025,7.001837492163515,2.3,195,5.4236,nuclear_radii.dat blob 92c402f80690adcefc6aaa6e23529418c4660160; charge_radii.csv sha256 683d028dae93235376ddf7a345f736561ee7c0dba070091912c034bdf740eee6
78,195,Pt,5.427,0.0026,7.006226873289217,2.3,195,5.4270,nuclear_radii.dat blob 92c402f80690adcefc6aaa6e23529418c4660160; charge_radii.csv sha256 683d028dae93235376ddf7a345f736561ee7c0dba070091912c034bdf740eee6
78,196,Pt,5.4307,0.0027,7.011003552749539,2.3,195,5.4307,nuclear_radii.dat blob 92c402f80690adcefc6aaa6e23529418c4660160; charge_radii.csv sha256 683d028dae93235376ddf7a345f736561ee7c0dba070091912c034bdf740eee6
78,198,Pt,5.4383,0.0032,7.020815110559932,2.3,195,5.4383,nuclear_radii.dat blob 92c402f80690adcefc6aaa6e23529418c4660160; charge_radii.csv sha256 683d028dae93235376ddf7a345f736561ee7c0dba070091912c034bdf740eee6
79,183,Au,5.4247,0.0043,7.003257586057124,2.3,197,5.4247,nuclear_radii.dat blob 92c402f80690adcefc6aaa6e23529418c4660160; charge_radii.csv sha256 683d028dae93235376ddf7a345f736561ee7c0dba070091912c034bdf740eee6
79,184,Au,5.4306,0.0041,7.010874453304666,2.3,197,5.4306,nuclear_radii.dat blob 92c402f80690adcefc6aaa6e23529418c4660160; charge_radii.csv sha256 683d028dae93235376ddf7a345f736561ee7c0dba070091912c034bdf740eee6
79,185,Au,5.4296,0.0041,7.009583458855929,2.3,197,5.4296,nuclear_radii.dat blob 92c402f80690adcefc6aaa6e23529418c4660160; charge_radii.csv sha256 683d028dae93235376ddf7a345f736561ee7c0dba070091912c034bdf740eee6
79,186,Au,5.4354,0.0039,7.017071226658597,2.3,197,5.4354,nuclear_radii.dat blob 92c402f80690adcefc6aaa6e23529418c4660160; charge_radii.csv sha256 683d028dae93235376ddf7a345f736561ee7c0dba070091912c034bdf740eee6
79,187,Au,5.4018,0.0058,6.973693813181074,2.3,197,5.4018,nuclear_radii.dat blob 92c402f80690adcefc6aaa6e23529418c4660160; charge_radii.csv sha256 683d028dae93235376ddf7a345f736561ee7c0dba070091912c034bdf740eee6
79,188,Au,5.4049,0.0055,6.977695895972155,2.3,197,5.4049,nuclear_radii.dat blob 92c402f80690adcefc6aaa6e23529418c4660160; charge_radii.csv sha256 683d028dae93235376ddf7a345f736561ee7c0dba070091912c034bdf740eee6
79,189,Au,5.4084,0.0052,6.982214376542731,2.3,197,5.4084,nuclear_radii.dat blob 92c402f80690adcefc6aaa6e23529418c4660160; charge_radii.csv sha256 683d028dae93235376ddf7a345f736561ee7c0dba070091912c034bdf740eee6
79,190,Au,5.4109,0.0049,6.985441862664571,2.3,197,5.4109,nuclear_radii.dat blob 92c402f80690adcefc6aaa6e23529418c4660160; charge_radii.csv sha256 683d028dae93235376ddf7a345f736561ee7c0dba070091912c034bdf740eee6
79,191,Au,5.4147,0.0046,6.990347641569766,2.3,197,5.4147,nuclear_radii.dat blob 92c402f80690adcefc6aaa6e23529418c4660160; charge_radii.csv sha256 683d028dae93235376ddf7a345f736561ee7c0dba070091912c034bdf740eee6
79,192,Au,5.4179,0.0044,6.994478823805721,2.3,197,5.4179,nuclear_radii.dat blob 92c402f80690adcefc6aaa6e23529418c4660160; charge_radii.csv sha256 683d028dae93235376ddf7a345f736561ee7c0dba070091912c034bdf740eee6
79,193,Au,5.4221,0.0042,6.999901000490412,2.3,197,5.4221,nuclear_radii.dat blob 92c402f80690adcefc6aaa6e23529418c4660160; charge_radii.csv sha256 683d028dae93235376ddf7a345f736561ee7c0dba070091912c034bdf740eee6
79,194,Au,5.4252,0.0040,7.003903083281493,2.3,197,5.4252,nuclear_radii.dat blob 92c402f80690adcefc6aaa6e23529418c4660160; charge_radii.csv sha256 683d028dae93235376ddf7a345f736561ee7c0dba070091912c034bdf740eee6
79,195,Au,5.4298,0.0040,7.009841657745677,2.3,197,5.4298,nuclear_radii.dat blob 92c402f80690adcefc6aaa6e23529418c4660160; charge_radii.csv sha256 683d028dae93235376ddf7a345f736561ee7c0dba070091912c034bdf740eee6
79,196,Au,5.4332,0.0039,7.0142310388713796,2.3,197,5.4332,nuclear_radii.dat blob 92c402f80690adcefc6aaa6e23529418c4660160; charge_radii.csv sha256 683d028dae93235376ddf7a345f736561ee7c0dba070091912c034bdf740eee6
79,197,Au,5.4371,0.0038,7.019265917221449,2.3,197,5.4371,nuclear_radii.dat blob 92c402f80690adcefc6aaa6e23529418c4660160; charge_radii.csv sha256 683d028dae93235376ddf7a345f736561ee7c0dba070091912c034bdf740eee6
79,198,Au,5.44,0.0038,7.023009801122783,2.3,197,5.4400,nuclear_radii.dat blob 92c402f80690adcefc6aaa6e23529418c4660160; charge_radii.csv sha256 683d028dae93235376ddf7a345f736561ee7c0dba070091912c034bdf740eee6
79,199,Au,5.4454,0.0039,7.029981171145956,2.3,197,5.4454,nuclear_radii.dat blob 92c402f80690adcefc6aaa6e23529418c4660160; charge_radii.csv sha256 683d028dae93235376ddf7a345f736561ee7c0dba070091912c034bdf740eee6
80,181,Hg,5.4364,0.0032,7.018362221107333,2.3,202,5.4364,nuclear_radii.dat blob 92c402f80690adcefc6aaa6e23529418c4660160; charge_radii.csv sha256 683d028dae93235376ddf7a345f736561ee7c0dba070091912c034bdf740eee6
80,182,Hg,5.3833,0.0052,6.949810415879463,2.3,202,5.3833,nuclear_radii.dat blob 92c402f80690adcefc6aaa6e23529418c4660160; charge_radii.csv sha256 683d028dae93235376ddf7a345f736561ee7c0dba070091912c034bdf740eee6
80,183,Hg,5.4405,0.0031,7.02365529834715,2.3,202,5.4405,nuclear_radii.dat blob 92c402f80690adcefc6aaa6e23529418c4660160; charge_radii.csv sha256 683d028dae93235376ddf7a345f736561ee7c0dba070091912c034bdf740eee6
80,184,Hg,5.3949,0.0047,6.964785951484798,2.3,202,5.3949,nuclear_radii.dat blob 92c402f80690adcefc6aaa6e23529418c4660160; charge_radii.csv sha256 683d028dae93235376ddf7a345f736561ee7c0dba070091912c034bdf740eee6
80,185,Hg,5.4397,0.0031,7.022622502788162,2.3,202,5.4397,nuclear_radii.dat blob 92c402f80690adcefc6aaa6e23529418c4660160; charge_radii.csv sha256 683d028dae93235376ddf7a345f736561ee7c0dba070091912c034bdf740eee6
80,186,Hg,5.4017,0.0043,6.973564713736201,2.3,202,5.4017,nuclear_radii.dat blob 92c402f80690adcefc6aaa6e23529418c4660160; charge_radii.csv sha256 683d028dae93235376ddf7a345f736561ee7c0dba070091912c034bdf740eee6
80,187,Hg,5.4046,0.0042,6.977308597637536,2.3,202,5.4046,nuclear_radii.dat blob 92c402f80690adcefc6aaa6e23529418c4660160; charge_radii.csv sha256 683d028dae93235376ddf7a345f736561ee7c0dba070091912c034bdf740eee6
80,188,Hg,5.4085,0.0040,6.982343475987605,2.3,202,5.4085,nuclear_radii.dat blob 92c402f80690adcefc6aaa6e23529418c4660160; charge_radii.csv sha256 683d028dae93235376ddf7a345f736561ee7c0dba070091912c034bdf740eee6
80,189,Hg,5.41,0.0040,6.984279967660709,2.3,202,5.4100,nuclear_radii.dat blob 92c402f80690adcefc6aaa6e23529418c4660160; charge_radii.csv sha256 683d028dae93235376ddf7a345f736561ee7c0dba070091912c034bdf740eee6
80,190,Hg,5.4158,0.0037,6.991767735463376,2.3,202,5.4158,nuclear_radii.dat blob 92c402f80690adcefc6aaa6e23529418c4660160; charge_radii.csv sha256 683d028dae93235376ddf7a345f736561ee7c0dba070091912c034bdf740eee6
80,191,Hg,5.4171,0.0037,6.993446028246732,2.3,202,5.4171,nuclear_radii.dat blob 92c402f80690adcefc6aaa6e23529418c4660160; charge_radii.csv sha256 683d028dae93235376ddf7a345f736561ee7c0dba070091912c034bdf740eee6
80,192,Hg,5.4232,0.0035,7.0013210943840205,2.3,202,5.4232,nuclear_radii.dat blob 92c402f80690adcefc6aaa6e23529418c4660160; charge_radii.csv sha256 683d028dae93235376ddf7a345f736561ee7c0dba070091912c034bdf740eee6
80,193,Hg,5.4238,0.0035,7.002095691053262,2.3,202,5.4238,nuclear_radii.dat blob 92c402f80690adcefc6aaa6e23529418c4660160; charge_radii.csv sha256 683d028dae93235376ddf7a345f736561ee7c0dba070091912c034bdf740eee6
80,194,Hg,5.4309,0.0033,7.011261751639287,2.3,202,5.4309,nuclear_radii.dat blob 92c402f80690adcefc6aaa6e23529418c4660160; charge_radii.csv sha256 683d028dae93235376ddf7a345f736561ee7c0dba070091912c034bdf740eee6
80,195,Hg,5.4345,0.0032,7.015909331654735,2.3,202,5.4345,nuclear_radii.dat blob 92c402f80690adcefc6aaa6e23529418c4660160; charge_radii.csv sha256 683d028dae93235376ddf7a345f736561ee7c0dba070091912c034bdf740eee6
80,196,Hg,5.4385,0.0031,7.0210733094496796,2.3,202,5.4385,nuclear_radii.dat blob 92c402f80690adcefc6aaa6e23529418c4660160; charge_radii.csv sha256 683d028dae93235376ddf7a345f736561ee7c0dba070091912c034bdf740eee6
80,197,Hg,5.4412,0.0031,7.024558994461266,2.3,202,5.4412,nuclear_radii.dat blob 92c402f80690adcefc6aaa6e23529418c4660160; charge_radii.csv sha256 683d028dae93235376ddf7a345f736561ee7c0dba070091912c034bdf740eee6
80,198,Hg,5.4463,0.0031,7.031143066149818,2.3,202,5.4463,nuclear_radii.dat blob 92c402f80690adcefc6aaa6e23529418c4660160; charge_radii.csv sha256 683d028dae93235376ddf7a345f736561ee7c0dba070091912c034bdf740eee6
80,199,Hg,5.4474,0.0031,7.032563160043427,2.3,202,5.4474,nuclear_radii.dat blob 92c402f80690adcefc6aaa6e23529418c4660160; charge_radii.csv sha256 683d028dae93235376ddf7a345f736561ee7c0dba070091912c034bdf740eee6
80,200,Hg,5.4551,0.0031,7.042503817298693,2.3,202,5.4551,nuclear_radii.dat blob 92c402f80690adcefc6aaa6e23529418c4660160; charge_radii.csv sha256 683d028dae93235376ddf7a345f736561ee7c0dba070091912c034bdf740eee6
80,201,Hg,5.4581,0.0032,7.0463768006449,2.3,202,5.4581,nuclear_radii.dat blob 92c402f80690adcefc6aaa6e23529418c4660160; charge_radii.csv sha256 683d028dae93235376ddf7a345f736561ee7c0dba070091912c034bdf740eee6
80,202,Hg,5.4648,0.0033,7.055026463451431,2.3,202,5.4648,nuclear_radii.dat blob 92c402f80690adcefc6aaa6e23529418c4660160; charge_radii.csv sha256 683d028dae93235376ddf7a345f736561ee7c0dba070091912c034bdf740eee6
80,203,Hg,5.4679,0.0035,7.059028546242511,2.3,202,5.4679,nuclear_radii.dat blob 92c402f80690adcefc6aaa6e23529418c4660160; charge_radii.csv sha256 683d028dae93235376ddf7a345f736561ee7c0dba070091912c034bdf740eee6
80,204,Hg,5.4744,0.0036,7.067420010159294,2.3,202,5.4744,nuclear_radii.dat blob 92c402f80690adcefc6aaa6e23529418c4660160; charge_radii.csv sha256 683d028dae93235376ddf7a345f736561ee7c0dba070091912c034bdf740eee6
80,205,Hg,5.4776,0.0038,7.0715511923952485,2.3,202,5.4776,nuclear_radii.dat blob 92c402f80690adcefc6aaa6e23529418c4660160; charge_radii.csv sha256 683d028dae93235376ddf7a345f736561ee7c0dba070091912c034bdf740eee6
80,206,Hg,5.4837,0.0040,7.0794262585325365,2.3,202,5.4837,nuclear_radii.dat blob 92c402f80690adcefc6aaa6e23529418c4660160; charge_radii.csv sha256 683d028dae93235376ddf7a345f736561ee7c0dba070091912c034bdf740eee6
81,188,Tl,5.4017,0.0072,6.973564713736201,2.3,205,5.4017,nuclear_radii.dat blob 92c402f80690adcefc6aaa6e23529418c4660160; charge_radii.csv sha256 683d028dae93235376ddf7a345f736561ee7c0dba070091912c034bdf740eee6
81,190,Tl,5.4121,0.0056,6.9869910560030535,2.3,205,5.4121,nuclear_radii.dat blob 92c402f80690adcefc6aaa6e23529418c4660160; charge_radii.csv sha256 683d028dae93235376ddf7a345f736561ee7c0dba070091912c034bdf740eee6
81,191,Tl,5.4169,0.0048,6.993187829356986,2.3,205,5.4169,nuclear_radii.dat blob 92c402f80690adcefc6aaa6e23529418c4660160; charge_radii.csv sha256 683d028dae93235376ddf7a345f736561ee7c0dba070091912c034bdf740eee6
81,192,Tl,5.4191,0.0051,6.996028017144204,2.3,205,5.4191,nuclear_radii.dat blob 92c402f80690adcefc6aaa6e23529418c4660160; charge_radii.csv sha256 683d028dae93235376ddf7a345f736561ee7c0dba070091912c034bdf740eee6
81,193,Tl,5.4243,0.0042,7.00274118827763,2.3,205,5.4243,nuclear_radii.dat blob 92c402f80690adcefc6aaa6e23529418c4660160; charge_radii.csv sha256 683d028dae93235376ddf7a345f736561ee7c0dba070091912c034bdf740eee6
81,194,Tl,5.4259,0.0046,7.004806779395608,2.3,205,5.4259,nuclear_radii.dat blob 92c402f80690adcefc6aaa6e23529418c4660160; charge_radii.csv sha256 683d028dae93235376ddf7a345f736561ee7c0dba070091912c034bdf740eee6
81,195,Tl,5.4325,0.0039,7.013327342757264,2.3,205,5.4325,nuclear_radii.dat blob 92c402f80690adcefc6aaa6e23529418c4660160; charge_radii.csv sha256 683d028dae93235376ddf7a345f736561ee7c0dba070091912c034bdf740eee6
81,196,Tl,5.4327,0.0042,7.013585541647011,2.3,205,5.4327,nuclear_radii.dat blob 92c402f80690adcefc6aaa6e23529418c4660160; charge_radii.csv sha256 683d028dae93235376ddf7a345f736561ee7c0dba070091912c034bdf740eee6
81,197,Tl,5.4388,0.0036,7.021460607784299,2.3,205,5.4388,nuclear_radii.dat blob 92c402f80690adcefc6aaa6e23529418c4660160; charge_radii.csv sha256 683d028dae93235376ddf7a345f736561ee7c0dba070091912c034bdf740eee6
81,198,Tl,5.4396,0.0036,7.022493403343288,2.3,205,5.4396,nuclear_radii.dat blob 92c402f80690adcefc6aaa6e23529418c4660160; charge_radii.csv sha256 683d028dae93235376ddf7a345f736561ee7c0dba070091912c034bdf740eee6
81,199,Tl,5.4479,0.0031,7.033208657267795,2.3,205,5.4479,nuclear_radii.dat blob 92c402f80690adcefc6aaa6e23529418c4660160; charge_radii.csv sha256 683d028dae93235376ddf7a345f736561ee7c0dba070091912c034bdf740eee6
81,200,Tl,5.4491,0.0031,7.034757850606278,2.3,205,5.4491,nuclear_radii.dat blob 92c402f80690adcefc6aaa6e23529418c4660160; charge_radii.csv sha256 683d028dae93235376ddf7a345f736561ee7c0dba070091912c034bdf740eee6
81,201,Tl,5.4573,0.0029,7.045344005085912,2.3,205,5.4573,nuclear_radii.dat blob 92c402f80690adcefc6aaa6e23529418c4660160; charge_radii.csv sha256 683d028dae93235376ddf7a345f736561ee7c0dba070091912c034bdf740eee6
81,202,Tl,5.4595,0.0027,7.048184192873131,2.3,205,5.4595,nuclear_radii.dat blob 92c402f80690adcefc6aaa6e23529418c4660160; charge_radii.csv sha256 683d028dae93235376ddf7a345f736561ee7c0dba070091912c034bdf740eee6
81,203,Tl,5.4666,0.0027,7.057350253459155,2.3,205,5.4666,nuclear_radii.dat blob 92c402f80690adcefc6aaa6e23529418c4660160; charge_radii.csv sha256 683d028dae93235376ddf7a345f736561ee7c0dba070091912c034bdf740eee6
81,204,Tl,5.4704,0.0028,7.062256032364351,2.3,205,5.4704,nuclear_radii.dat blob 92c402f80690adcefc6aaa6e23529418c4660160; charge_radii.csv sha256 683d028dae93235376ddf7a345f736561ee7c0dba070091912c034bdf740eee6
81,205,Tl,5.4759,0.0026,7.069356501832398,2.3,205,5.4759,nuclear_radii.dat blob 92c402f80690adcefc6aaa6e23529418c4660160; charge_radii.csv sha256 683d028dae93235376ddf7a345f736561ee7c0dba070091912c034bdf740eee6
81,207,Tl,5.4853,0.0027,7.081491849650514,2.3,205,5.4853,nuclear_radii.dat blob 92c402f80690adcefc6aaa6e23529418c4660160; charge_radii.csv sha256 683d028dae93235376ddf7a345f736561ee7c0dba070091912c034bdf740eee6
81,208,Tl,5.4946,0.0028,7.093498098023757,2.3,205,5.4946,nuclear_radii.dat blob 92c402f80690adcefc6aaa6e23529418c4660160; charge_radii.csv sha256 683d028dae93235376ddf7a345f736561ee7c0dba070091912c034bdf740eee6
82,182,Pb,5.3788,0.0035,6.9440009408601515,2.3,208,5.3788,nuclear_radii.dat blob 92c402f80690adcefc6aaa6e23529418c4660160; charge_radii.csv sha256 683d028dae93235376ddf7a345f736561ee7c0dba070091912c034bdf740eee6
82,183,Pb,5.3869,0.0030,6.954457995894911,2.3,208,5.3869,nuclear_radii.dat blob 92c402f80690adcefc6aaa6e23529418c4660160; charge_radii.csv sha256 683d028dae93235376ddf7a345f736561ee7c0dba070091912c034bdf740eee6
82,184,Pb,5.393,0.0029,6.962333062032199,2.3,208,5.3930,nuclear_radii.dat blob 92c402f80690adcefc6aaa6e23529418c4660160; charge_radii.csv sha256 683d028dae93235376ddf7a345f736561ee7c0dba070091912c034bdf740eee6
82,185,Pb,5.3984,0.0028,6.969304432055372,2.3,208,5.3984,nuclear_radii.dat blob 92c402f80690adcefc6aaa6e23529418c4660160; charge_radii.csv sha256 683d028dae93235376ddf7a345f736561ee7c0dba070091912c034bdf740eee6
82,186,Pb,5.4027,0.0027,6.974855708184937,2.3,208,5.4027,nuclear_radii.dat blob 92c402f80690adcefc6aaa6e23529418c4660160; charge_radii.csv sha256 683d028dae93235376ddf7a345f736561ee7c0dba070091912c034bdf740eee6
82,187,Pb,5.4079,0.0026,6.981568879318362,2.3,208,5.4079,nuclear_radii.dat blob 92c402f80690adcefc6aaa6e23529418c4660160; charge_radii.csv sha256 683d028dae93235376ddf7a345f736561ee7c0dba070091912c034bdf740eee6
82,188,Pb,5.4139,0.0025,6.989314846010778,2.3,208,5.4139,nuclear_radii.dat blob 92c402f80690adcefc6aaa6e23529418c4660160; charge_radii.csv sha256 683d028dae93235376ddf7a345f736561ee7c0dba070091912c034bdf740eee6
82,189,Pb,5.4177,0.0024,6.9942206249159735,2.3,208,5.4177,nuclear_radii.dat blob 92c402f80690adcefc6aaa6e23529418c4660160; charge_radii.csv sha256 683d028dae93235376ddf7a345f736561ee7c0dba070091912c034bdf740eee6
82,190,Pb,5.4222,0.0023,7.000030099935286,2.3,208,5.4222,nuclear_radii.dat blob 92c402f80690adcefc6aaa6e23529418c4660160; charge_radii.csv sha256 683d028dae93235376ddf7a345f736561ee7c0dba070091912c034bdf740eee6
82,191,Pb,5.4229,0.0026,7.0009337960494005,2.3,208,5.4229,nuclear_radii.dat blob 92c402f80690adcefc6aaa6e23529418c4660160; charge_radii.csv sha256 683d028dae93235376ddf7a345f736561ee7c0dba070091912c034bdf740eee6
82,192,Pb,5.43,0.0025,7.010099856635424,2.3,208,5.4300,nuclear_radii.dat blob 92c402f80690adcefc6aaa6e23529418c4660160; charge_radii.csv sha256 683d028dae93235376ddf7a345f736561ee7c0dba070091912c034bdf740eee6
82,193,Pb,5.431,0.0023,7.01139085108416,2.3,208,5.4310,nuclear_radii.dat blob 92c402f80690adcefc6aaa6e23529418c4660160; charge_radii.csv sha256 683d028dae93235376ddf7a345f736561ee7c0dba070091912c034bdf740eee6
82,194,Pb,5.4372,0.0023,7.019395016666322,2.3,208,5.4372,nuclear_radii.dat blob 92c402f80690adcefc6aaa6e23529418c4660160; charge_radii.csv sha256 683d028dae93235376ddf7a345f736561ee7c0dba070091912c034bdf740eee6
82,195,Pb,5.4389,0.0045,7.0215897072291735,2.3,208,5.4389,nuclear_radii.dat blob 92c402f80690adcefc6aaa6e23529418c4660160; charge_radii.csv sha256 683d028dae93235376ddf7a345f736561ee7c0dba070091912c034bdf740eee6
82,196,Pb,5.4444,0.0024,7.02869017669722,2.3,208,5.4444,nuclear_radii.dat blob 92c402f80690adcefc6aaa6e23529418c4660160; charge_radii.csv sha256 683d028dae93235376ddf7a345f736561ee7c0dba070091912c034bdf740eee6
82,197,Pb,5.4446,0.0024,7.0289483755869675,2.3,208,5.4446,nuclear_radii.dat blob 92c402f80690adcefc6aaa6e23529418c4660160; charge_radii.csv sha256 683d028dae93235376ddf7a345f736561ee7c0dba070091912c034bdf740eee6
82,198,Pb,5.4524,0.0022,7.039018132287106,2.3,208,5.4524,nuclear_radii.dat blob 92c402f80690adcefc6aaa6e23529418c4660160; charge_radii.csv sha256 683d028dae93235376ddf7a345f736561ee7c0dba070091912c034bdf740eee6
82,199,Pb,5.4529,0.0022,7.039663629511474,2.3,208,5.4529,nuclear_radii.dat blob 92c402f80690adcefc6aaa6e23529418c4660160; charge_radii.csv sha256 683d028dae93235376ddf7a345f736561ee7c0dba070091912c034bdf740eee6
82,200,Pb,5.4611,0.0020,7.0502497839911085,2.3,208,5.4611,nuclear_radii.dat blob 92c402f80690adcefc6aaa6e23529418c4660160; charge_radii.csv sha256 683d028dae93235376ddf7a345f736561ee7c0dba070091912c034bdf740eee6
82,201,Pb,5.4629,0.0019,7.052573573998833,2.3,208,5.4629,nuclear_radii.dat blob 92c402f80690adcefc6aaa6e23529418c4660160; charge_radii.csv sha256 683d028dae93235376ddf7a345f736561ee7c0dba070091912c034bdf740eee6
82,202,Pb,5.4705,0.0017,7.062385131809225,2.3,208,5.4705,nuclear_radii.dat blob 92c402f80690adcefc6aaa6e23529418c4660160; charge_radii.csv sha256 683d028dae93235376ddf7a345f736561ee7c0dba070091912c034bdf740eee6
82,203,Pb,5.4727,0.0017,7.0652253195964425,2.3,208,5.4727,nuclear_radii.dat blob 92c402f80690adcefc6aaa6e23529418c4660160; charge_radii.csv sha256 683d028dae93235376ddf7a345f736561ee7c0dba070091912c034bdf740eee6
82,204,Pb,5.4803,0.0014,7.075036877406835,2.3,208,5.4803,nuclear_radii.dat blob 92c402f80690adcefc6aaa6e23529418c4660160; charge_radii.csv sha256 683d028dae93235376ddf7a345f736561ee7c0dba070091912c034bdf740eee6
82,205,Pb,5.4828,0.0015,7.0782643635286755,2.3,208,5.4828,nuclear_radii.dat blob 92c402f80690adcefc6aaa6e23529418c4660160; charge_radii.csv sha256 683d028dae93235376ddf7a345f736561ee7c0dba070091912c034bdf740eee6
82,206,Pb,5.4902,0.0014,7.087817722449319,2.3,208,5.4902,nuclear_radii.dat blob 92c402f80690adcefc6aaa6e23529418c4660160; charge_radii.csv sha256 683d028dae93235376ddf7a345f736561ee7c0dba070091912c034bdf740eee6
82,207,Pb,5.4943,0.0014,7.0931107996891365,2.3,208,5.4943,nuclear_radii.dat blob 92c402f80690adcefc6aaa6e23529418c4660160; charge_radii.csv sha256 683d028dae93235376ddf7a345f736561ee7c0dba070091912c034bdf740eee6
82,208,Pb,5.5012,0.0013,7.102018661385413,2.3,208,5.5012,nuclear_radii.dat blob 92c402f80690adcefc6aaa6e23529418c4660160; charge_radii.csv sha256 683d028dae93235376ddf7a345f736561ee7c0dba070091912c034bdf740eee6
82,209,Pb,5.51,0.0014,7.113379412534289,2.3,208,5.5100,nuclear_radii.dat blob 92c402f80690adcefc6aaa6e23529418c4660160; charge_radii.csv sha256 683d028dae93235376ddf7a345f736561ee7c0dba070091912c034bdf740eee6
82,210,Pb,5.5208,0.0016,7.127322152580636,2.3,208,5.5208,nuclear_radii.dat blob 92c402f80690adcefc6aaa6e23529418c4660160; charge_radii.csv sha256 683d028dae93235376ddf7a345f736561ee7c0dba070091912c034bdf740eee6
82,211,Pb,5.529,0.0017,7.137908307060269,2.3,208,5.5290,nuclear_radii.dat blob 92c402f80690adcefc6aaa6e23529418c4660160; charge_radii.csv sha256 683d028dae93235376ddf7a345f736561ee7c0dba070091912c034bdf740eee6
82,212,Pb,5.5396,0.0019,7.151592848216869,2.3,208,5.5396,nuclear_radii.dat blob 92c402f80690adcefc6aaa6e23529418c4660160; charge_radii.csv sha256 683d028dae93235376ddf7a345f736561ee7c0dba070091912c034bdf740eee6
82,214,Pb,5.5577,0.0023,7.174959847738986,2.3,208,5.5577,nuclear_radii.dat blob 92c402f80690adcefc6aaa6e23529418c4660160; charge_radii.csv sha256 683d028dae93235376ddf7a345f736561ee7c0dba070091912c034bdf740eee6
83,202,Bi,5.484,0.0912,7.079813556867158,2.3,209,5.4840,nuclear_radii.dat blob 92c402f80690adcefc6aaa6e23529418c4660160; charge_radii.csv sha256 683d028dae93235376ddf7a345f736561ee7c0dba070091912c034bdf740eee6
83,203,Bi,5.4911,0.0911,7.088979617453183,2.3,209,5.4911,nuclear_radii.dat blob 92c402f80690adcefc6aaa6e23529418c4660160; charge_radii.csv sha256 683d028dae93235376ddf7a345f736561ee7c0dba070091912c034bdf740eee6
83,204,Bi,5.4934,0.0910,7.091948904685275,2.3,209,5.4934,nuclear_radii.dat blob 92c402f80690adcefc6aaa6e23529418c4660160; charge_radii.csv sha256 683d028dae93235376ddf7a345f736561ee7c0dba070091912c034bdf740eee6
83,205,Bi,5.5008,0.0909,7.101502263605919,2.3,209,5.5008,nuclear_radii.dat blob 92c402f80690adcefc6aaa6e23529418c4660160; charge_radii.csv sha256 683d028dae93235376ddf7a345f736561ee7c0dba070091912c034bdf740eee6
83,206,Bi,5.5034,0.0909,7.104858849172633,2.3,209,5.5034,nuclear_radii.dat blob 92c402f80690adcefc6aaa6e23529418c4660160; charge_radii.csv sha256 683d028dae93235376ddf7a345f736561ee7c0dba070091912c034bdf740eee6
83,207,Bi,5.5103,0.0907,7.1137667108689095,2.3,209,5.5103,nuclear_radii.dat blob 92c402f80690adcefc6aaa6e23529418c4660160; charge_radii.csv sha256 683d028dae93235376ddf7a345f736561ee7c0dba070091912c034bdf740eee6
83,208,Bi,5.5147,0.0907,7.119447086443348,2.3,209,5.5147,nuclear_radii.dat blob 92c402f80690adcefc6aaa6e23529418c4660160; charge_radii.csv sha256 683d028dae93235376ddf7a345f736561ee7c0dba070091912c034bdf740eee6
83,209,Bi,5.5211,0.0906,7.127709450915256,2.3,209,5.5211,nuclear_radii.dat blob 92c402f80690adcefc6aaa6e23529418c4660160; charge_radii.csv sha256 683d028dae93235376ddf7a345f736561ee7c0dba070091912c034bdf740eee6
83,210,Bi,5.53,0.0904,7.139199301509005,2.3,209,5.5300,nuclear_radii.dat blob 92c402f80690adcefc6aaa6e23529418c4660160; charge_radii.csv sha256 683d028dae93235376ddf7a345f736561ee7c0dba070091912c034bdf740eee6
83,212,Bi,5.5489,0.0901,7.1635990965901115,2.3,209,5.5489,nuclear_radii.dat blob 92c402f80690adcefc6aaa6e23529418c4660160; charge_radii.csv sha256 683d028dae93235376ddf7a345f736561ee7c0dba070091912c034bdf740eee6
83,213,Bi,5.5586,0.0900,7.17612174274285,2.3,209,5.5586,nuclear_radii.dat blob 92c402f80690adcefc6aaa6e23529418c4660160; charge_radii.csv sha256 683d028dae93235376ddf7a345f736561ee7c0dba070091912c034bdf740eee6
84,192,Po,5.522,0.0178,7.128871345919118,2.3,227,5.5220,nuclear_radii.dat blob 92c402f80690adcefc6aaa6e23529418c4660160; charge_radii.csv sha256 683d028dae93235376ddf7a345f736561ee7c0dba070091912c034bdf740eee6
84,194,Po,5.5167,0.0178,7.122029075340819,2.3,227,5.5167,nuclear_radii.dat blob 92c402f80690adcefc6aaa6e23529418c4660160; charge_radii.csv sha256 683d028dae93235376ddf7a345f736561ee7c0dba070091912c034bdf740eee6
84,196,Po,5.5136,0.0178,7.118026992549738,2.3,227,5.5136,nuclear_radii.dat blob 92c402f80690adcefc6aaa6e23529418c4660160; charge_radii.csv sha256 683d028dae93235376ddf7a345f736561ee7c0dba070091912c034bdf740eee6
84,198,Po,5.5146,0.0178,7.119317986998473,2.3,227,5.5146,nuclear_radii.dat blob 92c402f80690adcefc6aaa6e23529418c4660160; charge_radii.csv sha256 683d028dae93235376ddf7a345f736561ee7c0dba070091912c034bdf740eee6
84,200,Po,5.5199,0.0178,7.126160257576773,2.3,227,5.5199,nuclear_radii.dat blob 92c402f80690adcefc6aaa6e23529418c4660160; charge_radii.csv sha256 683d028dae93235376ddf7a345f736561ee7c0dba070091912c034bdf740eee6
84,202,Po,5.5281,0.0177,7.136746412056407,2.3,227,5.5281,nuclear_radii.dat blob 92c402f80690adcefc6aaa6e23529418c4660160; charge_radii.csv sha256 683d028dae93235376ddf7a345f736561ee7c0dba070091912c034bdf740eee6
84,204,Po,5.5378,0.0177,7.149269058209144,2.3,227,5.5378,nuclear_radii.dat blob 92c402f80690adcefc6aaa6e23529418c4660160; charge_radii.csv sha256 683d028dae93235376ddf7a345f736561ee7c0dba070091912c034bdf740eee6
84,205,Po,5.5389,0.0177,7.150689152102753,2.3,227,5.5389,nuclear_radii.dat blob 92c402f80690adcefc6aaa6e23529418c4660160; charge_radii.csv sha256 683d028dae93235376ddf7a345f736561ee7c0dba070091912c034bdf740eee6
84,206,Po,5.548,0.0177,7.16243720158625,2.3,227,5.5480,nuclear_radii.dat blob 92c402f80690adcefc6aaa6e23529418c4660160; charge_radii.csv sha256 683d028dae93235376ddf7a345f736561ee7c0dba070091912c034bdf740eee6
84,207,Po,5.5501,0.0177,7.165148289928594,2.3,227,5.5501,nuclear_radii.dat blob 92c402f80690adcefc6aaa6e23529418c4660160; charge_radii.csv sha256 683d028dae93235376ddf7a345f736561ee7c0dba070091912c034bdf740eee6
84,208,Po,5.5584,0.0176,7.175863543853102,2.3,227,5.5584,nuclear_radii.dat blob 92c402f80690adcefc6aaa6e23529418c4660160; charge_radii.csv sha256 683d028dae93235376ddf7a345f736561ee7c0dba070091912c034bdf740eee6
84,209,Po,5.5628,0.0176,7.18154391942754,2.3,227,5.5628,nuclear_radii.dat blob 92c402f80690adcefc6aaa6e23529418c4660160; charge_radii.csv sha256 683d028dae93235376ddf7a345f736561ee7c0dba070091912c034bdf740eee6
84,210,Po,5.5704,0.0176,7.191355477237932,2.3,227,5.5704,nuclear_radii.dat blob 92c402f80690adcefc6aaa6e23529418c4660160; charge_radii.csv sha256 683d028dae93235376ddf7a345f736561ee7c0dba070091912c034bdf740eee6
84,216,Po,5.6359,0.0174,7.2759156136301275,2.3,227,5.6359,nuclear_radii.dat blob 92c402f80690adcefc6aaa6e23529418c4660160; charge_radii.csv sha256 683d028dae93235376ddf7a345f736561ee7c0dba070091912c034bdf740eee6
84,218,Po,5.6558,0.0173,7.30160640315997,2.3,227,5.6558,nuclear_radii.dat blob 92c402f80690adcefc6aaa6e23529418c4660160; charge_radii.csv sha256 683d028dae93235376ddf7a345f736561ee7c0dba070091912c034bdf740eee6
86,202,Rn,5.5521,0.0181,7.167730278826067,2.3,231,5.5521,nuclear_radii.dat blob 92c402f80690adcefc6aaa6e23529418c4660160; charge_radii.csv sha256 683d028dae93235376ddf7a345f736561ee7c0dba070091912c034bdf740eee6
86,204,Rn,5.5568,0.0180,7.173797952735124,2.3,231,5.5568,nuclear_radii.dat blob 92c402f80690adcefc6aaa6e23529418c4660160; charge_radii.csv sha256 683d028dae93235376ddf7a345f736561ee7c0dba070091912c034bdf740eee6
86,205,Rn,5.5569,0.0180,7.173927052179998,2.3,231,5.5569,nuclear_radii.dat blob 92c402f80690adcefc6aaa6e23529418c4660160; charge_radii.csv sha256 683d028dae93235376ddf7a345f736561ee7c0dba070091912c034bdf740eee6
86,206,Rn,5.564,0.0178,7.183093112766023,2.3,231,5.5640,nuclear_radii.dat blob 92c402f80690adcefc6aaa6e23529418c4660160; charge_radii.csv sha256 683d028dae93235376ddf7a345f736561ee7c0dba070091912c034bdf740eee6
86,207,Rn,5.5652,0.0178,7.1846423061045055,2.3,231,5.5652,nuclear_radii.dat blob 92c402f80690adcefc6aaa6e23529418c4660160; charge_radii.csv sha256 683d028dae93235376ddf7a345f736561ee7c0dba070091912c034bdf740eee6
86,208,Rn,5.5725,0.0177,7.194066565580276,2.3,231,5.5725,nuclear_radii.dat blob 92c402f80690adcefc6aaa6e23529418c4660160; charge_radii.csv sha256 683d028dae93235376ddf7a345f736561ee7c0dba070091912c034bdf740eee6
86,209,Rn,5.5743,0.0177,7.196390355588001,2.3,231,5.5743,nuclear_radii.dat blob 92c402f80690adcefc6aaa6e23529418c4660160; charge_radii.csv sha256 683d028dae93235376ddf7a345f736561ee7c0dba070091912c034bdf740eee6
86,210,Rn,5.5813,0.0177,7.205427316729152,2.3,231,5.5813,nuclear_radii.dat blob 92c402f80690adcefc6aaa6e23529418c4660160; charge_radii.csv sha256 683d028dae93235376ddf7a345f736561ee7c0dba070091912c034bdf740eee6
86,211,Rn,5.585,0.0176,7.210203996189474,2.3,231,5.5850,nuclear_radii.dat blob 92c402f80690adcefc6aaa6e23529418c4660160; charge_radii.csv sha256 683d028dae93235376ddf7a345f736561ee7c0dba070091912c034bdf740eee6
86,212,Rn,5.5915,0.0176,7.218595460106257,2.3,231,5.5915,nuclear_radii.dat blob 92c402f80690adcefc6aaa6e23529418c4660160; charge_radii.csv sha256 683d028dae93235376ddf7a345f736561ee7c0dba070091912c034bdf740eee6
86,218,Rn,5.654,0.0187,7.299282613152244,2.3,231,5.6540,nuclear_radii.dat blob 92c402f80690adcefc6aaa6e23529418c4660160; charge_radii.csv sha256 683d028dae93235376ddf7a345f736561ee7c0dba070091912c034bdf740eee6
86,219,Rn,5.6648,0.0191,7.313225353198591,2.3,231,5.6648,nuclear_radii.dat blob 92c402f80690adcefc6aaa6e23529418c4660160; charge_radii.csv sha256 683d028dae93235376ddf7a345f736561ee7c0dba070091912c034bdf740eee6
86,220,Rn,5.6731,0.0194,7.323940607123099,2.3,231,5.6731,nuclear_radii.dat blob 92c402f80690adcefc6aaa6e23529418c4660160; charge_radii.csv sha256 683d028dae93235376ddf7a345f736561ee7c0dba070091912c034bdf740eee6
86,221,Rn,5.6834,0.0199,7.337237849945077,2.3,231,5.6834,nuclear_radii.dat blob 92c402f80690adcefc6aaa6e23529418c4660160; charge_radii.csv sha256 683d028dae93235376ddf7a345f736561ee7c0dba070091912c034bdf740eee6
86,222,Rn,5.6915,0.0203,7.347694904979837,2.3,231,5.6915,nuclear_radii.dat blob 92c402f80690adcefc6aaa6e23529418c4660160; charge_radii.csv sha256 683d028dae93235376ddf7a345f736561ee7c0dba070091912c034bdf740eee6
87,207,Fr,5.572,0.0176,7.193421068355909,2.3,233,5.5720,nuclear_radii.dat blob 92c402f80690adcefc6aaa6e23529418c4660160; charge_radii.csv sha256 683d028dae93235376ddf7a345f736561ee7c0dba070091912c034bdf740eee6
87,208,Fr,5.5729,0.0176,7.194582963359771,2.3,233,5.5729,nuclear_radii.dat blob 92c402f80690adcefc6aaa6e23529418c4660160; charge_radii.csv sha256 683d028dae93235376ddf7a345f736561ee7c0dba070091912c034bdf740eee6
87,209,Fr,5.5799,0.0176,7.203619924500922,2.3,233,5.5799,nuclear_radii.dat blob 92c402f80690adcefc6aaa6e23529418c4660160; charge_radii.csv sha256 683d028dae93235376ddf7a345f736561ee7c0dba070091912c034bdf740eee6
87,210,Fr,5.5818,0.0176,7.20607281395352,2.3,233,5.5818,nuclear_radii.dat blob 92c402f80690adcefc6aaa6e23529418c4660160; charge_radii.csv sha256 683d028dae93235376ddf7a345f736561ee7c0dba070091912c034bdf740eee6
87,211,Fr,5.5882,0.0176,7.214335178425428,2.3,233,5.5882,nuclear_radii.dat blob 92c402f80690adcefc6aaa6e23529418c4660160; charge_radii.csv sha256 683d028dae93235376ddf7a345f736561ee7c0dba070091912c034bdf740eee6
87,212,Fr,5.5915,0.0176,7.218595460106257,2.3,233,5.5915,nuclear_radii.dat blob 92c402f80690adcefc6aaa6e23529418c4660160; charge_radii.csv sha256 683d028dae93235376ddf7a345f736561ee7c0dba070091912c034bdf740eee6
87,213,Fr,5.5977,0.0176,7.226599625688419,2.3,233,5.5977,nuclear_radii.dat blob 92c402f80690adcefc6aaa6e23529418c4660160; charge_radii.csv sha256 683d028dae93235376ddf7a345f736561ee7c0dba070091912c034bdf740eee6
87,220,Fr,5.6688,0.0177,7.318389330993535,2.3,233,5.6688,nuclear_radii.dat blob 92c402f80690adcefc6aaa6e23529418c4660160; charge_radii.csv sha256 683d028dae93235376ddf7a345f736561ee7c0dba070091912c034bdf740eee6
87,221,Fr,5.679,0.0177,7.331557474370641,2.3,233,5.6790,nuclear_radii.dat blob 92c402f80690adcefc6aaa6e23529418c4660160; charge_radii.csv sha256 683d028dae93235376ddf7a345f736561ee7c0dba070091912c034bdf740eee6
87,222,Fr,5.689,0.0177,7.344467418857998,2.3,233,5.6890,nuclear_radii.dat blob 92c402f80690adcefc6aaa6e23529418c4660160; charge_radii.csv sha256 683d028dae93235376ddf7a345f736561ee7c0dba070091912c034bdf740eee6
87,223,Fr,5.6951,0.0178,7.352342484995287,2.3,233,5.6951,nuclear_radii.dat blob 92c402f80690adcefc6aaa6e23529418c4660160; charge_radii.csv sha256 683d028dae93235376ddf7a345f736561ee7c0dba070091912c034bdf740eee6
87,224,Fr,5.7061,0.0178,7.366543423931381,2.3,233,5.7061,nuclear_radii.dat blob 92c402f80690adcefc6aaa6e23529418c4660160; charge_radii.csv sha256 683d028dae93235376ddf7a345f736561ee7c0dba070091912c034bdf740eee6
87,225,Fr,5.7112,0.0178,7.373127495619933,2.3,233,5.7112,nuclear_radii.dat blob 92c402f80690adcefc6aaa6e23529418c4660160; charge_radii.csv sha256 683d028dae93235376ddf7a345f736561ee7c0dba070091912c034bdf740eee6
87,226,Fr,5.719,0.0178,7.383197252320072,2.3,233,5.7190,nuclear_radii.dat blob 92c402f80690adcefc6aaa6e23529418c4660160; charge_radii.csv sha256 683d028dae93235376ddf7a345f736561ee7c0dba070091912c034bdf740eee6
87,227,Fr,5.7335,0.0179,7.401916671826742,2.3,233,5.7335,nuclear_radii.dat blob 92c402f80690adcefc6aaa6e23529418c4660160; charge_radii.csv sha256 683d028dae93235376ddf7a345f736561ee7c0dba070091912c034bdf740eee6
87,228,Fr,5.7399,0.0179,7.41017903629865,2.3,233,5.7399,nuclear_radii.dat blob 92c402f80690adcefc6aaa6e23529418c4660160; charge_radii.csv sha256 683d028dae93235376ddf7a345f736561ee7c0dba070091912c034bdf740eee6
88,208,Ra,5.585,0.0183,7.210203996189474,2.3,235,5.5850,nuclear_radii.dat blob 92c402f80690adcefc6aaa6e23529418c4660160; charge_radii.csv sha256 683d028dae93235376ddf7a345f736561ee7c0dba070091912c034bdf740eee6
88,209,Ra,5.5853,0.0182,7.210591294524095,2.3,235,5.5853,nuclear_radii.dat blob 92c402f80690adcefc6aaa6e23529418c4660160; charge_radii.csv sha256 683d028dae93235376ddf7a345f736561ee7c0dba070091912c034bdf740eee6
88,210,Ra,5.5917,0.0180,7.218853658996005,2.3,235,5.5917,nuclear_radii.dat blob 92c402f80690adcefc6aaa6e23529418c4660160; charge_radii.csv sha256 683d028dae93235376ddf7a345f736561ee7c0dba070091912c034bdf740eee6
88,211,Ra,5.5929,0.0179,7.220402852334487,2.3,235,5.5929,nuclear_radii.dat blob 92c402f80690adcefc6aaa6e23529418c4660160; charge_radii.csv sha256 683d028dae93235376ddf7a345f736561ee7c0dba070091912c034bdf740eee6
88,212,Ra,5.5991,0.0177,7.228407017916649,2.3,235,5.5991,nuclear_radii.dat blob 92c402f80690adcefc6aaa6e23529418c4660160; charge_radii.csv sha256 683d028dae93235376ddf7a345f736561ee7c0dba070091912c034bdf740eee6
88,213,Ra,5.602,0.0177,7.232150901817984,2.3,235,5.6020,nuclear_radii.dat blob 92c402f80690adcefc6aaa6e23529418c4660160; charge_radii.csv sha256 683d028dae93235376ddf7a345f736561ee7c0dba070091912c034bdf740eee6
88,214,Ra,5.6079,0.0177,7.239767769065524,2.3,235,5.6079,nuclear_radii.dat blob 92c402f80690adcefc6aaa6e23529418c4660160; charge_radii.csv sha256 683d028dae93235376ddf7a345f736561ee7c0dba070091912c034bdf740eee6
88,220,Ra,5.6683,0.0215,7.317743833769168,2.3,235,5.6683,nuclear_radii.dat blob 92c402f80690adcefc6aaa6e23529418c4660160; charge_radii.csv sha256 683d028dae93235376ddf7a345f736561ee7c0dba070091912c034bdf740eee6
88,221,Ra,5.6795,0.0228,7.332202971595008,2.3,235,5.6795,nuclear_radii.dat blob 92c402f80690adcefc6aaa6e23529418c4660160; charge_radii.csv sha256 683d028dae93235376ddf7a345f736561ee7c0dba070091912c034bdf740eee6
88,222,Ra,5.6874,0.0239,7.342401827740021,2.3,235,5.6874,nuclear_radii.dat blob 92c402f80690adcefc6aaa6e23529418c4660160; charge_radii.csv sha256 683d028dae93235376ddf7a345f736561ee7c0dba070091912c034bdf740eee6
88,223,Ra,5.6973,0.0253,7.355182672782505,2.3,235,5.6973,nuclear_radii.dat blob 92c402f80690adcefc6aaa6e23529418c4660160; charge_radii.csv sha256 683d028dae93235376ddf7a345f736561ee7c0dba070091912c034bdf740eee6
88,224,Ra,5.7046,0.0263,7.364606932258277,2.3,235,5.7046,nuclear_radii.dat blob 92c402f80690adcefc6aaa6e23529418c4660160; charge_radii.csv sha256 683d028dae93235376ddf7a345f736561ee7c0dba070091912c034bdf740eee6
88,225,Ra,5.715,0.0279,7.378033274525129,2.3,235,5.7150,nuclear_radii.dat blob 92c402f80690adcefc6aaa6e23529418c4660160; charge_radii.csv sha256 683d028dae93235376ddf7a345f736561ee7c0dba070091912c034bdf740eee6
88,226,Ra,5.7211,0.0288,7.385908340662417,2.3,235,5.7211,nuclear_radii.dat blob 92c402f80690adcefc6aaa6e23529418c4660160; charge_radii.csv sha256 683d028dae93235376ddf7a345f736561ee7c0dba070091912c034bdf740eee6
88,227,Ra,5.7283,0.0300,7.395203500693315,2.3,235,5.7283,nuclear_radii.dat blob 92c402f80690adcefc6aaa6e23529418c4660160; charge_radii.csv sha256 683d028dae93235376ddf7a345f736561ee7c0dba070091912c034bdf740eee6
88,228,Ra,5.737,0.0315,7.406435152397317,2.3,235,5.7370,nuclear_radii.dat blob 92c402f80690adcefc6aaa6e23529418c4660160; charge_radii.csv sha256 683d028dae93235376ddf7a345f736561ee7c0dba070091912c034bdf740eee6
88,229,Ra,5.7455,0.0329,7.417408605211571,2.3,235,5.7455,nuclear_radii.dat blob 92c402f80690adcefc6aaa6e23529418c4660160; charge_radii.csv sha256 683d028dae93235376ddf7a345f736561ee7c0dba070091912c034bdf740eee6
88,230,Ra,5.7551,0.0346,7.429802151919434,2.3,235,5.7551,nuclear_radii.dat blob 92c402f80690adcefc6aaa6e23529418c4660160; charge_radii.csv sha256 683d028dae93235376ddf7a345f736561ee7c0dba070091912c034bdf740eee6
88,232,Ra,5.7714,0.0375,7.450845361433828,2.3,235,5.7714,nuclear_radii.dat blob 92c402f80690adcefc6aaa6e23529418c4660160; charge_radii.csv sha256 683d028dae93235376ddf7a345f736561ee7c0dba070091912c034bdf740eee6
90,227,Th,5.7404,0.0165,7.4108245335230185,2.3,232,5.7404,nuclear_radii.dat blob 92c402f80690adcefc6aaa6e23529418c4660160; charge_radii.csv sha256 683d028dae93235376ddf7a345f736561ee7c0dba070091912c034bdf740eee6
90,228,Th,5.7488,0.0152,7.421668886892399,2.3,232,5.7488,nuclear_radii.dat blob 92c402f80690adcefc6aaa6e23529418c4660160; charge_radii.csv sha256 683d028dae93235376ddf7a345f736561ee7c0dba070091912c034bdf740eee6
90,229,Th,5.7557,0.0143,7.430576748588677,2.3,232,5.7557,nuclear_radii.dat blob 92c402f80690adcefc6aaa6e23529418c4660160; charge_radii.csv sha256 683d028dae93235376ddf7a345f736561ee7c0dba070091912c034bdf740eee6
90,230,Th,5.767,0.0131,7.445164985859392,2.3,232,5.7670,nuclear_radii.dat blob 92c402f80690adcefc6aaa6e23529418c4660160; charge_radii.csv sha256 683d028dae93235376ddf7a345f736561ee7c0dba070091912c034bdf740eee6
90,232,Th,5.7848,0.0124,7.4681446870468875,2.3,232,5.7848,nuclear_radii.dat blob 92c402f80690adcefc6aaa6e23529418c4660160; charge_radii.csv sha256 683d028dae93235376ddf7a345f736561ee7c0dba070091912c034bdf740eee6
92,233,U,5.8203,0.0049,7.513974989977009,2.3,238,5.8203,nuclear_radii.dat blob 92c402f80690adcefc6aaa6e23529418c4660160; charge_radii.csv sha256 683d028dae93235376ddf7a345f736561ee7c0dba070091912c034bdf740eee6
92,234,U,5.8291,0.0052,7.525335741125885,2.3,238,5.8291,nuclear_radii.dat blob 92c402f80690adcefc6aaa6e23529418c4660160; charge_radii.csv sha256 683d028dae93235376ddf7a345f736561ee7c0dba070091912c034bdf740eee6
92,235,U,5.8337,0.0041,7.531274315590069,2.3,238,5.8337,nuclear_radii.dat blob 92c402f80690adcefc6aaa6e23529418c4660160; charge_radii.csv sha256 683d028dae93235376ddf7a345f736561ee7c0dba070091912c034bdf740eee6
92,236,U,5.8431,0.0038,7.543409663408186,2.3,238,5.8431,nuclear_radii.dat blob 92c402f80690adcefc6aaa6e23529418c4660160; charge_radii.csv sha256 683d028dae93235376ddf7a345f736561ee7c0dba070091912c034bdf740eee6
92,238,U,5.8571,0.0033,7.561483585690487,2.3,238,5.8571,nuclear_radii.dat blob 92c402f80690adcefc6aaa6e23529418c4660160; charge_radii.csv sha256 683d028dae93235376ddf7a345f736561ee7c0dba070091912c034bdf740eee6
