record_id,source_id,source_sha256,locator,material_formula,phase,isotope_composition,temperature_K,density_g_cm3,beam_conditions,observable,normalization,reported_value,reported_uncertainty,units,efficiency_correction,attenuation_correction,cascade_correction,transfer_assumption,stopping_model,covariance_reference,primary_read,inferable_parameter,qualification,missing_inputs,capture_branch_correction
Stanislaus1987a-Table 1-17-3,Stanislaus1987a,e3ae6124dfccc1b41c20844b3861b0398eae8f6db2f8e96e4ec5f6ed0e1fca9d,Stanislaus1987a p.17 Table 1 row 3: Na2O2,Na2O2,solid,,,,,atomic_capture_ratio,ratio of atomic capture probabilities per atom; Stanislaus1987a p.7-8,1.00,0.05,,E1 counter efficiency and E2(Z) lost low-energy decay electrons; Stanislaus1987a p.7-8,E2(Z) energy losses in target and counters; Stanislaus1987a p.8,,,,Stanislaus1987a:Table 1,true,A(Na/O),stage=terminal@Stanislaus1987a p.7;population=all_stops@Stanislaus1987a p.7;method=lifetime@Stanislaus1987a p.2;lineage=own@Stanislaus1987a p.2;inputs=unstated@Stanislaus1987a p.8,isotope_composition;temperature_K;density_g_cm3;beam_conditions;units;cascade_correction;transfer_assumption;stopping_model,"we must correct for those events where the muon is absorbed by the nucleus giving off neutrons; The Huff correction factor takes care of the fact that a negative muon in the K-orbit of the muonic atom has a lower decay probability than a free muon; Eqs. (3), (5), (8); Stanislaus1987a p.7-8"
Stanislaus1987a-Table 1-17-4,Stanislaus1987a,e3ae6124dfccc1b41c20844b3861b0398eae8f6db2f8e96e4ec5f6ed0e1fca9d,Stanislaus1987a p.17 Table 1 row 4: MgO,MgO,solid,,,,,atomic_capture_ratio,ratio of atomic capture probabilities per atom; Stanislaus1987a p.7-8,0.93,0.05,,E1 counter efficiency and E2(Z) lost low-energy decay electrons; Stanislaus1987a p.7-8,E2(Z) energy losses in target and counters; Stanislaus1987a p.8,,,,Stanislaus1987a:Table 1,true,A(Mg/O),stage=terminal@Stanislaus1987a p.7;population=all_stops@Stanislaus1987a p.7;method=lifetime@Stanislaus1987a p.2;lineage=own@Stanislaus1987a p.2;inputs=unstated@Stanislaus1987a p.8,isotope_composition;temperature_K;density_g_cm3;beam_conditions;units;cascade_correction;transfer_assumption;stopping_model,"we must correct for those events where the muon is absorbed by the nucleus giving off neutrons; The Huff correction factor takes care of the fact that a negative muon in the K-orbit of the muonic atom has a lower decay probability than a free muon; Eqs. (3), (5), (8); Stanislaus1987a p.7-8"
Stanislaus1987a-Table 1-17-5,Stanislaus1987a,e3ae6124dfccc1b41c20844b3861b0398eae8f6db2f8e96e4ec5f6ed0e1fca9d,Stanislaus1987a p.17 Table 1 row 5: Al2O3,Al2O3,solid,,,,,atomic_capture_ratio,ratio of atomic capture probabilities per atom; Stanislaus1987a p.7-8,0.94,0.03,,E1 counter efficiency and E2(Z) lost low-energy decay electrons; Stanislaus1987a p.7-8,E2(Z) energy losses in target and counters; Stanislaus1987a p.8,,,,Stanislaus1987a:Table 1,true,A(Al/O),stage=terminal@Stanislaus1987a p.7;population=all_stops@Stanislaus1987a p.7;method=lifetime@Stanislaus1987a p.2;lineage=own@Stanislaus1987a p.2;inputs=unstated@Stanislaus1987a p.8,isotope_composition;temperature_K;density_g_cm3;beam_conditions;units;cascade_correction;transfer_assumption;stopping_model,"we must correct for those events where the muon is absorbed by the nucleus giving off neutrons; The Huff correction factor takes care of the fact that a negative muon in the K-orbit of the muonic atom has a lower decay probability than a free muon; Eqs. (3), (5), (8); Stanislaus1987a p.7-8"
Stanislaus1987a-Table 1-17-6,Stanislaus1987a,e3ae6124dfccc1b41c20844b3861b0398eae8f6db2f8e96e4ec5f6ed0e1fca9d,Stanislaus1987a p.17 Table 1 row 6: SiO,SiO,solid,,,,,atomic_capture_ratio,ratio of atomic capture probabilities per atom; Stanislaus1987a p.7-8,0.98,0.03,,E1 counter efficiency and E2(Z) lost low-energy decay electrons; Stanislaus1987a p.7-8,E2(Z) energy losses in target and counters; Stanislaus1987a p.8,,,,Stanislaus1987a:Table 1,true,A(Si/O),stage=terminal@Stanislaus1987a p.7;population=all_stops@Stanislaus1987a p.7;method=lifetime@Stanislaus1987a p.2;lineage=own@Stanislaus1987a p.2;inputs=unstated@Stanislaus1987a p.8,isotope_composition;temperature_K;density_g_cm3;beam_conditions;units;cascade_correction;transfer_assumption;stopping_model,"we must correct for those events where the muon is absorbed by the nucleus giving off neutrons; The Huff correction factor takes care of the fact that a negative muon in the K-orbit of the muonic atom has a lower decay probability than a free muon; Eqs. (3), (5), (8); Stanislaus1987a p.7-8"
Stanislaus1987a-Table 1-17-7,Stanislaus1987a,e3ae6124dfccc1b41c20844b3861b0398eae8f6db2f8e96e4ec5f6ed0e1fca9d,Stanislaus1987a p.17 Table 1 row 7: SiO2,SiO2,solid,,,,,atomic_capture_ratio,ratio of atomic capture probabilities per atom; Stanislaus1987a p.7-8,0.90,0.03,,E1 counter efficiency and E2(Z) lost low-energy decay electrons; Stanislaus1987a p.7-8,E2(Z) energy losses in target and counters; Stanislaus1987a p.8,,,,Stanislaus1987a:Table 1,true,A(Si/O),stage=terminal@Stanislaus1987a p.7;population=all_stops@Stanislaus1987a p.7;method=lifetime@Stanislaus1987a p.2;lineage=own@Stanislaus1987a p.2;inputs=unstated@Stanislaus1987a p.8,isotope_composition;temperature_K;density_g_cm3;beam_conditions;units;cascade_correction;transfer_assumption;stopping_model,"we must correct for those events where the muon is absorbed by the nucleus giving off neutrons; The Huff correction factor takes care of the fact that a negative muon in the K-orbit of the muonic atom has a lower decay probability than a free muon; Eqs. (3), (5), (8); Stanislaus1987a p.7-8"
Stanislaus1987a-Table 1-17-8,Stanislaus1987a,e3ae6124dfccc1b41c20844b3861b0398eae8f6db2f8e96e4ec5f6ed0e1fca9d,Stanislaus1987a p.17 Table 1 row 8: P2O5,P2O5,solid,,,,,atomic_capture_ratio,ratio of atomic capture probabilities per atom; Stanislaus1987a p.7-8,0.97,0.03,,E1 counter efficiency and E2(Z) lost low-energy decay electrons; Stanislaus1987a p.7-8,E2(Z) energy losses in target and counters; Stanislaus1987a p.8,,,,Stanislaus1987a:Table 1,true,A(P/O),stage=terminal@Stanislaus1987a p.7;population=all_stops@Stanislaus1987a p.7;method=lifetime@Stanislaus1987a p.2;lineage=own@Stanislaus1987a p.2;inputs=unstated@Stanislaus1987a p.8,isotope_composition;temperature_K;density_g_cm3;beam_conditions;units;cascade_correction;transfer_assumption;stopping_model,"we must correct for those events where the muon is absorbed by the nucleus giving off neutrons; The Huff correction factor takes care of the fact that a negative muon in the K-orbit of the muonic atom has a lower decay probability than a free muon; Eqs. (3), (5), (8); Stanislaus1987a p.7-8"
Stanislaus1987a-Table 1-17-9,Stanislaus1987a,e3ae6124dfccc1b41c20844b3861b0398eae8f6db2f8e96e4ec5f6ed0e1fca9d,Stanislaus1987a p.17 Table 1 row 9: CaO,CaO,solid,,,,,atomic_capture_ratio,ratio of atomic capture probabilities per atom; Stanislaus1987a p.7-8,1.69,0.09,,E1 counter efficiency and E2(Z) lost low-energy decay electrons; Stanislaus1987a p.7-8,E2(Z) energy losses in target and counters; Stanislaus1987a p.8,,,,Stanislaus1987a:Table 1,true,A(Ca/O),stage=terminal@Stanislaus1987a p.7;population=all_stops@Stanislaus1987a p.7;method=lifetime@Stanislaus1987a p.2;lineage=own@Stanislaus1987a p.2;inputs=unstated@Stanislaus1987a p.8,isotope_composition;temperature_K;density_g_cm3;beam_conditions;units;cascade_correction;transfer_assumption;stopping_model,"we must correct for those events where the muon is absorbed by the nucleus giving off neutrons; The Huff correction factor takes care of the fact that a negative muon in the K-orbit of the muonic atom has a lower decay probability than a free muon; Eqs. (3), (5), (8); Stanislaus1987a p.7-8"
Stanislaus1987a-Table 1-17-10,Stanislaus1987a,e3ae6124dfccc1b41c20844b3861b0398eae8f6db2f8e96e4ec5f6ed0e1fca9d,Stanislaus1987a p.17 Table 1 row 10: Sc2O3,Sc2O3,solid,,,,,atomic_capture_ratio,ratio of atomic capture probabilities per atom; Stanislaus1987a p.7-8,2.23,0.25,,E1 counter efficiency and E2(Z) lost low-energy decay electrons; Stanislaus1987a p.7-8,E2(Z) energy losses in target and counters; Stanislaus1987a p.8,,,,Stanislaus1987a:Table 1,true,A(Sc/O),stage=terminal@Stanislaus1987a p.7;population=all_stops@Stanislaus1987a p.7;method=lifetime@Stanislaus1987a p.2;lineage=own@Stanislaus1987a p.2;inputs=unstated@Stanislaus1987a p.8,isotope_composition;temperature_K;density_g_cm3;beam_conditions;units;cascade_correction;transfer_assumption;stopping_model,"we must correct for those events where the muon is absorbed by the nucleus giving off neutrons; The Huff correction factor takes care of the fact that a negative muon in the K-orbit of the muonic atom has a lower decay probability than a free muon; Eqs. (3), (5), (8); Stanislaus1987a p.7-8"
Stanislaus1987a-Table 1-17-11,Stanislaus1987a,e3ae6124dfccc1b41c20844b3861b0398eae8f6db2f8e96e4ec5f6ed0e1fca9d,Stanislaus1987a p.17 Table 1 row 11: TiO,TiO,solid,,,,,atomic_capture_ratio,ratio of atomic capture probabilities per atom; Stanislaus1987a p.7-8,2.65,0.15,,E1 counter efficiency and E2(Z) lost low-energy decay electrons; Stanislaus1987a p.7-8,E2(Z) energy losses in target and counters; Stanislaus1987a p.8,,,,Stanislaus1987a:Table 1,true,A(Ti/O),stage=terminal@Stanislaus1987a p.7;population=all_stops@Stanislaus1987a p.7;method=lifetime@Stanislaus1987a p.2;lineage=own@Stanislaus1987a p.2;inputs=unstated@Stanislaus1987a p.8,isotope_composition;temperature_K;density_g_cm3;beam_conditions;units;cascade_correction;transfer_assumption;stopping_model,"we must correct for those events where the muon is absorbed by the nucleus giving off neutrons; The Huff correction factor takes care of the fact that a negative muon in the K-orbit of the muonic atom has a lower decay probability than a free muon; Eqs. (3), (5), (8); Stanislaus1987a p.7-8"
Stanislaus1987a-Table 1-17-12,Stanislaus1987a,e3ae6124dfccc1b41c20844b3861b0398eae8f6db2f8e96e4ec5f6ed0e1fca9d,Stanislaus1987a p.17 Table 1 row 12: TiO2,TiO2,solid,,,,,atomic_capture_ratio,ratio of atomic capture probabilities per atom; Stanislaus1987a p.7-8,2.71,0.14,,E1 counter efficiency and E2(Z) lost low-energy decay electrons; Stanislaus1987a p.7-8,E2(Z) energy losses in target and counters; Stanislaus1987a p.8,,,,Stanislaus1987a:Table 1,true,A(Ti/O),stage=terminal@Stanislaus1987a p.7;population=all_stops@Stanislaus1987a p.7;method=lifetime@Stanislaus1987a p.2;lineage=own@Stanislaus1987a p.2;inputs=unstated@Stanislaus1987a p.8,isotope_composition;temperature_K;density_g_cm3;beam_conditions;units;cascade_correction;transfer_assumption;stopping_model,"we must correct for those events where the muon is absorbed by the nucleus giving off neutrons; The Huff correction factor takes care of the fact that a negative muon in the K-orbit of the muonic atom has a lower decay probability than a free muon; Eqs. (3), (5), (8); Stanislaus1987a p.7-8"
Stanislaus1987a-Table 1-17-13,Stanislaus1987a,e3ae6124dfccc1b41c20844b3861b0398eae8f6db2f8e96e4ec5f6ed0e1fca9d,Stanislaus1987a p.17 Table 1 row 13: V2O5,V2O5,solid,,,,,atomic_capture_ratio,ratio of atomic capture probabilities per atom; Stanislaus1987a p.7-8,3.04,0.16,,E1 counter efficiency and E2(Z) lost low-energy decay electrons; Stanislaus1987a p.7-8,E2(Z) energy losses in target and counters; Stanislaus1987a p.8,,,,Stanislaus1987a:Table 1,true,A(V/O),stage=terminal@Stanislaus1987a p.7;population=all_stops@Stanislaus1987a p.7;method=lifetime@Stanislaus1987a p.2;lineage=own@Stanislaus1987a p.2;inputs=unstated@Stanislaus1987a p.8,isotope_composition;temperature_K;density_g_cm3;beam_conditions;units;cascade_correction;transfer_assumption;stopping_model,"we must correct for those events where the muon is absorbed by the nucleus giving off neutrons; The Huff correction factor takes care of the fact that a negative muon in the K-orbit of the muonic atom has a lower decay probability than a free muon; Eqs. (3), (5), (8); Stanislaus1987a p.7-8"
Stanislaus1987a-Table 1-17-14,Stanislaus1987a,e3ae6124dfccc1b41c20844b3861b0398eae8f6db2f8e96e4ec5f6ed0e1fca9d,Stanislaus1987a p.17 Table 1 row 14: CrO3,CrO3,solid,,,,,atomic_capture_ratio,ratio of atomic capture probabilities per atom; Stanislaus1987a p.7-8,3.15,0.13,,E1 counter efficiency and E2(Z) lost low-energy decay electrons; Stanislaus1987a p.7-8,E2(Z) energy losses in target and counters; Stanislaus1987a p.8,,,,Stanislaus1987a:Table 1,true,A(Cr/O),stage=terminal@Stanislaus1987a p.7;population=all_stops@Stanislaus1987a p.7;method=lifetime@Stanislaus1987a p.2;lineage=own@Stanislaus1987a p.2;inputs=unstated@Stanislaus1987a p.8,isotope_composition;temperature_K;density_g_cm3;beam_conditions;units;cascade_correction;transfer_assumption;stopping_model,"we must correct for those events where the muon is absorbed by the nucleus giving off neutrons; The Huff correction factor takes care of the fact that a negative muon in the K-orbit of the muonic atom has a lower decay probability than a free muon; Eqs. (3), (5), (8); Stanislaus1987a p.7-8"
Stanislaus1987a-Table 1-17-15,Stanislaus1987a,e3ae6124dfccc1b41c20844b3861b0398eae8f6db2f8e96e4ec5f6ed0e1fca9d,Stanislaus1987a p.17 Table 1 row 15: MnO,MnO,solid,,,,,atomic_capture_ratio,ratio of atomic capture probabilities per atom; Stanislaus1987a p.7-8,2.89,0.14,,E1 counter efficiency and E2(Z) lost low-energy decay electrons; Stanislaus1987a p.7-8,E2(Z) energy losses in target and counters; Stanislaus1987a p.8,,,,Stanislaus1987a:Table 1,true,A(Mn/O),stage=terminal@Stanislaus1987a p.7;population=all_stops@Stanislaus1987a p.7;method=lifetime@Stanislaus1987a p.2;lineage=own@Stanislaus1987a p.2;inputs=unstated@Stanislaus1987a p.8,isotope_composition;temperature_K;density_g_cm3;beam_conditions;units;cascade_correction;transfer_assumption;stopping_model,"we must correct for those events where the muon is absorbed by the nucleus giving off neutrons; The Huff correction factor takes care of the fact that a negative muon in the K-orbit of the muonic atom has a lower decay probability than a free muon; Eqs. (3), (5), (8); Stanislaus1987a p.7-8"
Stanislaus1987a-Table 1-17-16,Stanislaus1987a,e3ae6124dfccc1b41c20844b3861b0398eae8f6db2f8e96e4ec5f6ed0e1fca9d,Stanislaus1987a p.17 Table 1 row 16: MnO2,MnO2,solid,,,,,atomic_capture_ratio,ratio of atomic capture probabilities per atom; Stanislaus1987a p.7-8,3.28,0.15,,E1 counter efficiency and E2(Z) lost low-energy decay electrons; Stanislaus1987a p.7-8,E2(Z) energy losses in target and counters; Stanislaus1987a p.8,,,,Stanislaus1987a:Table 1,true,A(Mn/O),stage=terminal@Stanislaus1987a p.7;population=all_stops@Stanislaus1987a p.7;method=lifetime@Stanislaus1987a p.2;lineage=own@Stanislaus1987a p.2;inputs=unstated@Stanislaus1987a p.8,isotope_composition;temperature_K;density_g_cm3;beam_conditions;units;cascade_correction;transfer_assumption;stopping_model,"we must correct for those events where the muon is absorbed by the nucleus giving off neutrons; The Huff correction factor takes care of the fact that a negative muon in the K-orbit of the muonic atom has a lower decay probability than a free muon; Eqs. (3), (5), (8); Stanislaus1987a p.7-8"
Stanislaus1987a-Table 1-17-17,Stanislaus1987a,e3ae6124dfccc1b41c20844b3861b0398eae8f6db2f8e96e4ec5f6ed0e1fca9d,Stanislaus1987a p.17 Table 1 row 17: Fe2O3,Fe2O3,solid,,,,,atomic_capture_ratio,ratio of atomic capture probabilities per atom; Stanislaus1987a p.7-8,3.48,0.24,,E1 counter efficiency and E2(Z) lost low-energy decay electrons; Stanislaus1987a p.7-8,E2(Z) energy losses in target and counters; Stanislaus1987a p.8,,,,Stanislaus1987a:Table 1,true,A(Fe/O),stage=terminal@Stanislaus1987a p.7;population=all_stops@Stanislaus1987a p.7;method=lifetime@Stanislaus1987a p.2;lineage=own@Stanislaus1987a p.2;inputs=unstated@Stanislaus1987a p.8,isotope_composition;temperature_K;density_g_cm3;beam_conditions;units;cascade_correction;transfer_assumption;stopping_model,"we must correct for those events where the muon is absorbed by the nucleus giving off neutrons; The Huff correction factor takes care of the fact that a negative muon in the K-orbit of the muonic atom has a lower decay probability than a free muon; Eqs. (3), (5), (8); Stanislaus1987a p.7-8"
Stanislaus1987a-Table 1-17-18,Stanislaus1987a,e3ae6124dfccc1b41c20844b3861b0398eae8f6db2f8e96e4ec5f6ed0e1fca9d,Stanislaus1987a p.17 Table 1 row 18: Fe3O4,Fe3O4,solid,,,,,atomic_capture_ratio,ratio of atomic capture probabilities per atom; Stanislaus1987a p.7-8,2.36,0.13,,E1 counter efficiency and E2(Z) lost low-energy decay electrons; Stanislaus1987a p.7-8,E2(Z) energy losses in target and counters; Stanislaus1987a p.8,,,,Stanislaus1987a:Table 1,true,A(Fe/O),stage=terminal@Stanislaus1987a p.7;population=all_stops@Stanislaus1987a p.7;method=lifetime@Stanislaus1987a p.2;lineage=own@Stanislaus1987a p.2;inputs=unstated@Stanislaus1987a p.8,isotope_composition;temperature_K;density_g_cm3;beam_conditions;units;cascade_correction;transfer_assumption;stopping_model,"we must correct for those events where the muon is absorbed by the nucleus giving off neutrons; The Huff correction factor takes care of the fact that a negative muon in the K-orbit of the muonic atom has a lower decay probability than a free muon; Eqs. (3), (5), (8); Stanislaus1987a p.7-8"
Stanislaus1987a-Table 1-17-19,Stanislaus1987a,e3ae6124dfccc1b41c20844b3861b0398eae8f6db2f8e96e4ec5f6ed0e1fca9d,Stanislaus1987a p.17 Table 1 row 19: CoO,CoO,solid,,,,,atomic_capture_ratio,ratio of atomic capture probabilities per atom; Stanislaus1987a p.7-8,3.09,0.15,,E1 counter efficiency and E2(Z) lost low-energy decay electrons; Stanislaus1987a p.7-8,E2(Z) energy losses in target and counters; Stanislaus1987a p.8,,,,Stanislaus1987a:Table 1,true,A(Co/O),stage=terminal@Stanislaus1987a p.7;population=all_stops@Stanislaus1987a p.7;method=lifetime@Stanislaus1987a p.2;lineage=own@Stanislaus1987a p.2;inputs=unstated@Stanislaus1987a p.8,isotope_composition;temperature_K;density_g_cm3;beam_conditions;units;cascade_correction;transfer_assumption;stopping_model,"we must correct for those events where the muon is absorbed by the nucleus giving off neutrons; The Huff correction factor takes care of the fact that a negative muon in the K-orbit of the muonic atom has a lower decay probability than a free muon; Eqs. (3), (5), (8); Stanislaus1987a p.7-8"
Stanislaus1987a-Table 1-17-20,Stanislaus1987a,e3ae6124dfccc1b41c20844b3861b0398eae8f6db2f8e96e4ec5f6ed0e1fca9d,Stanislaus1987a p.17 Table 1 row 20: NiO,NiO,solid,,,,,atomic_capture_ratio,ratio of atomic capture probabilities per atom; Stanislaus1987a p.7-8,2.35,0.19,,E1 counter efficiency and E2(Z) lost low-energy decay electrons; Stanislaus1987a p.7-8,E2(Z) energy losses in target and counters; Stanislaus1987a p.8,,,,Stanislaus1987a:Table 1,true,A(Ni/O),stage=terminal@Stanislaus1987a p.7;population=all_stops@Stanislaus1987a p.7;method=lifetime@Stanislaus1987a p.2;lineage=own@Stanislaus1987a p.2;inputs=unstated@Stanislaus1987a p.8,isotope_composition;temperature_K;density_g_cm3;beam_conditions;units;cascade_correction;transfer_assumption;stopping_model,"we must correct for those events where the muon is absorbed by the nucleus giving off neutrons; The Huff correction factor takes care of the fact that a negative muon in the K-orbit of the muonic atom has a lower decay probability than a free muon; Eqs. (3), (5), (8); Stanislaus1987a p.7-8"
Stanislaus1987a-Table 1-17-21,Stanislaus1987a,e3ae6124dfccc1b41c20844b3861b0398eae8f6db2f8e96e4ec5f6ed0e1fca9d,Stanislaus1987a p.17 Table 1 row 21: Cu2O,Cu2O,solid,,,,,atomic_capture_ratio,ratio of atomic capture probabilities per atom; Stanislaus1987a p.7-8,2.20,0.25,,E1 counter efficiency and E2(Z) lost low-energy decay electrons; Stanislaus1987a p.7-8,E2(Z) energy losses in target and counters; Stanislaus1987a p.8,,,,Stanislaus1987a:Table 1,true,A(Cu/O),stage=terminal@Stanislaus1987a p.7;population=all_stops@Stanislaus1987a p.7;method=lifetime@Stanislaus1987a p.2;lineage=own@Stanislaus1987a p.2;inputs=unstated@Stanislaus1987a p.8,isotope_composition;temperature_K;density_g_cm3;beam_conditions;units;cascade_correction;transfer_assumption;stopping_model,"we must correct for those events where the muon is absorbed by the nucleus giving off neutrons; The Huff correction factor takes care of the fact that a negative muon in the K-orbit of the muonic atom has a lower decay probability than a free muon; Eqs. (3), (5), (8); Stanislaus1987a p.7-8"
Stanislaus1987a-Table 1-17-22,Stanislaus1987a,e3ae6124dfccc1b41c20844b3861b0398eae8f6db2f8e96e4ec5f6ed0e1fca9d,Stanislaus1987a p.17 Table 1 row 22: ZnO,ZnO,solid,,,,,atomic_capture_ratio,ratio of atomic capture probabilities per atom; Stanislaus1987a p.7-8,3.17,0.16,,E1 counter efficiency and E2(Z) lost low-energy decay electrons; Stanislaus1987a p.7-8,E2(Z) energy losses in target and counters; Stanislaus1987a p.8,,,,Stanislaus1987a:Table 1,true,A(Zn/O),stage=terminal@Stanislaus1987a p.7;population=all_stops@Stanislaus1987a p.7;method=lifetime@Stanislaus1987a p.2;lineage=own@Stanislaus1987a p.2;inputs=unstated@Stanislaus1987a p.8,isotope_composition;temperature_K;density_g_cm3;beam_conditions;units;cascade_correction;transfer_assumption;stopping_model,"we must correct for those events where the muon is absorbed by the nucleus giving off neutrons; The Huff correction factor takes care of the fact that a negative muon in the K-orbit of the muonic atom has a lower decay probability than a free muon; Eqs. (3), (5), (8); Stanislaus1987a p.7-8"
Stanislaus1987a-Table 1-17-23,Stanislaus1987a,e3ae6124dfccc1b41c20844b3861b0398eae8f6db2f8e96e4ec5f6ed0e1fca9d,Stanislaus1987a p.17 Table 1 row 23: Y2O3,Y2O3,solid,,,,,atomic_capture_ratio,ratio of atomic capture probabilities per atom; Stanislaus1987a p.7-8,3.17,0.42,,E1 counter efficiency and E2(Z) lost low-energy decay electrons; Stanislaus1987a p.7-8,E2(Z) energy losses in target and counters; Stanislaus1987a p.8,,,,Stanislaus1987a:Table 1,true,A(Y/O),stage=terminal@Stanislaus1987a p.7;population=all_stops@Stanislaus1987a p.7;method=lifetime@Stanislaus1987a p.2;lineage=own@Stanislaus1987a p.2;inputs=unstated@Stanislaus1987a p.8,isotope_composition;temperature_K;density_g_cm3;beam_conditions;units;cascade_correction;transfer_assumption;stopping_model,"we must correct for those events where the muon is absorbed by the nucleus giving off neutrons; The Huff correction factor takes care of the fact that a negative muon in the K-orbit of the muonic atom has a lower decay probability than a free muon; Eqs. (3), (5), (8); Stanislaus1987a p.7-8"
Stanislaus1987a-Table 1-17-24,Stanislaus1987a,e3ae6124dfccc1b41c20844b3861b0398eae8f6db2f8e96e4ec5f6ed0e1fca9d,Stanislaus1987a p.17 Table 1 row 24: ZrO2,ZrO2,solid,,,,,atomic_capture_ratio,ratio of atomic capture probabilities per atom; Stanislaus1987a p.7-8,2.89,0.13,,E1 counter efficiency and E2(Z) lost low-energy decay electrons; Stanislaus1987a p.7-8,E2(Z) energy losses in target and counters; Stanislaus1987a p.8,,,,Stanislaus1987a:Table 1,true,A(Zr/O),stage=terminal@Stanislaus1987a p.7;population=all_stops@Stanislaus1987a p.7;method=lifetime@Stanislaus1987a p.2;lineage=own@Stanislaus1987a p.2;inputs=unstated@Stanislaus1987a p.8,isotope_composition;temperature_K;density_g_cm3;beam_conditions;units;cascade_correction;transfer_assumption;stopping_model,"we must correct for those events where the muon is absorbed by the nucleus giving off neutrons; The Huff correction factor takes care of the fact that a negative muon in the K-orbit of the muonic atom has a lower decay probability than a free muon; Eqs. (3), (5), (8); Stanislaus1987a p.7-8"
Stanislaus1987a-Table 1-18-3,Stanislaus1987a,e3ae6124dfccc1b41c20844b3861b0398eae8f6db2f8e96e4ec5f6ed0e1fca9d,Stanislaus1987a p.18 Table 1 row 3: NbO,NbO,solid,,,,,atomic_capture_ratio,ratio of atomic capture probabilities per atom; Stanislaus1987a p.7-8,3.44,0.20,,E1 counter efficiency and E2(Z) lost low-energy decay electrons; Stanislaus1987a p.7-8,E2(Z) energy losses in target and counters; Stanislaus1987a p.8,,,,Stanislaus1987a:Table 1,true,A(Nb/O),stage=terminal@Stanislaus1987a p.7;population=all_stops@Stanislaus1987a p.7;method=lifetime@Stanislaus1987a p.2;lineage=own@Stanislaus1987a p.2;inputs=unstated@Stanislaus1987a p.8,isotope_composition;temperature_K;density_g_cm3;beam_conditions;units;cascade_correction;transfer_assumption;stopping_model,"we must correct for those events where the muon is absorbed by the nucleus giving off neutrons; The Huff correction factor takes care of the fact that a negative muon in the K-orbit of the muonic atom has a lower decay probability than a free muon; Eqs. (3), (5), (8); Stanislaus1987a p.7-8"
Stanislaus1987a-Table 1-18-4,Stanislaus1987a,e3ae6124dfccc1b41c20844b3861b0398eae8f6db2f8e96e4ec5f6ed0e1fca9d,Stanislaus1987a p.18 Table 1 row 4: Nb2O5,Nb2O5,solid,,,,,atomic_capture_ratio,ratio of atomic capture probabilities per atom; Stanislaus1987a p.7-8,3.57,0.19,,E1 counter efficiency and E2(Z) lost low-energy decay electrons; Stanislaus1987a p.7-8,E2(Z) energy losses in target and counters; Stanislaus1987a p.8,,,,Stanislaus1987a:Table 1,true,A(Nb/O),stage=terminal@Stanislaus1987a p.7;population=all_stops@Stanislaus1987a p.7;method=lifetime@Stanislaus1987a p.2;lineage=own@Stanislaus1987a p.2;inputs=unstated@Stanislaus1987a p.8,isotope_composition;temperature_K;density_g_cm3;beam_conditions;units;cascade_correction;transfer_assumption;stopping_model,"we must correct for those events where the muon is absorbed by the nucleus giving off neutrons; The Huff correction factor takes care of the fact that a negative muon in the K-orbit of the muonic atom has a lower decay probability than a free muon; Eqs. (3), (5), (8); Stanislaus1987a p.7-8"
Stanislaus1987a-Table 1-18-5,Stanislaus1987a,e3ae6124dfccc1b41c20844b3861b0398eae8f6db2f8e96e4ec5f6ed0e1fca9d,Stanislaus1987a p.18 Table 1 row 5: MoO2,MoO2,solid,,,,,atomic_capture_ratio,ratio of atomic capture probabilities per atom; Stanislaus1987a p.7-8,3.08,0.14,,E1 counter efficiency and E2(Z) lost low-energy decay electrons; Stanislaus1987a p.7-8,E2(Z) energy losses in target and counters; Stanislaus1987a p.8,,,,Stanislaus1987a:Table 1,true,A(Mo/O),stage=terminal@Stanislaus1987a p.7;population=all_stops@Stanislaus1987a p.7;method=lifetime@Stanislaus1987a p.2;lineage=own@Stanislaus1987a p.2;inputs=unstated@Stanislaus1987a p.8,isotope_composition;temperature_K;density_g_cm3;beam_conditions;units;cascade_correction;transfer_assumption;stopping_model,"we must correct for those events where the muon is absorbed by the nucleus giving off neutrons; The Huff correction factor takes care of the fact that a negative muon in the K-orbit of the muonic atom has a lower decay probability than a free muon; Eqs. (3), (5), (8); Stanislaus1987a p.7-8"
Stanislaus1987a-Table 1-18-6,Stanislaus1987a,e3ae6124dfccc1b41c20844b3861b0398eae8f6db2f8e96e4ec5f6ed0e1fca9d,Stanislaus1987a p.18 Table 1 row 6: MoO3,MoO3,solid,,,,,atomic_capture_ratio,ratio of atomic capture probabilities per atom; Stanislaus1987a p.7-8,3.86,0.18,,E1 counter efficiency and E2(Z) lost low-energy decay electrons; Stanislaus1987a p.7-8,E2(Z) energy losses in target and counters; Stanislaus1987a p.8,,,,Stanislaus1987a:Table 1,true,A(Mo/O),stage=terminal@Stanislaus1987a p.7;population=all_stops@Stanislaus1987a p.7;method=lifetime@Stanislaus1987a p.2;lineage=own@Stanislaus1987a p.2;inputs=unstated@Stanislaus1987a p.8,isotope_composition;temperature_K;density_g_cm3;beam_conditions;units;cascade_correction;transfer_assumption;stopping_model,"we must correct for those events where the muon is absorbed by the nucleus giving off neutrons; The Huff correction factor takes care of the fact that a negative muon in the K-orbit of the muonic atom has a lower decay probability than a free muon; Eqs. (3), (5), (8); Stanislaus1987a p.7-8"
Stanislaus1987a-Table 1-18-7,Stanislaus1987a,e3ae6124dfccc1b41c20844b3861b0398eae8f6db2f8e96e4ec5f6ed0e1fca9d,Stanislaus1987a p.18 Table 1 row 7: Ag2O,Ag2O,solid,,,,,atomic_capture_ratio,ratio of atomic capture probabilities per atom; Stanislaus1987a p.7-8,3.95,0.52,,E1 counter efficiency and E2(Z) lost low-energy decay electrons; Stanislaus1987a p.7-8,E2(Z) energy losses in target and counters; Stanislaus1987a p.8,,,,Stanislaus1987a:Table 1,true,A(Ag/O),stage=terminal@Stanislaus1987a p.7;population=all_stops@Stanislaus1987a p.7;method=lifetime@Stanislaus1987a p.2;lineage=own@Stanislaus1987a p.2;inputs=unstated@Stanislaus1987a p.8,isotope_composition;temperature_K;density_g_cm3;beam_conditions;units;cascade_correction;transfer_assumption;stopping_model,"we must correct for those events where the muon is absorbed by the nucleus giving off neutrons; The Huff correction factor takes care of the fact that a negative muon in the K-orbit of the muonic atom has a lower decay probability than a free muon; Eqs. (3), (5), (8); Stanislaus1987a p.7-8"
Stanislaus1987a-Table 1-18-8,Stanislaus1987a,e3ae6124dfccc1b41c20844b3861b0398eae8f6db2f8e96e4ec5f6ed0e1fca9d,Stanislaus1987a p.18 Table 1 row 8: CdO,CdO,solid,,,,,atomic_capture_ratio,ratio of atomic capture probabilities per atom; Stanislaus1987a p.7-8,2.59,0.21,,E1 counter efficiency and E2(Z) lost low-energy decay electrons; Stanislaus1987a p.7-8,E2(Z) energy losses in target and counters; Stanislaus1987a p.8,,,,Stanislaus1987a:Table 1,true,A(Cd/O),stage=terminal@Stanislaus1987a p.7;population=all_stops@Stanislaus1987a p.7;method=lifetime@Stanislaus1987a p.2;lineage=own@Stanislaus1987a p.2;inputs=unstated@Stanislaus1987a p.8,isotope_composition;temperature_K;density_g_cm3;beam_conditions;units;cascade_correction;transfer_assumption;stopping_model,"we must correct for those events where the muon is absorbed by the nucleus giving off neutrons; The Huff correction factor takes care of the fact that a negative muon in the K-orbit of the muonic atom has a lower decay probability than a free muon; Eqs. (3), (5), (8); Stanislaus1987a p.7-8"
Stanislaus1987a-Table 1-18-9,Stanislaus1987a,e3ae6124dfccc1b41c20844b3861b0398eae8f6db2f8e96e4ec5f6ed0e1fca9d,Stanislaus1987a p.18 Table 1 row 9: SnO,SnO,solid,,,,,atomic_capture_ratio,ratio of atomic capture probabilities per atom; Stanislaus1987a p.7-8,2.74,0.13,,E1 counter efficiency and E2(Z) lost low-energy decay electrons; Stanislaus1987a p.7-8,E2(Z) energy losses in target and counters; Stanislaus1987a p.8,,,,Stanislaus1987a:Table 1,true,A(Sn/O),stage=terminal@Stanislaus1987a p.7;population=all_stops@Stanislaus1987a p.7;method=lifetime@Stanislaus1987a p.2;lineage=own@Stanislaus1987a p.2;inputs=unstated@Stanislaus1987a p.8,isotope_composition;temperature_K;density_g_cm3;beam_conditions;units;cascade_correction;transfer_assumption;stopping_model,"we must correct for those events where the muon is absorbed by the nucleus giving off neutrons; The Huff correction factor takes care of the fact that a negative muon in the K-orbit of the muonic atom has a lower decay probability than a free muon; Eqs. (3), (5), (8); Stanislaus1987a p.7-8"
Stanislaus1987a-Table 1-18-10,Stanislaus1987a,e3ae6124dfccc1b41c20844b3861b0398eae8f6db2f8e96e4ec5f6ed0e1fca9d,Stanislaus1987a p.18 Table 1 row 10: SnO2,SnO2,solid,,,,,atomic_capture_ratio,ratio of atomic capture probabilities per atom; Stanislaus1987a p.7-8,3.40,0.16,,E1 counter efficiency and E2(Z) lost low-energy decay electrons; Stanislaus1987a p.7-8,E2(Z) energy losses in target and counters; Stanislaus1987a p.8,,,,Stanislaus1987a:Table 1,true,A(Sn/O),stage=terminal@Stanislaus1987a p.7;population=all_stops@Stanislaus1987a p.7;method=lifetime@Stanislaus1987a p.2;lineage=own@Stanislaus1987a p.2;inputs=unstated@Stanislaus1987a p.8,isotope_composition;temperature_K;density_g_cm3;beam_conditions;units;cascade_correction;transfer_assumption;stopping_model,"we must correct for those events where the muon is absorbed by the nucleus giving off neutrons; The Huff correction factor takes care of the fact that a negative muon in the K-orbit of the muonic atom has a lower decay probability than a free muon; Eqs. (3), (5), (8); Stanislaus1987a p.7-8"
Stanislaus1987a-Table 1-18-11,Stanislaus1987a,e3ae6124dfccc1b41c20844b3861b0398eae8f6db2f8e96e4ec5f6ed0e1fca9d,Stanislaus1987a p.18 Table 1 row 11: Sb2O3,Sb2O3,solid,,,,,atomic_capture_ratio,ratio of atomic capture probabilities per atom; Stanislaus1987a p.7-8,3.64,0.24,,E1 counter efficiency and E2(Z) lost low-energy decay electrons; Stanislaus1987a p.7-8,E2(Z) energy losses in target and counters; Stanislaus1987a p.8,,,,Stanislaus1987a:Table 1,true,A(Sb/O),stage=terminal@Stanislaus1987a p.7;population=all_stops@Stanislaus1987a p.7;method=lifetime@Stanislaus1987a p.2;lineage=own@Stanislaus1987a p.2;inputs=unstated@Stanislaus1987a p.8,isotope_composition;temperature_K;density_g_cm3;beam_conditions;units;cascade_correction;transfer_assumption;stopping_model,"we must correct for those events where the muon is absorbed by the nucleus giving off neutrons; The Huff correction factor takes care of the fact that a negative muon in the K-orbit of the muonic atom has a lower decay probability than a free muon; Eqs. (3), (5), (8); Stanislaus1987a p.7-8"
Stanislaus1987a-Table 1-18-12,Stanislaus1987a,e3ae6124dfccc1b41c20844b3861b0398eae8f6db2f8e96e4ec5f6ed0e1fca9d,Stanislaus1987a p.18 Table 1 row 12: TeO2,TeO2,solid,,,,,atomic_capture_ratio,ratio of atomic capture probabilities per atom; Stanislaus1987a p.7-8,3.30,0.15,,E1 counter efficiency and E2(Z) lost low-energy decay electrons; Stanislaus1987a p.7-8,E2(Z) energy losses in target and counters; Stanislaus1987a p.8,,,,Stanislaus1987a:Table 1,true,A(Te/O),stage=terminal@Stanislaus1987a p.7;population=all_stops@Stanislaus1987a p.7;method=lifetime@Stanislaus1987a p.2;lineage=own@Stanislaus1987a p.2;inputs=unstated@Stanislaus1987a p.8,isotope_composition;temperature_K;density_g_cm3;beam_conditions;units;cascade_correction;transfer_assumption;stopping_model,"we must correct for those events where the muon is absorbed by the nucleus giving off neutrons; The Huff correction factor takes care of the fact that a negative muon in the K-orbit of the muonic atom has a lower decay probability than a free muon; Eqs. (3), (5), (8); Stanislaus1987a p.7-8"
Stanislaus1987a-Table 1-18-13,Stanislaus1987a,e3ae6124dfccc1b41c20844b3861b0398eae8f6db2f8e96e4ec5f6ed0e1fca9d,Stanislaus1987a p.18 Table 1 row 13: BaO2,BaO2,solid,,,,,atomic_capture_ratio,ratio of atomic capture probabilities per atom; Stanislaus1987a p.7-8,3.16,0.15,,E1 counter efficiency and E2(Z) lost low-energy decay electrons; Stanislaus1987a p.7-8,E2(Z) energy losses in target and counters; Stanislaus1987a p.8,,,,Stanislaus1987a:Table 1,true,A(Ba/O),stage=terminal@Stanislaus1987a p.7;population=all_stops@Stanislaus1987a p.7;method=lifetime@Stanislaus1987a p.2;lineage=own@Stanislaus1987a p.2;inputs=unstated@Stanislaus1987a p.8,isotope_composition;temperature_K;density_g_cm3;beam_conditions;units;cascade_correction;transfer_assumption;stopping_model,"we must correct for those events where the muon is absorbed by the nucleus giving off neutrons; The Huff correction factor takes care of the fact that a negative muon in the K-orbit of the muonic atom has a lower decay probability than a free muon; Eqs. (3), (5), (8); Stanislaus1987a p.7-8"
Stanislaus1987a-Table 1-18-14,Stanislaus1987a,e3ae6124dfccc1b41c20844b3861b0398eae8f6db2f8e96e4ec5f6ed0e1fca9d,Stanislaus1987a p.18 Table 1 row 14: CeO2,CeO2,solid,,,,,atomic_capture_ratio,ratio of atomic capture probabilities per atom; Stanislaus1987a p.7-8,4.89,0.27,,E1 counter efficiency and E2(Z) lost low-energy decay electrons; Stanislaus1987a p.7-8,E2(Z) energy losses in target and counters; Stanislaus1987a p.8,,,,Stanislaus1987a:Table 1,true,A(Ce/O),stage=terminal@Stanislaus1987a p.7;population=all_stops@Stanislaus1987a p.7;method=lifetime@Stanislaus1987a p.2;lineage=own@Stanislaus1987a p.2;inputs=unstated@Stanislaus1987a p.8,isotope_composition;temperature_K;density_g_cm3;beam_conditions;units;cascade_correction;transfer_assumption;stopping_model,"we must correct for those events where the muon is absorbed by the nucleus giving off neutrons; The Huff correction factor takes care of the fact that a negative muon in the K-orbit of the muonic atom has a lower decay probability than a free muon; Eqs. (3), (5), (8); Stanislaus1987a p.7-8"
Stanislaus1987a-Table 1-18-15,Stanislaus1987a,e3ae6124dfccc1b41c20844b3861b0398eae8f6db2f8e96e4ec5f6ed0e1fca9d,Stanislaus1987a p.18 Table 1 row 15: PrO2,PrO2,solid,,,,,atomic_capture_ratio,ratio of atomic capture probabilities per atom; Stanislaus1987a p.7-8,5.00,0.44,,E1 counter efficiency and E2(Z) lost low-energy decay electrons; Stanislaus1987a p.7-8,E2(Z) energy losses in target and counters; Stanislaus1987a p.8,,,,Stanislaus1987a:Table 1,true,A(Pr/O),stage=terminal@Stanislaus1987a p.7;population=all_stops@Stanislaus1987a p.7;method=lifetime@Stanislaus1987a p.2;lineage=own@Stanislaus1987a p.2;inputs=unstated@Stanislaus1987a p.8,isotope_composition;temperature_K;density_g_cm3;beam_conditions;units;cascade_correction;transfer_assumption;stopping_model,"we must correct for those events where the muon is absorbed by the nucleus giving off neutrons; The Huff correction factor takes care of the fact that a negative muon in the K-orbit of the muonic atom has a lower decay probability than a free muon; Eqs. (3), (5), (8); Stanislaus1987a p.7-8"
Stanislaus1987a-Table 1-18-16,Stanislaus1987a,e3ae6124dfccc1b41c20844b3861b0398eae8f6db2f8e96e4ec5f6ed0e1fca9d,Stanislaus1987a p.18 Table 1 row 16: Sm2O3,Sm2O3,solid,,,,,atomic_capture_ratio,ratio of atomic capture probabilities per atom; Stanislaus1987a p.7-8,6.24,0.50,,E1 counter efficiency and E2(Z) lost low-energy decay electrons; Stanislaus1987a p.7-8,E2(Z) energy losses in target and counters; Stanislaus1987a p.8,,,,Stanislaus1987a:Table 1,true,A(Sm/O),stage=terminal@Stanislaus1987a p.7;population=all_stops@Stanislaus1987a p.7;method=lifetime@Stanislaus1987a p.2;lineage=own@Stanislaus1987a p.2;inputs=unstated@Stanislaus1987a p.8,isotope_composition;temperature_K;density_g_cm3;beam_conditions;units;cascade_correction;transfer_assumption;stopping_model,"we must correct for those events where the muon is absorbed by the nucleus giving off neutrons; The Huff correction factor takes care of the fact that a negative muon in the K-orbit of the muonic atom has a lower decay probability than a free muon; Eqs. (3), (5), (8); Stanislaus1987a p.7-8"
Stanislaus1987a-Table 1-18-17,Stanislaus1987a,e3ae6124dfccc1b41c20844b3861b0398eae8f6db2f8e96e4ec5f6ed0e1fca9d,Stanislaus1987a p.18 Table 1 row 17: HgO,HgO,solid,,,,,atomic_capture_ratio,ratio of atomic capture probabilities per atom; Stanislaus1987a p.7-8,4.88,0.42,,E1 counter efficiency and E2(Z) lost low-energy decay electrons; Stanislaus1987a p.7-8,E2(Z) energy losses in target and counters; Stanislaus1987a p.8,,,,Stanislaus1987a:Table 1,true,A(Hg/O),stage=terminal@Stanislaus1987a p.7;population=all_stops@Stanislaus1987a p.7;method=lifetime@Stanislaus1987a p.2;lineage=own@Stanislaus1987a p.2;inputs=unstated@Stanislaus1987a p.8,isotope_composition;temperature_K;density_g_cm3;beam_conditions;units;cascade_correction;transfer_assumption;stopping_model,"we must correct for those events where the muon is absorbed by the nucleus giving off neutrons; The Huff correction factor takes care of the fact that a negative muon in the K-orbit of the muonic atom has a lower decay probability than a free muon; Eqs. (3), (5), (8); Stanislaus1987a p.7-8"
Stanislaus1987a-Table 1-18-18,Stanislaus1987a,e3ae6124dfccc1b41c20844b3861b0398eae8f6db2f8e96e4ec5f6ed0e1fca9d,Stanislaus1987a p.18 Table 1 row 18: PbO,PbO,solid,,,,,atomic_capture_ratio,ratio of atomic capture probabilities per atom; Stanislaus1987a p.7-8,4.30,0.24,,E1 counter efficiency and E2(Z) lost low-energy decay electrons; Stanislaus1987a p.7-8,E2(Z) energy losses in target and counters; Stanislaus1987a p.8,,,,Stanislaus1987a:Table 1,true,A(Pb/O),stage=terminal@Stanislaus1987a p.7;population=all_stops@Stanislaus1987a p.7;method=lifetime@Stanislaus1987a p.2;lineage=own@Stanislaus1987a p.2;inputs=unstated@Stanislaus1987a p.8,isotope_composition;temperature_K;density_g_cm3;beam_conditions;units;cascade_correction;transfer_assumption;stopping_model,"we must correct for those events where the muon is absorbed by the nucleus giving off neutrons; The Huff correction factor takes care of the fact that a negative muon in the K-orbit of the muonic atom has a lower decay probability than a free muon; Eqs. (3), (5), (8); Stanislaus1987a p.7-8"
Stanislaus1987a-Table 1-18-19,Stanislaus1987a,e3ae6124dfccc1b41c20844b3861b0398eae8f6db2f8e96e4ec5f6ed0e1fca9d,Stanislaus1987a p.18 Table 1 row 19: PbO2,PbO2,solid,,,,,atomic_capture_ratio,ratio of atomic capture probabilities per atom; Stanislaus1987a p.7-8,4.65,0.25,,E1 counter efficiency and E2(Z) lost low-energy decay electrons; Stanislaus1987a p.7-8,E2(Z) energy losses in target and counters; Stanislaus1987a p.8,,,,Stanislaus1987a:Table 1,true,A(Pb/O),stage=terminal@Stanislaus1987a p.7;population=all_stops@Stanislaus1987a p.7;method=lifetime@Stanislaus1987a p.2;lineage=own@Stanislaus1987a p.2;inputs=unstated@Stanislaus1987a p.8,isotope_composition;temperature_K;density_g_cm3;beam_conditions;units;cascade_correction;transfer_assumption;stopping_model,"we must correct for those events where the muon is absorbed by the nucleus giving off neutrons; The Huff correction factor takes care of the fact that a negative muon in the K-orbit of the muonic atom has a lower decay probability than a free muon; Eqs. (3), (5), (8); Stanislaus1987a p.7-8"
Stanislaus1987a-Table 1-18-20,Stanislaus1987a,e3ae6124dfccc1b41c20844b3861b0398eae8f6db2f8e96e4ec5f6ed0e1fca9d,Stanislaus1987a p.18 Table 1 row 20: Pb3O4,Pb3O4,solid,,,,,atomic_capture_ratio,ratio of atomic capture probabilities per atom; Stanislaus1987a p.7-8,4.19,0.59,,E1 counter efficiency and E2(Z) lost low-energy decay electrons; Stanislaus1987a p.7-8,E2(Z) energy losses in target and counters; Stanislaus1987a p.8,,,,Stanislaus1987a:Table 1,true,A(Pb/O),stage=terminal@Stanislaus1987a p.7;population=all_stops@Stanislaus1987a p.7;method=lifetime@Stanislaus1987a p.2;lineage=own@Stanislaus1987a p.2;inputs=unstated@Stanislaus1987a p.8,isotope_composition;temperature_K;density_g_cm3;beam_conditions;units;cascade_correction;transfer_assumption;stopping_model,"we must correct for those events where the muon is absorbed by the nucleus giving off neutrons; The Huff correction factor takes care of the fact that a negative muon in the K-orbit of the muonic atom has a lower decay probability than a free muon; Eqs. (3), (5), (8); Stanislaus1987a p.7-8"
Stanislaus1987a-Table 1-18-21,Stanislaus1987a,e3ae6124dfccc1b41c20844b3861b0398eae8f6db2f8e96e4ec5f6ed0e1fca9d,Stanislaus1987a p.18 Table 1 row 21: Bi2O3,Bi2O3,solid,,,,,atomic_capture_ratio,ratio of atomic capture probabilities per atom; Stanislaus1987a p.7-8,6.15,0.53,,E1 counter efficiency and E2(Z) lost low-energy decay electrons; Stanislaus1987a p.7-8,E2(Z) energy losses in target and counters; Stanislaus1987a p.8,,,,Stanislaus1987a:Table 1,true,A(Bi/O),stage=terminal@Stanislaus1987a p.7;population=all_stops@Stanislaus1987a p.7;method=lifetime@Stanislaus1987a p.2;lineage=own@Stanislaus1987a p.2;inputs=unstated@Stanislaus1987a p.8,isotope_composition;temperature_K;density_g_cm3;beam_conditions;units;cascade_correction;transfer_assumption;stopping_model,"we must correct for those events where the muon is absorbed by the nucleus giving off neutrons; The Huff correction factor takes care of the fact that a negative muon in the K-orbit of the muonic atom has a lower decay probability than a free muon; Eqs. (3), (5), (8); Stanislaus1987a p.7-8"
Suzuki1980-Table 1-7-3,Suzuki1980,0356509ad8fea4039c37ccc8aba2fe296f337c72619e86dc66ee9fce173432d5,Suzuki1980 p.7 Table 1 row 3: CO2,CO2,solid,,,,,atomic_capture_ratio,"atomic capture ratio A(Z/O), Table 1 W(Z)/W(O); Suzuki1980 p.4,7",0.43,0.02,,E1 counter efficiency and E2(Z) loss of decay electrons; Suzuki1980 p.4,E2(Z) loss of low-energy decay electrons in target; Suzuki1980 p.4,,,,Suzuki1980:Table 1,true,A(C/O),stage=terminal@Suzuki1980 p.4;population=all_stops@Suzuki1980 p.4;method=lifetime@Suzuki1980 p.3;lineage=own@Suzuki1980 p.3;inputs=unstated@Suzuki1980 p.4,isotope_composition;temperature_K;density_g_cm3;beam_conditions;units;cascade_correction;transfer_assumption;stopping_model,"To obtain the number of muons actually stopping in an element, one must correct for the fact that in heavy elements most of the muons are absorbed by the nucleus producing neutrons; Q(Z) is the Huff correction factor; ratio A(Z/O) with Q(O)/Q(Cr); Suzuki1980 p.4"
Suzuki1980-Table 1-7-4,Suzuki1980,0356509ad8fea4039c37ccc8aba2fe296f337c72619e86dc66ee9fce173432d5,Suzuki1980 p.7 Table 1 row 4: Na2O2,Na2O2,solid,,,,,atomic_capture_ratio,"atomic capture ratio A(Z/O), Table 1 W(Z)/W(O); Suzuki1980 p.4,7",0.87,0.02,,E1 counter efficiency and E2(Z) loss of decay electrons; Suzuki1980 p.4,E2(Z) loss of low-energy decay electrons in target; Suzuki1980 p.4,,,,Suzuki1980:Table 1,true,A(Na/O),stage=terminal@Suzuki1980 p.4;population=all_stops@Suzuki1980 p.4;method=lifetime@Suzuki1980 p.3;lineage=own@Suzuki1980 p.3;inputs=unstated@Suzuki1980 p.4,isotope_composition;temperature_K;density_g_cm3;beam_conditions;units;cascade_correction;transfer_assumption;stopping_model,"To obtain the number of muons actually stopping in an element, one must correct for the fact that in heavy elements most of the muons are absorbed by the nucleus producing neutrons; Q(Z) is the Huff correction factor; ratio A(Z/O) with Q(O)/Q(Cr); Suzuki1980 p.4"
Suzuki1980-Table 1-7-5,Suzuki1980,0356509ad8fea4039c37ccc8aba2fe296f337c72619e86dc66ee9fce173432d5,Suzuki1980 p.7 Table 1 row 5: MgO,MgO,solid,,,,,atomic_capture_ratio,"atomic capture ratio A(Z/O), Table 1 W(Z)/W(O); Suzuki1980 p.4,7",0.80,0.02,,E1 counter efficiency and E2(Z) loss of decay electrons; Suzuki1980 p.4,E2(Z) loss of low-energy decay electrons in target; Suzuki1980 p.4,,,,Suzuki1980:Table 1,true,A(Mg/O),stage=terminal@Suzuki1980 p.4;population=all_stops@Suzuki1980 p.4;method=lifetime@Suzuki1980 p.3;lineage=own@Suzuki1980 p.3;inputs=unstated@Suzuki1980 p.4,isotope_composition;temperature_K;density_g_cm3;beam_conditions;units;cascade_correction;transfer_assumption;stopping_model,"To obtain the number of muons actually stopping in an element, one must correct for the fact that in heavy elements most of the muons are absorbed by the nucleus producing neutrons; Q(Z) is the Huff correction factor; ratio A(Z/O) with Q(O)/Q(Cr); Suzuki1980 p.4"
Suzuki1980-Table 1-7-6,Suzuki1980,0356509ad8fea4039c37ccc8aba2fe296f337c72619e86dc66ee9fce173432d5,Suzuki1980 p.7 Table 1 row 6: Al2O3,Al2O3,solid,,,,,atomic_capture_ratio,"atomic capture ratio A(Z/O), Table 1 W(Z)/W(O); Suzuki1980 p.4,7",0.84,0.03,,E1 counter efficiency and E2(Z) loss of decay electrons; Suzuki1980 p.4,E2(Z) loss of low-energy decay electrons in target; Suzuki1980 p.4,,,,Suzuki1980:Table 1,true,A(Al/O),stage=terminal@Suzuki1980 p.4;population=all_stops@Suzuki1980 p.4;method=lifetime@Suzuki1980 p.3;lineage=own@Suzuki1980 p.3;inputs=unstated@Suzuki1980 p.4,isotope_composition;temperature_K;density_g_cm3;beam_conditions;units;cascade_correction;transfer_assumption;stopping_model,"To obtain the number of muons actually stopping in an element, one must correct for the fact that in heavy elements most of the muons are absorbed by the nucleus producing neutrons; Q(Z) is the Huff correction factor; ratio A(Z/O) with Q(O)/Q(Cr); Suzuki1980 p.4"
Suzuki1980-Table 1-7-7,Suzuki1980,0356509ad8fea4039c37ccc8aba2fe296f337c72619e86dc66ee9fce173432d5,Suzuki1980 p.7 Table 1 row 7: SiO2,SiO2,solid,,,,,atomic_capture_ratio,"atomic capture ratio A(Z/O), Table 1 W(Z)/W(O); Suzuki1980 p.4,7",0.96,0.04,,E1 counter efficiency and E2(Z) loss of decay electrons; Suzuki1980 p.4,E2(Z) loss of low-energy decay electrons in target; Suzuki1980 p.4,,,,Suzuki1980:Table 1,true,A(Si/O),stage=terminal@Suzuki1980 p.4;population=all_stops@Suzuki1980 p.4;method=lifetime@Suzuki1980 p.3;lineage=own@Suzuki1980 p.3;inputs=unstated@Suzuki1980 p.4,isotope_composition;temperature_K;density_g_cm3;beam_conditions;units;cascade_correction;transfer_assumption;stopping_model,"To obtain the number of muons actually stopping in an element, one must correct for the fact that in heavy elements most of the muons are absorbed by the nucleus producing neutrons; Q(Z) is the Huff correction factor; ratio A(Z/O) with Q(O)/Q(Cr); Suzuki1980 p.4"
Suzuki1980-Table 1-7-8,Suzuki1980,0356509ad8fea4039c37ccc8aba2fe296f337c72619e86dc66ee9fce173432d5,Suzuki1980 p.7 Table 1 row 8: P2O5,P2O5,solid,,,,,atomic_capture_ratio,"atomic capture ratio A(Z/O), Table 1 W(Z)/W(O); Suzuki1980 p.4,7",0.87,0.03,,E1 counter efficiency and E2(Z) loss of decay electrons; Suzuki1980 p.4,E2(Z) loss of low-energy decay electrons in target; Suzuki1980 p.4,,,,Suzuki1980:Table 1,true,A(P/O),stage=terminal@Suzuki1980 p.4;population=all_stops@Suzuki1980 p.4;method=lifetime@Suzuki1980 p.3;lineage=own@Suzuki1980 p.3;inputs=unstated@Suzuki1980 p.4,isotope_composition;temperature_K;density_g_cm3;beam_conditions;units;cascade_correction;transfer_assumption;stopping_model,"To obtain the number of muons actually stopping in an element, one must correct for the fact that in heavy elements most of the muons are absorbed by the nucleus producing neutrons; Q(Z) is the Huff correction factor; ratio A(Z/O) with Q(O)/Q(Cr); Suzuki1980 p.4"
Suzuki1980-Table 1-7-9,Suzuki1980,0356509ad8fea4039c37ccc8aba2fe296f337c72619e86dc66ee9fce173432d5,Suzuki1980 p.7 Table 1 row 9: Ca(OH)2,CaH2O2,solid,,,,,atomic_capture_ratio,"atomic capture ratio A(Z/O), Table 1 W(Z)/W(O); Suzuki1980 p.4,7",1.49,0.06,,E1 counter efficiency and E2(Z) loss of decay electrons; Suzuki1980 p.4,E2(Z) loss of low-energy decay electrons in target; Suzuki1980 p.4,,,,Suzuki1980:Table 1,true,A(Ca/O),stage=terminal@Suzuki1980 p.4;population=all_stops@Suzuki1980 p.4;method=lifetime@Suzuki1980 p.3;lineage=own@Suzuki1980 p.3;inputs=unstated@Suzuki1980 p.4,isotope_composition;temperature_K;density_g_cm3;beam_conditions;units;cascade_correction;transfer_assumption;stopping_model,"To obtain the number of muons actually stopping in an element, one must correct for the fact that in heavy elements most of the muons are absorbed by the nucleus producing neutrons; Q(Z) is the Huff correction factor; ratio A(Z/O) with Q(O)/Q(Cr); Suzuki1980 p.4"
Suzuki1980-Table 1-7-10,Suzuki1980,0356509ad8fea4039c37ccc8aba2fe296f337c72619e86dc66ee9fce173432d5,Suzuki1980 p.7 Table 1 row 10: TiO2,TiO2,solid,,,,,atomic_capture_ratio,"atomic capture ratio A(Z/O), Table 1 W(Z)/W(O); Suzuki1980 p.4,7",2.17,0.11,,E1 counter efficiency and E2(Z) loss of decay electrons; Suzuki1980 p.4,E2(Z) loss of low-energy decay electrons in target; Suzuki1980 p.4,,,,Suzuki1980:Table 1,true,A(Ti/O),stage=terminal@Suzuki1980 p.4;population=all_stops@Suzuki1980 p.4;method=lifetime@Suzuki1980 p.3;lineage=own@Suzuki1980 p.3;inputs=unstated@Suzuki1980 p.4,isotope_composition;temperature_K;density_g_cm3;beam_conditions;units;cascade_correction;transfer_assumption;stopping_model,"To obtain the number of muons actually stopping in an element, one must correct for the fact that in heavy elements most of the muons are absorbed by the nucleus producing neutrons; Q(Z) is the Huff correction factor; ratio A(Z/O) with Q(O)/Q(Cr); Suzuki1980 p.4"
Suzuki1980-Table 1-7-11,Suzuki1980,0356509ad8fea4039c37ccc8aba2fe296f337c72619e86dc66ee9fce173432d5,Suzuki1980 p.7 Table 1 row 11: Cr2O3,Cr2O3,solid,,,,,atomic_capture_ratio,"atomic capture ratio A(Z/O), Table 1 W(Z)/W(O); Suzuki1980 p.4,7",2.63,0.13,,E1 counter efficiency and E2(Z) loss of decay electrons; Suzuki1980 p.4,E2(Z) loss of low-energy decay electrons in target; Suzuki1980 p.4,,,,Suzuki1980:Table 1,true,A(Cr/O),stage=terminal@Suzuki1980 p.4;population=all_stops@Suzuki1980 p.4;method=lifetime@Suzuki1980 p.3;lineage=own@Suzuki1980 p.3;inputs=unstated@Suzuki1980 p.4,isotope_composition;temperature_K;density_g_cm3;beam_conditions;units;cascade_correction;transfer_assumption;stopping_model,"To obtain the number of muons actually stopping in an element, one must correct for the fact that in heavy elements most of the muons are absorbed by the nucleus producing neutrons; Q(Z) is the Huff correction factor; ratio A(Z/O) with Q(O)/Q(Cr); Suzuki1980 p.4"
Suzuki1980-Table 1-7-12,Suzuki1980,0356509ad8fea4039c37ccc8aba2fe296f337c72619e86dc66ee9fce173432d5,Suzuki1980 p.7 Table 1 row 12: CrO3,CrO3,solid,,,,,atomic_capture_ratio,"atomic capture ratio A(Z/O), Table 1 W(Z)/W(O); Suzuki1980 p.4,7",2.96,0.20,,E1 counter efficiency and E2(Z) loss of decay electrons; Suzuki1980 p.4,E2(Z) loss of low-energy decay electrons in target; Suzuki1980 p.4,,,,Suzuki1980:Table 1,true,A(Cr/O),stage=terminal@Suzuki1980 p.4;population=all_stops@Suzuki1980 p.4;method=lifetime@Suzuki1980 p.3;lineage=own@Suzuki1980 p.3;inputs=unstated@Suzuki1980 p.4,isotope_composition;temperature_K;density_g_cm3;beam_conditions;units;cascade_correction;transfer_assumption;stopping_model,"To obtain the number of muons actually stopping in an element, one must correct for the fact that in heavy elements most of the muons are absorbed by the nucleus producing neutrons; Q(Z) is the Huff correction factor; ratio A(Z/O) with Q(O)/Q(Cr); Suzuki1980 p.4"
Suzuki1980-Table 1-7-13,Suzuki1980,0356509ad8fea4039c37ccc8aba2fe296f337c72619e86dc66ee9fce173432d5,Suzuki1980 p.7 Table 1 row 13: MnO2,MnO2,solid,,,,,atomic_capture_ratio,"atomic capture ratio A(Z/O), Table 1 W(Z)/W(O); Suzuki1980 p.4,7",3.00,0.17,,E1 counter efficiency and E2(Z) loss of decay electrons; Suzuki1980 p.4,E2(Z) loss of low-energy decay electrons in target; Suzuki1980 p.4,,,,Suzuki1980:Table 1,true,A(Mn/O),stage=terminal@Suzuki1980 p.4;population=all_stops@Suzuki1980 p.4;method=lifetime@Suzuki1980 p.3;lineage=own@Suzuki1980 p.3;inputs=unstated@Suzuki1980 p.4,isotope_composition;temperature_K;density_g_cm3;beam_conditions;units;cascade_correction;transfer_assumption;stopping_model,"To obtain the number of muons actually stopping in an element, one must correct for the fact that in heavy elements most of the muons are absorbed by the nucleus producing neutrons; Q(Z) is the Huff correction factor; ratio A(Z/O) with Q(O)/Q(Cr); Suzuki1980 p.4"
Suzuki1980-Table 1-7-14,Suzuki1980,0356509ad8fea4039c37ccc8aba2fe296f337c72619e86dc66ee9fce173432d5,Suzuki1980 p.7 Table 1 row 14: CuO,CuO,solid,,,,,atomic_capture_ratio,"atomic capture ratio A(Z/O), Table 1 W(Z)/W(O); Suzuki1980 p.4,7",4.06,0.23,,E1 counter efficiency and E2(Z) loss of decay electrons; Suzuki1980 p.4,E2(Z) loss of low-energy decay electrons in target; Suzuki1980 p.4,,,,Suzuki1980:Table 1,true,A(Cu/O),stage=terminal@Suzuki1980 p.4;population=all_stops@Suzuki1980 p.4;method=lifetime@Suzuki1980 p.3;lineage=own@Suzuki1980 p.3;inputs=unstated@Suzuki1980 p.4,isotope_composition;temperature_K;density_g_cm3;beam_conditions;units;cascade_correction;transfer_assumption;stopping_model,"To obtain the number of muons actually stopping in an element, one must correct for the fact that in heavy elements most of the muons are absorbed by the nucleus producing neutrons; Q(Z) is the Huff correction factor; ratio A(Z/O) with Q(O)/Q(Cr); Suzuki1980 p.4"
Suzuki1980-Table 1-7-15,Suzuki1980,0356509ad8fea4039c37ccc8aba2fe296f337c72619e86dc66ee9fce173432d5,Suzuki1980 p.7 Table 1 row 15: ZnO,ZnO,solid,,,,,atomic_capture_ratio,"atomic capture ratio A(Z/O), Table 1 W(Z)/W(O); Suzuki1980 p.4,7",2.39,0.10,,E1 counter efficiency and E2(Z) loss of decay electrons; Suzuki1980 p.4,E2(Z) loss of low-energy decay electrons in target; Suzuki1980 p.4,,,,Suzuki1980:Table 1,true,A(Zn/O),stage=terminal@Suzuki1980 p.4;population=all_stops@Suzuki1980 p.4;method=lifetime@Suzuki1980 p.3;lineage=own@Suzuki1980 p.3;inputs=unstated@Suzuki1980 p.4,isotope_composition;temperature_K;density_g_cm3;beam_conditions;units;cascade_correction;transfer_assumption;stopping_model,"To obtain the number of muons actually stopping in an element, one must correct for the fact that in heavy elements most of the muons are absorbed by the nucleus producing neutrons; Q(Z) is the Huff correction factor; ratio A(Z/O) with Q(O)/Q(Cr); Suzuki1980 p.4"
Suzuki1980-Table 1-7-16,Suzuki1980,0356509ad8fea4039c37ccc8aba2fe296f337c72619e86dc66ee9fce173432d5,Suzuki1980 p.7 Table 1 row 16: GeO,GeO,solid,,,,,atomic_capture_ratio,"atomic capture ratio A(Z/O), Table 1 W(Z)/W(O); Suzuki1980 p.4,7",2.24,0.12,,E1 counter efficiency and E2(Z) loss of decay electrons; Suzuki1980 p.4,E2(Z) loss of low-energy decay electrons in target; Suzuki1980 p.4,,,,Suzuki1980:Table 1,true,A(Ge/O),stage=terminal@Suzuki1980 p.4;population=all_stops@Suzuki1980 p.4;method=lifetime@Suzuki1980 p.3;lineage=own@Suzuki1980 p.3;inputs=unstated@Suzuki1980 p.4,isotope_composition;temperature_K;density_g_cm3;beam_conditions;units;cascade_correction;transfer_assumption;stopping_model,"To obtain the number of muons actually stopping in an element, one must correct for the fact that in heavy elements most of the muons are absorbed by the nucleus producing neutrons; Q(Z) is the Huff correction factor; ratio A(Z/O) with Q(O)/Q(Cr); Suzuki1980 p.4"
Suzuki1980-Table 1-7-17,Suzuki1980,0356509ad8fea4039c37ccc8aba2fe296f337c72619e86dc66ee9fce173432d5,Suzuki1980 p.7 Table 1 row 17: GeO2,GeO2,solid,,,,,atomic_capture_ratio,"atomic capture ratio A(Z/O), Table 1 W(Z)/W(O); Suzuki1980 p.4,7",2.41,0.13,,E1 counter efficiency and E2(Z) loss of decay electrons; Suzuki1980 p.4,E2(Z) loss of low-energy decay electrons in target; Suzuki1980 p.4,,,,Suzuki1980:Table 1,true,A(Ge/O),stage=terminal@Suzuki1980 p.4;population=all_stops@Suzuki1980 p.4;method=lifetime@Suzuki1980 p.3;lineage=own@Suzuki1980 p.3;inputs=unstated@Suzuki1980 p.4,isotope_composition;temperature_K;density_g_cm3;beam_conditions;units;cascade_correction;transfer_assumption;stopping_model,"To obtain the number of muons actually stopping in an element, one must correct for the fact that in heavy elements most of the muons are absorbed by the nucleus producing neutrons; Q(Z) is the Huff correction factor; ratio A(Z/O) with Q(O)/Q(Cr); Suzuki1980 p.4"
Suzuki1980-Table 1-7-18,Suzuki1980,0356509ad8fea4039c37ccc8aba2fe296f337c72619e86dc66ee9fce173432d5,Suzuki1980 p.7 Table 1 row 18: CdO,CdO,solid,,,,,atomic_capture_ratio,"atomic capture ratio A(Z/O), Table 1 W(Z)/W(O); Suzuki1980 p.4,7",1.93,0.07,,E1 counter efficiency and E2(Z) loss of decay electrons; Suzuki1980 p.4,E2(Z) loss of low-energy decay electrons in target; Suzuki1980 p.4,,,,Suzuki1980:Table 1,true,A(Cd/O),stage=terminal@Suzuki1980 p.4;population=all_stops@Suzuki1980 p.4;method=lifetime@Suzuki1980 p.3;lineage=own@Suzuki1980 p.3;inputs=unstated@Suzuki1980 p.4,isotope_composition;temperature_K;density_g_cm3;beam_conditions;units;cascade_correction;transfer_assumption;stopping_model,"To obtain the number of muons actually stopping in an element, one must correct for the fact that in heavy elements most of the muons are absorbed by the nucleus producing neutrons; Q(Z) is the Huff correction factor; ratio A(Z/O) with Q(O)/Q(Cr); Suzuki1980 p.4"
Suzuki1980-Table 1-7-19,Suzuki1980,0356509ad8fea4039c37ccc8aba2fe296f337c72619e86dc66ee9fce173432d5,Suzuki1980 p.7 Table 1 row 19: SnO2,SnO2,solid,,,,,atomic_capture_ratio,"atomic capture ratio A(Z/O), Table 1 W(Z)/W(O); Suzuki1980 p.4,7",2.15,0.11,,E1 counter efficiency and E2(Z) loss of decay electrons; Suzuki1980 p.4,E2(Z) loss of low-energy decay electrons in target; Suzuki1980 p.4,,,,Suzuki1980:Table 1,true,A(Sn/O),stage=terminal@Suzuki1980 p.4;population=all_stops@Suzuki1980 p.4;method=lifetime@Suzuki1980 p.3;lineage=own@Suzuki1980 p.3;inputs=unstated@Suzuki1980 p.4,isotope_composition;temperature_K;density_g_cm3;beam_conditions;units;cascade_correction;transfer_assumption;stopping_model,"To obtain the number of muons actually stopping in an element, one must correct for the fact that in heavy elements most of the muons are absorbed by the nucleus producing neutrons; Q(Z) is the Huff correction factor; ratio A(Z/O) with Q(O)/Q(Cr); Suzuki1980 p.4"
Suzuki1980-Table 1-7-20,Suzuki1980,0356509ad8fea4039c37ccc8aba2fe296f337c72619e86dc66ee9fce173432d5,Suzuki1980 p.7 Table 1 row 20: BaO,BaO,solid,,,,,atomic_capture_ratio,"atomic capture ratio A(Z/O), Table 1 W(Z)/W(O); Suzuki1980 p.4,7",2.27,0.09,,E1 counter efficiency and E2(Z) loss of decay electrons; Suzuki1980 p.4,E2(Z) loss of low-energy decay electrons in target; Suzuki1980 p.4,,,,Suzuki1980:Table 1,true,A(Ba/O),stage=terminal@Suzuki1980 p.4;population=all_stops@Suzuki1980 p.4;method=lifetime@Suzuki1980 p.3;lineage=own@Suzuki1980 p.3;inputs=unstated@Suzuki1980 p.4,isotope_composition;temperature_K;density_g_cm3;beam_conditions;units;cascade_correction;transfer_assumption;stopping_model,"To obtain the number of muons actually stopping in an element, one must correct for the fact that in heavy elements most of the muons are absorbed by the nucleus producing neutrons; Q(Z) is the Huff correction factor; ratio A(Z/O) with Q(O)/Q(Cr); Suzuki1980 p.4"
Suzuki1980-Table 1-7-21,Suzuki1980,0356509ad8fea4039c37ccc8aba2fe296f337c72619e86dc66ee9fce173432d5,Suzuki1980 p.7 Table 1 row 21: NdO2,NdO2,solid,,,,,atomic_capture_ratio,"atomic capture ratio A(Z/O), Table 1 W(Z)/W(O); Suzuki1980 p.4,7",4.13,0.29,,E1 counter efficiency and E2(Z) loss of decay electrons; Suzuki1980 p.4,E2(Z) loss of low-energy decay electrons in target; Suzuki1980 p.4,,,,Suzuki1980:Table 1,true,A(Nd/O),stage=terminal@Suzuki1980 p.4;population=all_stops@Suzuki1980 p.4;method=lifetime@Suzuki1980 p.3;lineage=own@Suzuki1980 p.3;inputs=unstated@Suzuki1980 p.4,isotope_composition;temperature_K;density_g_cm3;beam_conditions;units;cascade_correction;transfer_assumption;stopping_model,"To obtain the number of muons actually stopping in an element, one must correct for the fact that in heavy elements most of the muons are absorbed by the nucleus producing neutrons; Q(Z) is the Huff correction factor; ratio A(Z/O) with Q(O)/Q(Cr); Suzuki1980 p.4"
Suzuki1980-Table 1-7-22,Suzuki1980,0356509ad8fea4039c37ccc8aba2fe296f337c72619e86dc66ee9fce173432d5,Suzuki1980 p.7 Table 1 row 22: HgO,HgO,solid,,,,,atomic_capture_ratio,"atomic capture ratio A(Z/O), Table 1 W(Z)/W(O); Suzuki1980 p.4,7",3.75,0.29,,E1 counter efficiency and E2(Z) loss of decay electrons; Suzuki1980 p.4,E2(Z) loss of low-energy decay electrons in target; Suzuki1980 p.4,,,,Suzuki1980:Table 1,true,A(Hg/O),stage=terminal@Suzuki1980 p.4;population=all_stops@Suzuki1980 p.4;method=lifetime@Suzuki1980 p.3;lineage=own@Suzuki1980 p.3;inputs=unstated@Suzuki1980 p.4,isotope_composition;temperature_K;density_g_cm3;beam_conditions;units;cascade_correction;transfer_assumption;stopping_model,"To obtain the number of muons actually stopping in an element, one must correct for the fact that in heavy elements most of the muons are absorbed by the nucleus producing neutrons; Q(Z) is the Huff correction factor; ratio A(Z/O) with Q(O)/Q(Cr); Suzuki1980 p.4"
Suzuki1980-Table 1-7-23,Suzuki1980,0356509ad8fea4039c37ccc8aba2fe296f337c72619e86dc66ee9fce173432d5,Suzuki1980 p.7 Table 1 row 23: Pb3O4,Pb3O4,solid,,,,,atomic_capture_ratio,"atomic capture ratio A(Z/O), Table 1 W(Z)/W(O); Suzuki1980 p.4,7",3.87,0.29,,E1 counter efficiency and E2(Z) loss of decay electrons; Suzuki1980 p.4,E2(Z) loss of low-energy decay electrons in target; Suzuki1980 p.4,,,,Suzuki1980:Table 1,true,A(Pb/O),stage=terminal@Suzuki1980 p.4;population=all_stops@Suzuki1980 p.4;method=lifetime@Suzuki1980 p.3;lineage=own@Suzuki1980 p.3;inputs=unstated@Suzuki1980 p.4,isotope_composition;temperature_K;density_g_cm3;beam_conditions;units;cascade_correction;transfer_assumption;stopping_model,"To obtain the number of muons actually stopping in an element, one must correct for the fact that in heavy elements most of the muons are absorbed by the nucleus producing neutrons; Q(Z) is the Huff correction factor; ratio A(Z/O) with Q(O)/Q(Cr); Suzuki1980 p.4"
Suzuki1980-Table 1-7-24,Suzuki1980,0356509ad8fea4039c37ccc8aba2fe296f337c72619e86dc66ee9fce173432d5,Suzuki1980 p.7 Table 1 row 24: PbO2,PbO2,solid,,,,,atomic_capture_ratio,"atomic capture ratio A(Z/O), Table 1 W(Z)/W(O); Suzuki1980 p.4,7",3.21,0.23,,E1 counter efficiency and E2(Z) loss of decay electrons; Suzuki1980 p.4,E2(Z) loss of low-energy decay electrons in target; Suzuki1980 p.4,,,,Suzuki1980:Table 1,true,A(Pb/O),stage=terminal@Suzuki1980 p.4;population=all_stops@Suzuki1980 p.4;method=lifetime@Suzuki1980 p.3;lineage=own@Suzuki1980 p.3;inputs=unstated@Suzuki1980 p.4,isotope_composition;temperature_K;density_g_cm3;beam_conditions;units;cascade_correction;transfer_assumption;stopping_model,"To obtain the number of muons actually stopping in an element, one must correct for the fact that in heavy elements most of the muons are absorbed by the nucleus producing neutrons; Q(Z) is the Huff correction factor; ratio A(Z/O) with Q(O)/Q(Cr); Suzuki1980 p.4"
Baijal1962OSTI-Table IV-55-3,Baijal1962OSTI,5d3042af9160a073410e17587c09635944c98ca0185b7faa439b2bc642b7633c,Baijal1962OSTI p.55 Table IV row 3: CuAu,"solution(Cu,Au)",solid,,,,,other,atomic-capture probability C1 or C2; Baijal1962OSTI p.55,0.26,0.023,,,,,,,Baijal1962OSTI:Table IV,true,,stage=terminal@Baijal1962OSTI p.56;population=unstated@Baijal1962OSTI p.55;method=unstated@Baijal1962OSTI p.55;lineage=own@Baijal1962OSTI p.31;inputs=unstated@Baijal1962OSTI p.55,isotope_composition;temperature_K;density_g_cm3;beam_conditions;units;efficiency_correction;attenuation_correction;cascade_correction;transfer_assumption;stopping_model;inferable_parameter,
Baijal1962OSTI-Table IV-55-4,Baijal1962OSTI,5d3042af9160a073410e17587c09635944c98ca0185b7faa439b2bc642b7633c,Baijal1962OSTI p.55 Table IV row 4: CuAu,"solution(Cu,Au)",solid,,,,,other,atomic-capture probability C1 or C2; Baijal1962OSTI p.55,0.77,0.023,,,,,,,Baijal1962OSTI:Table IV,true,,stage=terminal@Baijal1962OSTI p.56;population=unstated@Baijal1962OSTI p.55;method=unstated@Baijal1962OSTI p.55;lineage=own@Baijal1962OSTI p.31;inputs=unstated@Baijal1962OSTI p.55,isotope_composition;temperature_K;density_g_cm3;beam_conditions;units;efficiency_correction;attenuation_correction;cascade_correction;transfer_assumption;stopping_model;inferable_parameter,
Baijal1962OSTI-Table IV-55-5,Baijal1962OSTI,5d3042af9160a073410e17587c09635944c98ca0185b7faa439b2bc642b7633c,Baijal1962OSTI p.55 Table IV row 5: CuAu,"solution(Cu,Au)",solid,,,,,other,observed relative captures reaching mesic K shell; Baijal1962OSTI p.55,0.34,0.032,,,,,,,Baijal1962OSTI:Table IV,true,,stage=terminal@Baijal1962OSTI p.56;population=unstated@Baijal1962OSTI p.55;method=unstated@Baijal1962OSTI p.55;lineage=own@Baijal1962OSTI p.31;inputs=unstated@Baijal1962OSTI p.55,isotope_composition;temperature_K;density_g_cm3;beam_conditions;units;efficiency_correction;attenuation_correction;cascade_correction;transfer_assumption;stopping_model;inferable_parameter,
Baijal1962OSTI-Table IV-55-6,Baijal1962OSTI,5d3042af9160a073410e17587c09635944c98ca0185b7faa439b2bc642b7633c,Baijal1962OSTI p.55 Table IV row 6: AgLi,"solution(Ag,Li)",solid,,,,,other,atomic-capture probability C1 or C2; Baijal1962OSTI p.55,0.921,0.023,,,,,,,Baijal1962OSTI:Table IV,true,,stage=terminal@Baijal1962OSTI p.56;population=unstated@Baijal1962OSTI p.55;method=unstated@Baijal1962OSTI p.55;lineage=own@Baijal1962OSTI p.31;inputs=unstated@Baijal1962OSTI p.55,isotope_composition;temperature_K;density_g_cm3;beam_conditions;units;efficiency_correction;attenuation_correction;cascade_correction;transfer_assumption;stopping_model;inferable_parameter,
Baijal1962OSTI-Table IV-55-7,Baijal1962OSTI,5d3042af9160a073410e17587c09635944c98ca0185b7faa439b2bc642b7633c,Baijal1962OSTI p.55 Table IV row 7: AgLi,"solution(Ag,Li)",solid,,,,,other,atomic-capture probability C1 or C2; Baijal1962OSTI p.55,0.079,0.023,,,,,,,Baijal1962OSTI:Table IV,true,,stage=terminal@Baijal1962OSTI p.56;population=unstated@Baijal1962OSTI p.55;method=unstated@Baijal1962OSTI p.55;lineage=own@Baijal1962OSTI p.31;inputs=unstated@Baijal1962OSTI p.55,isotope_composition;temperature_K;density_g_cm3;beam_conditions;units;efficiency_correction;attenuation_correction;cascade_correction;transfer_assumption;stopping_model;inferable_parameter,
Baijal1962OSTI-Table IV-55-8,Baijal1962OSTI,5d3042af9160a073410e17587c09635944c98ca0185b7faa439b2bc642b7633c,Baijal1962OSTI p.55 Table IV row 8: AgLi,"solution(Ag,Li)",solid,,,,,other,observed relative captures reaching mesic K shell; Baijal1962OSTI p.55,11.66,3.39,,,,,,,Baijal1962OSTI:Table IV,true,,stage=terminal@Baijal1962OSTI p.56;population=unstated@Baijal1962OSTI p.55;method=unstated@Baijal1962OSTI p.55;lineage=own@Baijal1962OSTI p.31;inputs=unstated@Baijal1962OSTI p.55,isotope_composition;temperature_K;density_g_cm3;beam_conditions;units;efficiency_correction;attenuation_correction;cascade_correction;transfer_assumption;stopping_model;inferable_parameter,
Baijal1962OSTI-Table IV-55-9,Baijal1962OSTI,5d3042af9160a073410e17587c09635944c98ca0185b7faa439b2bc642b7633c,Baijal1962OSTI p.55 Table IV row 9: CuS^†,CuS,solid,,,,,other,"atomic-capture probability C1 or C2; Baijal1962OSTI p.55; oxygen-capture footnote Baijal1962OSTI-Table IV-55-28: After the atomic captures in oxygen are estimated, the sum is about 0.98 in CuS. The ratio C1/C2 remains unchanged. In the case of PbS, the sum changes from 0.89 to 0.94 after estimation of the correction for captures in oxygen. The ratio C1/C2 again remains the same. For details see text (Sec. V.C).",0.51,0.015,,,,,,oxygen-capture correction as printed in Baijal1962OSTI-Table IV-55-28,Baijal1962OSTI:Table IV,true,,stage=terminal@Baijal1962OSTI p.56;population=unstated@Baijal1962OSTI p.55;method=unstated@Baijal1962OSTI p.55;lineage=own@Baijal1962OSTI p.31;inputs=unstated@Baijal1962OSTI p.55,isotope_composition;temperature_K;density_g_cm3;beam_conditions;units;efficiency_correction;attenuation_correction;cascade_correction;transfer_assumption;inferable_parameter,
Baijal1962OSTI-Table IV-55-10,Baijal1962OSTI,5d3042af9160a073410e17587c09635944c98ca0185b7faa439b2bc642b7633c,Baijal1962OSTI p.55 Table IV row 10: CuS^†,CuS,solid,,,,,other,"atomic-capture probability C1 or C2; Baijal1962OSTI p.55; oxygen-capture footnote Baijal1962OSTI-Table IV-55-28: After the atomic captures in oxygen are estimated, the sum is about 0.98 in CuS. The ratio C1/C2 remains unchanged. In the case of PbS, the sum changes from 0.89 to 0.94 after estimation of the correction for captures in oxygen. The ratio C1/C2 again remains the same. For details see text (Sec. V.C).",0.27,0.024,,,,,,oxygen-capture correction as printed in Baijal1962OSTI-Table IV-55-28,Baijal1962OSTI:Table IV,true,,stage=terminal@Baijal1962OSTI p.56;population=unstated@Baijal1962OSTI p.55;method=unstated@Baijal1962OSTI p.55;lineage=own@Baijal1962OSTI p.31;inputs=unstated@Baijal1962OSTI p.55,isotope_composition;temperature_K;density_g_cm3;beam_conditions;units;efficiency_correction;attenuation_correction;cascade_correction;transfer_assumption;inferable_parameter,
Baijal1962OSTI-Table IV-55-11,Baijal1962OSTI,5d3042af9160a073410e17587c09635944c98ca0185b7faa439b2bc642b7633c,Baijal1962OSTI p.55 Table IV row 11: CuS^†,CuS,solid,,,,,other,"observed relative captures reaching mesic K shell; Baijal1962OSTI p.55; oxygen-capture footnote Baijal1962OSTI-Table IV-55-28: After the atomic captures in oxygen are estimated, the sum is about 0.98 in CuS. The ratio C1/C2 remains unchanged. In the case of PbS, the sum changes from 0.89 to 0.94 after estimation of the correction for captures in oxygen. The ratio C1/C2 again remains the same. For details see text (Sec. V.C).",1.89,0.18,,,,,,oxygen-capture correction as printed in Baijal1962OSTI-Table IV-55-28,Baijal1962OSTI:Table IV,true,,stage=terminal@Baijal1962OSTI p.56;population=unstated@Baijal1962OSTI p.55;method=unstated@Baijal1962OSTI p.55;lineage=own@Baijal1962OSTI p.31;inputs=unstated@Baijal1962OSTI p.55,isotope_composition;temperature_K;density_g_cm3;beam_conditions;units;efficiency_correction;attenuation_correction;cascade_correction;transfer_assumption;inferable_parameter,
Baijal1962OSTI-Table IV-55-12,Baijal1962OSTI,5d3042af9160a073410e17587c09635944c98ca0185b7faa439b2bc642b7633c,Baijal1962OSTI p.55 Table IV row 12: Sb2S3,Sb2S3,solid,,,,,other,atomic-capture probability C1 or C2; Baijal1962OSTI p.55,0.59,0.015,,,,,,,Baijal1962OSTI:Table IV,true,,stage=terminal@Baijal1962OSTI p.56;population=unstated@Baijal1962OSTI p.55;method=unstated@Baijal1962OSTI p.55;lineage=own@Baijal1962OSTI p.31;inputs=unstated@Baijal1962OSTI p.55,isotope_composition;temperature_K;density_g_cm3;beam_conditions;units;efficiency_correction;attenuation_correction;cascade_correction;transfer_assumption;stopping_model;inferable_parameter,
Baijal1962OSTI-Table IV-55-13,Baijal1962OSTI,5d3042af9160a073410e17587c09635944c98ca0185b7faa439b2bc642b7633c,Baijal1962OSTI p.55 Table IV row 13: Sb2S3,Sb2S3,solid,,,,,other,atomic-capture probability C1 or C2; Baijal1962OSTI p.55,0.36,0.020,,,,,,,Baijal1962OSTI:Table IV,true,,stage=terminal@Baijal1962OSTI p.56;population=unstated@Baijal1962OSTI p.55;method=unstated@Baijal1962OSTI p.55;lineage=own@Baijal1962OSTI p.31;inputs=unstated@Baijal1962OSTI p.55,isotope_composition;temperature_K;density_g_cm3;beam_conditions;units;efficiency_correction;attenuation_correction;cascade_correction;transfer_assumption;stopping_model;inferable_parameter,
Baijal1962OSTI-Table IV-55-14,Baijal1962OSTI,5d3042af9160a073410e17587c09635944c98ca0185b7faa439b2bc642b7633c,Baijal1962OSTI p.55 Table IV row 14: Sb2S3,Sb2S3,solid,,,,,other,observed relative captures reaching mesic K shell; Baijal1962OSTI p.55,1.64,0.10,,,,,,,Baijal1962OSTI:Table IV,true,,stage=terminal@Baijal1962OSTI p.56;population=unstated@Baijal1962OSTI p.55;method=unstated@Baijal1962OSTI p.55;lineage=own@Baijal1962OSTI p.31;inputs=unstated@Baijal1962OSTI p.55,isotope_composition;temperature_K;density_g_cm3;beam_conditions;units;efficiency_correction;attenuation_correction;cascade_correction;transfer_assumption;stopping_model;inferable_parameter,
Baijal1962OSTI-Table IV-55-15,Baijal1962OSTI,5d3042af9160a073410e17587c09635944c98ca0185b7faa439b2bc642b7633c,Baijal1962OSTI p.55 Table IV row 15: PbS^†,PbS,solid,,,,,other,"atomic-capture probability C1 or C2; Baijal1962OSTI p.55; oxygen-capture footnote Baijal1962OSTI-Table IV-55-28: After the atomic captures in oxygen are estimated, the sum is about 0.98 in CuS. The ratio C1/C2 remains unchanged. In the case of PbS, the sum changes from 0.89 to 0.94 after estimation of the correction for captures in oxygen. The ratio C1/C2 again remains the same. For details see text (Sec. V.C).",0.66,0.019,,,,,,oxygen-capture correction as printed in Baijal1962OSTI-Table IV-55-28,Baijal1962OSTI:Table IV,true,,stage=terminal@Baijal1962OSTI p.56;population=unstated@Baijal1962OSTI p.55;method=unstated@Baijal1962OSTI p.55;lineage=own@Baijal1962OSTI p.31;inputs=unstated@Baijal1962OSTI p.55,isotope_composition;temperature_K;density_g_cm3;beam_conditions;units;efficiency_correction;attenuation_correction;cascade_correction;transfer_assumption;inferable_parameter,
Baijal1962OSTI-Table IV-55-16,Baijal1962OSTI,5d3042af9160a073410e17587c09635944c98ca0185b7faa439b2bc642b7633c,Baijal1962OSTI p.55 Table IV row 16: PbS^†,PbS,solid,,,,,other,"atomic-capture probability C1 or C2; Baijal1962OSTI p.55; oxygen-capture footnote Baijal1962OSTI-Table IV-55-28: After the atomic captures in oxygen are estimated, the sum is about 0.98 in CuS. The ratio C1/C2 remains unchanged. In the case of PbS, the sum changes from 0.89 to 0.94 after estimation of the correction for captures in oxygen. The ratio C1/C2 again remains the same. For details see text (Sec. V.C).",0.23,0.027,,,,,,oxygen-capture correction as printed in Baijal1962OSTI-Table IV-55-28,Baijal1962OSTI:Table IV,true,,stage=terminal@Baijal1962OSTI p.56;population=unstated@Baijal1962OSTI p.55;method=unstated@Baijal1962OSTI p.55;lineage=own@Baijal1962OSTI p.31;inputs=unstated@Baijal1962OSTI p.55,isotope_composition;temperature_K;density_g_cm3;beam_conditions;units;efficiency_correction;attenuation_correction;cascade_correction;transfer_assumption;inferable_parameter,
Baijal1962OSTI-Table IV-55-17,Baijal1962OSTI,5d3042af9160a073410e17587c09635944c98ca0185b7faa439b2bc642b7633c,Baijal1962OSTI p.55 Table IV row 17: PbS^†,PbS,solid,,,,,other,"observed relative captures reaching mesic K shell; Baijal1962OSTI p.55; oxygen-capture footnote Baijal1962OSTI-Table IV-55-28: After the atomic captures in oxygen are estimated, the sum is about 0.98 in CuS. The ratio C1/C2 remains unchanged. In the case of PbS, the sum changes from 0.89 to 0.94 after estimation of the correction for captures in oxygen. The ratio C1/C2 again remains the same. For details see text (Sec. V.C).",2.87,0.35,,,,,,oxygen-capture correction as printed in Baijal1962OSTI-Table IV-55-28,Baijal1962OSTI:Table IV,true,,stage=terminal@Baijal1962OSTI p.56;population=unstated@Baijal1962OSTI p.55;method=unstated@Baijal1962OSTI p.55;lineage=own@Baijal1962OSTI p.31;inputs=unstated@Baijal1962OSTI p.55,isotope_composition;temperature_K;density_g_cm3;beam_conditions;units;efficiency_correction;attenuation_correction;cascade_correction;transfer_assumption;inferable_parameter,
Baijal1962OSTI-Table IV-55-18,Baijal1962OSTI,5d3042af9160a073410e17587c09635944c98ca0185b7faa439b2bc642b7633c,Baijal1962OSTI p.55 Table IV row 18: CuO,CuO,solid,,,,,other,atomic-capture probability C1 or C2; Baijal1962OSTI p.55,0.86,0.019,,,,,,,Baijal1962OSTI:Table IV,true,,stage=terminal@Baijal1962OSTI p.56;population=unstated@Baijal1962OSTI p.55;method=unstated@Baijal1962OSTI p.55;lineage=own@Baijal1962OSTI p.31;inputs=unstated@Baijal1962OSTI p.55,isotope_composition;temperature_K;density_g_cm3;beam_conditions;units;efficiency_correction;attenuation_correction;cascade_correction;transfer_assumption;stopping_model;inferable_parameter,
Baijal1962OSTI-Table IV-55-19,Baijal1962OSTI,5d3042af9160a073410e17587c09635944c98ca0185b7faa439b2bc642b7633c,Baijal1962OSTI p.55 Table IV row 19: CuO,CuO,solid,,,,,other,atomic-capture probability C1 or C2; Baijal1962OSTI p.55,0.14,0.019,,,,,,,Baijal1962OSTI:Table IV,true,,stage=terminal@Baijal1962OSTI p.56;population=unstated@Baijal1962OSTI p.55;method=unstated@Baijal1962OSTI p.55;lineage=own@Baijal1962OSTI p.31;inputs=unstated@Baijal1962OSTI p.55,isotope_composition;temperature_K;density_g_cm3;beam_conditions;units;efficiency_correction;attenuation_correction;cascade_correction;transfer_assumption;stopping_model;inferable_parameter,
Baijal1962OSTI-Table IV-55-20,Baijal1962OSTI,5d3042af9160a073410e17587c09635944c98ca0185b7faa439b2bc642b7633c,Baijal1962OSTI p.55 Table IV row 20: CuO,CuO,solid,,,,,other,observed relative captures reaching mesic K shell; Baijal1962OSTI p.55,6.14,0.85,,,,,,,Baijal1962OSTI:Table IV,true,,stage=terminal@Baijal1962OSTI p.56;population=unstated@Baijal1962OSTI p.55;method=unstated@Baijal1962OSTI p.55;lineage=own@Baijal1962OSTI p.31;inputs=unstated@Baijal1962OSTI p.55,isotope_composition;temperature_K;density_g_cm3;beam_conditions;units;efficiency_correction;attenuation_correction;cascade_correction;transfer_assumption;stopping_model;inferable_parameter,
Baijal1962OSTI-Table IV-55-21,Baijal1962OSTI,5d3042af9160a073410e17587c09635944c98ca0185b7faa439b2bc642b7633c,Baijal1962OSTI p.55 Table IV row 21: Sb2O3,Sb2O3,solid,,,,,other,atomic-capture probability C1 or C2; Baijal1962OSTI p.55,0.65,0.012,,,,,,,Baijal1962OSTI:Table IV,true,,stage=terminal@Baijal1962OSTI p.56;population=unstated@Baijal1962OSTI p.55;method=unstated@Baijal1962OSTI p.55;lineage=own@Baijal1962OSTI p.31;inputs=unstated@Baijal1962OSTI p.55,isotope_composition;temperature_K;density_g_cm3;beam_conditions;units;efficiency_correction;attenuation_correction;cascade_correction;transfer_assumption;stopping_model;inferable_parameter,
Baijal1962OSTI-Table IV-55-22,Baijal1962OSTI,5d3042af9160a073410e17587c09635944c98ca0185b7faa439b2bc642b7633c,Baijal1962OSTI p.55 Table IV row 22: Sb2O3,Sb2O3,solid,,,,,other,atomic-capture probability C1 or C2; Baijal1962OSTI p.55,0.35,0.012,,,,,,,Baijal1962OSTI:Table IV,true,,stage=terminal@Baijal1962OSTI p.56;population=unstated@Baijal1962OSTI p.55;method=unstated@Baijal1962OSTI p.55;lineage=own@Baijal1962OSTI p.31;inputs=unstated@Baijal1962OSTI p.55,isotope_composition;temperature_K;density_g_cm3;beam_conditions;units;efficiency_correction;attenuation_correction;cascade_correction;transfer_assumption;stopping_model;inferable_parameter,
Baijal1962OSTI-Table IV-55-23,Baijal1962OSTI,5d3042af9160a073410e17587c09635944c98ca0185b7faa439b2bc642b7633c,Baijal1962OSTI p.55 Table IV row 23: Sb2O3,Sb2O3,solid,,,,,other,observed relative captures reaching mesic K shell; Baijal1962OSTI p.55,1.86,0.096,,,,,,,Baijal1962OSTI:Table IV,true,,stage=terminal@Baijal1962OSTI p.56;population=unstated@Baijal1962OSTI p.55;method=unstated@Baijal1962OSTI p.55;lineage=own@Baijal1962OSTI p.31;inputs=unstated@Baijal1962OSTI p.55,isotope_composition;temperature_K;density_g_cm3;beam_conditions;units;efficiency_correction;attenuation_correction;cascade_correction;transfer_assumption;stopping_model;inferable_parameter,
Baijal1962OSTI-Table IV-55-24,Baijal1962OSTI,5d3042af9160a073410e17587c09635944c98ca0185b7faa439b2bc642b7633c,Baijal1962OSTI p.55 Table IV row 24: PbO,PbO,solid,,,,,other,atomic-capture probability C1 or C2; Baijal1962OSTI p.55,0.82,0.020,,,,,,,Baijal1962OSTI:Table IV,true,,stage=terminal@Baijal1962OSTI p.56;population=unstated@Baijal1962OSTI p.55;method=unstated@Baijal1962OSTI p.55;lineage=own@Baijal1962OSTI p.31;inputs=unstated@Baijal1962OSTI p.55,isotope_composition;temperature_K;density_g_cm3;beam_conditions;units;efficiency_correction;attenuation_correction;cascade_correction;transfer_assumption;stopping_model;inferable_parameter,
Baijal1962OSTI-Table IV-55-25,Baijal1962OSTI,5d3042af9160a073410e17587c09635944c98ca0185b7faa439b2bc642b7633c,Baijal1962OSTI p.55 Table IV row 25: PbO,PbO,solid,,,,,other,atomic-capture probability C1 or C2; Baijal1962OSTI p.55,0.18,0.020,,,,,,,Baijal1962OSTI:Table IV,true,,stage=terminal@Baijal1962OSTI p.56;population=unstated@Baijal1962OSTI p.55;method=unstated@Baijal1962OSTI p.55;lineage=own@Baijal1962OSTI p.31;inputs=unstated@Baijal1962OSTI p.55,isotope_composition;temperature_K;density_g_cm3;beam_conditions;units;efficiency_correction;attenuation_correction;cascade_correction;transfer_assumption;stopping_model;inferable_parameter,
Baijal1962OSTI-Table IV-55-26,Baijal1962OSTI,5d3042af9160a073410e17587c09635944c98ca0185b7faa439b2bc642b7633c,Baijal1962OSTI p.55 Table IV row 26: PbO,PbO,solid,,,,,other,observed relative captures reaching mesic K shell; Baijal1962OSTI p.55,4.56,0.53,,,,,,,Baijal1962OSTI:Table IV,true,,stage=terminal@Baijal1962OSTI p.56;population=unstated@Baijal1962OSTI p.55;method=unstated@Baijal1962OSTI p.55;lineage=own@Baijal1962OSTI p.31;inputs=unstated@Baijal1962OSTI p.55,isotope_composition;temperature_K;density_g_cm3;beam_conditions;units;efficiency_correction;attenuation_correction;cascade_correction;transfer_assumption;stopping_model;inferable_parameter,
Baijal1962OSTI-Table V-56-3,Baijal1962OSTI,5d3042af9160a073410e17587c09635944c98ca0185b7faa439b2bc642b7633c,Baijal1962OSTI p.56 Table V row 3: CuAu^†,"solution(Cu,Au)",solid,,,,,other,observed relative captures reaching mesic K shell; Baijal1962OSTI p.56,0.34,0.032,,,,,,,Baijal1962OSTI:Table V,true,,stage=terminal@Baijal1962OSTI p.56;population=unstated@Baijal1962OSTI p.55;method=unstated@Baijal1962OSTI p.55;lineage=own@Baijal1962OSTI p.31;inputs=unstated@Baijal1962OSTI p.55,isotope_composition;temperature_K;density_g_cm3;beam_conditions;units;efficiency_correction;attenuation_correction;cascade_correction;transfer_assumption;stopping_model;inferable_parameter,
Baijal1962OSTI-Table V-56-4,Baijal1962OSTI,5d3042af9160a073410e17587c09635944c98ca0185b7faa439b2bc642b7633c,Baijal1962OSTI p.56 Table V row 4: AgLi^†,"solution(Ag,Li)",solid,,,,,other,observed relative captures reaching mesic K shell; Baijal1962OSTI p.56,11.66,3.39,,,,,,,Baijal1962OSTI:Table V,true,,stage=terminal@Baijal1962OSTI p.56;population=unstated@Baijal1962OSTI p.55;method=unstated@Baijal1962OSTI p.55;lineage=own@Baijal1962OSTI p.31;inputs=unstated@Baijal1962OSTI p.55,isotope_composition;temperature_K;density_g_cm3;beam_conditions;units;efficiency_correction;attenuation_correction;cascade_correction;transfer_assumption;stopping_model;inferable_parameter,
Baijal1962OSTI-Table V-56-5,Baijal1962OSTI,5d3042af9160a073410e17587c09635944c98ca0185b7faa439b2bc642b7633c,Baijal1962OSTI p.56 Table V row 5: CuS,CuS,solid,,,,,other,"observed relative captures reaching mesic K shell; Baijal1962OSTI p.56; oxygen-capture footnote Baijal1962OSTI-Table IV-55-28: After the atomic captures in oxygen are estimated, the sum is about 0.98 in CuS. The ratio C1/C2 remains unchanged. In the case of PbS, the sum changes from 0.89 to 0.94 after estimation of the correction for captures in oxygen. The ratio C1/C2 again remains the same. For details see text (Sec. V.C).",1.89,0.18,,,,,,oxygen-capture correction as printed in Baijal1962OSTI-Table IV-55-28,Baijal1962OSTI:Table V,true,,stage=terminal@Baijal1962OSTI p.56;population=unstated@Baijal1962OSTI p.55;method=unstated@Baijal1962OSTI p.55;lineage=own@Baijal1962OSTI p.31;inputs=unstated@Baijal1962OSTI p.55,isotope_composition;temperature_K;density_g_cm3;beam_conditions;units;efficiency_correction;attenuation_correction;cascade_correction;transfer_assumption;inferable_parameter,
Baijal1962OSTI-Table V-56-6,Baijal1962OSTI,5d3042af9160a073410e17587c09635944c98ca0185b7faa439b2bc642b7633c,Baijal1962OSTI p.56 Table V row 6: Sb2S3,Sb2S3,solid,,,,,other,observed relative captures reaching mesic K shell; Baijal1962OSTI p.56,1.64,0.10,,,,,,,Baijal1962OSTI:Table V,true,,stage=terminal@Baijal1962OSTI p.56;population=unstated@Baijal1962OSTI p.55;method=unstated@Baijal1962OSTI p.55;lineage=own@Baijal1962OSTI p.31;inputs=unstated@Baijal1962OSTI p.55,isotope_composition;temperature_K;density_g_cm3;beam_conditions;units;efficiency_correction;attenuation_correction;cascade_correction;transfer_assumption;stopping_model;inferable_parameter,
Baijal1962OSTI-Table V-56-7,Baijal1962OSTI,5d3042af9160a073410e17587c09635944c98ca0185b7faa439b2bc642b7633c,Baijal1962OSTI p.56 Table V row 7: PbS,PbS,solid,,,,,other,"observed relative captures reaching mesic K shell; Baijal1962OSTI p.56; oxygen-capture footnote Baijal1962OSTI-Table IV-55-28: After the atomic captures in oxygen are estimated, the sum is about 0.98 in CuS. The ratio C1/C2 remains unchanged. In the case of PbS, the sum changes from 0.89 to 0.94 after estimation of the correction for captures in oxygen. The ratio C1/C2 again remains the same. For details see text (Sec. V.C).",2.87,0.35,,,,,,oxygen-capture correction as printed in Baijal1962OSTI-Table IV-55-28,Baijal1962OSTI:Table V,true,,stage=terminal@Baijal1962OSTI p.56;population=unstated@Baijal1962OSTI p.55;method=unstated@Baijal1962OSTI p.55;lineage=own@Baijal1962OSTI p.31;inputs=unstated@Baijal1962OSTI p.55,isotope_composition;temperature_K;density_g_cm3;beam_conditions;units;efficiency_correction;attenuation_correction;cascade_correction;transfer_assumption;inferable_parameter,
Baijal1962OSTI-Table V-56-8,Baijal1962OSTI,5d3042af9160a073410e17587c09635944c98ca0185b7faa439b2bc642b7633c,Baijal1962OSTI p.56 Table V row 8: CuO,CuO,solid,,,,,other,observed relative captures reaching mesic K shell; Baijal1962OSTI p.56,6.14,0.85,,,,,,,Baijal1962OSTI:Table V,true,,stage=terminal@Baijal1962OSTI p.56;population=unstated@Baijal1962OSTI p.55;method=unstated@Baijal1962OSTI p.55;lineage=own@Baijal1962OSTI p.31;inputs=unstated@Baijal1962OSTI p.55,isotope_composition;temperature_K;density_g_cm3;beam_conditions;units;efficiency_correction;attenuation_correction;cascade_correction;transfer_assumption;stopping_model;inferable_parameter,
Baijal1962OSTI-Table V-56-9,Baijal1962OSTI,5d3042af9160a073410e17587c09635944c98ca0185b7faa439b2bc642b7633c,Baijal1962OSTI p.56 Table V row 9: Sb2O3,Sb2O3,solid,,,,,other,observed relative captures reaching mesic K shell; Baijal1962OSTI p.56,1.86,0.096,,,,,,,Baijal1962OSTI:Table V,true,,stage=terminal@Baijal1962OSTI p.56;population=unstated@Baijal1962OSTI p.55;method=unstated@Baijal1962OSTI p.55;lineage=own@Baijal1962OSTI p.31;inputs=unstated@Baijal1962OSTI p.55,isotope_composition;temperature_K;density_g_cm3;beam_conditions;units;efficiency_correction;attenuation_correction;cascade_correction;transfer_assumption;stopping_model;inferable_parameter,
Baijal1962OSTI-Table V-56-10,Baijal1962OSTI,5d3042af9160a073410e17587c09635944c98ca0185b7faa439b2bc642b7633c,Baijal1962OSTI p.56 Table V row 10: PbO,PbO,solid,,,,,other,observed relative captures reaching mesic K shell; Baijal1962OSTI p.56,4.56,0.53,,,,,,,Baijal1962OSTI:Table V,true,,stage=terminal@Baijal1962OSTI p.56;population=unstated@Baijal1962OSTI p.55;method=unstated@Baijal1962OSTI p.55;lineage=own@Baijal1962OSTI p.31;inputs=unstated@Baijal1962OSTI p.55,isotope_composition;temperature_K;density_g_cm3;beam_conditions;units;efficiency_correction;attenuation_correction;cascade_correction;transfer_assumption;stopping_model;inferable_parameter,
Baijal1962OSTI-Result text-31-1,Baijal1962OSTI,5d3042af9160a073410e17587c09635944c98ca0185b7faa439b2bc642b7633c,Baijal1962OSTI p.31 Result text row 1: CuO,CuO,solid,,,,,other,observed relative captures reaching mesic K shell; Baijal1962OSTI p.31,0.163,,,,,,,,Baijal1962OSTI:Result text,true,,stage=terminal@Baijal1962OSTI p.56;population=unstated@Baijal1962OSTI p.55;method=unstated@Baijal1962OSTI p.55;lineage=own@Baijal1962OSTI p.31;inputs=unstated@Baijal1962OSTI p.55,isotope_composition;temperature_K;density_g_cm3;beam_conditions;reported_uncertainty;units;efficiency_correction;attenuation_correction;cascade_correction;transfer_assumption;stopping_model;inferable_parameter,
Baijal1962OSTI-Result text-31-2,Baijal1962OSTI,5d3042af9160a073410e17587c09635944c98ca0185b7faa439b2bc642b7633c,Baijal1962OSTI p.31 Result text row 2: CuS,CuS,solid,,,,,other,"observed relative captures reaching mesic K shell; Baijal1962OSTI p.31; oxygen-capture footnote Baijal1962OSTI-Table IV-55-28: After the atomic captures in oxygen are estimated, the sum is about 0.98 in CuS. The ratio C1/C2 remains unchanged. In the case of PbS, the sum changes from 0.89 to 0.94 after estimation of the correction for captures in oxygen. The ratio C1/C2 again remains the same. For details see text (Sec. V.C).",51%,,,,,,,oxygen-capture correction as printed in Baijal1962OSTI-Table IV-55-28,Baijal1962OSTI:Result text,true,,stage=terminal@Baijal1962OSTI p.56;population=unstated@Baijal1962OSTI p.55;method=unstated@Baijal1962OSTI p.55;lineage=own@Baijal1962OSTI p.31;inputs=unstated@Baijal1962OSTI p.55,isotope_composition;temperature_K;density_g_cm3;beam_conditions;reported_uncertainty;units;efficiency_correction;attenuation_correction;cascade_correction;transfer_assumption;inferable_parameter,
Mausner1975-Result text-3-1,Mausner1975,235dfd061c8248153ae3bc319d0a7479d60bee8e42a3d6268e2f972ead5f47c6,Mausner1975 p.3 Result text row 1: KCl,KCl,solid,,,,,atomic_capture_ratio,relative capture probabilities per atom; Mausner1975 p.3-4,1.16,0.03,,efficiency-calibrated Ge(Li) detector; Mausner1975 p.2,correcting for target attenuation; Mausner1975 p.2,,,,Mausner1975:Result text,true,A(K/Cl),stage=terminal@Mausner1975 p.3;population=unstated@Mausner1975 p.3;method=xray@Mausner1975 p.2;lineage=own@Mausner1975 p.2;inputs=unstated@Mausner1975 p.2,isotope_composition;temperature_K;density_g_cm3;beam_conditions;units;cascade_correction;transfer_assumption;stopping_model,
Mausner1975-Result text-3-2,Mausner1975,235dfd061c8248153ae3bc319d0a7479d60bee8e42a3d6268e2f972ead5f47c6,Mausner1975 p.3 Result text row 2: CaS,CaS,solid,,,,,atomic_capture_ratio,relative capture probabilities per atom; Mausner1975 p.3-4,1.57,0.04,,efficiency-calibrated Ge(Li) detector; Mausner1975 p.2,correcting for target attenuation; Mausner1975 p.2,,,,Mausner1975:Result text,true,A(Ca/S),stage=terminal@Mausner1975 p.3;population=unstated@Mausner1975 p.3;method=xray@Mausner1975 p.2;lineage=own@Mausner1975 p.2;inputs=unstated@Mausner1975 p.2,isotope_composition;temperature_K;density_g_cm3;beam_conditions;units;cascade_correction;transfer_assumption;stopping_model,
Mausner1975-Result text-4-1,Mausner1975,235dfd061c8248153ae3bc319d0a7479d60bee8e42a3d6268e2f972ead5f47c6,Mausner1975 p.4 Result text row 1: NaCl,NaCl,solid,,,,,atomic_capture_ratio,relative capture probabilities per atom; Mausner1975 p.3-4,0.68,0.04,,efficiency-calibrated Ge(Li) detector; Mausner1975 p.2,correcting for target attenuation; Mausner1975 p.2,,,,Mausner1975:Result text,true,A(Na/Cl),stage=terminal@Mausner1975 p.3;population=unstated@Mausner1975 p.3;method=xray@Mausner1975 p.2;lineage=own@Mausner1975 p.2;inputs=unstated@Mausner1975 p.2,isotope_composition;temperature_K;density_g_cm3;beam_conditions;units;cascade_correction;transfer_assumption;stopping_model,
Mausner1975-Result text-4-2,Mausner1975,235dfd061c8248153ae3bc319d0a7479d60bee8e42a3d6268e2f972ead5f47c6,Mausner1975 p.4 Result text row 2: NaClO4,NaClO4,solid,,,,,atomic_capture_ratio,relative capture probabilities per atom; Mausner1975 p.3-4,0.73,0.04,,efficiency-calibrated Ge(Li) detector; Mausner1975 p.2,correcting for target attenuation; Mausner1975 p.2,,,,Mausner1975:Result text,true,A(Na/Cl),stage=terminal@Mausner1975 p.3;population=unstated@Mausner1975 p.3;method=xray@Mausner1975 p.2;lineage=own@Mausner1975 p.2;inputs=unstated@Mausner1975 p.2,isotope_composition;temperature_K;density_g_cm3;beam_conditions;units;cascade_correction;transfer_assumption;stopping_model,
Mausner1975-Result text-4-3,Mausner1975,235dfd061c8248153ae3bc319d0a7479d60bee8e42a3d6268e2f972ead5f47c6,Mausner1975 p.4 Result text row 3: CaS,CaS,solid,,,,,atomic_capture_ratio,relative capture probabilities per atom; Mausner1975 p.3-4,1.57,0.04,,efficiency-calibrated Ge(Li) detector; Mausner1975 p.2,correcting for target attenuation; Mausner1975 p.2,,,,Mausner1975:Result text,true,A(Ca/S),stage=terminal@Mausner1975 p.3;population=unstated@Mausner1975 p.3;method=xray@Mausner1975 p.2;lineage=own@Mausner1975 p.2;inputs=unstated@Mausner1975 p.2,isotope_composition;temperature_K;density_g_cm3;beam_conditions;units;cascade_correction;transfer_assumption;stopping_model,
Mausner1975-Result text-4-4,Mausner1975,235dfd061c8248153ae3bc319d0a7479d60bee8e42a3d6268e2f972ead5f47c6,Mausner1975 p.4 Result text row 4: CaSO4,CaSO4,solid,,,,,atomic_capture_ratio,relative capture probabilities per atom; Mausner1975 p.3-4,1.83,0.06,,efficiency-calibrated Ge(Li) detector; Mausner1975 p.2,correcting for target attenuation; Mausner1975 p.2,,,,Mausner1975:Result text,true,A(Ca/S),stage=terminal@Mausner1975 p.3;population=unstated@Mausner1975 p.3;method=xray@Mausner1975 p.2;lineage=own@Mausner1975 p.2;inputs=unstated@Mausner1975 p.2,isotope_composition;temperature_K;density_g_cm3;beam_conditions;units;cascade_correction;transfer_assumption;stopping_model,
Yoshida2016-Table 1-116-3,Yoshida2016,3a31bd43360f9db2ee86bef5bb0ab666491759b1b0cd7848ef1aa8d073b13212,"Yoshida2016 p.116 Table 1 row 3: H2+CO, 50 kPa; delayed X-ray selection Yoshida2016 p.116",H2+CO,gas,,,,,atomic_capture_ratio,muon capture ratio per atom; Yoshida2016 p.116,0.593,(49),,,,,,,Yoshida2016:Table 1,true,A(C/O),stage=terminal@Yoshida2016 p.116;population=transfer_only@Yoshida2016 p.116;method=xray@Yoshida2016 p.116;lineage=own@Yoshida2016 p.116;inputs=unstated@Yoshida2016 p.116,isotope_composition;temperature_K;density_g_cm3;beam_conditions;units;efficiency_correction;attenuation_correction;cascade_correction;transfer_assumption;stopping_model,
Yoshida2016-Table 1-116-4,Yoshida2016,3a31bd43360f9db2ee86bef5bb0ab666491759b1b0cd7848ef1aa8d073b13212,"Yoshida2016 p.116 Table 1 row 4: H2+CO, 99 kPa; delayed X-ray selection Yoshida2016 p.116",H2+CO,gas,,,,,atomic_capture_ratio,muon capture ratio per atom; Yoshida2016 p.116,0.649,(32),,,,,,,Yoshida2016:Table 1,true,A(C/O),stage=terminal@Yoshida2016 p.116;population=transfer_only@Yoshida2016 p.116;method=xray@Yoshida2016 p.116;lineage=own@Yoshida2016 p.116;inputs=unstated@Yoshida2016 p.116,isotope_composition;temperature_K;density_g_cm3;beam_conditions;units;efficiency_correction;attenuation_correction;cascade_correction;transfer_assumption;stopping_model,
Yoshida2016-Table 1-116-5,Yoshida2016,3a31bd43360f9db2ee86bef5bb0ab666491759b1b0cd7848ef1aa8d073b13212,Yoshida2016 p.116 Table 1 row 5: Average (50 kPa and 99 kPa); delayed X-ray selection Yoshida2016 p.116,H2+CO,gas,,,,,atomic_capture_ratio,muon capture ratio per atom; Yoshida2016 p.116,0.621,(29),,,,,,,Yoshida2016:Table 1,true,A(C/O),stage=terminal@Yoshida2016 p.116;population=transfer_only@Yoshida2016 p.116;method=xray@Yoshida2016 p.116;lineage=own@Yoshida2016 p.116;inputs=unstated@Yoshida2016 p.116,isotope_composition;temperature_K;density_g_cm3;beam_conditions;units;efficiency_correction;attenuation_correction;cascade_correction;transfer_assumption;stopping_model,
Yoshida2016-Table 1-116-6,Yoshida2016,3a31bd43360f9db2ee86bef5bb0ab666491759b1b0cd7848ef1aa8d073b13212,"Yoshida2016 p.116 Table 1 row 6: H2+CO2, 50 kPa; delayed X-ray selection Yoshida2016 p.116",H2+CO2,gas,,,,,atomic_capture_ratio,muon capture ratio per atom; Yoshida2016 p.116,0.632,(51),,,,,,,Yoshida2016:Table 1,true,A(C/O),stage=terminal@Yoshida2016 p.116;population=transfer_only@Yoshida2016 p.116;method=xray@Yoshida2016 p.116;lineage=own@Yoshida2016 p.116;inputs=unstated@Yoshida2016 p.116,isotope_composition;temperature_K;density_g_cm3;beam_conditions;units;efficiency_correction;attenuation_correction;cascade_correction;transfer_assumption;stopping_model,
Yoshida2016-Table 1-116-7,Yoshida2016,3a31bd43360f9db2ee86bef5bb0ab666491759b1b0cd7848ef1aa8d073b13212,"Yoshida2016 p.116 Table 1 row 7: H2+CO2, 99 kPa; delayed X-ray selection Yoshida2016 p.116",H2+CO2,gas,,,,,atomic_capture_ratio,muon capture ratio per atom; Yoshida2016 p.116,0.656,(36),,,,,,,Yoshida2016:Table 1,true,A(C/O),stage=terminal@Yoshida2016 p.116;population=transfer_only@Yoshida2016 p.116;method=xray@Yoshida2016 p.116;lineage=own@Yoshida2016 p.116;inputs=unstated@Yoshida2016 p.116,isotope_composition;temperature_K;density_g_cm3;beam_conditions;units;efficiency_correction;attenuation_correction;cascade_correction;transfer_assumption;stopping_model,
Yoshida2016-Table 1-116-8,Yoshida2016,3a31bd43360f9db2ee86bef5bb0ab666491759b1b0cd7848ef1aa8d073b13212,Yoshida2016 p.116 Table 1 row 8: Average (50 kPa and 99 kPa); delayed X-ray selection Yoshida2016 p.116,H2+CO2,gas,,,,,atomic_capture_ratio,muon capture ratio per atom; Yoshida2016 p.116,0.644,(31),,,,,,,Yoshida2016:Table 1,true,A(C/O),stage=terminal@Yoshida2016 p.116;population=transfer_only@Yoshida2016 p.116;method=xray@Yoshida2016 p.116;lineage=own@Yoshida2016 p.116;inputs=unstated@Yoshida2016 p.116,isotope_composition;temperature_K;density_g_cm3;beam_conditions;units;efficiency_correction;attenuation_correction;cascade_correction;transfer_assumption;stopping_model,
Inagaki2021-Table 2-322-3,Inagaki2021,9b8abb840fd3cd73b878bec0e78adeb8fff50f256aa3c75dafdd560aa0da3b4d,Inagaki2021 p.322 Table 2 row 3: C6H6 + CCl4 (15%) sample,C6H6+CCl4,liquid,,,,muon momentum 50 MeV/c; Inagaki2021 p.320,other,fraction of total Lyman X-rays of C to C+Cl; Inagaki2021 p.322,0.829,0.004,,HPGe efficiency by EGS5 and radiation source; Inagaki2021 p.320,sample self-absorption considered in simulation; Inagaki2021 p.320,,,,Inagaki2021:Table 2,true,,stage=terminal@Inagaki2021 p.322;population=unstated@Inagaki2021 p.322;method=xray@Inagaki2021 p.320;lineage=own@Inagaki2021 p.320;inputs=unstated@Inagaki2021 p.320,isotope_composition;temperature_K;density_g_cm3;units;cascade_correction;transfer_assumption;stopping_model;inferable_parameter,
Inagaki2021-Table 2-322-4,Inagaki2021,9b8abb840fd3cd73b878bec0e78adeb8fff50f256aa3c75dafdd560aa0da3b4d,Inagaki2021 p.322 Table 2 row 4: C6H6 + CCl4 (30%) sample,C6H6+CCl4,liquid,,,,muon momentum 50 MeV/c; Inagaki2021 p.320,other,fraction of total Lyman X-rays of C to C+Cl; Inagaki2021 p.322,0.667,0.009,,HPGe efficiency by EGS5 and radiation source; Inagaki2021 p.320,sample self-absorption considered in simulation; Inagaki2021 p.320,,,,Inagaki2021:Table 2,true,,stage=terminal@Inagaki2021 p.322;population=unstated@Inagaki2021 p.322;method=xray@Inagaki2021 p.320;lineage=own@Inagaki2021 p.320;inputs=unstated@Inagaki2021 p.320,isotope_composition;temperature_K;density_g_cm3;units;cascade_correction;transfer_assumption;stopping_model;inferable_parameter,
Inagaki2021-Table 2-322-5,Inagaki2021,9b8abb840fd3cd73b878bec0e78adeb8fff50f256aa3c75dafdd560aa0da3b4d,Inagaki2021 p.322 Table 2 row 5: C6H6 + CCl4 (70%) sample,C6H6+CCl4,liquid,,,,muon momentum 50 MeV/c; Inagaki2021 p.320,other,fraction of total Lyman X-rays of C to C+Cl; Inagaki2021 p.322,0.302,0.007,,HPGe efficiency by EGS5 and radiation source; Inagaki2021 p.320,sample self-absorption considered in simulation; Inagaki2021 p.320,,,,Inagaki2021:Table 2,true,,stage=terminal@Inagaki2021 p.322;population=unstated@Inagaki2021 p.322;method=xray@Inagaki2021 p.320;lineage=own@Inagaki2021 p.320;inputs=unstated@Inagaki2021 p.320,isotope_composition;temperature_K;density_g_cm3;units;cascade_correction;transfer_assumption;stopping_model;inferable_parameter,
Inagaki2021-Table 2-322-6,Inagaki2021,9b8abb840fd3cd73b878bec0e78adeb8fff50f256aa3c75dafdd560aa0da3b4d,Inagaki2021 p.322 Table 2 row 6: C6H12 + CCl4 (15%) sample,C6H12+CCl4,liquid,,,,muon momentum 50 MeV/c; Inagaki2021 p.320,other,fraction of total Lyman X-rays of C to C+Cl; Inagaki2021 p.322,0.844,0.004,,HPGe efficiency by EGS5 and radiation source; Inagaki2021 p.320,sample self-absorption considered in simulation; Inagaki2021 p.320,,,,Inagaki2021:Table 2,true,,stage=terminal@Inagaki2021 p.322;population=unstated@Inagaki2021 p.322;method=xray@Inagaki2021 p.320;lineage=own@Inagaki2021 p.320;inputs=unstated@Inagaki2021 p.320,isotope_composition;temperature_K;density_g_cm3;units;cascade_correction;transfer_assumption;stopping_model;inferable_parameter,
Inagaki2021-Table 2-322-7,Inagaki2021,9b8abb840fd3cd73b878bec0e78adeb8fff50f256aa3c75dafdd560aa0da3b4d,Inagaki2021 p.322 Table 2 row 7: C6H12 + CCl4 (30%) sample,C6H12+CCl4,liquid,,,,muon momentum 50 MeV/c; Inagaki2021 p.320,other,fraction of total Lyman X-rays of C to C+Cl; Inagaki2021 p.322,0.694,0.008,,HPGe efficiency by EGS5 and radiation source; Inagaki2021 p.320,sample self-absorption considered in simulation; Inagaki2021 p.320,,,,Inagaki2021:Table 2,true,,stage=terminal@Inagaki2021 p.322;population=unstated@Inagaki2021 p.322;method=xray@Inagaki2021 p.320;lineage=own@Inagaki2021 p.320;inputs=unstated@Inagaki2021 p.320,isotope_composition;temperature_K;density_g_cm3;units;cascade_correction;transfer_assumption;stopping_model;inferable_parameter,
Inagaki2021-Table 2-322-8,Inagaki2021,9b8abb840fd3cd73b878bec0e78adeb8fff50f256aa3c75dafdd560aa0da3b4d,Inagaki2021 p.322 Table 2 row 8: C6H12 + CCl4 (70%) sample,C6H12+CCl4,liquid,,,,muon momentum 50 MeV/c; Inagaki2021 p.320,other,fraction of total Lyman X-rays of C to C+Cl; Inagaki2021 p.322,0.313,0.007,,HPGe efficiency by EGS5 and radiation source; Inagaki2021 p.320,sample self-absorption considered in simulation; Inagaki2021 p.320,,,,Inagaki2021:Table 2,true,,stage=terminal@Inagaki2021 p.322;population=unstated@Inagaki2021 p.322;method=xray@Inagaki2021 p.320;lineage=own@Inagaki2021 p.320;inputs=unstated@Inagaki2021 p.320,isotope_composition;temperature_K;density_g_cm3;units;cascade_correction;transfer_assumption;stopping_model;inferable_parameter,
Inagaki2021-Table 2-322-9,Inagaki2021,9b8abb840fd3cd73b878bec0e78adeb8fff50f256aa3c75dafdd560aa0da3b4d,Inagaki2021 p.322 Table 2 row 9: CCl4 sample,CCl4,liquid,,,,muon momentum 50 MeV/c; Inagaki2021 p.320,other,fraction of total Lyman X-rays of C to C+Cl; Inagaki2021 p.322,0.068,0.003,,HPGe efficiency by EGS5 and radiation source; Inagaki2021 p.320,sample self-absorption considered in simulation; Inagaki2021 p.320,,,,Inagaki2021:Table 2,true,,stage=terminal@Inagaki2021 p.322;population=unstated@Inagaki2021 p.322;method=xray@Inagaki2021 p.320;lineage=own@Inagaki2021 p.320;inputs=unstated@Inagaki2021 p.320,isotope_composition;temperature_K;density_g_cm3;units;cascade_correction;transfer_assumption;stopping_model;inferable_parameter,
Inagaki2021-Table 3-323-3,Inagaki2021,9b8abb840fd3cd73b878bec0e78adeb8fff50f256aa3c75dafdd560aa0da3b4d,Inagaki2021 p.323 Table 3 row 3: K_Cl,CCl4,liquid,,,,muon momentum 50 MeV/c; Inagaki2021 p.320,other,chlorine capture probability conditional on CCl4 capture; Inagaki2021 p.323,0.932,0.003,,HPGe efficiency by EGS5 and radiation source; Inagaki2021 p.320,sample self-absorption considered in simulation; Inagaki2021 p.320,,,,Inagaki2021:Table 3,true,,stage=terminal@Inagaki2021 p.322;population=per_molecule@Inagaki2021 p.323;method=xray@Inagaki2021 p.320;lineage=own@Inagaki2021 p.320;inputs=unstated@Inagaki2021 p.320,isotope_composition;temperature_K;density_g_cm3;units;cascade_correction;transfer_assumption;stopping_model;inferable_parameter,
